filed,ticker,val
20250602,A,255000000
20260303,A,152000000
20260601,A,255000000
20250522,AAP,3000000
20250814,AAP,5000000
20250502,AAPL,49504000000
20260130,AAPL,24701000000
20260501,AAPL,49504000000
20250512,AAWH,345000
20250807,AAWH,994000
20260513,AAWH,345000
20260812,AAWH,994000
20250509,ABBV,1324000000
20250804,ABBV,1333000000
20260508,ABBV,1489000000
20260803,ABBV,1498000000
20250430,ABG,12500000
20250730,ABG,12700000
20260501,ABG,147000000
20260731,ABG,277600000
20250930,ABLV,865500
20250606,ABM,23800000
20260310,ABM,91700000
20260605,ABM,94700000
20250501,ABNB,807000000
20250806,ABNB,1817000000
20260507,ABNB,1088000000
20260806,ABNB,2139000000
20250801,ABR,11408000
20260508,ABR,30733000
20260731,ABR,51583000
20250430,ABT,280000000
20250730,ABT,286000000
20260429,ABT,280000000
20250515,ABTC,72000
20250508,ABX,7524392
20250812,ABX,35051781
20260511,ABX,14453988
20260810,ABX,35051781
20260501,ACA,17500000
20260805,ACA,17500000
20250502,ACCO,15000000
20250801,ACCO,15100000
20260501,ACCO,15000000
20260731,ACCO,15100000
20250505,ACEL,10202000
20250805,ACEL,16915000
20260505,ACEL,12146000
20260804,ACEL,17724000
20250507,ACGL,196000000
20250805,ACGL,359000000
20260505,ACGL,783000000
20260804,ACGL,1949000000
20250509,ACGP,3946000
20250807,ACGP,6164000
20250508,ACH,1503000
20250811,ACH,6656000
20260511,ACH,1503000
20260810,ACH,6656000
20250512,ACHC,46880000
20250805,ACHC,50034000
20260430,ACHC,46880000
20250722,ACI,314800000
20251014,ACI,550100000
20260728,ACI,314800000
20250508,ACIW,62515000
20250807,ACIW,133770000
20260507,ACIW,65277000
20260806,ACIW,133770000
20250506,ACLS,18178000
20250805,ACLS,63515000
20260508,ACLS,18178000
20260806,ACLS,63515000
20250506,ACM,133619000
20260210,ACM,325866000
20260512,ACM,441868000
20260807,ACMR,6988000
20251218,ACN,2330593000
20260319,ACN,4009652000
20250509,ACNB,3106000
20250807,ACNB,5964000
20260507,ACNB,3560000
20260806,ACNB,12747000
20250512,ACNT,215000
20250806,ACNT,8044000
20260506,ACNT,3926000
20260804,ACNT,8044000
20250508,ACR,4377000
20250805,ACR,9449000
20260506,ACR,4377000
20260804,ACR,9449000
20250502,ACT,65283000
20250801,ACT,149864000
20260506,ACT,93196000
20260806,ACT,186536000
20260810,ACVA,50196000
20250502,AD,21000000
20250811,AD,21000000
20260508,AD,21360000
20260807,AD,21360000
20250801,ADAM,3493000
20260501,ADAM,5005000
20260731,ADAM,5005000
20250625,ADBE,6750000000
20260325,ADBE,3250000000
20260615,ADBE,6750000000
20250731,ADC,3654000
20260421,ADC,6058000
20260730,ADC,6068000
20250506,ADEA,11326000
20250807,ADEA,11326000
20260506,ADEA,11326000
20260805,ADEA,20011000
20250522,ADI,409014000
20260218,ADI,516499000
20260520,ADI,1289401000
20250506,ADM,1327000000
20250805,ADM,2327000000
20260506,ADMA,130191000
20260805,ADMA,155245000
20250507,ADNT,150000000
20250806,ADNT,225000000
20260204,ADNT,25000000
20260506,ADNT,25000000
20251031,ADP,372600000
20260129,ADP,881800000
20260804,ADPT,25000000
20250529,ADSK,354000000
20250902,ADSK,712000000
20260529,ADSK,448000000
20260828,ADSK,901000000
20250724,ADT,495111000
20260430,ADT,396564000
20260730,ADT,600009000
20250512,ADV,11689000
20250807,ADV,20775000
20260506,ADV,2306000
20260805,ADV,16974000
20250807,AEAE,9513007
20260813,AEAE,2603925
20250814,AEI,21102871
20250430,AEIS,500000
20250805,AEIS,23700000
20260504,AEIS,500000
20260803,AEIS,23700000
20250605,AEO,34948000
20250909,AEO,130941000
20260603,AEO,53482000
20250805,AESI,200000
20260805,AESI,200000
20250501,AEYE,1686000
20250808,AEYE,2016000
20251104,AEYE,1820000
20260512,AEYE,475000
20260813,AEYE,1765000
20260813,AFCG,2748323
20250508,AFG,58000000
20250807,AFG,97000000
20260507,AFG,60000000
20260806,AFG,97000000
20250507,AFL,900000000
20250805,AFL,1729000000
20260506,AFL,1000000000
20260807,AFL,1984000000
20260205,AFRM,250000000
20260730,AGCO,347000000
20260505,AGM,7106000
20260730,AGM,7106000
20250506,AGNT,33032000
20250731,AGNT,81266000
20260511,AGNT,4982000
20260804,AGNT,29869000
20250509,AGO,129000000
20250808,AGO,281000000
20260508,AGO,120000000
20260807,AGO,251000000
20250509,AGQ,3189493962
20250808,AGQ,7327826527
20260508,AGQ,8223183846
20260807,AGQ,13228061266
20250604,AGX,6849000
20250904,AGX,7048000
20260604,AGX,6849000
20260902,AGX,9649000
20250509,AHR,14000
20250808,AHR,14000
20260507,AHRT,20965000
20260806,AHRT,33358000
20250814,AHT,49000
20260514,AHT,2000
20260812,AHT,4000
20250502,AIG,2229000000
20250807,AIG,4007000000
20260501,AIG,2229000000
20260807,AIG,4007000000
20250430,AIN,69153000
20250730,AIN,120448000
20260430,AIN,69153000
20260804,AIN,120448000
20250626,AIOT,31000
20250811,AIOT,2836000
20251110,AIOT,2836000
20260615,AIOT,31000
20251028,AIT,53175000
20260127,AIT,143401000
20250508,AIV,6555000
20250811,AIV,30987000
20260511,AIV,256000
20250508,AIZ,64300000
20250807,AIZ,127600000
20260507,AIZ,124200000
20260806,AIZ,201800000
20260507,AJG,310000000
20260805,AJG,480000000
20250513,AKA,1063000
20250806,AKA,1189000
20260512,AKA,257000
20260805,AKA,367000
20250509,AKAM,499963000
20250808,AKAM,799963000
20260508,AKAM,499963000
20260807,AKAM,799963000
20260511,ALCO,8372000
20250508,ALG,1618000
20250806,ALG,1819000
20260504,ALG,1613000
20260803,ALG,10759000
20251031,ALGM,853805000
20250508,ALGN,201088000
20250806,ALGN,297134000
20260506,ALGN,201088000
20260805,ALGN,297134000
20250507,ALGT,11120000
20250806,ALGT,11470000
20260506,ALGT,11120000
20260810,ALGT,11470000
20260512,ALH,1912000
20260813,ALH,2342000
20250508,ALIT,20000000
20250805,ALIT,80000000
20260505,ALIT,20000000
20260804,ALIT,40000000
20250508,ALK,105000000
20250807,ALK,535000000
20260507,ALK,193000000
20260804,ALK,535000000
20250729,ALKS,84689000
20260505,ALKS,27696000
20260728,ALKS,27696000
20260730,ALKT,15000000
20250430,ALL,99000000
20250730,ALL,439000000
20260429,ALL,614000000
20260805,ALL,1665000000
20250724,ALLE,80000000
20251023,ALLE,40000000
20260428,ALLE,40600000
20260723,ALLE,160600000
20250815,ALLR,2565000
20260515,ALLR,262000
20260814,ALLR,2565000
20250505,ALLY,34000000
20250804,ALLY,35000000
20260505,ALLY,147000000
20260723,ALLY,295000000
20250813,ALMS,17000
20260813,ALMS,17000
20250509,ALRM,5059000
20250807,ALRM,75000000
20260507,ALRM,19995000
20260806,ALRM,45020000
20250506,ALRS,153000
20250805,ALRS,176000
20260501,ALRS,6536000
20260803,ALRS,13642000
20250514,ALSAF,37183138
20250814,ALSAF,37183138
20260515,ALSAF,10819317
20250502,ALSN,150000000
20250805,ALSN,255000000
20260507,ALSN,150000000
20260805,ALSN,255000000
20250807,ALTG,6500000
20260806,ALTG,6500000
20250512,ALTI,2838000
20260511,ALTI,5691000
20260810,ALTI,5691000
20250430,AM,28569000
20250730,AM,45340000
20260429,AM,28569000
20260729,AM,45340000
20250506,AMAL,3510000
20250805,AMAL,13188000
20260505,AMAL,3510000
20260804,AMAL,13188000
20250522,AMAT,2988000000
20260219,AMAT,1318000000
20260521,AMAT,2988000000
20250603,AMBA,1000000
20250903,AMBA,1000000
20260602,AMBA,2441000
20260904,AMBA,2441000
20250808,AMCX,10329000
20260730,AMCX,30000000
20250507,AMD,749000000
20250806,AMD,1227000000
20260506,AMD,749000000
20260805,AMD,1227000000
20250501,AME,18011000
20250731,AME,18122000
20260430,AME,27935000
20260804,AME,28100000
20250508,AMG,176200000
20250807,AMG,484600000
20260507,AMG,185100000
20260807,AMG,364800000
20260807,AMN,2253000
20250502,AMP,730000000
20250805,AMP,1311000000
20260507,AMP,874000000
20260804,AMP,1653000000
20250508,AMPH,11000000
20250807,AMPH,50220000
20260507,AMPH,29492000
20260806,AMPH,74705000
20250807,AMPL,2537000
20251106,AMPL,11745000
20260507,AMPL,20728000
20260806,AMPL,89461000
20260810,AMRZ,178000000
20251105,AMSC,126000
20260428,AMT,176200000
20250502,AMTB,5000000
20250801,AMTB,10000000
20260501,AMTB,18708000
20260731,AMTB,35067000
20250725,AN,350000000
20260501,AN,301000000
20260731,AN,469700000
20250505,ANAB,4424000
20250806,ANAB,55522000
20260512,ANAB,4424000
20260804,ANDE,4607000
20250507,ANET,787100000
20250806,ANET,983000000
20260506,ANET,787100000
20260805,ANET,983000000
20250606,ANF,200000000
20250905,ANF,251223000
20260605,ANF,200000000
20260904,ANF,286446000
20251002,ANGO,552000
20260106,ANGO,1670000
20260430,ANGX,897416
20260804,ANGX,1160574
20250509,ANIK,3971000
20250730,ANIK,3971000
20260430,ANIK,8690000
20260729,ANIK,9543000
20250509,ANIP,10003000
20250808,ANIP,10554000
20260508,ANIP,19755000
20260807,ANIP,20568000
20260804,AOMR,15000000
20250429,AOS,120600000
20250724,AOS,251300000
20260430,AOS,120600000
20260730,AOS,251300000
20260205,AOSL,13952000
20250904,AOUT,2524000
20251209,AOUT,3186000
20260903,AOUT,2524000
20250512,APEI,4108000
20250806,APEI,4133000
20260511,APEI,8710000
20260810,APEI,12853000
20250501,APG,75000000
20250731,APG,75000000
20260430,APG,75000000
20260730,APG,75000000
20250725,APH,344200000
20260501,APH,180900000
20260731,APH,386000000
20260108,APLD,31342000
20250501,APLE,26306000
20250806,APLE,43190000
20260504,APLE,26306000
20260805,APLE,43190000
20250507,APO,260000000
20250807,APO,335000000
20260507,APO,632000000
20260810,APO,729000000
20250702,APOG,15061000
20251009,APOG,15061000
20260630,APOG,9654000
20250507,APP,1000911000
20250806,APP,1272429000
20260506,APP,1000911000
20260805,APP,1532952000
20250731,APPF,145723000
20260423,APPF,125010000
20260723,APPF,145723000
20250508,APPN,50019000
20250807,APPN,50019000
20260507,APPN,21808000
20260806,APPN,65736000
20250508,APT,1417000
20250807,APT,2701000
20251106,APT,1030000
20260507,APT,1178000
20260807,APT,2008000
20250501,APTV,600000000
20250731,APTV,1030000000
20260505,APTV,76000000
20260804,APTV,322000000
20250430,AR,10094000
20250730,AR,84966000
20260429,AR,10094000
20260729,AR,84966000
20250502,ARCB,21990000
20250801,ARCB,41737000
20260501,ARCB,21990000
20260730,ARCB,41737000
20260810,ARDT,13031000
20250428,ARE,208187000
20250721,ARE,208187000
20260427,ARE,208187000
20260803,ARE,208187000
20250729,ARI,37919000
20260428,ARI,30284000
20260810,ARI,123528000
20250508,ARKO,31921000
20250806,ARKO,31989000
20260507,ARKO,7382000
20260807,ARKO,16591000
20250508,ARLO,15239000
20250807,ARLO,16149000
20260507,ARLO,15239000
20260806,ARLO,30276000
20250506,ARMK,109283000
20260210,ARMK,41262000
20260512,ARMK,109283000
20250506,AROC,1230000
20250805,AROC,29045000
20260506,AROC,4422000
20260805,AROC,29045000
20250509,AROW,5961000
20250808,AROW,8654000
20260508,AROW,3479000
20260806,AROW,8654000
20250723,ARR,10031000
20260422,ARR,2013000
20260722,ARR,10031000
20250714,ARTW,37654
20260413,ARTW,1542
20260715,ARTW,1693
20250501,ARW,87948000
20250731,ARW,163301000
20260507,ARW,59413000
20260806,ARW,110149000
20260513,ARX,12200000
20260813,ARX,82600000
20250603,ASAN,14526000
20250903,ASAN,43398000
20260528,ASAN,44985000
20260903,ASAN,96526000
20250501,ASH,100000000
20260429,ASH,100000000
20250814,ASIC,2741000
20260813,ASIC,2741000
20250502,ASIX,7023000
20250801,ASIX,10385000
20260508,ASIX,1486000
20260807,ASIX,1537000
20250610,ASO,122425000
20250902,ASO,220325000
20260610,ASO,99031000
20250811,ASRV,1511000
20250509,ASTH,10600000
20250807,ASTH,10600000
20260508,ASTH,2800000
20260810,ASTH,2800000
20250819,ATEK,10179663
20260813,ATEK,138565
20250506,ATEN,47030000
20250805,ATEN,50973000
20260507,ATEN,47030000
20260806,ATEN,50973000
20250812,ATEX,2027000
20251112,ATEX,2027000
20250501,ATI,150000000
20250731,ATI,320000000
20251028,ATI,150000000
20260430,ATI,75000000
20260806,ATI,320000000
20250506,ATKR,156004000
20260203,ATKR,50011000
20260506,ATKR,100026000
20250508,ATLCP,51246000
20250807,ATLCP,53161000
20260507,ATLCP,51246000
20260806,ATLCP,53161000
20250509,ATLO,550000
20250808,ATLO,829000
20260508,ATLO,550000
20260807,ATLO,829000
20250502,ATMU,10000000
20250808,ATMU,30100000
20260501,ATMU,10000000
20260807,ATMU,30100000
20250512,ATNI,121000
20250811,ATNI,10000000
20250502,ATR,80000000
20250801,ATR,150000000
20260501,ATR,99973000
20260731,ATR,150000000
20260806,AUB,10005000
20260811,AUBN,194000
20250814,AUMN,19000
20250512,AUPH,46921000
20250731,AUPH,89485000
20260507,AUPH,46921000
20260806,AUPH,89485000
20260811,AURA,39093000
20260513,AVBH,693000
20260812,AVBH,693000
20260812,AVEX,148809000
20250611,AVGO,7176000000
20250910,AVGO,7176000000
20260311,AVGO,7850000000
20260609,AVGO,8450000000
20250807,AVIR,14093000
20260812,AVIR,14093000
20260203,AVNW,499000
20250605,AVO,5500000
20260312,AVO,300000
20260608,AVO,5500000
20250508,AVPT,13743000
20250807,AVPT,19151000
20260507,AVPT,59809000
20260806,AVPT,110325000
20251031,AVT,138308000
20260130,AVT,152199000
20260515,AVX,3044000
20260813,AVX,3850000
20250429,AVY,261600000
20250729,AVY,360000000
20260505,AVY,261600000
20260804,AVY,360000000
20250429,AWI,22000000
20250729,AWI,52400000
20260428,AWI,60600000
20260728,AWI,137400000
20250502,AWRE,53000
20250801,AWRE,115000
20260501,AWRE,53000
20260731,AWRE,115000
20250718,AXP,3054000000
20260423,AXP,1911000000
20260724,AXP,4215000000
20250430,AXS,439992000
20250729,AXS,489981000
20260429,AXS,439992000
20250730,AXTA,65000000
20260108,AYI,27100000
20260402,AYI,103000000
20251219,AZO,540086000
20260320,AZO,866480000
20250509,AZTA,186834000
20250430,BAC,4521000000
20250731,BAC,9823000000
20260501,BAC,7240000000
20260731,BAC,13246000000
20250513,BAFN,335000
20250811,BAFN,335000
20260512,BAFN,335000
20260812,BAFN,335000
20260814,BAFN,335000
20250725,BAH,181000000
20251024,BAH,395000000
20260724,BAH,181000000
20250506,BALL,555000000
20250805,BALL,1022000000
20260505,BALL,555000000
20260804,BALL,1022000000
20250811,BALY,416180000
20250509,BANC,38931000
20250808,BANC,151845000
20260508,BANC,38931000
20260807,BANC,151845000
20260430,BAND,5009000
20260505,BANR,16148000
20260804,BANR,16148000
20250807,BARK,4286000
20251110,BARK,5184000
20260806,BARK,1770000
20260812,BAVA,2104984
20250625,BB,10000000
20250925,BB,30000000
20251219,BB,4000000
20260625,BB,10000000
20250605,BBCP,8508000
20260310,BBCP,4571000
20260604,BBCP,8508000
20250508,BBDC,1451000
20250807,BBDC,3015000
20260507,BBDC,1451000
20260805,BBDC,2339000
20250508,BBGI,12636
20250813,BBGI,37485
20260515,BBGI,9105
20260814,BBGI,90250
20250429,BBIO,48276000
20250805,BBIO,48276000
20260507,BBIO,82500000
20260810,BBIO,210003000
20250508,BBSI,9160000
20250807,BBSI,17290000
20260507,BBSI,20285000
20260806,BBSI,35484000
20250512,BBT,4045000
20250811,BBT,17539000
20250612,BBW,9198000
20250911,BBW,18347000
20260611,BBW,11509000
20250529,BBWI,136000000
20250828,BBWI,254000000
20260527,BBWI,136000000
20260826,BBWI,254000000
20250606,BBY,100000000
20250905,BBY,165000000
20260605,BBY,100000000
20260904,BBY,165000000
20250430,BC,63600000
20250730,BC,170000000
20260507,BC,25600000
20260805,BC,43100000
20250509,BCAL,1055000
20250808,BCAL,1210000
20260508,BCAL,7412000
20260807,BCAL,9408000
20250507,BCBP,2559000
20250806,BCBP,3816000
20250505,BCC,53884000
20250804,BCC,88858000
20260504,BCC,65513000
20260803,BCC,109984000
20250508,BCIC,953000
20250807,BCIC,2506000
20260507,BCIC,2064000
20260806,BCIC,2064000
20250509,BCML,3998000
20250811,BCML,8129000
20260511,BCML,1306000
20260810,BCML,5187000
20250512,BCO,44800000
20250806,BCO,130000000
20260506,BCO,44800000
20260805,BCO,130000000
20250731,BCPC,38589000
20260430,BCPC,15690000
20260731,BCPC,44484000
20260501,BDN,2163000
20251114,BDRY,10519068
20260211,BDRY,15292145
20250501,BDX,750000000
20260209,BDX,750000000
20260507,BDX,2250000000
20250513,BEEP,265000
20250812,BEEP,287000
20260512,BEEP,1437000
20260811,BEEP,1437000
20250501,BELFA,6283000
20250731,BELFA,14175000
20250502,BEN,70500000
20260130,BEN,41900000
20260428,BEN,99000000
20251204,BF-B,99000000
20250507,BFAM,19573000
20250807,BFAM,60330000
20260507,BFAM,224796000
20260806,BFAM,471531000
20250509,BFC,22283000
20250811,BFC,30226000
20260511,BFC,6381000
20260807,BFC,23440000
20250429,BFH,103000000
20250729,BFH,150000000
20260428,BFH,153000000
20260728,BFH,396000000
20260501,BFST,2750000
20260731,BFST,7563000
20250512,BGC,68624000
20250811,BGC,171635000
20260511,BGC,23125000
20260810,BGC,171635000
20250501,BHE,7996000
20250731,BHE,15995000
20260430,BHE,7996000
20260729,BHE,15995000
20250509,BHF,62000000
20250808,BHF,126000000
20260507,BHF,59000000
20260806,BHF,102000000
20250811,BHR,369000
20260806,BHR,51000
20251107,BILL,200002000
20260206,BILL,400001000
20250501,BIO,101900000
20250731,BIO,242100000
20260430,BIO,101900000
20260804,BIO,242100000
20250512,BITB,846877000
20250807,BITB,1311197000
20260506,BITB,846877000
20260807,BITB,1311197000
20260507,BITW,128553000
20260807,BITW,178254000
20250529,BJ,57256000
20250828,BJ,99965000
20260528,BJ,225717000
20260825,BJ,348761000
20260812,BJDX,942262
20250505,BJRI,14099000
20250808,BJRI,29230000
20260506,BJRI,14099000
20260731,BJRI,29230000
20250512,BKKT,2259000
20250811,BKKT,2318000
20260511,BKKT,906000
20260810,BKKT,1712000
20250429,BKNG,2170000000
20250729,BKNG,3668000000
20260428,BKNG,3770000000
20260804,BKNG,7758000000
20250723,BKR,384000000
20260424,BKR,188000000
20260727,BKR,384000000
20260514,BKTI,223000
20260813,BKTI,133000
20260507,BKU,59953000
20260806,BKU,110586000
20250507,BL,45451000
20250806,BL,88783000
20260507,BL,45990000
20260805,BL,88783000
20250507,BLBD,4412000
20260204,BLBD,2376000
20260506,BLBD,4412000
20250501,BLDR,16801000
20250731,BLDR,1000118000
20260430,BLDR,300067000
20260730,BLDR,413957000
20250507,BLK,657000000
20250806,BLK,1153000000
20250430,BLKB,262596000
20250730,BLKB,262596000
20260429,BLKB,100030000
20260729,BLKB,111637000
20250508,BLMN,232903000
20250807,BLMN,247500000
20250508,BLND,2568000
20250807,BLND,4118000
20260507,BLND,16836000
20260806,BLND,37241000
20260504,BLZE,809000
20260803,BLZE,1375000
20250512,BMBL,62108000
20250807,BMBL,62108000
20260506,BMBL,28682000
20260806,BMBL,28682000
20260420,BMI,38213000
20260723,BMI,63467000
20251215,BNC,4000000
20260623,BNC,4000000
20251223,BNED,172000
20260120,BNED,4000
20250502,BNY,988000000
20250801,BNY,1641000000
20260501,BNY,983000000
20260731,BNY,2086000000
20260507,BOBS,83000
20260806,BOBS,709000
20250429,BOH,3320000
20250728,BOH,4995000
20260427,BOH,15109000
20260728,BOH,32086000
20250430,BOKF,52153000
20250730,BOKF,89779000
20260506,BOKF,994000
20260804,BOKF,63795000
20250501,BOOM,936000
20250805,BOOM,952000
20260430,BOOM,484000
20260729,BOOM,563000
20250731,BOOT,12502000
20251103,BOOT,25004000
20260729,BOOT,25003000
20250813,BORR,200000
20260812,BORR,200000
20250529,BOX,49659000
20250827,BOX,138686000
20260527,BOX,116407000
20260826,BOX,185662000
20250509,BPRN,579000
20250808,BPRN,5643000
20260508,BPRN,163000
20260807,BPRN,5643000
20251104,BR,150500000
20260203,BR,152500000
20250506,BRBR,184900000
20260203,BRBR,96900000
20260505,BRBR,184900000
20251117,BRC,4054000
20260219,BRC,8964000
20250505,BRK-B,2562000000
20250804,BRK-B,2918000000
20260504,BRK-B,235000000
20260810,BRK-B,4444000000
20250507,BRKR,10000000
20250806,BRKR,10000000
20260507,BRKR,10000000
20250513,BRLT,163000
20250807,BRLT,360000
20260507,BRLT,163000
20260806,BRLT,360000
20260427,BRO,250000000
20260727,BRO,500000000
20250730,BRSP,4008000
20260729,BRSP,19495000
20250508,BRT,2267000
20250807,BRT,3197000
20260507,BRT,2512000
20260810,BRT,5408000
20260528,BRZE,50000000
20250513,BSBK,398215
20250813,BSBK,1004428
20260513,BSBK,398215
20260813,BSBK,1335294
20250710,BSET,1158000
20260401,BSET,721000
20260701,BSET,1158000
20250512,BSIN,396000
20250812,BSIN,564000
20260507,BSIN,234000
20260811,BSIN,316000
20260320,BSOL,4594000
20260506,BSOL,39339000
20260807,BSOL,61463000
20250502,BSRR,14293000
20250801,BSRR,18276000
20260501,BSRR,14293000
20260731,BSRR,18276000
20250509,BSTT,2684064000
20250813,BSTT,5903091000
20260508,BSTT,1799379000
20260807,BSTT,3527096000
20260803,BSX,2000000000
20250507,BSY,30014000
20250806,BSY,50023000
20260507,BSY,40021000
20260806,BSY,125075000
20250508,BTCO,246414057
20250807,BTCO,313775791
20260507,BTCO,246414057
20260807,BTCO,313775791
20250509,BTMD,4088000
20250808,BTMD,5599000
20260511,BTMD,1071000
20260807,BTMD,5863000
20250502,BTSG,325000
20250801,BTSG,650000
20260501,BTSG,60000000
20260731,BTSG,120000000
20250508,BTU,83100000
20250807,BTU,83100000
20250912,BUKS,3653000
20251211,BUKS,4807000
20250507,BUR,15310000
20250807,BUR,15310000
20260508,BUR,15310000
20260806,BUR,15310000
20250530,BURL,127563000
20250828,BURL,154883000
20260528,BURL,134259000
20260827,BURL,222295000
20250509,BUSE,4836000
20250805,BUSE,26491000
20260507,BUSE,66149000
20260806,BUSE,129905000
20250507,BV,6800000
20260203,BV,18800000
20260505,BV,33200000
20250513,BVFL,981000
20250813,BVFL,5265000
20260511,BVFL,1962000
20260812,BVFL,6598000
20250811,BW,16000
20260810,BW,4960000
20250507,BWA,100000000
20250731,BWA,108000000
20260506,BWA,150000000
20260805,BWA,250000000
20250501,BWB,2276000
20250731,BWB,5177000
20260430,BWB,621000
20260730,BWB,2191000
20250507,BWFG,920000
20250806,BWFG,1906000
20260506,BWFG,912000
20260805,BWFG,1334000
20260504,BWIN,46966000
20260730,BWIN,126833000
20250507,BWMN,4103000
20250807,BWMN,9458000
20260506,BWMN,9227000
20260810,BWMN,12229000
20250505,BWXT,30000000
20250804,BWXT,30000000
20260504,BWXT,30000000
20260805,BWXT,30000000
20250429,BXC,15005000
20250729,BXC,35386000
20260505,BXC,15005000
20260804,BXC,35386000
20250430,BXMT,31647000
20250730,BXMT,31686000
20260429,BXMT,31647000
20260730,BXMT,31686000
20250502,BY,687000
20250807,BY,13783000
20260501,BY,9812000
20260806,BY,18864000
20250502,BYD,327997000
20250730,BYD,432997000
20260430,BYD,327997000
20260730,BYD,432997000
20250710,BYRN,253000
20260409,BYRN,953000
20260709,BYRN,953000
20260813,BZAI,47000
20250807,BZFD,3332000
20260806,BZFD,3332000
20250501,BZH,20562000
20260129,BZH,15127000
20260430,BZH,45563000
20250508,C,1751000000
20250806,C,3750000000
20260512,CABR,3075000
20260813,CABR,3075000
20250807,CAC,1646000
20260507,CAC,1486000
20260806,CAC,3963000
20250430,CACC,191100000
20250731,CACC,426600000
20260505,CACC,178900000
20260804,CACC,426600000
20251023,CACI,4085000
20260122,CACI,10352000
20251001,CAG,64000000
20251219,CAG,64000000
20251030,CAH,375000000
20260205,CAH,758000000
20250812,CAI,22000
20260508,CAI,22000
20260805,CAI,21361000
20250505,CAKE,141359000
20250804,CAKE,141490000
20260504,CAKE,141359000
20260803,CAKE,141490000
20250610,CAL,15070000
20250909,CAL,15070000
20260609,CAL,5044000
20250722,CALX,73531000
20260422,CALX,170869000
20260721,CALX,240227000
20250512,CALY,6200000
20250806,CALY,31300000
20260508,CALY,42000000
20260804,CALY,84500000
20251117,CANG,12150808
20260515,CAPN,27536647
20260807,CAPN,27536646
20250508,CAR,15000000
20250730,CAR,16000000
20260429,CAR,7000000
20250804,CARE,9138000
20260806,CARE,9138000
20250508,CARG,182828000
20250807,CARG,184608000
20260507,CARG,182828000
20260806,CARG,202135000
20250501,CARR,1288000000
20250729,CARR,1628000000
20260430,CARR,1288000000
20250508,CARS,21538000
20250807,CARS,44644000
20260507,CARS,21538000
20260806,CARS,57466000
20250508,CART,715000000
20250808,CART,1040000000
20260507,CART,359000000
20260807,CART,683000000
20250507,CASS,5076000
20250805,CASS,10996000
20260505,CASS,5076000
20260805,CASS,10996000
20250908,CASY,31251000
20251209,CASY,62502000
20250507,CAT,4455000000
20250806,CAT,6275000000
20260506,CAT,5028000000
20260805,CAT,6522000000
20250529,CATO,2237000
20250828,CATO,2237000
20260528,CATO,935000
20260827,CATO,995000
20250428,CB,691000000
20250728,CB,1437000000
20260428,CB,1174000000
20250509,CBAN,630000
20250808,CBAN,1589000
20260508,CBAN,1766000
20260805,CBAN,1766000
20260515,CBC,31143000
20260814,CBC,38736000
20250509,CBFV,2378000
20250808,CBFV,6819000
20260512,CBFV,2378000
20260807,CBFV,6819000
20260513,CBK,980800
20260812,CBK,980800
20250505,CBL,5037000
20250806,CBL,16001000
20260508,CBL,1336000
20260807,CBL,1336000
20250509,CBNK,1399000
20250808,CBNK,3487000
20260508,CBNK,3557000
20260807,CBNK,3593000
20250502,CBOE,76600000
20250801,CBOE,177900000
20260501,CBOE,40900000
20260731,CBOE,75300000
20250729,CBRE,680000000
20260423,CBRE,530000000
20260729,CBRE,940000000
20250716,CBRRF,34530235
20250814,CBRRF,34530235
20250506,CBSH,55184000
20250806,CBSH,79889000
20260507,CBSH,84260000
20260805,CBSH,196347000
20250507,CBT,89000000
20260204,CBT,52000000
20260506,CBT,101000000
20250509,CBU,34517000
20250808,CBU,45936000
20260508,CBU,15511000
20260807,CBU,16075000
20250731,CBZ,71321000
20260804,CBZ,71321000
20260513,CCAP,1000000
20260810,CCAP,1667000
20250430,CCBG,2330000
20250731,CCBG,2330000
20260428,CCBG,2639000
20250506,CCC,72275000
20250731,CCC,172495000
20260730,CCC,172495000
20250507,CCCC,155000
20250807,CCCC,155000
20260512,CCCC,200000
20260811,CCCC,200000
20250715,CCEL,1407471
20260715,CCEL,88619
20250509,CCI,27000000
20250806,CCI,30000000
20260507,CCI,25000000
20260805,CCI,1017000000
20250502,CCK,203000000
20250729,CCK,209000000
20260501,CCK,212000000
20260730,CCK,517000000
20260626,CCL,381000000
20250807,CCOI,11517000
20251106,CCOI,5200000
20260504,CCOI,105800000
20260806,CCOI,11517000
20250724,CCS,103616000
20260423,CCS,55578000
20260723,CCS,103616000
20250508,CCSI,700000
20250807,CCSI,12600000
20251105,CCSI,2600000
20260508,CCSI,17200000
20260807,CCSI,26800000
20250806,CDLX,190000
20250430,CDNA,522000
20250806,CDNA,50000000
20260730,CDNA,50000000
20250430,CDNS,350007000
20250730,CDNS,525016000
20260501,CDNS,350007000
20250507,CDW,200100000
20250806,CDW,350100000
20260506,CDW,201000000
20260805,CDW,544700000
20250429,CECO,3000000
20250729,CECO,5000000
20250506,CEG,499000000
20250807,CEG,999000000
20260806,CEG,1971000000
20250506,CELH,1932000
20250808,CELH,2811000
20260507,CELH,8805000
20260806,CELH,9761000
20250509,CELZ,82796
20250808,CELZ,149514
20260508,CELZ,10000
20260807,CELZ,10000
20250508,CENT,98233000
20260205,CENT,54022000
20260507,CENT,98233000
20251113,CEPL,208000
20260812,CEPL,173000
20250806,CERT,25000000
20260511,CERT,40000000
20260804,CERT,57389000
20250508,CEVA,1278000
20250811,CEVA,6162000
20260810,CEVA,6162000
20250508,CF,444000000
20250807,CF,660000000
20260507,CF,444000000
20260806,CF,660000000
20250506,CFFI,1031000
20250811,CFFI,4543000
20260511,CFFI,614000
20260810,CFFI,981000
20250509,CFFN,19449000
20260206,CFFN,15959000
20260508,CFFN,31724000
20250501,CFG,300000000
20250804,CFG,500000000
20260504,CFG,300000000
20260803,CFG,525000000
20250501,CFR,2600000
20250731,CFR,32226000
20260430,CFR,72298000
20260730,CFR,163193000
20250515,CFTR-PA,16143789
20250814,CFTR-PA,31754409
20260514,CFTR-PA,11171248
20260813,CFTR-PA,22566034
20250509,CG,176500000
20250808,CG,328300000
20260508,CG,204800000
20260810,CG,508900000
20260511,CGBD,18501000
20260806,CGBD,31027000
20250501,CGNX,102233000
20250731,CGNX,102233000
20260507,CGNX,102233000
20260806,CGNX,105231000
20250507,CHCO,9464000
20250806,CHCO,28893000
20260506,CHCO,30862000
20260805,CHCO,38137000
20250801,CHD,300000000
20260731,CHD,300000000
20250723,CHDN,340900000
20260422,CHDN,87000000
20260729,CHDN,341000000
20250428,CHE,38460000
20250731,CHE,94228000
20260428,CHE,190039000
20260731,CHE,287521000
20250430,CHEF,5004000
20250730,CHEF,10004000
20260429,CHEF,10003000
20260806,CHGG,1721000
20250508,CHH,64624000
20250806,CHH,292711000
20260430,CHH,64624000
20260805,CHH,112756000
20250507,CHMG,85000
20250807,CHMG,90000
20260507,CHMG,173000
20260806,CHMG,184000
20250508,CHRD,215153000
20250807,CHRD,274014000
20260507,CHRD,215153000
20260806,CHRD,274014000
20250502,CHRW,47700000
20250801,CHRW,128767000
20260501,CHRW,212659000
20260731,CHRW,432183000
20250725,CHTR,2253000000
20251031,CHTR,2113000000
20260424,CHTR,1026000000
20260724,CHTR,2253000000
20250611,CHWY,23100000
20250910,CHWY,532000000
20260610,CHWY,200000000
20250811,CHYM,593000
20260507,CHYM,85740000
20260806,CHYM,222074000
20250502,CI,4022000000
20250731,CI,5012000000
20260430,CI,1508000000
20260730,CI,2620000000
20250605,CIEN,168197000
20260305,CIEN,81176000
20260604,CIEN,168197000
20250506,CIFR,3177000
20250807,CIFR,7237000
20260505,CIFR,3781000
20260804,CIFR,49000000
20250428,CINF,75000000
20250728,CINF,121000000
20260427,CINF,179000000
20260727,CINF,395000000
20250508,CION,4670000
20250807,CION,8728000
20251106,CION,3256000
20260507,CION,9719000
20260806,CION,17721000
20250507,CIVB,167000
20250806,CIVB,167000
20260508,CIVB,318000
20260806,CIVB,318000
20250808,CKX,208854
20260807,CKX,147614
20250801,CL,989000000
20260501,CL,306000000
20260731,CL,597000000
20250508,CLAR,185000
20250731,CLAR,185000
20260507,CLAR,42000
20260806,CLAR,479000
20250428,CLB,2022000
20250725,CLB,4761000
20260501,CLB,3997000
20260730,CLB,6688000
20250506,CLDT,5000
20250806,CLDT,144000
20260507,CLDT,6648000
20260804,CLDT,9476000
20250508,CLF,608000000
20250723,CLF,733000000
20250509,CLFD,27814000
20260209,CLFD,6275000
20260507,CLFD,12597000
20250430,CLH,55000000
20250730,CLH,67001000
20260506,CLH,55000000
20250501,CLMB,883000
20250731,CLMB,1423000
20260430,CLMB,1493000
20260730,CLMB,1639000
20250508,CLNE,391000
20250807,CLNE,7938000
20260507,CLNE,391000
20260806,CLNE,7938000
20260508,CLNK,200
20260812,CLNK,200
20250509,CLOV,18297000
20250808,CLOV,18297000
20260508,CLOV,18297000
20260807,CLOV,18297000
20250925,CLRCF,24663840
20250728,CLS,117700000
20251027,CLS,100000000
20260427,CLS,77700000
20260727,CLS,117700000
20250508,CLSK,145000000
20260205,CLSK,460000000
20260511,CLSK,460000000
20250514,CLST,2460000
20250813,CLST,3408000
20260515,CLST,866000
20260814,CLST,1608000
20250429,CLW,10900000
20250729,CLW,15100000
20260428,CLW,10900000
20251103,CLX,129000000
20260203,CLX,257000000
20260108,CMC,50417000
20260331,CMC,98433000
20251030,CMCO,4945000
20250731,CMCSA,4930000000
20260423,CMCSA,2240000000
20260723,CMCSA,4066000000
20250724,CMG,997055000
20260430,CMG,701027000
20260731,CMG,1354905000
20260505,CMI,243000000
20260804,CMI,468000000
20251030,CMPR,10620000
20260129,CMPR,52987000
20250514,CMRF,11236000
20250813,CMRF,22601000
20260513,CMRF,11236000
20250508,CMT,916000
20250805,CMT,1417000
20260507,CMT,916000
20260804,CMT,612000
20250515,CMTV,35380
20250505,CNA,34000000
20250804,CNA,34000000
20260504,CNA,36000000
20260803,CNA,36000000
20250725,CNC,954000000
20260428,CNC,41000000
20260728,CNC,473000000
20250610,CNM,39000000
20250909,CNM,47000000
20260610,CNM,88000000
20260729,CNMD,43221000
20250811,CNNE,231400000
20260511,CNNE,14700000
20260810,CNNE,112900000
20250507,CNO,110300000
20250806,CNO,210600000
20260507,CNO,110300000
20260806,CNO,210600000
20250502,CNOB,5820000
20250811,CNOB,5820000
20260505,CNOB,2391000
20260804,CNOB,2391000
20250508,CNR,101259000
20250805,CNR,183152000
20260507,CNR,101259000
20260806,CNR,183152000
20250502,CNS,25977000
20250801,CNS,26598000
20260501,CNS,25977000
20260731,CNS,26598000
20250807,CNTY,949000
20251114,CNTY,949000
20260508,CNTY,411000
20260807,CNTY,949000
20250814,CNVS,188000
20251114,CNVS,215000
20250724,CNX,240852000
20260430,CNX,125138000
20260730,CNX,254438000
20250703,CNXC,71174000
20260403,CNXC,43194000
20260702,CNXC,71174000
20250430,CNXN,43739000
20250730,CNXN,60464000
20260429,CNXN,43739000
20260729,CNXN,60464000
20250430,COCO,9235000
20250730,COCO,10053000
20251029,COCO,151000
20260429,COCO,11505000
20260723,COCO,20008000
20250507,COF,375000000
20250731,COF,542000000
20260507,COF,2793000000
20250512,COFS,2059000
20260511,COFS,2059000
20260810,COFS,2516000
20250502,COHU,10698000
20250801,COHU,18886000
20260501,COHU,8449000
20260731,COHU,8587000
20260507,COIN,1062234000
20260730,COIN,1243488000
20250724,COKE,34410000
20260805,COKE,34410000
20250506,COLB,6741000
20250806,COLB,8601000
20260505,COLB,215000000
20260804,COLB,418000000
20250807,COLL,35000000
20260806,COLL,25104000
20250508,COLM,101430000
20250807,COLM,131687000
20260507,COLM,150000000
20260806,COLM,150000000
20250530,COO,40600000
20260306,COO,92500000
20260605,COO,108000000
20250508,COP,1500000000
20250807,COP,2722000000
20260430,COP,1500000000
20260806,COP,3006000000
20250507,COR,435400000
20250505,CORT,27433000
20250731,CORT,130451000
20260430,CORT,27433000
20260729,CORT,130451000
20260818,COSM,512997
20260807,COSO,1235000
20251217,COST,210000000
20260311,COST,419000000
20250501,COUR,5600000
20250731,COUR,36700000
20260805,COUR,87300000
20250512,CPAY,288833000
20250807,CPAY,947074000
20260508,CPAY,785971000
20260810,CPAY,1112526000
20251209,CPB,54000000
20260311,CPB,56000000
20250812,CPBI,260000
20251113,CPBI,350000
20260812,CPBI,296000
20250509,CPIX,247605
20250808,CPIX,381851
20260508,CPIX,245868
20260807,CPIX,253039
20250805,CPNG,178000000
20260505,CPNG,391000000
20260804,CPNG,850000000
20250807,CPRI,3000000
20251104,CPRI,4000000
20260805,CPRI,54000000
20260303,CPRT,218184000
20250512,CPSS,1697000
20250811,CPSS,11172000
20260508,CPSS,1235000
20260807,CPSS,5138000
20250502,CPT,45682000
20250801,CPT,49997000
20260501,CPT,262829000
20260731,CPT,433048000
20250501,CRAI,9242000
20250731,CRAI,43150000
20260507,CRAI,21463000
20260806,CRAI,49303000
20250506,CRBG,321000000
20250805,CRBG,679000000
20260506,CRBG,1250000000
20260805,CRBG,1550000000
20250507,CRC,101000000
20250806,CRC,318000000
20251105,CRC,42000000
20260506,CRC,101000000
20260810,CRC,318000000
20250507,CRCT,12000000
20250806,CRCT,20103000
20260506,CRCT,12261000
20260805,CRCT,19781000
20250505,CRD-A,733000
20250804,CRD-A,2073000
20260504,CRD-A,5519000
20260803,CRD-A,9038000
20250505,CRGY,5312000
20250804,CRGY,33828000
20260504,CRGY,5312000
20260803,CRGY,33828000
20250505,CRH,559000000
20250806,CRH,907000000
20260430,CRH,332000000
20260730,CRH,644000000
20250725,CRI,33778000
20250507,CRL,353132000
20250806,CRL,360484000
20260507,CRL,353132000
20260805,CRL,360484000
20250529,CRM,2633000000
20250904,CRM,6468000000
20251204,CRM,3801000000
20260528,CRM,27248000000
20260827,CRM,27332000000
20260514,CRMD,11092000
20260813,CRMD,17484000
20250909,CRMT,71000
20251209,CRMT,412000
20250507,CRNC,9744000
20260205,CRNC,7541000
20260507,CRNC,7554000
20250807,CRON,3612000
20260511,CRON,16730000
20260806,CRON,32858000
20250508,CROX,60866000
20250807,CROX,194137000
20260430,CROX,60866000
20260730,CROX,256157000
20251023,CRS,49100000
20260129,CRS,81200000
20260507,CRSR,5011000
20260806,CRSR,5011000
20250502,CRTO,62143000
20250731,CRTO,104496000
20260506,CRTO,56168000
20260805,CRTO,104496000
20250805,CRUS,99999000
20251104,CRUS,139985000
20260805,CRUS,99999000
20250807,CRVL,9617000
20251106,CRVL,22455000
20260806,CRVL,21968000
20260604,CRWD,175622000
20260827,CRWD,175622000
20250513,CSBB,328000
20250811,CSBB,436000
20260514,CSBB,328000
20260813,CSBB,436000
20251118,CSCO,2003000000
20260217,CSCO,3355000000
20250501,CSGP,18500000
20250723,CSGP,63800000
20260429,CSGP,505000000
20260729,CSGP,587000000
20250731,CSL,700000000
20260424,CSL,400000000
20260730,CSL,700000000
20250515,CSPI,384000
20260507,CSPI,384000
20250501,CSR,4703000
20250804,CSR,4703000
20260803,CSR,2516000
20250515,CSTAF,27428399
20250812,CSTAF,27428399
20260515,CSTAF,27428399
20260817,CSTAF,27428399
20250430,CSTM,15000000
20250731,CSTM,50000000
20260429,CSTM,28000000
20250731,CSW,9091000
20251030,CSW,26073000
20260730,CSW,36341000
20250723,CSX,1172000000
20260422,CSX,751000000
20260722,CSX,1172000000
20251008,CTAS,614802000
20260107,CTAS,901667000
20250509,CTEV,10370000
20250807,CTEV,10370000
20260807,CTEV,3503000
20250508,CTKB,34600000
20250806,CTKB,34600000
20251105,CTKB,34600000
20260226,CTKB,34600000
20260507,CTKB,10627000
20260805,CTKB,15137000
20250501,CTO,664000
20250729,CTO,664000
20250430,CTOS,32575000
20250730,CTOS,32575000
20260427,CTOS,32575000
20260803,CTOS,32575000
20250611,CTRN,6315000
20250910,CTRN,6315000
20260610,CTRN,6315000
20250430,CTS,11958000
20250724,CTS,22995000
20260429,CTS,8558000
20250501,CTSH,209000000
20250731,CTSH,577000000
20260429,CTSH,444000000
20250508,CTVA,270000000
20250807,CTVA,520000000
20260506,CTVA,270000000
20260731,CTVA,520000000
20260501,CUBE,33382000
20250509,CUBI,5641000
20250807,CUBI,5641000
20260508,CUBI,42742000
20260807,CUBI,49396000
20250702,CUEN,4000
20250806,CURI,26000
20260514,CURI,311000
20260813,CURI,871000
20260806,CURLF,1000000
20250911,CURV,20000000
20260611,CURV,186000
20250509,CVBF,18687000
20250808,CVBF,41231000
20260508,CVBF,18687000
20260807,CVBF,41231000
20250804,CVCO,50000000
20251031,CVCO,86086000
20260731,CVCO,50000000
20250430,CVEO,3334000
20250729,CVEO,22474000
20260501,CVEO,14353000
20260730,CVEO,22474000
20250807,CVLG,35561000
20260807,CVLG,35561000
20250730,CVLT,51392000
20251029,CVLT,146073000
20260729,CVLT,15050000
20250501,CVS,3027000000
20250731,CVS,3024000000
20251030,CVSA,33190000
20260128,CVSA,172362000
20250508,CVX,3917000000
20250807,CVX,6515000000
20260507,CVX,3917000000
20260806,CVX,6515000000
20250508,CW,14250000
20250807,CW,35075000
20260507,CW,14492000
20260806,CW,35075000
20250509,CWBC,80000
20250808,CWBC,151000
20260508,CWBC,80000
20260810,CWBC,227000
20250508,CWGL,1041000
20250807,CWGL,1461000
20260507,CWGL,346000
20260806,CWGL,370000
20250501,CWT,1142000
20250731,CWT,1235000
20260430,CWT,1109000
20260730,CWT,1214000
20250605,CXM,99984000
20250904,CXM,273873000
20260604,CXM,125000000
20260903,CXM,140845000
20250508,CXW,50567000
20250807,CXW,93869000
20260507,CXW,55069000
20260806,CXW,93869000
20260514,CYCU,1001216
20260702,CYCU,1001216
20260814,CYCU,1001216
20250812,CYRX,4259000
20260806,CYRX,4259000
20250508,CZFS,57000
20250807,CZFS,296000
20260507,CZFS,158000
20260806,CZFS,305000
20250729,CZR,100000000
20260728,CZR,100000000
20250508,CZWI,598000
20250807,CZWI,1834000
20260806,CZWI,18000
20250805,DAC,53212000
20250820,DAIC,5000000
20250910,DAKT,10652000
20251210,DAKT,12215000
20260902,DAKT,10652000
20250811,DAN,257000000
20260515,DAN,125000000
20260806,DAN,257000000
20250507,DAR,34668000
20250806,DAR,34668000
20260508,DAR,34668000
20260807,DAR,73400000
20250806,DASH,7000000
20260506,DASH,162000000
20260805,DASH,1049000000
20250508,DAVE,6891000
20250806,DAVE,6891000
20260505,DAVE,186724000
20260805,DAVE,205856000
20250508,DBA,58480665
20250807,DBA,184813820
20260507,DBA,54188539
20260807,DBA,510427568
20250508,DBB,6646458
20250807,DBB,47158320
20260507,DBB,49484096
20260807,DBB,104380112
20250508,DBC,113716598
20250807,DBC,238885750
20260507,DBC,96586129
20260807,DBC,361701527
20250507,DBD,9600000
20250806,DBD,39700000
20260430,DBD,60400000
20260729,DBD,121000000
20250508,DBE,4846884
20250807,DBE,21702211
20260507,DBE,3799528
20260807,DBE,21349319
20250909,DBI,17969000
20250508,DBO,39584347
20250807,DBO,69785454
20260507,DBO,80026131
20260807,DBO,215574990
20250508,DBP,9740653
20250807,DBP,39210965
20260507,DBP,17108142
20260807,DBP,39210965
20250509,DBX,499100000
20250808,DBX,909100000
20260508,DBX,499100000
20260807,DBX,909100000
20250508,DCGO,5751954
20250807,DCGO,10828906
20260511,DCGO,5751954
20260817,DCGO,10828906
20250502,DCH,2700000
20250808,DCH,2800000
20260508,DCH,6200000
20260807,DCH,8200000
20251204,DCI,91500000
20260226,DCI,111200000
20260507,DCTH,3000000
20260806,DCTH,3011000
20250811,DDD,14960000
20260803,DDD,14960000
20250606,DDS,98001000
20250905,DDS,107756000
20260605,DDS,98001000
20260904,DDS,107756000
20250529,DE,2422000000
20260226,DE,441000000
20260528,DE,838000000
20250731,DECK,182991000
20251031,DECK,464987000
20260730,DECK,338186000
20250610,DELL,1980000000
20250908,DELL,2920000000
20260609,DELL,1980000000
20260519,DFDV,10502000
20260813,DFDV,10502000
20250506,DFH,6963000
20250731,DFH,23020000
20260501,DFH,18482000
20260730,DFH,33311000
20250430,DFIN,53000000
20250731,DFIN,88700000
20260505,DFIN,53000000
20260730,DFIN,88700000
20250507,DGII,6584000
20260204,DGII,6588000
20260506,DGII,6840000
20260723,DGX,102000000
20250508,DH,21155000
20250807,DH,40231000
20260507,DH,21155000
20260810,DH,40231000
20250505,DHC,78000
20250804,DHC,121000
20260504,DHC,88000
20260803,DHC,138000
20250723,DHI,2600000000
20251119,DHI,2600000000
20260122,DHI,669700000
20260423,DHI,1600000000
20250722,DHR,4530000000
20260421,DHR,1078000000
20260721,DHR,1078000000
20250512,DHX,666000
20250806,DHX,2435000
20260505,DHX,3812000
20260805,DHX,5738000
20250512,DIBS,2669000
20250807,DIBS,21877000
20260508,DIBS,9146000
20260805,DIBS,20730000
20250507,DIN,6000000
20250806,DIN,12000000
20260506,DIN,22000000
20260805,DIN,29300000
20250501,DINO,170000000
20250731,DINO,541000000
20260501,DINO,76000000
20260730,DINO,255000000
20250807,DIOD,10004000
20260805,DIOD,10197000
20250507,DIS,1785000000
20260202,DIS,2034000000
20260506,DIS,5500000000
20250509,DJT,8250200
20250801,DJT,8250200
20260508,DJT,8250200
20260810,DJT,8250200
20250507,DKL,10000000
20250806,DKL,10000000
20260429,DKL,10000000
20260805,DKL,10000000
20250509,DKNG,142278000
20250807,DKNG,242741000
20260508,DKNG,142278000
20260807,DKNG,242741000
20250609,DKS,303671000
20250828,DKS,303671000
20260604,DKS,303671000
20260903,DKS,303671000
20250501,DLB,104999000
20250731,DLB,39991000
20251118,DLB,39991000
20260129,DLB,70005000
20260430,DLB,135004000
20260730,DLB,70005000
20250918,DLNG,785000
20250604,DLTR,427700000
20250903,DLTR,924200000
20260528,DLTR,585800000
20260827,DLTR,1208900000
20250430,DMC,7600000
20250730,DMC,7600000
20260506,DMC,7600000
20260731,DMC,20100000
20260814,DMRC,2048000
20250507,DNOW,8000000
20250806,DNOW,27000000
20260507,DNOW,50000000
20260806,DNOW,75000000
20250508,DNUT,804000
20250808,DNUT,4275000
20260508,DNUT,402000
20260806,DNUT,787000
20250725,DOC,170229000
20260506,DOC,24959000
20260805,DOC,101561000
20250506,DOCN,59052000
20250805,DOCN,79199000
20260505,DOCN,59052000
20260804,DOCN,79199000
20250807,DOCS,122355000
20251106,DOCS,144248000
20260806,DOCS,122355000
20250606,DOCU,183431000
20250905,DOCU,384945000
20260605,DOCU,317510000
20260904,DOCU,624026000
20260511,DOLE,4644000
20260810,DOLE,14644000
20250724,DOV,500000000
20260423,DOV,53937000
20260723,DOV,53937000
20250725,DOW,400000000
20250428,DPZ,50000000
20250721,DPZ,203041000
20260427,DPZ,75098000
20260720,DPZ,234616000
20250502,DRH,11116000
20250808,DRH,23704000
20260430,DRH,11116000
20260730,DRH,23704000
20250926,DRI,182700000
20251230,DRI,407100000
20250501,DRS,3000000
20250730,DRS,14000000
20260505,DRS,4000000
20260730,DRS,16000000
20260519,DRVN,2000
20250501,DSGR,11203000
20250731,DSGR,20256000
20250915,DSX,23048000
20260804,DSX,23048000
20260805,DT,275478000
20250814,DTI,608000
20260508,DTI,706000
20260807,DTI,706000
20260505,DUOL,24331000
20260806,DUOL,69603000
20250508,DV,82240000
20250805,DV,82240000
20260506,DV,82240000
20260807,DV,100195000
20250512,DVA,510161000
20250805,DVA,793834000
20260505,DVA,510161000
20260804,DVA,793834000
20250507,DVN,301000000
20250806,DVN,550000000
20251106,DVN,295000000
20260506,DVN,301000000
20260805,DVN,550000000
20250801,DXC,48000000
20251031,DXC,124000000
20260731,DXC,71000000
20260730,DXCM,603600000
20250529,DXLG,211000
20250827,DXLG,211000
20250508,DXPE,14815000
20250807,DXPE,23978000
20250509,DXYN,32000
20250808,DXYN,345000
20260806,DXYN,26000
20250522,DY,30185000
20250821,DY,30185000
20260528,DY,35963000
20260827,DY,35963000
20250623,EARN,978000
20251029,EAT,134500000
20260128,EAT,235000000
20250501,EBAY,615000000
20250509,EBAY,615000000
20250731,EBAY,1483000000
20260429,EBAY,615000000
20260806,EBAY,1239000000
20250508,EBC,46456000
20250808,EBC,51929000
20260508,EBC,73354000
20260807,EBC,147054000
20250630,EBF,5011000
20251003,EBF,8553000
20260701,EBF,5011000
20250508,EBMT,755000
20250807,EBMT,1163000
20260507,EBMT,755000
20260805,EBMT,1163000
20250807,EBS,6900000
20260501,EBS,9000000
20260806,EBS,18000000
20250509,ECBK,673000
20250808,ECBK,2131000
20260508,ECBK,673000
20260807,ECBK,2131000
20250508,ECL,196400000
20250807,ECL,519400000
20260507,ECL,344400000
20260806,ECL,669300000
20250807,ECVT,21917000
20260505,ECVT,36339000
20260806,ECVT,36339000
20250930,EDRY,974070
20250512,EFC,524000
20250811,EFC,685000
20250501,EFOR,79700000
20250730,EFOR,187700000
20260430,EFOR,50400000
20260731,EFOR,59900000
20250502,EFSC,10616000
20250801,EFSC,10630000
20260501,EFSC,27240000
20260731,EFSC,50043000
20250722,EFX,127400000
20260421,EFX,260000000
20260721,EFX,560000000
20250502,EG,200000000
20250801,EG,400000000
20260505,EG,330000000
20260803,EG,725000000
20251112,EGAN,4585000
20260203,EGAN,6994000
20250806,EGHT,1848000
20251105,EGHT,1848000
20260805,EGHT,1848000
20250512,EGY,6344000
20250811,EGY,6802000
20260511,EGY,155000
20260810,EGY,1985000
20250501,EHC,32100000
20250806,EHC,56800000
20260501,EHC,71600000
20260807,EHC,145800000
20250502,EIG,19800000
20250801,EIG,43300000
20260501,EIG,79300000
20260730,EIG,109500000
20250429,EIX,29000000
20250731,EIX,29000000
20260428,EIX,29000000
20251030,EL,10000000
20260205,EL,67000000
20250507,ELA,2626
20250806,ELA,121326
20251105,ELA,728510
20251110,ELF,17076000
20260806,ELF,49982000
20251112,ELMD,4536000
20260210,ELMD,4536000
20260813,ELMT,25000
20250717,ELV,1258000000
20260422,ELV,1124000000
20260715,ELV,1358000000
20250430,EME,224832000
20250731,EME,432165000
20260429,EME,224832000
20260730,EME,432165000
20250506,EML,1400804
20250805,EML,2123705
20260512,EML,1400804
20260811,EML,2123705
20250509,EMPD,401806
20250812,EMPD,510907
20260508,EMPD,44219787
20260807,EMPD,53970420
20250507,EMR,1122000000
20260203,EMR,899000000
20260505,EMR,1122000000
20250513,ENBP,228000
20250814,ENBP,451000
20250722,ENPH,141904000
20260428,ENPH,99964000
20260205,ENR,4500000
20260505,ENR,5400000
20250806,ENS,150034000
20251105,ENS,217784000
20260812,ENS,150034000
20250429,ENSG,10775000
20250724,ENSG,20000000
20260430,ENSG,10775000
20260727,ENSG,40000000
20250429,ENVA,151365000
20250725,ENVA,214734000
20260423,ENVA,85539000
20260723,ENVA,140859000
20250731,ENVX,1000
20250501,EOG,806000000
20250807,EOG,1458000000
20260505,EOG,806000000
20260804,EOG,1717000000
20251222,EPAC,14899000
20260327,EPAC,65924000
20250508,EPAM,159998000
20250807,EPAM,356531000
20260507,EPAM,323980000
20260806,EPAM,408955000
20250507,EPC,65700000
20260209,EPC,30300000
20260506,EPC,65700000
20250507,EPD,60000000
20250808,EPD,170000000
20260507,EPD,116000000
20260807,EPD,275000000
20251112,EPM,132000
20260211,EPM,191000
20250508,EPR,11375000
20250731,EPR,11375000
20260507,EPR,13144000
20260730,EPR,13144000
20251205,EPSM,300000
20250514,EPSN,1203708
20250813,EPSN,1203708
20250509,EQBK,6758000
20250808,EQBK,11859000
20260508,EQBK,22682000
20260807,EQBK,32567000
20250501,EQH,262000000
20250811,EQH,500000000
20260507,EQH,262000000
20260806,EQH,513000000
20250507,ERII,4490000
20250806,ERII,21577000
20260506,ERII,10660000
20260805,ERII,21577000
20250806,ESBA,2148000
20260806,ESBA,2148000
20250505,ESCA,1381000
20250801,ESCA,2171000
20260430,ESCA,1381000
20260730,ESCA,2171000
20250509,ESE,7189000
20251030,ESEA,1307133
20250731,ESI,19400000
20250509,ESNT,168850000
20250808,ESNT,339362000
20260508,ESNT,170860000
20260807,ESNT,362665000
20260209,ESOA,846530
20260511,ESOA,847818
20250806,ESRT,2148000
20260806,ESRT,2148000
20260429,ESS,50213000
20260730,ESS,61915000
20251124,ESTC,109175000
20260828,ESTC,40016000
20250502,ETHE,612294000
20250801,ETHE,815995000
20250512,ETHW,104016000
20250807,ETHW,120224000
20251110,ETHW,2133000
20260312,ETHW,49807000
20260506,ETHW,112590000
20260807,ETHW,125951000
20250502,ETN,615000000
20250805,ETN,1307000000
20260505,ETN,615000000
20260731,ETN,1307000000
20250808,ETST,158473
20251112,ETST,922795
20260807,ETST,392191
20250430,ETSY,189177000
20250730,ETSY,523852000
20260429,ETSY,189177000
20260805,ETSY,523852000
20250508,EVCM,12068000
20250806,EVCM,36034000
20260507,EVCM,13834000
20260805,EVCM,31603000
20260505,EVER,19851000
20260804,EVER,29000000
20251110,EVI,816000
20260209,EVI,1470000
20250508,EVTC,70000000
20250731,EVTC,70000000
20260507,EVTC,20008000
20260806,EVTC,67049000
20250506,EW,258600000
20250806,EW,264100000
20260506,EW,421800000
20260804,EW,575100000
20250509,EWBC,85442000
20250807,EWBC,123221000
20260508,EWBC,97842000
20260807,EWBC,97841000
20250729,EXE,99000000
20260428,EXE,66000000
20250513,EXEL,283934000
20250728,EXEL,585858000
20260505,EXEL,430352000
20260805,EXEL,753326000
20250807,EXFY,3026000
20260806,EXFY,8451000
20250429,EXLS,152227000
20250729,EXLS,160647000
20260428,EXLS,165988000
20250512,EXOD,5638000
20250811,EXOD,9848000
20260511,EXOD,5638000
20260811,EXOD,9848000
20250730,EXP,85490000
20251030,EXP,167700000
20260729,EXP,83833000
20250508,EXPD,360524000
20250807,EXPD,462824000
20251106,EXPD,212294000
20260506,EXPD,287624000
20260805,EXPD,642531000
20250509,EXPE,643000000
20250808,EXPE,1172000000
20260508,EXPE,788000000
20260806,EXPE,1072000000
20250509,EXPO,5466000
20250808,EXPO,32680000
20260508,EXPO,78761000
20260807,EXPO,146138000
20250801,EXR,8615000
20260501,EXR,1443000
20260731,EXR,8615000
20251030,EXTR,12000000
20260129,EXTR,12000000
20250508,EYE,2721000
20250807,EYE,2775000
20260514,EYE,10519000
20260813,EYE,30596000
20250428,EZPW,6010000
20250730,EZPW,2000000
20260204,EZPW,3000000
20260506,EZPW,4008000
20260805,EZPW,2000000
20250731,F,244000000
20260430,F,311000000
20260507,FA,19687000
20260806,FA,19687000
20250725,FAF,88700000
20260424,FAF,33500000
20260723,FAF,88700000
20250507,FANG,575000000
20250806,FANG,973000000
20260416,FAST,20300000
20260716,FAST,50300000
20250507,FBIN,175000000
20250731,FBIN,237800000
20260507,FBIN,175000000
20260805,FBIN,237800000
20250725,FBIZ,1363000
20260424,FBIZ,811000
20260731,FBIZ,1689000
20250505,FBK,9892000
20250804,FBK,44146000
20260504,FBK,21835000
20260803,FBK,106037000
20260514,FBLA,14317000
20260813,FBLA,27579000
20250509,FBNC,992000
20250807,FBNC,992000
20260507,FBNC,5147000
20260806,FBNC,7270000
20250509,FBP,52354000
20250807,FBP,101599000
20260508,FBP,54626000
20260807,FBP,104940000
20250428,FBRT,1877000
20250730,FBRT,4867000
20260429,FBRT,39823000
20260729,FBRT,55823000
20250509,FBTC,2904508000
20250808,FBTC,4797112000
20260506,FBTC,2904508000
20260806,FBTC,4797112000
20260109,FC,10674000
20260408,FC,28111000
20250514,FCAP,9000
20250814,FCAP,13000
20260512,FCAP,9000
20260812,FCAP,16000
20250502,FCBC,2973000
20250801,FCBC,8249000
20260508,FCBC,20332000
20260807,FCBC,20332000
20260814,FCBM,40000
20250512,FCF,1807000
20250811,FCF,2315000
20260511,FCF,24813000
20260810,FCF,36874000
20250428,FCFS,59609000
20250728,FCFS,85000000
20260424,FCFS,59609000
20260727,FCFS,116938000
20250724,FCN,536678000
20260430,FCN,182641000
20260730,FCN,536678000
20250509,FCNCA,618000000
20250808,FCNCA,1231000000
20260508,FCNCA,899000000
20260807,FCNCA,1505000000
20250507,FCUV,144575
20250812,FCUV,173837
20260514,FCUV,154617
20260814,FCUV,354143
20250508,FCX,55000000
20250808,FCX,107000000
20260508,FCX,93000000
20260806,FCX,203000000
20260105,FDS,139899000
20260402,FDS,302930000
20250918,FDX,1000000000
20251218,FDX,2020000000
20250915,FEIM,583000
20251215,FEIM,958000
20250501,FELE,9047000
20250731,FELE,129321000
20260429,FELE,13186000
20250508,FEMY,161761
20251209,FERG,256000000
20260227,FERG,407000000
20260505,FERG,236000000
20260810,FERG,438000000
20250502,FET,1997000
20250808,FET,6295000
20260501,FET,4569000
20250509,FETH,529793000
20250808,FETH,790074000
20260506,FETH,719478000
20260806,FETH,1130962000
20250506,FFIV,252068000
20260505,FFIV,401102000
20250508,FG,6000000
20250807,FG,6000000
20260507,FG,29000000
20260806,FG,123000000
20260507,FGNX,8747000
20260812,FGNX,15297000
20250505,FHB,25000000
20250804,FHB,50000000
20260504,FHB,32000000
20260803,FHB,50000000
20250801,FHI,185655000
20260501,FHI,120131000
20260731,FHI,185655000
20250507,FHN,365000000
20250807,FHN,393000000
20260507,FHN,365000000
20260806,FHN,393000000
20250507,FIBK,3200000
20250806,FIBK,3200000
20260507,FIBK,87700000
20260803,FIBK,157200000
20250429,FICO,379738000
20260128,FICO,171169000
20260428,FICO,776565000
20250903,FIG,861000
20260515,FIGR,9700000
20260814,FIGR,9700000
20250508,FIGS,2688000
20250807,FIGS,2688000
20260507,FIGS,8799000
20260806,FIGS,32819000
20250513,FINW,180000
20250811,FINW,466000
20260812,FINW,421000
20251211,FIRY,10770000
20260515,FIRY,4732000
20260819,FIRY,7708000
20250506,FIS,1342000000
20250805,FIS,2522000000
20260508,FIS,537000000
20260804,FIS,824000000
20250505,FISI,481000
20250804,FISI,481000
20260504,FISI,6130000
20260803,FISI,6195000
20250506,FITB,225000000
20250805,FITB,225000000
20260505,FITB,225000000
20260804,FITB,225000000
20250605,FIVE,30151000
20250828,FIVE,40226000
20260903,FIVE,60363000
20260430,FIVN,10012000
20260806,FIVN,100011000
20250724,FIX,111290000
20260423,FIX,91369000
20260723,FIX,111290000
20251211,FIZZ,673000
20250725,FLEX,457000000
20251031,FLEX,757000000
20260731,FLEX,247000000
20250502,FLGT,8679000
20250801,FLGT,10884000
20260501,FLGT,40078000
20260730,FLGT,63883000
20250516,FLO,8879000
20250815,FLO,22703000
20260521,FLO,5499000
20260820,FLO,5499000
20260506,FLOC,16516000
20260811,FLOC,16516000
20250502,FLR,142000000
20250801,FLR,295000000
20260508,FLR,516000000
20260807,FLR,816000000
20250429,FLS,21088000
20250730,FLS,52797000
20260429,FLS,21088000
20260729,FLS,52797000
20250507,FLUT,244000000
20250807,FLUT,583000000
20260506,FLUT,244000000
20260805,FLUT,583000000
20251030,FLWS,1255000
20260129,FLWS,7683000
20250507,FLYW,49304000
20250806,FLYW,54304000
20260506,FLYW,49304000
20260805,FLYW,54304000
20250505,FMAO,94000
20250804,FMAO,333000
20260429,FMAO,57000
20260729,FMAO,99000
20260508,FMBH,500000
20260807,FMBH,1421000
20250512,FMCB,5451000
20250808,FMCB,8921000
20260508,FMCB,711000
20260807,FMCB,2934000
20251104,FN,268000
20260203,FN,68700000
20250507,FNB,10000000
20250806,FNB,20000000
20260506,FNB,35000000
20260805,FNB,82000000
20260730,FND,65700000
20250508,FNF,24000000
20250807,FNF,178000000
20260508,FNF,78000000
20260806,FNF,178000000
20250509,FNLC,277000
20250808,FNLC,275000
20260508,FNLC,278000
20260807,FNLC,299000
20250509,FNRN,1274000
20250808,FNRN,2150000
20260507,FNRN,1274000
20260807,FNRN,2150000
20250512,FNWB,3043000
20250807,FNWB,3043000
20250506,FORM,22135000
20250805,FORM,24586000
20260505,FORM,22135000
20260804,FORM,24586000
20250512,FORR,4097000
20250805,FORR,8015000
20260806,FORR,956000
20250515,FOSL,3000
20260514,FOSL,3000
20250429,FOUR,62900000
20250805,FOUR,148200000
20260507,FOUR,295000000
20260806,FOUR,321000000
20251030,FOXA,250000000
20260204,FOXA,1800000000
20250509,FOXF,25000000
20250808,FOXF,25000000
20260724,FPH,3091000
20250508,FPI,741000
20250724,FPI,24263000
20260430,FPI,741000
20260730,FPI,24263000
20250515,FRAF,142000
20250814,FRAF,440000
20260511,FRAF,405000
20260810,FRAF,755000
20250813,FRBP,41170000
20260812,FRBP,34903000
20250807,FRD,123000
20251110,FRD,134000
20260806,FRD,82000
20250501,FRME,29974000
20250731,FRME,49955000
20260501,FRME,24915000
20260814,FRMM,31322000
20260807,FROG,2028000
20260805,FRPT,54391000
20250429,FRSH,113610000
20250729,FRSH,227196000
20260505,FRSH,113610000
20260804,FRSH,227196000
20250811,FRST,807000
20260807,FRST,807000
20260623,FRVO,1945000
20260813,FRVO,1960000
20250509,FSBW,3759000
20250808,FSBW,8988000
20260508,FSBW,3759000
20260810,FSBW,8988000
20260806,FSK,2000000
20260513,FSOL,7152000
20260813,FSOL,7151000
20250430,FSS,18500000
20250730,FSS,39700000
20260429,FSS,18500000
20260730,FSS,39700000
20250506,FSTR,6071000
20250811,FSTR,8384000
20260504,FSTR,6071000
20260810,FSTR,8384000
20250501,FTDR,71000000
20250805,FTDR,135000000
20260430,FTDR,71000000
20260806,FTDR,152000000
20250808,FTNT,401100000
20260508,FTNT,823000000
20260730,FTNT,972800000
20250501,FTV,202600000
20250730,FTV,344500000
20260430,FTV,500200000
20250626,FUL,60664000
20260326,FUL,44377000
20260625,FUL,60664000
20250509,FULT,30348000
20250808,FULT,30348000
20260508,FULT,24629000
20260807,FULT,42939000
20250813,FUNC,4032000
20260508,FUNC,2172000
20260806,FUNC,2543000
20250508,FUSB,535000
20250807,FUSB,817000
20260507,FUSB,2201000
20260806,FUSB,3641000
20250813,FVCB,4635000
20260806,FVCB,4635000
20250730,FVRR,77101000
20260212,FWDI,10882955
20260514,FWDI,58022336
20260514,GAME,770223
20260813,GAME,2004618
20250530,GAP,70000000
20250829,GAP,152000000
20260529,GAP,401000000
20260828,GAP,601000000
20250729,GATX,17100000
20260507,GATX,3800000
20260731,GATX,48300000
20250505,GBDC,1130000
20260204,GBDC,35907000
20260504,GBDC,63708000
20250806,GBLI,529000
20250502,GBTC,14741756000
20250801,GBTC,18808734000
20250506,GBTG,1000000
20250805,GBTG,1000000
20260511,GBTG,38000000
20260804,GBTG,47000000
20260108,GBX,12900000
20260407,GBX,13300000
20260507,GCMG,17472000
20260810,GCMG,19661000
20250612,GCO,12566000
20250911,GCO,12566000
20260611,GCO,12566000
20250723,GD,600000000
20260429,GD,600000000
20250502,GDDY,767400000
20250808,GDDY,792500000
20260501,GDDY,767400000
20260731,GDDY,824400000
20251105,GDLC,152692000
20260205,GDLC,282684000
20250507,GDRX,153226000
20250806,GDRX,153226000
20260506,GDRX,99897000
20260805,GDRX,145888000
20250820,GDST,38044345
20251119,GDST,38044345
20260430,GDYN,11464000
20260730,GDYN,28754000
20250721,GE,3710000000
20260421,GE,2399000000
20260716,GE,4527000000
20260130,GEF,128100000
20260429,GEF,147200000
20251112,GEG,2109000
20260204,GEG,5231000
20250730,GEHC,100000000
20260429,GEHC,100000000
20260806,GEL,3646000
20250813,GEN,272000000
20251107,GEN,272000000
20260807,GEN,134000000
20250513,GENK,200000
20250806,GENK,200000
20260514,GENK,200000
20260810,GENK,200000
20260507,GEO,50103000
20260806,GEO,86734000
20250509,GEOS,615000
20260212,GEOS,197000
20260508,GEOS,615000
20250723,GEV,1581000000
20260422,GEV,1278000000
20260722,GEV,3671000000
20250513,GEVO,1397000
20250811,GEVO,4064000
20260806,GEVO,596000
20250508,GFF,222421000
20260206,GFF,49083000
20260507,GFF,121453000
20250723,GGG,360952000
20260422,GGG,238089000
20260722,GGG,360952000
20250430,GH,45010000
20250730,GH,45010000
20260507,GH,45010000
20260730,GH,45010000
20250430,GHC,20028000
20250730,GHC,49514000
20260730,GHC,121985000
20260505,GIC,900000
20260804,GIC,5600000
20250606,GIII,28350000
20250905,GIII,59973000
20260608,GIII,19701000
20250507,GILD,730000000
20250807,GILD,1257000000
20260507,GILD,730000000
20260806,GILD,1257000000
20250917,GIS,500000000
20251217,GIS,600400000
20250507,GL,264544000
20250806,GL,514855000
20260507,GL,264544000
20260805,GL,515187000
20251015,GLGI,123147
20260114,GLGI,123147
20250815,GLNG,102725000
20260819,GLNG,102725000
20250508,GLP,532000
20250807,GLP,7902000
20260508,GLP,532000
20260807,GLP,6043000
20250804,GLRE,5000000
20260505,GLRE,4989000
20260804,GLRE,19200000
20250502,GLW,100000000
20250801,GLW,133000000
20260501,GLW,100000000
20250501,GM,2012000000
20250722,GM,2012000000
20260428,GM,2012000000
20260721,GM,2800000000
20250508,GMED,190451000
20250807,GMED,215451000
20260507,GMED,190451000
20260806,GMED,215451000
20250509,GNE,4101000
20250508,GNL,19417000
20250807,GNL,75973000
20260506,GNL,38366000
20260805,GNL,75973000
20250506,GNRC,97454000
20250805,GNRC,147917000
20260505,GNRC,97454000
20260804,GNRC,147917000
20250506,GNTX,67833696
20250808,GNTX,198870165
20260506,GNTX,68643877
20260804,GNTX,198870165
20250502,GNW,63000000
20250731,GNW,99000000
20260506,GNW,67000000
20260806,GNW,130000000
20250507,GO,6241000
20250806,GO,31274000
20250509,GOGO,10137000
20250807,GOGO,23157000
20250507,GOLF,35683000
20250807,GOLF,125009000
20260506,GOLF,35683000
20260806,GOLF,125009000
20250724,GOOGL,31380000000
20260430,GOOGL,15068000000
20260723,GOOGL,28306000000
20250509,GOVB,598000
20260212,GOVB,60000
20260512,GOVB,598000
20250722,GPC,74999000
20250724,GPI,167300000
20260430,GPI,122800000
20260730,GPI,167300000
20250729,GPK,200000000
20260804,GPK,110000000
20250506,GPMT,2525000
20250805,GPMT,5662000
20260505,GPMT,2525000
20260805,GPMT,5662000
20250506,GPN,800048000
20250806,GPN,900047000
20251104,GPN,800048000
20260508,GPN,549931000
20260805,GPN,1099942000
20250430,GRBK,16919000
20250730,GRBK,60736000
20260511,GRBK,16919000
20260729,GRBK,60736000
20250811,GRDN,29039000
20250509,GRND,131984000
20250808,GRND,290667000
20260508,GRND,131984000
20260807,GRND,290667000
20250508,GRNT,418000
20250807,GRNT,418000
20260507,GRNT,30000
20260806,GRNT,30000
20251112,GROW,530000
20260220,GROW,1121000
20260507,GRPN,21290000
20260806,GRPN,31433000
20250811,GRWG,4190000
20260811,GRWG,1010000
20250502,GS,4360000000
20250801,GS,7360000000
20260501,GS,5000000000
20260803,GS,9000000000
20250507,GSBC,10214000
20250807,GSBC,20007000
20260507,GSBC,16922000
20260807,GSBC,24771000
20250807,GSBD,10700000
20260806,GSBD,10700000
20250724,GSHD,63184000
20260423,GSHD,49833000
20260723,GSHD,53754000
20250502,GTE,4948000
20250731,GTE,8667000
20260508,GTE,2415000
20260805,GTE,3466000
20250430,GTES,50300000
20250730,GTES,50300000
20260501,GTES,16600000
20260731,GTES,38700000
20250508,GTIM,1084000
20260205,GTIM,164000
20260507,GTIM,303000
20260602,GTLB,50048000
20260902,GTLB,154685000
20250512,GTM,151000000
20250804,GTM,299200000
20260511,GTM,95000000
20260805,GTM,244300000
20250501,GTX,107000000
20250724,GTX,173000000
20260430,GTX,87000000
20250501,GVA,15209000
20250807,GVA,21144000
20260430,GVA,18441000
20260730,GVA,18669000
20260306,GWRE,148192000
20250501,GWW,281000000
20250801,GWW,512000000
20260507,GWW,281000000
20260804,GWW,507000000
20250508,GXO,106000000
20250806,GXO,200000000
20260506,GXO,106000000
20260805,GXO,200000000
20250501,H,388000000
20250808,H,522000000
20260430,H,149000000
20260730,H,149000000
20251106,HAE,75000000
20250509,HAFC,1594000
20250808,HAFC,4326000
20260508,HAFC,4812000
20260807,HAFC,9646000
20250725,HAL,507000000
20260424,HAL,250000000
20260724,HAL,507000000
20250805,HALO,303489000
20260806,HALO,332729000
20260430,HAPN,12617000
20260730,HAPN,20421000
20260513,HAS,7700000
20260730,HAS,41500000
20250501,HAYW,993000
20250730,HAYW,1073000
20260429,HAYW,5851000
20260430,HBAN,150000000
20250730,HBB,7347000
20260225,HBB,3373000
20260506,HBB,3373000
20260805,HBB,7347000
20250502,HBCP,7833000
20250801,HBCP,14318000
20260506,HBCP,7833000
20260803,HBCP,14318000
20250509,HBIA,3157000
20250808,HBIA,7518000
20260511,HBIA,3130000
20260806,HBIA,7518000
20250502,HBT,3410000
20250801,HBT,4423000
20260506,HBT,15733000
20260807,HBT,16159000
20250501,HCA,2506000000
20250804,HCA,5011000000
20260429,HCA,2506000000
20250509,HCAT,5000000
20250808,HCAT,5000000
20260511,HCAT,5000000
20260806,HCAT,5000000
20250509,HCI,639000
20250808,HCI,1037000
20260507,HCI,17501000
20260807,HCI,74476000
20250507,HCKT,6202000
20250806,HCKT,10521000
20260506,HCKT,6202000
20260805,HCKT,10521000
20250807,HCM,36064000
20250725,HCSG,14711000
20260424,HCSG,23964000
20260724,HCSG,44892000
20250528,HD,649000000
20250826,HD,649000000
20250509,HDSN,1831000
20250801,HDSN,4535000
20251107,HDSN,1300000
20260511,HDSN,2491000
20260807,HDSN,4535000
20250710,HELE,103035000
20251009,HELE,103144000
20260708,HELE,1331000
20250508,HESM,100000000
20250806,HESM,300000000
20260507,HESM,100000000
20260806,HESM,300000000
20251110,HFBL,279000
20260212,HFBL,2270000
20250506,HFWA,6118000
20250808,HFWA,10524000
20260508,HFWA,960000
20260807,HFWA,11072000
20250508,HG,16885000
20250807,HG,113385000
20260506,HG,33086000
20260807,HG,55281000
20250508,HGBL,1042000
20250807,HGBL,2627000
20260507,HGBL,1042000
20260813,HGBL,2627000
20250514,HGIT,68274000
20250814,HGIT,139010000
20260514,HGIT,57770000
20260814,HGIT,122155000
20250501,HGV,150000000
20250731,HGV,300000000
20260430,HGV,150000000
20260730,HGV,300000000
20250728,HIG,815000000
20260423,HIG,450000000
20260723,HIG,916000000
20250501,HII,62000000
20250731,HII,127000000
20250505,HIMS,28064000
20250804,HIMS,47996000
20250501,HL,1197000
20250806,HL,1197000
20260505,HL,1161000
20260804,HL,4528000
20250430,HLF,2300000
20250806,HLF,6800000
20260506,HLF,2200000
20260805,HLF,10000000
20250501,HLIT,36079000
20250801,HLIT,50102000
20260513,HLIT,42951000
20260817,HLIT,50102000
20260805,HLLY,2000000
20260428,HLMN,10116000
20260804,HLMN,23400000
20250429,HLT,875000000
20250723,HLT,1644000000
20260428,HLT,875000000
20260728,HLT,1787000000
20260805,HMH,4888000
20260507,HNGE,104966000
20260806,HNGE,131491000
20250507,HNI,40400000
20250729,HNI,79800000
20260506,HNI,40400000
20260804,HNI,79800000
20260506,HNST,3000000
20260805,HNST,19061000
20260807,HNVR,2648000
20260612,HOFT,96000
20250506,HOG,107812000
20250806,HOG,209675000
20260506,HOG,93095000
20260805,HOG,100388000
20250505,HOMB,29816000
20250507,HOMB,29816000
20250805,HOMB,57293000
20260505,HOMB,29816000
20260807,HOMB,57293000
20250429,HON,1902000000
20250724,HON,3604000000
20260423,HON,1902000000
20260723,HON,3604000000
20250501,HOOD,322000000
20250731,HOOD,446000000
20260429,HOOD,322000000
20260730,HOOD,664000000
20260506,HOPE,6705000
20260806,HOPE,8717000
20250530,HOV,30396000
20260302,HOV,18050000
20260602,HOV,30396000
20250604,HPE,102000000
20260310,HPE,158000000
20260602,HPE,312000000
20250512,HPK,8764000
20250811,HPK,14551000
20250529,HPQ,600000000
20250828,HPQ,600000000
20260225,HPQ,325000000
20260528,HPQ,425000000
20260827,HPQ,300000000
20250603,HQY,59065000
20250902,HQY,125810000
20260528,HQY,123314000
20260827,HQY,231054000
20250501,HR,318000
20250801,HR,713000
20260501,HR,2041000
20260730,HR,2772000
20260807,HRTG,24590000
20260804,HRZN,6231000
20260515,HSDT,3524000
20260814,HSDT,5855000
20250505,HSIC,161000000
20250805,HSIC,447000000
20260505,HSIC,161000000
20260804,HSIC,447000000
20250502,HST,100000000
20250801,HST,205000000
20260508,HST,100000000
20260807,HST,205000000
20250807,HSTM,18121000
20260506,HSTM,6723000
20260806,HSTM,18121000
20250501,HSY,494191000
20250730,HSY,494191000
20260430,HSY,69270000
20260730,HSY,439354000
20250508,HTB,503000
20250808,HTB,3334000
20260506,HTB,23081000
20260806,HTB,30232000
20250501,HTGC,3469000
20250731,HTGC,4495000
20260505,HTGC,3469000
20260730,HTGC,4495000
20250428,HTH,33281000
20250725,HTH,68196000
20260424,HTH,47541000
20260724,HTH,94521000
20250912,HTHT,62000000
20250808,HTLD,8931000
20260810,HTLD,8931000
20250502,HUBB,125000000
20250730,HUBB,225000000
20260501,HUBB,167500000
20250509,HUBG,25756000
20250806,HUBG,32938000
20250806,HUBS,125004000
20260507,HUBS,206681000
20260805,HUBS,742880000
20250430,HUM,717000000
20250730,HUM,766000000
20260429,HUM,107000000
20250502,HUN,1000000
20250801,HUN,1000000
20250429,HURN,65310000
20250731,HURN,134369000
20260505,HURN,153130000
20250502,HVT,2000000
20250805,HVT,2000000
20260506,HVT,2000000
20260804,HVT,16568000
20250512,HWBK,440000
20250811,HWBK,2222000
20260508,HWBK,440000
20260806,HWBK,2222000
20250509,HWC,20747000
20250807,HWC,60177000
20260507,HWC,94610000
20260807,HWC,141071000
20250730,HWKN,9149000
20251029,HWKN,9149000
20260128,HWKN,9149000
20250501,HWM,150000000
20250731,HWM,300000000
20260507,HWM,300000000
20260806,HWM,600000000
20250724,HXL,201800000
20260422,HXL,50400000
20260729,HXL,100900000
20250506,HY,9100000
20250805,HY,9100000
20260505,HY,4500000
20260804,HY,4400000
20250513,HYLN,11043000
20250812,HYLN,13982000
20250731,IART,50000000
20260729,IART,221000
20260515,IBAC,7886591
20260724,IBAC,7886591
20250507,IBCP,33000
20250806,IBCP,7357000
20260506,IBCP,33000
20260805,IBCP,7357000
20251106,IBEX,4807000
20260205,IBEX,51369000
20250505,IBOC,495000
20250807,IBOC,4546000
20260507,IBOC,60000
20260806,IBOC,4546000
20250508,IBP,34300000
20250807,IBP,83500000
20260507,IBP,34300000
20260806,IBP,101700000
20250515,IBTA,69778000
20250813,IBTA,140176000
20260506,IBTA,69778000
20260804,IBTA,140176000
20250501,ICE,241000000
20250731,ICE,496000000
20260430,ICE,551000000
20260730,ICE,1202000000
20250502,ICLR,250000000
20250724,ICLR,500000000
20260527,ICLR,500000000
20260623,ICLR,250000000
20260730,ICLR,500000000
20250501,IDCC,28868000
20250731,IDCC,63670000
20260430,IDCC,8165000
20260730,IDCC,31417000
20251210,IDT,7604000
20260312,IDT,15039000
20250501,IDXX,400890000
20250804,IDXX,738995000
20260505,IDXX,400890000
20260804,IDXX,738995000
20250502,IESC,36265000
20260130,IESC,17670000
20260501,IESC,36265000
20250501,IEX,50000000
20250730,IEX,100000000
20260429,IEX,76300000
20260729,IEX,153400000
20260505,IFF,35000000
20260804,IFF,71000000
20250903,IGIC,35048000
20260810,IHRT,9956000
20250509,III,2565000
20250807,III,4725000
20260508,III,2565000
20260806,III,4725000
20260115,IIIN,745000
20260416,IIIN,1742000
20250509,IIIV,11498000
20260206,IIIV,37938000
20260508,IIIV,88788000
20250508,IIPR,290000
20250807,IIPR,20108000
20260505,IIPR,290000
20260804,IIPR,88969000
20250509,ILMN,200000000
20250801,ILMN,570000000
20260504,ILMN,242000000
20260731,ILMN,570000000
20250429,ILPT,49000
20250729,ILPT,58000
20260429,ILPT,16000
20260729,ILPT,49000
20260312,IMMR,4000
20250929,IMPP,2504498
20250508,IMXI,23423000
20250811,IMXI,34622000
20260511,IMXI,4981000
20260810,IMXI,16334000
20250507,INBK,283000
20250806,INBK,283000
20250729,INCY,2004687000
20250507,INDB,30986000
20250805,INDB,30986000
20260506,INDB,63261000
20260806,INDB,138262000
20250501,INDV,36000000
20250731,INDV,71000000
20260430,INDV,126000000
20260803,INDV,302000000
20250508,INFU,2895000
20250805,INFU,6395000
20260508,INFU,2895000
20260804,INFU,6395000
20260430,INGM,75000000
20260730,INGM,105000000
20260508,INGN,1874000
20260807,INGN,7498000
20250805,INN,15402000
20260430,INN,5973000
20260805,INN,15402000
20260810,INR,1505000
20260507,INSE,2600000
20260805,INSE,5200000
20250505,INSP,75009000
20250804,INSP,75009000
20260504,INSP,75009000
20260803,INSP,75009000
20251104,INTA,50022000
20260203,INTA,150068000
20251112,INTG,205000
20260212,INTG,383000
20251120,INTU,854000000
20260226,INTU,1787000000
20250507,INVA,9569000
20250806,INVA,14777000
20260506,INVA,20247000
20260805,INVA,51314000
20260430,INVH,447210000
20260730,INVH,547279000
20250508,IOR,587000
20250807,IOR,587000
20250509,IOSP,4800000
20250806,IOSP,13300000
20260508,IOSP,7100000
20260805,IOSP,13500000
20250507,IP,62000000
20250807,IP,63000000
20260505,IP,62000000
20260805,IP,63000000
20260804,IPGP,30204000
20250814,IPST,2430
20250506,IQV,375000000
20250722,IQV,1032000000
20260505,IQV,552000000
20250502,IR,72900000
20250731,IR,510200000
20260429,IR,89500000
20260731,IR,510700000
20250724,IRDM,154801000
20260423,IRDM,70478000
20260722,IRDM,136073000
20260430,IRT,29937000
20260804,IRT,29936000
20250501,IRTC,25000000
20250731,IRTC,25000000
20250508,ISBA,1145000
20250811,ISBA,2650000
20260506,ISBA,1145000
20260810,ISBA,2650000
20250519,ISPC,52500
20250814,ISPC,52500
20260206,ISPR,45001
20250723,ISRG,181000000
20260422,ISRG,1123200000
20260721,ISRG,1443500000
20250514,ISRLF,75921158
20250813,ISRLF,75921158
20260515,ISRLF,73533953
20260814,ISRLF,73533953
20250507,ISTR,649000
20250806,ISTR,1283000
20260508,ISTR,1547000
20260806,ISTR,2310000
20250506,IT,225124000
20250805,IT,564717000
20251104,IT,1055523000
20260505,IT,534637000
20260804,IT,1081754000
20260430,ITGR,50000000
20260804,ITGR,50000000
20250512,ITIC,1053000
20250808,ITIC,1098000
20250731,ITRI,100000000
20260428,ITRI,100000000
20260728,ITRI,152234000
20250501,ITT,100000000
20250731,ITT,500800000
20260506,ITT,100000000
20260806,ITT,500800000
20250501,ITW,375000000
20250801,ITW,750000000
20260507,ITW,375000000
20260806,ITW,1125000000
20250428,IVZ,43100000
20250801,IVZ,68600000
20260505,IVZ,69200000
20260804,IVZ,119600000
20260213,IXHL,1179000
20250506,J,552402000
20260203,J,252082000
20260505,J,552402000
20250514,JACK,40000000
20260218,JACK,4999000
20260513,JACK,4999000
20250806,JAZZ,161428000
20260803,JAZZ,125000000
20250429,JBGS,147593000
20250729,JBGS,372848000
20260505,JBGS,147593000
20260810,JBGS,372848000
20250724,JBHT,552911000
20260424,JBHT,234129000
20260724,JBHT,552911000
20250508,JBI,15300000
20250807,JBI,25200000
20260512,JBI,15500000
20260811,JBI,17400000
20260109,JBL,300000000
20260408,JBL,636000000
20260805,JBTM,26000000
20260514,JCAP,58912000
20260813,JCAP,58912000
20250507,JCI,660000000
20260204,JCI,330000000
20260506,JCI,660000000
20250709,JEF,57568000
20260407,JEF,174303000
20260709,JEF,371714000
20250806,JELD,24280000
20250919,JG,406000
20250611,JILL,3526000
20250903,JILL,4528000
20260610,JILL,3526000
20250508,JJSF,5000000
20260205,JJSF,42000000
20260507,JJSF,63981000
20251107,JKHY,62045000
20260206,JKHY,125237000
20250507,JLL,20000000
20250806,JLL,59900000
20260430,JLL,300000000
20260730,JLL,409000000
20250513,JMSB,46000
20250812,JMSB,1357000
20260508,JMSB,2043000
20260807,JMSB,2043000
20250724,JNJ,2127000000
20260422,JNJ,4028000000
20260723,JNJ,4249000000
20250723,JOE,16257000
20260429,JOE,5685000
20260729,JOE,37928000
20250502,JOUT,241000
20260206,JOUT,88000
20260508,JOUT,88000
20250501,JPM,7528000000
20250805,JPM,15034000000
20260501,JPM,8325000000
20260806,JPM,15113000000
20250513,JUVF,4000
20250813,JUVF,4000
20260513,JUVF,17000
20260812,JUVF,17000
20250515,JWSMF,7662572
20250811,JWSMF,7662572
20250507,JXN,202000000
20250805,JXN,360000000
20260505,JXN,227000000
20260803,JXN,454000000
20250509,JYNT,8440
20250812,JYNT,9583
20260508,JYNT,1145054
20260807,JYNT,1821864
20250512,KBDC,384000
20260511,KBDC,21385000
20260810,KBDC,25152000
20250710,KBH,250000000
20260409,KBH,50000000
20260709,KBH,250000000
20250506,KBR,156000000
20250731,KBR,204000000
20260505,KBR,156000000
20260730,KBR,204000000
20250805,KD,62000000
20251105,KD,151000000
20260805,KD,64000000
20250812,KDK,7143312
20250724,KDP,1105000000
20260810,KDP,9000000
20251106,KE,2917000
20260205,KE,6034000
20250512,KEX,101473000
20250811,KEX,132673000
20260508,KEX,101473000
20260805,KEX,132673000
20250603,KEYS,225000000
20260305,KEYS,87000000
20260604,KEYS,307000000
20250430,KFRC,21066000
20250730,KFRC,32243000
20260429,KFRC,21066000
20260729,KFRC,32243000
20250909,KFY,23488000
20251209,KFY,56153000
20260508,KG,486000
20260807,KG,486000
20250508,KGS,9956000
20250807,KGS,19956000
20260511,KGS,9956000
20260807,KGS,19956000
20250429,KHC,329000000
20250730,KHC,537000000
20260506,KHC,225000000
20260805,KHC,435000000
20250801,KIM,58844000
20260430,KIM,462000
20260804,KIM,105177000
20260807,KINS,291833
20250808,KKR,3362000
20260508,KKR,191244000
20260806,KKR,233220000
20251031,KLAC,567383000
20260130,KLAC,1217504000
20250507,KLIC,63477000
20260205,KLIC,37228000
20260507,KLIC,58487000
20250508,KLTR,2318000
20250807,KLTR,9595000
20260511,KLTR,2318000
20260805,KLTR,9595000
20250801,KMB,156000000
20260428,KMB,61000000
20260804,KMB,120000000
20250718,KMI,7000000
20250507,KMPR,4000000
20250805,KMPR,32500000
20260506,KMPR,4000000
20260805,KMPR,32500000
20251105,KMT,15030000
20260204,KMT,30062000
20250626,KMX,204027000
20250926,KMX,384873000
20260624,KMX,204027000
20250429,KN,5000000
20250729,KN,35000000
20260428,KN,7500000
20250724,KNSL,19999000
20260423,KNSL,62500000
20260723,KNSL,163078000
20250808,KNTK,72554000
20260806,KNTK,72554000
20250501,KO,702000000
20250724,KO,874000000
20260430,KO,477000000
20250508,KODK,1000000
20250811,KODK,2000000
20260507,KODK,1000000
20260804,KODK,2000000
20250509,KOP,19100000
20250808,KOP,39100000
20260508,KOP,29000000
20260806,KOP,43900000
20250627,KR,181000000
20250919,KR,203000000
20260626,KR,213000000
20260428,KRC,72671000
20250722,KREF,29895000
20260422,KREF,9831000
20260721,KREF,38879000
20250430,KRG,1146000
20250731,KRG,1171000
20260429,KRG,1450000
20260730,KRG,1450000
20260507,KRP,7310000
20260807,KRP,14670000
20260807,KRT,2003000
20250506,KTB,20105000
20250807,KTB,45271000
20260514,KTB,25000000
20260812,KTB,75442000
20260508,KVACF,44294337
20260814,KVACF,44294337
20250507,KVHI,163000
20250807,KVHI,1256000
20260506,KVHI,206000
20260806,KVHI,2530000
20250508,KVUE,91000000
20250807,KVUE,127000000
20260507,KVUE,63000000
20260806,KVUE,127000000
20260505,KVYO,100000000
20260805,KVYO,333569000
20250731,KWR,32693000
20260730,KWR,32693000
20250508,KWY,345000
20250807,KWY,954000
20260507,KWY,345000
20260806,KWY,345000
20250505,L,394000000
20250804,L,651000000
20260504,L,394000000
20260803,L,651000000
20250506,LAB,11051000
20250815,LAB,40490000
20250730,LAD,263300000
20260429,LAD,297000000
20260729,LAD,534000000
20250428,LADR,2317000
20250728,LADR,8937000
20260427,LADR,13394000
20260727,LADR,21164000
20250508,LAMR,26368000
20250808,LAMR,157921000
20260507,LAMR,26368000
20260806,LAMR,157921000
20250514,LARK,174000
20250813,LARK,255000
20250815,LASE,92533
20250501,LAUR,39499000
20250731,LAUR,71591000
20260430,LAUR,108175000
20260730,LAUR,185865000
20250507,LAW,39000
20250806,LAW,71000
20260506,LAW,132000
20260805,LAW,303000
20250501,LAZ,36165000
20250725,LAZ,40816000
20260504,LAZ,36165000
20250725,LBRT,59743000
20260423,LBRT,23958000
20260723,LBRT,24882000
20250502,LBTYA,176300000
20250801,LBTYA,346500000
20260501,LBTYA,37900000
20260724,LBTYA,102000000
20250506,LCII,28255000
20250805,LCII,66338000
20260505,LCII,28255000
20260805,LCII,66338000
20250506,LDOS,150000000
20250805,LDOS,250000000
20251104,LDOS,200000000
20260505,LDOS,200000000
20260804,LDOS,266000000
20250506,LEA,44600000
20250725,LEA,106800000
20260501,LEA,75000000
20260731,LEA,175000000
20250430,LECO,110405000
20250731,LECO,233824000
20260430,LECO,106694000
20260730,LECO,233824000
20250507,LEG,4100000
20250807,LEG,4300000
20260507,LEG,3400000
20260806,LEG,3700000
20250512,LEGH,1871000
20250807,LEGH,6492000
20251107,LEGH,5817000
20260507,LEGH,675000
20260805,LEGH,6492000
20250701,LEN,1295894000
20260409,LEN,774475000
20260629,LEN,1295894000
20250710,LEVI,41900000
20260407,LEVI,30000000
20260708,LEVI,30500000
20251117,LFMD,270000
20260507,LFST,49107000
20260806,LFST,97625000
20260813,LFTO,383389000
20250430,LFUS,27374000
20250730,LFUS,40862000
20260506,LFUS,27374000
20250506,LFVN,1900000
20251104,LFVN,1114000
20260204,LFVN,1114000
20250430,LGIH,10002000
20250805,LGIH,23639000
20260428,LGIH,3051000
20260807,LGND,60000000
20250801,LH,200000000
20260504,LH,98000000
20260805,LH,451800000
20250724,LHX,822000000
20260430,LHX,569000000
20260730,LHX,822000000
20260810,LIF,13225000
20250814,LIFD,240240
20250723,LII,294800000
20260429,LII,85200000
20250507,LILA,56000000
20250807,LILA,82900000
20260507,LILA,14300000
20260805,LILA,26400000
20250501,LIN,1111000000
20250801,LIN,2481000000
20260501,LIN,1111000000
20260731,LIN,2222000000
20250430,LINE,25000000
20250806,LINE,25000000
20260217,LITS,203000
20250508,LIVE,416000
20260212,LIVE,157000
20260514,LIVE,416000
20250430,LKFN,215000
20250806,LKFN,2005000
20260429,LKFN,19608000
20260805,LKFN,23862000
20250724,LKQ,155000000
20260430,LKQ,40000000
20260730,LKQ,79000000
20250501,LLY,1200000000
20250807,LLY,1892200000
20260430,LLY,2356000000
20260805,LLY,3957000000
20250508,LMAT,601000
20250806,LMAT,605000
20260506,LMAT,601000
20260805,LMAT,605000
20250722,LMT,1850000000
20260423,LMT,750000000
20260723,LMT,1250000000
20250508,LNG,1189000000
20250807,LNG,1699000000
20260507,LNG,537000000
20260806,LNG,1113000000
20260108,LNN,30252000
20260402,LNN,55489000
20250806,LNTH,100000000
20260806,LNTH,100000000
20250507,LNWO,166000000
20250806,LNWO,270000000
20260506,LNWO,166000000
20260804,LNWO,270000000
20250502,LOCO,1775000
20250801,LOCO,18202000
20260508,LOCO,1775000
20260807,LOCO,1843000
20250730,LOGI,130899000
20251029,LOGI,263185000
20260729,LOGI,121657000
20250506,LOPE,77857000
20250806,LOPE,125236000
20260430,LOPE,127906000
20260730,LOPE,203186000
20250612,LOVE,6000000
20250911,LOVE,6000000
20260611,LOVE,6000000
20250529,LOW,923000000
20250828,LOW,1930000000
20260528,LOW,363000000
20260827,LOW,366000000
20250508,LPCN,8100
20250804,LPG,1822780
20251106,LPG,4730768
20260805,LPG,1822780
20250509,LPLA,100244000
20250804,LPLA,100004000
20260504,LPLA,100244000
20260803,LPLA,309476000
20250506,LPX,61000000
20250806,LPX,115000000
20260506,LPX,61000000
20260805,LPX,61000000
20250508,LQDT,9047000
20260205,LQDT,1473000
20260507,LQDT,1513000
20251024,LRCX,997035000
20260129,LRCX,2441946000
20260128,LRN,88645000
20250507,LSAK,27000
20250929,LSAK,12586000
20260204,LSAK,12586000
20260506,LSAK,40000
20250812,LSBK,51000
20260512,LSBK,35000
20260811,LSBK,82000
20250505,LSCC,25000000
20250804,LSCC,70855000
20260504,LSCC,25000000
20260804,LSCC,70855000
20250513,LSTR,60361000
20250729,LSTR,102300000
20260429,LSTR,60361000
20260505,LTH,10702000
20260730,LTH,73392000
20250513,LTSV,225000
20250812,LTSV,421000
20260513,LTSV,196000
20260812,LTSV,391000
20251104,LUCK,7646000
20260204,LUCK,45420000
20250605,LULU,434439000
20250904,LULU,888935000
20260604,LULU,434439000
20260903,LULU,715672000
20250513,LUNR,20700000
20250807,LUNR,20700000
20260515,LUNR,20700000
20260813,LUNR,20700000
20250724,LUV,2250000000
20251023,LUV,250000000
20260423,LUV,1250000000
20260723,LUV,2250000000
20250514,LVLU,239000
20250813,LVLU,742000
20260513,LVLU,239000
20260812,LVLU,742000
20250814,LVO,749000
20251114,LVO,999000
20260814,LVO,240000
20250725,LVS,1216000000
20260424,LVS,753000000
20260724,LVS,1541000000
20250506,LVWR,706000
20250806,LVWR,927000
20260506,LVWR,807000
20260805,LVWR,861000
20260813,LWAY,4937000
20250429,LXFR,500000
20250729,LXFR,1100000
20260428,LXFR,700000
20260728,LXFR,1400000
20260429,LXP,15814000
20260729,LXP,15814000
20250801,LYB,201000000
20260501,LYB,110000000
20260731,LYB,201000000
20250509,LYFT,50000000
20250807,LYFT,200000000
20260508,LYFT,300000000
20260807,LYFT,400000000
20250508,LZ,12783000
20250807,LZ,136450000
20260506,LZ,43467000
20260805,LZ,89010000
20250819,LZB,33673000
20251118,LZB,53144000
20260818,LZB,25144000
20250605,M,97000000
20250910,M,149000000
20260604,M,97000000
20250501,MA,2549000000
20250731,MA,4838000000
20260430,MA,4035000000
20260730,MA,8933000000
20260430,MAA,72780000
20260813,MACI,131489166
20250502,MAN,50000000
20250805,MAN,77000000
20260508,MAN,25000000
20260807,MAN,38200000
20250725,MANH,189546000
20260424,MANH,179387000
20260731,MANH,306476000
20250506,MAR,1144000000
20250805,MAR,2156000000
20260506,MAR,751000000
20260803,MAR,1819000000
20250508,MARA,20362000
20250729,MARA,35530000
20260511,MARA,20362000
20260806,MARA,35530000
20250731,MAS,290000000
20260422,MAS,202000000
20250506,MAT,160000000
20250729,MAT,210000000
20260501,MAT,200000000
20260806,MAT,300000000
20250430,MATW,17220000
20260204,MATW,5163000
20260501,MATW,5698000
20250506,MATX,66900000
20250801,MATX,160400000
20260505,MATX,66900000
20260804,MATX,160400000
20251112,MBBC,44500
20260211,MBBC,44500
20250507,MBC,11400000
20250806,MBC,18100000
20260506,MBC,11400000
20260805,MBC,18100000
20250508,MBI,7000000
20250806,MBI,7000000
20260507,MBI,7000000
20260806,MBI,7000000
20260507,MBIN,3002000
20260807,MBIN,3002000
20260723,MBLY,23500000
20251030,MBUU,10471000
20260205,MBUU,20849000
20250502,MCB,12935000
20250801,MCB,50527000
20260508,MCB,12935000
20260731,MCB,50527000
20250808,MCBS,31000
20260508,MCBS,4443000
20260807,MCBS,4443000
20250512,MCD,918000000
20250806,MCD,1852000000
20251105,MCD,501000000
20260507,MCD,477000000
20260807,MCD,1251000000
20251106,MCFT,3729000
20260205,MCFT,4478000
20250807,MCHP,72700000
20251106,MCHP,90000000
20250806,MCK,581000000
20251106,MCK,2019000000
20260805,MCK,2530000000
20250724,MCO,657000000
20260423,MCO,1471000000
20260723,MCO,2165000000
20250502,MCRI,19574000
20250729,MCRI,50355000
20260430,MCRI,17731000
20250506,MD,1569000
20250805,MD,1778000
20260505,MD,21451000
20260804,MD,64195000
20250827,MDB,194446000
20260529,MDB,100255000
20260901,MDB,200254000
20250520,MDIA,7000
20250811,MDIA,7000
20260506,MDLN,9000000
20260805,MDLN,15000000
20250429,MDLZ,1522000000
20250729,MDLZ,1653000000
20260428,MDLZ,1522000000
20250508,MDRR,106624
20250807,MDRR,140788
20260513,MDRR,106624
20260813,MDRR,140788
20250826,MDT,2492000000
20251125,MDT,2780000000
20260903,MDT,267000000
20260729,MDXG,12468000
20250507,MEC,1747000
20250806,MEC,4607000
20260506,MEC,1747000
20260805,MEC,4607000
20250722,MEDP,912815000
20260423,MEDP,371900000
20260723,MEDP,912815000
20250909,MEI,1600000
20251203,MEI,1600000
20250805,MELI,1000000
20260806,MELI,1000000
20250501,MET,1411000000
20250807,MET,2027000000
20260507,MET,1411000000
20260806,MET,1921000000
20250501,META,15008000000
20250731,META,22921000000
20260430,META,12754000000
20260730,META,22921000000
20260511,METC,11929000
20260805,METC,65934000
20250506,MFA,5189000
20250806,MFA,5189000
20260505,MFA,9033000
20260805,MFA,14159000
20250512,MFIC,6079000
20250811,MFIC,6079000
20260506,MFIC,76025000
20260806,MFIC,107925000
20250506,MFIN,2126000
20250805,MFIN,3641000
20260505,MFIN,531000
20260805,MFIN,7684000
20250430,MGM,506571000
20250730,MGM,915337000
20260429,MGM,489280000
20260729,MGM,717163000
20250507,MGNI,19229000
20250806,MGNI,22880000
20260506,MGNI,19229000
20260805,MGNI,35543000
20260512,MGNO,17000
20260811,MGNO,17000
20250501,MGPI,6961000
20250731,MGPI,9735000
20260429,MGPI,1035000
20260429,MGRC,11915000
20260729,MGRC,27456000
20260514,MGTX,18193000
20260813,MGTX,18193000
20250501,MGY,52393000
20250502,MHK,25500000
20250725,MHK,87800000
20260501,MHK,64700000
20260731,MHK,124600000
20250512,MHLA,673000
20250725,MHO,100199000
20260424,MHO,50066000
20260731,MHO,100199000
20260508,MIAX,13285000
20260807,MIAX,17036000
20250508,MIDD,42778000
20250807,MIDD,365691000
20260514,MIDD,374776000
20260813,MIDD,581874000
20250430,MIR,18600000
20250801,MIR,49600000
20260429,MIR,18600000
20260729,MIR,49600000
20250508,MITK,3258000
20260205,MITK,9995000
20260507,MITK,17789000
20250626,MKC,26500000
20260331,MKC,17200000
20260625,MKC,26500000
20250430,MKL,170270000
20250730,MKL,269621000
20260428,MKL,170270000
20260729,MKL,370653000
20250508,MKSI,45000000
20250807,MKSI,45000000
20260507,MKSI,45000000
20260806,MKSI,45000000
20250807,MKTW,10803000
20251106,MKTW,1050000
20260507,MKTW,57000
20260806,MKTW,1851000
20250507,MKTX,38077000
20250806,MKTX,74764000
20260507,MKTX,38077000
20260807,MKTX,74764000
20260514,MLCI,15438000
20260811,MLCI,15467000
20250723,MLI,243615000
20260422,MLI,243615000
20260722,MLI,243615000
20250430,MLM,450000000
20250807,MLM,450000000
20260430,MLM,450000000
20260730,MLM,450000000
20250507,MLR,2102000
20250806,MLR,2602000
20260506,MLR,2177000
20260805,MLR,4646000
20250507,MMI,554000
20250807,MMI,7398000
20260507,MMI,24947000
20260806,MMI,25492000
20250718,MMM,2227000000
20260421,MMM,1999000000
20260721,MMM,2993000000
20250508,MMS,306443000
20260205,MMS,228593000
20260507,MMS,306443000
20250509,MNSB,446000
20250808,MNSB,719000
20260508,MNSB,6080000
20260807,MNSB,11066000
20250509,MNST,120245000
20250808,MNST,3234523000
20260508,MNST,133970000
20260807,MNST,133978000
20250811,MNTN,10025000
20260810,MNTN,10025000
20250813,MNTR,78585
20250429,MO,2400000000
20250730,MO,2410000000
20260430,MO,326000000
20260730,MO,600000000
20250731,MOD,5100000
20251029,MOD,7800000
20260730,MOD,64600000
20251126,MOG-A,126425000
20260130,MOG-A,55692000
20260424,MOG-A,126425000
20250724,MOH,500000000
20260423,MOH,500000000
20260723,MOH,500000000
20250501,MORN,109600000
20250731,MORN,221600000
20260429,MORN,300000000
20260729,MORN,400000000
20250507,MOS,108400000
20250806,MOS,160400000
20250529,MOV,1086000
20250828,MOV,1594000
20260527,MOV,1541000
20260826,MOV,1594000
20250509,MP,200764000
20250808,MP,200764000
20251107,MP,24300000
20250811,MPAA,1966000
20251110,MPAA,3355000
20260810,MPAA,1966000
20250508,MPB,323000
20250807,MPB,1778000
20260806,MPB,2710000
20250506,MPC,2218000000
20250805,MPC,5114000000
20260505,MPC,1057000000
20260804,MPC,3283000000
20250506,MPLX,100000000
20250805,MPLX,200000000
20251104,MPLX,100000000
20260505,MPLX,100000000
20260804,MPLX,200000000
20250505,MPWR,4076000
20250804,MPWR,8626000
20251105,MPWR,5500000
20260805,MPWR,4048000
20250507,MQ,111310000
20250806,MQ,275233000
20260505,MQ,111310000
20260804,MQ,275233000
20260203,MRCY,15001000
20250806,MRDN,107900000
20250502,MRK,1164000000
20250805,MRK,2509000000
20260504,MRK,1164000000
20260807,MRK,2509000000
20260515,MRLN,8528000
20250717,MRSH,600000000
20260416,MRSH,755000000
20260721,MRSH,1512000000
20250530,MRVL,340000000
20250829,MRVL,540000000
20260528,MRVL,340000000
20260828,MRVL,540000000
20250515,MSBB,240127
20260213,MSBB,20710
20260512,MSBB,240127
20250808,MSBI,1944000
20250908,MSBI,4970000
20260430,MSBI,7924000
20260730,MSBI,10668000
20250722,MSCI,351584000
20260421,MSCI,414800000
20260721,MSCI,583200000
20250508,MSDL,9616000
20250807,MSDL,30009000
20260507,MSDL,14711000
20260806,MSDL,30009000
20250501,MSEX,868000
20250731,MSEX,1328000
20250430,MSFT,4781000000
20251029,MSFT,5650000000
20260128,MSFT,13065000000
20260429,MSFT,4781000000
20251106,MSGE,25000000
20260206,MSGE,25000000
20260814,MSGM,3717063
20250501,MSI,325000000
20250807,MSI,543000000
20260507,MSI,325000000
20260805,MSI,543000000
20250513,MSIF,6547000
20250814,MSIF,12729000
20260508,MSIF,16030000
20260807,MSIF,16030000
20260107,MSM,18072000
20260401,MSM,30541000
20250815,MSSAF,6139261
20250505,MTB,656000000
20250804,MTB,1725000000
20260505,MTB,1238000000
20260804,MTB,1725000000
20250508,MTCH,188676000
20250806,MTCH,419676000
20260506,MTCH,188676000
20260805,MTCH,419676000
20250502,MTD,218749000
20250801,MTD,437497000
20260508,MTD,218749000
20260731,MTD,437497000
20250725,MTDR,44249000
20260508,MTDR,707000
20260807,MTDR,44249000
20250430,MTG,225176000
20250730,MTG,411585000
20260429,MTG,225176000
20260729,MTG,411585000
20250725,MTH,89999000
20260424,MTH,130000000
20260731,MTH,230000000
20250605,MTN,75000000
20251210,MTN,20000000
20260309,MTN,45000000
20260608,MTN,30000000
20250730,MTRN,7843000
20260805,MTRN,7843000
20250508,MTSI,41260000
20260205,MTSI,47916000
20250508,MTUS,5600000
20250807,MTUS,14000000
20260505,MTUS,5600000
20260804,MTUS,8900000
20250808,MTW,5700000
20250725,MTX,34600000
20260501,MTX,11500000
20260731,MTX,30500000
20250501,MTZ,26843000
20250731,MTZ,77326000
20260430,MTZ,26843000
20260730,MTZ,77326000
20251218,MU,300000000
20260319,MU,650000000
20250507,MUR,100072000
20250806,MUR,105887000
20260506,MUR,100072000
20260805,MUR,102620000
20250508,MUSA,150000000
20250731,MUSA,363800000
20260507,MUSA,150000000
20260806,MUSA,363800000
20250807,MVBF,6380000
20260805,MVBF,6380000
20250506,MWA,10000000
20260205,MWA,5500000
20260506,MWA,5500000
20250512,MX,4659000
20250805,MX,6859000
20260508,MX,1306
20260810,MX,4020
20260813,MXCT,1478000
20250501,MYE,1008000
20250731,MYE,1515000
20260507,MYE,1008000
20260730,MYE,1515000
20250507,MYFW,2000
20250801,MYFW,483000
20260501,MYFW,146000
20260731,MYFW,483000
20250509,MYPS,2836000
20250808,MYPS,28669000
20260511,MYPS,1554000
20260811,MYPS,3450000
20250430,MYRG,75000000
20250730,MYRG,75000000
20260429,MYRG,75000000
20260729,MYRG,75000000
20251104,MZTI,1440000
20260203,MZTI,21189000
20250807,NABL,10000000
20260810,NABL,10000000
20260506,NAGE,2354000
20260804,NAGE,5121000
20251112,NAII,8000
20260213,NAII,8000
20250508,NAKA,9557
20250805,NAKA,9557
20260513,NAKA,561000
20260813,NAKA,561000
20260507,NATL,16000000
20260805,NATL,16000000
20250506,NATR,1848000
20250731,NATR,12354000
20260507,NATR,500000
20260806,NATR,12354000
20250430,NAVI,43000000
20250730,NAVI,81000000
20260429,NAVI,35000000
20260807,NAVI,59000000
20250509,NBBK,40696000
20250808,NBBK,59593000
20260508,NBBK,40696000
20260807,NBBK,59593000
20250805,NBHC,4237000
20260507,NBHC,16112000
20260805,NBHC,27242000
20250505,NBIX,150000000
20250730,NBIX,167700000
20260505,NBIX,150000000
20260731,NBIX,167700000
20250509,NBTB,63000
20250808,NBTB,251000
20260508,NBTB,11014000
20260807,NBTB,14030000
20250430,NC,4274000
20250806,NC,7559000
20260505,NC,695000
20260805,NC,695000
20250508,NCDL,37056000
20250806,NCDL,63057000
20260507,NCDL,37056000
20260806,NCDL,63057000
20250506,NCMI,8800000
20250805,NCMI,18700000
20260512,NCMI,8800000
20260811,NCMI,18700000
20250528,NCNO,40588000
20250826,NCNO,60598000
20260527,NCNO,110083000
20260825,NCNO,175659000
20250428,NDAQ,115000000
20250725,NDAQ,215000000
20260424,NDAQ,548000000
20260723,NDAQ,903000000
20250529,NDSN,146252000
20260219,NDSN,86001000
20260521,NDSN,146252000
20250429,NE,20000000
20250806,NE,20000000
20260427,NE,20000000
20260728,NE,20000000
20250509,NECB,1251000
20250808,NECB,2474000
20260508,NECB,3609000
20260807,NECB,4669000
20250724,NEM,1359000000
20260423,NEM,1895000000
20260723,NEM,3462000000
20260728,NEO,25000000
20250731,NEU,77218000
20260423,NEU,125566000
20260730,NEU,126427000
20250808,NEWT,167000
20250506,NEXT,94000
20250801,NEXT,153000
20260501,NEXT,49000
20260730,NEXT,91000
20250501,NFG,50471000
20260129,NFG,33524000
20260430,NFG,50471000
20250718,NFLX,5190723000
20251022,NFLX,1856885000
20260417,NFLX,3536396000
20260717,NFLX,5984991000
20250807,NGL,8068000
20251104,NGL,29068000
20260804,NGL,8068000
20260507,NGVT,52300000
20260730,NGVT,86800000
20250508,NHC,9900000
20250807,NHC,11402000
20260507,NHC,16321000
20260806,NHC,23561000
20260429,NHTC,5870000
20250429,NIC,26047000
20250801,NIC,56036000
20260506,NIC,26047000
20260731,NIC,62643000
20251001,NKE,1184000000
20251230,NKE,2280000000
20250509,NKTR,3000000
20250808,NKTR,3000000
20250804,NMFC,9642000
20260504,NMFC,56597000
20260803,NMFC,65563000
20250430,NMIH,25943000
20250730,NMIH,52054000
20260501,NMIH,27675000
20260731,NMIH,59965000
20250509,NMRK,37161000
20250808,NMRK,125523000
20260508,NMRK,136347000
20260807,NMRK,151144000
20250508,NNI,35469000
20250806,NNI,82311000
20260507,NNI,16280000
20260806,NNI,40633000
20260317,NOBH,2970000
20260616,NOBH,2970000
20250722,NOC,1752000000
20260421,NOC,480000000
20260721,NOC,891000000
20250430,NOG,20007000
20250801,NOG,54877000
20260429,NOG,15005000
20260807,NOG,50047000
20250429,NOV,81000000
20250729,NOV,150000000
20260428,NOV,81000000
20250506,NOVT,6157000
20250805,NOVT,6157000
20260511,NOVT,18638000
20260805,NOVT,18638000
20250724,NOW,659000000
20260423,NOW,2225000000
20260723,NOW,2225000000
20260727,NP,31869000
20250513,NPCE,49546000
20250812,NPCE,49546000
20260512,NPCE,49546000
20260811,NPCE,49546000
20250502,NPKI,10810000
20250806,NPKI,19291000
20260501,NPKI,10810000
20260730,NPKI,19291000
20250509,NRC,14999000
20250808,NRC,14999000
20260506,NRC,4920000
20260804,NRC,10910000
20250807,NRDS,1100000
20260506,NRDS,66000000
20260806,NRDS,88800000
20250512,NRG,314000000
20250806,NRG,603000000
20260506,NRG,481000000
20260804,NRG,931000000
20250428,NRIM,788000
20250728,NRIM,788000
20250729,NSC,456000000
20260424,NSC,248000000
20260723,NSC,456000000
20250501,NSIT,35000000
20250731,NSIT,76118000
20260507,NSIT,75000000
20260806,NSIT,150000000
20250807,NSLR,9400000
20250429,NSP,23000000
20250801,NSP,37000000
20260501,NSP,19000000
20260730,NSP,19000000
20251103,NSSC,7280000
20260202,NSSC,18008000
20250814,NSTS,81000
20250827,NTAP,400000000
20251125,NTAP,700000000
20260902,NTAP,300000000
20250807,NTCT,25000000
20251106,NTCT,31565000
20260806,NTCT,15014000
20250502,NTGR,11444000
20250801,NTGR,21444000
20260501,NTGR,20152000
20260806,NTGR,33033000
20250509,NTIP,186000
20250808,NTIP,883000
20260508,NTIP,150000
20260806,NTIP,207000
20251204,NTNX,50225000
20260302,NTNX,383098000
20250430,NTRS,287200000
20250730,NTRS,626600000
20260430,NTRS,358900000
20260730,NTRS,709500000
20250428,NTST,1069000
20250723,NTST,1229000
20260420,NTST,1697000
20260722,NTST,1798000
20250514,NUE,1001000000
20250813,NUE,1501000000
20260513,NUE,300000000
20260812,NUE,500000000
20250509,NUS,5012000
20250808,NUS,5012000
20260508,NUS,5012000
20260810,NUS,5012000
20260430,NUTX,31730000
20260806,NUTX,50688000
20250528,NVDA,14095000000
20250827,NVDA,23815000000
20260520,NVDA,19312000000
20260826,NVDA,39044000000
20250902,NVMI,20002000
20250505,NVR,583394000
20250806,NVR,1135912000
20260506,NVR,631956000
20260805,NVR,1054807000
20250502,NVT,53100000
20250801,NVT,253100000
20260501,NVT,53100000
20260731,NVT,253100000
20250509,NWFL,349000
20250808,NWFL,580000
20260508,NWFL,349000
20260807,NWFL,349000
20250515,NWPP,85000
20250814,NWPP,175000
20260513,NWPP,68000
20260812,NWPP,106000
20250501,NWPX,3872000
20250808,NWPX,7455000
20260430,NWPX,2416000
20260730,NWPX,7455000
20251107,NWSA,92000000
20260206,NWSA,264000000
20250814,NWTG,500000
20260814,NWTG,500000
20250606,NX,27194000
20260306,NX,3698000
20260605,NX,27194000
20250507,NXDR,9751000
20250807,NXDR,53484000
20260506,NXDR,28659000
20260804,NXDR,28659000
20260515,NXDT,2250000
20260814,NXDT,2765000
20250429,NXPI,303000000
20250724,NXPI,613000000
20260428,NXPI,303000000
20250730,NXRT,14573000
20260805,NXRT,7657000
20250508,NXST,111000000
20250808,NXST,246000000
20260508,NXST,75000000
20260807,NXST,125000000
20250507,NYT,58957000
20250806,NYT,82561000
20260506,NYT,58957000
20260805,NYT,91780000
20260507,O,101909000
20260806,O,101915000
20260506,OBDC,35190000
20260805,OBDC,70296000
20250806,OBK,4382000
20260506,OBK,6832000
20260805,OBK,16945000
20250507,OC,161000000
20250806,OC,363000000
20260506,OC,136000000
20260805,OC,363000000
20250502,OCFC,15119000
20250804,OCFC,24308000
20260501,OCFC,6897000
20260807,OCFC,24308000
20250501,OCSL,5744000
20260204,OCSL,1455000
20260505,OCSL,5744000
20251208,ODC,6960000
20260311,ODC,12364000
20250506,ODFL,201077000
20250806,ODFL,597113000
20260506,ODFL,201077000
20260805,ODFL,424584000
20250507,OEC,19800000
20250806,OEC,24800000
20260506,OEC,19800000
20260805,OEC,24800000
20250430,OI,10000000
20250730,OI,20000000
20260429,OI,10000000
20260729,OI,20000000
20250724,OII,20114000
20260423,OII,10008000
20260723,OII,20114000
20250501,OIS,5346000
20250731,OIS,12043000
20260505,OIS,5346000
20260730,OIS,12043000
20250430,OKE,30000000
20250805,OKE,30000000
20260529,OKTA,248000000
20260827,OKTA,372000000
20260430,OLED,67119000
20260730,OLED,115218000
20250603,OLLI,25007000
20250903,OLLI,31435000
20260603,OLLI,53366000
20260902,OLLI,137330000
20250502,OLN,105400000
20250729,OLN,211400000
20260508,OLN,20200000
20260731,OLN,30300000
20250716,OMC,249800000
20260429,OMC,2777600000
20250806,OMCL,15652000
20260805,OMCL,15652000
20250515,OMER,11851000
20250814,OMER,11851000
20260513,OMER,4152000
20260812,OMER,9878000
20250502,OMF,16000000
20250729,OMF,37000000
20260501,OMF,107000000
20250505,ON,300100000
20250804,ON,602400000
20260504,ON,345700000
20260803,ON,690500000
20250430,ONB,13538000
20250730,ONB,21495000
20260429,ONB,104072000
20260505,ONIT,6100000
20260806,ONIT,12000000
20260507,ONT,9999000
20260806,ONT,29987000
20250508,ONTO,75015000
20250807,ONTO,75015000
20260505,ONTO,75015000
20260806,ONTO,204979000
20250609,OOMA,2203000
20250905,OOMA,5399000
20260605,OOMA,3254000
20260904,OOMA,5706000
20250509,OPBK,483000
20250811,OPBK,2691000
20260807,OPBK,713000
20250730,OPCH,152429000
20250807,OPFI,2533000
20260507,OPFI,9945000
20260810,OPFI,11194000
20250430,OPI,6000
20250730,OPI,21000
20250501,OPK,50000000
20250731,OPK,50000000
20260428,OPK,4767000
20260727,OPK,18255000
20260828,OPK,18255000
20250508,OPLN,100000
20250806,OPLN,9400000
20260505,OPLN,25700000
20260804,OPLN,48200000
20250801,OPY,9309000
20260501,OPY,90000
20260731,OPY,671000
20260507,ORA,24395000
20260806,ORA,24400000
20250725,ORC,7348000
20260424,ORC,659000
20260724,ORC,8016000
20250910,ORCL,150000000
20251211,ORCL,300000000
20250502,ORI,194400000
20250801,ORI,602900000
20260501,ORI,159800000
20260731,ORI,220000000
20250509,ORLY,559432000
20250808,ORLY,1176640000
20260508,ORLY,922947000
20260807,ORLY,2433023000
20250814,ORMP,371000
20260810,ORMP,371000
20250808,ORRF,65000
20260508,ORRF,429000
20260806,ORRF,429000
20250509,OSBC,1430000
20250807,OSBC,1492000
20260507,OSBC,24454000
20260806,OSBC,40207000
20251030,OSIS,80443000
20260129,OSIS,147030000
20250430,OSK,28700000
20250801,OSK,68700000
20260508,OSK,47300000
20260430,OSPN,5401000
20260804,OSPN,8297000
20250507,OSUR,1462000
20250806,OSUR,5000000
20260508,OSUR,5000000
20260807,OSUR,7000000
20250501,OSW,37901000
20250731,OSW,37901000
20260501,OSW,37901000
20260730,OSW,37901000
20251105,OTEX,107629000
20260205,OTEX,157625000
20260506,OTF,50184000
20260805,OTF,105321000
20250724,OTIS,600000000
20260423,OTIS,400000000
20260723,OTIS,807000000
20250814,OVBC,1931000
20250506,OVV,250000000
20250724,OVV,434000000
20251104,OVV,163000000
20260511,OVV,84000000
20260723,OVV,429000000
20250801,OWL,1691000
20260501,OWL,25000000
20260731,OWL,25000000
20250612,OXM,50526000
20250911,OXM,55202000
20260611,OXM,50526000
20260904,OXM,55202000
20250806,OXY,9000000
20260505,OXY,56000000
20260805,OXY,117000000
20250611,P,119936000
20250910,P,162178000
20260605,P,119936000
20260904,P,162178000
20250808,PAA,8000000
20260810,PAA,8000000
20250501,PAG,39900000
20250731,PAG,111200000
20260430,PAG,39900000
20260730,PAG,111200000
20260810,PAGP,8000000
20260514,PAL,517884
20260814,PAL,517884
20250808,PAMT,14928000
20260508,PAMT,11000
20260807,PAMT,14928000
20260810,PANL,1007000
20260507,PAR,33125000
20260806,PAR,33125000
20250508,PARR,51098000
20250806,PARR,103509000
20260506,PARR,51098000
20260805,PARR,80835000
20250603,PATH,227525000
20250908,PATH,329101000
20260604,PATH,243796000
20250508,PATK,8511000
20250807,PATK,31969000
20260507,PATK,14693000
20260806,PATK,106133000
20250807,PAYC,80800000
20260507,PAYC,1054300000
20260806,PAYC,1389700000
20250515,PAYD,3996
20250815,PAYD,3996
20250507,PAYO,50961000
20250806,PAYO,98654000
20260507,PAYO,74991000
20260806,PAYO,92670000
20250509,PAYS,375786
20250806,PAYS,375786
20260513,PAYS,375786
20260806,PAYS,375786
20250930,PAYX,160100000
20251222,PAYX,286600000
20250508,PB,35282000
20250807,PB,74766000
20260511,PB,57084000
20260806,PB,70758000
20260904,PBAM,3000000
20250501,PBF,125000000
20250731,PBF,225100000
20250509,PBFS,1572000
20250808,PBFS,4881000
20260312,PBFS,3146000
20260511,PBFS,1572000
20260810,PBFS,4881000
20250807,PBH,34775000
20251106,PBH,109775000
20260806,PBH,34775000
20250616,PBSV,17237
20250915,PBSV,5004
20260317,PBSV,1681
20260615,PBSV,17237
20250501,PCAR,4300000
20250731,PCAR,35000000
20260429,PCAR,4800000
20260729,PCAR,35000000
20250609,PCB,953000
20250724,PCB,953000
20250808,PCB,2723000
20260507,PCB,953000
20260806,PCB,3795000
20250502,PCOR,100029000
20250801,PCOR,103160000
20260506,PCOR,100035000
20260731,PCOR,103160000
20250805,PCRX,50039000
20260430,PCRX,50045000
20260804,PCRX,50045000
20250507,PCT,1697000
20250807,PCT,2800000
20260506,PCT,2223000
20260806,PCT,2800000
20251105,PCTY,200000000
20260206,PCTY,300000000
20260107,PCYO,108000
20260408,PCYO,301000
20250904,PD,27213000
20260528,PD,65456000
20260827,PD,72933000
20251030,PDEX,2311000
20260129,PDEX,3504000
20250508,PDFS,6899000
20250807,PDFS,6899000
20250501,PEB,14612000
20250729,PEB,15612000
20260428,PEB,14612000
20260729,PEB,15612000
20250506,PEBK,1998000
20250805,PEBK,1998000
20250501,PEBO,3000000
20250731,PEBO,3000000
20260730,PEBO,455000
20250722,PEGA,251689000
20260421,PEGA,167254000
20260721,PEGA,367701000
20260106,PENG,20193000
20260401,PENG,57134000
20250512,PENN,25000000
20250807,PENN,115300000
20260429,PENN,25000000
20260806,PENN,115300000
20250717,PEP,494000000
20260416,PEP,183000000
20260709,PEP,494000000
20250430,PFG,240300000
20250730,PFG,484500000
20260429,PFG,240300000
20251105,PFGC,29200000
20260204,PFGC,33600000
20260508,PFS,10255000
20260807,PFS,10255000
20250613,PFSA,6510830
20250814,PFSA,6510830
20250507,PFSB,206000
20250808,PFSB,648000
20260506,PFSB,206000
20260805,PFSB,648000
20260505,PFSI,50011000
20260804,PFSI,50011000
20250507,PFX,2339779
20260209,PFX,182876
20260505,PFX,3325188
20251024,PG,1939000000
20260123,PG,4449000000
20250509,PGC,2422000
20250808,PGC,4597000
20260807,PGC,2778000
20250509,PGNY,23764000
20250808,PGNY,183723000
20260508,PGNY,118607000
20260807,PGNY,148630000
20251107,PH,522000000
20260130,PH,667000000
20250722,PHM,600000000
20260423,PHM,308183000
20260722,PHM,681167000
20250430,PII,16000000
20250729,PII,82300000
20260428,PII,9200000
20250724,PINE,8798000
20260423,PINE,4482000
20260723,PINE,8798000
20250508,PINS,175000000
20250807,PINS,227626000
20260504,PINS,1946308000
20260804,PINS,2024886000
20250508,PIPR,80629000
20250806,PIPR,101518000
20260507,PIPR,80629000
20260805,PIPR,101518000
20250501,PJT,127138000
20250731,PJT,190500000
20260430,PJT,127138000
20260730,PJT,190500000
20250505,PK,45000000
20250801,PK,45000000
20260501,PK,45000000
20260807,PK,45000000
20250806,PKBK,29000
20250716,PKE,2165000
20251014,PKE,2165000
20260720,PKE,2165000
20260508,PKG,58800000
20260807,PKG,58800000
20250611,PLAB,76682000
20260311,PLAB,4573000
20260611,PLAB,76682000
20250610,PLAY,23900000
20250915,PLAY,60000000
20260615,PLAY,23900000
20260506,PLBC,2027000
20260805,PLBC,2783000
20260810,PLBY,2000000
20250611,PLCE,320000
20250905,PLCE,566000
20260612,PLCE,84000
20250515,PLGO,22100000
20250813,PLGO,110800000
20260513,PLGO,219400000
20260812,PLGO,279500000
20260508,PLMR,23088000
20260805,PLMR,64105000
20250509,PLNT,50009000
20250807,PLNT,300205000
20260507,PLNT,51105000
20260806,PLNT,251254000
20250805,PLOW,6000000
20260505,PLOW,3000000
20260803,PLOW,6000000
20250502,PLPC,131000
20250731,PLPC,131000
20260430,PLPC,652000
20260730,PLPC,938000
20250506,PLTR,17998000
20250805,PLTR,36594000
20250807,PLUS,11569000
20251106,PLUS,23551000
20260804,PLUS,25462000
20250502,PLXS,25366000
20260205,PLXS,22391000
20260507,PLXS,43430000
20250915,PMCB,742179
20251218,PMCB,2145708
20250507,PMTS,1250000
20250808,PMTS,6481000
20250502,PNC,262000000
20250801,PNC,598000000
20260505,PNC,796000000
20260805,PNC,1418000000
20250519,PNRG,7095000
20250819,PNRG,10038000
20260520,PNRG,7095000
20260814,PNRG,10038000
20250807,PODD,30100000
20260506,PODD,300000000
20260805,PODD,300000000
20250429,POOL,56316000
20250730,POOL,160648000
20260428,POOL,64426000
20250512,POWI,23098000
20250806,POWI,55658000
20260507,POWI,23098000
20260806,POWI,55658000
20250520,POWW,1855569
20250808,POWW,366164
20251110,POWW,460661
20260810,POWW,171200
20250430,PPG,394000000
20250730,PPG,540000000
20260429,PPG,394000000
20250505,PPLI,179394000
20250804,PPLI,200000000
20260504,PPLI,179394000
20260803,PPLI,200000000
20250806,PRAA,10000000
20260508,PRAA,10000000
20260807,PRAA,20000000
20260428,PRCH,2511000
20260729,PRCH,2511000
20250501,PRDO,25192000
20250731,PRDO,46082000
20260507,PRDO,25192000
20260806,PRDO,46082000
20250723,PRG,61177000
20260429,PRG,26119000
20260730,PRG,51775000
20250630,PRGS,72449000
20260331,PRGS,30108000
20260630,PRGS,55091000
20250508,PRI,117990000
20250807,PRI,251821000
20260507,PRI,135002000
20260806,PRI,270227000
20260805,PRIM,50000000
20250804,PRK,20134000
20250512,PRKS,16898000
20250808,PRKS,228890000
20260511,PRKS,93833000
20260807,PRKS,220280000
20250502,PRLB,20890000
20250731,PRLB,26940000
20260501,PRLB,20890000
20260731,PRLB,23980000
20250508,PRM,14278000
20250807,PRM,40370000
20260506,PRM,8183000
20260731,PRM,40370000
20250508,PRMB,119200000
20250807,PRMB,221000000
20251106,PRMB,75800000
20260507,PRMB,119200000
20260805,PRMB,221000000
20251107,PROV,1464000
20260206,PROV,2595000
20260814,PRPO,29000
20260506,PRSU,25181000
20260805,PRSU,32714000
20250501,PRU,246000000
20250731,PRU,496000000
20260506,PRU,246000000
20260805,PRU,496000000
20250512,PRXA,204863
20250811,PRXA,409703
20260511,PRXA,205820
20260812,PRXA,409703
20250730,PSA,200000000
20250507,PSBD,1472064
20250806,PSBD,5702084
20260506,PSBD,1588747
20260805,PSBD,5702084
20260107,PSMT,5069000
20260408,PSMT,8802000
20250430,PSN,24995000
20250806,PSN,39994000
20260429,PSN,34989000
20250728,PSX,2004000000
20260429,PSX,269000000
20260805,PSX,666000000
20250501,PTC,150000000
20260205,PTC,200034000
20260507,PTC,826159000
20250429,PTEN,97782000
20250729,PTEN,230202000
20260428,PTEN,20295000
20260804,PTEN,35849000
20260507,PTRN,3618000
20260806,PTRN,3712000
20250508,PUBM,17500000
20250811,PUBM,43649000
20260507,PUBM,8500000
20260806,PUBM,43649000
20250501,PUMP,22508000
20250731,PUMP,45496000
20260211,PURR,9434000
20250604,PVH,572200000
20250905,PVH,577000000
20260605,PVH,572200000
20260902,PVH,577000000
20250501,PWR,118568000
20250731,PWR,134555000
20260430,PWR,118568000
20260730,PWR,134555000
20260811,PXLW,3192000
20250811,PXS,380000
20250429,PYPL,1501000000
20250729,PYPL,3051000000
20260505,PYPL,1500000000
20260512,Q,25000000
20260804,Q,50000000
20250430,QCOM,3498000000
20260204,QCOM,2650000000
20260429,QCOM,5442000000
20250508,QETH,1450909
20250807,QETH,1450909
20251107,QETH,100000
20260302,QETH,10848754
20260507,QETH,9295840
20260807,QETH,9295840
20250506,QLYS,39653000
20250805,QLYS,89545000
20260505,QLYS,53509000
20260804,QLYS,131388000
20251119,QNME,879574
20260219,QNME,805345
20251107,QNST,6745000
20260206,QNST,16797000
20250814,QNTO,44000
20260515,QNTO,11000
20260814,QNTO,31000
20250730,QRVO,124928000
20251103,QRVO,206340000
20260306,QSOL,100000
20260807,QSOL,278498
20260506,QSR,32000000
20260806,QSR,170000000
20260429,QTWO,97153000
20260729,QTWO,120081000
20250430,QUAD,3300000
20250730,QUAD,7600000
20260429,QUAD,3300000
20250724,R,261000000
20260423,R,233000000
20260723,R,332000000
20260512,RAL,50500000
20260730,RAL,151500000
20250806,RAMP,29872000
20251105,RAMP,79762000
20260805,RAMP,29872000
20260804,RBA,150000000
20250512,RBB,1481000
20250808,RBB,9624000
20260807,RBB,4470000
20250724,RBBN,2300000
20251023,RBBN,3500000
20260506,RBBN,824000
20260731,RBBN,2253000
20250807,RBCAA,72000
20260807,RBCAA,72000
20260514,RBKB,220000
20260813,RBKB,1813000
20260730,RBLX,375000000
20250509,RC,19050000
20250808,RC,55151000
20260508,RC,17405000
20260807,RC,55151000
20250508,RCKY,201000
20250807,RCKY,201000
20260505,RCKY,201000
20260804,RCKY,1990000
20250429,RCL,241000000
20250729,RCL,241000000
20260430,RCL,836000000
20260728,RCL,1035000000
20250508,RCMT,3188000
20250807,RCMT,5391000
20260514,RCMT,6688000
20260813,RCMT,6657000
20260513,RDAC,16874
20260807,RDAC,27258883
20260501,RDDT,4999000
20260731,RDDT,239590000
20250502,RDN,208924000
20250801,RDN,431909000
20260508,RDN,208924000
20260807,RDN,431909000
20250507,RDVT,1415000
20250806,RDVT,5853000
20260506,RDVT,2687000
20260810,RDVT,3122000
20250804,REG,200066000
20250429,REGN,1041400000
20250801,REGN,2102900000
20260429,REGN,1041400000
20260730,REGN,2102900000
20250812,REKR,180000
20260511,REKR,93000
20260813,REKR,162000
20260506,RELY,42499000
20260805,RELY,65164000
20260506,REPX,4048000
20260805,REPX,4902000
20250724,RES,9858000
20260508,RES,3452000
20260730,RES,3452000
20250604,REX,32670000
20250902,REX,33382000
20260602,REX,32670000
20260903,REX,33382000
20260428,REXR,200110000
20260728,REXR,300166000
20250506,RF,242000000
20250805,RF,386000000
20260507,RF,401000000
20260806,RF,460000000
20260806,RGLD,30003000
20251008,RGP,5000000
20260108,RGP,10002000
20250430,RGR,3219000
20250730,RGR,20276000
20260506,RGR,2991000
20260729,RGR,16148000
20250502,RHI,85887000
20250805,RHI,146191000
20260501,RHI,49935000
20260804,RHI,70999000
20260507,RHLD,38000000
20260806,RHLD,87500000
20250512,RICK,6114000
20260507,RICK,9831000
20260528,RICK,12269000
20260505,RIGL,3740000
20260804,RIGL,4251000
20250501,RIOT,1998000
20250731,RIOT,10769000
20260430,RIOT,2020000
20260810,RIOT,2519000
20250807,RL,323300000
20251106,RL,435900000
20260806,RL,325100000
20251110,RLGT,834000
20260209,RLGT,3493000
20260724,RLI,12046000
20250505,RLJ,4031000
20250808,RLJ,9014000
20260504,RLJ,3135000
20260807,RLJ,3556000
20260512,RLMD,3360000
20260806,RLMD,9817890
20250502,RM,6469000
20250801,RM,11474000
20260501,RM,7506000
20260731,RM,12653000
20250509,RMBI,4233622
20250808,RMBI,5633659
20260512,RMBI,4233622
20260813,RMBI,5633659
20250429,RMBS,50812000
20250729,RMBS,63312000
20260428,RMBS,2569000
20250811,RMCO,60000
20260514,RMCO,30000
20260813,RMCO,60000
20251031,RMD,150010000
20260130,RMD,325024000
20250506,RMR,124000
20260204,RMR,35000
20260506,RMR,81000
20250509,RNG,80468000
20250807,RNG,162006000
20260511,RNG,81334000
20260723,RNG,174985000
20250430,RNGR,8500000
20250729,RNGR,13800000
20260428,RNGR,500000
20250724,RNR,731358000
20260429,RNR,357712000
20260723,RNR,731358000
20260507,RNST,75806000
20260805,RNST,136338000
20260209,ROAD,22424000
20260508,ROAD,25968000
20250430,ROCK,62394000
20250806,ROCK,62499000
20260507,ROCK,62394000
20260805,ROCK,62499000
20250430,ROG,300000
20250801,ROG,28100000
20251030,ROG,10000000
20250811,ROIV,648385000
20251110,ROIV,754439000
20260806,ROIV,208293000
20250507,ROK,314000000
20260205,ROK,153000000
20260505,ROK,599000000
20260501,ROKU,100000000
20260806,ROKU,162702000
20250724,ROL,14922000
20260423,ROL,22350000
20260723,ROL,42826000
20260805,ROOT,20700000
20260501,ROP,1500100000
20260731,ROP,2726700000
20250611,ROST,262521000
20250910,ROST,525021000
20260602,ROST,318750000
20260901,ROST,637500000
20251001,RPM,17500000
20260108,RPM,35000000
20250508,RPRX,708781000
20250806,RPRX,1000353000
20260506,RPRX,708781000
20260805,RPRX,1000353000
20260501,RPT,223000
20260731,RPT,224000
20250509,RRBI,10000000
20250808,RRBI,10764000
20260807,RRBI,5756000
20250807,RRR,30855000
20260507,RRR,38341000
20260807,RRR,38341000
20250501,RS,253200000
20250730,RS,519300000
20260429,RS,253200000
20250730,RSG,168000000
20260508,RSG,292000000
20260807,RSG,659000000
20250501,RSI,5162000
20250731,RSI,7634000
20260429,RSI,5162000
20260730,RSI,7634000
20250515,RSRV,126020
20250814,RSRV,227277
20260515,RSRV,25440
20260814,RSRV,25440
20251114,RSSS,23387
20260213,RSSS,205278
20250722,RTX,100000000
20260421,RTX,50000000
20260723,RTX,50000000
20250508,RUM,525000000
20250811,RUM,525000000
20260514,RUM,525000000
20260810,RUM,525000000
20250509,RUSHA,29642000
20250808,RUSHA,117082000
20260508,RUSHA,29642000
20260807,RUSHA,117082000
20250506,RVLV,8119000
20250805,RVLV,10018000
20260804,RVLV,9978000
20250506,RVRF,118000
20250805,RVRF,903000
20260505,RVRF,926000
20260804,RVRF,1491000
20251107,RVSB,811000
20260814,RVSB,1721000
20250506,RVTY,153594000
20250805,RVTY,447501000
20260512,RVTY,153594000
20260811,RVTY,447501000
20250512,RWAY,10609000
20250807,RWAY,23450000
20260806,RWAY,8141000
20250808,RWT,7513000
20260507,RWT,1118000
20260805,RWT,7513000
20260501,RYAN,40019000
20260731,RYAN,300182000
20250502,RYN,38000
20250808,RYN,4163000
20260508,RYN,1006000
20250430,RYZ,1000000
20250729,RYZ,15000000
20260506,RYZ,1600000
20260729,RYZ,2400000
20250828,S,52693000
20260828,S,52693000
20260501,SAFE,3200000
20260731,SAFE,16050000
20250724,SAH,44100000
20260430,SAH,135700000
20260730,SAH,142000000
20250602,SAIC,142000000
20250904,SAIC,304000000
20260601,SAIC,188000000
20260831,SAIC,286000000
20250724,SAM,112958000
20260430,SAM,49394000
20260723,SAM,101617000
20250508,SAMG,3867000
20250731,SAMG,18948000
20260511,SAMG,3867000
20260730,SAMG,18948000
20250507,SAR,1772
20260508,SARO,60064000
20260807,SARO,100085000
20250501,SBAC,106157000
20250807,SBAC,200019000
20260806,SBAC,130696000
20250813,SBC,2415262
20260813,SBC,2415262
20250808,SBCF,880000
20260506,SBCF,10000000
20260804,SBCF,33327000
20260807,SBET,10022000
20250508,SBFG,712000
20250807,SBFG,3030000
20260507,SBFG,712000
20260806,SBFG,3030000
20250515,SBFM,3139651
20250812,SBFM,3139651
20250512,SBH,40400000
20260209,SBH,20757000
20260511,SBH,46349000
20250807,SBLK,68889000
20260807,SBLK,68889000
20250725,SBSI,11076000
20260724,SBSI,11076000
20250429,SBUX,1266700000
20260730,SCE-PM,30000000
20250919,SCHL,5000000
20251219,SCHL,10000000
20250509,SCHW,1500000000
20260508,SCHW,2378000000
20260807,SCHW,3377000000
20250501,SCI,130450000
20250731,SCI,324023000
20260430,SCI,143153000
20260730,SCI,324023000
20260501,SCIA,267500
20260730,SCIA,267500
20260810,SCM,2436708
20251106,SCSC,28126000
20260205,SCSC,52342000
20250508,SD,5047000
20250807,SD,5927000
20260507,SD,5047000
20260806,SD,5927000
20250512,SDRL,119000000
20250807,SDRL,241000000
20260810,SDRL,17000000
20250506,SEAT,5992000
20250805,SEAT,20069000
20260505,SEAT,5992000
20260804,SEAT,15862000
20250729,SEB,24000000
20260804,SEB,24000000
20250508,SEDG,33222000
20250807,SEDG,50015000
20250507,SEI,8092000
20250801,SEI,8092000
20250428,SEIC,203723000
20250728,SEIC,383304000
20260427,SEIC,214751000
20260727,SEIC,383304000
20250807,SENEA,6640000
20251105,SENEA,9991000
20260806,SENEA,3774000
20250428,SEVN,75000
20250728,SEVN,88000
20260428,SEVN,7000
20250508,SEZL,3795000
20250808,SEZL,30663000
20260507,SEZL,25746000
20260807,SEZL,32805000
20250507,SF,93173000
20250806,SF,176211000
20260504,SF,96408000
20260805,SF,268491000
20250513,SFBC,5000
20250812,SFBC,64000
20250509,SFDL,99000
20250812,SFDL,769000
20250911,SFL,10025000
20260826,SFL,10025000
20250430,SFM,218762000
20250730,SFM,292223000
20260429,SFM,218762000
20260729,SFM,292223000
20260805,SFNC,14245000
20250508,SGC,3777000
20250805,SGC,7926000
20260504,SGC,3777000
20260804,SGC,7926000
20260806,SGP,1450000
20250516,SGRP,1800000
20250717,SGRP,1800000
20250814,SGRP,1800000
20250508,SGST,442933
20250807,SGST,903578
20260512,SGST,442933
20260811,SGST,674336
20260828,SGST,674336
20260803,SHBI,1060000
20250807,SHIP,1722000
20250805,SHLS,25231000
20250506,SHO,8016000
20250806,SHO,98470000
20260505,SHO,29144000
20260806,SHO,98470000
20260605,SHOE,7002000
20250509,SHOO,37337000
20250805,SHOO,75549000
20260508,SHOO,7770000
20260731,SHOO,8352000
20260505,SHOP,491000000
20260805,SHOP,1911000000
20250603,SIG,117400000
20250905,SIG,149700000
20260602,SIG,117400000
20250725,SIGI,25458000
20260424,SIGI,35027000
20260724,SIGI,67405000
20250515,SINT,86000
20250814,SINT,133000
20260515,SINT,86000
20260811,SINT,133000
20250501,SIRI,25000000
20250731,SIRI,70000000
20260430,SIRI,25000000
20260730,SIRI,70000000
20250430,SITE,3800000
20250730,SITE,58300000
20260429,SITE,20000000
20250827,SJM,4600000
20251125,SJM,5000000
20260826,SJM,5700000
20260504,SKT,20000000
20260806,SKT,20000000
20260511,SKWD,8665000
20260807,SKWD,19427000
20250806,SKY,50000000
20251105,SKY,100000000
20260805,SKY,50000000
20260514,SKYA,1588861
20260807,SKYA,2011573
20250515,SLBK,230000
20250814,SLBK,230000
20260430,SLDE,137109000
20260730,SLDE,190932000
20250507,SLDP,4914000
20250807,SLDP,8274000
20260805,SLDP,3592000
20250508,SLGN,7675000
20250807,SLGN,7735000
20260506,SLGN,7844000
20260806,SLGN,7844000
20250724,SLM,101401000
20260423,SLM,290656000
20260723,SLM,293805000
20260515,SLNH,56000
20260813,SLNH,131000
20250509,SLVM,20000000
20250808,SLVM,40000000
20260508,SLVM,20000000
20260807,SLVM,40000000
20250502,SM,32768000
20250801,SM,83991000
20260806,SM,87000000
20250811,SMBK,2968000
20260810,SMC,1009000
20250507,SMG,18300000
20260204,SMG,15600000
20260506,SMG,18300000
20250730,SMHI,7089000
20260729,SMHI,7089000
20250815,SMNR,8617553
20250430,SMP,2235000
20250805,SMP,10409000
20260430,SMP,283000
20260804,SMP,283000
20260108,SMPL,99638000
20260409,SMPL,188181000
20250507,SMRT,4373000
20250806,SMRT,6381000
20260506,SMRT,1202000
20260805,SMRT,4918000
20260506,SN,18461000
20260805,SN,119176000
20250717,SNA,166200000
20260423,SNA,99900000
20260723,SNA,191300000
20250430,SNAP,257100000
20250806,SNAP,500573000
20260507,SNAP,350499000
20260804,SNAP,600964000
20250506,SNBRQ,570000
20250731,SNBRQ,944000
20260512,SNBRQ,563000
20250812,SND,372000
20260512,SND,1238000
20260811,SND,1350000
20250501,SNDR,13000000
20250731,SNDR,25800000
20260501,SNDR,8300000
20260731,SNDR,8300000
20250515,SNFCA,242265
20250814,SNFCA,1629135
20260511,SNFCA,785521
20260810,SNFCA,1336526
20250926,SNNF,70000
20250530,SNOW,516329000
20250905,SNOW,916329000
20260529,SNOW,490638000
20260904,SNOW,490638000
20260527,SNPS,262500000
20250702,SNX,453375000
20260402,SNX,100510000
20260702,SNX,249328000
20260505,SOLV,67000000
20260805,SOLV,355000000
20250502,SON,10573000
20250728,SON,10576000
20260428,SON,10573000
20250508,SONO,76250000
20260204,SONO,27165000
20260505,SONO,65121000
20250520,SOPAQ,487240
20250813,SOPAQ,487240
20260515,SPAI,731079
20260814,SPAI,2330134
20250508,SPB,340500000
20260205,SPB,72900000
20260507,SPB,232800000
20250506,SPFI,8250000
20250805,SPFI,8526000
20260505,SPFI,8250000
20260806,SPFI,12842000
20260511,SPG,175284000
20260810,SPG,336011000
20250429,SPGI,650000000
20250801,SPGI,1301000000
20260428,SPGI,1000000000
20250505,SPNT,490800000
20250804,SPNT,490800000
20260507,SPNT,490800000
20260729,SPNT,490800000
20250730,SPSC,59558000
20260430,SPSC,47124000
20260730,SPSC,98358000
20260821,SQFT,1526551
20251114,SRBK,2926000
20260213,SRBK,7052000
20250724,SRCE,3295000
20260423,SRCE,23350000
20260723,SRCE,23350000
20250508,SRE,57000000
20250807,SRE,58000000
20260507,SRE,57000000
20250806,SRPT,25013000
20250805,SRTA,244000
20250515,SRTS,300000
20250812,SRTS,300000
20260513,SRTS,300000
20260814,SRTS,300000
20260514,SRXH,7000
20250502,SSB,15938000
20250801,SSB,16078000
20260501,SSB,160436000
20260731,SSB,258393000
20250509,SSD,25000000
20250808,SSD,60000000
20260507,SSD,50000000
20260806,SSD,98714000
20250430,SSNC,206900000
20250730,SSNC,477200000
20260430,SSNC,206900000
20260730,SSNC,605700000
20250506,SSRM,9825000
20250805,SSRM,9825000
20260804,SSRM,337782000
20260512,SST,202000
20250515,SSTI,504000
20250813,SSTI,1999000
20260515,SSTI,504000
20260814,SSTI,974000
20250729,SSTK,20592000
20250508,ST,100500000
20250729,ST,120600000
20260428,ST,100500000
20260729,ST,120600000
20250806,STAA,4479000
20260812,STAA,4479000
20260508,STBA,49678000
20260806,STBA,97289000
20250507,STC,3390000
20250805,STC,3517000
20260506,STC,5233000
20260804,STC,5326000
20250807,STE,64200000
20251106,STE,111100000
20260807,STE,115500000
20260807,STEP,19221000
20250508,STGW,29698000
20250731,STGW,86934000
20260501,STGW,40728000
20260731,STGW,87956000
20250807,STHO,189000
20260508,STHO,1998000
20260807,STHO,1998000
20260806,STI,2814747
20250507,STKS,307000
20250805,STKS,905000
20260506,STKS,307000
20260807,STKS,905000
20250512,STLD,298059000
20250811,STLD,607123000
20251024,STLD,309901000
20260427,STLD,250138000
20260728,STLD,450186000
20250813,STLY,3834000
20260513,STLY,287000
20260812,STLY,3834000
20250730,STRA,60032000
20260423,STRA,39995000
20260729,STRA,72745000
20250506,STRL,43846000
20250805,STRL,43846000
20260505,STRL,43846000
20260804,STRL,43846000
20250513,STRR,936000
20250808,STRR,2382000
20260512,STRR,712000
20260814,STRR,869000
20250515,STRS,410000
20250812,STRS,526000
20260512,STRS,489000
20250509,STRW,153000
20250808,STRW,660000
20260806,STRW,652000
20250501,STT,119000000
20250731,STT,400000000
20260429,STT,400000000
20260730,STT,800000000
20260514,STUB,1000000
20260813,STUB,1000000
20260508,STWD,19936000
20260806,STWD,29940000
20251031,STX,29000000
20260130,STX,29000000
20250702,STZ,306100000
20251007,STZ,604000000
20260701,STZ,306100000
20250731,SUI,202800000
20260428,SUI,60100000
20250513,SUIG,630436
20250814,SUIG,630436
20260508,SUIG,630436
20260806,SUIG,630000
20250515,SUNE,2865
20250815,SUNE,6098
20250506,SVC,13000
20250805,SVC,78000
20260506,SVC,31000
20260805,SVC,80000
20250502,SVV,11842000
20250731,SVV,35646000
20260506,SVV,11842000
20260806,SVV,35646000
20250509,SW,27000000
20250807,SW,27000000
20250904,SWBI,12856000
20251204,SWBI,22620000
20250509,SWDS,514516000
20250711,SWDS,100000000
20250813,SWDS,861005000
20260511,SWDS,120313000
20260812,SWDS,202132000
20250430,SWK,11700000
20250729,SWK,12500000
20251104,SWK,2300000
20260429,SWK,15300000
20260729,SWK,267400000
20250515,SWKHL,999000
20250814,SWKHL,1950000
20250507,SWKS,500000000
20260505,SWKS,500000000
20251031,SXI,4382000
20260202,SXI,9582000
20250506,SYBT,1638000
20250805,SYBT,1916000
20260505,SYBT,1608000
20260804,SYBT,1916000
20250723,SYF,1109000000
20260423,SYF,900000000
20260723,SYF,1778000000
20251106,SYNA,7200000
20260205,SYNA,74500000
20251029,SYY,108000000
20260128,SYY,300000000
20250429,T,218000000
20250724,T,1179000000
20260427,T,2475000000
20260722,T,4669000000
20250506,TALO,17291000
20250807,TALO,54736000
20260506,TALO,38203000
20260805,TALO,54736000
20250508,TAP,113600000
20250805,TAP,375300000
20260806,TAP,306800000
20250512,TASK,9684000
20250807,TASK,27783000
20260507,TASK,9684000
20260806,TASK,27783000
20260812,TAVI,76384945
20250508,TBBK,50363000
20250808,TBBK,151353000
20260506,TBBK,50290000
20260806,TBBK,100758000
20250508,TBCH,1750000
20250807,TBCH,15207000
20260507,TBCH,2199000
20260806,TBCH,27197000
20250505,TBI,10067000
20250804,TBI,16986000
20250507,TBLA,49342000
20250806,TBLA,150008000
20260506,TBLA,49342000
20260805,TBLA,150008000
20250512,TBPH,445000
20250813,TBPH,445000
20250717,TCBI,81534000
20260423,TCBI,75141000
20260723,TCBI,98709000
20250512,TCBK,4109000
20250811,TCBK,19822000
20260508,TCBK,22423000
20260807,TCBK,24203000
20250513,TCBS,495000
20250807,TCBS,1341000
20260507,TCBS,495000
20260811,TCBS,1341000
20250505,TCMD,10018000
20250804,TCMD,26562000
20260504,TCMD,10018000
20260810,TCMD,26562000
20250508,TCPC,26915
20250807,TCPC,301378
20260507,TCPC,2281347
20260806,TCPC,2871849
20260814,TDAC,27817434
20250501,TDAY,2761000
20250731,TDAY,3103000
20260430,TDAY,2761000
20260806,TDAY,3064000
20250507,TDC,124000000
20250806,TDC,171000000
20260506,TDC,44000000
20260805,TDC,74000000
20250506,TDG,369000000
20260203,TDG,316000000
20260505,TDG,721000000
20250505,TDW,39275000
20250804,TDW,90089000
20260504,TDW,39275000
20260803,TDW,90089000
20250728,TDY,193800000
20260724,TDY,2900000
20250512,TEAD,4015000
20250808,TEAD,6222000
20260508,TEAD,355000
20260807,TEAD,553000
20250502,TEAM,134305000
20251031,TEAM,252807000
20260206,TEAM,450246000
20260501,TEAM,990945000
20251105,TECH,24000
20260204,TECH,75628000
20250428,TEL,885000000
20260123,TEL,405000000
20260424,TEL,819000000
20250506,TENB,60000000
20250808,TENB,124999000
20260505,TENB,130218000
20260804,TENB,230218000
20250502,TER,157475000
20250801,TER,274873000
20260501,TER,157475000
20260731,TER,274873000
20250502,TEX,32000000
20250731,TEX,55000000
20260501,TEX,32000000
20260730,TEX,55000000
20250430,TFC,500000000
20250731,TFC,1250000000
20260501,TFC,1134000000
20260731,TFC,2334000000
20250716,TFIN,3293000
20260421,TFIN,128000
20260721,TFIN,2227000
20250508,TFSL,1918000
20260205,TFSL,2988000
20260507,TFSL,5076000
20250501,TFX,300000000
20250731,TFX,300000000
20260507,TFX,300000000
20260806,TFX,300000000
20250530,TGT,250000000
20250829,TGT,258000000
20260529,TGT,250000000
20260828,TGT,258000000
20250519,TH,21160000
20250807,TH,21137000
20250429,THC,348000000
20250730,THC,1095000000
20260430,THC,348000000
20260729,THC,1360000000
20250507,THFF,795000
20250807,THFF,795000
20260506,THFF,795000
20260806,THFF,795000
20250501,THG,11000000
20250731,THG,38600000
20260430,THG,86900000
20260729,THG,141900000
20251203,THO,5047000
20260303,THO,30280000
20250724,THRM,21703000
20260723,THRM,10015000
20250730,THRY,499000
20260806,TIC,15684000
20250805,TILE,4286000
20260512,TILE,12000000
20260811,TILE,20795000
20250530,TJX,613000000
20250829,TJX,1144000000
20260529,TJX,613000000
20260828,TJX,1418000000
20250806,TKO,165000000
20260506,TKO,838310000
20260803,TKO,967623000
20250430,TKR,23100000
20250730,TKR,45700000
20260506,TKR,28000000
20260804,TKR,48000000
20250812,TLF,176000
20250508,TLN,83000000
20250807,TLN,654000000
20260505,TLN,100000000
20260805,TLN,298000000
20250811,TLS,4002000
20260511,TLS,2198000
20260810,TLS,6889000
20250502,TMO,3000000000
20250801,TMO,3000000000
20260501,TMO,3000000000
20260731,TMO,4000000000
20260505,TMP,1816000
20260731,TMP,2780000
20250723,TMUS,5981000000
20251023,TMUS,2479000000
20260428,TMUS,4826000000
20260723,TMUS,7146000000
20250501,TNC,20200000
20250807,TNC,33600000
20260505,TNC,60000000
20260806,TNC,60500000
20250430,TNDM,30000000
20250806,TNDM,30000000
20250725,TNET,135000000
20260430,TNET,90000000
20260730,TNET,91000000
20250723,TNL,140000000
20260422,TNL,87000000
20260722,TNL,175000000
20250512,TNXP,3047000
20250811,TNXP,5949000
20260511,TNXP,3047000
20260810,TNXP,5949000
20250529,TOL,204905000
20260227,TOL,50435000
20260529,TOL,230028000
20260814,TONT,158489876
20251001,TORO,3728008
20250509,TOST,17000000
20250806,TOST,36000000
20260508,TOST,323000000
20260805,TOST,486000000
20250507,TPB,2079000
20250811,TPB,3051000
20260506,TPC,20000000
20260805,TPC,30000000
20250507,TPL,10341000
20250806,TPL,16722000
20260506,TPL,100000
20260805,TPL,100000
20251106,TPR,698200000
20260205,TPR,1613000000
20250509,TR,6483000
20250808,TR,6483000
20260508,TR,6483000
20260807,TR,6483000
20251113,TRAK,149985
20260217,TRAK,1248593
20250508,TREX,5145000
20250804,TREX,5570000
20260507,TREX,82826000
20260804,TREX,153557000
20250807,TRIP,40000000
20260806,TRIP,40000000
20250512,TRMB,627400000
20250806,TRMB,677400000
20260506,TRMB,627400000
20260812,TRMB,677400000
20250506,TRMK,15014000
20250805,TRMK,26024000
20260506,TRMK,19804000
20260805,TRMK,40883000
20250501,TRN,8200000
20250731,TRN,39000000
20260430,TRN,8200000
20260730,TRN,39000000
20250507,TRNO,1942000
20250806,TRNO,1993000
20260506,TRNO,2334000
20260805,TRNO,2368000
20260814,TRNR,199000
20250806,TRNS,1619000
20251105,TRNS,3026000
20260804,TRNS,1855000
20250502,TROW,215200000
20250801,TROW,328300000
20260430,TROW,333500000
20260731,TROW,500800000
20250429,TRS,13320000
20250729,TRS,16850000
20260430,TRS,54530000
20260731,TRS,73460000
20250808,TRST,5333000
20260508,TRST,23905000
20260810,TRST,48474000
20250429,TRTX,2789000
20250729,TRTX,15685000
20260428,TRTX,4197000
20250724,TRU,38800000
20260428,TRU,12100000
20250717,TRV,750000000
20260416,TRV,1785000000
20260717,TRV,3098000000
20250509,TSBK,3034000
20260206,TSBK,1000000
20260507,TSBK,4108000
20250508,TSCO,117843000
20250807,TSCO,255756000
20260507,TSCO,118019000
20260806,TSCO,253607000
20260804,TSLX,500000
20250508,TSNDF,231000
20250807,TSNDF,377000
20260507,TSNDF,231000
20260806,TSNDF,391000
20250508,TSQ,4299000
20250806,TSQ,22133000
20250515,TSSI,1654000
20250811,TSSI,3920000
20260507,TSSI,1654000
20260813,TSSI,3920000
20260814,TSSI,3920000
20250430,TT,477500000
20250730,TT,879600000
20260430,TT,477500000
20260730,TT,879600000
20250605,TTC,200000000
20260305,TTC,100000000
20260604,TTC,285100000
20250508,TTD,386250000
20250807,TTD,647093000
20260507,TTD,386250000
20260806,TTD,647093000
20250508,TTEK,174984000
20260130,TTEK,50000000
20260501,TTEK,174984000
20250506,TTMI,17875000
20250804,TTMI,34479000
20260501,TTMI,17875000
20260805,TTMI,17875000
20260511,TUSK,404000
20260807,TUSK,534000
20250430,TW,844000
20250730,TW,844000
20260429,TW,53331000
20260730,TW,240549000
20260508,TWFG,16557000
20260806,TWFG,42857000
20250430,TWI,1402000
20250731,TWI,7762000
20250502,TWLO,356900000
20250808,TWLO,1273699000
20260501,TWLO,253027000
20260807,TWLO,323249000
20250729,TXN,955000000
20260424,TXN,653000000
20260724,TXN,955000000
20250509,TXNM,6307000
20250801,TXNM,8249000
20260501,TXNM,6307000
20250509,TXRH,50151000
20250808,TXRH,60414000
20260508,TXRH,50151000
20260807,TXRH,71845000
20250724,TXT,675000000
20260430,TXT,215000000
20260728,TXT,429000000
20260513,TYFG,263000
20260813,TYFG,263000
20250730,TYL,1605000
20260429,TYL,250063000
20260729,TYL,755005000
20250513,TZOO,8918000
20250812,TZOO,11418000
20260514,TZOO,8918000
20260813,TZOO,11418000
20250808,UAA,40000000
20251106,UAA,40000000
20250717,UAL,589000000
20260422,UAL,349000000
20260716,UAL,589000000
20260514,UAMY,4982634
20260811,UAMY,7782194
20250514,UBCP,656000
20250814,UBCP,671000
20260514,UBCP,374000
20260812,UBCP,716000
20250507,UBER,1785000000
20250806,UBER,3148000000
20260506,UBER,3011000000
20260805,UBER,3529000000
20250509,UBSI,20348000
20250808,UBSI,52903000
20260508,UBSI,70261000
20260807,UBSI,136254000
20250808,UCB,13942000
20260506,UCB,37093000
20260805,UCB,37093000
20250729,UCTT,3400000
20260429,UCTT,40000000
20260804,UCTT,40000000
20250508,UDN,4997716
20250807,UDN,13513320
20260507,UDN,17170994
20260807,UDN,57351349
20251030,UDR,25000000
20260430,UDR,100000000
20250508,UEIC,1230000
20250808,UEIC,1841000
20260511,UEIC,383000
20260806,UEIC,748000
20250507,UFPI,60553000
20250806,UFPI,251933000
20260506,UFPI,60553000
20260805,UFPI,251933000
20250508,UGI,17000000
20260205,UGI,12000000
20260507,UGI,23000000
20260805,UHAL,15570000
20250508,UHS,223385000
20250808,UHS,378542000
20260507,UHS,223385000
20260807,UHS,484601000
20250807,ULH,85000
20260813,ULH,85000
20250529,ULTA,369786000
20250828,ULTA,501768000
20260602,ULTA,545304000
20260827,ULTA,793183000
20250502,UMBF,15434000
20250731,UMBF,15724000
20260430,UMBF,32814000
20260730,UMBF,37901000
20260107,UNF,32736000
20260407,UNF,32736000
20260310,UNFI,25000000
20250507,UNH,3072000000
20250811,UNH,5545000000
20260505,UNH,3000000000
20260810,UNH,5545000000
20250430,UNM,200500000
20250730,UNM,500900000
20260429,UNM,398800000
20260729,UNM,608700000
20250724,UNP,2679000000
20260423,UNP,1420000000
20260723,UNP,2679000000
20250507,UNTY,4076000
20250806,UNTY,5918000
20260507,UNTY,324000
20260806,UNTY,1938000
20250514,UONE,1386000
20250813,UONE,2488000
20260514,UONE,997000
20260804,UONE,1726000
20250505,UP,338000
20250807,UP,404000
20260511,UP,201000
20260805,UP,247000
20250507,UPS,1000000000
20250806,UPS,1000000000
20260506,UPS,1000000000
20260805,UPS,1000000000
20260505,UPST,100057000
20260804,UPST,100057000
20250505,UPWK,66876000
20250806,UPWK,100000000
20260507,UPWK,107891000
20260810,UPWK,109725000
20250609,URBN,151935000
20250909,URBN,151935000
20260609,URBN,299996000
20250723,URI,791000000
20260422,URI,421000000
20250506,USB,160000000
20250807,USB,266000000
20260504,USB,276000000
20260806,USB,477000000
20250509,USCB,174000
20250808,USCB,380000
20260508,USCB,1001000
20260807,USCB,1001000
20250808,USEA,43000
20260807,USEA,17000
20250508,USFD,23000000
20250807,USFD,270000000
20260507,USFD,75000000
20260806,USFD,445000000
20250514,USIO,351640
20250806,USIO,708298
20260513,USIO,351640
20260812,USIO,708298
20250501,USLM,424000
20250731,USLM,424000
20260430,USLM,424000
20260730,USLM,424000
20250506,USNA,12300000
20250805,USNA,27507000
20260512,USNA,12300000
20260813,USNA,27507000
20260807,USPH,19233000
20250513,UTGN,108914
20250812,UTGN,216745
20260513,UTGN,195773
20260812,UTGN,410282
20250430,UTHR,1000000000
20250730,UTHR,1000000000
20260506,UTHR,1500000000
20260805,UTHR,1500000000
20250515,UTMD,3221000
20250812,UTMD,9393000
20260512,UTMD,3221000
20260812,UTMD,6708000
20250508,UUP,355832228
20250807,UUP,620305385
20260507,UUP,355832228
20260807,UUP,620305385
20250430,UVE,4508000
20250730,UVE,9763000
20260429,UVE,7149000
20260730,UVE,11687000
20250429,UVSP,6544000
20250729,UVSP,11440000
20260428,UVSP,11894000
20260728,UVSP,28531000
20260805,UVV,2746000
20250506,UWHR,167000
20250805,UWHR,596000
20260505,UWHR,274000
20260811,UWHR,765000
20250430,V,8607000000
20260130,V,4011000000
20260429,V,11625000000
20250509,VABK,26000
20250812,VABK,559000
20250508,VAC,36000000
20250806,VAC,36000000
20260505,VAC,36000000
20260806,VAC,36000000
20250915,VALU,179000
20251215,VALU,219000
20250724,VC,20000000
20251023,VC,20000000
20260423,VC,30000000
20260723,VC,36000000
20250509,VCTR,2946000
20250808,VCTR,26415000
20260507,VCTR,127229000
20260806,VCTR,218673000
20260605,VEEV,226947000
20260827,VEEV,472673000
20250808,VEL,7155000
20260507,VEL,4537000
20260806,VEL,7279000
20260507,VERX,20041000
20260804,VERX,46602000
20260511,VFF,6368000
20260810,VFF,6787000
20251030,VIAV,30000000
20260129,VIAV,30000000
20250801,VICR,17609000
20250606,VIRC,4000000
20250905,VIRC,4000000
20260603,VIRC,4000000
20260904,VIRC,4000000
20250429,VIRT,1566000
20250731,VIRT,1566000
20260501,VIRT,1566000
20260731,VIRT,1566000
20260507,VITL,20000000
20260806,VITL,35151000
20250507,VLN,9585000
20250806,VLN,19761000
20251112,VLN,3632000
20250724,VLO,2056000000
20260430,VLO,573000000
20260730,VLO,2836000000
20260429,VLTO,300000000
20250508,VLY,2162000
20250807,VLY,4326000
20260507,VLY,51802000
20260806,VLY,71896000
20250430,VMC,38100000
20250731,VMC,68800000
20260429,VMC,149500000
20250813,VMCAF,49900380
20260515,VMCAF,17592936
20260814,VMCAF,17592936
20250806,VMD,1664000
20260505,VMD,1439000
20260803,VMD,6761000
20250731,VMI,100007000
20260428,VMI,57550000
20260728,VMI,117540000
20250430,VMRK,38474000
20250806,VMRK,38474000
20260430,VMRK,219385000
20260730,VMRK,219385000
20260504,VNO,79899000
20260803,VNO,133396000
20250501,VNT,55000000
20250731,VNT,105100000
20260507,VNT,70000000
20260806,VNT,200000000
20250508,VOYA,172000000
20250807,VOYA,348000000
20260507,VOYA,150000000
20260806,VOYA,300000000
20250506,VPG,2755000
20250805,VPG,5887000
20250611,VRA,6348000
20250911,VRA,15893000
20260805,VRNO,2003000
20250507,VRNS,61264000
20250730,VRNS,100000000
20260429,VRNS,135000000
20260729,VRNS,135000000
20250806,VRRM,51500000
20260506,VRRM,50237000
20260805,VRRM,51567000
20250507,VRSK,170100000
20250730,VRSK,327500000
20251029,VRSK,340000000
20260429,VRSK,1401800000
20250724,VRSN,660200000
20251023,VRSN,218700000
20260423,VRSN,241700000
20260723,VRSN,426800000
20250730,VRT,599900000
20250509,VRTS,20000000
20250807,VRTS,50000000
20260508,VRTS,20000000
20260807,VRTS,50000000
20250506,VRTX,426100000
20250805,VRTX,817900000
20260505,VRTX,426100000
20260804,VRTX,817900000
20260515,VSEE,50000
20260814,VSEE,50000
20250507,VSH,12538000
20250806,VSH,25160000
20260513,VSH,12538000
20260805,VSH,12538000
20260514,VSNT,100000000
20260806,VSNT,200000000
20250508,VST,337000000
20250808,VST,622000000
20260508,VST,372000000
20260810,VST,709000000
20260605,VSXY,100000000
20260904,VSXY,100000000
20250507,VTOL,2495000
20250806,VTOL,8498000
20260506,VTOL,11028000
20260805,VTOL,11036000
20250508,VTRS,250000000
20250807,VTRS,350400000
20251106,VTRS,67900000
20260507,VTRS,175400000
20260806,VTRS,350400000
20250508,VVV,212200000
20260204,VVV,45700000
20260507,VVV,76800000
20250508,VYX,62000000
20250807,VYX,69000000
20260507,VYX,62000000
20260805,VYX,69000000
20260501,VZ,2500000000
20260731,VZ,3500000000
20250724,WAB,375000000
20260422,WAB,242000000
20260722,WAB,457000000
20250509,WABC,18225000
20250806,WABC,56572000
20260508,WABC,51003000
20260805,WABC,92519000
20250502,WAFD,24751000
20260204,WAFD,58017000
20260505,WAFD,145224000
20260511,WAL,50300000
20260731,WAL,52600000
20250806,WASH,296000
20260806,WASH,296000
20250506,WAT,13934000
20250804,WAT,14309000
20260512,WAT,14000000
20260811,WAT,14000000
20250430,WAY,225000
20250730,WAY,844000
20260729,WAY,12741000
20250808,WBHC,2181000
20260508,WBHC,28000
20260807,WBHC,57000
20250501,WCC,50000000
20250731,WCC,350000000
20260430,WCC,25000000
20260730,WCC,50000000
20250724,WCN,389000
20260423,WCN,283959000
20260723,WCN,614507000
20250506,WD,9789000
20250807,WD,10598000
20260507,WD,19100000
20260806,WD,19398000
20250523,WDAY,290000000
20250822,WDAY,589000000
20260522,WDAY,1587000000
20260827,WDAY,2924000000
20251031,WDC,553000000
20260130,WDC,1168000000
20260108,WDFC,7849000
20260409,WDFC,15835000
20250507,WEC,2000000
20250801,WEC,3200000
20250502,WEN,122784000
20250808,WEN,186516000
20260508,WEN,122784000
20260807,WEN,186516000
20250509,WERN,6550000
20250811,WERN,67086000
20260807,WERN,55562000
20250501,WEX,790000000
20250724,WEX,799700000
20260423,WEX,790000000
20260723,WEX,799700000
20250509,WEYS,732000
20250807,WEYS,3135000
20260507,WEYS,732000
20260807,WEYS,3135000
20250429,WFC,6001000000
20250805,WFC,12013000000
20260429,WFC,4000000000
20260728,WFC,7015000000
20250508,WFCF,469000
20250807,WFCF,858000
20260514,WFCF,383000
20260806,WFCF,1102000
20250723,WFRD,87000000
20260422,WFRD,53000000
20260722,WFRD,87000000
20251219,WGO,33600000
20260325,WGO,53600000
20250501,WH,74000000
20250724,WH,186000000
20260430,WH,74000000
20260723,WH,153000000
20250501,WHD,8268000
20250731,WHD,8489000
20260508,WHD,7899000
20260731,WHD,8027000
20260507,WHF,3016000
20260810,WHF,5574000
20250808,WHG,1075000
20260813,WHK,854000
20250729,WHR,50000000
20250715,WINA,2418700
20260415,WINA,2249900
20260715,WINA,2418700
20250430,WING,120772000
20250730,WING,120772000
20260429,WING,120772000
20260729,WING,120772000
20260204,WINV,7367204
20260514,WINV,192276
20260814,WINV,192276
20250501,WK,40118000
20250731,WK,50120000
20251105,WK,10001000
20260505,WK,50000000
20260804,WK,172684000
20250801,WKC,45000000
20260424,WKC,75000000
20260724,WKC,89300000
20250502,WLK,30000000
20250806,WLK,30000000
20260506,WLK,30000000
20260805,WLK,30000000
20260612,WLTH,28261000
20250905,WLY,13500000
20251205,WLY,35085000
20260904,WLY,15229000
20250429,WM,250000000
20250729,WM,262000000
20260429,WM,344000000
20260729,WM,1003000000
20250508,WMG,2000000
20260209,WMG,26000000
20260507,WMG,48000000
20250807,WMK,140000000
20260806,WMK,140000000
20250807,WMS,49245000
20251106,WMS,69922000
20260806,WMS,233236000
20250606,WMT,4555000000
20250829,WMT,6200000000
20260529,WMT,4555000000
20260828,WMT,6200000000
20250509,WNEB,2106000
20250808,WNEB,4893000
20260508,WNEB,2750000
20260807,WNEB,5442000
20251008,WOR,6803000
20260109,WOR,19954000
20260409,WOR,6170000
20250502,WRB,49202000
20250804,WRB,223763000
20260501,WRB,302432000
20260731,WRB,413922000
20250806,WRLD,12971034
20251106,WRLD,79600225
20260806,WRLD,12971034
20250508,WSBF,5346000
20250807,WSBF,11116000
20260507,WSBF,4395000
20260806,WSBF,9667000
20250507,WSFS,54288000
20250731,WSFS,132700000
20260504,WSFS,85753000
20260805,WSFS,152526000
20250528,WSM,89971000
20250829,WSM,289108000
20251125,WSM,533900000
20260522,WSM,287805000
20260828,WSM,289108000
20250724,WST,454100000
20260423,WST,297600000
20260723,WST,454300000
20250509,WT,12714000
20250806,WT,12714000
20260506,WT,24963000
20260805,WT,50890000
20250507,WTM,9900000
20250807,WTM,9900000
20260506,WTM,25900000
20260806,WTM,216800000
20250512,WTRG,2234000
20250804,WTRG,2237000
20260507,WTRG,2925000
20260805,WTRG,2945000
20250508,WTS,4000000
20250807,WTS,8100000
20260507,WTS,3900000
20260806,WTS,7900000
20250507,WTTR,6996000
20250806,WTTR,7152000
20260506,WTTR,7618000
20260805,WTTR,8239000
20250801,WTW,700000000
20260430,WTW,300000000
20260730,WTW,750000000
20250728,WU,180800000
20260424,WU,76700000
20260730,WU,156200000
20250509,WULF,33292000
20250808,WULF,33292000
20260508,WULF,33292000
20260805,WULF,33292000
20250501,WWD,79493000
20260204,WWD,129387000
20260430,WWD,355297000
20250725,WY,125000000
20260501,WY,25000000
20260731,WY,125000000
20250506,WYNN,212048000
20250807,WYNN,377645000
20260507,WYNN,212048000
20260806,WYNN,377645000
20260814,XAEIU,271858
20250604,XELB,58000
20250814,XELB,116000
20260514,XELB,58000
20260813,XELB,116000
20250502,XHR,35785000
20250801,XHR,71454000
20260501,XHR,35785000
20260730,XHR,71454000
20250805,XMTR,8080000
20260804,XMTR,8080000
20260803,XOM,10007000000
20260508,XPEL,2939000
20260807,XPEL,2939000
20250731,XPO,10000000
20260430,XPO,30000000
20260730,XPO,100000000
20250807,XRAY,150000000
20260806,XRAY,12000000
20260508,XRP,14478000
20260812,XRP,24362000
20250512,XRX,3000000
20250807,XRX,3000000
20250429,XYL,15000000
20250731,XYL,18000000
20260428,XYL,563000000
20260728,XYL,1243000000
20250501,XYZ,445298000
20250807,XYZ,1137502000
20260507,XYZ,635988000
20260805,XYZ,1137502000
20260807,XZO,10043000
20250509,YELP,62500000
20250808,YELP,128450000
20260508,YELP,124001000
20260807,YELP,174000000
20250508,YETI,100000000
20250807,YETI,100000000
20260813,YETI,130047000
20250609,YEXT,27635000
20250908,YEXT,45380000
20260602,YEXT,142011000
20260901,YEXT,150906000
20250513,YHC,547415
20250812,YHC,547415
20250507,YUM,229000000
20250807,YUM,338000000
20260506,YUM,229000000
20260805,YUM,674000000
20250509,YUMC,679000000
20250811,YUMC,869000000
20260508,YUMC,218000000
20260810,YUMC,530000000
20250509,ZARE,39401000
20250813,ZARE,98456000
20250505,ZBH,229800000
20250807,ZBH,237000000
20260501,ZBH,250100000
20260805,ZBH,500800000
20250429,ZBRA,125000000
20250805,ZBRA,250000000
20260512,ZBRA,300000000
20260804,ZBRA,568000000
20250509,ZD,34900000
20250807,ZD,87928000
20260508,ZD,51594000
20260807,ZD,173058000
20251212,ZDGE,804000
20260316,ZDGE,1494000
20250507,ZG,250000000
20250806,ZG,400000000
20260506,ZG,626000000
20260805,ZG,826000000
20250508,ZION,41000000
20250807,ZION,41000000
20260507,ZION,77000000
20260806,ZION,152000000
20250508,ZIP,27475000
20250811,ZIP,84093000
20260507,ZIP,27475000
20260805,ZIP,84093000
20250523,ZM,418021000
20250822,ZM,883284000
20260522,ZM,418021000
20260826,ZM,883284000
20250506,ZTS,443000000
20250805,ZTS,872000000
20260507,ZTS,606000000
20260806,ZTS,1190000000
20250605,ZUMZ,25215000
20250904,ZUMZ,32682000
20260604,ZUMZ,25215000
20250729,ZWS,109900000
20260421,ZWS,77400000
20260507,ZYME,76151000
20260806,ZYME,128100000
