date,ticker,name,close,change,volume,indiv,organ,frgn,foreign_ratio
20250502,000020,동화약품,6270,-10,14312,,,,
20250502,000040,KR모터스,2310,60,88170,,,,
20250502,000050,경방,6850,-160,81033,,,,
20250502,000070,삼양홀딩스,41105,66,12835,,,,
20250502,000080,하이트진로,19310,-20,68618,,,,
20250502,000087,하이트진로2우B,15300,60,350,,,,
20250502,000100,유한양행,113500,-300,167264,,,,
20250502,000105,유한양행우,100000,100,3603,,,,
20250502,000120,CJ대한통운,81900,-1300,49850,,,,
20250502,000140,하이트진로홀딩스,8510,-20,5433,,,,
20250502,000145,하이트진로홀딩스우,10940,-10,149,,,,
20250502,000150,두산,333500,30000,519569,,,,
20250502,000155,두산우,181900,10000,66916,,,,
20250502,000157,두산2우B,187400,10100,6809,,,,
20250502,000180,성창기업지주,6630,-65,6939,,,,
20250502,000210,DL,32350,-150,22088,,,,
20250502,000215,DL우,19510,-90,1153,,,,
20250502,000220,유유제약,4700,75,57989,,,,
20250502,000225,유유제약1우,5180,-50,15353,,,,
20250502,000227,유유제약2우B,10470,0,1303,,,,
20250502,000230,일동홀딩스,6260,20,19229,,,,
20250502,000240,한국앤컴퍼니,15100,60,63455,,,,
20250502,000270,기아,89400,-1000,768903,,,,
20250502,000300,DH오토넥스,4200,0,0,,,,
20250502,000320,노루홀딩스,15180,70,15414,,,,
20250502,000325,노루홀딩스우,31950,-900,456,,,,
20250502,000370,한화손해보험,4035,-45,91207,,,,
20250502,000390,SP삼화,5980,-30,14765,,,,
20250502,000400,롯데손해보험,1708,-16,166994,,,,
20250502,000430,대원강업,3830,-65,52956,,,,
20250502,000480,CR홀딩스,5170,-50,10030,,,,
20250502,000490,대동,10350,70,72611,,,,
20250502,000500,가온전선,33396,-111,127242,,,,
20250502,000520,삼일제약,12440,-650,169436,,,,
20250502,000540,흥국화재,3355,-65,97947,,,,
20250502,000545,흥국화재우,9090,-1710,381003,,,,
20250502,000590,CS홀딩스,74200,100,485,,,,
20250502,000640,동아쏘시오홀딩스,97218,-2817,10690,,,,
20250502,000650,천일고속,38800,-50,157,,,,
20250502,000660,SK하이닉스,186000,8500,3886874,,,,
20250502,000670,영풍,35120,-924,20888,,,,
20250502,000680,LS네트웍스,3380,-20,312585,,,,
20250502,000700,유수홀딩스,5560,20,9442,,,,
20250502,000720,현대건설,40800,-800,670026,,,,
20250502,000725,현대건설우,51800,-900,3772,,,,
20250502,000760,이화산업,10870,-190,1218,,,,
20250502,000810,삼성화재,377000,2500,94438,,,,
20250502,000815,삼성화재우,286500,4500,19171,,,,
20250502,000850,화천기공,29000,0,1429,,,,
20250502,000860,강남제비스코,11910,60,20057,,,,
20250502,000880,한화,58703,901,162431,,,,
20250502,00088K,한화3우B,21798,756,165851,,,,
20250502,000890,보해양조,2470,115,245476,,,,
20250502,000910,유니온,5050,-50,314880,,,,
20250502,000950,전방,26100,150,626,,,,
20250502,000970,한국주철관,7350,180,405608,,,,
20250502,000990,DB하이텍,38400,50,89943,,,,
20250502,001020,페이퍼코리아,3715,-80,3320,,,,
20250502,001040,CJ,125900,1600,102734,,,,
20250502,001045,CJ우,71500,1800,6018,,,,
20250502,00104K,CJ4우(전환),101700,1600,8794,,,,
20250502,001060,JW중외제약,22300,-50,19441,,,,
20250502,001065,JW중외제약우,28950,450,246,,,,
20250502,001067,JW중외제약2우B,61000,400,49,,,,
20250502,001070,대한방직,5170,-30,11577,,,,
20250502,001080,만호제강,2635,0,5420,,,,
20250502,001120,LX인터내셔널,26500,-50,69946,,,,
20250502,001130,대한제분,13150,80,7260,,,,
20250502,001200,유진투자증권,2740,-30,434672,,,,
20250502,001210,금호전기,6100,455,257913,,,,
20250502,001230,동국홀딩스,1596,-11,105780,,,,
20250502,001250,GS글로벌,2555,-20,197798,,,,
20250502,001260,남광토건,8380,-40,10209,,,,
20250502,001270,부국증권,27600,200,3326,,,,
20250502,001275,부국증권우,21750,50,838,,,,
20250502,001290,상상인증권,437,-2,16662,,,,
20250502,001340,PKC,6410,-110,104034,,,,
20250502,001360,삼성제약,1502,3,418958,,,,
20250502,001380,SG글로벌,3889,6,2205951,,,,
20250502,001390,KG케미칼,3920,-50,91597,,,,
20250502,001420,태원물산,3695,25,4665,,,,
20250502,001430,세아베스틸지주,17650,-210,47327,,,,
20250502,001440,대한전선,11760,130,564573,,,,
20250502,001450,현대해상,21950,-250,282409,,,,
20250502,001460,BYC,28600,250,763,,,,
20250502,001465,BYC우,13990,-10,2131,,,,
20250502,001470,삼부토건,347,0,0,,,,
20250502,001500,현대차증권,6590,50,274284,,,,
20250502,001510,SK증권,973,6,282349,,,,
20250502,001515,SK증권우,3680,100,4948,,,,
20250502,001520,동양,1188,16,6228712,,,,
20250502,001525,동양우,13960,3220,61621,,,,
20250502,001527,동양2우B,21800,4640,28861,,,,
20250502,001530,DI동일,39143,-238,31721,,,,
20250502,001550,조비,11850,-70,21319,,,,
20250502,001560,제일연마,9000,50,5300,,,,
20250502,001570,금양,9900,0,0,,,,
20250502,001620,케이비아이동국실업,2670,-55,12286,,,,
20250502,001630,종근당홀딩스,46150,-200,1653,,,,
20250502,001680,대상,24450,550,149782,,,,
20250502,001685,대상우,16750,70,8894,,,,
20250502,001720,신영증권,94800,5500,37820,,,,
20250502,001740,SK네트웍스,4230,0,259863,,,,
20250502,001750,한양증권,13520,150,14958,,,,
20250502,001755,한양증권우,14600,380,6046,,,,
20250502,001770,SHD,16100,100,5493,,,,
20250502,001780,알루코,2115,-5,164398,,,,
20250502,001790,대한제당,3580,175,32011682,,,,
20250502,001795,대한제당우,3670,80,5346532,,,,
20250502,001800,오리온홀딩스,18540,250,176300,,,,
20250502,001820,삼화콘덴서,24550,-250,21351,,,,
20250502,001940,KISCO홀딩스,20700,-100,5441,,,,
20250502,002020,코오롱,21850,-1500,102601,,,,
20250502,002025,코오롱우,14320,-280,2191,,,,
20250502,002030,아세아,261500,500,700,,,,
20250502,002070,비비안,15774,-652,23673,,,,
20250502,002100,경농,9200,10,15739,,,,
20250502,002140,고려산업,2890,5,153047,,,,
20250502,002150,도화엔지니어링,6580,50,12877,,,,
20250502,002170,SYTS,46200,0,1432,,,,
20250502,002200,한국수출포장,2800,5,60025,,,,
20250502,002210,동성제약,3970,250,481904,,,,
20250502,002220,한일철강,1934,14,13642,,,,
20250502,002240,고려제강,17110,-150,4579,,,,
20250502,002310,아세아제지,6850,-50,110148,,,,
20250502,002320,한진,18880,-280,13983,,,,
20250502,002350,넥센타이어,5500,90,183528,,,,
20250502,002355,넥센타이어1우B,2675,20,6213,,,,
20250502,002360,SH에너지화학,4510,0,10499,,,,
20250502,002380,KCC,252500,3000,16988,,,,
20250502,002390,한독,11610,-90,7916,,,,
20250502,002410,범양건영,1935,0,0,,,,
20250502,002420,세기상사,4995,-35,1879,,,,
20250502,002450,삼익악기,1192,-12,436063,,,,
20250502,002460,HS화성,9960,10,5353,,,,
20250502,002600,조흥,157100,400,3,,,,
20250502,002620,제일파마홀딩스,7950,-60,3062,,,,
20250502,002630,오리엔트바이오,2754,-536,11510865,,,,
20250502,002690,동일제강,1392,3,38114,,,,
20250502,002700,신일전자,1522,-24,214614,,,,
20250502,002710,TCC스틸,20200,240,51011,,,,
20250502,002720,국제약품,4620,-15,61797,,,,
20250502,002760,보락,1143,7,287457,,,,
20250502,002780,진흥기업,735,-40,1631275,,,,
20250502,002785,진흥기업우B,3900,0,22229,,,,
20250502,002787,진흥기업2우B,9700,-400,8690,,,,
20250502,002790,아모레퍼시픽홀딩스,22950,0,181125,,,,
20250502,002795,아모레퍼시픽홀딩스우,9460,80,15849,,,,
20250502,00279K,아모레퍼시픽홀딩스3우C,18240,120,3147,,,,
20250502,002810,삼영무역,13740,80,8849,,,,
20250502,002820,SUN&L,2850,-65,20492,,,,
20250502,002840,미원상사,190800,-900,1924,,,,
20250502,002870,신풍,1105,12,189961,,,,
20250502,002880,디와이에이,942,1,28572,,,,
20250502,002900,TYM,4455,-25,71734,,,,
20250502,002920,유성기업,1947,0,7080,,,,
20250502,002960,한국쉘석유,363000,-7500,2321,,,,
20250502,002990,금호건설,2955,-95,140978,,,,
20250502,002995,금호건설우,16770,-1890,68472,,,,
20250502,003000,부광약품,3651,4,38934,,,,
20250502,003010,혜인,5030,40,35950,,,,
20250502,003030,세아제강지주,232500,6000,4430,,,,
20250502,003060,에이프로젠바이오로직스,693,-3,154468,,,,
20250502,003070,코오롱글로벌,8650,0,7891,,,,
20250502,003075,코오롱글로벌우,15550,-130,1931,,,,
20250502,003080,SB성보,2505,-5,6048,,,,
20250502,003090,대웅,20350,50,17277,,,,
20250502,003120,일성아이에스,15820,60,5579,,,,
20250502,003160,디아이,14120,120,182628,,,,
20250502,003200,일신방직,8660,0,50318,,,,
20250502,003220,대원제약,13870,80,32150,,,,
20250502,003230,삼양식품,988000,18000,34389,,,,
20250502,003240,태광산업,745000,-12000,971,,,,
20250502,003280,흥아해운,1556,1,421841,,,,
20250502,003300,한일홀딩스,14820,-10,8076,,,,
20250502,003350,한국화장품제조,11080,-40,385630,,,,
20250502,003460,유화증권,2415,-10,4003,,,,
20250502,003465,유화증권우,2390,0,605,,,,
20250502,003470,유안타증권,2945,-10,352683,,,,
20250502,003475,유안타증권우,3060,0,74592,,,,
20250502,003480,한진중공업홀딩스,4610,-260,161403,,,,
20250502,003490,대한항공,21000,50,700870,,,,
20250502,003495,대한항공우,21950,0,2938,,,,
20250502,003520,영진약품,2035,-5,70344,,,,
20250502,003530,한화투자증권,3470,35,1372259,,,,
20250502,003535,한화투자증권우,6040,130,10544,,,,
20250502,003540,대신증권,17920,-10,72982,,,,
20250502,003545,대신증권우,16900,130,81821,,,,
20250502,003547,대신증권2우B,16110,-20,18431,,,,
20250502,003550,LG,66700,100,146528,,,,
20250502,003555,LG우,55600,300,4806,,,,
20250502,003570,SNT다이내믹스,33550,400,53501,,,,
20250502,003580,HLB글로벌,3125,50,29026,,,,
20250502,003610,방림,3880,-45,20478,,,,
20250502,003620,KG모빌리티,3490,0,0,,,,
20250502,003650,미창석유,103100,-100,174,,,,
20250502,003670,포스코퓨처엠,121067,0,171794,,,,
20250502,003680,한성기업,5050,0,18846,,,,
20250502,003690,코리안리,8150,50,251334,,,,
20250502,003720,삼영,4000,-40,55966,,,,
20250502,003780,진양산업,5670,100,106917,,,,
20250502,003830,대한화섬,109900,-700,90,,,,
20250502,003850,보령,8520,50,62482,,,,
20250502,003920,남양유업,78400,2300,22615,,,,
20250502,003925,남양유업우,40750,1000,8420,,,,
20250502,003960,사조대림,38050,-50,4064,,,,
20250502,004000,롯데정밀화학,34950,200,39166,,,,
20250502,004020,현대제철,24700,200,283124,,,,
20250502,004060,SG세계물산,3260,10,50367,,,,
20250502,004080,신흥,14600,110,4387,,,,
20250502,004090,한국석유,13030,130,63867,,,,
20250502,004100,태양금속,3055,60,14529586,,,,
20250502,004105,태양금속우,4135,65,1143491,,,,
20250502,004140,동방,2330,-45,546635,,,,
20250502,004150,한솔홀딩스,2480,0,42256,,,,
20250502,004170,신세계,158300,200,26368,,,,
20250502,004250,NPC,4160,55,34583,,,,
20250502,004255,NPC우,2385,15,4033,,,,
20250502,004270,남성,8888,48,3406,,,,
20250502,004310,현대약품,3385,0,45367,,,,
20250502,004360,세방,11470,70,11955,,,,
20250502,004365,세방우,7750,110,13482,,,,
20250502,004370,농심,405000,2000,14129,,,,
20250502,004380,삼익THK,12856,52,21128,,,,
20250502,004410,서울식품,1670,10,303302,,,,
20250502,004415,서울식품우,12950,440,973,,,,
20250502,004430,송원산업,12150,720,99096,,,,
20250502,004440,삼일씨엔에스,4150,50,11915,,,,
20250502,004450,삼화왕관,38000,-100,5522,,,,
20250502,004490,세방전지,69800,900,34416,,,,
20250502,004540,깨끗한나라,2410,-55,217121,,,,
20250502,004545,깨끗한나라우,13510,-470,2466,,,,
20250502,004560,현대비앤지스틸,12090,-90,26088,,,,
20250502,004690,삼천리,92100,400,5917,,,,
20250502,004700,조광피혁,51900,-1100,12404,,,,
20250502,004710,한솔테크닉스,4645,-54,109414,,,,
20250502,004720,팜젠사이언스,4055,45,25373,,,,
20250502,004770,써니전자,1664,-36,817979,,,,
20250502,004800,효성,52600,-500,13605,,,,
20250502,004830,덕성,6230,-50,177570,,,,
20250502,004835,덕성우,8630,230,29934,,,,
20250502,004840,DRB동일,4510,-110,77883,,,,
20250502,004870,티웨이홀딩스,3310,218,858521,,,,
20250502,004890,동일산업,42500,-200,2179,,,,
20250502,004910,조광페인트,6190,100,15216,,,,
20250502,004920,씨아이테크,1433,16,642057,,,,
20250502,004960,한신공영,7120,-80,34817,,,,
20250502,004970,신라교역,9120,-80,5652,,,,
20250502,004980,성신양회,8860,-320,371860,,,,
20250502,004985,성신양회우,13380,-430,34841,,,,
20250502,004990,롯데지주,22950,350,88948,,,,
20250502,00499K,롯데지주우,26600,250,181,,,,
20250502,005010,휴스틸,4840,45,247470,,,,
20250502,005030,부산주공,486,0,0,,,,
20250502,005070,코스모신소재,38800,-550,92320,,,,
20250502,005090,SGC에너지,23100,-150,4399,,,,
20250502,005110,한창,1254,0,0,,,,
20250502,005180,빙그레,92900,-1700,48847,,,,
20250502,005250,녹십자홀딩스,13900,-100,28429,,,,
20250502,005257,녹십자홀딩스2우,20850,-800,302,,,,
20250502,005300,롯데칠성,109300,-400,10781,,,,
20250502,005305,롯데칠성우,66200,200,3490,,,,
20250502,005320,온타이드,888,-16,45987,,,,
20250502,005360,모나미,2065,-20,14099,,,,
20250502,005380,현대차,189400,-1200,464020,,,,
20250502,005385,현대차우,149900,0,32997,,,,
20250502,005387,현대차2우B,152100,-500,89260,,,,
20250502,005389,현대차3우B,149600,0,9315,,,,
20250502,005420,코스모화학,15160,-340,78704,,,,
20250502,005430,한국공항,47050,100,1835,,,,
20250502,005440,현대지에프홀딩스,5530,80,102733,,,,
20250502,005490,POSCO홀딩스,255500,-5000,173041,,,,
20250502,005500,삼진제약,17660,-170,14213,,,,
20250502,005610,삼립,63400,0,13787,,,,
20250502,005680,삼영전자,10670,20,18824,,,,
20250502,005690,파미셀,11600,1050,2959746,,,,
20250502,005720,넥센,4670,-45,25117,,,,
20250502,005725,넥센우,3355,15,1776,,,,
20250502,005740,크라운해태홀딩스,6030,-160,123780,,,,
20250502,005745,크라운해태홀딩스우,9000,-400,16727,,,,
20250502,005750,대림바스,3905,-115,17169,,,,
20250502,005800,신영와코루,10590,50,3561,,,,
20250502,005810,풍산홀딩스,28500,-150,21723,,,,
20250502,005820,원림,14150,30,1019,,,,
20250502,005830,DB손해보험,92900,1700,269409,,,,
20250502,005850,에스엘,32900,50,116650,,,,
20250502,005870,휴니드,8280,-10,224323,,,,
20250502,005880,대한해운,1517,-3,506484,,,,
20250502,005930,삼성전자,54300,-1200,22454204,,,,
20250502,005935,삼성전자우,45300,-1550,1497006,,,,
20250502,005940,NH투자증권,15200,-150,449136,,,,
20250502,005945,NH투자증권우,13900,20,82624,,,,
20250502,005950,이수화학,5610,-20,40706,,,,
20250502,005960,동부건설,4175,45,29386,,,,
20250502,005965,동부건설우,20600,-250,604,,,,
20250502,006040,동원산업,41750,100,33228,,,,
20250502,006060,화승인더,4650,-35,54512,,,,
20250502,006090,사조오양,8200,0,7173,,,,
20250502,006110,삼아알미늄,24700,-450,43591,,,,
20250502,006120,SK디스커버리,41850,250,17732,,,,
20250502,006125,SK디스커버리우,34650,-750,20728,,,,
20250502,006200,한국전자홀딩스,3410,-15,14706,,,,
20250502,006220,제주은행,10820,-380,564446,,,,
20250502,006260,LS,127000,-4000,148392,,,,
20250502,006280,녹십자,125800,1600,16902,,,,
20250502,006340,대원전선,2755,-30,1488772,,,,
20250502,006345,대원전선우,3895,-15,44869,,,,
20250502,006360,GS건설,17740,-510,422287,,,,
20250502,006370,대구백화점,7800,-60,28408,,,,
20250502,006380,카프로,3660,0,0,,,,
20250502,006400,삼성SDI,173600,-2400,330151,,,,
20250502,006405,삼성SDI우,106200,600,2613,,,,
20250502,006490,프리티,7625,385,354495,,,,
20250502,006570,대림통상,2430,-10,4351,,,,
20250502,006650,대한유화,84000,200,13639,,,,
20250502,006660,삼성공조,14410,-20,75326,,,,
20250502,006740,블루산업개발,2246,-16,54700,,,,
20250502,006800,미래에셋증권,11918,120,2032358,,,,
20250502,006805,미래에셋증권우,5361,20,59476,,,,
20250502,00680K,미래에셋증권2우B,4759,10,1262545,,,,
20250502,006840,AK홀딩스,10620,-140,10496,,,,
20250502,006880,신송홀딩스,7130,-30,93988,,,,
20250502,006890,태경케미컬,11800,40,17105,,,,
20250502,006980,우성,16300,10,2445,,,,
20250502,007070,GS리테일,14630,-170,92950,,,,
20250502,007110,일신석재,2135,-60,3065414,,,,
20250502,007120,미래아이앤지,1050,-35,208917,,,,
20250502,007160,사조산업,35750,-450,7251,,,,
20250502,007210,벽산,2420,-30,184571,,,,
20250502,007280,한국특강,3662,-42,27287,,,,
20250502,007310,오뚜기,402000,1500,3582,,,,
20250502,007340,DN오토모티브,20400,-200,98638,,,,
20250502,007460,에이프로젠,700,4,1194495,,,,
20250502,007540,샘표,41900,-400,808,,,,
20250502,007570,일양약품,13895,135,99630,,,,
20250502,007575,일양약품우,14413,35,1337,,,,
20250502,007590,동방아그로,6100,10,666,,,,
20250502,007610,선도전기,3000,0,0,,,,
20250502,007660,이수페타시스,36700,4850,3875346,,,,
20250502,007690,국도화학,32800,-300,6925,,,,
20250502,007700,F&F홀딩스,12540,-90,1888,,,,
20250502,007810,코리아써키트,10260,130,19340,,,,
20250502,007815,코리아써우,6040,120,19,,,,
20250502,00781K,코리아써키트2우B,5530,0,87,,,,
20250502,007860,서연,7330,-100,51051,,,,
20250502,007980,TP,1349,-16,163882,,,,
20250502,008040,사조동아원,1065,3,193276,,,,
20250502,008060,대덕,7790,-120,130718,,,,
20250502,00806K,대덕1우,7880,-60,1838,,,,
20250502,008250,이건산업,5580,-210,37485,,,,
20250502,008260,NI스틸,3460,-10,21135,,,,
20250502,008350,남선알미늄,1446,22,14399636,,,,
20250502,008355,남선알미우,15320,240,4540,,,,
20250502,008420,문배철강,2370,5,35548,,,,
20250502,008490,서흥,14250,-50,9038,,,,
20250502,008600,윌비스,6825,-311,152369,,,,
20250502,008700,아남전자,1355,-12,225447,,,,
20250502,008730,율촌화학,27250,-650,47488,,,,
20250502,008770,호텔신라,43900,-50,135767,,,,
20250502,008775,호텔신라우,33900,-50,5889,,,,
20250502,008870,금비,54900,-200,1099,,,,
20250502,008930,한미사이언스,28600,-500,66326,,,,
20250502,008970,KBI동양철관,2595,7,5304315,,,,
20250502,009070,KCTC,3825,0,50024,,,,
20250502,009140,경인전자,19330,-20,1493,,,,
20250502,009150,삼성전기,117600,-100,172181,,,,
20250502,009155,삼성전기우,54800,100,2176,,,,
20250502,009160,SIMPAC,4025,-25,44802,,,,
20250502,009180,한솔로지스틱스,2160,0,49592,,,,
20250502,009190,대양금속,1741,-60,255921,,,,
20250502,009200,무림페이퍼,2170,-10,112046,,,,
20250502,009240,한샘,42000,-450,17224,,,,
20250502,009270,신원,1653,-62,1901238,,,,
20250502,009290,광동제약,5490,10,18126,,,,
20250502,009310,참엔지니어링,1415,0,0,,,,
20250502,009320,아진전자부품,1003,5,40937,,,,
20250502,009410,태영건설,3310,435,6469575,,,,
20250502,009415,태영건설우,11030,2540,126789,,,,
20250502,009420,한올바이오파마,28200,450,131781,,,,
20250502,009440,KC그린홀딩스,756,0,0,,,,
20250502,009450,경동나비엔,76300,3800,51237,,,,
20250502,009460,한창제지,3595,-150,122486,,,,
20250502,009470,삼화전기,28550,650,30133,,,,
20250502,009540,HD한국조선해양,277500,5500,198470,,,,
20250502,009580,무림P&P,2910,-65,124682,,,,
20250502,009680,모토닉,9930,340,122819,,,,
20250502,009770,삼정펄프,26150,100,18365,,,,
20250502,009810,MDS스피어,3065,0,8966,,,,
20250502,009830,한화솔루션,28580,378,2127628,,,,
20250502,009835,한화솔루션우,22896,226,26764,,,,
20250502,009900,명신산업,8100,-240,106491,,,,
20250502,009970,영원무역홀딩스,95500,100,6676,,,,
20250502,010040,한국내화,2315,0,20456,,,,
20250502,010060,OCI홀딩스,64600,-100,53628,,,,
20250502,010100,한국무브넥스,3940,5,93720,,,,
20250502,010120,LS ELECTRIC,42100,1400,1851920,,,,
20250502,010130,고려아연,783000,-15000,16028,,,,
20250502,010140,삼성중공업,14610,40,3540289,,,,
20250502,010400,우진아이엔에스,2655,5,3562,,,,
20250502,010580,에스엠벡셀,1203,6,33593,,,,
20250502,010640,진양폴리,3452,-9,87373,,,,
20250502,010660,화천기계,4145,-200,526472,,,,
20250502,010690,화신,7790,-110,85073,,,,
20250502,010770,평화홀딩스,4510,-990,5854653,,,,
20250502,010780,아이에스동서,18200,70,10518,,,,
20250502,010820,퍼스텍,3710,125,547341,,,,
20250502,010950,S-Oil,52100,100,164757,,,,
20250502,010955,S-Oil우,35650,550,14452,,,,
20250502,010960,삼호개발,3395,90,364329,,,,
20250502,011000,진원생명과학,10625,-950,317976,,,,
20250502,011070,LG이노텍,138600,-1000,68390,,,,
20250502,011090,에넥스,3520,-355,343798,,,,
20250502,011150,CJ씨푸드,3155,10,595248,,,,
20250502,011155,CJ씨푸드1우,17760,-230,2508,,,,
20250502,011170,롯데케미칼,60100,-200,49053,,,,
20250502,011200,HMM,18250,-10,1027760,,,,
20250502,011210,현대위아,42450,-350,36691,,,,
20250502,011230,삼화전자,4500,5,74558,,,,
20250502,011280,태림포장,2110,-45,38498,,,,
20250502,011300,우성머티리얼스,4740,-40,29850,,,,
20250502,011330,유니켐,16530,160,15824,,,,
20250502,011390,부산산업,94100,200,24254,,,,
20250502,011420,갤럭시아에스엠,2250,-85,856266,,,,
20250502,011500,한농화성,14760,-100,26996,,,,
20250502,011690,와이투솔루션,3150,425,22098513,,,,
20250502,011700,한신기계,3000,-45,565536,,,,
20250502,011760,현대코퍼레이션,22750,-50,27887,,,,
20250502,011780,금호석유화학,116200,-2600,64830,,,,
20250502,011785,금호석유화학우,54500,-100,10378,,,,
20250502,011790,SKC,95497,-470,129592,,,,
20250502,011810,STX,3430,-55,39323,,,,
20250502,011930,신성이엔지,13490,-160,219636,,,,
20250502,012030,DB,1270,-20,158779,,,,
20250502,012160,영흥,2490,-45,93938,,,,
20250502,012170,아센디오,4480,45,76159,,,,
20250502,012200,계양전기,1414,-1,37018,,,,
20250502,012205,계양전기우,3722,39,161,,,,
20250502,012280,영화금속,835,-2,45090,,,,
20250502,012320,경동인베스트,57600,-400,4435,,,,
20250502,012330,현대모비스,256500,-11000,138585,,,,
20250502,012450,한화에어로스페이스,805489,20679,272443,,,,
20250502,012610,경인양행,3250,80,139167,,,,
20250502,012630,HDC,19190,-50,117761,,,,
20250502,012690,모나리자,2880,-20,120027,,,,
20250502,012750,에스원,64500,1000,31932,,,,
20250502,012800,대창,1302,-7,438629,,,,
20250502,013000,세우글로벌,1181,-8,131937,,,,
20250502,013360,일성건설,2945,-405,2704674,,,,
20250502,013520,화승코퍼레이션,1970,-80,182159,,,,
20250502,013570,디와이,3970,10,29352,,,,
20250502,013580,계룡건설,25050,-500,2439954,,,,
20250502,013700,까뮤이앤씨,1147,-19,156385,,,,
20250502,013870,지엠비코리아,4025,-10,12652,,,,
20250502,013890,지누스,17710,240,39972,,,,
20250502,014130,한익스프레스,3530,-60,8084,,,,
20250502,014160,대영포장,1184,-177,15063134,,,,
20250502,014280,금강공업,4680,-70,256232,,,,
20250502,014285,금강공업우,7050,-100,2372,,,,
20250502,014440,영보화학,4745,-175,234900,,,,
20250502,014530,극동유화,3510,65,123236,,,,
20250502,014580,태경비케이,4595,-15,61167,,,,
20250502,014680,한솔케미칼,115200,-500,34151,,,,
20250502,014710,사조씨푸드,5190,-340,165810,,,,
20250502,014790,HL D&I,2445,-40,114110,,,,
20250502,014820,동원시스템즈,33050,350,8717,,,,
20250502,014825,동원시스템즈우,18110,-30,12,,,,
20250502,014830,유니드,87000,-800,30339,,,,
20250502,014910,성문전자,1139,-12,30028,,,,
20250502,014915,성문전자우,5000,40,2614,,,,
20250502,014990,인디에프,4660,-150,60396,,,,
20250502,015020,이스타코,2780,-384,1257665,,,,
20250502,015230,대창단조,5080,-40,27599,,,,
20250502,015260,에이엔피,465,-5,66226,,,,
20250502,015360,INVENI,10240,100,37545,,,,
20250502,015590,DKME,2575,0,0,,,,
20250502,015760,한국전력,25600,-50,1507618,,,,
20250502,015860,일진홀딩스,3800,-15,37038,,,,
20250502,015890,태경산업,4920,0,22152,,,,
20250502,016090,대현,1953,-11,34453,,,,
20250502,016360,삼성증권,52600,400,375083,,,,
20250502,016380,KG스틸,5850,-90,104207,,,,
20250502,016450,한세예스24홀딩스,3760,0,11529,,,,
20250502,016580,환인제약,11780,50,6167,,,,
20250502,016590,신대양제지,8410,-130,54622,,,,
20250502,016610,DB증권,6370,20,30515,,,,
20250502,016710,대성홀딩스,7540,140,64655,,,,
20250502,016740,두올,3090,-10,17947,,,,
20250502,016800,퍼시스,44550,-250,518,,,,
20250502,016880,웅진,1702,295,49488632,,,,
20250502,017040,광명전기,1426,1,122799,,,,
20250502,017180,명문제약,1617,-4,49107,,,,
20250502,017370,우신시스템,6270,60,39395,,,,
20250502,017390,서울가스,50900,0,5945,,,,
20250502,017550,수산세보틱스,1854,8,46309,,,,
20250502,017670,SK텔레콤,53700,-600,1177967,,,,
20250502,017800,현대엘리베이터,75000,1100,204757,,,,
20250502,017810,풀무원,14820,150,93352,,,,
20250502,017860,DS단석,24659,-544,59291,,,,
20250502,017900,광전자,1815,-3,33188,,,,
20250502,017940,E1,61900,0,5859,,,,
20250502,017960,한국카본,19690,200,204366,,,,
20250502,018250,애경산업,13400,-210,50788,,,,
20250502,018260,삼성에스디에스,128800,400,94377,,,,
20250502,018470,조일알미늄,1750,47,30767558,,,,
20250502,018500,동원모빌리티,1472,-62,740592,,,,
20250502,018670,SK가스,234500,-5000,6285,,,,
20250502,018880,한온시스템,3267,-42,465318,,,,
20250502,019170,신풍제약,7520,-30,35751,,,,
20250502,019175,신풍제약우,12270,0,186,,,,
20250502,019180,티에이치엔,2930,-30,102083,,,,
20250502,019490,엑시큐어하이트론,777,94,4667929,,,,
20250502,019680,대교,2265,-35,17944,,,,
20250502,019685,대교우B,1295,0,15823,,,,
20250502,020000,한섬,15220,-250,38365,,,,
20250502,020120,키다리스튜디오,3355,-115,222268,,,,
20250502,020150,롯데에너지머티리얼즈,22650,0,45457,,,,
20250502,020560,아시아나항공,9450,-20,32223,,,,
20250502,020760,일진디스플,736,1,52754,,,,
20250502,021050,서원,1255,-12,326158,,,,
20250502,021240,코웨이,86100,-1600,195260,,,,
20250502,021820,세원정공,8450,10,15194,,,,
20250502,022100,포스코DX,24300,-250,311530,,,,
20250502,023000,삼원강재,2385,5,29530,,,,
20250502,023150,MH에탄올,5040,30,2457,,,,
20250502,023350,한국종합기술,5720,-400,196127,,,,
20250502,023450,동남합성,33650,-50,2343,,,,
20250502,023530,롯데쇼핑,66800,-1000,53708,,,,
20250502,023590,다우기술,21400,-300,43636,,,,
20250502,023800,인지컨트롤스,5880,0,10355,,,,
20250502,023810,인팩,5740,150,14759,,,,
20250502,023960,에쓰씨엔지니어링,1326,55,146423,,,,
20250502,024070,WISCOM,1813,-167,50481,,,,
20250502,024090,디씨엠,12550,0,672,,,,
20250502,024110,기업은행,15220,-120,803988,,,,
20250502,024720,콜마홀딩스,9380,-130,81898,,,,
20250502,024890,대원화성,4485,-5,3878,,,,
20250502,024900,디와이덕양,2790,-25,37814,,,,
20250502,025000,KPX케미칼,42306,-47,3819,,,,
20250502,025530,SJM홀딩스,3275,-25,12821,,,,
20250502,025540,한국단자,65200,700,15460,,,,
20250502,025560,미래산업,2265,24,347125,,,,
20250502,025620,차AI헬스케어,7510,880,280327,,,,
20250502,025750,한솔홈데코,3605,-75,275093,,,,
20250502,025820,이구산업,4230,0,96224,,,,
20250502,025860,남해화학,6760,-60,47618,,,,
20250502,025890,한국주강,1817,1,14635,,,,
20250502,026890,스틱인베스트먼트,9500,-350,90980,,,,
20250502,026940,부국철강,2735,-5,424489,,,,
20250502,026960,동서,26150,150,64339,,,,
20250502,027410,BGF,3585,5,28340,,,,
20250502,027740,마니커,1708,-2,26443,,,,
20250502,027970,한국제지,4145,-30,5092,,,,
20250502,028050,삼성E&A,19060,-180,397573,,,,
20250502,028100,동아지질,14750,-20,27926,,,,
20250502,028260,삼성물산,122200,-200,212726,,,,
20250502,02826K,삼성물산우B,92000,2000,7203,,,,
20250502,028670,팬오션,3315,-20,775188,,,,
20250502,029460,케이씨,18590,-10,4849,,,,
20250502,029530,신도리코,44050,950,18439,,,,
20250502,029780,삼성카드,41850,-100,33328,,,,
20250502,030000,제일기획,18390,-160,149073,,,,
20250502,030190,NICE평가정보,12840,-110,37139,,,,
20250502,030200,KT,53500,1700,619283,,,,
20250502,030210,다올투자증권,3410,0,77826,,,,
20250502,030610,교보증권,6560,-40,86638,,,,
20250502,030720,동원수산,5600,300,26759,,,,
20250502,031210,서울보증보험,35700,150,175366,,,,
20250502,031430,신세계인터내셔날,9830,-30,80690,,,,
20250502,031820,아이티센씨티에스,6120,-50,17872,,,,
20250502,032350,롯데관광개발,10870,20,377831,,,,
20250502,032560,황금에스티,5240,10,1622,,,,
20250502,032640,LG유플러스,12190,170,1228333,,,,
20250502,032830,삼성생명,85300,-900,187742,,,,
20250502,033240,자화전자,11820,-80,16282,,,,
20250502,033250,체시스,5300,40,99128,,,,
20250502,033270,유나이티드제약,19300,-230,45332,,,,
20250502,033530,SJG세종,4160,-50,20498,,,,
20250502,033780,KT&G,116000,1300,174752,,,,
20250502,033920,무학,7290,0,78277,,,,
20250502,034020,두산에너빌리티,27700,-1250,11490437,,,,
20250502,034120,SBS,21150,200,167544,,,,
20250502,034220,LG디스플레이,8340,-130,596735,,,,
20250502,034230,파라다이스,12360,10,128299,,,,
20250502,034310,NICE,11200,-60,42879,,,,
20250502,034590,인천도시가스,24650,-50,359,,,,
20250502,034730,SK,131700,-700,84960,,,,
20250502,03473K,SK우,117600,400,698,,,,
20250502,034830,한국토지신탁,1071,15,320543,,,,
20250502,035000,HS애드,7150,60,10398,,,,
20250502,035150,백산,14280,30,16286,,,,
20250502,035250,강원랜드,16080,-120,378233,,,,
20250502,035420,NAVER,197400,-3100,280801,,,,
20250502,035510,신세계 I&C,12100,-390,337048,,,,
20250502,035720,카카오,38050,-200,1350989,,,,
20250502,036420,콘텐트리중앙,9560,-40,152070,,,,
20250502,036460,한국가스공사,38250,-600,227711,,,,
20250502,036530,SNT홀딩스,32950,-200,12367,,,,
20250502,036570,NC,145800,-500,75782,,,,
20250502,036580,팜스코,2105,10,12181,,,,
20250502,037270,YG PLUS,5580,130,3386220,,,,
20250502,037560,LG헬로비전,2800,170,32934438,,,,
20250502,037710,광주신세계,27850,0,19241,,,,
20250502,039130,하나투어,51300,-600,42524,,,,
20250502,039490,키움증권,137600,600,89891,,,,
20250502,039570,HDC랩스,8990,40,9240,,,,
20250502,041650,상신브레이크,2970,-10,12105,,,,
20250502,042660,한화오션,78900,400,2513918,,,,
20250502,042700,한미반도체,76300,200,526966,,,,
20250502,044380,주연테크,1775,-30,664072,,,,
20250502,044450,KSS해운,9030,80,28360,,,,
20250502,044820,코스맥스비티아이,11280,100,8297,,,,
20250502,047040,대우건설,3600,55,1941861,,,,
20250502,047050,포스코인터내셔널,48800,-550,276603,,,,
20250502,047400,유니온머티리얼,1910,-2,83110,,,,
20250502,047810,한국항공우주,85300,2500,1053624,,,,
20250502,049800,우진플라임,2230,50,27816,,,,
20250502,051600,한전KPS,43300,-800,171966,,,,
20250502,051630,진양화학,2170,55,215067,,,,
20250502,051900,LG생활건강,337500,0,27802,,,,
20250502,051905,LG생활건강우,130400,1300,3654,,,,
20250502,051910,LG화학,210000,-6000,377264,,,,
20250502,051915,LG화학우,105500,-1300,30102,,,,
20250502,052690,한전기술,66000,-2000,657086,,,,
20250502,053210,스카이라이프,4485,50,92921,,,,
20250502,053690,한미글로벌,16120,60,36780,,,,
20250502,055490,테이팩스,13810,-190,4685,,,,
20250502,055550,신한지주,51200,-200,993916,,,,
20250502,058430,포스코스틸리온,3835,55,243120,,,,
20250502,058650,세아홀딩스,91400,-700,69,,,,
20250502,058730,다스코,3125,15,80485,,,,
20250502,058850,KTcs,2850,85,4430851,,,,
20250502,058860,KTis,2895,340,21974641,,,,
20250502,060980,HL홀딩스,36600,0,5744,,,,
20250502,062040,산일전기,57600,3100,670922,,,,
20250502,063160,종근당바이오,22850,-150,12520,,,,
20250502,064350,현대로템,111500,-700,827535,,,,
20250502,064400,LG씨엔에스,52400,-200,212687,,,,
20250502,064960,SNT모티브,27350,-250,45653,,,,
20250502,066570,LG전자,70600,-800,202511,,,,
20250502,066575,LG전자우,35600,100,14109,,,,
20250502,066970,엘앤에프,65500,700,222908,,,,
20250502,067830,세이브존I&C,2280,-40,59170,,,,
20250502,068270,셀트리온,149099,1010,365191,,,,
20250502,068290,삼성출판사,16190,-110,9282,,,,
20250502,069260,TKG휴켐스,16230,160,45893,,,,
20250502,069460,대호에이엘,9530,135,114858,,,,
20250502,069620,대웅제약,142900,4900,64570,,,,
20250502,069640,한세엠케이,2214,24,6568,,,,
20250502,069730,DSR제강,3500,-80,24497,,,,
20250502,069960,현대백화점,59400,-400,26673,,,,
20250502,070960,모나용평,4170,-260,479390,,,,
20250502,071050,한국금융지주,82900,-100,114716,,,,
20250502,071055,한국금융지주우,61200,200,9113,,,,
20250502,071090,하이스틸,3880,25,519101,,,,
20250502,071320,지역난방공사,52900,0,10376,,,,
20250502,071840,롯데하이마트,7500,-40,9107,,,,
20250502,071950,코아스,9280,30,24539,,,,
20250502,071970,HD현대마린엔진,37650,750,267608,,,,
20250502,072130,유엔젤,6030,270,2371468,,,,
20250502,072710,농심홀딩스,67100,0,1685,,,,
20250502,073240,금호타이어,4685,-135,339528,,,,
20250502,074610,이엔플러스,5110,0,0,,,,
20250502,075180,새론오토모티브,3350,-40,18791,,,,
20250502,075580,세진중공업,8850,170,310119,,,,
20250502,077500,유니퀘스트,5880,130,56273,,,,
20250502,077970,STX엔진,24150,150,129464,,,,
20250502,078000,텔코웨어,9430,-140,93413,,,,
20250502,078520,에이블씨엔씨,7030,190,142406,,,,
20250502,078930,GS,38300,-400,124633,,,,
20250502,078935,GS우,37300,0,6419,,,,
20250502,079160,CJ CGV,4870,10,104051,,,,
20250502,079430,현대리바트,7260,-10,4081,,,,
20250502,079550,LIG디펜스앤에어로스페이스,330000,9500,157050,,,,
20250502,079900,전진건설로봇,46400,-50,63029,,,,
20250502,079980,휴비스,2800,-10,23224,,,,
20250502,081000,일진다이아,12080,-160,6226,,,,
20250502,081660,미스토홀딩스,38050,1000,112884,,,,
20250502,082640,동양생명,5970,-140,572442,,,,
20250502,082740,한화엔진,27750,500,812308,,,,
20250502,083420,그린케미칼,7990,-70,329841,,,,
20250502,084010,대한제강,10302,-400,37239,,,,
20250502,084670,동양고속,7190,20,1338,,,,
20250502,084680,이월드,1423,8,392862,,,,
20250502,084690,대상홀딩스,10650,-20,1551317,,,,
20250502,084695,대상홀딩스우,16660,460,43077,,,,
20250502,084870,TBH글로벌,1226,31,63175,,,,
20250502,085310,엔케이,8890,-120,15870,,,,
20250502,085620,미래에셋생명,5290,-160,60094,,,,
20250502,086280,현대글로비스,107500,-6500,548276,,,,
20250502,086790,하나금융지주,64100,-400,561953,,,,
20250502,088260,이리츠코크렙,4735,75,62757,,,,
20250502,088350,한화생명,2655,5,635783,,,,
20250502,088790,진도,1879,27,54233,,,,
20250502,088980,맥쿼리인프라,11590,130,1240571,,,,
20250502,089470,HDC현대EP,3605,0,4055,,,,
20250502,089590,제주항공,6770,70,61596,,,,
20250502,089860,롯데렌탈,29450,50,25424,,,,
20250502,090080,평화산업,1061,-110,7570013,,,,
20250502,090350,노루페인트,8090,-210,81296,,,,
20250502,090355,노루페인트우,13690,-10,603,,,,
20250502,090370,메타랩스,1402,-13,17640,,,,
20250502,090430,아모레퍼시픽,125600,1200,348721,,,,
20250502,090435,아모레퍼시픽우,38250,350,13071,,,,
20250502,090460,비에이치,12460,120,212450,,,,
20250502,091810,트리니티항공,2052,14,264744,,,,
20250502,092200,디아이씨,4560,-125,316446,,,,
20250502,092220,KEC,3615,-55,56625,,,,
20250502,092230,KPX홀딩스,60400,600,1869,,,,
20250502,092440,기신정기,2425,-10,5975,,,,
20250502,092780,DYP,4500,-10,5890,,,,
20250502,092790,넥스틸,12780,190,210981,,,,
20250502,093050,LF,14900,0,6707,,,,
20250502,093240,형지엘리트,2094,-223,20736394,,,,
20250502,093370,후성,4380,0,204078,,,,
20250502,094280,효성ITX,12050,0,7685,,,,
20250502,094800,맵스리얼티,4350,70,48925,,,,
20250502,095570,AJ네트웍스,3760,60,275137,,,,
20250502,095720,웅진씽크빅,3304,-90,8945721,,,,
20250502,096760,JW홀딩스,3045,-25,23794,,,,
20250502,096770,SK이노베이션,93400,-1000,204897,,,,
20250502,096775,SK이노베이션우,66200,-1000,1722,,,,
20250502,097230,HJ중공업,7740,-110,569131,,,,
20250502,097520,엠씨넥스,24350,400,34973,,,,
20250502,097950,CJ제일제당,243000,4000,39070,,,,
20250502,097955,CJ제일제당 우,138100,1200,5268,,,,
20250502,100090,SK오션플랜트,14420,-580,161564,,,,
20250502,100220,비상교육,5570,70,86777,,,,
20250502,100250,진양홀딩스,2949,10,27192,,,,
20250502,100840,SNT에너지,37900,600,123073,,,,
20250502,101140,인바이오젠,12630,0,53260,,,,
20250502,101530,해태제과식품,7040,10,14995,,,,
20250502,102260,동성케미컬,4053,-24,178170,,,,
20250502,102460,이연제약,11210,-150,11439,,,,
20250502,103140,풍산,58900,-400,186968,,,,
20250502,103590,일진전기,26400,1200,674823,,,,
20250502,104700,한국철강,8440,-80,14126,,,,
20250502,105560,KB금융,93200,3000,1764271,,,,
20250502,105630,한세실업,11200,50,60826,,,,
20250502,105840,우진,7730,-300,293793,,,,
20250502,107590,미원홀딩스,74800,600,1050,,,,
20250502,108320,LX세미콘,54700,500,16891,,,,
20250502,108670,LX하우시스,29150,250,10702,,,,
20250502,108675,LX하우시스우,18040,30,363,,,,
20250502,109070,주성코퍼레이션,1010,5,565574,,,,
20250502,111110,호전실업,8350,80,21348,,,,
20250502,111380,동인기연,16680,-100,6707,,,,
20250502,111770,영원무역,47500,150,39657,,,,
20250502,112610,씨에스윈드,38300,-500,173793,,,,
20250502,114090,GKL,12140,-10,97672,,,,
20250502,117580,대성에너지,7770,10,21271,,,,
20250502,118000,메타케어,3150,-50,41557,,,,
20250502,119650,KC코트렐,918,0,0,,,,
20250502,120030,조선선재,97600,-1400,2087,,,,
20250502,120110,코오롱인더,30200,50,53559,,,,
20250502,120115,코오롱인더우,19560,0,2697,,,,
20250502,122900,아이마켓코리아,8000,60,39751,,,,
20250502,123690,한국화장품,7200,150,134020,,,,
20250502,123700,SJM,3055,0,15106,,,,
20250502,123890,한국자산신탁,2340,10,159774,,,,
20250502,126560,현대퓨처넷,2850,-20,42977,,,,
20250502,126720,수산인더스트리,19620,-200,14886,,,,
20250502,128820,대성산업,3515,0,0,,,,
20250502,128940,한미약품,265500,-3500,87564,,,,
20250502,129260,인터지스,2520,-145,413021,,,,
20250502,130660,한전산업,11720,-900,1512615,,,,
20250502,133820,화인베스틸,850,0,36291,,,,
20250502,134380,미원화학,7860,-30,470,,,,
20250502,134790,시디즈,29000,1400,112545,,,,
20250502,136490,선진,5870,0,19787,,,,
20250502,137310,에스디바이오센서,9490,90,64165,,,,
20250502,138040,메리츠금융지주,122600,-1500,211656,,,,
20250502,138930,BNK금융지주,10410,60,1052652,,,,
20250502,139130,iM금융지주,10200,-80,419237,,,,
20250502,139480,이마트,90000,-1700,95902,,,,
20250502,139990,아주스틸,3840,20,12809,,,,
20250502,143210,핸즈코퍼레이션,1618,-32,2634,,,,
20250502,145210,다이나믹디자인,10720,-380,26401,,,,
20250502,145270,케이탑리츠,952,2,60047,,,,
20250502,145720,덴티움,72500,-500,18988,,,,
20250502,145990,삼양사,48150,300,2201,,,,
20250502,145995,삼양사우,30750,50,402,,,,
20250502,155660,DSR,3765,-15,16116,,,,
20250502,161000,애경케미칼,11350,-80,2105459,,,,
20250502,161390,한국타이어앤테크놀로지,41150,-250,191536,,,,
20250502,161890,한국콜마,75600,-300,82274,,,,
20250502,163560,동일고무벨트,7100,30,19948,,,,
20250502,170900,동아에스티,45016,-906,16147,,,,
20250502,175330,JB금융지주,17340,270,425377,,,,
20250502,178920,PI첨단소재,16010,-340,95076,,,,
20250502,180640,한진칼,80800,1300,52938,,,,
20250502,18064K,한진칼우,21850,-200,649,,,,
20250502,181710,NHN,22000,-200,44420,,,,
20250502,183190,아세아시멘트,10990,-10,26945,,,,
20250502,185750,종근당,81400,-200,25968,,,,
20250502,192080,더블유게임즈,56500,100,38505,,,,
20250502,192400,쿠쿠홀딩스,24250,-50,429602,,,,
20250502,192650,드림텍,6390,30,81153,,,,
20250502,192820,코스맥스,174500,2000,57718,,,,
20250502,194370,제이에스코퍼레이션,8030,310,133611,,,,
20250502,195870,해성디에스,22200,-900,135707,,,,
20250502,200880,서연이화,11790,-10,34813,,,,
20250502,204320,HL만도,37450,200,119603,,,,
20250502,207940,삼성바이오로직스,1596842,48567,50260,,,,
20250502,210540,디와이파워,11700,50,8900,,,,
20250502,210980,SK디앤디,8950,60,45205,,,,
20250502,213500,한솔제지,8390,20,33306,,,,
20250502,214320,이노션,18380,160,44614,,,,
20250502,214330,금호에이치티,17272,0,13127,,,,
20250502,214390,경보제약,5500,-140,18345,,,,
20250502,214420,토니모리,9280,260,649795,,,,
20250502,226320,잇츠한불,12400,130,40617,,,,
20250502,227840,현대코퍼레이션홀딩스,10990,60,3206,,,,
20250502,229640,LS에코에너지,32250,250,56051,,,,
20250502,234080,JW생명과학,11550,60,27736,,,,
20250502,241560,두산밥캣,48300,-700,124811,,,,
20250502,241590,화승엔터프라이즈,7810,60,104278,,,,
20250502,244920,에이플러스에셋,4690,-25,72870,,,,
20250502,248070,솔루엠,16290,-140,39639,,,,
20250502,248170,샘표식품,26550,250,5237,,,,
20250502,249420,일동제약,11900,70,37618,,,,
20250502,251270,넷마블,45150,450,67805,,,,
20250502,259960,크래프톤,385000,13500,214293,,,,
20250502,264900,크라운제과,8380,-30,18398,,,,
20250502,26490K,크라운제과우,10170,-410,18546,,,,
20250502,267250,HD현대,77900,-800,111324,,,,
20250502,267260,HD현대일렉트릭,323000,15500,402834,,,,
20250502,267270,HD건설기계,69100,1400,72909,,,,
20250502,267290,경동도시가스,17560,-90,6453,,,,
20250502,267850,아시아나IDT,11290,-40,4331,,,,
20250502,268280,미원에스씨,155000,-3800,575,,,,
20250502,271560,오리온,122700,-500,55472,,,,
20250502,271940,일진하이솔루스,13330,-220,40738,,,,
20250502,271980,제일약품,12310,-110,43243,,,,
20250502,272210,한화시스템,41700,2700,5031661,,,,
20250502,272450,진에어,8960,30,80012,,,,
20250502,272550,삼양패키징,13480,-70,5889,,,,
20250502,278470,에이피알,76200,900,263413,,,,
20250502,280360,롯데웰푸드,117600,-900,5312,,,,
20250502,281820,케이씨텍,26350,250,154086,,,,
20250502,282330,BGF리테일,106700,-1100,32756,,,,
20250502,284740,쿠쿠홈시스,22400,-400,11835,,,,
20250502,285130,SK케미칼,40600,800,26495,,,,
20250502,28513K,SK케미칼우,20350,-400,3371,,,,
20250502,286940,롯데이노베이트,18820,30,7306,,,,
20250502,293480,하나제약,11470,-90,18776,,,,
20250502,293940,신한알파리츠,5830,20,81062,,,,
20250502,294870,IPARK현대산업개발,25400,450,195511,,,,
20250502,298000,효성화학,77800,0,0,,,,
20250502,298020,효성티앤씨,239000,1500,9251,,,,
20250502,298040,효성중공업,507000,17500,52232,,,,
20250502,298050,HS효성첨단소재,179400,1600,4533,,,,
20250502,298690,에어부산,2045,-5,45461,,,,
20250502,300720,한일시멘트,18090,90,76406,,,,
20250502,302440,SK바이오사이언스,39600,0,54790,,,,
20250502,306200,세아제강,176400,-600,8594,,,,
20250502,307950,현대오토에버,125400,2200,45772,,,,
20250502,308170,씨티알모빌리티,5890,-110,1954,,,,
20250502,316140,우리금융지주,17720,10,1996652,,,,
20250502,317400,자이에스앤디,3355,-125,30617,,,,
20250502,322000,HD현대에너지솔루션,28100,-500,64884,,,,
20250502,323410,카카오뱅크,22100,-200,280848,,,,
20250502,326030,SK바이오팜,107400,900,90798,,,,
20250502,329180,HD현대중공업,408500,6500,167295,,,,
20250502,330590,롯데리츠,3635,50,260601,,,,
20250502,334890,이지스밸류플러스리츠,4627,-5,34257,,,,
20250502,336260,두산퓨얼셀,14940,-320,175731,,,,
20250502,33626K,두산퓨얼셀1우,4445,0,5317,,,,
20250502,33626L,두산퓨얼셀2우B,7740,50,1993,,,,
20250502,336370,솔루스첨단소재,8440,-100,119567,,,,
20250502,33637K,솔루스첨단소재1우,1796,-20,54038,,,,
20250502,33637L,솔루스첨단소재2우B,4350,-60,34133,,,,
20250502,338100,NH프라임리츠,4565,0,15189,,,,
20250502,339770,교촌에프앤비,5360,-30,41193,,,,
20250502,344820,KCC글라스,32100,100,29096,,,,
20250502,348950,제이알글로벌리츠,2765,25,392693,,,,
20250502,350520,이지스레지던스리츠,4220,0,92126,,,,
20250502,352820,하이브,264500,-2500,266554,,,,
20250502,353200,대덕전자,14180,220,192874,,,,
20250502,35320K,대덕전자1우,7760,-30,758,,,,
20250502,357120,코람코라이프인프라리츠,4530,15,56975,,,,
20250502,357250,미래에셋맵스리츠,2770,40,46701,,,,
20250502,357430,마스턴프리미어리츠,1488,6,24015,,,,
20250502,361610,SK아이이테크놀로지,22700,250,94802,,,,
20250502,363280,티와이홀딩스,2745,95,1709797,,,,
20250502,36328K,티와이홀딩스우,6500,1500,112353,,,,
20250502,365550,ESR켄달스퀘어리츠,4842,-5,144361,,,,
20250502,372910,한컴라이프케어,3085,5,93399,,,,
20250502,373220,LG에너지솔루션,320500,-4000,202479,,,,
20250502,375500,DL이앤씨,42100,-1350,95520,,,,
20250502,37550K,DL이앤씨우,17730,60,3609,,,,
20250502,37550L,DL이앤씨2우(전환),28100,-100,1793,,,,
20250502,377190,디앤디플랫폼리츠,3250,40,76421,,,,
20250502,377300,카카오페이,31550,-100,127474,,,,
20250502,377740,바이오노트,4580,5,12447,,,,
20250502,378850,화승알앤에이,3160,-30,19316,,,,
20250502,381970,케이카,14070,70,37804,,,,
20250502,383220,F&F,71000,400,64592,,,,
20250502,383800,LX홀딩스,6540,-10,111348,,,,
20250502,38380K,LX홀딩스1우,8100,10,158,,,,
20250502,395400,SK리츠,5000,40,204499,,,,
20250502,396690,미래에셋글로벌리츠,2770,20,37696,,,,
20250502,400760,NH올원리츠,3586,35,123045,,,,
20250502,402340,SK스퀘어,91300,2400,279016,,,,
20250502,403550,쏘카,14480,0,1513,,,,
20250502,404990,신한서부티엔디리츠,3525,30,52958,,,,
20250502,415640,KB발해인프라,7700,60,40245,,,,
20250502,417310,코람코더원리츠,5090,90,33142,,,,
20250502,432320,KB스타리츠,4000,60,85651,,,,
20250502,443060,HD현대마린솔루션,153000,0,102418,,,,
20250502,446070,유니드비티플러스,4320,50,427635,,,,
20250502,448730,삼성FN리츠,4505,20,56706,,,,
20250502,450080,에코프로머티,54700,-800,243419,,,,
20250502,451800,한화리츠,3810,15,103120,,,,
20250502,452260,한화갤러리아,1204,10,380916,,,,
20250502,45226K,한화갤러리아우,2340,20,5776,,,,
20250502,453340,현대그린푸드,15430,-110,19685,,,,
20250502,454910,두산로보틱스,50100,-300,78366,,,,
20250502,456040,OCI,54600,-500,14197,,,,
20250502,457190,이수스페셜티케미컬,43350,300,140484,,,,
20250502,460850,동국씨엠,6230,-60,13535,,,,
20250502,460860,동국제강,9110,-70,84315,,,,
20250502,462520,조선내화,13470,-140,3500,,,,
20250502,462870,시프트업,55400,1500,95663,,,,
20250502,465770,STX그린로지스,8390,-210,66854,,,,
20250502,475150,SK이터닉스,16410,-570,667630,,,,
20250502,475560,더본코리아,26950,-350,33160,,,,
20250502,480370,씨케이솔루션,4420,378,1374026,,,,
20250502,481850,신한글로벌액티브리츠,1621,46,108980,,,,
20250502,484870,엠앤씨솔루션,34466,1333,146841,,,,
20250502,487570,HS효성,40600,-300,2139,,,,
20250502,489790,한화비전,59900,-300,783168,,,,
20250502,499790,GS피앤엘,20200,-900,33190,,,,
20250502,900140,엘브이엠씨홀딩스,1720,-26,355232,,,,
20250502,950210,프레스티지바이오파마,14130,-500,106815,,,,
20250507,000020,동화약품,6290,20,36852,,,,
20250507,000040,KR모터스,2235,-75,55427,,,,
20250507,000050,경방,6920,70,80141,,,,
20250507,000070,삼양홀딩스,41105,0,15646,,,,
20250507,000080,하이트진로,19310,0,95427,,,,
20250507,000087,하이트진로2우B,15350,50,315,,,,
20250507,000100,유한양행,109700,-3800,402427,,,,
20250507,000105,유한양행우,98800,-1200,10112,,,,
20250507,000120,CJ대한통운,84100,2200,81638,,,,
20250507,000140,하이트진로홀딩스,8510,0,10930,,,,
20250507,000145,하이트진로홀딩스우,10920,-20,43,,,,
20250507,000150,두산,324500,-9000,178772,,,,
20250507,000155,두산우,189000,7100,64638,,,,
20250507,000157,두산2우B,194100,6700,11543,,,,
20250507,000180,성창기업지주,6590,-40,4273,,,,
20250507,000210,DL,33700,1350,55798,,,,
20250507,000215,DL우,19940,430,546,,,,
20250507,000220,유유제약,4595,-105,77375,,,,
20250507,000225,유유제약1우,4925,-255,17539,,,,
20250507,000227,유유제약2우B,9970,-500,7112,,,,
20250507,000230,일동홀딩스,6050,-210,19247,,,,
20250507,000240,한국앤컴퍼니,15320,220,93628,,,,
20250507,000270,기아,88100,-1300,1093539,,,,
20250507,000300,DH오토넥스,4200,0,0,,,,
20250507,000320,노루홀딩스,15180,0,6770,,,,
20250507,000325,노루홀딩스우,29950,-2000,1073,,,,
20250507,000370,한화손해보험,3965,-70,192258,,,,
20250507,000390,SP삼화,6010,30,15534,,,,
20250507,000400,롯데손해보험,1685,-23,148831,,,,
20250507,000430,대원강업,3850,20,37185,,,,
20250507,000480,CR홀딩스,5210,40,4851,,,,
20250507,000490,대동,10390,40,89848,,,,
20250507,000500,가온전선,33507,111,203519,,,,
20250507,000520,삼일제약,12350,-90,117204,,,,
20250507,000540,흥국화재,3420,65,104703,,,,
20250507,000545,흥국화재우,10000,910,459986,,,,
20250507,000590,CS홀딩스,74600,400,289,,,,
20250507,000640,동아쏘시오홀딩스,96927,-291,8534,,,,
20250507,000650,천일고속,39950,1150,14771,,,,
20250507,000660,SK하이닉스,190800,4800,3830097,,,,
20250507,000670,영풍,35850,730,21545,,,,
20250507,000680,LS네트웍스,3470,90,380279,,,,
20250507,000700,유수홀딩스,5420,-140,20967,,,,
20250507,000720,현대건설,43000,2200,1242082,,,,
20250507,000725,현대건설우,52500,700,3729,,,,
20250507,000760,이화산업,10750,-120,181,,,,
20250507,000810,삼성화재,377000,0,90936,,,,
20250507,000815,삼성화재우,284000,-2500,14220,,,,
20250507,000850,화천기공,29600,600,4392,,,,
20250507,000860,강남제비스코,11620,-290,18622,,,,
20250507,000880,한화,58523,-180,231313,,,,
20250507,00088K,한화3우B,22100,302,202137,,,,
20250507,000890,보해양조,2365,-105,2521693,,,,
20250507,000910,유니온,5150,100,186200,,,,
20250507,000950,전방,25500,-600,681,,,,
20250507,000970,한국주철관,7300,-50,245991,,,,
20250507,000990,DB하이텍,38600,200,108298,,,,
20250507,001020,페이퍼코리아,3800,85,11350,,,,
20250507,001040,CJ,126200,300,122942,,,,
20250507,001045,CJ우,73000,1500,6885,,,,
20250507,00104K,CJ4우(전환),102200,500,13088,,,,
20250507,001060,JW중외제약,21950,-350,27567,,,,
20250507,001065,JW중외제약우,28900,-50,553,,,,
20250507,001067,JW중외제약2우B,60800,-200,12,,,,
20250507,001070,대한방직,5130,-40,9578,,,,
20250507,001080,만호제강,2655,20,2850,,,,
20250507,001120,LX인터내셔널,26700,200,114009,,,,
20250507,001130,대한제분,13390,240,24590,,,,
20250507,001200,유진투자증권,2735,-5,308889,,,,
20250507,001210,금호전기,6175,75,125273,,,,
20250507,001230,동국홀딩스,1589,-7,154910,,,,
20250507,001250,GS글로벌,2580,25,251560,,,,
20250507,001260,남광토건,8520,140,26800,,,,
20250507,001270,부국증권,28050,450,6717,,,,
20250507,001275,부국증권우,21950,200,1731,,,,
20250507,001290,상상인증권,457,20,63889,,,,
20250507,001340,PKC,6310,-100,120141,,,,
20250507,001360,삼성제약,1494,-8,169677,,,,
20250507,001380,SG글로벌,3626,-263,677370,,,,
20250507,001390,KG케미칼,3850,-70,152175,,,,
20250507,001420,태원물산,3820,125,9636,,,,
20250507,001430,세아베스틸지주,17690,40,37796,,,,
20250507,001440,대한전선,11760,0,573117,,,,
20250507,001450,현대해상,21950,0,310955,,,,
20250507,001460,BYC,28150,-450,1466,,,,
20250507,001465,BYC우,13690,-300,2565,,,,
20250507,001470,삼부토건,347,0,0,,,,
20250507,001500,현대차증권,6580,-10,233601,,,,
20250507,001510,SK증권,975,2,512908,,,,
20250507,001515,SK증권우,3620,-60,3194,,,,
20250507,001520,동양,1148,-40,1248698,,,,
20250507,001525,동양우,10800,-3160,62880,,,,
20250507,001527,동양2우B,18180,-3620,17197,,,,
20250507,001530,DI동일,38667,-476,25998,,,,
20250507,001550,조비,12260,410,27856,,,,
20250507,001560,제일연마,9250,250,12282,,,,
20250507,001570,금양,9900,0,0,,,,
20250507,001620,케이비아이동국실업,2650,-20,9383,,,,
20250507,001630,종근당홀딩스,45750,-400,5683,,,,
20250507,001680,대상,24650,200,194372,,,,
20250507,001685,대상우,16510,-240,24292,,,,
20250507,001720,신영증권,97600,2800,31277,,,,
20250507,001740,SK네트웍스,4190,-40,236686,,,,
20250507,001750,한양증권,13850,330,31933,,,,
20250507,001755,한양증권우,14600,0,3492,,,,
20250507,001770,SHD,16590,490,12801,,,,
20250507,001780,알루코,2170,55,509370,,,,
20250507,001790,대한제당,3345,-235,6646509,,,,
20250507,001795,대한제당우,3145,-525,2426653,,,,
20250507,001800,오리온홀딩스,18820,280,165659,,,,
20250507,001820,삼화콘덴서,25000,450,13557,,,,
20250507,001940,KISCO홀딩스,20600,-100,13647,,,,
20250507,002020,코오롱,22250,400,34115,,,,
20250507,002025,코오롱우,14380,60,952,,,,
20250507,002030,아세아,260500,-1000,1269,,,,
20250507,002070,비비안,16446,672,20887,,,,
20250507,002100,경농,9240,40,34645,,,,
20250507,002140,고려산업,2945,55,278511,,,,
20250507,002150,도화엔지니어링,6580,0,14866,,,,
20250507,002170,SYTS,46600,400,2516,,,,
20250507,002200,한국수출포장,2790,-10,54960,,,,
20250507,002210,동성제약,2780,-1190,856991,,,,
20250507,002220,한일철강,1945,11,8751,,,,
20250507,002240,고려제강,17160,50,7467,,,,
20250507,002310,아세아제지,6810,-40,256574,,,,
20250507,002320,한진,18970,90,10292,,,,
20250507,002350,넥센타이어,5770,270,432744,,,,
20250507,002355,넥센타이어1우B,2740,65,5043,,,,
20250507,002360,SH에너지화학,4500,-10,7669,,,,
20250507,002380,KCC,250000,-2500,21101,,,,
20250507,002390,한독,12400,790,1060005,,,,
20250507,002410,범양건영,1935,0,0,,,,
20250507,002420,세기상사,4990,-5,6128,,,,
20250507,002450,삼익악기,1190,-2,545382,,,,
20250507,002460,HS화성,10030,70,2343,,,,
20250507,002600,조흥,157500,400,15,,,,
20250507,002620,제일파마홀딩스,7890,-60,1492,,,,
20250507,002630,오리엔트바이오,3580,826,18739593,,,,
20250507,002690,동일제강,1374,-18,18783,,,,
20250507,002700,신일전자,1541,19,288844,,,,
20250507,002710,TCC스틸,20200,0,97834,,,,
20250507,002720,국제약품,4565,-55,63322,,,,
20250507,002760,보락,1121,-22,218922,,,,
20250507,002780,진흥기업,741,6,303302,,,,
20250507,002785,진흥기업우B,3585,-315,3856,,,,
20250507,002787,진흥기업2우B,9910,210,1630,,,,
20250507,002790,아모레퍼시픽홀딩스,22650,-300,73491,,,,
20250507,002795,아모레퍼시픽홀딩스우,9420,-40,15090,,,,
20250507,00279K,아모레퍼시픽홀딩스3우C,18320,80,5852,,,,
20250507,002810,삼영무역,13750,10,12383,,,,
20250507,002820,SUN&L,2910,60,12941,,,,
20250507,002840,미원상사,188200,-2600,2541,,,,
20250507,002870,신풍,1116,11,127633,,,,
20250507,002880,디와이에이,938,-4,252013,,,,
20250507,002900,TYM,4460,5,90453,,,,
20250507,002920,유성기업,1939,-8,70350,,,,
20250507,002960,한국쉘석유,364000,1000,1402,,,,
20250507,002990,금호건설,2900,-55,202286,,,,
20250507,002995,금호건설우,13840,-2930,35776,,,,
20250507,003000,부광약품,3587,-64,59126,,,,
20250507,003010,혜인,5040,10,36563,,,,
20250507,003030,세아제강지주,221500,-11000,24985,,,,
20250507,003060,에이프로젠바이오로직스,682,-11,273796,,,,
20250507,003070,코오롱글로벌,8640,-10,4022,,,,
20250507,003075,코오롱글로벌우,15680,130,1512,,,,
20250507,003080,SB성보,2515,10,3053,,,,
20250507,003090,대웅,19260,-1090,71894,,,,
20250507,003120,일성아이에스,15800,-20,6752,,,,
20250507,003160,디아이,14650,530,303558,,,,
20250507,003200,일신방직,8560,-100,17729,,,,
20250507,003220,대원제약,13720,-150,166082,,,,
20250507,003230,삼양식품,950000,-38000,81191,,,,
20250507,003240,태광산업,776000,31000,995,,,,
20250507,003280,흥아해운,1602,46,1284250,,,,
20250507,003300,한일홀딩스,14780,-40,10740,,,,
20250507,003350,한국화장품제조,10720,-360,538640,,,,
20250507,003460,유화증권,2405,-10,16397,,,,
20250507,003465,유화증권우,2405,15,433,,,,
20250507,003470,유안타증권,2925,-20,297637,,,,
20250507,003475,유안타증권우,3065,5,41446,,,,
20250507,003480,한진중공업홀딩스,4640,30,91089,,,,
20250507,003490,대한항공,22650,1650,5127876,,,,
20250507,003495,대한항공우,22350,400,26123,,,,
20250507,003520,영진약품,2005,-30,175536,,,,
20250507,003530,한화투자증권,3495,25,419403,,,,
20250507,003535,한화투자증권우,6050,10,23747,,,,
20250507,003540,대신증권,18320,400,128429,,,,
20250507,003545,대신증권우,17170,270,121520,,,,
20250507,003547,대신증권2우B,16310,200,71701,,,,
20250507,003550,LG,66300,-400,171368,,,,
20250507,003555,LG우,55100,-500,15173,,,,
20250507,003570,SNT다이내믹스,34350,800,82478,,,,
20250507,003580,HLB글로벌,3135,10,26571,,,,
20250507,003610,방림,3880,0,23698,,,,
20250507,003620,KG모빌리티,3490,0,0,,,,
20250507,003650,미창석유,102100,-1000,469,,,,
20250507,003670,포스코퓨처엠,118935,-2132,258437,,,,
20250507,003680,한성기업,5030,-20,14137,,,,
20250507,003690,코리안리,8140,-10,205636,,,,
20250507,003720,삼영,4085,85,84962,,,,
20250507,003780,진양산업,5780,110,202087,,,,
20250507,003830,대한화섬,108800,-1100,965,,,,
20250507,003850,보령,8440,-80,86144,,,,
20250507,003920,남양유업,79800,1400,13207,,,,
20250507,003925,남양유업우,40950,200,8383,,,,
20250507,003960,사조대림,38900,850,13669,,,,
20250507,004000,롯데정밀화학,35500,550,83660,,,,
20250507,004020,현대제철,24500,-200,363315,,,,
20250507,004060,SG세계물산,3260,0,19753,,,,
20250507,004080,신흥,14600,0,1432,,,,
20250507,004090,한국석유,12670,-360,114566,,,,
20250507,004100,태양금속,2240,-815,9279542,,,,
20250507,004105,태양금속우,3180,-955,706170,,,,
20250507,004140,동방,2490,160,826807,,,,
20250507,004150,한솔홀딩스,2480,0,31102,,,,
20250507,004170,신세계,158300,0,37080,,,,
20250507,004250,NPC,4140,-20,16228,,,,
20250507,004255,NPC우,2360,-25,7724,,,,
20250507,004270,남성,8920,32,2111,,,,
20250507,004310,현대약품,3310,-75,47629,,,,
20250507,004360,세방,11470,0,9680,,,,
20250507,004365,세방우,7850,100,4671,,,,
20250507,004370,농심,408500,3500,30341,,,,
20250507,004380,삼익THK,13156,300,28532,,,,
20250507,004410,서울식품,1640,-30,394350,,,,
20250507,004415,서울식품우,12710,-240,774,,,,
20250507,004430,송원산업,12220,70,76510,,,,
20250507,004440,삼일씨엔에스,4120,-30,9587,,,,
20250507,004450,삼화왕관,39000,1000,3851,,,,
20250507,004490,세방전지,68000,-1800,51652,,,,
20250507,004540,깨끗한나라,2480,70,221261,,,,
20250507,004545,깨끗한나라우,13330,-180,2164,,,,
20250507,004560,현대비앤지스틸,12200,110,25373,,,,
20250507,004690,삼천리,92200,100,4796,,,,
20250507,004700,조광피혁,52300,400,6583,,,,
20250507,004710,한솔테크닉스,4650,5,85369,,,,
20250507,004720,팜젠사이언스,4000,-55,22544,,,,
20250507,004770,써니전자,1717,53,939676,,,,
20250507,004800,효성,53800,1200,23727,,,,
20250507,004830,덕성,5970,-260,375649,,,,
20250507,004835,덕성우,7850,-780,52097,,,,
20250507,004840,DRB동일,4375,-135,34223,,,,
20250507,004870,티웨이홀딩스,3358,48,189929,,,,
20250507,004890,동일산업,43300,800,2390,,,,
20250507,004910,조광페인트,6240,50,14490,,,,
20250507,004920,씨아이테크,1436,3,208996,,,,
20250507,004960,한신공영,7300,180,41461,,,,
20250507,004970,신라교역,9120,0,14630,,,,
20250507,004980,성신양회,9390,530,781396,,,,
20250507,004985,성신양회우,14100,720,59202,,,,
20250507,004990,롯데지주,22850,-100,74866,,,,
20250507,00499K,롯데지주우,26500,-100,153,,,,
20250507,005010,휴스틸,4805,-35,355710,,,,
20250507,005030,부산주공,486,0,0,,,,
20250507,005070,코스모신소재,37400,-1400,210524,,,,
20250507,005090,SGC에너지,23350,250,31441,,,,
20250507,005110,한창,1254,0,0,,,,
20250507,005180,빙그레,91800,-1100,54570,,,,
20250507,005250,녹십자홀딩스,13700,-200,51948,,,,
20250507,005257,녹십자홀딩스2우,21000,150,17,,,,
20250507,005300,롯데칠성,106900,-2400,30765,,,,
20250507,005305,롯데칠성우,65000,-1200,768,,,,
20250507,005320,온타이드,888,0,31217,,,,
20250507,005360,모나미,2040,-25,23902,,,,
20250507,005380,현대차,187600,-1800,666181,,,,
20250507,005385,현대차우,148200,-1700,69451,,,,
20250507,005387,현대차2우B,150100,-2000,127297,,,,
20250507,005389,현대차3우B,148300,-1300,15186,,,,
20250507,005420,코스모화학,15000,-160,103706,,,,
20250507,005430,한국공항,49100,2050,11349,,,,
20250507,005440,현대지에프홀딩스,5590,60,122296,,,,
20250507,005490,POSCO홀딩스,261500,6000,282409,,,,
20250507,005500,삼진제약,17780,120,5402,,,,
20250507,005610,삼립,61800,-1600,18804,,,,
20250507,005680,삼영전자,10570,-100,13058,,,,
20250507,005690,파미셀,11120,-480,891896,,,,
20250507,005720,넥센,4780,110,29702,,,,
20250507,005725,넥센우,3395,40,1893,,,,
20250507,005740,크라운해태홀딩스,6080,50,68594,,,,
20250507,005745,크라운해태홀딩스우,9150,150,11349,,,,
20250507,005750,대림바스,3885,-20,14988,,,,
20250507,005800,신영와코루,10500,-90,18960,,,,
20250507,005810,풍산홀딩스,28850,350,23627,,,,
20250507,005820,원림,14160,10,1859,,,,
20250507,005830,DB손해보험,91300,-1600,256027,,,,
20250507,005850,에스엘,31800,-1100,154892,,,,
20250507,005870,휴니드,8900,620,1748942,,,,
20250507,005880,대한해운,1539,22,793774,,,,
20250507,005930,삼성전자,54600,300,17136991,,,,
20250507,005935,삼성전자우,45300,0,1252692,,,,
20250507,005940,NH투자증권,15270,70,695511,,,,
20250507,005945,NH투자증권우,14110,210,71674,,,,
20250507,005950,이수화학,5510,-100,36230,,,,
20250507,005960,동부건설,4125,-50,15425,,,,
20250507,005965,동부건설우,19810,-790,498,,,,
20250507,006040,동원산업,42900,1150,56259,,,,
20250507,006060,화승인더,4625,-25,116413,,,,
20250507,006090,사조오양,8320,120,13915,,,,
20250507,006110,삼아알미늄,23400,-1300,57385,,,,
20250507,006120,SK디스커버리,41400,-450,17285,,,,
20250507,006125,SK디스커버리우,35350,700,15130,,,,
20250507,006200,한국전자홀딩스,3415,5,4448,,,,
20250507,006220,제주은행,11060,240,213583,,,,
20250507,006260,LS,129400,2400,132596,,,,
20250507,006280,녹십자,119500,-6300,59196,,,,
20250507,006340,대원전선,2795,40,711016,,,,
20250507,006345,대원전선우,3935,40,45723,,,,
20250507,006360,GS건설,18200,460,443723,,,,
20250507,006370,대구백화점,7450,-350,43360,,,,
20250507,006380,카프로,3660,0,0,,,,
20250507,006400,삼성SDI,172200,-1400,405002,,,,
20250507,006405,삼성SDI우,105200,-1000,2527,,,,
20250507,006490,프리티,8445,820,800950,,,,
20250507,006570,대림통상,2435,5,4672,,,,
20250507,006650,대한유화,88800,4800,44732,,,,
20250507,006660,삼성공조,14710,300,198562,,,,
20250507,006740,블루산업개발,2220,-26,42550,,,,
20250507,006800,미래에셋증권,11928,10,1503337,,,,
20250507,006805,미래에셋증권우,5351,-10,54786,,,,
20250507,00680K,미래에셋증권2우B,4710,-49,1107526,,,,
20250507,006840,AK홀딩스,10650,30,12987,,,,
20250507,006880,신송홀딩스,7680,550,522375,,,,
20250507,006890,태경케미컬,11820,20,20916,,,,
20250507,006980,우성,16000,-300,1763,,,,
20250507,007070,GS리테일,14810,180,233887,,,,
20250507,007110,일신석재,2300,165,5197402,,,,
20250507,007120,미래아이앤지,1019,-31,83305,,,,
20250507,007160,사조산업,35700,-50,6499,,,,
20250507,007210,벽산,2425,5,198668,,,,
20250507,007280,한국특강,3522,-140,25746,,,,
20250507,007310,오뚜기,400000,-2000,3427,,,,
20250507,007340,DN오토모티브,20450,50,140040,,,,
20250507,007460,에이프로젠,685,-15,1247466,,,,
20250507,007540,샘표,42350,450,2343,,,,
20250507,007570,일양약품,13749,-146,42220,,,,
20250507,007575,일양약품우,14495,82,943,,,,
20250507,007590,동방아그로,6090,-10,458,,,,
20250507,007610,선도전기,3000,0,0,,,,
20250507,007660,이수페타시스,37200,500,1127413,,,,
20250507,007690,국도화학,34300,1500,28736,,,,
20250507,007700,F&F홀딩스,12430,-110,8625,,,,
20250507,007810,코리아써키트,10380,120,22139,,,,
20250507,007815,코리아써우,5990,-50,9432,,,,
20250507,00781K,코리아써키트2우B,5530,0,20,,,,
20250507,007860,서연,7230,-100,129531,,,,
20250507,007980,TP,1298,-51,419567,,,,
20250507,008040,사조동아원,1083,18,463350,,,,
20250507,008060,대덕,7780,-10,88227,,,,
20250507,00806K,대덕1우,7920,40,66,,,,
20250507,008250,이건산업,5730,150,18932,,,,
20250507,008260,NI스틸,3480,20,61434,,,,
20250507,008350,남선알미늄,1409,-37,2002772,,,,
20250507,008355,남선알미우,14840,-480,4848,,,,
20250507,008420,문배철강,2385,15,26961,,,,
20250507,008490,서흥,14320,70,16137,,,,
20250507,008600,윌비스,7167,342,982260,,,,
20250507,008700,아남전자,1531,176,24615994,,,,
20250507,008730,율촌화학,27200,-50,80360,,,,
20250507,008770,호텔신라,44200,300,251425,,,,
20250507,008775,호텔신라우,33900,0,926,,,,
20250507,008870,금비,54300,-600,2379,,,,
20250507,008930,한미사이언스,28500,-100,71952,,,,
20250507,008970,KBI동양철관,2579,-16,4711693,,,,
20250507,009070,KCTC,3875,50,31788,,,,
20250507,009140,경인전자,19640,310,5029,,,,
20250507,009150,삼성전기,118300,700,166753,,,,
20250507,009155,삼성전기우,55000,200,2434,,,,
20250507,009160,SIMPAC,4020,-5,33067,,,,
20250507,009180,한솔로지스틱스,2165,5,21922,,,,
20250507,009190,대양금속,1744,3,324015,,,,
20250507,009200,무림페이퍼,2160,-10,161343,,,,
20250507,009240,한샘,41400,-600,19253,,,,
20250507,009270,신원,1788,135,2220729,,,,
20250507,009290,광동제약,5500,10,18166,,,,
20250507,009310,참엔지니어링,1415,0,0,,,,
20250507,009320,아진전자부품,1013,10,58233,,,,
20250507,009410,태영건설,3015,-295,5102445,,,,
20250507,009415,태영건설우,11610,580,620600,,,,
20250507,009420,한올바이오파마,26650,-1550,180311,,,,
20250507,009440,KC그린홀딩스,756,0,0,,,,
20250507,009450,경동나비엔,76200,-100,38542,,,,
20250507,009460,한창제지,3750,155,32073,,,,
20250507,009470,삼화전기,28450,-100,18820,,,,
20250507,009540,HD한국조선해양,280000,2500,299358,,,,
20250507,009580,무림P&P,2925,15,65287,,,,
20250507,009680,모토닉,9820,-110,38948,,,,
20250507,009770,삼정펄프,26550,400,4176,,,,
20250507,009810,MDS스피어,3055,-10,22829,,,,
20250507,009830,한화솔루션,28721,141,1884898,,,,
20250507,009835,한화솔루션우,22896,0,20140,,,,
20250507,009900,명신산업,8040,-60,89665,,,,
20250507,009970,영원무역홀딩스,97200,1700,15838,,,,
20250507,010040,한국내화,2325,10,19965,,,,
20250507,010060,OCI홀딩스,64600,0,96235,,,,
20250507,010100,한국무브넥스,4015,75,139542,,,,
20250507,010120,LS ELECTRIC,43100,1000,1064465,,,,
20250507,010130,고려아연,771000,-12000,24904,,,,
20250507,010140,삼성중공업,14880,270,4638207,,,,
20250507,010400,우진아이엔에스,2635,-20,7945,,,,
20250507,010580,에스엠벡셀,1200,-3,27575,,,,
20250507,010640,진양폴리,3491,39,115229,,,,
20250507,010660,화천기계,4720,575,1811781,,,,
20250507,010690,화신,7750,-40,82702,,,,
20250507,010770,평화홀딩스,5860,1350,8058839,,,,
20250507,010780,아이에스동서,18650,450,44220,,,,
20250507,010820,퍼스텍,3880,170,2711675,,,,
20250507,010950,S-Oil,52300,200,137445,,,,
20250507,010955,S-Oil우,35500,-150,3407,,,,
20250507,010960,삼호개발,3470,75,197360,,,,
20250507,011000,진원생명과학,10550,-75,54551,,,,
20250507,011070,LG이노텍,137600,-1000,90912,,,,
20250507,011090,에넥스,3905,385,392684,,,,
20250507,011150,CJ씨푸드,3235,80,441368,,,,
20250507,011155,CJ씨푸드1우,18200,440,2171,,,,
20250507,011170,롯데케미칼,66000,5900,237601,,,,
20250507,011200,HMM,18530,280,1381648,,,,
20250507,011210,현대위아,42550,100,62422,,,,
20250507,011230,삼화전자,4515,15,96790,,,,
20250507,011280,태림포장,2090,-20,27938,,,,
20250507,011300,우성머티리얼스,4510,-230,70588,,,,
20250507,011330,유니켐,16880,350,22942,,,,
20250507,011390,부산산업,100800,6700,34308,,,,
20250507,011420,갤럭시아에스엠,2345,95,1240117,,,,
20250507,011500,한농화성,14810,50,37384,,,,
20250507,011690,와이투솔루션,3085,-65,2479462,,,,
20250507,011700,한신기계,2875,-125,245339,,,,
20250507,011760,현대코퍼레이션,22750,0,39314,,,,
20250507,011780,금호석유화학,123600,7400,160660,,,,
20250507,011785,금호석유화학우,55600,1100,16653,,,,
20250507,011790,SKC,94275,-1222,136841,,,,
20250507,011810,STX,3445,15,23133,,,,
20250507,011930,신성이엔지,14050,560,246933,,,,
20250507,012030,DB,1272,2,54851,,,,
20250507,012160,영흥,2435,-55,87230,,,,
20250507,012170,아센디오,4375,-105,50399,,,,
20250507,012200,계양전기,1409,-5,28105,,,,
20250507,012205,계양전기우,3596,-126,1855,,,,
20250507,012280,영화금속,835,0,42000,,,,
20250507,012320,경동인베스트,57500,-100,7022,,,,
20250507,012330,현대모비스,258000,1500,158435,,,,
20250507,012450,한화에어로스페이스,876388,70899,475710,,,,
20250507,012610,경인양행,3230,-20,31272,,,,
20250507,012630,HDC,19600,410,175680,,,,
20250507,012690,모나리자,2940,60,171873,,,,
20250507,012750,에스원,64000,-500,51988,,,,
20250507,012800,대창,1296,-6,370569,,,,
20250507,013000,세우글로벌,1190,9,101751,,,,
20250507,013360,일성건설,3380,435,3082208,,,,
20250507,013520,화승코퍼레이션,1895,-75,181880,,,,
20250507,013570,디와이,3945,-25,16803,,,,
20250507,013580,계룡건설,27150,2100,4468617,,,,
20250507,013700,까뮤이앤씨,1143,-4,103964,,,,
20250507,013870,지엠비코리아,4070,45,11853,,,,
20250507,013890,지누스,18100,390,75263,,,,
20250507,014130,한익스프레스,3490,-40,28773,,,,
20250507,014160,대영포장,1335,151,51399504,,,,
20250507,014280,금강공업,4690,10,147821,,,,
20250507,014285,금강공업우,6830,-220,2400,,,,
20250507,014440,영보화학,4950,205,246381,,,,
20250507,014530,극동유화,3385,-125,248990,,,,
20250507,014580,태경비케이,4620,25,36208,,,,
20250507,014680,한솔케미칼,112400,-2800,66502,,,,
20250507,014710,사조씨푸드,5350,160,385947,,,,
20250507,014790,HL D&I,2445,0,65082,,,,
20250507,014820,동원시스템즈,32450,-600,17056,,,,
20250507,014825,동원시스템즈우,18000,-110,211,,,,
20250507,014830,유니드,87000,0,23572,,,,
20250507,014910,성문전자,1138,-1,27315,,,,
20250507,014915,성문전자우,4820,-180,571,,,,
20250507,014990,인디에프,4900,240,89059,,,,
20250507,015020,이스타코,3336,556,1689343,,,,
20250507,015230,대창단조,5010,-70,17539,,,,
20250507,015260,에이엔피,455,-10,31136,,,,
20250507,015360,INVENI,10100,-140,26625,,,,
20250507,015590,DKME,2575,0,0,,,,
20250507,015760,한국전력,26600,1000,3433375,,,,
20250507,015860,일진홀딩스,3765,-35,79688,,,,
20250507,015890,태경산업,4900,-20,9997,,,,
20250507,016090,대현,1925,-28,93519,,,,
20250507,016360,삼성증권,52800,200,565677,,,,
20250507,016380,KG스틸,5830,-20,88419,,,,
20250507,016450,한세예스24홀딩스,3760,0,13963,,,,
20250507,016580,환인제약,11690,-90,8302,,,,
20250507,016590,신대양제지,7750,-660,27161,,,,
20250507,016610,DB증권,6290,-80,103419,,,,
20250507,016710,대성홀딩스,7370,-170,35917,,,,
20250507,016740,두올,3100,10,29435,,,,
20250507,016800,퍼시스,45000,450,596,,,,
20250507,016880,웅진,1702,0,34449432,,,,
20250507,017040,광명전기,1427,1,172464,,,,
20250507,017180,명문제약,1613,-4,22287,,,,
20250507,017370,우신시스템,6410,140,119272,,,,
20250507,017390,서울가스,51200,300,2714,,,,
20250507,017550,수산세보틱스,1854,0,63988,,,,
20250507,017670,SK텔레콤,53100,-600,1404200,,,,
20250507,017800,현대엘리베이터,75000,0,226176,,,,
20250507,017810,풀무원,14820,0,29437,,,,
20250507,017860,DS단석,24510,-149,58997,,,,
20250507,017900,광전자,1819,4,60271,,,,
20250507,017940,E1,61200,-700,11102,,,,
20250507,017960,한국카본,20200,510,408779,,,,
20250507,018250,애경산업,13500,100,39267,,,,
20250507,018260,삼성에스디에스,128000,-800,121371,,,,
20250507,018470,조일알미늄,1748,-2,6062688,,,,
20250507,018500,동원모빌리티,1507,35,672383,,,,
20250507,018670,SK가스,232000,-2500,4694,,,,
20250507,018880,한온시스템,3272,5,361243,,,,
20250507,019170,신풍제약,7440,-80,43833,,,,
20250507,019175,신풍제약우,12090,-180,1667,,,,
20250507,019180,티에이치엔,2890,-40,153870,,,,
20250507,019490,엑시큐어하이트론,729,-48,2160261,,,,
20250507,019680,대교,2250,-15,30835,,,,
20250507,019685,대교우B,1290,-5,9019,,,,
20250507,020000,한섬,15240,20,28969,,,,
20250507,020120,키다리스튜디오,3480,125,177034,,,,
20250507,020150,롯데에너지머티리얼즈,22200,-450,98676,,,,
20250507,020560,아시아나항공,9930,480,203008,,,,
20250507,020760,일진디스플,740,4,27634,,,,
20250507,021050,서원,1244,-11,113189,,,,
20250507,021240,코웨이,85100,-1000,227430,,,,
20250507,021820,세원정공,8440,-10,15957,,,,
20250507,022100,포스코DX,24450,150,299891,,,,
20250507,023000,삼원강재,2385,0,7104,,,,
20250507,023150,MH에탄올,5010,-30,3828,,,,
20250507,023350,한국종합기술,6040,320,129128,,,,
20250507,023450,동남합성,33050,-600,1276,,,,
20250507,023530,롯데쇼핑,66700,-100,53975,,,,
20250507,023590,다우기술,21750,350,137802,,,,
20250507,023800,인지컨트롤스,5770,-110,16194,,,,
20250507,023810,인팩,5760,20,7771,,,,
20250507,023960,에쓰씨엔지니어링,1323,-3,153673,,,,
20250507,024070,WISCOM,1900,87,66387,,,,
20250507,024090,디씨엠,12720,170,9485,,,,
20250507,024110,기업은행,15260,40,942670,,,,
20250507,024720,콜마홀딩스,9490,110,107579,,,,
20250507,024890,대원화성,4480,-5,2458,,,,
20250507,024900,디와이덕양,2755,-35,30614,,,,
20250507,025000,KPX케미칼,42636,330,6451,,,,
20250507,025530,SJM홀딩스,3325,50,14797,,,,
20250507,025540,한국단자,63100,-2100,17244,,,,
20250507,025560,미래산업,2471,206,4713785,,,,
20250507,025620,차AI헬스케어,7210,-300,83489,,,,
20250507,025750,한솔홈데코,3660,55,1084071,,,,
20250507,025820,이구산업,4250,20,125198,,,,
20250507,025860,남해화학,6880,120,34876,,,,
20250507,025890,한국주강,1819,2,6806,,,,
20250507,026890,스틱인베스트먼트,9600,100,69124,,,,
20250507,026940,부국철강,2630,-105,206919,,,,
20250507,026960,동서,25900,-250,61449,,,,
20250507,027410,BGF,3635,50,67301,,,,
20250507,027740,마니커,1718,10,27078,,,,
20250507,027970,한국제지,4130,-15,8375,,,,
20250507,028050,삼성E&A,19480,420,645204,,,,
20250507,028100,동아지질,14750,0,20833,,,,
20250507,028260,삼성물산,122800,600,222256,,,,
20250507,02826K,삼성물산우B,91500,-500,3200,,,,
20250507,028670,팬오션,3410,95,1343636,,,,
20250507,029460,케이씨,18570,-20,3627,,,,
20250507,029530,신도리코,42900,-1150,8650,,,,
20250507,029780,삼성카드,41800,-50,64259,,,,
20250507,030000,제일기획,18430,40,191527,,,,
20250507,030190,NICE평가정보,12850,10,62008,,,,
20250507,030200,KT,52000,-1500,1379548,,,,
20250507,030210,다올투자증권,3425,15,65773,,,,
20250507,030610,교보증권,6540,-20,68615,,,,
20250507,030720,동원수산,5550,-50,23690,,,,
20250507,031210,서울보증보험,35700,0,128617,,,,
20250507,031430,신세계인터내셔날,9820,-10,57830,,,,
20250507,031820,아이티센씨티에스,6150,30,11593,,,,
20250507,032350,롯데관광개발,10870,0,458349,,,,
20250507,032560,황금에스티,5190,-50,17698,,,,
20250507,032640,LG유플러스,12370,180,1795485,,,,
20250507,032830,삼성생명,84600,-700,130632,,,,
20250507,033240,자화전자,11690,-130,34029,,,,
20250507,033250,체시스,5090,-210,159530,,,,
20250507,033270,유나이티드제약,19370,70,54901,,,,
20250507,033530,SJG세종,4190,30,16515,,,,
20250507,033780,KT&G,114800,-1200,209308,,,,
20250507,033920,무학,7210,-80,75339,,,,
20250507,034020,두산에너빌리티,27300,-400,12312853,,,,
20250507,034120,SBS,21250,100,58961,,,,
20250507,034220,LG디스플레이,8480,140,624469,,,,
20250507,034230,파라다이스,12380,20,192638,,,,
20250507,034310,NICE,11170,-30,15239,,,,
20250507,034590,인천도시가스,24800,150,1226,,,,
20250507,034730,SK,132500,800,98611,,,,
20250507,03473K,SK우,117600,0,1513,,,,
20250507,034830,한국토지신탁,1068,-3,201537,,,,
20250507,035000,HS애드,7230,80,17413,,,,
20250507,035150,백산,14200,-80,15341,,,,
20250507,035250,강원랜드,16530,450,846264,,,,
20250507,035420,NAVER,199100,1700,622014,,,,
20250507,035510,신세계 I&C,11600,-500,240920,,,,
20250507,035720,카카오,38350,300,1891623,,,,
20250507,036420,콘텐트리중앙,9400,-160,82551,,,,
20250507,036460,한국가스공사,38250,0,182985,,,,
20250507,036530,SNT홀딩스,33850,900,23214,,,,
20250507,036570,NC,148100,2300,94479,,,,
20250507,036580,팜스코,2105,0,29271,,,,
20250507,037270,YG PLUS,5470,-110,799870,,,,
20250507,037560,LG헬로비전,2820,20,4380034,,,,
20250507,037710,광주신세계,27950,100,13641,,,,
20250507,039130,하나투어,53300,2000,64347,,,,
20250507,039490,키움증권,140700,3100,132778,,,,
20250507,039570,HDC랩스,9000,10,8421,,,,
20250507,041650,상신브레이크,2995,25,16518,,,,
20250507,042660,한화오션,80400,1500,2860249,,,,
20250507,042700,한미반도체,77700,1400,684436,,,,
20250507,044380,주연테크,1725,-50,83551,,,,
20250507,044450,KSS해운,9060,30,24467,,,,
20250507,044820,코스맥스비티아이,11290,10,11948,,,,
20250507,047040,대우건설,3480,-120,1593579,,,,
20250507,047050,포스코인터내셔널,49050,250,241201,,,,
20250507,047400,유니온머티리얼,1918,8,128628,,,,
20250507,047810,한국항공우주,88000,2700,1082767,,,,
20250507,049800,우진플라임,2265,35,29650,,,,
20250507,051600,한전KPS,42500,-800,147533,,,,
20250507,051630,진양화학,2155,-15,136379,,,,
20250507,051900,LG생활건강,329500,-8000,38626,,,,
20250507,051905,LG생활건강우,128300,-2100,3258,,,,
20250507,051910,LG화학,208000,-2000,369484,,,,
20250507,051915,LG화학우,104300,-1200,36020,,,,
20250507,052690,한전기술,63500,-2500,335057,,,,
20250507,053210,스카이라이프,4535,50,128658,,,,
20250507,053690,한미글로벌,16050,-70,27443,,,,
20250507,055490,테이팩스,14100,290,6931,,,,
20250507,055550,신한지주,51100,-100,1328471,,,,
20250507,058430,포스코스틸리온,3840,5,120960,,,,
20250507,058650,세아홀딩스,93900,2500,65,,,,
20250507,058730,다스코,3130,5,45651,,,,
20250507,058850,KTcs,2825,-25,517099,,,,
20250507,058860,KTis,2820,-75,2959092,,,,
20250507,060980,HL홀딩스,37150,550,26973,,,,
20250507,062040,산일전기,58600,1000,307576,,,,
20250507,063160,종근당바이오,22000,-850,8380,,,,
20250507,064350,현대로템,118300,6800,1509210,,,,
20250507,064400,LG씨엔에스,52900,500,260652,,,,
20250507,064960,SNT모티브,27450,100,43330,,,,
20250507,066570,LG전자,71200,600,335932,,,,
20250507,066575,LG전자우,34800,-800,29436,,,,
20250507,066970,엘앤에프,64400,-1100,181388,,,,
20250507,067830,세이브존I&C,2305,25,15754,,,,
20250507,068270,셀트리온,147171,-1928,638359,,,,
20250507,068290,삼성출판사,16780,590,29796,,,,
20250507,069260,TKG휴켐스,16190,-40,39304,,,,
20250507,069460,대호에이엘,9450,-80,125936,,,,
20250507,069620,대웅제약,136400,-6500,48170,,,,
20250507,069640,한세엠케이,2128,-86,7116,,,,
20250507,069730,DSR제강,3515,15,34171,,,,
20250507,069960,현대백화점,59100,-300,37190,,,,
20250507,070960,모나용평,4285,115,254462,,,,
20250507,071050,한국금융지주,82700,-200,135016,,,,
20250507,071055,한국금융지주우,63000,1800,39078,,,,
20250507,071090,하이스틸,3970,90,450349,,,,
20250507,071320,지역난방공사,54100,1200,26207,,,,
20250507,071840,롯데하이마트,7530,30,24912,,,,
20250507,071950,코아스,9260,-20,20902,,,,
20250507,071970,HD현대마린엔진,37600,-50,385668,,,,
20250507,072130,유엔젤,5730,-300,798160,,,,
20250507,072710,농심홀딩스,67100,0,1515,,,,
20250507,073240,금호타이어,4835,150,494376,,,,
20250507,074610,이엔플러스,5110,0,0,,,,
20250507,075180,새론오토모티브,3310,-40,18528,,,,
20250507,075580,세진중공업,9260,410,647361,,,,
20250507,077500,유니퀘스트,5890,10,97351,,,,
20250507,077970,STX엔진,24600,450,150542,,,,
20250507,078000,텔코웨어,9420,-10,64790,,,,
20250507,078520,에이블씨엔씨,6950,-80,82658,,,,
20250507,078930,GS,38200,-100,141309,,,,
20250507,078935,GS우,37300,0,6190,,,,
20250507,079160,CJ CGV,5000,130,219190,,,,
20250507,079430,현대리바트,7390,130,9528,,,,
20250507,079550,LIG디펜스앤에어로스페이스,336500,6500,277389,,,,
20250507,079900,전진건설로봇,48900,2500,166834,,,,
20250507,079980,휴비스,2815,15,29440,,,,
20250507,081000,일진다이아,12130,50,9369,,,,
20250507,081660,미스토홀딩스,37600,-450,143746,,,,
20250507,082640,동양생명,5630,-340,665240,,,,
20250507,082740,한화엔진,28250,500,818651,,,,
20250507,083420,그린케미칼,8370,380,848282,,,,
20250507,084010,대한제강,10175,-127,52135,,,,
20250507,084670,동양고속,7480,290,234331,,,,
20250507,084680,이월드,1438,15,245319,,,,
20250507,084690,대상홀딩스,9410,-1240,1108158,,,,
20250507,084695,대상홀딩스우,13580,-3080,70235,,,,
20250507,084870,TBH글로벌,1203,-23,84257,,,,
20250507,085310,엔케이,8980,90,4059,,,,
20250507,085620,미래에셋생명,5360,70,347502,,,,
20250507,086280,현대글로비스,105400,-2100,368874,,,,
20250507,086790,하나금융지주,65300,1200,1018156,,,,
20250507,088260,이리츠코크렙,4700,-35,22063,,,,
20250507,088350,한화생명,2610,-45,842829,,,,
20250507,088790,진도,1967,88,85859,,,,
20250507,088980,맥쿼리인프라,11570,-20,655739,,,,
20250507,089470,HDC현대EP,3585,-20,19632,,,,
20250507,089590,제주항공,7080,310,426548,,,,
20250507,089860,롯데렌탈,29750,300,29344,,,,
20250507,090080,평화산업,1243,182,30774152,,,,
20250507,090350,노루페인트,8060,-30,115673,,,,
20250507,090355,노루페인트우,13100,-590,2402,,,,
20250507,090370,메타랩스,1410,8,18331,,,,
20250507,090430,아모레퍼시픽,123300,-2300,232397,,,,
20250507,090435,아모레퍼시픽우,37800,-450,8747,,,,
20250507,090460,비에이치,12370,-90,131452,,,,
20250507,091810,트리니티항공,2129,77,824659,,,,
20250507,092200,디아이씨,4590,30,175017,,,,
20250507,092220,KEC,3615,0,46502,,,,
20250507,092230,KPX홀딩스,61000,600,2237,,,,
20250507,092440,기신정기,2430,5,5697,,,,
20250507,092780,DYP,4515,15,10753,,,,
20250507,092790,넥스틸,12510,-270,209857,,,,
20250507,093050,LF,14770,-130,31634,,,,
20250507,093240,형지엘리트,2365,271,14289862,,,,
20250507,093370,후성,4335,-45,268605,,,,
20250507,094280,효성ITX,12130,80,7387,,,,
20250507,094800,맵스리얼티,4320,-30,29741,,,,
20250507,095570,AJ네트웍스,3840,80,409463,,,,
20250507,095720,웅진씽크빅,3280,-24,1395356,,,,
20250507,096760,JW홀딩스,3035,-10,28621,,,,
20250507,096770,SK이노베이션,93000,-400,197243,,,,
20250507,096775,SK이노베이션우,65700,-500,2211,,,,
20250507,097230,HJ중공업,7800,60,606000,,,,
20250507,097520,엠씨넥스,24750,400,60759,,,,
20250507,097950,CJ제일제당,246000,3000,53088,,,,
20250507,097955,CJ제일제당 우,139800,1700,4043,,,,
20250507,100090,SK오션플랜트,14710,290,127111,,,,
20250507,100220,비상교육,5540,-30,68139,,,,
20250507,100250,진양홀딩스,2959,10,33005,,,,
20250507,100840,SNT에너지,39750,1850,170443,,,,
20250507,101140,인바이오젠,12180,-450,34098,,,,
20250507,101530,해태제과식품,7040,0,41690,,,,
20250507,102260,동성케미컬,4048,-5,245834,,,,
20250507,102460,이연제약,11040,-170,10572,,,,
20250507,103140,풍산,61400,2500,263861,,,,
20250507,103590,일진전기,26950,550,457409,,,,
20250507,104700,한국철강,8350,-90,18257,,,,
20250507,105560,KB금융,93600,400,1441226,,,,
20250507,105630,한세실업,11070,-130,40195,,,,
20250507,105840,우진,7430,-300,175328,,,,
20250507,107590,미원홀딩스,74800,0,92,,,,
20250507,108320,LX세미콘,55700,1000,28122,,,,
20250507,108670,LX하우시스,29150,0,19903,,,,
20250507,108675,LX하우시스우,18050,10,75,,,,
20250507,109070,주성코퍼레이션,1010,0,366343,,,,
20250507,111110,호전실업,8140,-210,19012,,,,
20250507,111380,동인기연,16490,-190,7249,,,,
20250507,111770,영원무역,45950,-1550,43841,,,,
20250507,112610,씨에스윈드,38650,350,194675,,,,
20250507,114090,GKL,12290,150,176093,,,,
20250507,117580,대성에너지,7740,-30,24926,,,,
20250507,118000,메타케어,3120,-30,49678,,,,
20250507,119650,KC코트렐,918,0,0,,,,
20250507,120030,조선선재,99000,1400,1803,,,,
20250507,120110,코오롱인더,31250,1050,99404,,,,
20250507,120115,코오롱인더우,19900,340,5955,,,,
20250507,122900,아이마켓코리아,8010,10,33329,,,,
20250507,123690,한국화장품,7170,-30,102454,,,,
20250507,123700,SJM,3135,80,100035,,,,
20250507,123890,한국자산신탁,2370,30,69580,,,,
20250507,126560,현대퓨처넷,2905,55,129997,,,,
20250507,126720,수산인더스트리,19800,180,22239,,,,
20250507,128820,대성산업,3515,0,0,,,,
20250507,128940,한미약품,257500,-8000,52863,,,,
20250507,129260,인터지스,2660,140,212781,,,,
20250507,130660,한전산업,11030,-690,688730,,,,
20250507,133820,화인베스틸,851,1,23728,,,,
20250507,134380,미원화학,7900,40,580,,,,
20250507,134790,시디즈,28050,-950,19014,,,,
20250507,136490,선진,5890,20,36758,,,,
20250507,137310,에스디바이오센서,9420,-70,61521,,,,
20250507,138040,메리츠금융지주,122200,-400,268791,,,,
20250507,138930,BNK금융지주,10450,40,1064354,,,,
20250507,139130,iM금융지주,10430,230,659180,,,,
20250507,139480,이마트,90300,300,102648,,,,
20250507,139990,아주스틸,3820,-20,13623,,,,
20250507,143210,핸즈코퍼레이션,1616,-2,6873,,,,
20250507,145210,다이나믹디자인,10110,-610,17938,,,,
20250507,145270,케이탑리츠,951,-1,31904,,,,
20250507,145720,덴티움,72100,-400,52125,,,,
20250507,145990,삼양사,48000,-150,4963,,,,
20250507,145995,삼양사우,30800,50,216,,,,
20250507,155660,DSR,3765,0,47115,,,,
20250507,161000,애경케미칼,11030,-320,2096995,,,,
20250507,161390,한국타이어앤테크놀로지,41200,50,247165,,,,
20250507,161890,한국콜마,75500,-100,94220,,,,
20250507,163560,동일고무벨트,7040,-60,16319,,,,
20250507,170900,동아에스티,44110,-906,24356,,,,
20250507,175330,JB금융지주,17320,-20,437180,,,,
20250507,178920,PI첨단소재,16830,820,274487,,,,
20250507,180640,한진칼,85400,4600,95438,,,,
20250507,18064K,한진칼우,22000,150,3250,,,,
20250507,181710,NHN,22250,250,52357,,,,
20250507,183190,아세아시멘트,11030,40,38211,,,,
20250507,185750,종근당,78900,-2500,30984,,,,
20250507,192080,더블유게임즈,56000,-500,99899,,,,
20250507,192400,쿠쿠홀딩스,24050,-200,9192,,,,
20250507,192650,드림텍,6220,-170,149847,,,,
20250507,192820,코스맥스,174400,-100,67146,,,,
20250507,194370,제이에스코퍼레이션,8010,-20,75686,,,,
20250507,195870,해성디에스,20000,-2200,425886,,,,
20250507,200880,서연이화,11720,-70,71832,,,,
20250507,204320,HL만도,36750,-700,156099,,,,
20250507,207940,삼성바이오로직스,1532085,-64757,81448,,,,
20250507,210540,디와이파워,11730,30,19068,,,,
20250507,210980,SK디앤디,8960,10,20152,,,,
20250507,213500,한솔제지,8310,-80,44900,,,,
20250507,214320,이노션,18220,-160,34141,,,,
20250507,214330,금호에이치티,17545,273,10926,,,,
20250507,214390,경보제약,5360,-140,25558,,,,
20250507,214420,토니모리,9190,-90,389431,,,,
20250507,226320,잇츠한불,12370,-30,28686,,,,
20250507,227840,현대코퍼레이션홀딩스,11000,10,3327,,,,
20250507,229640,LS에코에너지,32750,500,110761,,,,
20250507,234080,JW생명과학,11540,-10,23159,,,,
20250507,241560,두산밥캣,47950,-350,204638,,,,
20250507,241590,화승엔터프라이즈,7820,10,101631,,,,
20250507,244920,에이플러스에셋,4650,-40,41254,,,,
20250507,248070,솔루엠,16130,-160,76075,,,,
20250507,248170,샘표식품,27350,800,30572,,,,
20250507,249420,일동제약,11570,-330,49177,,,,
20250507,251270,넷마블,45550,400,120678,,,,
20250507,259960,크래프톤,385500,500,142419,,,,
20250507,264900,크라운제과,8360,-20,22537,,,,
20250507,26490K,크라운제과우,10170,0,22138,,,,
20250507,267250,HD현대,79800,1900,211828,,,,
20250507,267260,HD현대일렉트릭,335500,12500,345682,,,,
20250507,267270,HD건설기계,69700,600,78109,,,,
20250507,267290,경동도시가스,17600,40,5629,,,,
20250507,267850,아시아나IDT,11640,350,109920,,,,
20250507,268280,미원에스씨,164600,9600,3836,,,,
20250507,271560,오리온,122700,0,88595,,,,
20250507,271940,일진하이솔루스,13330,0,55583,,,,
20250507,271980,제일약품,12310,0,57784,,,,
20250507,272210,한화시스템,44650,2950,5005866,,,,
20250507,272450,진에어,9580,620,473586,,,,
20250507,272550,삼양패키징,13550,70,17378,,,,
20250507,278470,에이피알,76400,200,417344,,,,
20250507,280360,롯데웰푸드,116800,-800,18352,,,,
20250507,281820,케이씨텍,26500,150,161093,,,,
20250507,282330,BGF리테일,112900,6200,117064,,,,
20250507,284740,쿠쿠홈시스,22400,0,14485,,,,
20250507,285130,SK케미칼,39850,-750,30342,,,,
20250507,28513K,SK케미칼우,20050,-300,2440,,,,
20250507,286940,롯데이노베이트,18990,170,7846,,,,
20250507,293480,하나제약,11480,10,17114,,,,
20250507,293940,신한알파리츠,5780,-50,123613,,,,
20250507,294870,IPARK현대산업개발,25600,200,144533,,,,
20250507,298000,효성화학,77800,0,0,,,,
20250507,298020,효성티앤씨,239000,0,7929,,,,
20250507,298040,효성중공업,516000,9000,58272,,,,
20250507,298050,HS효성첨단소재,184500,5100,8864,,,,
20250507,298690,에어부산,2190,145,2655846,,,,
20250507,300720,한일시멘트,17700,-390,156166,,,,
20250507,302440,SK바이오사이언스,38800,-800,79321,,,,
20250507,306200,세아제강,173500,-2900,15058,,,,
20250507,307950,현대오토에버,126800,1400,33779,,,,
20250507,308170,씨티알모빌리티,5900,10,2192,,,,
20250507,316140,우리금융지주,17830,110,2828783,,,,
20250507,317400,자이에스앤디,3290,-65,18889,,,,
20250507,322000,HD현대에너지솔루션,29200,1100,78547,,,,
20250507,323410,카카오뱅크,23300,1200,1048381,,,,
20250507,326030,SK바이오팜,99000,-8400,422904,,,,
20250507,329180,HD현대중공업,415500,7000,343132,,,,
20250507,330590,롯데리츠,3620,-15,184319,,,,
20250507,334890,이지스밸류플러스리츠,4602,-25,57498,,,,
20250507,336260,두산퓨얼셀,15560,620,285646,,,,
20250507,33626K,두산퓨얼셀1우,4515,70,21676,,,,
20250507,33626L,두산퓨얼셀2우B,7850,110,2347,,,,
20250507,336370,솔루스첨단소재,8320,-120,70367,,,,
20250507,33637K,솔루스첨단소재1우,1805,9,37551,,,,
20250507,33637L,솔루스첨단소재2우B,4330,-20,128731,,,,
20250507,338100,NH프라임리츠,4595,30,38527,,,,
20250507,339770,교촌에프앤비,5390,30,46843,,,,
20250507,344820,KCC글라스,32000,-100,16727,,,,
20250507,348950,제이알글로벌리츠,2730,-35,476525,,,,
20250507,350520,이지스레지던스리츠,4235,15,46183,,,,
20250507,352820,하이브,264500,0,203802,,,,
20250507,353200,대덕전자,14230,50,155644,,,,
20250507,35320K,대덕전자1우,7720,-40,3159,,,,
20250507,357120,코람코라이프인프라리츠,4525,-5,98418,,,,
20250507,357250,미래에셋맵스리츠,2780,10,81300,,,,
20250507,357430,마스턴프리미어리츠,1488,0,18413,,,,
20250507,361610,SK아이이테크놀로지,22950,250,75467,,,,
20250507,363280,티와이홀딩스,2455,-290,648062,,,,
20250507,36328K,티와이홀딩스우,5170,-1330,201752,,,,
20250507,365550,ESR켄달스퀘어리츠,4763,-79,147473,,,,
20250507,372910,한컴라이프케어,3130,45,180197,,,,
20250507,373220,LG에너지솔루션,322500,2000,217160,,,,
20250507,375500,DL이앤씨,44950,2850,268554,,,,
20250507,37550K,DL이앤씨우,18100,370,11289,,,,
20250507,37550L,DL이앤씨2우(전환),29350,1250,8227,,,,
20250507,377190,디앤디플랫폼리츠,3210,-40,30489,,,,
20250507,377300,카카오페이,31500,-50,279080,,,,
20250507,377740,바이오노트,4570,-10,27737,,,,
20250507,378850,화승알앤에이,3170,10,22237,,,,
20250507,381970,케이카,14040,-30,55715,,,,
20250507,383220,F&F,69500,-1500,45907,,,,
20250507,383800,LX홀딩스,6590,50,51177,,,,
20250507,38380K,LX홀딩스1우,8050,-50,114,,,,
20250507,395400,SK리츠,4955,-45,193735,,,,
20250507,396690,미래에셋글로벌리츠,2780,10,16329,,,,
20250507,400760,NH올원리츠,3581,-5,36683,,,,
20250507,402340,SK스퀘어,92300,1000,275522,,,,
20250507,403550,쏘카,14470,-10,1281,,,,
20250507,404990,신한서부티엔디리츠,3470,-55,34628,,,,
20250507,415640,KB발해인프라,7790,90,32647,,,,
20250507,417310,코람코더원리츠,5080,-10,42596,,,,
20250507,432320,KB스타리츠,3970,-30,71253,,,,
20250507,443060,HD현대마린솔루션,159600,6600,124037,,,,
20250507,446070,유니드비티플러스,4140,-180,173898,,,,
20250507,448730,삼성FN리츠,4520,15,49578,,,,
20250507,450080,에코프로머티,53200,-1500,301117,,,,
20250507,451800,한화리츠,3795,-15,156249,,,,
20250507,452260,한화갤러리아,1202,-2,406143,,,,
20250507,45226K,한화갤러리아우,2300,-40,2129,,,,
20250507,453340,현대그린푸드,15150,-280,38682,,,,
20250507,454910,두산로보틱스,50600,500,115578,,,,
20250507,456040,OCI,55400,800,16910,,,,
20250507,457190,이수스페셜티케미컬,42100,-1250,205356,,,,
20250507,460850,동국씨엠,6210,-20,44638,,,,
20250507,460860,동국제강,9170,60,50503,,,,
20250507,462520,조선내화,13480,10,2753,,,,
20250507,462870,시프트업,56800,1400,143892,,,,
20250507,465770,STX그린로지스,8730,340,164011,,,,
20250507,475150,SK이터닉스,16870,460,514860,,,,
20250507,475560,더본코리아,26400,-550,189152,,,,
20250507,480370,씨케이솔루션,4339,-81,584388,,,,
20250507,481850,신한글로벌액티브리츠,1632,11,114622,,,,
20250507,484870,엠앤씨솔루션,35166,700,147351,,,,
20250507,487570,HS효성,40150,-450,2849,,,,
20250507,489790,한화비전,60200,300,777836,,,,
20250507,499790,GS피앤엘,20100,-100,34650,,,,
20250507,900140,엘브이엠씨홀딩스,1720,0,228515,,,,
20250507,950210,프레스티지바이오파마,13740,-390,100765,,,,
20250508,000020,동화약품,6300,10,32509,,,,
20250508,000040,KR모터스,2290,55,37467,,,,
20250508,000050,경방,8400,1480,2696348,,,,
20250508,000070,삼양홀딩스,40705,-400,17288,,,,
20250508,000080,하이트진로,19280,-30,104304,,,,
20250508,000087,하이트진로2우B,15320,-30,350,,,,
20250508,000100,유한양행,109800,100,273235,,,,
20250508,000105,유한양행우,98600,-200,4671,,,,
20250508,000120,CJ대한통운,83000,-1100,81614,,,,
20250508,000140,하이트진로홀딩스,8530,20,5448,,,,
20250508,000145,하이트진로홀딩스우,10900,-20,410,,,,
20250508,000150,두산,330500,6000,286592,,,,
20250508,000155,두산우,201000,12000,57023,,,,
20250508,000157,두산2우B,207000,12900,11655,,,,
20250508,000180,성창기업지주,6680,90,6327,,,,
20250508,000210,DL,33850,150,46889,,,,
20250508,000215,DL우,20100,160,759,,,,
20250508,000220,유유제약,4630,35,53268,,,,
20250508,000225,유유제약1우,4865,-60,10521,,,,
20250508,000227,유유제약2우B,9980,10,1293,,,,
20250508,000230,일동홀딩스,6130,80,15896,,,,
20250508,000240,한국앤컴퍼니,15180,-140,78542,,,,
20250508,000270,기아,87800,-300,1161546,,,,
20250508,000300,DH오토넥스,4200,0,0,,,,
20250508,000320,노루홀딩스,15140,-40,18794,,,,
20250508,000325,노루홀딩스우,30350,400,324,,,,
20250508,000370,한화손해보험,3970,5,92946,,,,
20250508,000390,SP삼화,6010,0,10710,,,,
20250508,000400,롯데손해보험,1604,-81,414218,,,,
20250508,000430,대원강업,3875,25,26715,,,,
20250508,000480,CR홀딩스,5230,20,9769,,,,
20250508,000490,대동,10440,50,94505,,,,
20250508,000500,가온전선,34619,1112,270505,,,,
20250508,000520,삼일제약,12630,280,115913,,,,
20250508,000540,흥국화재,3360,-60,113210,,,,
20250508,000545,흥국화재우,9210,-790,184019,,,,
20250508,000590,CS홀딩스,74600,0,175,,,,
20250508,000640,동아쏘시오홀딩스,97412,485,11964,,,,
20250508,000650,천일고속,39800,-150,329,,,,
20250508,000660,SK하이닉스,190300,-500,5125330,,,,
20250508,000670,영풍,35898,48,22220,,,,
20250508,000680,LS네트웍스,3500,30,278945,,,,
20250508,000700,유수홀딩스,5510,90,7558,,,,
20250508,000720,현대건설,42700,-300,792831,,,,
20250508,000725,현대건설우,52600,100,3582,,,,
20250508,000760,이화산업,10870,120,1566,,,,
20250508,000810,삼성화재,378000,1000,69869,,,,
20250508,000815,삼성화재우,283500,-500,12377,,,,
20250508,000850,화천기공,29000,-600,3160,,,,
20250508,000860,강남제비스코,12050,430,25316,,,,
20250508,000880,한화,59963,1440,535093,,,,
20250508,00088K,한화3우B,22804,704,160530,,,,
20250508,000890,보해양조,2395,30,168091,,,,
20250508,000910,유니온,5220,70,184231,,,,
20250508,000950,전방,24700,-800,1650,,,,
20250508,000970,한국주철관,7190,-110,264060,,,,
20250508,000990,DB하이텍,38400,-200,113121,,,,
20250508,001020,페이퍼코리아,3725,-75,4368,,,,
20250508,001040,CJ,129500,3300,170010,,,,
20250508,001045,CJ우,73000,0,2231,,,,
20250508,00104K,CJ4우(전환),104200,2000,19208,,,,
20250508,001060,JW중외제약,22050,100,39991,,,,
20250508,001065,JW중외제약우,28800,-100,401,,,,
20250508,001067,JW중외제약2우B,60800,0,3,,,,
20250508,001070,대한방직,5170,40,8414,,,,
20250508,001080,만호제강,2670,15,6820,,,,
20250508,001120,LX인터내셔널,26600,-100,94948,,,,
20250508,001130,대한제분,13450,60,9400,,,,
20250508,001200,유진투자증권,2700,-35,350787,,,,
20250508,001210,금호전기,6150,-25,89817,,,,
20250508,001230,동국홀딩스,1571,-18,93054,,,,
20250508,001250,GS글로벌,2615,35,1743118,,,,
20250508,001260,남광토건,8460,-60,18527,,,,
20250508,001270,부국증권,30000,1950,20237,,,,
20250508,001275,부국증권우,22050,100,4058,,,,
20250508,001290,상상인증권,451,-6,70471,,,,
20250508,001340,PKC,6380,70,99256,,,,
20250508,001360,삼성제약,1502,8,90121,,,,
20250508,001380,SG글로벌,3572,-54,300140,,,,
20250508,001390,KG케미칼,3930,80,72488,,,,
20250508,001420,태원물산,3820,0,3810,,,,
20250508,001430,세아베스틸지주,18200,510,101686,,,,
20250508,001440,대한전선,11820,60,454806,,,,
20250508,001450,현대해상,21750,-200,290481,,,,
20250508,001460,BYC,28100,-50,783,,,,
20250508,001465,BYC우,13720,30,2766,,,,
20250508,001470,삼부토건,347,0,0,,,,
20250508,001500,현대차증권,6550,-30,197199,,,,
20250508,001510,SK증권,981,6,1043500,,,,
20250508,001515,SK증권우,3544,-76,5983,,,,
20250508,001520,동양,1150,2,643369,,,,
20250508,001525,동양우,10120,-680,29216,,,,
20250508,001527,동양2우B,17480,-700,3211,,,,
20250508,001530,DI동일,38334,-333,18935,,,,
20250508,001550,조비,12060,-200,15576,,,,
20250508,001560,제일연마,9420,170,15041,,,,
20250508,001570,금양,9900,0,0,,,,
20250508,001620,케이비아이동국실업,2600,-50,21609,,,,
20250508,001630,종근당홀딩스,46550,800,10843,,,,
20250508,001680,대상,24700,50,195894,,,,
20250508,001685,대상우,16640,130,4607,,,,
20250508,001720,신영증권,94400,-3200,17581,,,,
20250508,001740,SK네트웍스,4140,-50,317211,,,,
20250508,001750,한양증권,13860,10,13948,,,,
20250508,001755,한양증권우,14550,-50,848,,,,
20250508,001770,SHD,16440,-150,4316,,,,
20250508,001780,알루코,2220,50,561993,,,,
20250508,001790,대한제당,3085,-260,5679789,,,,
20250508,001795,대한제당우,2785,-360,1879091,,,,
20250508,001800,오리온홀딩스,19460,640,252284,,,,
20250508,001820,삼화콘덴서,25150,150,12336,,,,
20250508,001940,KISCO홀딩스,20700,100,5423,,,,
20250508,002020,코오롱,22450,200,29815,,,,
20250508,002025,코오롱우,14400,20,415,,,,
20250508,002030,아세아,263500,3000,459,,,,
20250508,002070,비비안,16130,-316,10838,,,,
20250508,002100,경농,9250,10,16319,,,,
20250508,002140,고려산업,2915,-30,118373,,,,
20250508,002150,도화엔지니어링,6590,10,12729,,,,
20250508,002170,SYTS,47200,600,1143,,,,
20250508,002200,한국수출포장,2795,5,33663,,,,
20250508,002210,동성제약,2780,0,0,,,,
20250508,002220,한일철강,1959,14,98261,,,,
20250508,002240,고려제강,17180,20,4216,,,,
20250508,002310,아세아제지,6950,140,159985,,,,
20250508,002320,한진,18840,-130,12775,,,,
20250508,002350,넥센타이어,5870,100,338667,,,,
20250508,002355,넥센타이어1우B,2805,65,26798,,,,
20250508,002360,SH에너지화학,4540,40,13089,,,,
20250508,002380,KCC,255000,5000,23747,,,,
20250508,002390,한독,12050,-350,108732,,,,
20250508,002410,범양건영,1935,0,0,,,,
20250508,002420,세기상사,4965,-25,1844,,,,
20250508,002450,삼익악기,1218,28,318780,,,,
20250508,002460,HS화성,10030,0,7320,,,,
20250508,002600,조흥,158900,1400,7,,,,
20250508,002620,제일파마홀딩스,7910,20,2386,,,,
20250508,002630,오리엔트바이오,3628,48,22683023,,,,
20250508,002690,동일제강,1380,6,25634,,,,
20250508,002700,신일전자,1532,-9,168094,,,,
20250508,002710,TCC스틸,20400,200,105458,,,,
20250508,002720,국제약품,4565,0,90258,,,,
20250508,002760,보락,1115,-6,138472,,,,
20250508,002780,진흥기업,740,-1,523862,,,,
20250508,002785,진흥기업우B,3490,-95,1316,,,,
20250508,002787,진흥기업2우B,9900,-10,2932,,,,
20250508,002790,아모레퍼시픽홀딩스,23200,550,269272,,,,
20250508,002795,아모레퍼시픽홀딩스우,9520,100,11491,,,,
20250508,00279K,아모레퍼시픽홀딩스3우C,18630,310,6838,,,,
20250508,002810,삼영무역,13750,0,11144,,,,
20250508,002820,SUN&L,3035,125,43318,,,,
20250508,002840,미원상사,196900,8700,3455,,,,
20250508,002870,신풍,1115,-1,116401,,,,
20250508,002880,디와이에이,945,7,30659,,,,
20250508,002900,TYM,4460,0,92788,,,,
20250508,002920,유성기업,1939,0,85925,,,,
20250508,002960,한국쉘석유,364500,500,1164,,,,
20250508,002990,금호건설,2880,-20,103720,,,,
20250508,002995,금호건설우,12610,-1230,25394,,,,
20250508,003000,부광약품,3615,28,65799,,,,
20250508,003010,혜인,5040,0,34508,,,,
20250508,003030,세아제강지주,221500,0,11574,,,,
20250508,003060,에이프로젠바이오로직스,687,5,158564,,,,
20250508,003070,코오롱글로벌,8700,60,12672,,,,
20250508,003075,코오롱글로벌우,15710,30,137,,,,
20250508,003080,SB성보,2540,25,58975,,,,
20250508,003090,대웅,19490,230,36180,,,,
20250508,003120,일성아이에스,15930,130,5517,,,,
20250508,003160,디아이,14780,130,307734,,,,
20250508,003200,일신방직,8660,100,33002,,,,
20250508,003220,대원제약,13810,90,43777,,,,
20250508,003230,삼양식품,972000,22000,55914,,,,
20250508,003240,태광산업,786000,10000,957,,,,
20250508,003280,흥아해운,1561,-41,982648,,,,
20250508,003300,한일홀딩스,14870,90,8792,,,,
20250508,003350,한국화장품제조,11000,280,519730,,,,
20250508,003460,유화증권,2415,10,4256,,,,
20250508,003465,유화증권우,2395,-10,401,,,,
20250508,003470,유안타증권,2920,-5,283535,,,,
20250508,003475,유안타증권우,3070,5,52401,,,,
20250508,003480,한진중공업홀딩스,4560,-80,81495,,,,
20250508,003490,대한항공,22550,-100,1642755,,,,
20250508,003495,대한항공우,22450,100,2259,,,,
20250508,003520,영진약품,2015,10,33717,,,,
20250508,003530,한화투자증권,3550,55,569925,,,,
20250508,003535,한화투자증권우,6110,60,2964,,,,
20250508,003540,대신증권,18930,610,185091,,,,
20250508,003545,대신증권우,17300,130,84725,,,,
20250508,003547,대신증권2우B,16570,260,54023,,,,
20250508,003550,LG,66900,600,220964,,,,
20250508,003555,LG우,55800,700,22777,,,,
20250508,003570,SNT다이내믹스,36300,1950,212034,,,,
20250508,003580,HLB글로벌,3115,-20,34568,,,,
20250508,003610,방림,3945,65,38968,,,,
20250508,003620,KG모빌리티,3490,0,0,,,,
20250508,003650,미창석유,102200,100,1293,,,,
20250508,003670,포스코퓨처엠,122618,3683,471883,,,,
20250508,003680,한성기업,5070,40,23234,,,,
20250508,003690,코리안리,8030,-110,180602,,,,
20250508,003720,삼영,4145,60,63129,,,,
20250508,003780,진양산업,5760,-20,100134,,,,
20250508,003830,대한화섬,108400,-400,293,,,,
20250508,003850,보령,8510,70,70149,,,,
20250508,003920,남양유업,82000,2200,21303,,,,
20250508,003925,남양유업우,41000,50,9087,,,,
20250508,003960,사조대림,39000,100,9395,,,,
20250508,004000,롯데정밀화학,36150,650,65181,,,,
20250508,004020,현대제철,24900,400,546259,,,,
20250508,004060,SG세계물산,3260,0,47437,,,,
20250508,004080,신흥,14600,0,2417,,,,
20250508,004090,한국석유,12570,-100,43223,,,,
20250508,004100,태양금속,2335,95,3532077,,,,
20250508,004105,태양금속우,3230,50,204528,,,,
20250508,004140,동방,2470,-20,594260,,,,
20250508,004150,한솔홀딩스,2485,5,8831,,,,
20250508,004170,신세계,159600,1300,43403,,,,
20250508,004250,NPC,4165,25,20575,,,,
20250508,004255,NPC우,2380,20,15585,,,,
20250508,004270,남성,8928,8,1671,,,,
20250508,004310,현대약품,3315,5,28512,,,,
20250508,004360,세방,11500,30,8783,,,,
20250508,004365,세방우,7900,50,19564,,,,
20250508,004370,농심,412000,3500,27081,,,,
20250508,004380,삼익THK,13234,78,28967,,,,
20250508,004410,서울식품,1650,10,318702,,,,
20250508,004415,서울식품우,12620,-90,887,,,,
20250508,004430,송원산업,12170,-50,27823,,,,
20250508,004440,삼일씨엔에스,4240,120,19861,,,,
20250508,004450,삼화왕관,38650,-350,4580,,,,
20250508,004490,세방전지,68100,100,38569,,,,
20250508,004540,깨끗한나라,2455,-25,151654,,,,
20250508,004545,깨끗한나라우,13450,120,1007,,,,
20250508,004560,현대비앤지스틸,12250,50,27797,,,,
20250508,004690,삼천리,92300,100,3393,,,,
20250508,004700,조광피혁,52300,0,3209,,,,
20250508,004710,한솔테크닉스,4639,-11,127443,,,,
20250508,004720,팜젠사이언스,4030,30,15918,,,,
20250508,004770,써니전자,1725,8,636365,,,,
20250508,004800,효성,52000,-1800,15942,,,,
20250508,004830,덕성,6030,60,145424,,,,
20250508,004835,덕성우,7740,-110,25428,,,,
20250508,004840,DRB동일,4320,-55,53744,,,,
20250508,004870,티웨이홀딩스,3325,-33,113993,,,,
20250508,004890,동일산업,43600,300,1754,,,,
20250508,004910,조광페인트,6390,150,86611,,,,
20250508,004920,씨아이테크,1440,4,99455,,,,
20250508,004960,한신공영,7230,-70,26153,,,,
20250508,004970,신라교역,9190,70,9206,,,,
20250508,004980,성신양회,9670,280,781557,,,,
20250508,004985,성신양회우,14470,370,61620,,,,
20250508,004990,롯데지주,23050,200,142032,,,,
20250508,00499K,롯데지주우,27000,500,719,,,,
20250508,005010,휴스틸,4820,15,250486,,,,
20250508,005030,부산주공,486,0,0,,,,
20250508,005070,코스모신소재,38050,650,149584,,,,
20250508,005090,SGC에너지,23550,200,24163,,,,
20250508,005110,한창,1254,0,0,,,,
20250508,005180,빙그레,96800,5000,89641,,,,
20250508,005250,녹십자홀딩스,13750,50,48247,,,,
20250508,005257,녹십자홀딩스2우,21850,850,5,,,,
20250508,005300,롯데칠성,103500,-3400,59658,,,,
20250508,005305,롯데칠성우,63600,-1400,10541,,,,
20250508,005320,온타이드,888,0,52377,,,,
20250508,005360,모나미,2050,10,13466,,,,
20250508,005380,현대차,187100,-500,543972,,,,
20250508,005385,현대차우,148600,400,40555,,,,
20250508,005387,현대차2우B,149700,-400,84309,,,,
20250508,005389,현대차3우B,148400,100,5501,,,,
20250508,005420,코스모화학,15130,130,123005,,,,
20250508,005430,한국공항,49200,100,4541,,,,
20250508,005440,현대지에프홀딩스,5620,30,174146,,,,
20250508,005490,POSCO홀딩스,261500,0,298053,,,,
20250508,005500,삼진제약,17740,-40,5604,,,,
20250508,005610,삼립,60700,-1100,27707,,,,
20250508,005680,삼영전자,10580,10,20576,,,,
20250508,005690,파미셀,10610,-510,2047572,,,,
20250508,005720,넥센,4935,155,28035,,,,
20250508,005725,넥센우,3400,5,3500,,,,
20250508,005740,크라운해태홀딩스,6090,10,25871,,,,
20250508,005745,크라운해태홀딩스우,8890,-260,10747,,,,
20250508,005750,대림바스,3960,75,4494,,,,
20250508,005800,신영와코루,10470,-30,6913,,,,
20250508,005810,풍산홀딩스,28600,-250,17180,,,,
20250508,005820,원림,14080,-80,974,,,,
20250508,005830,DB손해보험,90800,-500,221193,,,,
20250508,005850,에스엘,32550,750,99831,,,,
20250508,005870,휴니드,8960,60,721858,,,,
20250508,005880,대한해운,1519,-20,938198,,,,
20250508,005930,삼성전자,54600,0,16320532,,,,
20250508,005935,삼성전자우,45100,-200,936538,,,,
20250508,005940,NH투자증권,15330,60,632730,,,,
20250508,005945,NH투자증권우,14080,-30,48765,,,,
20250508,005950,이수화학,5620,110,24896,,,,
20250508,005960,동부건설,4110,-15,13004,,,,
20250508,005965,동부건설우,19790,-20,128,,,,
20250508,006040,동원산업,42250,-650,47576,,,,
20250508,006060,화승인더,4600,-25,78822,,,,
20250508,006090,사조오양,8320,0,7378,,,,
20250508,006110,삼아알미늄,23500,100,41532,,,,
20250508,006120,SK디스커버리,41400,0,10712,,,,
20250508,006125,SK디스커버리우,35600,250,11085,,,,
20250508,006200,한국전자홀딩스,3415,0,7671,,,,
20250508,006220,제주은행,10430,-630,422893,,,,
20250508,006260,LS,130700,1300,141308,,,,
20250508,006280,녹십자,119100,-400,31478,,,,
20250508,006340,대원전선,2840,45,869442,,,,
20250508,006345,대원전선우,3960,25,37938,,,,
20250508,006360,GS건설,17830,-370,506450,,,,
20250508,006370,대구백화점,7450,0,32253,,,,
20250508,006380,카프로,3660,0,0,,,,
20250508,006400,삼성SDI,172200,0,584179,,,,
20250508,006405,삼성SDI우,104200,-1000,3861,,,,
20250508,006490,프리티,8250,-195,417045,,,,
20250508,006570,대림통상,2390,-45,10163,,,,
20250508,006650,대한유화,88600,-200,15893,,,,
20250508,006660,삼성공조,14920,210,174264,,,,
20250508,006740,블루산업개발,2230,10,26165,,,,
20250508,006800,미래에셋증권,12117,189,1467279,,,,
20250508,006805,미래에셋증권우,5331,-20,55249,,,,
20250508,00680K,미래에셋증권2우B,4676,-34,1930228,,,,
20250508,006840,AK홀딩스,10630,-20,5749,,,,
20250508,006880,신송홀딩스,7490,-190,138491,,,,
20250508,006890,태경케미컬,11850,30,19318,,,,
20250508,006980,우성,16420,420,2948,,,,
20250508,007070,GS리테일,14760,-50,138649,,,,
20250508,007110,일신석재,2275,-25,2299346,,,,
20250508,007120,미래아이앤지,1023,4,80118,,,,
20250508,007160,사조산업,36250,550,4775,,,,
20250508,007210,벽산,2430,5,103437,,,,
20250508,007280,한국특강,3542,20,16334,,,,
20250508,007310,오뚜기,398500,-1500,4644,,,,
20250508,007340,DN오토모티브,20500,50,119207,,,,
20250508,007460,에이프로젠,700,15,1448856,,,,
20250508,007540,샘표,42150,-200,1608,,,,
20250508,007570,일양약품,13917,168,59684,,,,
20250508,007575,일양약품우,14484,-11,108,,,,
20250508,007590,동방아그로,6090,0,618,,,,
20250508,007610,선도전기,3000,0,0,,,,
20250508,007660,이수페타시스,38200,1000,1253065,,,,
20250508,007690,국도화학,34200,-100,8331,,,,
20250508,007700,F&F홀딩스,12510,80,12098,,,,
20250508,007810,코리아써키트,10450,70,27222,,,,
20250508,007815,코리아써우,5810,-180,3516,,,,
20250508,00781K,코리아써키트2우B,5540,10,63,,,,
20250508,007860,서연,7380,150,52499,,,,
20250508,007980,TP,1300,2,168403,,,,
20250508,008040,사조동아원,1071,-12,303437,,,,
20250508,008060,대덕,7850,70,50150,,,,
20250508,00806K,대덕1우,7810,-110,216,,,,
20250508,008250,이건산업,5650,-80,18889,,,,
20250508,008260,NI스틸,3505,25,45629,,,,
20250508,008350,남선알미늄,1380,-29,1455197,,,,
20250508,008355,남선알미우,14830,-10,4016,,,,
20250508,008420,문배철강,2355,-30,34100,,,,
20250508,008490,서흥,14220,-100,25986,,,,
20250508,008600,윌비스,7136,-31,146860,,,,
20250508,008700,아남전자,1508,-23,3211955,,,,
20250508,008730,율촌화학,27300,100,47033,,,,
20250508,008770,호텔신라,44050,-150,169028,,,,
20250508,008775,호텔신라우,33800,-100,7876,,,,
20250508,008870,금비,54100,-200,1387,,,,
20250508,008930,한미사이언스,28500,0,69230,,,,
20250508,008970,KBI동양철관,2525,-54,3582655,,,,
20250508,009070,KCTC,3870,-5,49162,,,,
20250508,009140,경인전자,19660,20,757,,,,
20250508,009150,삼성전기,117800,-500,259417,,,,
20250508,009155,삼성전기우,55000,0,5921,,,,
20250508,009160,SIMPAC,4030,10,37738,,,,
20250508,009180,한솔로지스틱스,2165,0,43834,,,,
20250508,009190,대양금속,1703,-41,238915,,,,
20250508,009200,무림페이퍼,2170,10,102952,,,,
20250508,009240,한샘,41750,350,25846,,,,
20250508,009270,신원,1743,-45,1085305,,,,
20250508,009290,광동제약,5520,20,14560,,,,
20250508,009310,참엔지니어링,1415,0,0,,,,
20250508,009320,아진전자부품,1014,1,32248,,,,
20250508,009410,태영건설,2785,-230,1450657,,,,
20250508,009415,태영건설우,11120,-490,472619,,,,
20250508,009420,한올바이오파마,27200,550,142424,,,,
20250508,009440,KC그린홀딩스,756,0,0,,,,
20250508,009450,경동나비엔,77300,1100,51018,,,,
20250508,009460,한창제지,3835,85,20742,,,,
20250508,009470,삼화전기,29150,700,29205,,,,
20250508,009540,HD한국조선해양,287000,7000,266287,,,,
20250508,009580,무림P&P,2930,5,57172,,,,
20250508,009680,모토닉,9710,-110,29237,,,,
20250508,009770,삼정펄프,26400,-150,7471,,,,
20250508,009810,MDS스피어,3115,60,14583,,,,
20250508,009830,한화솔루션,30372,1651,4771298,,,,
20250508,009835,한화솔루션우,23889,993,48599,,,,
20250508,009900,명신산업,8040,0,62023,,,,
20250508,009970,영원무역홀딩스,97400,200,10349,,,,
20250508,010040,한국내화,2335,10,10835,,,,
20250508,010060,OCI홀딩스,67100,2500,117418,,,,
20250508,010100,한국무브넥스,4050,35,148874,,,,
20250508,010120,LS ELECTRIC,43900,800,1143435,,,,
20250508,010130,고려아연,791000,20000,33467,,,,
20250508,010140,삼성중공업,14730,-150,4469905,,,,
20250508,010400,우진아이엔에스,2670,35,1910,,,,
20250508,010580,에스엠벡셀,1206,6,30754,,,,
20250508,010640,진양폴리,3504,13,169358,,,,
20250508,010660,화천기계,4445,-275,642160,,,,
20250508,010690,화신,7820,70,64492,,,,
20250508,010770,평화홀딩스,7610,1750,10384845,,,,
20250508,010780,아이에스동서,18960,310,36264,,,,
20250508,010820,퍼스텍,3950,70,1338956,,,,
20250508,010950,S-Oil,52100,-200,222908,,,,
20250508,010955,S-Oil우,35500,0,3673,,,,
20250508,010960,삼호개발,3435,-35,248520,,,,
20250508,011000,진원생명과학,10600,50,52196,,,,
20250508,011070,LG이노텍,138400,800,130795,,,,
20250508,011090,에넥스,4110,205,155324,,,,
20250508,011150,CJ씨푸드,3255,20,336824,,,,
20250508,011155,CJ씨푸드1우,17600,-600,1407,,,,
20250508,011170,롯데케미칼,65400,-600,117639,,,,
20250508,011200,HMM,18110,-420,1987659,,,,
20250508,011210,현대위아,42950,400,61891,,,,
20250508,011230,삼화전자,4495,-20,46063,,,,
20250508,011280,태림포장,2090,0,18773,,,,
20250508,011300,우성머티리얼스,4610,100,42945,,,,
20250508,011330,유니켐,16620,-260,24815,,,,
20250508,011390,부산산업,99100,-1700,16157,,,,
20250508,011420,갤럭시아에스엠,2365,20,710548,,,,
20250508,011500,한농화성,15200,390,65815,,,,
20250508,011690,와이투솔루션,3085,0,1276753,,,,
20250508,011700,한신기계,2885,10,152660,,,,
20250508,011760,현대코퍼레이션,23150,400,35415,,,,
20250508,011780,금호석유화학,126500,2900,165467,,,,
20250508,011785,금호석유화학우,56300,700,9142,,,,
20250508,011790,SKC,95215,940,200847,,,,
20250508,011810,STX,3470,25,53494,,,,
20250508,011930,신성이엔지,14350,300,253689,,,,
20250508,012030,DB,1263,-9,99276,,,,
20250508,012160,영흥,2980,545,4487702,,,,
20250508,012170,아센디오,4365,-10,51320,,,,
20250508,012200,계양전기,1408,-1,24796,,,,
20250508,012205,계양전기우,3625,29,268,,,,
20250508,012280,영화금속,840,5,60251,,,,
20250508,012320,경동인베스트,57700,200,5221,,,,
20250508,012330,현대모비스,259000,1000,126993,,,,
20250508,012450,한화에어로스페이스,869495,-6893,329382,,,,
20250508,012610,경인양행,3270,40,32344,,,,
20250508,012630,HDC,19270,-330,142989,,,,
20250508,012690,모나리자,2885,-55,135607,,,,
20250508,012750,에스원,65500,1500,52945,,,,
20250508,012800,대창,1300,4,231378,,,,
20250508,013000,세우글로벌,1199,9,172126,,,,
20250508,013360,일성건설,3320,-60,1349138,,,,
20250508,013520,화승코퍼레이션,1900,5,23680,,,,
20250508,013570,디와이,3990,45,23422,,,,
20250508,013580,계룡건설,26800,-350,1501789,,,,
20250508,013700,까뮤이앤씨,1153,10,60130,,,,
20250508,013870,지엠비코리아,4070,0,5400,,,,
20250508,013890,지누스,18770,670,1346130,,,,
20250508,014130,한익스프레스,3400,-90,31463,,,,
20250508,014160,대영포장,1416,81,52597596,,,,
20250508,014280,금강공업,4725,35,151154,,,,
20250508,014285,금강공업우,7010,180,1835,,,,
20250508,014440,영보화학,4930,-20,126951,,,,
20250508,014530,극동유화,3360,-25,61566,,,,
20250508,014580,태경비케이,4730,110,122327,,,,
20250508,014680,한솔케미칼,114400,2000,47180,,,,
20250508,014710,사조씨푸드,5440,90,556768,,,,
20250508,014790,HL D&I,2425,-20,25881,,,,
20250508,014820,동원시스템즈,33150,700,14579,,,,
20250508,014825,동원시스템즈우,17920,-80,85,,,,
20250508,014830,유니드,89800,2800,42581,,,,
20250508,014910,성문전자,1138,0,11651,,,,
20250508,014915,성문전자우,4830,10,903,,,,
20250508,014990,인디에프,4895,-5,51192,,,,
20250508,015020,이스타코,3196,-140,783425,,,,
20250508,015230,대창단조,5050,40,23224,,,,
20250508,015260,에이엔피,467,12,23742,,,,
20250508,015360,INVENI,10100,0,26140,,,,
20250508,015590,DKME,2575,0,0,,,,
20250508,015760,한국전력,26400,-200,1895094,,,,
20250508,015860,일진홀딩스,3805,40,32294,,,,
20250508,015890,태경산업,4935,35,28443,,,,
20250508,016090,대현,1931,6,33956,,,,
20250508,016360,삼성증권,52500,-300,361104,,,,
20250508,016380,KG스틸,5790,-40,89200,,,,
20250508,016450,한세예스24홀딩스,3735,-25,17930,,,,
20250508,016580,환인제약,11680,-10,9003,,,,
20250508,016590,신대양제지,7370,-380,46666,,,,
20250508,016610,DB증권,6340,50,103009,,,,
20250508,016710,대성홀딩스,7440,70,15702,,,,
20250508,016740,두올,3140,40,18047,,,,
20250508,016800,퍼시스,44800,-200,606,,,,
20250508,016880,웅진,1805,103,18195360,,,,
20250508,017040,광명전기,1485,58,428755,,,,
20250508,017180,명문제약,1629,16,13448,,,,
20250508,017370,우신시스템,6370,-40,40658,,,,
20250508,017390,서울가스,51500,300,2706,,,,
20250508,017550,수산세보틱스,1842,-12,48158,,,,
20250508,017670,SK텔레콤,53100,0,1072531,,,,
20250508,017800,현대엘리베이터,75500,500,181649,,,,
20250508,017810,풀무원,15130,310,61762,,,,
20250508,017860,DS단석,25055,545,54791,,,,
20250508,017900,광전자,1866,47,47109,,,,
20250508,017940,E1,61800,600,4683,,,,
20250508,017960,한국카본,20650,450,478494,,,,
20250508,018250,애경산업,13940,440,82122,,,,
20250508,018260,삼성에스디에스,128500,500,129968,,,,
20250508,018470,조일알미늄,1652,-96,2912171,,,,
20250508,018500,동원모빌리티,1473,-34,525647,,,,
20250508,018670,SK가스,234000,2000,12729,,,,
20250508,018880,한온시스템,3155,-117,1270461,,,,
20250508,019170,신풍제약,7510,70,29333,,,,
20250508,019175,신풍제약우,12160,70,789,,,,
20250508,019180,티에이치엔,2905,15,66904,,,,
20250508,019490,엑시큐어하이트론,748,19,1940850,,,,
20250508,019680,대교,2340,90,91064,,,,
20250508,019685,대교우B,1330,40,55645,,,,
20250508,020000,한섬,15190,-50,27134,,,,
20250508,020120,키다리스튜디오,3580,100,241472,,,,
20250508,020150,롯데에너지머티리얼즈,22650,450,36625,,,,
20250508,020560,아시아나항공,9780,-150,39269,,,,
20250508,020760,일진디스플,742,2,11521,,,,
20250508,021050,서원,1229,-15,145228,,,,
20250508,021240,코웨이,84900,-200,178808,,,,
20250508,021820,세원정공,8350,-90,12070,,,,
20250508,022100,포스코DX,25450,1000,788879,,,,
20250508,023000,삼원강재,2380,-5,3171,,,,
20250508,023150,MH에탄올,5050,40,5398,,,,
20250508,023350,한국종합기술,6040,0,72170,,,,
20250508,023450,동남합성,33950,900,2794,,,,
20250508,023530,롯데쇼핑,66500,-200,78441,,,,
20250508,023590,다우기술,22700,950,219690,,,,
20250508,023800,인지컨트롤스,5840,70,17377,,,,
20250508,023810,인팩,5780,20,6527,,,,
20250508,023960,에쓰씨엔지니어링,1331,8,105510,,,,
20250508,024070,WISCOM,1945,45,4629,,,,
20250508,024090,디씨엠,12740,20,6772,,,,
20250508,024110,기업은행,15130,-130,838533,,,,
20250508,024720,콜마홀딩스,10300,810,636247,,,,
20250508,024890,대원화성,4465,-15,4948,,,,
20250508,024900,디와이덕양,2785,30,36895,,,,
20250508,025000,KPX케미칼,42683,47,3452,,,,
20250508,025530,SJM홀딩스,3325,0,13941,,,,
20250508,025540,한국단자,63600,500,21973,,,,
20250508,025560,미래산업,2366,-105,788435,,,,
20250508,025620,차AI헬스케어,7990,780,220454,,,,
20250508,025750,한솔홈데코,3695,35,695611,,,,
20250508,025820,이구산업,4240,-10,77906,,,,
20250508,025860,남해화학,6850,-30,36664,,,,
20250508,025890,한국주강,1823,4,9722,,,,
20250508,026890,스틱인베스트먼트,9420,-180,88661,,,,
20250508,026940,부국철강,2570,-60,142936,,,,
20250508,026960,동서,25600,-300,75662,,,,
20250508,027410,BGF,3650,15,65107,,,,
20250508,027740,마니커,1716,-2,27571,,,,
20250508,027970,한국제지,4100,-30,30326,,,,
20250508,028050,삼성E&A,20000,520,1064549,,,,
20250508,028100,동아지질,14660,-90,14264,,,,
20250508,028260,삼성물산,121800,-1000,195550,,,,
20250508,02826K,삼성물산우B,91600,100,5629,,,,
20250508,028670,팬오션,3365,-45,893809,,,,
20250508,029460,케이씨,18340,-230,20057,,,,
20250508,029530,신도리코,42300,-600,7510,,,,
20250508,029780,삼성카드,41500,-300,53227,,,,
20250508,030000,제일기획,18290,-140,203623,,,,
20250508,030190,NICE평가정보,12870,20,52362,,,,
20250508,030200,KT,50800,-1200,734094,,,,
20250508,030210,다올투자증권,3380,-45,54172,,,,
20250508,030610,교보증권,6570,30,67550,,,,
20250508,030720,동원수산,5600,50,11254,,,,
20250508,031210,서울보증보험,36250,550,155840,,,,
20250508,031430,신세계인터내셔날,9900,80,96938,,,,
20250508,031820,아이티센씨티에스,6310,160,15858,,,,
20250508,032350,롯데관광개발,10920,50,387501,,,,
20250508,032560,황금에스티,5240,50,12982,,,,
20250508,032640,LG유플러스,12490,120,1681462,,,,
20250508,032830,삼성생명,84800,200,202056,,,,
20250508,033240,자화전자,11910,220,56456,,,,
20250508,033250,체시스,5370,280,117458,,,,
20250508,033270,유나이티드제약,19350,-20,13700,,,,
20250508,033530,SJG세종,4340,150,42934,,,,
20250508,033780,KT&G,117500,2700,618900,,,,
20250508,033920,무학,7200,-10,49850,,,,
20250508,034020,두산에너빌리티,27750,450,6334443,,,,
20250508,034120,SBS,20600,-650,89419,,,,
20250508,034220,LG디스플레이,8420,-60,864754,,,,
20250508,034230,파라다이스,12400,20,97574,,,,
20250508,034310,NICE,10970,-200,24515,,,,
20250508,034590,인천도시가스,24850,50,1769,,,,
20250508,034730,SK,133000,500,211529,,,,
20250508,03473K,SK우,118400,800,1081,,,,
20250508,034830,한국토지신탁,1068,0,209460,,,,
20250508,035000,HS애드,7280,50,7963,,,,
20250508,035150,백산,14050,-150,42653,,,,
20250508,035250,강원랜드,16550,20,535762,,,,
20250508,035420,NAVER,188700,-10400,1199556,,,,
20250508,035510,신세계 I&C,11760,160,144505,,,,
20250508,035720,카카오,37000,-1350,4639380,,,,
20250508,036420,콘텐트리중앙,9760,360,176565,,,,
20250508,036460,한국가스공사,37700,-550,269703,,,,
20250508,036530,SNT홀딩스,34500,650,36143,,,,
20250508,036570,NC,147100,-1000,94850,,,,
20250508,036580,팜스코,2095,-10,13979,,,,
20250508,037270,YG PLUS,5450,-20,656166,,,,
20250508,037560,LG헬로비전,2735,-85,2121956,,,,
20250508,037710,광주신세계,28000,50,9148,,,,
20250508,039130,하나투어,51700,-1600,47713,,,,
20250508,039490,키움증권,143400,2700,84135,,,,
20250508,039570,HDC랩스,9030,30,11107,,,,
20250508,041650,상신브레이크,2990,-5,8851,,,,
20250508,042660,한화오션,80300,-100,2192029,,,,
20250508,042700,한미반도체,78500,800,1491354,,,,
20250508,044380,주연테크,1750,25,43710,,,,
20250508,044450,KSS해운,9050,-10,22791,,,,
20250508,044820,코스맥스비티아이,11650,360,40187,,,,
20250508,047040,대우건설,3500,20,1047007,,,,
20250508,047050,포스코인터내셔널,49250,200,254962,,,,
20250508,047400,유니온머티리얼,1932,14,130121,,,,
20250508,047810,한국항공우주,88300,300,1162842,,,,
20250508,049800,우진플라임,2235,-30,10848,,,,
20250508,051600,한전KPS,42650,150,122983,,,,
20250508,051630,진양화학,2155,0,108486,,,,
20250508,051900,LG생활건강,329500,0,53040,,,,
20250508,051905,LG생활건강우,130600,2300,7156,,,,
20250508,051910,LG화학,209000,1000,371941,,,,
20250508,051915,LG화학우,104300,0,22353,,,,
20250508,052690,한전기술,62600,-900,212126,,,,
20250508,053210,스카이라이프,4530,-5,47392,,,,
20250508,053690,한미글로벌,15970,-80,22986,,,,
20250508,055490,테이팩스,14190,90,8828,,,,
20250508,055550,신한지주,50900,-200,1398474,,,,
20250508,058430,포스코스틸리온,3810,-30,122060,,,,
20250508,058650,세아홀딩스,94200,300,210,,,,
20250508,058730,다스코,3140,10,62615,,,,
20250508,058850,KTcs,2885,60,432631,,,,
20250508,058860,KTis,2820,0,1768331,,,,
20250508,060980,HL홀딩스,37300,150,15432,,,,
20250508,062040,산일전기,58900,300,291046,,,,
20250508,063160,종근당바이오,22350,350,3152,,,,
20250508,064350,현대로템,116300,-2000,1503830,,,,
20250508,064400,LG씨엔에스,54100,1200,301379,,,,
20250508,064960,SNT모티브,27650,200,46428,,,,
20250508,066570,LG전자,70800,-400,367397,,,,
20250508,066575,LG전자우,34850,50,46623,,,,
20250508,066970,엘앤에프,65200,800,363556,,,,
20250508,067830,세이브존I&C,2315,10,57322,,,,
20250508,068270,셀트리온,146345,-826,402619,,,,
20250508,068290,삼성출판사,16650,-130,9484,,,,
20250508,069260,TKG휴켐스,16250,60,46329,,,,
20250508,069460,대호에이엘,9450,0,122617,,,,
20250508,069620,대웅제약,142700,6300,44303,,,,
20250508,069640,한세엠케이,2120,-8,9099,,,,
20250508,069730,DSR제강,3520,5,7880,,,,
20250508,069960,현대백화점,62100,3000,129464,,,,
20250508,070960,모나용평,4280,-5,148174,,,,
20250508,071050,한국금융지주,83500,800,128218,,,,
20250508,071055,한국금융지주우,64000,1000,15599,,,,
20250508,071090,하이스틸,3975,5,429161,,,,
20250508,071320,지역난방공사,53900,-200,12365,,,,
20250508,071840,롯데하이마트,7520,-10,28445,,,,
20250508,071950,코아스,9630,370,28655,,,,
20250508,071970,HD현대마린엔진,38650,1050,440026,,,,
20250508,072130,유엔젤,5480,-250,404132,,,,
20250508,072710,농심홀딩스,67600,500,2936,,,,
20250508,073240,금호타이어,4800,-35,374933,,,,
20250508,074610,이엔플러스,5110,0,0,,,,
20250508,075180,새론오토모티브,3325,15,5970,,,,
20250508,075580,세진중공업,9320,60,333699,,,,
20250508,077500,유니퀘스트,5990,100,86914,,,,
20250508,077970,STX엔진,24500,-100,216756,,,,
20250508,078000,텔코웨어,9470,50,31041,,,,
20250508,078520,에이블씨엔씨,7180,230,184510,,,,
20250508,078930,GS,38550,350,167791,,,,
20250508,078935,GS우,37450,150,3999,,,,
20250508,079160,CJ CGV,5050,50,174303,,,,
20250508,079430,현대리바트,7590,200,143641,,,,
20250508,079550,LIG디펜스앤에어로스페이스,372500,36000,1292916,,,,
20250508,079900,전진건설로봇,48800,-100,127504,,,,
20250508,079980,휴비스,2810,-5,31487,,,,
20250508,081000,일진다이아,12370,240,11485,,,,
20250508,081660,미스토홀딩스,36800,-800,210597,,,,
20250508,082640,동양생명,5390,-240,427597,,,,
20250508,082740,한화엔진,28350,100,795626,,,,
20250508,083420,그린케미칼,8960,590,8018212,,,,
20250508,084010,대한제강,10536,361,74584,,,,
20250508,084670,동양고속,7470,-10,15400,,,,
20250508,084680,이월드,1427,-11,164312,,,,
20250508,084690,대상홀딩스,9300,-110,449845,,,,
20250508,084695,대상홀딩스우,14030,450,26255,,,,
20250508,084870,TBH글로벌,1208,5,23030,,,,
20250508,085310,엔케이,8990,10,5557,,,,
20250508,085620,미래에셋생명,5310,-50,218334,,,,
20250508,086280,현대글로비스,106100,700,383650,,,,
20250508,086790,하나금융지주,64700,-600,861049,,,,
20250508,088260,이리츠코크렙,4660,-40,27746,,,,
20250508,088350,한화생명,2640,30,1397906,,,,
20250508,088790,진도,1946,-21,46769,,,,
20250508,088980,맥쿼리인프라,11540,-30,455169,,,,
20250508,089470,HDC현대EP,3655,70,15570,,,,
20250508,089590,제주항공,6970,-110,136256,,,,
20250508,089860,롯데렌탈,31000,1250,102319,,,,
20250508,090080,평화산업,1476,233,42120073,,,,
20250508,090350,노루페인트,8110,50,38974,,,,
20250508,090355,노루페인트우,13020,-80,816,,,,
20250508,090370,메타랩스,1413,3,25724,,,,
20250508,090430,아모레퍼시픽,125200,1900,533711,,,,
20250508,090435,아모레퍼시픽우,39300,1500,40794,,,,
20250508,090460,비에이치,12470,100,89571,,,,
20250508,091810,트리니티항공,2091,-38,515216,,,,
20250508,092200,디아이씨,4535,-55,173411,,,,
20250508,092220,KEC,3650,35,52833,,,,
20250508,092230,KPX홀딩스,61100,100,3210,,,,
20250508,092440,기신정기,2450,20,4351,,,,
20250508,092780,DYP,4520,5,10983,,,,
20250508,092790,넥스틸,12330,-180,198611,,,,
20250508,093050,LF,14770,0,36222,,,,
20250508,093240,형지엘리트,2264,-101,3915419,,,,
20250508,093370,후성,4370,35,237548,,,,
20250508,094280,효성ITX,12210,80,5642,,,,
20250508,094800,맵스리얼티,4320,0,17437,,,,
20250508,095570,AJ네트웍스,3815,-25,190658,,,,
20250508,095720,웅진씽크빅,3264,-16,650475,,,,
20250508,096760,JW홀딩스,3060,25,51116,,,,
20250508,096770,SK이노베이션,93500,500,309396,,,,
20250508,096775,SK이노베이션우,65700,0,1568,,,,
20250508,097230,HJ중공업,7680,-120,578140,,,,
20250508,097520,엠씨넥스,25650,900,121598,,,,
20250508,097950,CJ제일제당,245500,-500,37068,,,,
20250508,097955,CJ제일제당 우,141600,1800,6993,,,,
20250508,100090,SK오션플랜트,15360,650,162041,,,,
20250508,100220,비상교육,5370,-170,123810,,,,
20250508,100250,진양홀딩스,2944,-15,17758,,,,
20250508,100840,SNT에너지,38750,-1000,124559,,,,
20250508,101140,인바이오젠,12750,570,61186,,,,
20250508,101530,해태제과식품,6930,-110,25248,,,,
20250508,102260,동성케미컬,4097,49,104440,,,,
20250508,102460,이연제약,10940,-100,6727,,,,
20250508,103140,풍산,60700,-700,283837,,,,
20250508,103590,일진전기,28800,1850,1148317,,,,
20250508,104700,한국철강,8300,-50,14858,,,,
20250508,105560,KB금융,94500,900,1286335,,,,
20250508,105630,한세실업,11200,130,62219,,,,
20250508,105840,우진,7490,60,78849,,,,
20250508,107590,미원홀딩스,75700,900,59,,,,
20250508,108320,LX세미콘,56100,400,28043,,,,
20250508,108670,LX하우시스,28950,-200,9011,,,,
20250508,108675,LX하우시스우,18130,80,320,,,,
20250508,109070,주성코퍼레이션,1004,-6,326855,,,,
20250508,111110,호전실업,8140,0,8592,,,,
20250508,111380,동인기연,16740,250,4876,,,,
20250508,111770,영원무역,45750,-200,68188,,,,
20250508,112610,씨에스윈드,42850,4200,2462484,,,,
20250508,114090,GKL,12110,-180,148327,,,,
20250508,117580,대성에너지,7660,-80,25546,,,,
20250508,118000,메타케어,3090,-30,17013,,,,
20250508,119650,KC코트렐,918,0,0,,,,
20250508,120030,조선선재,98800,-200,1117,,,,
20250508,120110,코오롱인더,31650,400,75131,,,,
20250508,120115,코오롱인더우,20300,400,13167,,,,
20250508,122900,아이마켓코리아,8030,20,30978,,,,
20250508,123690,한국화장품,7200,30,147208,,,,
20250508,123700,SJM,3145,10,8537,,,,
20250508,123890,한국자산신탁,2370,0,154915,,,,
20250508,126560,현대퓨처넷,3170,265,533123,,,,
20250508,126720,수산인더스트리,19910,110,16815,,,,
20250508,128820,대성산업,3515,0,0,,,,
20250508,128940,한미약품,260000,2500,134922,,,,
20250508,129260,인터지스,2615,-45,110233,,,,
20250508,130660,한전산업,10930,-100,300256,,,,
20250508,133820,화인베스틸,852,1,34465,,,,
20250508,134380,미원화학,7950,50,4630,,,,
20250508,134790,시디즈,28000,-50,12561,,,,
20250508,136490,선진,5870,-20,54320,,,,
20250508,137310,에스디바이오센서,9410,-10,95456,,,,
20250508,138040,메리츠금융지주,121400,-800,357191,,,,
20250508,138930,BNK금융지주,10350,-100,1197894,,,,
20250508,139130,iM금융지주,10390,-40,468404,,,,
20250508,139480,이마트,90500,200,140786,,,,
20250508,139990,아주스틸,3830,10,13805,,,,
20250508,143210,핸즈코퍼레이션,1563,-53,26394,,,,
20250508,145210,다이나믹디자인,10230,120,12441,,,,
20250508,145270,케이탑리츠,951,0,41750,,,,
20250508,145720,덴티움,77100,5000,138086,,,,
20250508,145990,삼양사,48000,0,5082,,,,
20250508,145995,삼양사우,30900,100,428,,,,
20250508,155660,DSR,3820,55,12795,,,,
20250508,161000,애경케미칼,10570,-460,1216535,,,,
20250508,161390,한국타이어앤테크놀로지,40950,-250,269200,,,,
20250508,161890,한국콜마,79600,4100,378755,,,,
20250508,163560,동일고무벨트,6980,-60,18545,,,,
20250508,170900,동아에스티,44968,858,19925,,,,
20250508,175330,JB금융지주,17050,-270,423116,,,,
20250508,178920,PI첨단소재,16620,-210,137649,,,,
20250508,180640,한진칼,85700,300,66386,,,,
20250508,18064K,한진칼우,22500,500,982,,,,
20250508,181710,NHN,22350,100,64810,,,,
20250508,183190,아세아시멘트,11130,100,40080,,,,
20250508,185750,종근당,79300,400,16409,,,,
20250508,192080,더블유게임즈,55000,-1000,50217,,,,
20250508,192400,쿠쿠홀딩스,23700,-350,11352,,,,
20250508,192650,드림텍,6160,-60,162990,,,,
20250508,192820,코스맥스,196100,21700,260442,,,,
20250508,194370,제이에스코퍼레이션,8010,0,76869,,,,
20250508,195870,해성디에스,19700,-300,164018,,,,
20250508,200880,서연이화,11760,40,67677,,,,
20250508,204320,HL만도,36350,-400,180658,,,,
20250508,207940,삼성바이오로직스,1524727,-7358,46137,,,,
20250508,210540,디와이파워,11640,-90,14695,,,,
20250508,210980,SK디앤디,9030,70,32705,,,,
20250508,213500,한솔제지,8370,60,30412,,,,
20250508,214320,이노션,18050,-170,29788,,,,
20250508,214330,금호에이치티,17572,27,6083,,,,
20250508,214390,경보제약,5490,130,13128,,,,
20250508,214420,토니모리,9650,460,1087701,,,,
20250508,226320,잇츠한불,12440,70,47613,,,,
20250508,227840,현대코퍼레이션홀딩스,10990,-10,13888,,,,
20250508,229640,LS에코에너지,33100,350,102418,,,,
20250508,234080,JW생명과학,11580,40,24965,,,,
20250508,241560,두산밥캣,47850,-100,268537,,,,
20250508,241590,화승엔터프라이즈,7810,-10,103279,,,,
20250508,244920,에이플러스에셋,4725,75,81383,,,,
20250508,248070,솔루엠,16080,-50,88387,,,,
20250508,248170,샘표식품,26950,-400,6611,,,,
20250508,249420,일동제약,11620,50,22929,,,,
20250508,251270,넷마블,44950,-600,143632,,,,
20250508,259960,크래프톤,379000,-6500,124362,,,,
20250508,264900,크라운제과,8550,190,35853,,,,
20250508,26490K,크라운제과우,10120,-50,4232,,,,
20250508,267250,HD현대,79300,-500,178373,,,,
20250508,267260,HD현대일렉트릭,343000,7500,358792,,,,
20250508,267270,HD건설기계,69700,0,83554,,,,
20250508,267290,경동도시가스,17690,90,3179,,,,
20250508,267850,아시아나IDT,11700,60,11052,,,,
20250508,268280,미원에스씨,157900,-6700,1886,,,,
20250508,271560,오리온,123300,600,169577,,,,
20250508,271940,일진하이솔루스,13360,30,46316,,,,
20250508,271980,제일약품,12180,-130,24065,,,,
20250508,272210,한화시스템,45250,600,3590955,,,,
20250508,272450,진에어,9400,-180,114002,,,,
20250508,272550,삼양패키징,13630,80,6367,,,,
20250508,278470,에이피알,98400,22000,6642662,,,,
20250508,280360,롯데웰푸드,115100,-1700,13472,,,,
20250508,281820,케이씨텍,26750,250,197471,,,,
20250508,282330,BGF리테일,112600,-300,48619,,,,
20250508,284740,쿠쿠홈시스,22500,100,22089,,,,
20250508,285130,SK케미칼,42900,3050,87792,,,,
20250508,28513K,SK케미칼우,20500,450,16946,,,,
20250508,286940,롯데이노베이트,18940,-50,5095,,,,
20250508,293480,하나제약,11550,70,8278,,,,
20250508,293940,신한알파리츠,5800,20,54857,,,,
20250508,294870,IPARK현대산업개발,25500,-100,145623,,,,
20250508,298000,효성화학,77800,0,0,,,,
20250508,298020,효성티앤씨,239000,0,10359,,,,
20250508,298040,효성중공업,537000,21000,83428,,,,
20250508,298050,HS효성첨단소재,188200,3700,11052,,,,
20250508,298690,에어부산,2150,-40,312004,,,,
20250508,300720,한일시멘트,17870,170,130929,,,,
20250508,302440,SK바이오사이언스,40200,1400,238413,,,,
20250508,306200,세아제강,174200,700,7653,,,,
20250508,307950,현대오토에버,129000,2200,47143,,,,
20250508,308170,씨티알모빌리티,5900,0,1469,,,,
20250508,316140,우리금융지주,17620,-210,2169995,,,,
20250508,317400,자이에스앤디,3360,70,20822,,,,
20250508,322000,HD현대에너지솔루션,30150,950,131566,,,,
20250508,323410,카카오뱅크,23100,-200,684629,,,,
20250508,326030,SK바이오팜,97900,-1100,222083,,,,
20250508,329180,HD현대중공업,421500,6000,316537,,,,
20250508,330590,롯데리츠,3620,0,133358,,,,
20250508,334890,이지스밸류플러스리츠,4617,15,60661,,,,
20250508,336260,두산퓨얼셀,16250,690,433875,,,,
20250508,33626K,두산퓨얼셀1우,4640,125,30923,,,,
20250508,33626L,두산퓨얼셀2우B,7920,70,2287,,,,
20250508,336370,솔루스첨단소재,8420,100,97211,,,,
20250508,33637K,솔루스첨단소재1우,1814,9,12675,,,,
20250508,33637L,솔루스첨단소재2우B,4290,-40,59275,,,,
20250508,338100,NH프라임리츠,4610,15,47549,,,,
20250508,339770,교촌에프앤비,5360,-30,29960,,,,
20250508,344820,KCC글라스,32100,100,16601,,,,
20250508,348950,제이알글로벌리츠,2755,25,340247,,,,
20250508,350520,이지스레지던스리츠,4265,30,61412,,,,
20250508,352820,하이브,265000,500,239328,,,,
20250508,353200,대덕전자,14220,-10,146447,,,,
20250508,35320K,대덕전자1우,7760,40,6882,,,,
20250508,357120,코람코라이프인프라리츠,4555,30,59114,,,,
20250508,357250,미래에셋맵스리츠,2785,5,10410,,,,
20250508,357430,마스턴프리미어리츠,1488,0,17990,,,,
20250508,361610,SK아이이테크놀로지,23100,150,203599,,,,
20250508,363280,티와이홀딩스,2355,-100,337291,,,,
20250508,36328K,티와이홀딩스우,4310,-860,155138,,,,
20250508,365550,ESR켄달스퀘어리츠,4823,60,88722,,,,
20250508,372910,한컴라이프케어,3105,-25,160339,,,,
20250508,373220,LG에너지솔루션,327500,5000,384939,,,,
20250508,375500,DL이앤씨,44100,-850,143820,,,,
20250508,37550K,DL이앤씨우,18090,-10,5506,,,,
20250508,37550L,DL이앤씨2우(전환),29400,50,3986,,,,
20250508,377190,디앤디플랫폼리츠,3215,5,22704,,,,
20250508,377300,카카오페이,29700,-1800,809705,,,,
20250508,377740,바이오노트,4545,-25,31508,,,,
20250508,378850,화승알앤에이,3200,30,22993,,,,
20250508,381970,케이카,13880,-160,52620,,,,
20250508,383220,F&F,68500,-1000,73898,,,,
20250508,383800,LX홀딩스,6650,60,59703,,,,
20250508,38380K,LX홀딩스1우,8050,0,195,,,,
20250508,395400,SK리츠,4965,10,92818,,,,
20250508,396690,미래에셋글로벌리츠,2775,-5,35009,,,,
20250508,400760,NH올원리츠,3576,-5,43315,,,,
20250508,402340,SK스퀘어,93000,700,230085,,,,
20250508,403550,쏘카,14380,-90,787,,,,
20250508,404990,신한서부티엔디리츠,3510,40,29877,,,,
20250508,415640,KB발해인프라,7750,-40,35098,,,,
20250508,417310,코람코더원리츠,5100,20,13568,,,,
20250508,432320,KB스타리츠,3995,25,47467,,,,
20250508,443060,HD현대마린솔루션,173000,13400,263126,,,,
20250508,446070,유니드비티플러스,4100,-40,88611,,,,
20250508,448730,삼성FN리츠,4565,45,46690,,,,
20250508,450080,에코프로머티,55000,1800,541386,,,,
20250508,451800,한화리츠,3810,15,148570,,,,
20250508,452260,한화갤러리아,1220,18,466314,,,,
20250508,45226K,한화갤러리아우,2305,5,4620,,,,
20250508,453340,현대그린푸드,15540,390,75465,,,,
20250508,454910,두산로보틱스,51100,500,200315,,,,
20250508,456040,OCI,57700,2300,52962,,,,
20250508,457190,이수스페셜티케미컬,42500,400,141870,,,,
20250508,460850,동국씨엠,6210,0,16757,,,,
20250508,460860,동국제강,9160,-10,39660,,,,
20250508,462520,조선내화,13630,150,1754,,,,
20250508,462870,시프트업,56000,-800,158188,,,,
20250508,465770,STX그린로지스,8490,-240,93703,,,,
20250508,475150,SK이터닉스,16750,-120,346344,,,,
20250508,475560,더본코리아,26750,350,114504,,,,
20250508,480370,씨케이솔루션,4346,7,589955,,,,
20250508,481850,신한글로벌액티브리츠,1634,2,83313,,,,
20250508,484870,엠앤씨솔루션,36866,1700,194211,,,,
20250508,487570,HS효성,40200,50,2452,,,,
20250508,489790,한화비전,63000,2800,1964066,,,,
20250508,499790,GS피앤엘,20500,400,34534,,,,
20250508,900140,엘브이엠씨홀딩스,1799,79,691164,,,,
20250508,950210,프레스티지바이오파마,13840,100,38112,,,,
20250509,000020,동화약품,6220,-80,33277,,,,
20250509,000040,KR모터스,2235,-55,30877,,,,
20250509,000050,경방,9220,820,13799854,,,,
20250509,000070,삼양홀딩스,41439,734,24600,,,,
20250509,000080,하이트진로,19290,10,46914,,,,
20250509,000087,하이트진로2우B,15350,30,370,,,,
20250509,000100,유한양행,107200,-2600,317901,,,,
20250509,000105,유한양행우,96400,-2200,6153,,,,
20250509,000120,CJ대한통운,84200,1200,37769,,,,
20250509,000140,하이트진로홀딩스,8520,-10,7145,,,,
20250509,000145,하이트진로홀딩스우,10870,-30,45,,,,
20250509,000150,두산,345000,14500,191415,,,,
20250509,000155,두산우,218500,17500,90257,,,,
20250509,000157,두산2우B,238500,31500,17717,,,,
20250509,000180,성창기업지주,6660,-20,3079,,,,
20250509,000210,DL,33450,-400,74969,,,,
20250509,000215,DL우,19860,-240,1601,,,,
20250509,000220,유유제약,4560,-70,63248,,,,
20250509,000225,유유제약1우,4730,-135,10178,,,,
20250509,000227,유유제약2우B,10220,240,715,,,,
20250509,000230,일동홀딩스,6060,-70,20973,,,,
20250509,000240,한국앤컴퍼니,15000,-180,64834,,,,
20250509,000270,기아,89300,1500,967229,,,,
20250509,000300,DH오토넥스,4200,0,0,,,,
20250509,000320,노루홀딩스,14990,-150,9638,,,,
20250509,000325,노루홀딩스우,29900,-450,167,,,,
20250509,000370,한화손해보험,3970,0,188690,,,,
20250509,000390,SP삼화,6030,20,17394,,,,
20250509,000400,롯데손해보험,1580,-24,374636,,,,
20250509,000430,대원강업,3860,-15,28964,,,,
20250509,000480,CR홀딩스,5230,0,6643,,,,
20250509,000490,대동,10320,-120,77898,,,,
20250509,000500,가온전선,35508,889,169894,,,,
20250509,000520,삼일제약,12690,60,93332,,,,
20250509,000540,흥국화재,3330,-30,61347,,,,
20250509,000545,흥국화재우,8230,-980,186573,,,,
20250509,000590,CS홀딩스,74500,-100,299,,,,
20250509,000640,동아쏘시오홀딩스,96636,-776,10510,,,,
20250509,000650,천일고속,40200,400,263,,,,
20250509,000660,SK하이닉스,190100,-200,2539822,,,,
20250509,000670,영풍,35801,-97,40820,,,,
20250509,000680,LS네트웍스,3410,-90,360266,,,,
20250509,000700,유수홀딩스,5510,0,18740,,,,
20250509,000720,현대건설,41200,-1500,562980,,,,
20250509,000725,현대건설우,51600,-1000,2893,,,,
20250509,000760,이화산업,10800,-70,1202,,,,
20250509,000810,삼성화재,375500,-2500,51665,,,,
20250509,000815,삼성화재우,281000,-2500,8147,,,,
20250509,000850,화천기공,29200,200,4565,,,,
20250509,000860,강남제비스코,12060,10,28661,,,,
20250509,000880,한화,62424,2461,462555,,,,
20250509,00088K,한화3우B,23610,806,141569,,,,
20250509,000890,보해양조,2400,5,119934,,,,
20250509,000910,유니온,5130,-90,222865,,,,
20250509,000950,전방,24700,0,340,,,,
20250509,000970,한국주철관,7190,0,523494,,,,
20250509,000990,DB하이텍,38100,-300,133284,,,,
20250509,001020,페이퍼코리아,3750,25,5019,,,,
20250509,001040,CJ,128400,-1100,80915,,,,
20250509,001045,CJ우,70700,-2300,6748,,,,
20250509,00104K,CJ4우(전환),103300,-900,8309,,,,
20250509,001060,JW중외제약,22000,-50,38527,,,,
20250509,001065,JW중외제약우,28900,100,339,,,,
20250509,001067,JW중외제약2우B,61000,200,5,,,,
20250509,001070,대한방직,5190,20,12698,,,,
20250509,001080,만호제강,2655,-15,6430,,,,
20250509,001120,LX인터내셔널,26850,250,99193,,,,
20250509,001130,대한제분,13390,-60,15650,,,,
20250509,001200,유진투자증권,2695,-5,175997,,,,
20250509,001210,금호전기,6050,-100,98427,,,,
20250509,001230,동국홀딩스,1576,5,113744,,,,
20250509,001250,GS글로벌,2585,-30,399981,,,,
20250509,001260,남광토건,8300,-160,15056,,,,
20250509,001270,부국증권,29800,-200,7095,,,,
20250509,001275,부국증권우,22150,100,1924,,,,
20250509,001290,상상인증권,446,-5,34117,,,,
20250509,001340,PKC,6080,-300,166278,,,,
20250509,001360,삼성제약,1479,-23,156895,,,,
20250509,001380,SG글로벌,3576,4,167037,,,,
20250509,001390,KG케미칼,3885,-45,98366,,,,
20250509,001420,태원물산,4045,225,27418,,,,
20250509,001430,세아베스틸지주,18000,-200,48046,,,,
20250509,001440,대한전선,11740,-80,364730,,,,
20250509,001450,현대해상,21550,-200,500220,,,,
20250509,001460,BYC,28500,400,2893,,,,
20250509,001465,BYC우,13010,-710,10126,,,,
20250509,001470,삼부토건,347,0,0,,,,
20250509,001500,현대차증권,6450,-100,173597,,,,
20250509,001510,SK증권,991,10,1452649,,,,
20250509,001515,SK증권우,3530,-14,19811,,,,
20250509,001520,동양,1108,-42,1202605,,,,
20250509,001525,동양우,9340,-780,17487,,,,
20250509,001527,동양2우B,18000,520,1077,,,,
20250509,001530,DI동일,37858,-476,54142,,,,
20250509,001550,조비,12220,160,14926,,,,
20250509,001560,제일연마,9550,130,17585,,,,
20250509,001570,금양,9900,0,0,,,,
20250509,001620,케이비아이동국실업,2610,10,4904,,,,
20250509,001630,종근당홀딩스,47500,950,8004,,,,
20250509,001680,대상,24650,-50,78160,,,,
20250509,001685,대상우,16650,10,9527,,,,
20250509,001720,신영증권,98400,4000,25290,,,,
20250509,001740,SK네트웍스,4155,15,322275,,,,
20250509,001750,한양증권,13780,-80,24605,,,,
20250509,001755,한양증권우,14390,-160,1691,,,,
20250509,001770,SHD,16430,-10,3061,,,,
20250509,001780,알루코,2265,45,863790,,,,
20250509,001790,대한제당,2910,-175,7777961,,,,
20250509,001795,대한제당우,2615,-170,2292928,,,,
20250509,001800,오리온홀딩스,19530,70,114579,,,,
20250509,001820,삼화콘덴서,24700,-450,19542,,,,
20250509,001940,KISCO홀딩스,20500,-200,19760,,,,
20250509,002020,코오롱,21850,-600,37454,,,,
20250509,002025,코오롱우,14010,-390,4403,,,,
20250509,002030,아세아,263500,0,999,,,,
20250509,002070,비비안,16307,177,11862,,,,
20250509,002100,경농,9230,-20,21991,,,,
20250509,002140,고려산업,2890,-25,111906,,,,
20250509,002150,도화엔지니어링,6500,-90,25686,,,,
20250509,002170,SYTS,47000,-200,737,,,,
20250509,002200,한국수출포장,2785,-10,7941,,,,
20250509,002210,동성제약,2780,0,0,,,,
20250509,002220,한일철강,1950,-9,28345,,,,
20250509,002240,고려제강,17030,-150,10697,,,,
20250509,002310,아세아제지,6960,10,129842,,,,
20250509,002320,한진,18710,-130,15978,,,,
20250509,002350,넥센타이어,5790,-80,306358,,,,
20250509,002355,넥센타이어1우B,2845,40,11730,,,,
20250509,002360,SH에너지화학,4460,-80,25877,,,,
20250509,002380,KCC,262000,7000,26844,,,,
20250509,002390,한독,11780,-270,43388,,,,
20250509,002410,범양건영,1935,0,0,,,,
20250509,002420,세기상사,5200,235,13055,,,,
20250509,002450,삼익악기,1215,-3,154199,,,,
20250509,002460,HS화성,10080,50,11937,,,,
20250509,002600,조흥,159900,1000,7,,,,
20250509,002620,제일파마홀딩스,7980,70,2398,,,,
20250509,002630,오리엔트바이오,3468,-160,6476466,,,,
20250509,002690,동일제강,1380,0,15177,,,,
20250509,002700,신일전자,1525,-7,161892,,,,
20250509,002710,TCC스틸,19910,-490,110837,,,,
20250509,002720,국제약품,4555,-10,36824,,,,
20250509,002760,보락,1114,-1,133263,,,,
20250509,002780,진흥기업,732,-8,364583,,,,
20250509,002785,진흥기업우B,3405,-85,426,,,,
20250509,002787,진흥기업2우B,9740,-160,320,,,,
20250509,002790,아모레퍼시픽홀딩스,23550,350,203505,,,,
20250509,002795,아모레퍼시픽홀딩스우,9580,60,10586,,,,
20250509,00279K,아모레퍼시픽홀딩스3우C,18810,180,6052,,,,
20250509,002810,삼영무역,13740,-10,5270,,,,
20250509,002820,SUN&L,3095,60,49517,,,,
20250509,002840,미원상사,191600,-5300,2759,,,,
20250509,002870,신풍,1050,-65,331174,,,,
20250509,002880,디와이에이,959,14,95625,,,,
20250509,002900,TYM,4430,-30,104869,,,,
20250509,002920,유성기업,1929,-10,80205,,,,
20250509,002960,한국쉘석유,364500,0,1410,,,,
20250509,002990,금호건설,2770,-110,134315,,,,
20250509,002995,금호건설우,12240,-370,19021,,,,
20250509,003000,부광약품,3578,-37,28840,,,,
20250509,003010,혜인,4905,-135,86433,,,,
20250509,003030,세아제강지주,220500,-1000,7043,,,,
20250509,003060,에이프로젠바이오로직스,676,-11,311976,,,,
20250509,003070,코오롱글로벌,8640,-60,8630,,,,
20250509,003075,코오롱글로벌우,15700,-10,823,,,,
20250509,003080,SB성보,2545,5,50548,,,,
20250509,003090,대웅,19950,460,60472,,,,
20250509,003120,일성아이에스,15990,60,2577,,,,
20250509,003160,디아이,14400,-380,190814,,,,
20250509,003200,일신방직,8880,220,49646,,,,
20250509,003220,대원제약,13690,-120,38169,,,,
20250509,003230,삼양식품,993000,21000,46099,,,,
20250509,003240,태광산업,825000,39000,2820,,,,
20250509,003280,흥아해운,1553,-8,610320,,,,
20250509,003300,한일홀딩스,15000,130,13774,,,,
20250509,003350,한국화장품제조,11200,200,713955,,,,
20250509,003460,유화증권,2380,-35,20190,,,,
20250509,003465,유화증권우,2405,10,34,,,,
20250509,003470,유안타증권,2920,0,229183,,,,
20250509,003475,유안타증권우,3080,10,18632,,,,
20250509,003480,한진중공업홀딩스,4600,40,39983,,,,
20250509,003490,대한항공,22050,-500,1215110,,,,
20250509,003495,대한항공우,22450,0,1852,,,,
20250509,003520,영진약품,2005,-10,92260,,,,
20250509,003530,한화투자증권,3580,30,1288300,,,,
20250509,003535,한화투자증권우,6160,50,11327,,,,
20250509,003540,대신증권,19000,70,87000,,,,
20250509,003545,대신증권우,17240,-60,90981,,,,
20250509,003547,대신증권2우B,16560,-10,40805,,,,
20250509,003550,LG,67700,800,137689,,,,
20250509,003555,LG우,56500,700,6563,,,,
20250509,003570,SNT다이내믹스,36400,100,116955,,,,
20250509,003580,HLB글로벌,3110,-5,64922,,,,
20250509,003610,방림,3895,-50,19035,,,,
20250509,003620,KG모빌리티,3390,-100,1042847,,,,
20250509,003650,미창석유,101100,-1100,262,,,,
20250509,003670,포스코퓨처엠,116802,-5816,390437,,,,
20250509,003680,한성기업,5040,-30,8848,,,,
20250509,003690,코리안리,8100,70,178060,,,,
20250509,003720,삼영,4120,-25,89453,,,,
20250509,003780,진양산업,5660,-100,187657,,,,
20250509,003830,대한화섬,112900,4500,536,,,,
20250509,003850,보령,8460,-50,62909,,,,
20250509,003920,남양유업,81200,-800,17690,,,,
20250509,003925,남양유업우,40300,-700,9335,,,,
20250509,003960,사조대림,39600,600,21214,,,,
20250509,004000,롯데정밀화학,35550,-600,29942,,,,
20250509,004020,현대제철,24550,-350,295364,,,,
20250509,004060,SG세계물산,3230,-30,30477,,,,
20250509,004080,신흥,14590,-10,1339,,,,
20250509,004090,한국석유,12630,60,30932,,,,
20250509,004100,태양금속,2450,115,3771721,,,,
20250509,004105,태양금속우,3390,160,246618,,,,
20250509,004140,동방,2460,-10,728007,,,,
20250509,004150,한솔홀딩스,2485,0,31664,,,,
20250509,004170,신세계,162900,3300,46376,,,,
20250509,004250,NPC,4125,-40,20671,,,,
20250509,004255,NPC우,2355,-25,8251,,,,
20250509,004270,남성,8753,-175,2484,,,,
20250509,004310,현대약품,3390,75,161086,,,,
20250509,004360,세방,11610,110,11270,,,,
20250509,004365,세방우,7940,40,62440,,,,
20250509,004370,농심,424000,12000,35903,,,,
20250509,004380,삼익THK,13000,-234,19800,,,,
20250509,004410,서울식품,1620,-30,242711,,,,
20250509,004415,서울식품우,12450,-170,2793,,,,
20250509,004430,송원산업,12060,-110,19280,,,,
20250509,004440,삼일씨엔에스,4165,-75,16795,,,,
20250509,004450,삼화왕관,38400,-250,1450,,,,
20250509,004490,세방전지,68200,100,28823,,,,
20250509,004540,깨끗한나라,2430,-25,154547,,,,
20250509,004545,깨끗한나라우,13180,-270,1071,,,,
20250509,004560,현대비앤지스틸,12060,-190,26186,,,,
20250509,004690,삼천리,92800,500,5606,,,,
20250509,004700,조광피혁,52100,-200,6250,,,,
20250509,004710,한솔테크닉스,4891,252,379020,,,,
20250509,004720,팜젠사이언스,3990,-40,22916,,,,
20250509,004770,써니전자,1718,-7,442378,,,,
20250509,004800,효성,53000,1000,17110,,,,
20250509,004830,덕성,5990,-40,194208,,,,
20250509,004835,덕성우,7760,20,15986,,,,
20250509,004840,DRB동일,4235,-85,67331,,,,
20250509,004870,티웨이홀딩스,3253,-72,71936,,,,
20250509,004890,동일산업,43650,50,1007,,,,
20250509,004910,조광페인트,6490,100,66435,,,,
20250509,004920,씨아이테크,1400,-40,158858,,,,
20250509,004960,한신공영,7210,-20,14421,,,,
20250509,004970,신라교역,9170,-20,12970,,,,
20250509,004980,성신양회,9320,-350,378197,,,,
20250509,004985,성신양회우,13920,-550,76136,,,,
20250509,004990,롯데지주,23350,300,102249,,,,
20250509,00499K,롯데지주우,27100,100,407,,,,
20250509,005010,휴스틸,4830,10,497959,,,,
20250509,005030,부산주공,486,0,0,,,,
20250509,005070,코스모신소재,36750,-1300,173022,,,,
20250509,005090,SGC에너지,23300,-250,27605,,,,
20250509,005110,한창,1254,0,0,,,,
20250509,005180,빙그레,97100,300,47178,,,,
20250509,005250,녹십자홀딩스,13840,90,31071,,,,
20250509,005257,녹십자홀딩스2우,20650,-1200,283,,,,
20250509,005300,롯데칠성,103600,100,16659,,,,
20250509,005305,롯데칠성우,64000,400,1806,,,,
20250509,005320,온타이드,904,16,105560,,,,
20250509,005360,모나미,2040,-10,15050,,,,
20250509,005380,현대차,189900,2800,514047,,,,
20250509,005385,현대차우,150400,1800,62709,,,,
20250509,005387,현대차2우B,151300,1600,96418,,,,
20250509,005389,현대차3우B,149600,1200,10123,,,,
20250509,005420,코스모화학,14580,-550,100498,,,,
20250509,005430,한국공항,50500,1300,9343,,,,
20250509,005440,현대지에프홀딩스,5580,-40,158876,,,,
20250509,005490,POSCO홀딩스,258500,-3000,216958,,,,
20250509,005500,삼진제약,17770,30,13623,,,,
20250509,005610,삼립,61900,1200,17021,,,,
20250509,005680,삼영전자,10760,180,26165,,,,
20250509,005690,파미셀,10830,220,773022,,,,
20250509,005720,넥센,4865,-70,20798,,,,
20250509,005725,넥센우,3435,35,2008,,,,
20250509,005740,크라운해태홀딩스,6010,-80,29480,,,,
20250509,005745,크라운해태홀딩스우,8690,-200,10365,,,,
20250509,005750,대림바스,3970,10,7866,,,,
20250509,005800,신영와코루,10460,-10,12062,,,,
20250509,005810,풍산홀딩스,29200,600,55889,,,,
20250509,005820,원림,14080,0,978,,,,
20250509,005830,DB손해보험,90200,-600,187932,,,,
20250509,005850,에스엘,33200,650,181919,,,,
20250509,005870,휴니드,8800,-160,465079,,,,
20250509,005880,대한해운,1496,-23,1246387,,,,
20250509,005930,삼성전자,54800,200,7814322,,,,
20250509,005935,삼성전자우,45800,700,957477,,,,
20250509,005940,NH투자증권,15320,-10,479858,,,,
20250509,005945,NH투자증권우,14110,30,53472,,,,
20250509,005950,이수화학,5520,-100,35065,,,,
20250509,005960,동부건설,4000,-110,23882,,,,
20250509,005965,동부건설우,20000,210,57,,,,
20250509,006040,동원산업,42750,500,50230,,,,
20250509,006060,화승인더,4855,255,339251,,,,
20250509,006090,사조오양,8320,0,6126,,,,
20250509,006110,삼아알미늄,22800,-700,35479,,,,
20250509,006120,SK디스커버리,41600,200,25604,,,,
20250509,006125,SK디스커버리우,35550,-50,1910,,,,
20250509,006200,한국전자홀딩스,3390,-25,21531,,,,
20250509,006220,제주은행,10220,-210,236041,,,,
20250509,006260,LS,135400,4700,205213,,,,
20250509,006280,녹십자,119000,-100,17600,,,,
20250509,006340,대원전선,2845,5,6544330,,,,
20250509,006345,대원전선우,4000,40,91618,,,,
20250509,006360,GS건설,17890,60,270114,,,,
20250509,006370,대구백화점,7440,-10,19705,,,,
20250509,006380,카프로,3660,0,0,,,,
20250509,006400,삼성SDI,170400,-1800,227421,,,,
20250509,006405,삼성SDI우,106100,1900,2724,,,,
20250509,006490,프리티,8575,325,514818,,,,
20250509,006570,대림통상,2430,40,6061,,,,
20250509,006650,대한유화,83200,-5400,46771,,,,
20250509,006660,삼성공조,14990,70,131464,,,,
20250509,006740,블루산업개발,2234,4,13095,,,,
20250509,006800,미래에셋증권,11828,-289,1363390,,,,
20250509,006805,미래에셋증권우,5272,-59,58427,,,,
20250509,00680K,미래에셋증권2우B,4671,-5,947417,,,,
20250509,006840,AK홀딩스,10540,-90,8531,,,,
20250509,006880,신송홀딩스,7520,30,106011,,,,
20250509,006890,태경케미컬,11780,-70,17052,,,,
20250509,006980,우성,16570,150,2515,,,,
20250509,007070,GS리테일,14050,-710,407776,,,,
20250509,007110,일신석재,2275,0,1954957,,,,
20250509,007120,미래아이앤지,1044,21,101683,,,,
20250509,007160,사조산업,36900,650,9107,,,,
20250509,007210,벽산,2380,-50,667200,,,,
20250509,007280,한국특강,3564,22,8495,,,,
20250509,007310,오뚜기,402500,4000,3721,,,,
20250509,007340,DN오토모티브,20400,-100,123064,,,,
20250509,007460,에이프로젠,691,-9,1671298,,,,
20250509,007540,샘표,41750,-400,2013,,,,
20250509,007570,일양약품,14219,302,96286,,,,
20250509,007575,일양약품우,14589,105,279,,,,
20250509,007590,동방아그로,6120,30,5722,,,,
20250509,007610,선도전기,3000,0,0,,,,
20250509,007660,이수페타시스,39550,1350,1330605,,,,
20250509,007690,국도화학,33350,-850,6723,,,,
20250509,007700,F&F홀딩스,12570,60,13701,,,,
20250509,007810,코리아써키트,10360,-90,33989,,,,
20250509,007815,코리아써우,5690,-120,4651,,,,
20250509,00781K,코리아써키트2우B,5540,0,327,,,,
20250509,007860,서연,7430,50,59546,,,,
20250509,007980,TP,1289,-11,219385,,,,
20250509,008040,사조동아원,1059,-12,287331,,,,
20250509,008060,대덕,7830,-20,71954,,,,
20250509,00806K,대덕1우,7800,-10,528,,,,
20250509,008250,이건산업,5520,-130,14986,,,,
20250509,008260,NI스틸,3475,-30,22487,,,,
20250509,008350,남선알미늄,1358,-22,1227158,,,,
20250509,008355,남선알미우,14410,-420,1609,,,,
20250509,008420,문배철강,2330,-25,36930,,,,
20250509,008490,서흥,14240,20,29532,,,,
20250509,008600,윌비스,7280,144,143893,,,,
20250509,008700,아남전자,1474,-34,1258707,,,,
20250509,008730,율촌화학,26700,-600,39618,,,,
20250509,008770,호텔신라,43450,-600,119641,,,,
20250509,008775,호텔신라우,33200,-600,4960,,,,
20250509,008870,금비,54400,300,1150,,,,
20250509,008930,한미사이언스,29550,1050,184969,,,,
20250509,008970,KBI동양철관,2638,113,30780924,,,,
20250509,009070,KCTC,3870,0,57496,,,,
20250509,009140,경인전자,19410,-250,3890,,,,
20250509,009150,삼성전기,117200,-600,140994,,,,
20250509,009155,삼성전기우,55000,0,2909,,,,
20250509,009160,SIMPAC,4020,-10,43303,,,,
20250509,009180,한솔로지스틱스,2170,5,68234,,,,
20250509,009190,대양금속,1757,54,451990,,,,
20250509,009200,무림페이퍼,2130,-40,402907,,,,
20250509,009240,한샘,41600,-150,26550,,,,
20250509,009270,신원,1728,-15,862300,,,,
20250509,009290,광동제약,5520,0,27173,,,,
20250509,009310,참엔지니어링,1327,-88,631798,,,,
20250509,009320,아진전자부품,1012,-2,18383,,,,
20250509,009410,태영건설,2640,-145,862140,,,,
20250509,009415,태영건설우,8000,-3120,271669,,,,
20250509,009420,한올바이오파마,26450,-750,141991,,,,
20250509,009440,KC그린홀딩스,756,0,0,,,,
20250509,009450,경동나비엔,76700,-600,69558,,,,
20250509,009460,한창제지,3740,-95,30511,,,,
20250509,009470,삼화전기,28500,-650,37646,,,,
20250509,009540,HD한국조선해양,283500,-3500,139491,,,,
20250509,009580,무림P&P,2875,-55,86447,,,,
20250509,009680,모토닉,9600,-110,33349,,,,
20250509,009770,삼정펄프,26200,-200,3109,,,,
20250509,009810,MDS스피어,3125,10,24744,,,,
20250509,009830,한화솔루션,30796,424,2756084,,,,
20250509,009835,한화솔루션우,23889,0,41482,,,,
20250509,009900,명신산업,7980,-60,96099,,,,
20250509,009970,영원무역홀딩스,98600,1200,7466,,,,
20250509,010040,한국내화,2340,5,7407,,,,
20250509,010060,OCI홀딩스,67000,-100,102445,,,,
20250509,010100,한국무브넥스,4015,-35,88480,,,,
20250509,010120,LS ELECTRIC,43900,0,686925,,,,
20250509,010130,고려아연,848000,57000,52765,,,,
20250509,010140,삼성중공업,14840,110,4173954,,,,
20250509,010400,우진아이엔에스,2685,15,5266,,,,
20250509,010580,에스엠벡셀,1207,1,15052,,,,
20250509,010640,진양폴리,3491,-13,74671,,,,
20250509,010660,화천기계,4600,155,665332,,,,
20250509,010690,화신,7860,40,136795,,,,
20250509,010770,평화홀딩스,8900,1290,16420403,,,,
20250509,010780,아이에스동서,19140,180,43052,,,,
20250509,010820,퍼스텍,3990,40,847081,,,,
20250509,010950,S-Oil,52100,0,79913,,,,
20250509,010955,S-Oil우,35500,0,5841,,,,
20250509,010960,삼호개발,3550,115,1422415,,,,
20250509,011000,진원생명과학,10375,-225,84457,,,,
20250509,011070,LG이노텍,138500,100,61959,,,,
20250509,011090,에넥스,4005,-105,106262,,,,
20250509,011150,CJ씨푸드,3300,45,391711,,,,
20250509,011155,CJ씨푸드1우,17540,-60,1026,,,,
20250509,011170,롯데케미칼,61800,-3600,128493,,,,
20250509,011200,HMM,18160,50,1053125,,,,
20250509,011210,현대위아,43200,250,60416,,,,
20250509,011230,삼화전자,4710,215,153930,,,,
20250509,011280,태림포장,2085,-5,25624,,,,
20250509,011300,우성머티리얼스,4740,130,29408,,,,
20250509,011330,유니켐,16470,-150,7231,,,,
20250509,011390,부산산업,99900,800,25128,,,,
20250509,011420,갤럭시아에스엠,2295,-70,1275524,,,,
20250509,011500,한농화성,14550,-650,78310,,,,
20250509,011690,와이투솔루션,2890,-195,1354384,,,,
20250509,011700,한신기계,2840,-45,93919,,,,
20250509,011760,현대코퍼레이션,23000,-150,18064,,,,
20250509,011780,금호석유화학,113800,-12700,764620,,,,
20250509,011785,금호석유화학우,54800,-1500,39094,,,,
20250509,011790,SKC,90609,-4606,283114,,,,
20250509,011810,STX,3405,-65,44860,,,,
20250509,011930,신성이엔지,14330,-20,165092,,,,
20250509,012030,DB,1255,-8,87851,,,,
20250509,012160,영흥,2610,-370,1193222,,,,
20250509,012170,아센디오,4540,175,85559,,,,
20250509,012200,계양전기,1392,-16,25027,,,,
20250509,012205,계양전기우,3616,-9,654,,,,
20250509,012280,영화금속,847,7,55763,,,,
20250509,012320,경동인베스트,56500,-1200,5221,,,,
20250509,012330,현대모비스,255500,-3500,100524,,,,
20250509,012450,한화에어로스페이스,864571,-4924,374107,,,,
20250509,012610,경인양행,3225,-45,24007,,,,
20250509,012630,HDC,19100,-170,143016,,,,
20250509,012690,모나리자,2840,-45,131371,,,,
20250509,012750,에스원,64000,-1500,21488,,,,
20250509,012800,대창,1294,-6,448066,,,,
20250509,013000,세우글로벌,1205,6,68672,,,,
20250509,013360,일성건설,3175,-145,881930,,,,
20250509,013520,화승코퍼레이션,1872,-28,22823,,,,
20250509,013570,디와이,3980,-10,31750,,,,
20250509,013580,계룡건설,25950,-850,1147440,,,,
20250509,013700,까뮤이앤씨,1150,-3,119615,,,,
20250509,013870,지엠비코리아,4075,5,14835,,,,
20250509,013890,지누스,18140,-630,237770,,,,
20250509,014130,한익스프레스,3435,35,9980,,,,
20250509,014160,대영포장,1452,36,63123165,,,,
20250509,014280,금강공업,4860,135,227479,,,,
20250509,014285,금강공업우,7150,140,105,,,,
20250509,014440,영보화학,4855,-75,142288,,,,
20250509,014530,극동유화,3360,0,60390,,,,
20250509,014580,태경비케이,4725,-5,56791,,,,
20250509,014680,한솔케미칼,112100,-2300,31008,,,,
20250509,014710,사조씨푸드,5390,-50,259355,,,,
20250509,014790,HL D&I,2420,-5,34752,,,,
20250509,014820,동원시스템즈,31800,-1350,23619,,,,
20250509,014825,동원시스템즈우,17950,30,58,,,,
20250509,014830,유니드,88200,-1600,26571,,,,
20250509,014910,성문전자,1127,-11,29639,,,,
20250509,014915,성문전자우,4660,-170,3737,,,,
20250509,014990,인디에프,4905,10,21731,,,,
20250509,015020,이스타코,3190,-6,360236,,,,
20250509,015230,대창단조,5030,-20,14555,,,,
20250509,015260,에이엔피,470,3,11886,,,,
20250509,015360,INVENI,10120,20,40210,,,,
20250509,015590,DKME,2575,0,0,,,,
20250509,015760,한국전력,26950,550,2410304,,,,
20250509,015860,일진홀딩스,3810,5,37624,,,,
20250509,015890,태경산업,4935,0,21128,,,,
20250509,016090,대현,1933,2,44367,,,,
20250509,016360,삼성증권,53000,500,173515,,,,
20250509,016380,KG스틸,5830,40,134768,,,,
20250509,016450,한세예스24홀딩스,3745,10,10903,,,,
20250509,016580,환인제약,11540,-140,13931,,,,
20250509,016590,신대양제지,7460,90,22741,,,,
20250509,016610,DB증권,6300,-40,32329,,,,
20250509,016710,대성홀딩스,7450,10,10317,,,,
20250509,016740,두올,3100,-40,10132,,,,
20250509,016800,퍼시스,44550,-250,421,,,,
20250509,016880,웅진,1715,-90,4358420,,,,
20250509,017040,광명전기,1601,116,3515176,,,,
20250509,017180,명문제약,1620,-9,41419,,,,
20250509,017370,우신시스템,6340,-30,59345,,,,
20250509,017390,서울가스,51600,100,6074,,,,
20250509,017550,수산세보틱스,1829,-13,81040,,,,
20250509,017670,SK텔레콤,52400,-700,956445,,,,
20250509,017800,현대엘리베이터,76700,1200,166346,,,,
20250509,017810,풀무원,15520,390,127142,,,,
20250509,017860,DS단석,24560,-495,72936,,,,
20250509,017900,광전자,1860,-6,17191,,,,
20250509,017940,E1,61900,100,10450,,,,
20250509,017960,한국카본,21050,400,692021,,,,
20250509,018250,애경산업,14060,120,92884,,,,
20250509,018260,삼성에스디에스,129000,500,72175,,,,
20250509,018470,조일알미늄,1624,-28,1998458,,,,
20250509,018500,동원모빌리티,1458,-15,411492,,,,
20250509,018670,SK가스,232500,-1500,9125,,,,
20250509,018880,한온시스템,3100,-55,480634,,,,
20250509,019170,신풍제약,7470,-40,41266,,,,
20250509,019175,신풍제약우,12150,-10,220,,,,
20250509,019180,티에이치엔,2910,5,65746,,,,
20250509,019490,엑시큐어하이트론,727,-21,855923,,,,
20250509,019680,대교,2305,-35,32015,,,,
20250509,019685,대교우B,1328,-2,12334,,,,
20250509,020000,한섬,15200,10,106746,,,,
20250509,020120,키다리스튜디오,3475,-105,363270,,,,
20250509,020150,롯데에너지머티리얼즈,22000,-650,71322,,,,
20250509,020560,아시아나항공,9590,-190,51193,,,,
20250509,020760,일진디스플,735,-7,22653,,,,
20250509,021050,서원,1215,-14,100924,,,,
20250509,021240,코웨이,89300,4400,159994,,,,
20250509,021820,세원정공,8520,170,17482,,,,
20250509,022100,포스코DX,23850,-1600,890014,,,,
20250509,023000,삼원강재,2375,-5,9384,,,,
20250509,023150,MH에탄올,5020,-30,5393,,,,
20250509,023350,한국종합기술,5910,-130,55886,,,,
20250509,023450,동남합성,34650,700,3662,,,,
20250509,023530,롯데쇼핑,72100,5600,288609,,,,
20250509,023590,다우기술,22650,-50,138680,,,,
20250509,023800,인지컨트롤스,5880,40,14472,,,,
20250509,023810,인팩,5880,100,17069,,,,
20250509,023960,에쓰씨엔지니어링,1285,-46,132615,,,,
20250509,024070,WISCOM,1925,-20,2805,,,,
20250509,024090,디씨엠,12680,-60,17375,,,,
20250509,024110,기업은행,15150,20,740011,,,,
20250509,024720,콜마홀딩스,10080,-220,1224980,,,,
20250509,024890,대원화성,4490,25,10729,,,,
20250509,024900,디와이덕양,2755,-30,37696,,,,
20250509,025000,KPX케미칼,42589,-94,7478,,,,
20250509,025530,SJM홀딩스,3350,25,10879,,,,
20250509,025540,한국단자,63400,-200,17620,,,,
20250509,025560,미래산업,2387,21,319080,,,,
20250509,025620,차AI헬스케어,7990,0,67281,,,,
20250509,025750,한솔홈데코,3620,-75,526485,,,,
20250509,025820,이구산업,4215,-25,108136,,,,
20250509,025860,남해화학,6800,-50,65535,,,,
20250509,025890,한국주강,1830,7,10795,,,,
20250509,026890,스틱인베스트먼트,9370,-50,49173,,,,
20250509,026940,부국철강,2505,-65,102129,,,,
20250509,026960,동서,26200,600,70034,,,,
20250509,027410,BGF,3610,-40,87649,,,,
20250509,027740,마니커,1714,-2,38410,,,,
20250509,027970,한국제지,4060,-40,15491,,,,
20250509,028050,삼성E&A,19820,-180,531006,,,,
20250509,028100,동아지질,14660,0,14111,,,,
20250509,028260,삼성물산,123000,1200,161453,,,,
20250509,02826K,삼성물산우B,91500,-100,4057,,,,
20250509,028670,팬오션,3375,10,752458,,,,
20250509,029460,케이씨,18100,-240,6830,,,,
20250509,029530,신도리코,42150,-150,5426,,,,
20250509,029780,삼성카드,42000,500,61759,,,,
20250509,030000,제일기획,18360,70,128012,,,,
20250509,030190,NICE평가정보,13270,400,89506,,,,
20250509,030200,KT,51500,700,653147,,,,
20250509,030210,다올투자증권,3435,55,81476,,,,
20250509,030610,교보증권,6460,-110,67815,,,,
20250509,030720,동원수산,5480,-120,6344,,,,
20250509,031210,서울보증보험,35750,-500,141695,,,,
20250509,031430,신세계인터내셔날,9930,30,101742,,,,
20250509,031820,아이티센씨티에스,6270,-40,13388,,,,
20250509,032350,롯데관광개발,10800,-120,314149,,,,
20250509,032560,황금에스티,5250,10,27543,,,,
20250509,032640,LG유플러스,12870,380,1825854,,,,
20250509,032830,삼성생명,84600,-200,66213,,,,
20250509,033240,자화전자,11800,-110,31172,,,,
20250509,033250,체시스,5395,25,98087,,,,
20250509,033270,유나이티드제약,19230,-120,27507,,,,
20250509,033530,SJG세종,4295,-45,28907,,,,
20250509,033780,KT&G,118200,700,356899,,,,
20250509,033920,무학,7220,20,56119,,,,
20250509,034020,두산에너빌리티,27850,100,4958723,,,,
20250509,034120,SBS,20450,-150,51950,,,,
20250509,034220,LG디스플레이,8450,30,556240,,,,
20250509,034230,파라다이스,12480,80,186974,,,,
20250509,034310,NICE,11080,110,33285,,,,
20250509,034590,인천도시가스,24850,0,1419,,,,
20250509,034730,SK,137400,4400,178390,,,,
20250509,03473K,SK우,121000,2600,4413,,,,
20250509,034830,한국토지신탁,1057,-11,219388,,,,
20250509,035000,HS애드,7280,0,19482,,,,
20250509,035150,백산,14030,-20,17183,,,,
20250509,035250,강원랜드,16510,-40,275993,,,,
20250509,035420,NAVER,191000,2300,558440,,,,
20250509,035510,신세계 I&C,11870,110,102847,,,,
20250509,035720,카카오,36950,-50,1076784,,,,
20250509,036420,콘텐트리중앙,9640,-120,228112,,,,
20250509,036460,한국가스공사,37800,100,146089,,,,
20250509,036530,SNT홀딩스,34350,-150,36860,,,,
20250509,036570,NC,148100,1000,81215,,,,
20250509,036580,팜스코,2105,10,9874,,,,
20250509,037270,YG PLUS,6100,650,4356393,,,,
20250509,037560,LG헬로비전,2605,-130,1302239,,,,
20250509,037710,광주신세계,28000,0,9732,,,,
20250509,039130,하나투어,49850,-1850,100314,,,,
20250509,039490,키움증권,142500,-900,67226,,,,
20250509,039570,HDC랩스,8990,-40,5119,,,,
20250509,041650,상신브레이크,2985,-5,12572,,,,
20250509,042660,한화오션,79800,-500,1382044,,,,
20250509,042700,한미반도체,77400,-1100,442898,,,,
20250509,044380,주연테크,1705,-45,24034,,,,
20250509,044450,KSS해운,9050,0,14479,,,,
20250509,044820,코스맥스비티아이,11750,100,32007,,,,
20250509,047040,대우건설,3475,-25,901995,,,,
20250509,047050,포스코인터내셔널,48350,-900,263605,,,,
20250509,047400,유니온머티리얼,1924,-8,192487,,,,
20250509,047810,한국항공우주,93100,4800,2491222,,,,
20250509,049800,우진플라임,2210,-25,14849,,,,
20250509,051600,한전KPS,42400,-250,109313,,,,
20250509,051630,진양화학,2115,-40,124970,,,,
20250509,051900,LG생활건강,326500,-3000,23095,,,,
20250509,051905,LG생활건강우,128100,-2500,3904,,,,
20250509,051910,LG화학,205500,-3500,253846,,,,
20250509,051915,LG화학우,103200,-1100,53300,,,,
20250509,052690,한전기술,61300,-1300,137570,,,,
20250509,053210,스카이라이프,4500,-30,18088,,,,
20250509,053690,한미글로벌,15870,-100,22968,,,,
20250509,055490,테이팩스,14000,-190,12744,,,,
20250509,055550,신한지주,50700,-200,808671,,,,
20250509,058430,포스코스틸리온,3795,-15,152510,,,,
20250509,058650,세아홀딩스,92400,-1800,152,,,,
20250509,058730,다스코,3125,-15,54652,,,,
20250509,058850,KTcs,2825,-60,285519,,,,
20250509,058860,KTis,2730,-90,829191,,,,
20250509,060980,HL홀딩스,37600,300,21098,,,,
20250509,062040,산일전기,57900,-1000,206906,,,,
20250509,063160,종근당바이오,22050,-300,5990,,,,
20250509,064350,현대로템,125400,9100,2292983,,,,
20250509,064400,LG씨엔에스,54800,700,277569,,,,
20250509,064960,SNT모티브,28100,450,75686,,,,
20250509,066570,LG전자,71100,300,261129,,,,
20250509,066575,LG전자우,34750,-100,16287,,,,
20250509,066970,엘앤에프,61800,-3400,271367,,,,
20250509,067830,세이브존I&C,2315,0,23952,,,,
20250509,068270,셀트리온,145059,-1286,480707,,,,
20250509,068290,삼성출판사,16520,-130,11282,,,,
20250509,069260,TKG휴켐스,16090,-160,25781,,,,
20250509,069460,대호에이엘,9410,-40,159855,,,,
20250509,069620,대웅제약,140700,-2000,21083,,,,
20250509,069640,한세엠케이,2138,18,7202,,,,
20250509,069730,DSR제강,3435,-85,18313,,,,
20250509,069960,현대백화점,61300,-800,54219,,,,
20250509,070960,모나용평,4250,-30,203725,,,,
20250509,071050,한국금융지주,84200,700,163765,,,,
20250509,071055,한국금융지주우,64300,300,20112,,,,
20250509,071090,하이스틸,4100,125,1372068,,,,
20250509,071320,지역난방공사,54000,100,14584,,,,
20250509,071840,롯데하이마트,7490,-30,16262,,,,
20250509,071950,코아스,9550,-80,11405,,,,
20250509,071970,HD현대마린엔진,40850,2200,772623,,,,
20250509,072130,유엔젤,5500,20,236308,,,,
20250509,072710,농심홀딩스,68500,900,5630,,,,
20250509,073240,금호타이어,4730,-70,374755,,,,
20250509,074610,이엔플러스,5110,0,0,,,,
20250509,075180,새론오토모티브,3350,25,2986,,,,
20250509,075580,세진중공업,9310,-10,461249,,,,
20250509,077500,유니퀘스트,6020,30,92742,,,,
20250509,077970,STX엔진,26300,1800,854880,,,,
20250509,078000,텔코웨어,9360,-110,78706,,,,
20250509,078520,에이블씨엔씨,7210,30,80242,,,,
20250509,078930,GS,38750,200,111003,,,,
20250509,078935,GS우,37600,150,6298,,,,
20250509,079160,CJ CGV,4920,-130,182445,,,,
20250509,079430,현대리바트,7750,160,45078,,,,
20250509,079550,LIG디펜스앤에어로스페이스,402000,29500,414952,,,,
20250509,079900,전진건설로봇,48000,-800,92792,,,,
20250509,079980,휴비스,2815,5,37324,,,,
20250509,081000,일진다이아,12300,-70,6613,,,,
20250509,081660,미스토홀딩스,37450,650,123976,,,,
20250509,082640,동양생명,5390,0,381967,,,,
20250509,082740,한화엔진,31350,3000,5452879,,,,
20250509,083420,그린케미칼,8480,-480,685346,,,,
20250509,084010,대한제강,10562,26,29971,,,,
20250509,084670,동양고속,7460,-10,9284,,,,
20250509,084680,이월드,1444,17,195395,,,,
20250509,084690,대상홀딩스,9380,80,404959,,,,
20250509,084695,대상홀딩스우,14400,370,27824,,,,
20250509,084870,TBH글로벌,1225,17,29741,,,,
20250509,085310,엔케이,8720,-270,13508,,,,
20250509,085620,미래에셋생명,5320,10,201116,,,,
20250509,086280,현대글로비스,106700,600,272241,,,,
20250509,086790,하나금융지주,63800,-900,862740,,,,
20250509,088260,이리츠코크렙,4700,40,16663,,,,
20250509,088350,한화생명,2645,5,501605,,,,
20250509,088790,진도,1973,27,58559,,,,
20250509,088980,맥쿼리인프라,11530,-10,534605,,,,
20250509,089470,HDC현대EP,3650,-5,11449,,,,
20250509,089590,제주항공,6880,-90,86656,,,,
20250509,089860,롯데렌탈,30700,-300,57537,,,,
20250509,090080,평화산업,1604,128,74334264,,,,
20250509,090350,노루페인트,7980,-130,91822,,,,
20250509,090355,노루페인트우,12890,-130,795,,,,
20250509,090370,메타랩스,1417,4,23873,,,,
20250509,090430,아모레퍼시픽,125500,300,215285,,,,
20250509,090435,아모레퍼시픽우,39350,50,51507,,,,
20250509,090460,비에이치,12770,300,199360,,,,
20250509,091810,트리니티항공,2062,-29,277461,,,,
20250509,092200,디아이씨,4465,-70,233012,,,,
20250509,092220,KEC,3590,-60,87179,,,,
20250509,092230,KPX홀딩스,61100,0,3104,,,,
20250509,092440,기신정기,2445,-5,9996,,,,
20250509,092780,DYP,4570,50,6596,,,,
20250509,092790,넥스틸,12690,360,598557,,,,
20250509,093050,LF,14870,100,26533,,,,
20250509,093240,형지엘리트,2151,-113,2086055,,,,
20250509,093370,후성,4260,-110,225237,,,,
20250509,094280,효성ITX,12390,180,14337,,,,
20250509,094800,맵스리얼티,4250,-70,56934,,,,
20250509,095570,AJ네트웍스,3800,-15,170726,,,,
20250509,095720,웅진씽크빅,3192,-72,243969,,,,
20250509,096760,JW홀딩스,3060,0,48139,,,,
20250509,096770,SK이노베이션,90800,-2700,347760,,,,
20250509,096775,SK이노베이션우,64700,-1000,2987,,,,
20250509,097230,HJ중공업,7570,-110,509285,,,,
20250509,097520,엠씨넥스,26000,350,50875,,,,
20250509,097950,CJ제일제당,249000,3500,34601,,,,
20250509,097955,CJ제일제당 우,142300,700,6150,,,,
20250509,100090,SK오션플랜트,15180,-180,134606,,,,
20250509,100220,비상교육,5240,-130,75968,,,,
20250509,100250,진양홀딩스,2939,-5,52654,,,,
20250509,100840,SNT에너지,37800,-950,84949,,,,
20250509,101140,인바이오젠,14100,1350,728399,,,,
20250509,101530,해태제과식품,6900,-30,52594,,,,
20250509,102260,동성케미컬,4092,-5,123152,,,,
20250509,102460,이연제약,10940,0,4779,,,,
20250509,103140,풍산,64400,3700,543012,,,,
20250509,103590,일진전기,28750,-50,555176,,,,
20250509,104700,한국철강,8200,-100,15316,,,,
20250509,105560,KB금융,92000,-2500,1083392,,,,
20250509,105630,한세실업,11120,-80,38197,,,,
20250509,105840,우진,7410,-80,66770,,,,
20250509,107590,미원홀딩스,75600,-100,135,,,,
20250509,108320,LX세미콘,56900,800,21908,,,,
20250509,108670,LX하우시스,29100,150,7688,,,,
20250509,108675,LX하우시스우,18050,-80,1242,,,,
20250509,109070,주성코퍼레이션,998,-6,576796,,,,
20250509,111110,호전실업,8100,-40,15752,,,,
20250509,111380,동인기연,16600,-140,5223,,,,
20250509,111770,영원무역,46650,900,68427,,,,
20250509,112610,씨에스윈드,42750,-100,823200,,,,
20250509,114090,GKL,12280,170,80702,,,,
20250509,117580,대성에너지,7630,-30,19415,,,,
20250509,118000,메타케어,3060,-30,20714,,,,
20250509,119650,KC코트렐,918,0,0,,,,
20250509,120030,조선선재,98700,-100,1867,,,,
20250509,120110,코오롱인더,30150,-1500,158879,,,,
20250509,120115,코오롱인더우,19990,-310,16393,,,,
20250509,122900,아이마켓코리아,8010,-20,25690,,,,
20250509,123690,한국화장품,7190,-10,94637,,,,
20250509,123700,SJM,3160,15,31884,,,,
20250509,123890,한국자산신탁,2385,15,186609,,,,
20250509,126560,현대퓨처넷,3165,-5,136670,,,,
20250509,126720,수산인더스트리,19620,-290,11244,,,,
20250509,128820,대성산업,3515,0,0,,,,
20250509,128940,한미약품,271500,11500,146126,,,,
20250509,129260,인터지스,2620,5,88802,,,,
20250509,130660,한전산업,10890,-40,255231,,,,
20250509,133820,화인베스틸,840,-12,57225,,,,
20250509,134380,미원화학,7890,-60,300,,,,
20250509,134790,시디즈,28600,600,22729,,,,
20250509,136490,선진,5890,20,52721,,,,
20250509,137310,에스디바이오센서,9330,-80,73298,,,,
20250509,138040,메리츠금융지주,118200,-3200,239568,,,,
20250509,138930,BNK금융지주,10370,20,862772,,,,
20250509,139130,iM금융지주,10390,0,239893,,,,
20250509,139480,이마트,93500,3000,181865,,,,
20250509,139990,아주스틸,3830,0,10198,,,,
20250509,143210,핸즈코퍼레이션,1613,50,7428,,,,
20250509,145210,다이나믹디자인,10610,380,17238,,,,
20250509,145270,케이탑리츠,949,-2,40633,,,,
20250509,145720,덴티움,64800,-12300,377724,,,,
20250509,145990,삼양사,48800,800,10299,,,,
20250509,145995,삼양사우,31000,100,252,,,,
20250509,155660,DSR,3755,-65,9221,,,,
20250509,161000,애경케미칼,10220,-350,805696,,,,
20250509,161390,한국타이어앤테크놀로지,39050,-1900,411091,,,,
20250509,161890,한국콜마,83600,4000,1181581,,,,
20250509,163560,동일고무벨트,6950,-30,31021,,,,
20250509,170900,동아에스티,44825,-143,14929,,,,
20250509,175330,JB금융지주,17300,250,487892,,,,
20250509,178920,PI첨단소재,16410,-210,112766,,,,
20250509,180640,한진칼,84500,-1200,29878,,,,
20250509,18064K,한진칼우,22400,-100,341,,,,
20250509,181710,NHN,22450,100,75125,,,,
20250509,183190,아세아시멘트,11100,-30,42459,,,,
20250509,185750,종근당,78700,-600,13516,,,,
20250509,192080,더블유게임즈,57100,2100,100441,,,,
20250509,192400,쿠쿠홀딩스,24150,450,11789,,,,
20250509,192650,드림텍,6090,-70,151114,,,,
20250509,192820,코스맥스,195500,-600,136798,,,,
20250509,194370,제이에스코퍼레이션,8060,50,60795,,,,
20250509,195870,해성디에스,18990,-710,221029,,,,
20250509,200880,서연이화,11760,0,62466,,,,
20250509,204320,HL만도,36350,0,179404,,,,
20250509,207940,삼성바이오로직스,1530614,5887,25516,,,,
20250509,210540,디와이파워,11640,0,7446,,,,
20250509,210980,SK디앤디,9000,-30,57564,,,,
20250509,213500,한솔제지,8380,10,27285,,,,
20250509,214320,이노션,18240,190,32847,,,,
20250509,214330,금호에이치티,17517,-55,19221,,,,
20250509,214390,경보제약,5390,-100,16573,,,,
20250509,214420,토니모리,9300,-350,527820,,,,
20250509,226320,잇츠한불,12300,-140,45312,,,,
20250509,227840,현대코퍼레이션홀딩스,10940,-50,4833,,,,
20250509,229640,LS에코에너지,33150,50,89499,,,,
20250509,234080,JW생명과학,11950,370,95031,,,,
20250509,241560,두산밥캣,47350,-500,187029,,,,
20250509,241590,화승엔터프라이즈,7770,-40,100832,,,,
20250509,244920,에이플러스에셋,4750,25,58129,,,,
20250509,248070,솔루엠,16290,210,75163,,,,
20250509,248170,샘표식품,27000,50,6424,,,,
20250509,249420,일동제약,11560,-60,33771,,,,
20250509,251270,넷마블,51500,6550,900069,,,,
20250509,259960,크래프톤,375000,-4000,76143,,,,
20250509,264900,크라운제과,8480,-70,13440,,,,
20250509,26490K,크라운제과우,9960,-160,5402,,,,
20250509,267250,HD현대,79400,100,131277,,,,
20250509,267260,HD현대일렉트릭,334500,-8500,219745,,,,
20250509,267270,HD건설기계,69600,-100,65315,,,,
20250509,267290,경동도시가스,17650,-40,2686,,,,
20250509,267850,아시아나IDT,11650,-50,8078,,,,
20250509,268280,미원에스씨,155500,-2400,514,,,,
20250509,271560,오리온,126900,3600,213142,,,,
20250509,271940,일진하이솔루스,13120,-240,36331,,,,
20250509,271980,제일약품,12140,-40,25722,,,,
20250509,272210,한화시스템,46850,1600,3058209,,,,
20250509,272450,진에어,9190,-210,77526,,,,
20250509,272550,삼양패키징,13560,-70,18836,,,,
20250509,278470,에이피알,102700,4300,2792403,,,,
20250509,280360,롯데웰푸드,114800,-300,16383,,,,
20250509,281820,케이씨텍,26150,-600,137572,,,,
20250509,282330,BGF리테일,101500,-11100,251545,,,,
20250509,284740,쿠쿠홈시스,22400,-100,12800,,,,
20250509,285130,SK케미칼,48850,5950,437034,,,,
20250509,28513K,SK케미칼우,21700,1200,73633,,,,
20250509,286940,롯데이노베이트,19090,150,15708,,,,
20250509,293480,하나제약,11470,-80,11707,,,,
20250509,293940,신한알파리츠,5740,-60,125346,,,,
20250509,294870,IPARK현대산업개발,24800,-700,159802,,,,
20250509,298000,효성화학,77800,0,0,,,,
20250509,298020,효성티앤씨,237000,-2000,13337,,,,
20250509,298040,효성중공업,518000,-19000,63171,,,,
20250509,298050,HS효성첨단소재,191300,3100,21539,,,,
20250509,298690,에어부산,2100,-50,275881,,,,
20250509,300720,한일시멘트,17500,-370,100478,,,,
20250509,302440,SK바이오사이언스,40300,100,87651,,,,
20250509,306200,세아제강,173100,-1100,7978,,,,
20250509,307950,현대오토에버,130300,1300,45359,,,,
20250509,308170,씨티알모빌리티,5920,20,1235,,,,
20250509,316140,우리금융지주,17690,70,1035953,,,,
20250509,317400,자이에스앤디,3335,-25,12877,,,,
20250509,322000,HD현대에너지솔루션,31950,1800,273776,,,,
20250509,323410,카카오뱅크,22700,-400,266356,,,,
20250509,326030,SK바이오팜,90400,-7500,745797,,,,
20250509,329180,HD현대중공업,413000,-8500,157135,,,,
20250509,330590,롯데리츠,3600,-20,170166,,,,
20250509,334890,이지스밸류플러스리츠,4627,10,90392,,,,
20250509,336260,두산퓨얼셀,16010,-240,216901,,,,
20250509,33626K,두산퓨얼셀1우,4605,-35,10565,,,,
20250509,33626L,두산퓨얼셀2우B,7900,-20,1230,,,,
20250509,336370,솔루스첨단소재,8070,-350,147233,,,,
20250509,33637K,솔루스첨단소재1우,1780,-34,27393,,,,
20250509,33637L,솔루스첨단소재2우B,4110,-180,63866,,,,
20250509,338100,NH프라임리츠,4640,30,81706,,,,
20250509,339770,교촌에프앤비,5200,-160,85360,,,,
20250509,344820,KCC글라스,31750,-350,33732,,,,
20250509,348950,제이알글로벌리츠,2755,0,453510,,,,
20250509,350520,이지스레지던스리츠,4295,30,48537,,,,
20250509,352820,하이브,270000,5000,220742,,,,
20250509,353200,대덕전자,14280,60,175727,,,,
20250509,35320K,대덕전자1우,7690,-70,416,,,,
20250509,357120,코람코라이프인프라리츠,4560,5,136117,,,,
20250509,357250,미래에셋맵스리츠,2785,0,29311,,,,
20250509,357430,마스턴프리미어리츠,1479,-9,59111,,,,
20250509,361610,SK아이이테크놀로지,22400,-700,126908,,,,
20250509,363280,티와이홀딩스,2300,-55,209781,,,,
20250509,36328K,티와이홀딩스우,4030,-280,142300,,,,
20250509,365550,ESR켄달스퀘어리츠,4818,-5,107989,,,,
20250509,372910,한컴라이프케어,3105,0,82003,,,,
20250509,373220,LG에너지솔루션,318000,-9500,252119,,,,
20250509,375500,DL이앤씨,43050,-1050,78713,,,,
20250509,37550K,DL이앤씨우,18020,-70,2622,,,,
20250509,37550L,DL이앤씨2우(전환),29200,-200,3364,,,,
20250509,377190,디앤디플랫폼리츠,3220,5,31521,,,,
20250509,377300,카카오페이,29400,-300,222396,,,,
20250509,377740,바이오노트,4485,-60,117495,,,,
20250509,378850,화승알앤에이,3195,-5,31799,,,,
20250509,381970,케이카,13890,10,75604,,,,
20250509,383220,F&F,68400,-100,43852,,,,
20250509,383800,LX홀딩스,6670,20,39742,,,,
20250509,38380K,LX홀딩스1우,8170,120,1013,,,,
20250509,395400,SK리츠,4915,-50,151558,,,,
20250509,396690,미래에셋글로벌리츠,2770,-5,53555,,,,
20250509,400760,NH올원리츠,3591,15,69141,,,,
20250509,402340,SK스퀘어,93700,700,276703,,,,
20250509,403550,쏘카,14220,-160,3582,,,,
20250509,404990,신한서부티엔디리츠,3500,-10,46060,,,,
20250509,415640,KB발해인프라,7770,20,15669,,,,
20250509,417310,코람코더원리츠,5160,60,77435,,,,
20250509,432320,KB스타리츠,3985,-10,38206,,,,
20250509,443060,HD현대마린솔루션,169800,-3200,429985,,,,
20250509,446070,유니드비티플러스,4055,-45,65027,,,,
20250509,448730,삼성FN리츠,4565,0,65278,,,,
20250509,450080,에코프로머티,52000,-3000,413330,,,,
20250509,451800,한화리츠,3805,-5,80099,,,,
20250509,452260,한화갤러리아,1230,10,555805,,,,
20250509,45226K,한화갤러리아우,2300,-5,2120,,,,
20250509,453340,현대그린푸드,15510,-30,36221,,,,
20250509,454910,두산로보틱스,48250,-2850,349880,,,,
20250509,456040,OCI,57300,-400,16292,,,,
20250509,457190,이수스페셜티케미컬,41600,-900,189405,,,,
20250509,460850,동국씨엠,6190,-20,32630,,,,
20250509,460860,동국제강,8980,-180,270395,,,,
20250509,462520,조선내화,13480,-150,2827,,,,
20250509,462870,시프트업,55300,-700,77563,,,,
20250509,465770,STX그린로지스,8530,40,76673,,,,
20250509,475150,SK이터닉스,17000,250,424015,,,,
20250509,475560,더본코리아,26150,-600,88188,,,,
20250509,480370,씨케이솔루션,4069,-277,825673,,,,
20250509,481850,신한글로벌액티브리츠,1611,-23,59875,,,,
20250509,484870,엠앤씨솔루션,37533,667,134676,,,,
20250509,487570,HS효성,40700,500,4474,,,,
20250509,489790,한화비전,62700,-300,517909,,,,
20250509,499790,GS피앤엘,21400,900,304624,,,,
20250509,900140,엘브이엠씨홀딩스,1797,-2,389165,,,,
20250509,950210,프레스티지바이오파마,13480,-360,83286,,,,
20250512,000020,동화약품,6280,60,18808,,,,
20250512,000040,KR모터스,2235,0,40472,,,,
20250512,000050,경방,9220,0,4114786,,,,
20250512,000070,삼양홀딩스,42307,868,39427,,,,
20250512,000080,하이트진로,19310,20,57464,,,,
20250512,000087,하이트진로2우B,15250,-100,3322,,,,
20250512,000100,유한양행,105000,-2200,448995,,,,
20250512,000105,유한양행우,96200,-200,7887,,,,
20250512,000120,CJ대한통운,85500,1300,34014,,,,
20250512,000140,하이트진로홀딩스,8510,-10,10763,,,,
20250512,000145,하이트진로홀딩스우,10670,-200,70,,,,
20250512,000150,두산,357500,12500,239272,,,,
20250512,000155,두산우,221500,3000,168513,,,,
20250512,000157,두산2우B,246500,8000,27705,,,,
20250512,000180,성창기업지주,6745,85,4333,,,,
20250512,000210,DL,37250,3800,204286,,,,
20250512,000215,DL우,20700,840,7569,,,,
20250512,000220,유유제약,4515,-45,72981,,,,
20250512,000225,유유제약1우,4840,110,10818,,,,
20250512,000227,유유제약2우B,9970,-250,1302,,,,
20250512,000230,일동홀딩스,6120,60,27319,,,,
20250512,000240,한국앤컴퍼니,15710,710,137403,,,,
20250512,000270,기아,92400,3100,813230,,,,
20250512,000300,DH오토넥스,4200,0,0,,,,
20250512,000320,노루홀딩스,15020,30,46823,,,,
20250512,000325,노루홀딩스우,29500,-400,176,,,,
20250512,000370,한화손해보험,4080,110,210404,,,,
20250512,000390,SP삼화,6080,50,44480,,,,
20250512,000400,롯데손해보험,1576,-4,344799,,,,
20250512,000430,대원강업,3855,-5,18560,,,,
20250512,000480,CR홀딩스,5220,-10,5643,,,,
20250512,000490,대동,10730,410,282870,,,,
20250512,000500,가온전선,35341,-167,121903,,,,
20250512,000520,삼일제약,12380,-310,125616,,,,
20250512,000540,흥국화재,3465,135,129161,,,,
20250512,000545,흥국화재우,8760,530,127595,,,,
20250512,000590,CS홀딩스,74300,-200,538,,,,
20250512,000640,동아쏘시오홀딩스,97412,776,10388,,,,
20250512,000650,천일고속,40000,-200,176,,,,
20250512,000660,SK하이닉스,195000,4900,1624884,,,,
20250512,000670,영풍,36774,973,26776,,,,
20250512,000680,LS네트웍스,3570,160,608184,,,,
20250512,000700,유수홀딩스,5500,-10,19161,,,,
20250512,000720,현대건설,44200,3000,1169410,,,,
20250512,000725,현대건설우,53500,1900,8341,,,,
20250512,000760,이화산업,10800,0,691,,,,
20250512,000810,삼성화재,382000,6500,48888,,,,
20250512,000815,삼성화재우,281500,500,8694,,,,
20250512,000850,화천기공,29500,300,4187,,,,
20250512,000860,강남제비스코,12200,140,22352,,,,
20250512,000880,한화,58703,-3721,334461,,,,
20250512,00088K,한화3우B,22804,-806,174718,,,,
20250512,000890,보해양조,2415,15,135536,,,,
20250512,000910,유니온,5070,-60,230352,,,,
20250512,000950,전방,25000,300,1190,,,,
20250512,000970,한국주철관,7310,120,304894,,,,
20250512,000990,DB하이텍,39250,1150,133901,,,,
20250512,001020,페이퍼코리아,3795,45,1251,,,,
20250512,001040,CJ,130200,1800,111985,,,,
20250512,001045,CJ우,71600,900,4973,,,,
20250512,00104K,CJ4우(전환),104000,700,12148,,,,
20250512,001060,JW중외제약,21900,-100,27671,,,,
20250512,001065,JW중외제약우,28750,-150,98,,,,
20250512,001067,JW중외제약2우B,60800,-200,1,,,,
20250512,001070,대한방직,5250,60,10088,,,,
20250512,001080,만호제강,2735,80,22190,,,,
20250512,001120,LX인터내셔널,27000,150,72623,,,,
20250512,001130,대한제분,13560,170,25990,,,,
20250512,001200,유진투자증권,2920,225,1260349,,,,
20250512,001210,금호전기,5850,-200,110477,,,,
20250512,001230,동국홀딩스,1672,96,688443,,,,
20250512,001250,GS글로벌,2605,20,406087,,,,
20250512,001260,남광토건,8680,380,40992,,,,
20250512,001270,부국증권,31850,2050,17234,,,,
20250512,001275,부국증권우,22350,200,18226,,,,
20250512,001290,상상인증권,455,9,115827,,,,
20250512,001340,PKC,6110,30,103111,,,,
20250512,001360,삼성제약,1484,5,155259,,,,
20250512,001380,SG글로벌,3620,44,135214,,,,
20250512,001390,KG케미칼,3965,80,145429,,,,
20250512,001420,태원물산,4020,-25,6143,,,,
20250512,001430,세아베스틸지주,18370,370,63054,,,,
20250512,001440,대한전선,11910,170,577230,,,,
20250512,001450,현대해상,22050,500,156185,,,,
20250512,001460,BYC,30200,1700,3857,,,,
20250512,001465,BYC우,13680,670,6401,,,,
20250512,001470,삼부토건,347,0,0,,,,
20250512,001500,현대차증권,6680,230,509649,,,,
20250512,001510,SK증권,1003,12,1375296,,,,
20250512,001515,SK증권우,3566,36,7241,,,,
20250512,001520,동양,1106,-2,1165563,,,,
20250512,001525,동양우,8320,-1020,18287,,,,
20250512,001527,동양2우B,17300,-700,2134,,,,
20250512,001530,DI동일,34286,-3572,151070,,,,
20250512,001550,조비,12200,-20,25005,,,,
20250512,001560,제일연마,9600,50,25840,,,,
20250512,001570,금양,9900,0,0,,,,
20250512,001620,케이비아이동국실업,2665,55,77357,,,,
20250512,001630,종근당홀딩스,47800,300,4856,,,,
20250512,001680,대상,24250,-400,156624,,,,
20250512,001685,대상우,16570,-80,12731,,,,
20250512,001720,신영증권,107300,8900,76314,,,,
20250512,001740,SK네트웍스,4185,30,345819,,,,
20250512,001750,한양증권,14050,270,22028,,,,
20250512,001755,한양증권우,14590,200,1667,,,,
20250512,001770,SHD,16390,-40,3324,,,,
20250512,001780,알루코,2335,70,920878,,,,
20250512,001790,대한제당,2730,-180,7189406,,,,
20250512,001795,대한제당우,2300,-315,1938881,,,,
20250512,001800,오리온홀딩스,19680,150,179059,,,,
20250512,001820,삼화콘덴서,25700,1000,29667,,,,
20250512,001940,KISCO홀딩스,20850,350,7361,,,,
20250512,002020,코오롱,22550,700,42537,,,,
20250512,002025,코오롱우,14360,350,5318,,,,
20250512,002030,아세아,263000,-500,889,,,,
20250512,002070,비비안,17690,1383,59761,,,,
20250512,002100,경농,9330,100,29387,,,,
20250512,002140,고려산업,2890,0,95870,,,,
20250512,002150,도화엔지니어링,6670,170,50220,,,,
20250512,002170,SYTS,47200,200,809,,,,
20250512,002200,한국수출포장,2805,20,72501,,,,
20250512,002210,동성제약,2780,0,0,,,,
20250512,002220,한일철강,1949,-1,34185,,,,
20250512,002240,고려제강,17070,40,18731,,,,
20250512,002310,아세아제지,7040,80,215380,,,,
20250512,002320,한진,19010,300,14185,,,,
20250512,002350,넥센타이어,5940,150,194222,,,,
20250512,002355,넥센타이어1우B,2920,75,31409,,,,
20250512,002360,SH에너지화학,4490,30,19904,,,,
20250512,002380,KCC,267500,5500,20296,,,,
20250512,002390,한독,11720,-60,25995,,,,
20250512,002410,범양건영,1935,0,0,,,,
20250512,002420,세기상사,5040,-160,8075,,,,
20250512,002450,삼익악기,1381,166,3108006,,,,
20250512,002460,HS화성,10000,-80,8865,,,,
20250512,002600,조흥,158200,-1700,14,,,,
20250512,002620,제일파마홀딩스,7910,-70,2906,,,,
20250512,002630,오리엔트바이오,3560,92,11689646,,,,
20250512,002690,동일제강,1393,13,9259,,,,
20250512,002700,신일전자,1543,18,311045,,,,
20250512,002710,TCC스틸,20450,540,78596,,,,
20250512,002720,국제약품,4570,15,96106,,,,
20250512,002760,보락,1125,11,154287,,,,
20250512,002780,진흥기업,753,21,561479,,,,
20250512,002785,진흥기업우B,3355,-50,1112,,,,
20250512,002787,진흥기업2우B,9740,0,728,,,,
20250512,002790,아모레퍼시픽홀딩스,22900,-650,105844,,,,
20250512,002795,아모레퍼시픽홀딩스우,9500,-80,20798,,,,
20250512,00279K,아모레퍼시픽홀딩스3우C,18680,-130,7257,,,,
20250512,002810,삼영무역,13970,230,10298,,,,
20250512,002820,SUN&L,3115,20,17533,,,,
20250512,002840,미원상사,189500,-2100,1346,,,,
20250512,002870,신풍,1094,44,115699,,,,
20250512,002880,디와이에이,964,5,38933,,,,
20250512,002900,TYM,4620,190,229435,,,,
20250512,002920,유성기업,1936,7,74480,,,,
20250512,002960,한국쉘석유,365000,500,1289,,,,
20250512,002990,금호건설,2865,95,99494,,,,
20250512,002995,금호건설우,12390,150,16533,,,,
20250512,003000,부광약품,3601,23,50324,,,,
20250512,003010,혜인,5040,135,82145,,,,
20250512,003030,세아제강지주,222000,1500,9442,,,,
20250512,003060,에이프로젠바이오로직스,669,-7,374012,,,,
20250512,003070,코오롱글로벌,8880,240,38691,,,,
20250512,003075,코오롱글로벌우,15900,200,2196,,,,
20250512,003080,SB성보,2560,15,8249,,,,
20250512,003090,대웅,20300,350,40309,,,,
20250512,003120,일성아이에스,16690,700,39653,,,,
20250512,003160,디아이,15270,870,734203,,,,
20250512,003200,일신방직,9140,260,50483,,,,
20250512,003220,대원제약,13800,110,55084,,,,
20250512,003230,삼양식품,946000,-47000,61706,,,,
20250512,003240,태광산업,855000,30000,2377,,,,
20250512,003280,흥아해운,1596,43,1411757,,,,
20250512,003300,한일홀딩스,15340,340,12672,,,,
20250512,003350,한국화장품제조,10980,-220,544830,,,,
20250512,003460,유화증권,2420,40,18556,,,,
20250512,003465,유화증권우,2405,0,367,,,,
20250512,003470,유안타증권,3005,85,635043,,,,
20250512,003475,유안타증권우,3160,80,84710,,,,
20250512,003480,한진중공업홀딩스,4640,40,61099,,,,
20250512,003490,대한항공,22600,550,1168938,,,,
20250512,003495,대한항공우,22650,200,3106,,,,
20250512,003520,영진약품,2005,0,172554,,,,
20250512,003530,한화투자증권,3690,110,1496446,,,,
20250512,003535,한화투자증권우,6220,60,6435,,,,
20250512,003540,대신증권,19410,410,173385,,,,
20250512,003545,대신증권우,17440,200,145090,,,,
20250512,003547,대신증권2우B,16850,290,39575,,,,
20250512,003550,LG,68700,1000,138244,,,,
20250512,003555,LG우,57200,700,6511,,,,
20250512,003570,SNT다이내믹스,33600,-2800,205405,,,,
20250512,003580,HLB글로벌,3085,-25,49312,,,,
20250512,003610,방림,3920,25,67739,,,,
20250512,003620,KG모빌리티,3395,5,219021,,,,
20250512,003650,미창석유,101100,0,1875,,,,
20250512,003670,포스코퓨처엠,119419,2617,286957,,,,
20250512,003680,한성기업,5070,30,14100,,,,
20250512,003690,코리안리,8190,90,384559,,,,
20250512,003720,삼영,4255,135,218863,,,,
20250512,003780,진양산업,5740,80,169179,,,,
20250512,003830,대한화섬,120700,7800,2907,,,,
20250512,003850,보령,8480,20,86906,,,,
20250512,003920,남양유업,82100,900,14072,,,,
20250512,003925,남양유업우,39550,-750,11570,,,,
20250512,003960,사조대림,40400,800,18065,,,,
20250512,004000,롯데정밀화학,36450,900,30707,,,,
20250512,004020,현대제철,26100,1550,570181,,,,
20250512,004060,SG세계물산,3320,90,48286,,,,
20250512,004080,신흥,14590,0,1209,,,,
20250512,004090,한국석유,12310,-320,87254,,,,
20250512,004100,태양금속,2550,100,2825852,,,,
20250512,004105,태양금속우,3520,130,160627,,,,
20250512,004140,동방,2545,85,632936,,,,
20250512,004150,한솔홀딩스,2530,45,130261,,,,
20250512,004170,신세계,172700,9800,143029,,,,
20250512,004250,NPC,4145,20,22164,,,,
20250512,004255,NPC우,2390,35,10524,,,,
20250512,004270,남성,8538,-215,11366,,,,
20250512,004310,현대약품,3350,-40,56290,,,,
20250512,004360,세방,11880,270,30927,,,,
20250512,004365,세방우,8000,60,23536,,,,
20250512,004370,농심,411500,-12500,30071,,,,
20250512,004380,삼익THK,13000,0,0,,,,
20250512,004410,서울식품,1620,0,161713,,,,
20250512,004415,서울식품우,12390,-60,5562,,,,
20250512,004430,송원산업,12160,100,14779,,,,
20250512,004440,삼일씨엔에스,4225,60,326426,,,,
20250512,004450,삼화왕관,38600,200,4353,,,,
20250512,004490,세방전지,69800,1600,34034,,,,
20250512,004540,깨끗한나라,2485,55,509756,,,,
20250512,004545,깨끗한나라우,13350,170,1241,,,,
20250512,004560,현대비앤지스틸,12130,70,38789,,,,
20250512,004690,삼천리,94200,1400,27202,,,,
20250512,004700,조광피혁,52400,300,3870,,,,
20250512,004710,한솔테크닉스,4905,14,171514,,,,
20250512,004720,팜젠사이언스,3970,-20,45120,,,,
20250512,004770,써니전자,1775,57,1091623,,,,
20250512,004800,효성,52800,-200,10123,,,,
20250512,004830,덕성,6100,110,124222,,,,
20250512,004835,덕성우,7810,50,12933,,,,
20250512,004840,DRB동일,4305,70,26223,,,,
20250512,004870,티웨이홀딩스,3296,43,63887,,,,
20250512,004890,동일산업,44100,450,895,,,,
20250512,004910,조광페인트,6450,-40,65360,,,,
20250512,004920,씨아이테크,1364,-36,147858,,,,
20250512,004960,한신공영,7600,390,70218,,,,
20250512,004970,신라교역,9240,70,16028,,,,
20250512,004980,성신양회,9870,550,1090766,,,,
20250512,004985,성신양회우,14640,720,194421,,,,
20250512,004990,롯데지주,24250,900,255111,,,,
20250512,00499K,롯데지주우,27450,350,991,,,,
20250512,005010,휴스틸,4885,55,304577,,,,
20250512,005030,부산주공,486,0,0,,,,
20250512,005070,코스모신소재,37800,1050,143212,,,,
20250512,005090,SGC에너지,23400,100,18459,,,,
20250512,005110,한창,1254,0,0,,,,
20250512,005180,빙그레,95400,-1700,60113,,,,
20250512,005250,녹십자홀딩스,13670,-170,45202,,,,
20250512,005257,녹십자홀딩스2우,20750,100,118,,,,
20250512,005300,롯데칠성,105300,1700,14851,,,,
20250512,005305,롯데칠성우,64000,0,2245,,,,
20250512,005320,온타이드,914,10,80967,,,,
20250512,005360,모나미,2050,10,21988,,,,
20250512,005380,현대차,195800,5900,569602,,,,
20250512,005385,현대차우,153300,2900,60467,,,,
20250512,005387,현대차2우B,154800,3500,91562,,,,
20250512,005389,현대차3우B,152700,3100,14426,,,,
20250512,005420,코스모화학,14850,270,71976,,,,
20250512,005430,한국공항,51700,1200,15350,,,,
20250512,005440,현대지에프홀딩스,5970,390,486823,,,,
20250512,005490,POSCO홀딩스,263000,4500,175917,,,,
20250512,005500,삼진제약,17880,110,16462,,,,
20250512,005610,삼립,60400,-1500,34408,,,,
20250512,005680,삼영전자,10700,-60,28581,,,,
20250512,005690,파미셀,10970,140,856007,,,,
20250512,005720,넥센,5300,435,189573,,,,
20250512,005725,넥센우,3550,115,3922,,,,
20250512,005740,크라운해태홀딩스,6170,160,49389,,,,
20250512,005745,크라운해태홀딩스우,9060,370,6343,,,,
20250512,005750,대림바스,4025,55,8212,,,,
20250512,005800,신영와코루,10730,270,12983,,,,
20250512,005810,풍산홀딩스,28650,-550,45771,,,,
20250512,005820,원림,14070,-10,540,,,,
20250512,005830,DB손해보험,92300,2100,195618,,,,
20250512,005850,에스엘,33850,650,131697,,,,
20250512,005870,휴니드,8400,-400,561735,,,,
20250512,005880,대한해운,1550,54,1730758,,,,
20250512,005930,삼성전자,57600,2800,15414702,,,,
20250512,005935,삼성전자우,47450,1650,1586602,,,,
20250512,005940,NH투자증권,15780,460,980148,,,,
20250512,005945,NH투자증권우,14340,230,101461,,,,
20250512,005950,이수화학,5600,80,20209,,,,
20250512,005960,동부건설,4070,70,12225,,,,
20250512,005965,동부건설우,20150,150,129,,,,
20250512,006040,동원산업,41650,-1100,35047,,,,
20250512,006060,화승인더,4830,-25,106311,,,,
20250512,006090,사조오양,8480,160,70091,,,,
20250512,006110,삼아알미늄,23600,800,27971,,,,
20250512,006120,SK디스커버리,42250,650,23447,,,,
20250512,006125,SK디스커버리우,35750,200,3825,,,,
20250512,006200,한국전자홀딩스,3405,15,5162,,,,
20250512,006220,제주은행,10510,290,234960,,,,
20250512,006260,LS,138300,2900,178794,,,,
20250512,006280,녹십자,118100,-900,21513,,,,
20250512,006340,대원전선,2890,45,1832406,,,,
20250512,006345,대원전선우,4035,35,58255,,,,
20250512,006360,GS건설,18970,1080,858416,,,,
20250512,006370,대구백화점,7070,-370,51257,,,,
20250512,006380,카프로,3660,0,0,,,,
20250512,006400,삼성SDI,174900,4500,260867,,,,
20250512,006405,삼성SDI우,110400,4300,8721,,,,
20250512,006490,프리티,7695,-880,478375,,,,
20250512,006570,대림통상,2460,30,3392,,,,
20250512,006650,대한유화,85800,2600,16501,,,,
20250512,006660,삼성공조,15240,250,236028,,,,
20250512,006740,블루산업개발,2382,148,344330,,,,
20250512,006800,미래에셋증권,12545,717,2131781,,,,
20250512,006805,미래에셋증권우,5499,227,90862,,,,
20250512,00680K,미래에셋증권2우B,4876,205,1810438,,,,
20250512,006840,AK홀딩스,10640,100,6961,,,,
20250512,006880,신송홀딩스,7280,-240,152489,,,,
20250512,006890,태경케미컬,11790,10,16135,,,,
20250512,006980,우성,16700,130,2255,,,,
20250512,007070,GS리테일,14420,370,245368,,,,
20250512,007110,일신석재,2230,-45,3819481,,,,
20250512,007120,미래아이앤지,1353,309,3072571,,,,
20250512,007160,사조산업,37950,1050,25015,,,,
20250512,007210,벽산,2435,55,190860,,,,
20250512,007280,한국특강,3444,-120,17731,,,,
20250512,007310,오뚜기,397000,-5500,4216,,,,
20250512,007340,DN오토모티브,20700,300,79774,,,,
20250512,007460,에이프로젠,694,3,861478,,,,
20250512,007540,샘표,42050,300,1038,,,,
20250512,007570,일양약품,14376,157,79416,,,,
20250512,007575,일양약품우,14648,59,411,,,,
20250512,007590,동방아그로,6150,30,3838,,,,
20250512,007610,선도전기,3000,0,0,,,,
20250512,007660,이수페타시스,40300,750,1029639,,,,
20250512,007690,국도화학,33700,350,10601,,,,
20250512,007700,F&F홀딩스,12770,200,8423,,,,
20250512,007810,코리아써키트,10840,480,58664,,,,
20250512,007815,코리아써우,5850,160,2083,,,,
20250512,00781K,코리아써키트2우B,5570,30,230,,,,
20250512,007860,서연,7810,380,173705,,,,
20250512,007980,TP,1294,5,320509,,,,
20250512,008040,사조동아원,1060,1,303464,,,,
20250512,008060,대덕,7950,120,139190,,,,
20250512,00806K,대덕1우,7970,170,1558,,,,
20250512,008250,이건산업,5650,130,34259,,,,
20250512,008260,NI스틸,3500,25,31274,,,,
20250512,008350,남선알미늄,1299,-59,2754161,,,,
20250512,008355,남선알미우,13260,-1150,10102,,,,
20250512,008420,문배철강,2365,35,24190,,,,
20250512,008490,서흥,15070,830,40091,,,,
20250512,008600,윌비스,9463,2183,1654813,,,,
20250512,008700,아남전자,1508,34,875891,,,,
20250512,008730,율촌화학,26800,100,31655,,,,
20250512,008770,호텔신라,44100,650,109884,,,,
20250512,008775,호텔신라우,33800,600,8003,,,,
20250512,008870,금비,54200,-200,949,,,,
20250512,008930,한미사이언스,29750,200,104310,,,,
20250512,008970,KBI동양철관,2467,-171,6893525,,,,
20250512,009070,KCTC,3925,55,77986,,,,
20250512,009140,경인전자,19460,50,166,,,,
20250512,009150,삼성전기,125800,8600,606796,,,,
20250512,009155,삼성전기우,57100,2100,15137,,,,
20250512,009160,SIMPAC,4105,85,119145,,,,
20250512,009180,한솔로지스틱스,2185,15,56275,,,,
20250512,009190,대양금속,1794,37,300217,,,,
20250512,009200,무림페이퍼,2175,45,156826,,,,
20250512,009240,한샘,42850,1250,12626,,,,
20250512,009270,신원,1696,-32,1030771,,,,
20250512,009290,광동제약,5540,20,31704,,,,
20250512,009310,참엔지니어링,1321,-6,120776,,,,
20250512,009320,아진전자부품,1010,-2,20430,,,,
20250512,009410,태영건설,2560,-80,918107,,,,
20250512,009415,태영건설우,6260,-1740,360684,,,,
20250512,009420,한올바이오파마,26250,-200,196240,,,,
20250512,009440,KC그린홀딩스,756,0,0,,,,
20250512,009450,경동나비엔,76800,100,55535,,,,
20250512,009460,한창제지,3905,165,35662,,,,
20250512,009470,삼화전기,29900,1400,103178,,,,
20250512,009540,HD한국조선해양,273000,-10500,311791,,,,
20250512,009580,무림P&P,2930,55,44740,,,,
20250512,009680,모토닉,9720,120,33918,,,,
20250512,009770,삼정펄프,26550,350,5577,,,,
20250512,009810,MDS스피어,3155,30,27781,,,,
20250512,009830,한화솔루션,30938,142,3454378,,,,
20250512,009835,한화솔루션우,24070,181,59325,,,,
20250512,009900,명신산업,8310,330,82600,,,,
20250512,009970,영원무역홀딩스,100800,2200,6861,,,,
20250512,010040,한국내화,2365,25,46082,,,,
20250512,010060,OCI홀딩스,68500,1500,147513,,,,
20250512,010100,한국무브넥스,4115,100,205480,,,,
20250512,010120,LS ELECTRIC,46000,2100,1405220,,,,
20250512,010130,고려아연,858000,10000,17236,,,,
20250512,010140,삼성중공업,14500,-340,8029437,,,,
20250512,010400,우진아이엔에스,2710,25,3115,,,,
20250512,010580,에스엠벡셀,1209,2,47986,,,,
20250512,010640,진양폴리,3529,38,99614,,,,
20250512,010660,화천기계,4230,-370,659313,,,,
20250512,010690,화신,8090,230,174726,,,,
20250512,010770,평화홀딩스,11570,2670,1224551,,,,
20250512,010780,아이에스동서,19490,350,27588,,,,
20250512,010820,퍼스텍,3855,-135,1249832,,,,
20250512,010950,S-Oil,52400,300,142680,,,,
20250512,010955,S-Oil우,35450,-50,4429,,,,
20250512,010960,삼호개발,3530,-20,629391,,,,
20250512,011000,진원생명과학,10300,-75,59277,,,,
20250512,011070,LG이노텍,149500,11000,261045,,,,
20250512,011090,에넥스,4300,295,387818,,,,
20250512,011150,CJ씨푸드,3365,65,736513,,,,
20250512,011155,CJ씨푸드1우,17840,300,687,,,,
20250512,011170,롯데케미칼,65100,3300,98019,,,,
20250512,011200,HMM,19280,1120,4412644,,,,
20250512,011210,현대위아,43700,500,85203,,,,
20250512,011230,삼화전자,4340,-370,185110,,,,
20250512,011280,태림포장,2090,5,19415,,,,
20250512,011300,우성머티리얼스,5150,410,113780,,,,
20250512,011330,유니켐,16550,80,16709,,,,
20250512,011390,부산산업,98900,-1000,14195,,,,
20250512,011420,갤럭시아에스엠,2405,110,1808343,,,,
20250512,011500,한농화성,14800,250,102600,,,,
20250512,011690,와이투솔루션,2905,15,748569,,,,
20250512,011700,한신기계,2930,90,140136,,,,
20250512,011760,현대코퍼레이션,23600,600,40380,,,,
20250512,011780,금호석유화학,115300,1500,205975,,,,
20250512,011785,금호석유화학우,54800,0,11161,,,,
20250512,011790,SKC,93335,2726,129296,,,,
20250512,011810,STX,3400,-5,34747,,,,
20250512,011930,신성이엔지,14510,180,302547,,,,
20250512,012030,DB,1260,5,103241,,,,
20250512,012160,영흥,2660,50,212087,,,,
20250512,012170,아센디오,4470,-70,48345,,,,
20250512,012200,계양전기,1403,11,22030,,,,
20250512,012205,계양전기우,3620,4,566,,,,
20250512,012280,영화금속,851,4,93483,,,,
20250512,012320,경동인베스트,57300,800,3281,,,,
20250512,012330,현대모비스,261000,5500,114403,,,,
20250512,012450,한화에어로스페이스,807458,-57113,289656,,,,
20250512,012610,경인양행,3265,40,42911,,,,
20250512,012630,HDC,19050,-50,152412,,,,
20250512,012690,모나리자,2875,35,120319,,,,
20250512,012750,에스원,65000,1000,33588,,,,
20250512,012800,대창,1309,15,346838,,,,
20250512,013000,세우글로벌,1220,15,103460,,,,
20250512,013360,일성건설,3090,-85,1964916,,,,
20250512,013520,화승코퍼레이션,1914,42,32560,,,,
20250512,013570,디와이,4000,20,49883,,,,
20250512,013580,계룡건설,26250,300,2900113,,,,
20250512,013700,까뮤이앤씨,1190,40,208220,,,,
20250512,013870,지엠비코리아,4085,10,10761,,,,
20250512,013890,지누스,18180,40,119578,,,,
20250512,014130,한익스프레스,3435,0,6859,,,,
20250512,014160,대영포장,1887,435,26533134,,,,
20250512,014280,금강공업,4820,-40,278215,,,,
20250512,014285,금강공업우,7110,-40,201,,,,
20250512,014440,영보화학,4860,5,160881,,,,
20250512,014530,극동유화,3390,30,84268,,,,
20250512,014580,태경비케이,4740,15,87571,,,,
20250512,014680,한솔케미칼,117100,5000,53750,,,,
20250512,014710,사조씨푸드,6260,870,3204431,,,,
20250512,014790,HL D&I,2505,85,118362,,,,
20250512,014820,동원시스템즈,32250,450,7776,,,,
20250512,014825,동원시스템즈우,17900,-50,576,,,,
20250512,014830,유니드,89800,1600,26824,,,,
20250512,014910,성문전자,1154,27,41983,,,,
20250512,014915,성문전자우,4600,-60,982,,,,
20250512,014990,인디에프,4735,-170,56166,,,,
20250512,015020,이스타코,3142,-48,657529,,,,
20250512,015230,대창단조,5110,80,59158,,,,
20250512,015260,에이엔피,459,-11,40351,,,,
20250512,015360,INVENI,10320,200,64145,,,,
20250512,015590,DKME,2575,0,0,,,,
20250512,015760,한국전력,26900,-50,1973499,,,,
20250512,015860,일진홀딩스,3860,50,63792,,,,
20250512,015890,태경산업,4910,-25,74791,,,,
20250512,016090,대현,1957,24,45766,,,,
20250512,016360,삼성증권,54600,1600,420292,,,,
20250512,016380,KG스틸,5900,70,66839,,,,
20250512,016450,한세예스24홀딩스,3830,85,19251,,,,
20250512,016580,환인제약,11550,10,8014,,,,
20250512,016590,신대양제지,8340,880,261443,,,,
20250512,016610,DB증권,6440,140,72937,,,,
20250512,016710,대성홀딩스,7460,10,25423,,,,
20250512,016740,두올,3115,15,28190,,,,
20250512,016800,퍼시스,44250,-300,821,,,,
20250512,016880,웅진,1541,-174,4535777,,,,
20250512,017040,광명전기,1629,28,954698,,,,
20250512,017180,명문제약,1643,23,92138,,,,
20250512,017370,우신시스템,6420,80,64636,,,,
20250512,017390,서울가스,51800,200,6290,,,,
20250512,017550,수산세보틱스,1851,22,58072,,,,
20250512,017670,SK텔레콤,52200,-200,1157794,,,,
20250512,017800,현대엘리베이터,76300,-400,156821,,,,
20250512,017810,풀무원,15010,-510,118107,,,,
20250512,017860,DS단석,24758,198,65018,,,,
20250512,017900,광전자,1875,15,18336,,,,
20250512,017940,E1,63500,1600,15481,,,,
20250512,017960,한국카본,19800,-1250,645723,,,,
20250512,018250,애경산업,14700,640,140874,,,,
20250512,018260,삼성에스디에스,131000,2000,91456,,,,
20250512,018470,조일알미늄,1612,-12,1252403,,,,
20250512,018500,동원모빌리티,1491,33,439892,,,,
20250512,018670,SK가스,225000,-7500,26059,,,,
20250512,018880,한온시스템,3188,88,809955,,,,
20250512,019170,신풍제약,7390,-80,74168,,,,
20250512,019175,신풍제약우,12140,-10,1099,,,,
20250512,019180,티에이치엔,2980,70,185611,,,,
20250512,019490,엑시큐어하이트론,724,-3,994004,,,,
20250512,019680,대교,2340,35,49122,,,,
20250512,019685,대교우B,1330,2,15938,,,,
20250512,020000,한섬,15700,500,92309,,,,
20250512,020120,키다리스튜디오,3525,50,164770,,,,
20250512,020150,롯데에너지머티리얼즈,22300,300,97273,,,,
20250512,020560,아시아나항공,9650,60,59395,,,,
20250512,020760,일진디스플,722,-13,85544,,,,
20250512,021050,서원,1230,15,117897,,,,
20250512,021240,코웨이,92000,2700,200564,,,,
20250512,021820,세원정공,8860,340,46309,,,,
20250512,022100,포스코DX,24150,300,329666,,,,
20250512,023000,삼원강재,2400,25,4578,,,,
20250512,023150,MH에탄올,5050,30,1405,,,,
20250512,023350,한국종합기술,6070,160,100306,,,,
20250512,023450,동남합성,33450,-1200,2636,,,,
20250512,023530,롯데쇼핑,75800,3700,262913,,,,
20250512,023590,다우기술,23300,650,163413,,,,
20250512,023800,인지컨트롤스,5930,50,38130,,,,
20250512,023810,인팩,5880,0,13173,,,,
20250512,023960,에쓰씨엔지니어링,1293,8,162282,,,,
20250512,024070,WISCOM,1917,-8,12717,,,,
20250512,024090,디씨엠,12660,-20,13087,,,,
20250512,024110,기업은행,15300,150,544466,,,,
20250512,024720,콜마홀딩스,9370,-710,360460,,,,
20250512,024890,대원화성,4480,-10,2156,,,,
20250512,024900,디와이덕양,2830,75,67054,,,,
20250512,025000,KPX케미칼,42966,377,5533,,,,
20250512,025530,SJM홀딩스,3370,20,8568,,,,
20250512,025540,한국단자,64300,900,20859,,,,
20250512,025560,미래산업,2373,-14,196875,,,,
20250512,025620,차AI헬스케어,7440,-550,93552,,,,
20250512,025750,한솔홈데코,4705,1085,2898068,,,,
20250512,025820,이구산업,4300,85,128698,,,,
20250512,025860,남해화학,6820,20,30380,,,,
20250512,025890,한국주강,1831,1,10761,,,,
20250512,026890,스틱인베스트먼트,9720,350,107707,,,,
20250512,026940,부국철강,2405,-100,298798,,,,
20250512,026960,동서,25800,-400,57805,,,,
20250512,027410,BGF,3580,-30,180398,,,,
20250512,027740,마니커,1714,0,29141,,,,
20250512,027970,한국제지,4150,90,74174,,,,
20250512,028050,삼성E&A,20400,580,624561,,,,
20250512,028100,동아지질,15000,340,54090,,,,
20250512,028260,삼성물산,125300,2300,175449,,,,
20250512,02826K,삼성물산우B,92200,700,4404,,,,
20250512,028670,팬오션,3480,105,1171832,,,,
20250512,029460,케이씨,18560,460,11790,,,,
20250512,029530,신도리코,43400,1250,19895,,,,
20250512,029780,삼성카드,42150,150,46908,,,,
20250512,030000,제일기획,18450,90,146475,,,,
20250512,030190,NICE평가정보,13060,-210,57749,,,,
20250512,030200,KT,50800,-700,485700,,,,
20250512,030210,다올투자증권,3395,-40,72478,,,,
20250512,030610,교보증권,6780,320,288383,,,,
20250512,030720,동원수산,5370,-110,16880,,,,
20250512,031210,서울보증보험,36450,700,116946,,,,
20250512,031430,신세계인터내셔날,10140,210,114215,,,,
20250512,031820,아이티센씨티에스,6380,110,23571,,,,
20250512,032350,롯데관광개발,10750,-50,364326,,,,
20250512,032560,황금에스티,5350,100,20823,,,,
20250512,032640,LG유플러스,12990,120,1692409,,,,
20250512,032830,삼성생명,85800,1200,97259,,,,
20250512,033240,자화전자,12410,610,75469,,,,
20250512,033250,체시스,5460,65,83314,,,,
20250512,033270,유나이티드제약,19260,30,20004,,,,
20250512,033530,SJG세종,4380,85,70760,,,,
20250512,033780,KT&G,116100,-2100,306412,,,,
20250512,033920,무학,7160,-60,68691,,,,
20250512,034020,두산에너빌리티,28800,950,13828502,,,,
20250512,034120,SBS,20150,-300,42568,,,,
20250512,034220,LG디스플레이,8730,280,1116418,,,,
20250512,034230,파라다이스,12490,10,181092,,,,
20250512,034310,NICE,11080,0,27395,,,,
20250512,034590,인천도시가스,24850,0,3598,,,,
20250512,034730,SK,138900,1500,132640,,,,
20250512,03473K,SK우,123000,2000,1877,,,,
20250512,034830,한국토지신탁,1064,7,296010,,,,
20250512,035000,HS애드,7120,-160,43061,,,,
20250512,035150,백산,14080,50,15770,,,,
20250512,035250,강원랜드,16610,100,302457,,,,
20250512,035420,NAVER,190200,-800,437578,,,,
20250512,035510,신세계 I&C,12190,320,161458,,,,
20250512,035720,카카오,38100,1150,1737798,,,,
20250512,036420,콘텐트리중앙,9300,-340,55868,,,,
20250512,036460,한국가스공사,38100,300,198032,,,,
20250512,036530,SNT홀딩스,35700,1350,29708,,,,
20250512,036570,NC,149400,1300,53432,,,,
20250512,036580,팜스코,2120,15,29745,,,,
20250512,037270,YG PLUS,5610,-490,2022946,,,,
20250512,037560,LG헬로비전,2645,40,615742,,,,
20250512,037710,광주신세계,28150,150,13467,,,,
20250512,039130,하나투어,50500,650,25396,,,,
20250512,039490,키움증권,147200,4700,140081,,,,
20250512,039570,HDC랩스,8960,-30,9357,,,,
20250512,041650,상신브레이크,2990,5,44722,,,,
20250512,042660,한화오션,76200,-3600,3248756,,,,
20250512,042700,한미반도체,83000,5600,1993316,,,,
20250512,044380,주연테크,1655,-50,114829,,,,
20250512,044450,KSS해운,9050,0,41994,,,,
20250512,044820,코스맥스비티아이,11910,160,16166,,,,
20250512,047040,대우건설,3700,225,2330979,,,,
20250512,047050,포스코인터내셔널,49000,650,209184,,,,
20250512,047400,유니온머티리얼,1887,-37,291436,,,,
20250512,047810,한국항공우주,86700,-6400,1437311,,,,
20250512,049800,우진플라임,2210,0,21087,,,,
20250512,051600,한전KPS,42950,550,115541,,,,
20250512,051630,진양화학,2160,45,138308,,,,
20250512,051900,LG생활건강,323000,-3500,34402,,,,
20250512,051905,LG생활건강우,126600,-1500,5604,,,,
20250512,051910,LG화학,210500,5000,139178,,,,
20250512,051915,LG화학우,104600,1400,27442,,,,
20250512,052690,한전기술,61600,300,189527,,,,
20250512,053210,스카이라이프,4465,-35,161987,,,,
20250512,053690,한미글로벌,16320,450,67386,,,,
20250512,055490,테이팩스,14170,170,6633,,,,
20250512,055550,신한지주,51700,1000,854870,,,,
20250512,058430,포스코스틸리온,3815,20,102230,,,,
20250512,058650,세아홀딩스,95800,3400,400,,,,
20250512,058730,다스코,3205,80,143030,,,,
20250512,058850,KTcs,2830,5,273676,,,,
20250512,058860,KTis,2730,0,629534,,,,
20250512,060980,HL홀딩스,37700,100,11674,,,,
20250512,062040,산일전기,59400,1500,399783,,,,
20250512,063160,종근당바이오,22150,100,5257,,,,
20250512,064350,현대로템,108300,-17100,2812956,,,,
20250512,064400,LG씨엔에스,56100,1300,717558,,,,
20250512,064960,SNT모티브,28400,300,44276,,,,
20250512,066570,LG전자,72800,1700,342148,,,,
20250512,066575,LG전자우,35300,550,49184,,,,
20250512,066970,엘앤에프,65400,3600,166472,,,,
20250512,067830,세이브존I&C,2400,85,130341,,,,
20250512,068270,셀트리온,139367,-5692,1563084,,,,
20250512,068290,삼성출판사,16650,130,29109,,,,
20250512,069260,TKG휴켐스,16070,-20,49442,,,,
20250512,069460,대호에이엘,9335,-75,97015,,,,
20250512,069620,대웅제약,134900,-5800,44359,,,,
20250512,069640,한세엠케이,2154,16,2923,,,,
20250512,069730,DSR제강,3505,70,22803,,,,
20250512,069960,현대백화점,67600,6300,273471,,,,
20250512,070960,모나용평,4260,10,159542,,,,
20250512,071050,한국금융지주,88000,3800,255568,,,,
20250512,071055,한국금융지주우,66000,1700,30072,,,,
20250512,071090,하이스틸,3985,-115,445720,,,,
20250512,071320,지역난방공사,55100,1100,14994,,,,
20250512,071840,롯데하이마트,7680,190,42002,,,,
20250512,071950,코아스,9560,10,14323,,,,
20250512,071970,HD현대마린엔진,38100,-2750,675391,,,,
20250512,072130,유엔젤,5360,-140,459937,,,,
20250512,072710,농심홀딩스,70500,2000,13547,,,,
20250512,073240,금호타이어,4865,135,271376,,,,
20250512,074610,이엔플러스,5110,0,0,,,,
20250512,075180,새론오토모티브,3350,0,4901,,,,
20250512,075580,세진중공업,8850,-460,675858,,,,
20250512,077500,유니퀘스트,6230,210,149501,,,,
20250512,077970,STX엔진,24500,-1800,570704,,,,
20250512,078000,텔코웨어,9650,290,24436,,,,
20250512,078520,에이블씨엔씨,7140,-70,72135,,,,
20250512,078930,GS,39350,600,144525,,,,
20250512,078935,GS우,38000,400,14082,,,,
20250512,079160,CJ CGV,4890,-30,81984,,,,
20250512,079430,현대리바트,7710,-40,32563,,,,
20250512,079550,LIG디펜스앤에어로스페이스,381500,-20500,255678,,,,
20250512,079900,전진건설로봇,52300,4300,423715,,,,
20250512,079980,휴비스,2870,55,56703,,,,
20250512,081000,일진다이아,12420,120,14398,,,,
20250512,081660,미스토홀딩스,37100,-350,183498,,,,
20250512,082640,동양생명,5750,360,382983,,,,
20250512,082740,한화엔진,28750,-2600,2168467,,,,
20250512,083420,그린케미칼,8980,500,1833764,,,,
20250512,084010,대한제강,10956,394,89467,,,,
20250512,084670,동양고속,7330,-130,7838,,,,
20250512,084680,이월드,1443,-1,226284,,,,
20250512,084690,대상홀딩스,9520,140,453534,,,,
20250512,084695,대상홀딩스우,14970,570,31456,,,,
20250512,084870,TBH글로벌,1236,11,30441,,,,
20250512,085310,엔케이,8840,120,20484,,,,
20250512,085620,미래에셋생명,5500,180,208696,,,,
20250512,086280,현대글로비스,109800,3100,306167,,,,
20250512,086790,하나금융지주,64900,1100,439014,,,,
20250512,088260,이리츠코크렙,4675,-25,23588,,,,
20250512,088350,한화생명,2675,30,770895,,,,
20250512,088790,진도,1926,-47,46249,,,,
20250512,088980,맥쿼리인프라,11560,30,644403,,,,
20250512,089470,HDC현대EP,3660,10,14012,,,,
20250512,089590,제주항공,6950,70,89071,,,,
20250512,089860,롯데렌탈,31150,450,47307,,,,
20250512,090080,평화산업,2085,481,12026982,,,,
20250512,090350,노루페인트,8160,180,71708,,,,
20250512,090355,노루페인트우,12240,-650,3694,,,,
20250512,090370,메타랩스,1431,14,18520,,,,
20250512,090430,아모레퍼시픽,123200,-2300,282069,,,,
20250512,090435,아모레퍼시픽우,37850,-1500,27810,,,,
20250512,090460,비에이치,13420,650,227472,,,,
20250512,091810,트리니티항공,2076,14,263516,,,,
20250512,092200,디아이씨,4550,85,174308,,,,
20250512,092220,KEC,3740,150,116000,,,,
20250512,092230,KPX홀딩스,62300,1200,2405,,,,
20250512,092440,기신정기,2445,0,4250,,,,
20250512,092780,DYP,4560,-10,11931,,,,
20250512,092790,넥스틸,12470,-220,326958,,,,
20250512,093050,LF,15050,180,22470,,,,
20250512,093240,형지엘리트,2312,161,14482161,,,,
20250512,093370,후성,4405,145,201653,,,,
20250512,094280,효성ITX,12210,-180,36893,,,,
20250512,094800,맵스리얼티,4250,0,37268,,,,
20250512,095570,AJ네트웍스,3800,0,185890,,,,
20250512,095720,웅진씽크빅,3296,104,240856,,,,
20250512,096760,JW홀딩스,3065,5,27633,,,,
20250512,096770,SK이노베이션,92600,1800,222864,,,,
20250512,096775,SK이노베이션우,65100,400,1878,,,,
20250512,097230,HJ중공업,7220,-350,905297,,,,
20250512,097520,엠씨넥스,26550,550,71053,,,,
20250512,097950,CJ제일제당,248500,-500,24247,,,,
20250512,097955,CJ제일제당 우,142900,600,5000,,,,
20250512,100090,SK오션플랜트,15760,580,270834,,,,
20250512,100220,비상교육,5430,190,82402,,,,
20250512,100250,진양홀딩스,2959,20,16936,,,,
20250512,100840,SNT에너지,37400,-400,138106,,,,
20250512,101140,인바이오젠,14160,60,57390,,,,
20250512,101530,해태제과식품,6930,30,41385,,,,
20250512,102260,동성케미컬,4057,-35,97355,,,,
20250512,102460,이연제약,10940,0,5088,,,,
20250512,103140,풍산,59700,-4700,494072,,,,
20250512,103590,일진전기,28400,-350,770936,,,,
20250512,104700,한국철강,8200,0,14073,,,,
20250512,105560,KB금융,92200,200,894041,,,,
20250512,105630,한세실업,11310,190,56515,,,,
20250512,105840,우진,7680,270,123499,,,,
20250512,107590,미원홀딩스,76000,400,785,,,,
20250512,108320,LX세미콘,58900,2000,34864,,,,
20250512,108670,LX하우시스,29850,750,9965,,,,
20250512,108675,LX하우시스우,18060,10,1253,,,,
20250512,109070,주성코퍼레이션,989,-9,278636,,,,
20250512,111110,호전실업,8260,160,15796,,,,
20250512,111380,동인기연,17810,1210,31868,,,,
20250512,111770,영원무역,47200,550,26828,,,,
20250512,112610,씨에스윈드,44250,1500,487664,,,,
20250512,114090,GKL,12280,0,124784,,,,
20250512,117580,대성에너지,7600,-30,23099,,,,
20250512,118000,메타케어,3100,40,65121,,,,
20250512,119650,KC코트렐,918,0,0,,,,
20250512,120030,조선선재,98900,200,1309,,,,
20250512,120110,코오롱인더,31400,1250,82107,,,,
20250512,120115,코오롱인더우,20400,410,6088,,,,
20250512,122900,아이마켓코리아,8070,60,19805,,,,
20250512,123690,한국화장품,7050,-140,71947,,,,
20250512,123700,SJM,3165,5,35978,,,,
20250512,123890,한국자산신탁,2420,35,187977,,,,
20250512,126560,현대퓨처넷,3185,20,98755,,,,
20250512,126720,수산인더스트리,19820,200,18854,,,,
20250512,128820,대성산업,3515,0,0,,,,
20250512,128940,한미약품,269500,-2000,110147,,,,
20250512,129260,인터지스,2635,15,80067,,,,
20250512,130660,한전산업,11150,260,470499,,,,
20250512,133820,화인베스틸,836,-4,45333,,,,
20250512,134380,미원화학,7800,-90,1060,,,,
20250512,134790,시디즈,28400,-200,18104,,,,
20250512,136490,선진,6000,110,65664,,,,
20250512,137310,에스디바이오센서,9320,-10,52485,,,,
20250512,138040,메리츠금융지주,117000,-1200,265184,,,,
20250512,138930,BNK금융지주,10530,160,823882,,,,
20250512,139130,iM금융지주,10500,110,341989,,,,
20250512,139480,이마트,86600,-6900,542170,,,,
20250512,139990,아주스틸,3835,5,7594,,,,
20250512,143210,핸즈코퍼레이션,1592,-21,15660,,,,
20250512,145210,다이나믹디자인,11670,1060,32774,,,,
20250512,145270,케이탑리츠,945,-4,52202,,,,
20250512,145720,덴티움,61600,-3200,134506,,,,
20250512,145990,삼양사,48800,0,14081,,,,
20250512,145995,삼양사우,31200,200,1155,,,,
20250512,155660,DSR,3785,30,28258,,,,
20250512,161000,애경케미칼,10340,120,1437831,,,,
20250512,161390,한국타이어앤테크놀로지,40200,1150,299431,,,,
20250512,161890,한국콜마,82100,-1500,259202,,,,
20250512,163560,동일고무벨트,7300,350,121114,,,,
20250512,170900,동아에스티,44014,-811,17193,,,,
20250512,175330,JB금융지주,17560,260,315770,,,,
20250512,178920,PI첨단소재,17040,630,103867,,,,
20250512,180640,한진칼,89200,4700,48297,,,,
20250512,18064K,한진칼우,22850,450,1474,,,,
20250512,181710,NHN,22700,250,45251,,,,
20250512,183190,아세아시멘트,11350,250,75635,,,,
20250512,185750,종근당,79300,600,13581,,,,
20250512,192080,더블유게임즈,56700,-400,53832,,,,
20250512,192400,쿠쿠홀딩스,26500,2350,89902,,,,
20250512,192650,드림텍,6170,80,211607,,,,
20250512,192820,코스맥스,192600,-2900,70958,,,,
20250512,194370,제이에스코퍼레이션,8690,630,230575,,,,
20250512,195870,해성디에스,19650,660,139346,,,,
20250512,200880,서연이화,12090,330,90944,,,,
20250512,204320,HL만도,37300,950,213253,,,,
20250512,207940,삼성바이오로직스,1458498,-72116,98357,,,,
20250512,210540,디와이파워,11810,170,30252,,,,
20250512,210980,SK디앤디,9100,100,29874,,,,
20250512,213500,한솔제지,8570,190,83664,,,,
20250512,214320,이노션,18180,-60,62145,,,,
20250512,214330,금호에이치티,17409,-108,41166,,,,
20250512,214390,경보제약,5420,30,15148,,,,
20250512,214420,토니모리,9430,130,865173,,,,
20250512,226320,잇츠한불,12100,-200,34346,,,,
20250512,227840,현대코퍼레이션홀딩스,11190,250,27164,,,,
20250512,229640,LS에코에너지,33250,100,168434,,,,
20250512,234080,JW생명과학,11900,-50,34407,,,,
20250512,241560,두산밥캣,48050,700,166280,,,,
20250512,241590,화승엔터프라이즈,8060,290,149882,,,,
20250512,244920,에이플러스에셋,5030,280,492635,,,,
20250512,248070,솔루엠,16500,210,128940,,,,
20250512,248170,샘표식품,26800,-200,7889,,,,
20250512,249420,일동제약,11590,30,27300,,,,
20250512,251270,넷마블,50500,-1000,166985,,,,
20250512,259960,크래프톤,376500,1500,60723,,,,
20250512,264900,크라운제과,8540,60,12719,,,,
20250512,26490K,크라운제과우,10040,80,5304,,,,
20250512,267250,HD현대,80800,1400,208363,,,,
20250512,267260,HD현대일렉트릭,341000,6500,304741,,,,
20250512,267270,HD건설기계,72100,2500,119934,,,,
20250512,267290,경동도시가스,17870,220,12706,,,,
20250512,267850,아시아나IDT,11720,70,4839,,,,
20250512,268280,미원에스씨,154500,-1000,939,,,,
20250512,271560,오리온,123400,-3500,115063,,,,
20250512,271940,일진하이솔루스,13570,450,47974,,,,
20250512,271980,제일약품,12150,10,41626,,,,
20250512,272210,한화시스템,42950,-3900,3926050,,,,
20250512,272450,진에어,9290,100,71770,,,,
20250512,272550,삼양패키징,13450,-110,20922,,,,
20250512,278470,에이피알,102500,-200,792584,,,,
20250512,280360,롯데웰푸드,116100,1300,12813,,,,
20250512,281820,케이씨텍,27100,950,144788,,,,
20250512,282330,BGF리테일,101800,300,62668,,,,
20250512,284740,쿠쿠홈시스,23000,600,39094,,,,
20250512,285130,SK케미칼,50900,2050,133291,,,,
20250512,28513K,SK케미칼우,22300,600,11002,,,,
20250512,286940,롯데이노베이트,19250,160,10646,,,,
20250512,293480,하나제약,11540,70,14543,,,,
20250512,293940,신한알파리츠,5740,0,95964,,,,
20250512,294870,IPARK현대산업개발,25100,300,343392,,,,
20250512,298000,효성화학,77800,0,0,,,,
20250512,298020,효성티앤씨,239500,2500,4614,,,,
20250512,298040,효성중공업,527000,9000,59483,,,,
20250512,298050,HS효성첨단소재,190000,-1300,6723,,,,
20250512,298690,에어부산,2125,25,129559,,,,
20250512,300720,한일시멘트,18210,710,83827,,,,
20250512,302440,SK바이오사이언스,39550,-750,112611,,,,
20250512,306200,세아제강,170400,-2700,17053,,,,
20250512,307950,현대오토에버,132700,2400,54022,,,,
20250512,308170,씨티알모빌리티,6130,210,10994,,,,
20250512,316140,우리금융지주,17850,160,1095799,,,,
20250512,317400,자이에스앤디,3470,135,52350,,,,
20250512,322000,HD현대에너지솔루션,33100,1150,410855,,,,
20250512,323410,카카오뱅크,23050,350,223785,,,,
20250512,326030,SK바이오팜,88500,-1900,436640,,,,
20250512,329180,HD현대중공업,404500,-8500,258468,,,,
20250512,330590,롯데리츠,3635,35,262185,,,,
20250512,334890,이지스밸류플러스리츠,4637,10,109021,,,,
20250512,336260,두산퓨얼셀,16280,270,222337,,,,
20250512,33626K,두산퓨얼셀1우,4695,90,25151,,,,
20250512,33626L,두산퓨얼셀2우B,8000,100,3308,,,,
20250512,336370,솔루스첨단소재,8610,540,421904,,,,
20250512,33637K,솔루스첨단소재1우,1843,63,851699,,,,
20250512,33637L,솔루스첨단소재2우B,4625,515,736860,,,,
20250512,338100,NH프라임리츠,4640,0,41036,,,,
20250512,339770,교촌에프앤비,5210,10,72445,,,,
20250512,344820,KCC글라스,32400,650,38119,,,,
20250512,348950,제이알글로벌리츠,2760,5,361615,,,,
20250512,350520,이지스레지던스리츠,4295,0,38799,,,,
20250512,352820,하이브,265500,-4500,158328,,,,
20250512,353200,대덕전자,15140,860,436367,,,,
20250512,35320K,대덕전자1우,7680,-10,10990,,,,
20250512,357120,코람코라이프인프라리츠,4585,25,120738,,,,
20250512,357250,미래에셋맵스리츠,2810,25,33919,,,,
20250512,357430,마스턴프리미어리츠,1473,-6,52964,,,,
20250512,361610,SK아이이테크놀로지,23350,950,107416,,,,
20250512,363280,티와이홀딩스,2225,-75,350800,,,,
20250512,36328K,티와이홀딩스우,3630,-400,147143,,,,
20250512,365550,ESR켄달스퀘어리츠,4653,-165,398432,,,,
20250512,372910,한컴라이프케어,2950,-155,451257,,,,
20250512,373220,LG에너지솔루션,321500,3500,133817,,,,
20250512,375500,DL이앤씨,45600,2550,216027,,,,
20250512,37550K,DL이앤씨우,18680,660,9536,,,,
20250512,37550L,DL이앤씨2우(전환),30500,1300,8958,,,,
20250512,377190,디앤디플랫폼리츠,3225,5,34372,,,,
20250512,377300,카카오페이,29500,100,191721,,,,
20250512,377740,바이오노트,4540,55,39358,,,,
20250512,378850,화승알앤에이,3240,45,37718,,,,
20250512,381970,케이카,14150,260,108257,,,,
20250512,383220,F&F,69700,1300,23451,,,,
20250512,383800,LX홀딩스,6900,230,179516,,,,
20250512,38380K,LX홀딩스1우,8170,0,1421,,,,
20250512,395400,SK리츠,4930,15,136910,,,,
20250512,396690,미래에셋글로벌리츠,2795,25,71076,,,,
20250512,400760,NH올원리츠,3596,5,92063,,,,
20250512,402340,SK스퀘어,95200,1500,153931,,,,
20250512,403550,쏘카,14010,-210,3869,,,,
20250512,404990,신한서부티엔디리츠,3535,35,42152,,,,
20250512,415640,KB발해인프라,7830,60,51776,,,,
20250512,417310,코람코더원리츠,5320,160,190132,,,,
20250512,432320,KB스타리츠,4000,15,57906,,,,
20250512,443060,HD현대마린솔루션,163200,-6600,194736,,,,
20250512,446070,유니드비티플러스,4055,0,96668,,,,
20250512,448730,삼성FN리츠,4580,15,43717,,,,
20250512,450080,에코프로머티,53100,1100,236143,,,,
20250512,451800,한화리츠,3810,5,200472,,,,
20250512,452260,한화갤러리아,1239,9,768963,,,,
20250512,45226K,한화갤러리아우,2345,45,2601,,,,
20250512,453340,현대그린푸드,15500,-10,17792,,,,
20250512,454910,두산로보틱스,49350,1100,152131,,,,
20250512,456040,OCI,58300,1000,22162,,,,
20250512,457190,이수스페셜티케미컬,42600,1000,135155,,,,
20250512,460850,동국씨엠,6400,210,40040,,,,
20250512,460860,동국제강,9640,660,321462,,,,
20250512,462520,조선내화,13490,10,2682,,,,
20250512,462870,시프트업,54600,-700,95798,,,,
20250512,465770,STX그린로지스,8700,170,91902,,,,
20250512,475150,SK이터닉스,16940,-60,332245,,,,
20250512,475560,더본코리아,26600,450,87238,,,,
20250512,480370,씨케이솔루션,4022,-47,494040,,,,
20250512,481850,신한글로벌액티브리츠,1613,2,30653,,,,
20250512,484870,엠앤씨솔루션,35666,-1867,261621,,,,
20250512,487570,HS효성,40600,-100,1392,,,,
20250512,489790,한화비전,60300,-2400,808290,,,,
20250512,499790,GS피앤엘,22850,1450,302432,,,,
20250512,900140,엘브이엠씨홀딩스,1808,11,349454,,,,
20250512,950210,프레스티지바이오파마,13900,420,115260,,,,
20250513,000020,동화약품,6300,20,62597,,,,
20250513,000040,KR모터스,2205,-30,32368,,,,
20250513,000050,경방,8350,-870,2198984,,,,
20250513,000070,삼양홀딩스,42373,66,27222,,,,
20250513,000080,하이트진로,19150,-160,154976,,,,
20250513,000087,하이트진로2우B,15300,50,329,,,,
20250513,000100,유한양행,107800,2800,395733,,,,
20250513,000105,유한양행우,99400,3200,5635,,,,
20250513,000120,CJ대한통운,82900,-2600,92836,,,,
20250513,000140,하이트진로홀딩스,8480,-30,17959,,,,
20250513,000145,하이트진로홀딩스우,10900,230,35,,,,
20250513,000150,두산,374500,17000,230501,,,,
20250513,000155,두산우,232000,10500,74669,,,,
20250513,000157,두산2우B,258000,11500,8083,,,,
20250513,000180,성창기업지주,6775,30,9715,,,,
20250513,000210,DL,37750,500,79716,,,,
20250513,000215,DL우,20750,50,2962,,,,
20250513,000220,유유제약,4535,20,44037,,,,
20250513,000225,유유제약1우,4865,25,8150,,,,
20250513,000227,유유제약2우B,9900,-70,3656,,,,
20250513,000230,일동홀딩스,6100,-20,17497,,,,
20250513,000240,한국앤컴퍼니,16150,440,158731,,,,
20250513,000270,기아,93700,1300,1369914,,,,
20250513,000300,DH오토넥스,4200,0,0,,,,
20250513,000320,노루홀딩스,15260,240,19518,,,,
20250513,000325,노루홀딩스우,29250,-250,125,,,,
20250513,000370,한화손해보험,4005,-75,99129,,,,
20250513,000390,SP삼화,6050,-30,17963,,,,
20250513,000400,롯데손해보험,1585,9,264905,,,,
20250513,000430,대원강업,3900,45,44135,,,,
20250513,000480,CR홀딩스,5230,10,10218,,,,
20250513,000490,대동,10880,150,157786,,,,
20250513,000500,가온전선,34396,-945,228354,,,,
20250513,000520,삼일제약,12410,30,165130,,,,
20250513,000540,흥국화재,3405,-60,64805,,,,
20250513,000545,흥국화재우,8690,-70,66133,,,,
20250513,000590,CS홀딩스,74000,-300,405,,,,
20250513,000640,동아쏘시오홀딩스,97801,389,8503,,,,
20250513,000650,천일고속,39900,-100,171,,,,
20250513,000660,SK하이닉스,198500,3500,3385009,,,,
20250513,000670,영풍,35898,-876,19906,,,,
20250513,000680,LS네트웍스,3570,0,279631,,,,
20250513,000700,유수홀딩스,5500,0,6107,,,,
20250513,000720,현대건설,43500,-700,457940,,,,
20250513,000725,현대건설우,54000,500,6767,,,,
20250513,000760,이화산업,10810,10,2445,,,,
20250513,000810,삼성화재,377500,-4500,100636,,,,
20250513,000815,삼성화재우,281000,-500,7322,,,,
20250513,000850,화천기공,29650,150,2621,,,,
20250513,000860,강남제비스코,12460,260,30808,,,,
20250513,000880,한화,59183,480,218403,,,,
20250513,00088K,한화3우B,22804,0,85040,,,,
20250513,000890,보해양조,2450,35,117020,,,,
20250513,000910,유니온,4940,-130,349916,,,,
20250513,000950,전방,24900,-100,526,,,,
20250513,000970,한국주철관,7310,0,97089,,,,
20250513,000990,DB하이텍,39800,550,149150,,,,
20250513,001020,페이퍼코리아,3790,-5,10954,,,,
20250513,001040,CJ,127000,-3200,102865,,,,
20250513,001045,CJ우,71500,-100,7817,,,,
20250513,00104K,CJ4우(전환),103300,-700,8100,,,,
20250513,001060,JW중외제약,21950,50,51311,,,,
20250513,001065,JW중외제약우,28650,-100,74,,,,
20250513,001067,JW중외제약2우B,60800,0,1,,,,
20250513,001070,대한방직,5190,-60,11640,,,,
20250513,001080,만호제강,2725,-10,15760,,,,
20250513,001120,LX인터내셔널,27250,250,103972,,,,
20250513,001130,대한제분,13500,-60,10760,,,,
20250513,001200,유진투자증권,2940,20,500464,,,,
20250513,001210,금호전기,6030,180,116754,,,,
20250513,001230,동국홀딩스,1674,2,162811,,,,
20250513,001250,GS글로벌,2600,-5,441254,,,,
20250513,001260,남광토건,8470,-210,18867,,,,
20250513,001270,부국증권,31500,-350,29448,,,,
20250513,001275,부국증권우,22300,-50,3578,,,,
20250513,001290,상상인증권,465,10,211999,,,,
20250513,001340,PKC,6110,0,75495,,,,
20250513,001360,삼성제약,1490,6,122428,,,,
20250513,001380,SG글로벌,3654,34,150711,,,,
20250513,001390,KG케미칼,3975,10,188900,,,,
20250513,001420,태원물산,4050,30,3433,,,,
20250513,001430,세아베스틸지주,18070,-300,45168,,,,
20250513,001440,대한전선,11960,50,439850,,,,
20250513,001450,현대해상,21900,-150,199376,,,,
20250513,001460,BYC,31000,800,5371,,,,
20250513,001465,BYC우,13990,310,3002,,,,
20250513,001470,삼부토건,347,0,0,,,,
20250513,001500,현대차증권,6610,-70,187146,,,,
20250513,001510,SK증권,1011,8,777067,,,,
20250513,001515,SK증권우,3512,-54,2046,,,,
20250513,001520,동양,1100,-6,254981,,,,
20250513,001525,동양우,8240,-80,5436,,,,
20250513,001527,동양2우B,17380,80,490,,,,
20250513,001530,DI동일,34048,-238,25658,,,,
20250513,001550,조비,12100,-100,15204,,,,
20250513,001560,제일연마,9400,-200,22972,,,,
20250513,001570,금양,9900,0,0,,,,
20250513,001620,케이비아이동국실업,2655,-10,4657,,,,
20250513,001630,종근당홀딩스,49150,1350,7561,,,,
20250513,001680,대상,24400,150,89577,,,,
20250513,001685,대상우,16690,120,10516,,,,
20250513,001720,신영증권,110600,3300,36101,,,,
20250513,001740,SK네트웍스,4140,-45,324778,,,,
20250513,001750,한양증권,14050,0,18268,,,,
20250513,001755,한양증권우,14490,-100,2136,,,,
20250513,001770,SHD,16380,-10,1825,,,,
20250513,001780,알루코,2335,0,571315,,,,
20250513,001790,대한제당,2730,0,2111542,,,,
20250513,001795,대한제당우,2295,-5,509980,,,,
20250513,001800,오리온홀딩스,19500,-180,213252,,,,
20250513,001820,삼화콘덴서,25900,200,30299,,,,
20250513,001940,KISCO홀딩스,20850,0,8482,,,,
20250513,002020,코오롱,22450,-100,35945,,,,
20250513,002025,코오롱우,14160,-200,1239,,,,
20250513,002030,아세아,264500,1500,507,,,,
20250513,002070,비비안,16900,-790,15324,,,,
20250513,002100,경농,9340,10,13544,,,,
20250513,002140,고려산업,2860,-30,172105,,,,
20250513,002150,도화엔지니어링,6660,-10,19687,,,,
20250513,002170,SYTS,47600,400,928,,,,
20250513,002200,한국수출포장,2810,5,34787,,,,
20250513,002210,동성제약,2780,0,0,,,,
20250513,002220,한일철강,1969,20,51943,,,,
20250513,002240,고려제강,17190,120,10809,,,,
20250513,002310,아세아제지,7090,50,86260,,,,
20250513,002320,한진,20200,1190,262479,,,,
20250513,002350,넥센타이어,5880,-60,138541,,,,
20250513,002355,넥센타이어1우B,2990,70,54062,,,,
20250513,002360,SH에너지화학,4510,20,17725,,,,
20250513,002380,KCC,264500,-3000,17309,,,,
20250513,002390,한독,11640,-80,25853,,,,
20250513,002410,범양건영,1935,0,0,,,,
20250513,002420,세기상사,5000,-40,2929,,,,
20250513,002450,삼익악기,1307,-74,863649,,,,
20250513,002460,HS화성,10020,20,5989,,,,
20250513,002600,조흥,158300,100,3,,,,
20250513,002620,제일파마홀딩스,7960,50,6076,,,,
20250513,002630,오리엔트바이오,3340,-220,3412837,,,,
20250513,002690,동일제강,1395,2,9743,,,,
20250513,002700,신일전자,1544,1,293901,,,,
20250513,002710,TCC스틸,19930,-520,117830,,,,
20250513,002720,국제약품,4640,70,127262,,,,
20250513,002760,보락,1138,13,179332,,,,
20250513,002780,진흥기업,757,4,256758,,,,
20250513,002785,진흥기업우B,3355,0,464,,,,
20250513,002787,진흥기업2우B,9550,-190,1152,,,,
20250513,002790,아모레퍼시픽홀딩스,22950,50,78840,,,,
20250513,002795,아모레퍼시픽홀딩스우,9520,20,9783,,,,
20250513,00279K,아모레퍼시픽홀딩스3우C,18390,-290,10116,,,,
20250513,002810,삼영무역,14030,60,15271,,,,
20250513,002820,SUN&L,3045,-70,38248,,,,
20250513,002840,미원상사,187300,-2200,1250,,,,
20250513,002870,신풍,1094,0,82553,,,,
20250513,002880,디와이에이,1017,53,435711,,,,
20250513,002900,TYM,5020,400,2393667,,,,
20250513,002920,유성기업,1947,11,19233,,,,
20250513,002960,한국쉘석유,377000,12000,3994,,,,
20250513,002990,금호건설,2865,0,60997,,,,
20250513,002995,금호건설우,12540,150,6721,,,,
20250513,003000,부광약품,3651,50,61911,,,,
20250513,003010,혜인,5040,0,26997,,,,
20250513,003030,세아제강지주,222500,500,11332,,,,
20250513,003060,에이프로젠바이오로직스,680,11,208577,,,,
20250513,003070,코오롱글로벌,8740,-140,12565,,,,
20250513,003075,코오롱글로벌우,15790,-110,567,,,,
20250513,003080,SB성보,2540,-20,50276,,,,
20250513,003090,대웅,19810,-490,31172,,,,
20250513,003120,일성아이에스,16660,-30,8350,,,,
20250513,003160,디아이,15330,60,546010,,,,
20250513,003200,일신방직,9170,30,26918,,,,
20250513,003220,대원제약,13810,10,31404,,,,
20250513,003230,삼양식품,950000,4000,40105,,,,
20250513,003240,태광산업,840000,-15000,1301,,,,
20250513,003280,흥아해운,1626,30,2260652,,,,
20250513,003300,한일홀딩스,15280,-60,14061,,,,
20250513,003350,한국화장품제조,10940,-40,238680,,,,
20250513,003460,유화증권,2415,-5,14273,,,,
20250513,003465,유화증권우,2405,0,72,,,,
20250513,003470,유안타증권,3045,40,525106,,,,
20250513,003475,유안타증권우,3170,10,29624,,,,
20250513,003480,한진중공업홀딩스,4640,0,36885,,,,
20250513,003490,대한항공,22450,-150,1101506,,,,
20250513,003495,대한항공우,23450,800,57393,,,,
20250513,003520,영진약품,2000,-5,95797,,,,
20250513,003530,한화투자증권,3695,5,602634,,,,
20250513,003535,한화투자증권우,6200,-20,4974,,,,
20250513,003540,대신증권,19880,470,210917,,,,
20250513,003545,대신증권우,17700,260,168125,,,,
20250513,003547,대신증권2우B,17090,240,50255,,,,
20250513,003550,LG,68300,-400,123509,,,,
20250513,003555,LG우,57400,200,4630,,,,
20250513,003570,SNT다이내믹스,33200,-400,109342,,,,
20250513,003580,HLB글로벌,3095,10,72267,,,,
20250513,003610,방림,3945,25,30825,,,,
20250513,003620,KG모빌리티,3605,210,886167,,,,
20250513,003650,미창석유,101100,0,300,,,,
20250513,003670,포스코퓨처엠,116414,-3005,594253,,,,
20250513,003680,한성기업,5090,20,15814,,,,
20250513,003690,코리안리,8110,-80,285285,,,,
20250513,003720,삼영,4115,-140,111029,,,,
20250513,003780,진양산업,5730,-10,202890,,,,
20250513,003830,대한화섬,121900,1200,745,,,,
20250513,003850,보령,8530,50,394638,,,,
20250513,003920,남양유업,81700,-400,15158,,,,
20250513,003925,남양유업우,39900,350,4003,,,,
20250513,003960,사조대림,40200,-200,11035,,,,
20250513,004000,롯데정밀화학,36350,-100,31216,,,,
20250513,004020,현대제철,25900,-200,394531,,,,
20250513,004060,SG세계물산,3320,0,40563,,,,
20250513,004080,신흥,14600,10,5983,,,,
20250513,004090,한국석유,12410,100,28165,,,,
20250513,004100,태양금속,2495,-55,1461925,,,,
20250513,004105,태양금속우,3425,-95,118796,,,,
20250513,004140,동방,2470,-75,1379044,,,,
20250513,004150,한솔홀딩스,2540,10,47701,,,,
20250513,004170,신세계,164000,-8700,57993,,,,
20250513,004250,NPC,4180,35,18139,,,,
20250513,004255,NPC우,2400,10,5976,,,,
20250513,004270,남성,8618,80,2831,,,,
20250513,004310,현대약품,3350,0,4889020,,,,
20250513,004360,세방,12000,120,31693,,,,
20250513,004365,세방우,8010,10,1602,,,,
20250513,004370,농심,408500,-3000,19820,,,,
20250513,004380,삼익THK,13000,0,0,,,,
20250513,004410,서울식품,1630,10,221502,,,,
20250513,004415,서울식품우,12270,-120,441,,,,
20250513,004430,송원산업,12050,-110,10415,,,,
20250513,004440,삼일씨엔에스,4240,15,25656,,,,
20250513,004450,삼화왕관,37950,-650,1314,,,,
20250513,004490,세방전지,70000,200,45247,,,,
20250513,004540,깨끗한나라,2480,-5,128336,,,,
20250513,004545,깨끗한나라우,13380,30,2233,,,,
20250513,004560,현대비앤지스틸,12020,-110,27119,,,,
20250513,004690,삼천리,94600,400,8139,,,,
20250513,004700,조광피혁,53300,900,2093,,,,
20250513,004710,한솔테크닉스,4910,5,173674,,,,
20250513,004720,팜젠사이언스,3990,20,27592,,,,
20250513,004770,써니전자,1758,-17,479122,,,,
20250513,004800,효성,54200,1400,19611,,,,
20250513,004830,덕성,6000,-100,151728,,,,
20250513,004835,덕성우,7870,60,9093,,,,
20250513,004840,DRB동일,4345,40,27402,,,,
20250513,004870,티웨이홀딩스,3272,-24,45434,,,,
20250513,004890,동일산업,44250,150,1510,,,,
20250513,004910,조광페인트,6440,-10,48523,,,,
20250513,004920,씨아이테크,1351,-13,109590,,,,
20250513,004960,한신공영,7470,-130,28388,,,,
20250513,004970,신라교역,9300,60,8812,,,,
20250513,004980,성신양회,9550,-320,421979,,,,
20250513,004985,성신양회우,13700,-940,96336,,,,
20250513,004990,롯데지주,24250,0,170193,,,,
20250513,00499K,롯데지주우,27300,-150,245,,,,
20250513,005010,휴스틸,4920,35,455740,,,,
20250513,005030,부산주공,486,0,0,,,,
20250513,005070,코스모신소재,36750,-1050,166206,,,,
20250513,005090,SGC에너지,23500,100,12962,,,,
20250513,005110,한창,1254,0,0,,,,
20250513,005180,빙그레,97400,2000,52614,,,,
20250513,005250,녹십자홀딩스,13690,20,32719,,,,
20250513,005257,녹십자홀딩스2우,20450,-300,62,,,,
20250513,005300,롯데칠성,103700,-1600,26752,,,,
20250513,005305,롯데칠성우,64000,0,1263,,,,
20250513,005320,온타이드,900,-14,156465,,,,
20250513,005360,모나미,2065,15,15609,,,,
20250513,005380,현대차,196700,900,462830,,,,
20250513,005385,현대차우,153600,300,64266,,,,
20250513,005387,현대차2우B,155300,500,76825,,,,
20250513,005389,현대차3우B,153400,700,10825,,,,
20250513,005420,코스모화학,14520,-330,111940,,,,
20250513,005430,한국공항,51100,-600,4921,,,,
20250513,005440,현대지에프홀딩스,6030,60,264870,,,,
20250513,005490,POSCO홀딩스,257500,-5500,259035,,,,
20250513,005500,삼진제약,17770,-110,12642,,,,
20250513,005610,삼립,60500,100,10784,,,,
20250513,005680,삼영전자,10750,50,13689,,,,
20250513,005690,파미셀,11420,450,2330558,,,,
20250513,005720,넥센,5290,-10,59182,,,,
20250513,005725,넥센우,3655,105,8316,,,,
20250513,005740,크라운해태홀딩스,6170,0,57144,,,,
20250513,005745,크라운해태홀딩스우,8900,-160,5773,,,,
20250513,005750,대림바스,4000,-25,8030,,,,
20250513,005800,신영와코루,11060,330,42701,,,,
20250513,005810,풍산홀딩스,28400,-250,37017,,,,
20250513,005820,원림,14070,0,1974,,,,
20250513,005830,DB손해보험,92500,200,109375,,,,
20250513,005850,에스엘,33950,100,140027,,,,
20250513,005870,휴니드,8400,0,222326,,,,
20250513,005880,대한해운,1570,20,1982584,,,,
20250513,005930,삼성전자,56900,-700,16842801,,,,
20250513,005935,삼성전자우,47000,-450,935674,,,,
20250513,005940,NH투자증권,16190,410,944660,,,,
20250513,005945,NH투자증권우,14490,150,104996,,,,
20250513,005950,이수화학,5600,0,19667,,,,
20250513,005960,동부건설,4060,-10,15007,,,,
20250513,005965,동부건설우,20150,0,183,,,,
20250513,006040,동원산업,41700,50,37688,,,,
20250513,006060,화승인더,4895,65,87304,,,,
20250513,006090,사조오양,8440,-40,17630,,,,
20250513,006110,삼아알미늄,23100,-500,32681,,,,
20250513,006120,SK디스커버리,42850,600,31228,,,,
20250513,006125,SK디스커버리우,36000,250,5769,,,,
20250513,006200,한국전자홀딩스,3435,30,6955,,,,
20250513,006220,제주은행,10400,-110,96193,,,,
20250513,006260,LS,142500,4200,226186,,,,
20250513,006280,녹십자,119900,1800,19892,,,,
20250513,006340,대원전선,2900,10,1670524,,,,
20250513,006345,대원전선우,3970,-65,30757,,,,
20250513,006360,GS건설,18810,-160,311693,,,,
20250513,006370,대구백화점,7000,-70,66909,,,,
20250513,006380,카프로,3660,0,0,,,,
20250513,006400,삼성SDI,170900,-4000,296932,,,,
20250513,006405,삼성SDI우,106600,-3800,6569,,,,
20250513,006490,프리티,7610,-85,334461,,,,
20250513,006570,대림통상,2400,-60,6778,,,,
20250513,006650,대한유화,84600,-1200,16252,,,,
20250513,006660,삼성공조,15340,100,187004,,,,
20250513,006740,블루산업개발,2345,-37,61195,,,,
20250513,006800,미래에셋증권,12794,249,1296618,,,,
20250513,006805,미래에셋증권우,5548,49,79784,,,,
20250513,00680K,미래에셋증권2우B,4886,10,1790142,,,,
20250513,006840,AK홀딩스,10630,-10,5864,,,,
20250513,006880,신송홀딩스,7310,30,72729,,,,
20250513,006890,태경케미컬,11860,70,23976,,,,
20250513,006980,우성,16790,90,2940,,,,
20250513,007070,GS리테일,14170,-250,121248,,,,
20250513,007110,일신석재,2220,-10,1384094,,,,
20250513,007120,미래아이앤지,1229,-124,1147369,,,,
20250513,007160,사조산업,38100,150,9869,,,,
20250513,007210,벽산,2435,0,154157,,,,
20250513,007280,한국특강,3444,0,12203,,,,
20250513,007310,오뚜기,396000,-1000,3543,,,,
20250513,007340,DN오토모티브,21150,450,89670,,,,
20250513,007460,에이프로젠,691,-3,1112558,,,,
20250513,007540,샘표,42050,0,802,,,,
20250513,007570,일양약품,14174,-202,40364,,,,
20250513,007575,일양약품우,14578,-70,514,,,,
20250513,007590,동방아그로,6170,20,3695,,,,
20250513,007610,선도전기,3000,0,0,,,,
20250513,007660,이수페타시스,41100,800,1212860,,,,
20250513,007690,국도화학,33650,-50,4387,,,,
20250513,007700,F&F홀딩스,12730,-40,4852,,,,
20250513,007810,코리아써키트,11070,230,58978,,,,
20250513,007815,코리아써우,5810,-40,1547,,,,
20250513,00781K,코리아써키트2우B,5530,-40,93,,,,
20250513,007860,서연,7940,130,80472,,,,
20250513,007980,TP,1294,0,130684,,,,
20250513,008040,사조동아원,1067,7,297459,,,,
20250513,008060,대덕,7960,10,59149,,,,
20250513,00806K,대덕1우,7920,-50,347,,,,
20250513,008250,이건산업,5520,-130,46283,,,,
20250513,008260,NI스틸,3475,-25,68571,,,,
20250513,008350,남선알미늄,1290,-9,977051,,,,
20250513,008355,남선알미우,13280,20,2829,,,,
20250513,008420,문배철강,2360,-5,40911,,,,
20250513,008490,서흥,15560,490,67157,,,,
20250513,008600,윌비스,7953,-1510,1467401,,,,
20250513,008700,아남전자,1483,-25,772607,,,,
20250513,008730,율촌화학,27200,400,41309,,,,
20250513,008770,호텔신라,42950,-1150,123784,,,,
20250513,008775,호텔신라우,33750,-50,5413,,,,
20250513,008870,금비,53700,-500,1925,,,,
20250513,008930,한미사이언스,30950,1200,287888,,,,
20250513,008970,KBI동양철관,2458,-9,4166344,,,,
20250513,009070,KCTC,3945,20,34728,,,,
20250513,009140,경인전자,19440,-20,1937,,,,
20250513,009150,삼성전기,126000,200,288938,,,,
20250513,009155,삼성전기우,56900,-200,12273,,,,
20250513,009160,SIMPAC,4120,15,66066,,,,
20250513,009180,한솔로지스틱스,2200,15,105822,,,,
20250513,009190,대양금속,1796,2,142581,,,,
20250513,009200,무림페이퍼,2165,-10,108941,,,,
20250513,009240,한샘,41800,-1050,19320,,,,
20250513,009270,신원,1731,35,572099,,,,
20250513,009290,광동제약,5550,10,24237,,,,
20250513,009310,참엔지니어링,1320,-1,63729,,,,
20250513,009320,아진전자부품,1009,-1,31026,,,,
20250513,009410,태영건설,2580,20,365644,,,,
20250513,009415,태영건설우,5690,-570,132213,,,,
20250513,009420,한올바이오파마,27000,750,181708,,,,
20250513,009440,KC그린홀딩스,756,0,0,,,,
20250513,009450,경동나비엔,77800,1000,122297,,,,
20250513,009460,한창제지,3765,-140,66151,,,,
20250513,009470,삼화전기,29950,50,63501,,,,
20250513,009540,HD한국조선해양,283000,10000,285046,,,,
20250513,009580,무림P&P,2925,-5,29834,,,,
20250513,009680,모토닉,9720,0,28096,,,,
20250513,009770,삼정펄프,26700,150,603,,,,
20250513,009810,MDS스피어,3165,10,22524,,,,
20250513,009830,한화솔루션,31787,849,3811548,,,,
20250513,009835,한화솔루션우,23844,-226,36918,,,,
20250513,009900,명신산업,8610,300,205646,,,,
20250513,009970,영원무역홀딩스,105300,4500,12488,,,,
20250513,010040,한국내화,2385,20,26156,,,,
20250513,010060,OCI홀딩스,73900,5400,274267,,,,
20250513,010100,한국무브넥스,4115,0,126749,,,,
20250513,010120,LS ELECTRIC,46900,900,963275,,,,
20250513,010130,고려아연,818000,-40000,15563,,,,
20250513,010140,삼성중공업,14260,-240,6038035,,,,
20250513,010400,우진아이엔에스,2705,-5,2494,,,,
20250513,010580,에스엠벡셀,1214,5,27840,,,,
20250513,010640,진양폴리,3512,-17,123454,,,,
20250513,010660,화천기계,4290,60,254467,,,,
20250513,010690,화신,8170,80,131291,,,,
20250513,010770,평화홀딩스,13070,1500,13130561,,,,
20250513,010780,아이에스동서,19480,-10,23713,,,,
20250513,010820,퍼스텍,3710,-145,686820,,,,
20250513,010950,S-Oil,52500,100,85283,,,,
20250513,010955,S-Oil우,35550,100,5620,,,,
20250513,010960,삼호개발,3430,-100,186238,,,,
20250513,011000,진원생명과학,10425,125,47774,,,,
20250513,011070,LG이노텍,153200,3700,225285,,,,
20250513,011090,에넥스,4120,-180,128674,,,,
20250513,011150,CJ씨푸드,3080,-285,1507853,,,,
20250513,011155,CJ씨푸드1우,17450,-390,1909,,,,
20250513,011170,롯데케미칼,63300,-1800,68007,,,,
20250513,011200,HMM,20400,1120,5925521,,,,
20250513,011210,현대위아,43750,50,88481,,,,
20250513,011230,삼화전자,4265,-75,152309,,,,
20250513,011280,태림포장,2090,0,42728,,,,
20250513,011300,우성머티리얼스,5010,-140,36354,,,,
20250513,011330,유니켐,17490,940,23561,,,,
20250513,011390,부산산업,100200,1300,9722,,,,
20250513,011420,갤럭시아에스엠,2415,10,752904,,,,
20250513,011500,한농화성,14640,-160,45316,,,,
20250513,011690,와이투솔루션,2865,-40,531568,,,,
20250513,011700,한신기계,2945,15,78307,,,,
20250513,011760,현대코퍼레이션,23500,-100,25828,,,,
20250513,011780,금호석유화학,114400,-900,134691,,,,
20250513,011785,금호석유화학우,54800,0,5930,,,,
20250513,011790,SKC,93993,658,147439,,,,
20250513,011810,STX,3385,-15,35930,,,,
20250513,011930,신성이엔지,14160,-350,237678,,,,
20250513,012030,DB,1277,17,2242394,,,,
20250513,012160,영흥,2510,-150,140898,,,,
20250513,012170,아센디오,4115,-355,157008,,,,
20250513,012200,계양전기,1414,11,25543,,,,
20250513,012205,계양전기우,3664,44,1266,,,,
20250513,012280,영화금속,857,6,95890,,,,
20250513,012320,경동인베스트,57200,-100,3008,,,,
20250513,012330,현대모비스,257000,-4000,204302,,,,
20250513,012450,한화에어로스페이스,791703,-15755,366566,,,,
20250513,012610,경인양행,3295,30,28599,,,,
20250513,012630,HDC,19360,310,152834,,,,
20250513,012690,모나리자,2870,-5,195035,,,,
20250513,012750,에스원,65000,0,25288,,,,
20250513,012800,대창,1304,-5,226247,,,,
20250513,013000,세우글로벌,1220,0,98930,,,,
20250513,013360,일성건설,2960,-130,1041187,,,,
20250513,013520,화승코퍼레이션,1920,6,41045,,,,
20250513,013570,디와이,4045,45,42482,,,,
20250513,013580,계룡건설,24950,-1300,1090654,,,,
20250513,013700,까뮤이앤씨,1167,-23,69612,,,,
20250513,013870,지엠비코리아,4080,-5,7646,,,,
20250513,013890,지누스,18090,-90,60250,,,,
20250513,014130,한익스프레스,3415,-20,14244,,,,
20250513,014160,대영포장,1679,-208,67380709,,,,
20250513,014280,금강공업,4930,110,142084,,,,
20250513,014285,금강공업우,7200,90,1907,,,,
20250513,014440,영보화학,4870,10,80014,,,,
20250513,014530,극동유화,3410,20,69697,,,,
20250513,014580,태경비케이,4715,-25,42423,,,,
20250513,014680,한솔케미칼,116200,-900,75221,,,,
20250513,014710,사조씨푸드,5690,-570,739961,,,,
20250513,014790,HL D&I,2465,-40,67126,,,,
20250513,014820,동원시스템즈,31150,-1100,29296,,,,
20250513,014825,동원시스템즈우,17750,-150,119,,,,
20250513,014830,유니드,87000,-2800,37236,,,,
20250513,014910,성문전자,1141,-13,15289,,,,
20250513,014915,성문전자우,4520,-80,1095,,,,
20250513,014990,인디에프,4725,-10,29609,,,,
20250513,015020,이스타코,2962,-180,554957,,,,
20250513,015230,대창단조,5110,0,37113,,,,
20250513,015260,에이엔피,455,-4,45870,,,,
20250513,015360,INVENI,10360,40,24815,,,,
20250513,015590,DKME,2575,0,0,,,,
20250513,015760,한국전력,25750,-1150,5507277,,,,
20250513,015860,일진홀딩스,3880,20,40201,,,,
20250513,015890,태경산업,4940,30,23451,,,,
20250513,016090,대현,1955,-2,91824,,,,
20250513,016360,삼성증권,55500,900,340829,,,,
20250513,016380,KG스틸,5900,0,61432,,,,
20250513,016450,한세예스24홀딩스,3855,25,21474,,,,
20250513,016580,환인제약,11560,10,8390,,,,
20250513,016590,신대양제지,8210,-130,34630,,,,
20250513,016610,DB증권,6510,70,60508,,,,
20250513,016710,대성홀딩스,7450,-10,10685,,,,
20250513,016740,두올,3105,-10,32564,,,,
20250513,016800,퍼시스,43800,-450,604,,,,
20250513,016880,웅진,1628,87,2989133,,,,
20250513,017040,광명전기,1567,-62,362435,,,,
20250513,017180,명문제약,1650,7,36638,,,,
20250513,017370,우신시스템,6980,560,380519,,,,
20250513,017390,서울가스,51900,100,3751,,,,
20250513,017550,수산세보틱스,1869,18,51747,,,,
20250513,017670,SK텔레콤,51600,-600,1173452,,,,
20250513,017800,현대엘리베이터,77500,1200,158221,,,,
20250513,017810,풀무원,15270,260,59309,,,,
20250513,017860,DS단석,25253,495,100105,,,,
20250513,017900,광전자,1865,-10,54097,,,,
20250513,017940,E1,64500,1000,9957,,,,
20250513,017960,한국카본,20350,550,415081,,,,
20250513,018250,애경산업,14710,10,85614,,,,
20250513,018260,삼성에스디에스,130500,-500,73321,,,,
20250513,018470,조일알미늄,1611,-1,747708,,,,
20250513,018500,동원모빌리티,1489,-2,331164,,,,
20250513,018670,SK가스,225000,0,23069,,,,
20250513,018880,한온시스템,3244,56,911924,,,,
20250513,019170,신풍제약,7390,0,39365,,,,
20250513,019175,신풍제약우,12050,-90,696,,,,
20250513,019180,티에이치엔,3010,30,160825,,,,
20250513,019490,엑시큐어하이트론,729,5,920347,,,,
20250513,019680,대교,2320,-20,47057,,,,
20250513,019685,대교우B,1307,-23,28501,,,,
20250513,020000,한섬,15900,200,75607,,,,
20250513,020120,키다리스튜디오,3465,-60,163650,,,,
20250513,020150,롯데에너지머티리얼즈,22350,50,77612,,,,
20250513,020560,아시아나항공,9610,-40,135345,,,,
20250513,020760,일진디스플,727,5,62540,,,,
20250513,021050,서원,1226,-4,146210,,,,
20250513,021240,코웨이,102800,10800,593692,,,,
20250513,021820,세원정공,8680,-180,25459,,,,
20250513,022100,포스코DX,23700,-450,306079,,,,
20250513,023000,삼원강재,2385,-15,7983,,,,
20250513,023150,MH에탄올,5080,30,7213,,,,
20250513,023350,한국종합기술,6070,0,50080,,,,
20250513,023450,동남합성,33350,-100,3158,,,,
20250513,023530,롯데쇼핑,75500,-300,87828,,,,
20250513,023590,다우기술,23600,300,106458,,,,
20250513,023800,인지컨트롤스,5920,-10,30131,,,,
20250513,023810,인팩,5870,-10,6108,,,,
20250513,023960,에쓰씨엔지니어링,1262,-31,172995,,,,
20250513,024070,WISCOM,1913,-4,2973,,,,
20250513,024090,디씨엠,12600,-60,13983,,,,
20250513,024110,기업은행,15360,60,692339,,,,
20250513,024720,콜마홀딩스,9270,-100,128356,,,,
20250513,024890,대원화성,4460,-20,5103,,,,
20250513,024900,디와이덕양,2810,-20,40829,,,,
20250513,025000,KPX케미칼,42872,-94,4071,,,,
20250513,025530,SJM홀딩스,3375,5,7747,,,,
20250513,025540,한국단자,65800,1500,26871,,,,
20250513,025560,미래산업,2349,-24,184650,,,,
20250513,025620,차AI헬스케어,7170,-270,55027,,,,
20250513,025750,한솔홈데코,4195,-510,2178511,,,,
20250513,025820,이구산업,4290,-10,78200,,,,
20250513,025860,남해화학,6890,70,76675,,,,
20250513,025890,한국주강,1840,9,50440,,,,
20250513,026890,스틱인베스트먼트,10010,290,91577,,,,
20250513,026940,부국철강,2410,5,168652,,,,
20250513,026960,동서,25400,-400,74955,,,,
20250513,027410,BGF,3580,0,60406,,,,
20250513,027740,마니커,1714,0,51476,,,,
20250513,027970,한국제지,4120,-30,60006,,,,
20250513,028050,삼성E&A,20350,-50,584756,,,,
20250513,028100,동아지질,14730,-270,28914,,,,
20250513,028260,삼성물산,124300,-1000,147343,,,,
20250513,02826K,삼성물산우B,92300,100,1795,,,,
20250513,028670,팬오션,3540,60,1501917,,,,
20250513,029460,케이씨,18940,380,14120,,,,
20250513,029530,신도리코,44050,650,26788,,,,
20250513,029780,삼성카드,42000,-150,55493,,,,
20250513,030000,제일기획,18590,140,170223,,,,
20250513,030190,NICE평가정보,13350,290,49851,,,,
20250513,030200,KT,51000,200,563841,,,,
20250513,030210,다올투자증권,3355,-40,97182,,,,
20250513,030610,교보증권,6980,200,311466,,,,
20250513,030720,동원수산,5450,80,5621,,,,
20250513,031210,서울보증보험,36500,50,127221,,,,
20250513,031430,신세계인터내셔날,10030,-110,120102,,,,
20250513,031820,아이티센씨티에스,6250,-130,22961,,,,
20250513,032350,롯데관광개발,10810,60,453171,,,,
20250513,032560,황금에스티,5370,20,22037,,,,
20250513,032640,LG유플러스,12780,-210,1968646,,,,
20250513,032830,삼성생명,86200,400,137976,,,,
20250513,033240,자화전자,12680,270,78641,,,,
20250513,033250,체시스,5560,100,52473,,,,
20250513,033270,유나이티드제약,19260,0,21563,,,,
20250513,033530,SJG세종,4370,-10,36688,,,,
20250513,033780,KT&G,115700,-400,306571,,,,
20250513,033920,무학,7170,10,124922,,,,
20250513,034020,두산에너빌리티,29650,850,7723345,,,,
20250513,034120,SBS,20400,250,39275,,,,
20250513,034220,LG디스플레이,8670,-60,430946,,,,
20250513,034230,파라다이스,12740,250,319886,,,,
20250513,034310,NICE,11440,360,68879,,,,
20250513,034590,인천도시가스,24950,100,9400,,,,
20250513,034730,SK,136300,-2600,85998,,,,
20250513,03473K,SK우,121900,-1100,1249,,,,
20250513,034830,한국토지신탁,1068,4,220480,,,,
20250513,035000,HS애드,7080,-40,25064,,,,
20250513,035150,백산,14710,630,152063,,,,
20250513,035250,강원랜드,16790,180,517976,,,,
20250513,035420,NAVER,188200,-2000,680047,,,,
20250513,035510,신세계 I&C,12130,-60,102401,,,,
20250513,035720,카카오,37550,-550,1270052,,,,
20250513,036420,콘텐트리중앙,9530,230,123391,,,,
20250513,036460,한국가스공사,38050,-50,468260,,,,
20250513,036530,SNT홀딩스,36500,800,45146,,,,
20250513,036570,NC,150400,1000,84253,,,,
20250513,036580,팜스코,2180,60,249511,,,,
20250513,037270,YG PLUS,5750,140,1097022,,,,
20250513,037560,LG헬로비전,2600,-45,1599568,,,,
20250513,037710,광주신세계,28000,-150,16709,,,,
20250513,039130,하나투어,50700,200,38320,,,,
20250513,039490,키움증권,150200,3000,72877,,,,
20250513,039570,HDC랩스,8990,30,12787,,,,
20250513,041650,상신브레이크,2970,-20,67204,,,,
20250513,042660,한화오션,77700,1500,2835750,,,,
20250513,042700,한미반도체,81000,-2000,1429499,,,,
20250513,044380,주연테크,1670,15,28415,,,,
20250513,044450,KSS해운,9150,100,52543,,,,
20250513,044820,코스맥스비티아이,11920,10,14877,,,,
20250513,047040,대우건설,3690,-10,785402,,,,
20250513,047050,포스코인터내셔널,48500,-500,209174,,,,
20250513,047400,유니온머티리얼,1788,-99,678203,,,,
20250513,047810,한국항공우주,86100,-600,919389,,,,
20250513,049800,우진플라임,2240,30,15928,,,,
20250513,051600,한전KPS,43150,200,108207,,,,
20250513,051630,진양화학,2125,-35,162465,,,,
20250513,051900,LG생활건강,325000,2000,24320,,,,
20250513,051905,LG생활건강우,126300,-300,4455,,,,
20250513,051910,LG화학,203000,-7500,460327,,,,
20250513,051915,LG화학우,102200,-2400,63727,,,,
20250513,052690,한전기술,61300,-300,90735,,,,
20250513,053210,스카이라이프,4450,-15,72219,,,,
20250513,053690,한미글로벌,16870,550,101534,,,,
20250513,055490,테이팩스,14070,-100,4494,,,,
20250513,055550,신한지주,51800,100,1298922,,,,
20250513,058430,포스코스틸리온,3795,-20,112150,,,,
20250513,058650,세아홀딩스,94200,-1600,134,,,,
20250513,058730,다스코,3170,-35,48149,,,,
20250513,058850,KTcs,2840,10,196890,,,,
20250513,058860,KTis,2725,-5,285502,,,,
20250513,060980,HL홀딩스,37550,-150,16775,,,,
20250513,062040,산일전기,60700,1300,213168,,,,
20250513,063160,종근당바이오,22400,250,3218,,,,
20250513,064350,현대로템,106600,-1700,1798218,,,,
20250513,064400,LG씨엔에스,56000,-100,285636,,,,
20250513,064960,SNT모티브,28550,150,31756,,,,
20250513,066570,LG전자,73000,200,379984,,,,
20250513,066575,LG전자우,35700,400,35183,,,,
20250513,066970,엘앤에프,64500,-900,256311,,,,
20250513,067830,세이브존I&C,2425,25,76484,,,,
20250513,068270,셀트리온,141662,2295,859225,,,,
20250513,068290,삼성출판사,16570,-80,7263,,,,
20250513,069260,TKG휴켐스,16020,-50,21007,,,,
20250513,069460,대호에이엘,9165,-170,100861,,,,
20250513,069620,대웅제약,136900,2000,18520,,,,
20250513,069640,한세엠케이,2110,-44,3826,,,,
20250513,069730,DSR제강,3520,15,16811,,,,
20250513,069960,현대백화점,66000,-1600,95371,,,,
20250513,070960,모나용평,4280,20,95271,,,,
20250513,071050,한국금융지주,89400,1400,186145,,,,
20250513,071055,한국금융지주우,66700,700,16861,,,,
20250513,071090,하이스틸,3965,-20,326973,,,,
20250513,071320,지역난방공사,57400,2300,79260,,,,
20250513,071840,롯데하이마트,7610,-70,18796,,,,
20250513,071950,코아스,9400,-160,9071,,,,
20250513,071970,HD현대마린엔진,39950,1850,636609,,,,
20250513,072130,유엔젤,5520,160,284473,,,,
20250513,072710,농심홀딩스,70500,0,6388,,,,
20250513,073240,금호타이어,4875,10,261214,,,,
20250513,074610,이엔플러스,5110,0,0,,,,
20250513,075180,새론오토모티브,3380,30,10873,,,,
20250513,075580,세진중공업,9190,340,458605,,,,
20250513,077500,유니퀘스트,6300,70,120252,,,,
20250513,077970,STX엔진,24700,200,221606,,,,
20250513,078000,텔코웨어,9680,30,14542,,,,
20250513,078520,에이블씨엔씨,7210,70,47657,,,,
20250513,078930,GS,39550,200,179341,,,,
20250513,078935,GS우,38150,150,5498,,,,
20250513,079160,CJ CGV,4830,-60,126161,,,,
20250513,079430,현대리바트,7770,60,17172,,,,
20250513,079550,LIG디펜스앤에어로스페이스,378000,-3500,233739,,,,
20250513,079900,전진건설로봇,52500,200,198623,,,,
20250513,079980,휴비스,2830,-40,45836,,,,
20250513,081000,일진다이아,12200,-220,7751,,,,
20250513,081660,미스토홀딩스,36950,-150,141191,,,,
20250513,082640,동양생명,5650,-100,195265,,,,
20250513,082740,한화엔진,29250,500,1499990,,,,
20250513,083420,그린케미칼,8700,-280,470792,,,,
20250513,084010,대한제강,10836,-120,32270,,,,
20250513,084670,동양고속,7450,120,4871,,,,
20250513,084680,이월드,1433,-10,259090,,,,
20250513,084690,대상홀딩스,9400,-120,224147,,,,
20250513,084695,대상홀딩스우,14700,-270,18594,,,,
20250513,084870,TBH글로벌,1225,-11,13730,,,,
20250513,085310,엔케이,8880,40,5677,,,,
20250513,085620,미래에셋생명,5770,270,405699,,,,
20250513,086280,현대글로비스,114700,4900,439746,,,,
20250513,086790,하나금융지주,64900,0,1238281,,,,
20250513,088260,이리츠코크렙,4740,65,34082,,,,
20250513,088350,한화생명,2680,5,677795,,,,
20250513,088790,진도,1975,49,98166,,,,
20250513,088980,맥쿼리인프라,11540,-20,696055,,,,
20250513,089470,HDC현대EP,3660,0,18454,,,,
20250513,089590,제주항공,6870,-80,83559,,,,
20250513,089860,롯데렌탈,30950,-200,29392,,,,
20250513,090080,평화산업,1973,-112,54559859,,,,
20250513,090350,노루페인트,8180,20,52367,,,,
20250513,090355,노루페인트우,12420,180,1823,,,,
20250513,090370,메타랩스,1422,-9,15497,,,,
20250513,090430,아모레퍼시픽,122700,-500,204751,,,,
20250513,090435,아모레퍼시픽우,38800,950,14452,,,,
20250513,090460,비에이치,13430,10,181930,,,,
20250513,091810,트리니티항공,2072,-4,331654,,,,
20250513,092200,디아이씨,4570,20,201152,,,,
20250513,092220,KEC,3770,30,107182,,,,
20250513,092230,KPX홀딩스,63700,1400,5519,,,,
20250513,092440,기신정기,2485,40,18336,,,,
20250513,092780,DYP,4590,30,11908,,,,
20250513,092790,넥스틸,12510,40,203544,,,,
20250513,093050,LF,15340,290,51185,,,,
20250513,093240,형지엘리트,2260,-52,5053717,,,,
20250513,093370,후성,4335,-70,263884,,,,
20250513,094280,효성ITX,12170,-40,9861,,,,
20250513,094800,맵스리얼티,4300,50,40245,,,,
20250513,095570,AJ네트웍스,3775,-25,222734,,,,
20250513,095720,웅진씽크빅,3260,-36,121198,,,,
20250513,096760,JW홀딩스,3090,25,76566,,,,
20250513,096770,SK이노베이션,90200,-2400,357856,,,,
20250513,096775,SK이노베이션우,64600,-500,1522,,,,
20250513,097230,HJ중공업,7200,-20,567322,,,,
20250513,097520,엠씨넥스,26800,250,48272,,,,
20250513,097950,CJ제일제당,238500,-10000,109907,,,,
20250513,097955,CJ제일제당 우,139500,-3400,10063,,,,
20250513,100090,SK오션플랜트,15900,140,278914,,,,
20250513,100220,비상교육,5270,-160,47903,,,,
20250513,100250,진양홀딩스,2959,0,20301,,,,
20250513,100840,SNT에너지,36900,-500,150842,,,,
20250513,101140,인바이오젠,14350,190,42347,,,,
20250513,101530,해태제과식품,6850,-80,25087,,,,
20250513,102260,동성케미컬,4087,30,59738,,,,
20250513,102460,이연제약,10900,-40,10242,,,,
20250513,103140,풍산,58400,-1300,254324,,,,
20250513,103590,일진전기,28600,200,396713,,,,
20250513,104700,한국철강,8210,10,17160,,,,
20250513,105560,KB금융,92600,400,981346,,,,
20250513,105630,한세실업,11460,150,74419,,,,
20250513,105840,우진,7690,10,67225,,,,
20250513,107590,미원홀딩스,74100,-1900,1085,,,,
20250513,108320,LX세미콘,59200,300,37945,,,,
20250513,108670,LX하우시스,29700,-150,9480,,,,
20250513,108675,LX하우시스우,18070,10,527,,,,
20250513,109070,주성코퍼레이션,978,-11,296670,,,,
20250513,111110,호전실업,8280,20,19980,,,,
20250513,111380,동인기연,17760,-50,15347,,,,
20250513,111770,영원무역,51000,3800,85102,,,,
20250513,112610,씨에스윈드,42950,-1300,471366,,,,
20250513,114090,GKL,12670,390,552122,,,,
20250513,117580,대성에너지,7630,30,16557,,,,
20250513,118000,메타케어,3140,40,26233,,,,
20250513,119650,KC코트렐,918,0,0,,,,
20250513,120030,조선선재,99800,900,1179,,,,
20250513,120110,코오롱인더,30500,-900,138361,,,,
20250513,120115,코오롱인더우,20250,-150,1474,,,,
20250513,122900,아이마켓코리아,8080,10,31085,,,,
20250513,123690,한국화장품,7100,50,60159,,,,
20250513,123700,SJM,3165,0,16563,,,,
20250513,123890,한국자산신탁,2410,-10,133329,,,,
20250513,126560,현대퓨처넷,3175,-10,76343,,,,
20250513,126720,수산인더스트리,19650,-170,12869,,,,
20250513,128820,대성산업,3515,0,0,,,,
20250513,128940,한미약품,277000,7500,139621,,,,
20250513,129260,인터지스,2565,-70,99058,,,,
20250513,130660,한전산업,10990,-160,231884,,,,
20250513,133820,화인베스틸,841,5,63380,,,,
20250513,134380,미원화학,7760,-40,15380,,,,
20250513,134790,시디즈,28750,350,9248,,,,
20250513,136490,선진,6880,880,1921390,,,,
20250513,137310,에스디바이오센서,9500,180,82345,,,,
20250513,138040,메리츠금융지주,116900,-100,221755,,,,
20250513,138930,BNK금융지주,10550,20,764479,,,,
20250513,139130,iM금융지주,10520,20,354871,,,,
20250513,139480,이마트,84800,-1800,409310,,,,
20250513,139990,아주스틸,3830,-5,15308,,,,
20250513,143210,핸즈코퍼레이션,1600,8,10971,,,,
20250513,145210,다이나믹디자인,11440,-230,19859,,,,
20250513,145270,케이탑리츠,945,0,44128,,,,
20250513,145720,덴티움,62400,800,51267,,,,
20250513,145990,삼양사,48550,-250,9436,,,,
20250513,145995,삼양사우,31300,100,364,,,,
20250513,155660,DSR,3840,55,30561,,,,
20250513,161000,애경케미칼,10260,-80,503075,,,,
20250513,161390,한국타이어앤테크놀로지,39800,-400,496156,,,,
20250513,161890,한국콜마,83500,1400,169647,,,,
20250513,163560,동일고무벨트,7500,200,118779,,,,
20250513,170900,동아에스티,45493,1479,27801,,,,
20250513,175330,JB금융지주,17580,20,339861,,,,
20250513,178920,PI첨단소재,17010,-30,83043,,,,
20250513,180640,한진칼,115900,26700,730295,,,,
20250513,18064K,한진칼우,29700,6850,227998,,,,
20250513,181710,NHN,20550,-2150,264418,,,,
20250513,183190,아세아시멘트,11310,-40,49624,,,,
20250513,185750,종근당,80500,1200,26370,,,,
20250513,192080,더블유게임즈,56700,0,34422,,,,
20250513,192400,쿠쿠홀딩스,26850,350,31784,,,,
20250513,192650,드림텍,6170,0,98517,,,,
20250513,192820,코스맥스,192500,-100,35095,,,,
20250513,194370,제이에스코퍼레이션,8680,-10,79461,,,,
20250513,195870,해성디에스,19950,300,146781,,,,
20250513,200880,서연이화,11980,-110,56129,,,,
20250513,204320,HL만도,37450,150,110611,,,,
20250513,207940,삼성바이오로직스,1471744,13246,62693,,,,
20250513,210540,디와이파워,11890,80,16034,,,,
20250513,210980,SK디앤디,9070,-30,29172,,,,
20250513,213500,한솔제지,8590,20,53825,,,,
20250513,214320,이노션,18250,70,55105,,,,
20250513,214330,금호에이치티,17545,136,16891,,,,
20250513,214390,경보제약,5400,-20,12948,,,,
20250513,214420,토니모리,9200,-230,328524,,,,
20250513,226320,잇츠한불,12190,90,21158,,,,
20250513,227840,현대코퍼레이션홀딩스,11340,150,32047,,,,
20250513,229640,LS에코에너지,34800,1550,194806,,,,
20250513,234080,JW생명과학,11900,0,24090,,,,
20250513,241560,두산밥캣,48400,350,201826,,,,
20250513,241590,화승엔터프라이즈,8490,430,270022,,,,
20250513,244920,에이플러스에셋,5180,150,227486,,,,
20250513,248070,솔루엠,16700,200,122072,,,,
20250513,248170,샘표식품,26800,0,9251,,,,
20250513,249420,일동제약,11610,20,31002,,,,
20250513,251270,넷마블,51500,1000,222792,,,,
20250513,259960,크래프톤,369500,-7000,92427,,,,
20250513,264900,크라운제과,8500,-40,9914,,,,
20250513,26490K,크라운제과우,9920,-120,7030,,,,
20250513,267250,HD현대,80700,-100,139491,,,,
20250513,267260,HD현대일렉트릭,341000,0,190566,,,,
20250513,267270,HD건설기계,73700,1600,85695,,,,
20250513,267290,경동도시가스,17920,50,3076,,,,
20250513,267850,아시아나IDT,11620,-100,16991,,,,
20250513,268280,미원에스씨,157100,2600,679,,,,
20250513,271560,오리온,122500,-900,143384,,,,
20250513,271940,일진하이솔루스,13530,-40,37256,,,,
20250513,271980,제일약품,12220,70,84112,,,,
20250513,272210,한화시스템,43200,250,2917294,,,,
20250513,272450,진에어,9070,-220,175093,,,,
20250513,272550,삼양패키징,13380,-70,13476,,,,
20250513,278470,에이피알,109100,6600,1184780,,,,
20250513,280360,롯데웰푸드,116000,-100,10695,,,,
20250513,281820,케이씨텍,27850,750,171325,,,,
20250513,282330,BGF리테일,101500,-300,43048,,,,
20250513,284740,쿠쿠홈시스,25050,2050,160446,,,,
20250513,285130,SK케미칼,50300,-600,77759,,,,
20250513,28513K,SK케미칼우,21850,-450,8284,,,,
20250513,286940,롯데이노베이트,19220,-30,11367,,,,
20250513,293480,하나제약,11500,-40,8273,,,,
20250513,293940,신한알파리츠,5770,30,121762,,,,
20250513,294870,IPARK현대산업개발,25000,-100,205889,,,,
20250513,298000,효성화학,77800,0,0,,,,
20250513,298020,효성티앤씨,239500,0,10227,,,,
20250513,298040,효성중공업,540000,13000,55924,,,,
20250513,298050,HS효성첨단소재,188500,-1500,6967,,,,
20250513,298690,에어부산,2140,15,191640,,,,
20250513,300720,한일시멘트,18020,-190,70582,,,,
20250513,302440,SK바이오사이언스,40000,450,63798,,,,
20250513,306200,세아제강,171700,1300,8093,,,,
20250513,307950,현대오토에버,134000,1300,58184,,,,
20250513,308170,씨티알모빌리티,6080,-50,4052,,,,
20250513,316140,우리금융지주,17850,0,2332070,,,,
20250513,317400,자이에스앤디,3470,0,31862,,,,
20250513,322000,HD현대에너지솔루션,33900,800,220301,,,,
20250513,323410,카카오뱅크,22800,-250,309233,,,,
20250513,326030,SK바이오팜,92000,3500,353958,,,,
20250513,329180,HD현대중공업,409500,5000,273519,,,,
20250513,330590,롯데리츠,3650,15,254725,,,,
20250513,334890,이지스밸류플러스리츠,4667,30,52128,,,,
20250513,336260,두산퓨얼셀,16020,-260,139691,,,,
20250513,33626K,두산퓨얼셀1우,4635,-60,14736,,,,
20250513,33626L,두산퓨얼셀2우B,7920,-80,1665,,,,
20250513,336370,솔루스첨단소재,8590,-20,137630,,,,
20250513,33637K,솔루스첨단소재1우,1828,-15,74493,,,,
20250513,33637L,솔루스첨단소재2우B,4320,-305,191437,,,,
20250513,338100,NH프라임리츠,4630,-10,23174,,,,
20250513,339770,교촌에프앤비,5220,10,47580,,,,
20250513,344820,KCC글라스,31000,-1400,82198,,,,
20250513,348950,제이알글로벌리츠,2780,20,347774,,,,
20250513,350520,이지스레지던스리츠,4250,-45,42143,,,,
20250513,352820,하이브,267000,1500,120932,,,,
20250513,353200,대덕전자,15430,290,327764,,,,
20250513,35320K,대덕전자1우,7680,0,5811,,,,
20250513,357120,코람코라이프인프라리츠,4560,-25,101838,,,,
20250513,357250,미래에셋맵스리츠,2800,-10,25821,,,,
20250513,357430,마스턴프리미어리츠,1472,-1,50313,,,,
20250513,361610,SK아이이테크놀로지,22750,-600,69332,,,,
20250513,363280,티와이홀딩스,2265,40,117911,,,,
20250513,36328K,티와이홀딩스우,3860,230,42491,,,,
20250513,365550,ESR켄달스퀘어리츠,4589,-64,382531,,,,
20250513,372910,한컴라이프케어,2985,35,105750,,,,
20250513,373220,LG에너지솔루션,312000,-9500,286158,,,,
20250513,375500,DL이앤씨,44500,-1100,112262,,,,
20250513,37550K,DL이앤씨우,18950,270,12802,,,,
20250513,37550L,DL이앤씨2우(전환),29750,-750,2306,,,,
20250513,377190,디앤디플랫폼리츠,3265,40,101302,,,,
20250513,377300,카카오페이,29650,150,213317,,,,
20250513,377740,바이오노트,4650,110,45649,,,,
20250513,378850,화승알앤에이,3225,-15,25620,,,,
20250513,381970,케이카,14100,-50,74423,,,,
20250513,383220,F&F,69500,-200,25001,,,,
20250513,383800,LX홀딩스,7080,180,185228,,,,
20250513,38380K,LX홀딩스1우,8190,20,1630,,,,
20250513,395400,SK리츠,4950,20,226373,,,,
20250513,396690,미래에셋글로벌리츠,2820,25,45543,,,,
20250513,400760,NH올원리츠,3596,0,27081,,,,
20250513,402340,SK스퀘어,99900,4700,373278,,,,
20250513,403550,쏘카,14120,110,5556,,,,
20250513,404990,신한서부티엔디리츠,3520,-15,44447,,,,
20250513,415640,KB발해인프라,7830,0,31042,,,,
20250513,417310,코람코더원리츠,5410,90,161215,,,,
20250513,432320,KB스타리츠,4005,5,60932,,,,
20250513,443060,HD현대마린솔루션,165000,1800,139855,,,,
20250513,446070,유니드비티플러스,4080,25,52177,,,,
20250513,448730,삼성FN리츠,4620,40,49062,,,,
20250513,450080,에코프로머티,50600,-2500,476829,,,,
20250513,451800,한화리츠,3845,35,255184,,,,
20250513,452260,한화갤러리아,1240,1,726514,,,,
20250513,45226K,한화갤러리아우,2335,-10,1648,,,,
20250513,453340,현대그린푸드,15490,-10,18000,,,,
20250513,454910,두산로보틱스,50500,1150,298988,,,,
20250513,456040,OCI,59200,900,32385,,,,
20250513,457190,이수스페셜티케미컬,41550,-1050,157749,,,,
20250513,460850,동국씨엠,6380,-20,20846,,,,
20250513,460860,동국제강,9570,-70,90371,,,,
20250513,462520,조선내화,13500,10,2907,,,,
20250513,462870,시프트업,53000,-1600,335738,,,,
20250513,465770,STX그린로지스,9160,460,631202,,,,
20250513,475150,SK이터닉스,16910,-30,164930,,,,
20250513,475560,더본코리아,27100,500,79900,,,,
20250513,480370,씨케이솔루션,3968,-54,512199,,,,
20250513,481850,신한글로벌액티브리츠,1596,-17,71715,,,,
20250513,484870,엠앤씨솔루션,33800,-1866,458274,,,,
20250513,487570,HS효성,40100,-500,8092,,,,
20250513,489790,한화비전,62200,1900,660680,,,,
20250513,499790,GS피앤엘,23050,200,134775,,,,
20250513,900140,엘브이엠씨홀딩스,1767,-41,452147,,,,
20250513,950210,프레스티지바이오파마,13990,90,73109,,,,
20250514,000020,동화약품,6400,100,80036,,,,
20250514,000040,KR모터스,2180,-25,24001,,,,
20250514,000050,경방,8180,-170,1705800,,,,
20250514,000070,삼양홀딩스,42573,200,30269,,,,
20250514,000080,하이트진로,19110,-40,122440,,,,
20250514,000087,하이트진로2우B,15290,-10,783,,,,
20250514,000100,유한양행,107500,-300,353221,,,,
20250514,000105,유한양행우,99000,-400,2892,,,,
20250514,000120,CJ대한통운,81000,-1900,168141,,,,
20250514,000140,하이트진로홀딩스,8540,60,7057,,,,
20250514,000145,하이트진로홀딩스우,10890,-10,45,,,,
20250514,000150,두산,408500,34000,301986,,,,
20250514,000155,두산우,246500,14500,103704,,,,
20250514,000157,두산2우B,325000,67000,17273,,,,
20250514,000180,성창기업지주,6900,125,19813,,,,
20250514,000210,DL,37650,-100,65133,,,,
20250514,000215,DL우,21150,400,4795,,,,
20250514,000220,유유제약,4555,20,57166,,,,
20250514,000225,유유제약1우,4895,30,14309,,,,
20250514,000227,유유제약2우B,10150,250,1266,,,,
20250514,000230,일동홀딩스,6090,-10,27542,,,,
20250514,000240,한국앤컴퍼니,17100,950,397086,,,,
20250514,000270,기아,92400,-1300,878937,,,,
20250514,000300,DH오토넥스,4200,0,0,,,,
20250514,000320,노루홀딩스,15450,190,19790,,,,
20250514,000325,노루홀딩스우,29200,-50,189,,,,
20250514,000370,한화손해보험,4370,365,1098181,,,,
20250514,000390,SP삼화,6070,20,41009,,,,
20250514,000400,롯데손해보험,1599,14,150453,,,,
20250514,000430,대원강업,3880,-20,32856,,,,
20250514,000480,CR홀딩스,5300,70,7259,,,,
20250514,000490,대동,10890,10,119920,,,,
20250514,000500,가온전선,34897,501,144198,,,,
20250514,000520,삼일제약,12550,140,175047,,,,
20250514,000540,흥국화재,3490,85,102993,,,,
20250514,000545,흥국화재우,8150,-540,96410,,,,
20250514,000590,CS홀딩스,75400,1400,1250,,,,
20250514,000640,동아쏘시오홀딩스,96733,-1068,14569,,,,
20250514,000650,천일고속,40300,400,595,,,,
20250514,000660,SK하이닉스,206000,7500,3333511,,,,
20250514,000670,영풍,35606,-292,38983,,,,
20250514,000680,LS네트웍스,3715,145,997762,,,,
20250514,000700,유수홀딩스,5450,-50,18600,,,,
20250514,000720,현대건설,43700,200,468675,,,,
20250514,000725,현대건설우,55100,1100,7684,,,,
20250514,000760,이화산업,10980,170,2018,,,,
20250514,000810,삼성화재,378000,500,77330,,,,
20250514,000815,삼성화재우,280000,-1000,17105,,,,
20250514,000850,화천기공,30150,500,4361,,,,
20250514,000860,강남제비스코,12640,180,24458,,,,
20250514,000880,한화,60744,1561,181251,,,,
20250514,00088K,한화3우B,23308,504,98911,,,,
20250514,000890,보해양조,2635,185,408995,,,,
20250514,000910,유니온,4925,-15,249185,,,,
20250514,000950,전방,24600,-300,1679,,,,
20250514,000970,한국주철관,7230,-80,211590,,,,
20250514,000990,DB하이텍,39800,0,139609,,,,
20250514,001020,페이퍼코리아,3850,60,5113,,,,
20250514,001040,CJ,127700,700,268514,,,,
20250514,001045,CJ우,72800,1300,9822,,,,
20250514,00104K,CJ4우(전환),103800,500,13792,,,,
20250514,001060,JW중외제약,22200,250,41904,,,,
20250514,001065,JW중외제약우,28450,-200,455,,,,
20250514,001067,JW중외제약2우B,60900,100,2,,,,
20250514,001070,대한방직,5320,130,19421,,,,
20250514,001080,만호제강,2700,-25,5780,,,,
20250514,001120,LX인터내셔널,27700,450,211044,,,,
20250514,001130,대한제분,13490,-10,7400,,,,
20250514,001200,유진투자증권,2985,45,576568,,,,
20250514,001210,금호전기,6060,30,104918,,,,
20250514,001230,동국홀딩스,1685,11,258553,,,,
20250514,001250,GS글로벌,2605,5,442297,,,,
20250514,001260,남광토건,8530,60,9988,,,,
20250514,001270,부국증권,30950,-550,38258,,,,
20250514,001275,부국증권우,22600,300,7389,,,,
20250514,001290,상상인증권,493,28,473175,,,,
20250514,001340,PKC,6040,-70,115969,,,,
20250514,001360,삼성제약,1495,5,134119,,,,
20250514,001380,SG글로벌,3666,12,175240,,,,
20250514,001390,KG케미칼,3980,5,109652,,,,
20250514,001420,태원물산,3965,-85,6457,,,,
20250514,001430,세아베스틸지주,18410,340,83577,,,,
20250514,001440,대한전선,12480,520,1420442,,,,
20250514,001450,현대해상,22150,250,242079,,,,
20250514,001460,BYC,32900,1900,4737,,,,
20250514,001465,BYC우,14370,380,8708,,,,
20250514,001470,삼부토건,347,0,0,,,,
20250514,001500,현대차증권,6560,-50,697800,,,,
20250514,001510,SK증권,1045,34,1808917,,,,
20250514,001515,SK증권우,3504,-8,1981,,,,
20250514,001520,동양,1114,14,220131,,,,
20250514,001525,동양우,8260,20,3253,,,,
20250514,001527,동양2우B,16880,-500,2180,,,,
20250514,001530,DI동일,34524,476,31542,,,,
20250514,001550,조비,12220,120,17959,,,,
20250514,001560,제일연마,9500,100,6213,,,,
20250514,001570,금양,9900,0,0,,,,
20250514,001620,케이비아이동국실업,2615,-40,9145,,,,
20250514,001630,종근당홀딩스,49400,250,9947,,,,
20250514,001680,대상,24350,-50,146378,,,,
20250514,001685,대상우,16700,10,3896,,,,
20250514,001720,신영증권,107000,-3600,32482,,,,
20250514,001740,SK네트웍스,4140,0,424862,,,,
20250514,001750,한양증권,14120,70,19575,,,,
20250514,001755,한양증권우,14490,0,5015,,,,
20250514,001770,SHD,16270,-110,3817,,,,
20250514,001780,알루코,2380,45,593316,,,,
20250514,001790,대한제당,2770,40,1605798,,,,
20250514,001795,대한제당우,2305,10,362666,,,,
20250514,001800,오리온홀딩스,19650,150,138285,,,,
20250514,001820,삼화콘덴서,25900,0,46577,,,,
20250514,001940,KISCO홀딩스,21500,650,23732,,,,
20250514,002020,코오롱,22850,400,42408,,,,
20250514,002025,코오롱우,14360,200,4762,,,,
20250514,002030,아세아,268000,3500,798,,,,
20250514,002070,비비안,21954,5054,214305,,,,
20250514,002100,경농,9350,10,21973,,,,
20250514,002140,고려산업,2870,10,70346,,,,
20250514,002150,도화엔지니어링,6660,0,16470,,,,
20250514,002170,SYTS,48500,900,797,,,,
20250514,002200,한국수출포장,2825,15,54850,,,,
20250514,002210,동성제약,2780,0,0,,,,
20250514,002220,한일철강,1963,-6,63514,,,,
20250514,002240,고려제강,17410,220,15892,,,,
20250514,002310,아세아제지,7080,-10,113942,,,,
20250514,002320,한진,20350,150,188550,,,,
20250514,002350,넥센타이어,5920,40,157703,,,,
20250514,002355,넥센타이어1우B,2995,5,26764,,,,
20250514,002360,SH에너지화학,4540,30,19713,,,,
20250514,002380,KCC,265000,500,17140,,,,
20250514,002390,한독,11700,60,37870,,,,
20250514,002410,범양건영,1935,0,0,,,,
20250514,002420,세기상사,5000,0,3247,,,,
20250514,002450,삼익악기,1300,-7,370194,,,,
20250514,002460,HS화성,10020,0,10671,,,,
20250514,002600,조흥,158300,0,11,,,,
20250514,002620,제일파마홀딩스,7990,30,5417,,,,
20250514,002630,오리엔트바이오,3130,-210,3598864,,,,
20250514,002690,동일제강,1413,18,33389,,,,
20250514,002700,신일전자,1544,0,251061,,,,
20250514,002710,TCC스틸,19760,-170,136121,,,,
20250514,002720,국제약품,4670,30,214917,,,,
20250514,002760,보락,1136,-2,198056,,,,
20250514,002780,진흥기업,765,8,248583,,,,
20250514,002785,진흥기업우B,3300,-55,1381,,,,
20250514,002787,진흥기업2우B,9460,-90,106,,,,
20250514,002790,아모레퍼시픽홀딩스,23100,150,90840,,,,
20250514,002795,아모레퍼시픽홀딩스우,9640,120,15663,,,,
20250514,00279K,아모레퍼시픽홀딩스3우C,18530,140,2709,,,,
20250514,002810,삼영무역,14060,30,6951,,,,
20250514,002820,SUN&L,3010,-35,6811,,,,
20250514,002840,미원상사,190000,2700,1308,,,,
20250514,002870,신풍,1042,-52,288228,,,,
20250514,002880,디와이에이,997,-20,639696,,,,
20250514,002900,TYM,5240,220,618598,,,,
20250514,002920,유성기업,1956,9,20709,,,,
20250514,002960,한국쉘석유,377000,0,1970,,,,
20250514,002990,금호건설,2835,-30,148417,,,,
20250514,002995,금호건설우,12200,-340,7500,,,,
20250514,003000,부광약품,3683,32,51953,,,,
20250514,003010,혜인,5070,30,59998,,,,
20250514,003030,세아제강지주,221500,-1000,10340,,,,
20250514,003060,에이프로젠바이오로직스,671,-9,339935,,,,
20250514,003070,코오롱글로벌,8800,60,8173,,,,
20250514,003075,코오롱글로벌우,15600,-190,1321,,,,
20250514,003080,SB성보,2555,15,2970,,,,
20250514,003090,대웅,20100,290,47198,,,,
20250514,003120,일성아이에스,17050,390,14282,,,,
20250514,003160,디아이,16070,740,859680,,,,
20250514,003200,일신방직,9290,120,63716,,,,
20250514,003220,대원제약,13830,20,22241,,,,
20250514,003230,삼양식품,999000,49000,113658,,,,
20250514,003240,태광산업,840000,0,1141,,,,
20250514,003280,흥아해운,1621,-5,1456578,,,,
20250514,003300,한일홀딩스,15410,130,80004,,,,
20250514,003350,한국화장품제조,10900,-40,354025,,,,
20250514,003460,유화증권,2475,60,122166,,,,
20250514,003465,유화증권우,2415,10,232,,,,
20250514,003470,유안타증권,3170,125,1252927,,,,
20250514,003475,유안타증권우,3245,75,62768,,,,
20250514,003480,한진중공업홀딩스,4740,100,42522,,,,
20250514,003490,대한항공,22800,350,1636013,,,,
20250514,003495,대한항공우,27950,4500,740784,,,,
20250514,003520,영진약품,2025,25,127562,,,,
20250514,003530,한화투자증권,3770,75,1507578,,,,
20250514,003535,한화투자증권우,6140,-60,15741,,,,
20250514,003540,대신증권,19870,-10,157395,,,,
20250514,003545,대신증권우,17930,230,178662,,,,
20250514,003547,대신증권2우B,17270,180,37860,,,,
20250514,003550,LG,70100,1800,289925,,,,
20250514,003555,LG우,57700,300,8612,,,,
20250514,003570,SNT다이내믹스,33200,0,72770,,,,
20250514,003580,HLB글로벌,3120,25,51006,,,,
20250514,003610,방림,4075,130,143509,,,,
20250514,003620,KG모빌리티,3500,-105,439684,,,,
20250514,003650,미창석유,101100,0,1104,,,,
20250514,003670,포스코퓨처엠,111762,-4652,727514,,,,
20250514,003680,한성기업,5080,-10,14862,,,,
20250514,003690,코리안리,8100,-10,211292,,,,
20250514,003720,삼영,4235,120,101146,,,,
20250514,003780,진양산업,5740,10,178301,,,,
20250514,003830,대한화섬,122200,300,605,,,,
20250514,003850,보령,8510,-20,107425,,,,
20250514,003920,남양유업,80400,-1300,13292,,,,
20250514,003925,남양유업우,39900,0,5283,,,,
20250514,003960,사조대림,40700,500,10213,,,,
20250514,004000,롯데정밀화학,36300,-50,32261,,,,
20250514,004020,현대제철,25500,-400,360608,,,,
20250514,004060,SG세계물산,3380,60,78520,,,,
20250514,004080,신흥,14590,-10,280,,,,
20250514,004090,한국석유,12390,-20,40343,,,,
20250514,004100,태양금속,2705,210,3454472,,,,
20250514,004105,태양금속우,3645,220,238564,,,,
20250514,004140,동방,2485,15,6316317,,,,
20250514,004150,한솔홀딩스,2585,45,79174,,,,
20250514,004170,신세계,165000,1000,35534,,,,
20250514,004250,NPC,4245,65,26737,,,,
20250514,004255,NPC우,2415,15,2328,,,,
20250514,004270,남성,8729,111,7388,,,,
20250514,004310,현대약품,3450,100,4928109,,,,
20250514,004360,세방,12280,280,39827,,,,
20250514,004365,세방우,8100,90,16725,,,,
20250514,004370,농심,422000,13500,44421,,,,
20250514,004380,삼익THK,13000,0,0,,,,
20250514,004410,서울식품,1600,-30,175761,,,,
20250514,004415,서울식품우,12280,10,605,,,,
20250514,004430,송원산업,12040,-10,30691,,,,
20250514,004440,삼일씨엔에스,4400,160,41331,,,,
20250514,004450,삼화왕관,37450,-500,1793,,,,
20250514,004490,세방전지,72800,2800,57327,,,,
20250514,004540,깨끗한나라,2445,-35,186692,,,,
20250514,004545,깨끗한나라우,13190,-190,1313,,,,
20250514,004560,현대비앤지스틸,12170,150,33295,,,,
20250514,004690,삼천리,95500,900,8991,,,,
20250514,004700,조광피혁,53100,-200,3783,,,,
20250514,004710,한솔테크닉스,5191,281,732037,,,,
20250514,004720,팜젠사이언스,4020,30,40487,,,,
20250514,004770,써니전자,1767,9,697660,,,,
20250514,004800,효성,54700,500,13255,,,,
20250514,004830,덕성,6100,100,164864,,,,
20250514,004835,덕성우,8100,230,23373,,,,
20250514,004840,DRB동일,4360,15,15457,,,,
20250514,004870,티웨이홀딩스,3277,5,77386,,,,
20250514,004890,동일산업,44150,-100,1279,,,,
20250514,004910,조광페인트,6580,140,94217,,,,
20250514,004920,씨아이테크,1339,-12,83363,,,,
20250514,004960,한신공영,7540,70,52189,,,,
20250514,004970,신라교역,9410,110,14472,,,,
20250514,004980,성신양회,9160,-390,405210,,,,
20250514,004985,성신양회우,12890,-810,73355,,,,
20250514,004990,롯데지주,24100,-150,117415,,,,
20250514,00499K,롯데지주우,27200,-100,359,,,,
20250514,005010,휴스틸,4920,0,300208,,,,
20250514,005030,부산주공,486,0,0,,,,
20250514,005070,코스모신소재,36700,-50,184136,,,,
20250514,005090,SGC에너지,23450,-50,19380,,,,
20250514,005110,한창,1254,0,0,,,,
20250514,005180,빙그레,96400,-1000,42323,,,,
20250514,005250,녹십자홀딩스,13920,230,32153,,,,
20250514,005257,녹십자홀딩스2우,20000,-450,382,,,,
20250514,005300,롯데칠성,103700,0,15869,,,,
20250514,005305,롯데칠성우,65200,1200,661,,,,
20250514,005320,온타이드,948,48,86893,,,,
20250514,005360,모나미,2070,5,20377,,,,
20250514,005380,현대차,197100,400,557318,,,,
20250514,005385,현대차우,154000,400,62746,,,,
20250514,005387,현대차2우B,156000,700,73630,,,,
20250514,005389,현대차3우B,154000,600,10625,,,,
20250514,005420,코스모화학,14530,10,122033,,,,
20250514,005430,한국공항,54200,3100,52353,,,,
20250514,005440,현대지에프홀딩스,6110,80,233010,,,,
20250514,005490,POSCO홀딩스,252000,-5500,419327,,,,
20250514,005500,삼진제약,17840,70,9597,,,,
20250514,005610,삼립,58800,-1700,39100,,,,
20250514,005680,삼영전자,10830,80,15230,,,,
20250514,005690,파미셀,11640,220,845866,,,,
20250514,005720,넥센,5320,30,50924,,,,
20250514,005725,넥센우,3680,25,1086,,,,
20250514,005740,크라운해태홀딩스,6250,80,70999,,,,
20250514,005745,크라운해태홀딩스우,8880,-20,2433,,,,
20250514,005750,대림바스,3995,-5,8455,,,,
20250514,005800,신영와코루,11250,190,9954,,,,
20250514,005810,풍산홀딩스,29000,600,19943,,,,
20250514,005820,원림,14070,0,845,,,,
20250514,005830,DB손해보험,92600,100,163165,,,,
20250514,005850,에스엘,33450,-500,105597,,,,
20250514,005870,휴니드,8360,-40,255518,,,,
20250514,005880,대한해운,1580,10,1206067,,,,
20250514,005930,삼성전자,57400,500,12468089,,,,
20250514,005935,삼성전자우,47250,250,784762,,,,
20250514,005940,NH투자증권,16280,90,637500,,,,
20250514,005945,NH투자증권우,14800,310,111648,,,,
20250514,005950,이수화학,5570,-30,20234,,,,
20250514,005960,동부건설,4100,40,10194,,,,
20250514,005965,동부건설우,20250,100,242,,,,
20250514,006040,동원산업,42950,1250,60079,,,,
20250514,006060,화승인더,4970,75,134409,,,,
20250514,006090,사조오양,8440,0,8956,,,,
20250514,006110,삼아알미늄,22900,-200,43979,,,,
20250514,006120,SK디스커버리,42600,-250,24451,,,,
20250514,006125,SK디스커버리우,36050,50,2429,,,,
20250514,006200,한국전자홀딩스,3440,5,9038,,,,
20250514,006220,제주은행,10170,-230,165932,,,,
20250514,006260,LS,150000,7500,330128,,,,
20250514,006280,녹십자,121300,1400,21592,,,,
20250514,006340,대원전선,2995,95,3210492,,,,
20250514,006345,대원전선우,4050,80,85913,,,,
20250514,006360,GS건설,18940,130,333412,,,,
20250514,006370,대구백화점,6890,-110,25127,,,,
20250514,006380,카프로,3660,0,0,,,,
20250514,006400,삼성SDI,173000,2100,356073,,,,
20250514,006405,삼성SDI우,105400,-1200,5264,,,,
20250514,006490,프리티,7555,-55,92292,,,,
20250514,006570,대림통상,2500,100,197916,,,,
20250514,006650,대한유화,83300,-1300,29477,,,,
20250514,006660,삼성공조,15930,590,2693344,,,,
20250514,006740,블루산업개발,2345,0,78560,,,,
20250514,006800,미래에셋증권,12784,-10,1477086,,,,
20250514,006805,미래에셋증권우,5529,-19,48849,,,,
20250514,00680K,미래에셋증권2우B,4896,10,987367,,,,
20250514,006840,AK홀딩스,10720,90,5226,,,,
20250514,006880,신송홀딩스,7290,-20,72024,,,,
20250514,006890,태경케미컬,11930,70,38327,,,,
20250514,006980,우성,16720,-70,1059,,,,
20250514,007070,GS리테일,14230,60,74808,,,,
20250514,007110,일신석재,2285,65,1581492,,,,
20250514,007120,미래아이앤지,1301,72,362637,,,,
20250514,007160,사조산업,38150,50,5578,,,,
20250514,007210,벽산,2430,-5,130600,,,,
20250514,007280,한국특강,3470,26,7978,,,,
20250514,007310,오뚜기,396500,500,5071,,,,
20250514,007340,DN오토모티브,21750,600,129736,,,,
20250514,007460,에이프로젠,690,-1,1003294,,,,
20250514,007540,샘표,42400,350,3998,,,,
20250514,007570,일양약품,14085,-89,38376,,,,
20250514,007575,일양약품우,14566,-12,487,,,,
20250514,007590,동방아그로,6180,10,4671,,,,
20250514,007610,선도전기,3000,0,0,,,,
20250514,007660,이수페타시스,43500,2400,1665046,,,,
20250514,007690,국도화학,33600,-50,5944,,,,
20250514,007700,F&F홀딩스,12890,160,11072,,,,
20250514,007810,코리아써키트,11200,130,39295,,,,
20250514,007815,코리아써우,5920,110,359,,,,
20250514,00781K,코리아써키트2우B,5440,-90,201,,,,
20250514,007860,서연,7940,0,82723,,,,
20250514,007980,TP,1294,0,274520,,,,
20250514,008040,사조동아원,1054,-13,419551,,,,
20250514,008060,대덕,7990,30,89455,,,,
20250514,00806K,대덕1우,7970,50,431,,,,
20250514,008250,이건산업,5690,170,14356,,,,
20250514,008260,NI스틸,3485,10,78246,,,,
20250514,008350,남선알미늄,1292,2,612487,,,,
20250514,008355,남선알미우,13210,-70,1848,,,,
20250514,008420,문배철강,2390,30,53243,,,,
20250514,008490,서흥,16330,770,60552,,,,
20250514,008600,윌비스,7436,-517,623935,,,,
20250514,008700,아남전자,1496,13,532643,,,,
20250514,008730,율촌화학,26700,-500,51839,,,,
20250514,008770,호텔신라,43150,200,81454,,,,
20250514,008775,호텔신라우,33700,-50,2693,,,,
20250514,008870,금비,54100,400,1563,,,,
20250514,008930,한미사이언스,32600,1650,602518,,,,
20250514,008970,KBI동양철관,2543,85,18311000,,,,
20250514,009070,KCTC,4005,60,1012084,,,,
20250514,009140,경인전자,19560,120,3547,,,,
20250514,009150,삼성전기,126300,300,235423,,,,
20250514,009155,삼성전기우,57500,600,8019,,,,
20250514,009160,SIMPAC,4155,35,58625,,,,
20250514,009180,한솔로지스틱스,2245,45,145513,,,,
20250514,009190,대양금속,1728,-68,225860,,,,
20250514,009200,무림페이퍼,2170,5,125332,,,,
20250514,009240,한샘,41950,150,16681,,,,
20250514,009270,신원,1729,-2,637199,,,,
20250514,009290,광동제약,5510,-40,29345,,,,
20250514,009310,참엔지니어링,1326,6,43832,,,,
20250514,009320,아진전자부품,1004,-5,35240,,,,
20250514,009410,태영건설,2590,10,286006,,,,
20250514,009415,태영건설우,5390,-300,54977,,,,
20250514,009420,한올바이오파마,26950,-50,199048,,,,
20250514,009440,KC그린홀딩스,756,0,0,,,,
20250514,009450,경동나비엔,80200,2400,85557,,,,
20250514,009460,한창제지,3775,10,19172,,,,
20250514,009470,삼화전기,29900,-50,45017,,,,
20250514,009540,HD한국조선해양,288000,5000,187824,,,,
20250514,009580,무림P&P,2940,15,88280,,,,
20250514,009680,모토닉,9800,80,13926,,,,
20250514,009770,삼정펄프,26900,200,850,,,,
20250514,009810,MDS스피어,3145,-20,15170,,,,
20250514,009830,한화솔루션,35230,3443,7925569,,,,
20250514,009835,한화솔루션우,25741,1897,201291,,,,
20250514,009900,명신산업,8610,0,195658,,,,
20250514,009970,영원무역홀딩스,107700,2400,13326,,,,
20250514,010040,한국내화,2390,5,32928,,,,
20250514,010060,OCI홀딩스,79000,5100,493156,,,,
20250514,010100,한국무브넥스,4145,30,133251,,,,
20250514,010120,LS ELECTRIC,47800,900,915200,,,,
20250514,010130,고려아연,839000,21000,11602,,,,
20250514,010140,삼성중공업,14590,330,5736590,,,,
20250514,010400,우진아이엔에스,2705,0,2878,,,,
20250514,010580,에스엠벡셀,1219,5,49133,,,,
20250514,010640,진양폴리,3525,13,133247,,,,
20250514,010660,화천기계,4455,165,287416,,,,
20250514,010690,화신,8300,130,196558,,,,
20250514,010770,평화홀딩스,11250,-1820,5963644,,,,
20250514,010780,아이에스동서,19480,0,21843,,,,
20250514,010820,퍼스텍,3750,40,398023,,,,
20250514,010950,S-Oil,52700,200,207844,,,,
20250514,010955,S-Oil우,35600,50,9211,,,,
20250514,010960,삼호개발,3390,-40,205378,,,,
20250514,011000,진원생명과학,10825,400,228387,,,,
20250514,011070,LG이노텍,151500,-1700,252694,,,,
20250514,011090,에넥스,4015,-105,123494,,,,
20250514,011150,CJ씨푸드,3085,5,669285,,,,
20250514,011155,CJ씨푸드1우,17370,-80,1687,,,,
20250514,011170,롯데케미칼,59200,-4100,369453,,,,
20250514,011200,HMM,20800,400,3358604,,,,
20250514,011210,현대위아,43550,-200,96823,,,,
20250514,011230,삼화전자,4370,105,73392,,,,
20250514,011280,태림포장,2200,110,4456807,,,,
20250514,011300,우성머티리얼스,4790,-220,47820,,,,
20250514,011330,유니켐,16940,-550,12885,,,,
20250514,011390,부산산업,101400,1200,16591,,,,
20250514,011420,갤럭시아에스엠,2420,5,819212,,,,
20250514,011500,한농화성,14700,60,64623,,,,
20250514,011690,와이투솔루션,2825,-40,377281,,,,
20250514,011700,한신기계,3005,60,114467,,,,
20250514,011760,현대코퍼레이션,23250,-250,41065,,,,
20250514,011780,금호석유화학,112800,-1600,134352,,,,
20250514,011785,금호석유화학우,54000,-800,4991,,,,
20250514,011790,SKC,99445,5452,484109,,,,
20250514,011810,STX,3350,-35,83345,,,,
20250514,011930,신성이엔지,14880,720,1771071,,,,
20250514,012030,DB,1293,16,267980,,,,
20250514,012160,영흥,2535,25,57612,,,,
20250514,012170,아센디오,4085,-30,51643,,,,
20250514,012200,계양전기,1421,7,36743,,,,
20250514,012205,계양전기우,3664,0,351,,,,
20250514,012280,영화금속,865,8,114486,,,,
20250514,012320,경동인베스트,57900,700,3041,,,,
20250514,012330,현대모비스,258000,1000,100296,,,,
20250514,012450,한화에어로스페이스,807458,15755,280252,,,,
20250514,012610,경인양행,3275,-20,22713,,,,
20250514,012630,HDC,19060,-300,307295,,,,
20250514,012690,모나리자,2865,-5,69183,,,,
20250514,012750,에스원,65700,700,39654,,,,
20250514,012800,대창,1322,18,265315,,,,
20250514,013000,세우글로벌,1212,-8,90242,,,,
20250514,013360,일성건설,2745,-215,3196516,,,,
20250514,013520,화승코퍼레이션,1894,-26,17081,,,,
20250514,013570,디와이,4090,45,68794,,,,
20250514,013580,계룡건설,22550,-2400,1043663,,,,
20250514,013700,까뮤이앤씨,1152,-15,125514,,,,
20250514,013870,지엠비코리아,4060,-20,5695,,,,
20250514,013890,지누스,18100,10,67230,,,,
20250514,014130,한익스프레스,3450,35,18295,,,,
20250514,014160,대영포장,1653,-26,11982178,,,,
20250514,014280,금강공업,4920,-10,114295,,,,
20250514,014285,금강공업우,7040,-160,1589,,,,
20250514,014440,영보화학,4835,-35,76822,,,,
20250514,014530,극동유화,3455,45,77252,,,,
20250514,014580,태경비케이,4785,70,100420,,,,
20250514,014680,한솔케미칼,119900,3700,54158,,,,
20250514,014710,사조씨푸드,5520,-170,251022,,,,
20250514,014790,HL D&I,2495,30,31324,,,,
20250514,014820,동원시스템즈,31550,400,29541,,,,
20250514,014825,동원시스템즈우,17700,-50,518,,,,
20250514,014830,유니드,87900,900,30097,,,,
20250514,014910,성문전자,1149,8,33929,,,,
20250514,014915,성문전자우,4530,10,2500,,,,
20250514,014990,인디에프,4730,5,45176,,,,
20250514,015020,이스타코,2824,-138,623546,,,,
20250514,015230,대창단조,5180,70,59854,,,,
20250514,015260,에이엔피,459,4,37797,,,,
20250514,015360,INVENI,10400,40,10985,,,,
20250514,015590,DKME,2575,0,0,,,,
20250514,015760,한국전력,26100,350,1996836,,,,
20250514,015860,일진홀딩스,3895,15,47197,,,,
20250514,015890,태경산업,5000,60,65481,,,,
20250514,016090,대현,1964,9,69497,,,,
20250514,016360,삼성증권,55300,-200,374865,,,,
20250514,016380,KG스틸,5910,10,61012,,,,
20250514,016450,한세예스24홀딩스,3860,5,18284,,,,
20250514,016580,환인제약,11520,-40,34956,,,,
20250514,016590,신대양제지,8300,90,19755,,,,
20250514,016610,DB증권,6540,30,36969,,,,
20250514,016710,대성홀딩스,7490,40,25302,,,,
20250514,016740,두올,3105,0,28031,,,,
20250514,016800,퍼시스,44600,800,252,,,,
20250514,016880,웅진,1642,14,1025902,,,,
20250514,017040,광명전기,1555,-12,356880,,,,
20250514,017180,명문제약,1648,-2,83863,,,,
20250514,017370,우신시스템,7140,160,172612,,,,
20250514,017390,서울가스,52000,100,3096,,,,
20250514,017550,수산세보틱스,1888,19,89000,,,,
20250514,017670,SK텔레콤,51300,-300,1612625,,,,
20250514,017800,현대엘리베이터,76900,-600,112299,,,,
20250514,017810,풀무원,15040,-230,55292,,,,
20250514,017860,DS단석,24609,-644,114663,,,,
20250514,017900,광전자,1851,-14,134589,,,,
20250514,017940,E1,65300,800,14724,,,,
20250514,017960,한국카본,21100,750,713038,,,,
20250514,018250,애경산업,14700,-10,70001,,,,
20250514,018260,삼성에스디에스,131000,500,86778,,,,
20250514,018470,조일알미늄,1611,0,869978,,,,
20250514,018500,동원모빌리티,1486,-3,299002,,,,
20250514,018670,SK가스,223500,-1500,11406,,,,
20250514,018880,한온시스템,3276,32,792562,,,,
20250514,019170,신풍제약,7440,50,44910,,,,
20250514,019175,신풍제약우,11770,-280,2740,,,,
20250514,019180,티에이치엔,3070,60,220083,,,,
20250514,019490,엑시큐어하이트론,820,91,7129456,,,,
20250514,019680,대교,2315,-5,26036,,,,
20250514,019685,대교우B,1308,1,17177,,,,
20250514,020000,한섬,15830,-70,41502,,,,
20250514,020120,키다리스튜디오,3505,40,130998,,,,
20250514,020150,롯데에너지머티리얼즈,22300,-50,95683,,,,
20250514,020560,아시아나항공,9770,160,74547,,,,
20250514,020760,일진디스플,736,9,77516,,,,
20250514,021050,서원,1232,6,142527,,,,
20250514,021240,코웨이,98200,-4600,205995,,,,
20250514,021820,세원정공,8660,-20,4759,,,,
20250514,022100,포스코DX,23300,-400,557430,,,,
20250514,023000,삼원강재,2390,5,8388,,,,
20250514,023150,MH에탄올,5070,-10,1721,,,,
20250514,023350,한국종합기술,5930,-140,47881,,,,
20250514,023450,동남합성,34200,850,1394,,,,
20250514,023530,롯데쇼핑,74300,-1200,72946,,,,
20250514,023590,다우기술,23500,-100,81787,,,,
20250514,023800,인지컨트롤스,5950,30,26610,,,,
20250514,023810,인팩,5870,0,12760,,,,
20250514,023960,에쓰씨엔지니어링,1273,11,182153,,,,
20250514,024070,WISCOM,1901,-12,3832,,,,
20250514,024090,디씨엠,12710,110,19461,,,,
20250514,024110,기업은행,15430,70,1037446,,,,
20250514,024720,콜마홀딩스,9960,690,555616,,,,
20250514,024890,대원화성,4460,0,4999,,,,
20250514,024900,디와이덕양,2805,-5,35017,,,,
20250514,025000,KPX케미칼,42966,94,4660,,,,
20250514,025530,SJM홀딩스,3380,5,21946,,,,
20250514,025540,한국단자,65500,-300,11934,,,,
20250514,025560,미래산업,2412,63,233590,,,,
20250514,025620,차AI헬스케어,7730,560,56805,,,,
20250514,025750,한솔홈데코,4080,-115,493526,,,,
20250514,025820,이구산업,4350,60,152031,,,,
20250514,025860,남해화학,6840,-50,53559,,,,
20250514,025890,한국주강,1917,77,30411,,,,
20250514,026890,스틱인베스트먼트,9980,-30,55773,,,,
20250514,026940,부국철강,2415,5,72896,,,,
20250514,026960,동서,25550,150,43066,,,,
20250514,027410,BGF,3635,55,78252,,,,
20250514,027740,마니커,1726,12,46284,,,,
20250514,027970,한국제지,4295,175,129879,,,,
20250514,028050,삼성E&A,20300,-50,618302,,,,
20250514,028100,동아지질,14730,0,15026,,,,
20250514,028260,삼성물산,125200,900,209039,,,,
20250514,02826K,삼성물산우B,93200,900,4291,,,,
20250514,028670,팬오션,3600,60,1180752,,,,
20250514,029460,케이씨,19070,130,6803,,,,
20250514,029530,신도리코,43700,-350,6226,,,,
20250514,029780,삼성카드,42050,50,87624,,,,
20250514,030000,제일기획,18560,-30,153532,,,,
20250514,030190,NICE평가정보,13760,410,99520,,,,
20250514,030200,KT,51300,300,292029,,,,
20250514,030210,다올투자증권,3360,5,83438,,,,
20250514,030610,교보증권,7200,220,280002,,,,
20250514,030720,동원수산,5450,0,4619,,,,
20250514,031210,서울보증보험,37000,500,133847,,,,
20250514,031430,신세계인터내셔날,10190,160,96529,,,,
20250514,031820,아이티센씨티에스,6330,80,10869,,,,
20250514,032350,롯데관광개발,10750,-60,349419,,,,
20250514,032560,황금에스티,5380,10,13717,,,,
20250514,032640,LG유플러스,13080,300,2123782,,,,
20250514,032830,삼성생명,86300,100,177344,,,,
20250514,033240,자화전자,12960,280,80097,,,,
20250514,033250,체시스,5785,225,88125,,,,
20250514,033270,유나이티드제약,19430,170,20449,,,,
20250514,033530,SJG세종,4360,-10,28673,,,,
20250514,033780,KT&G,116600,900,275214,,,,
20250514,033920,무학,7200,30,76746,,,,
20250514,034020,두산에너빌리티,31300,1650,14737537,,,,
20250514,034120,SBS,20650,250,71943,,,,
20250514,034220,LG디스플레이,8730,60,702126,,,,
20250514,034230,파라다이스,12900,160,357710,,,,
20250514,034310,NICE,11500,60,21320,,,,
20250514,034590,인천도시가스,24900,-50,2518,,,,
20250514,034730,SK,138800,2500,100679,,,,
20250514,03473K,SK우,123100,1200,2375,,,,
20250514,034830,한국토지신탁,1077,9,283554,,,,
20250514,035000,HS애드,7150,70,16647,,,,
20250514,035150,백산,14680,-30,81095,,,,
20250514,035250,강원랜드,16970,180,543658,,,,
20250514,035420,NAVER,191200,3000,363846,,,,
20250514,035510,신세계 I&C,12100,-30,88620,,,,
20250514,035720,카카오,37950,400,1623377,,,,
20250514,036420,콘텐트리중앙,9540,10,32292,,,,
20250514,036460,한국가스공사,35850,-2200,1013948,,,,
20250514,036530,SNT홀딩스,37500,1000,29437,,,,
20250514,036570,NC,158500,8100,289711,,,,
20250514,036580,팜스코,2280,100,113209,,,,
20250514,037270,YG PLUS,5880,130,1198087,,,,
20250514,037560,LG헬로비전,2595,-5,296242,,,,
20250514,037710,광주신세계,28200,200,18271,,,,
20250514,039130,하나투어,50400,-300,72695,,,,
20250514,039490,키움증권,148100,-2100,63038,,,,
20250514,039570,HDC랩스,9010,20,8288,,,,
20250514,041650,상신브레이크,2980,10,53033,,,,
20250514,042660,한화오션,79500,1800,1720359,,,,
20250514,042700,한미반도체,83800,2800,1427546,,,,
20250514,044380,주연테크,1705,35,26805,,,,
20250514,044450,KSS해운,9070,-80,112837,,,,
20250514,044820,코스맥스비티아이,12700,780,57346,,,,
20250514,047040,대우건설,3645,-45,1301907,,,,
20250514,047050,포스코인터내셔널,47200,-1300,503463,,,,
20250514,047400,유니온머티리얼,1800,12,218182,,,,
20250514,047810,한국항공우주,90600,4500,1159332,,,,
20250514,049800,우진플라임,2205,-35,10177,,,,
20250514,051600,한전KPS,43300,150,90692,,,,
20250514,051630,진양화학,2115,-10,149705,,,,
20250514,051900,LG생활건강,323500,-1500,20195,,,,
20250514,051905,LG생활건강우,124700,-1600,11002,,,,
20250514,051910,LG화학,203500,500,247404,,,,
20250514,051915,LG화학우,102500,300,42544,,,,
20250514,052690,한전기술,61700,400,134595,,,,
20250514,053210,스카이라이프,4420,-30,83847,,,,
20250514,053690,한미글로벌,17030,160,81059,,,,
20250514,055490,테이팩스,14030,-40,16374,,,,
20250514,055550,신한지주,51800,0,1027546,,,,
20250514,058430,포스코스틸리온,3825,30,211170,,,,
20250514,058650,세아홀딩스,97700,3500,70,,,,
20250514,058730,다스코,3210,40,2312642,,,,
20250514,058850,KTcs,2895,55,343824,,,,
20250514,058860,KTis,2730,5,760856,,,,
20250514,060980,HL홀딩스,38750,1200,45144,,,,
20250514,062040,산일전기,63200,2500,419253,,,,
20250514,063160,종근당바이오,22600,200,12861,,,,
20250514,064350,현대로템,107600,1000,1114314,,,,
20250514,064400,LG씨엔에스,56600,600,366182,,,,
20250514,064960,SNT모티브,28350,-200,37311,,,,
20250514,066570,LG전자,72500,-500,451096,,,,
20250514,066575,LG전자우,35750,50,38281,,,,
20250514,066970,엘앤에프,63400,-1100,205201,,,,
20250514,067830,세이브존I&C,2450,25,50485,,,,
20250514,068270,셀트리온,141662,0,576266,,,,
20250514,068290,삼성출판사,16640,70,10650,,,,
20250514,069260,TKG휴켐스,15970,-50,37124,,,,
20250514,069460,대호에이엘,9175,10,101083,,,,
20250514,069620,대웅제약,143100,6200,35120,,,,
20250514,069640,한세엠케이,2128,18,3584,,,,
20250514,069730,DSR제강,3520,0,13380,,,,
20250514,069960,현대백화점,65600,-400,51013,,,,
20250514,070960,모나용평,4380,100,197023,,,,
20250514,071050,한국금융지주,89000,-400,149580,,,,
20250514,071055,한국금융지주우,66500,-200,25779,,,,
20250514,071090,하이스틸,3980,15,352727,,,,
20250514,071320,지역난방공사,61500,4100,82536,,,,
20250514,071840,롯데하이마트,7610,0,25854,,,,
20250514,071950,코아스,9320,-80,16435,,,,
20250514,071970,HD현대마린엔진,39750,-200,348911,,,,
20250514,072130,유엔젤,5440,-80,245706,,,,
20250514,072710,농심홀딩스,71400,900,6413,,,,
20250514,073240,금호타이어,4890,15,232605,,,,
20250514,074610,이엔플러스,5110,0,0,,,,
20250514,075180,새론오토모티브,3430,50,7963,,,,
20250514,075580,세진중공업,9400,210,604250,,,,
20250514,077500,유니퀘스트,6370,70,162160,,,,
20250514,077970,STX엔진,24600,-100,184117,,,,
20250514,078000,텔코웨어,9710,30,31917,,,,
20250514,078520,에이블씨엔씨,7160,-50,80317,,,,
20250514,078930,GS,39300,-250,179540,,,,
20250514,078935,GS우,38500,350,8245,,,,
20250514,079160,CJ CGV,4805,-25,172330,,,,
20250514,079430,현대리바트,7820,50,19027,,,,
20250514,079550,LIG디펜스앤에어로스페이스,380000,2000,120650,,,,
20250514,079900,전진건설로봇,52300,-200,195042,,,,
20250514,079980,휴비스,2935,105,126952,,,,
20250514,081000,일진다이아,12620,420,20620,,,,
20250514,081660,미스토홀딩스,38900,1950,224098,,,,
20250514,082640,동양생명,5770,120,188202,,,,
20250514,082740,한화엔진,29300,50,783672,,,,
20250514,083420,그린케미칼,9010,310,1243328,,,,
20250514,084010,대한제강,10776,-60,28903,,,,
20250514,084670,동양고속,7410,-40,11308,,,,
20250514,084680,이월드,1436,3,138261,,,,
20250514,084690,대상홀딩스,9600,200,288140,,,,
20250514,084695,대상홀딩스우,14560,-140,16956,,,,
20250514,084870,TBH글로벌,1199,-26,32526,,,,
20250514,085310,엔케이,8750,-130,16948,,,,
20250514,085620,미래에셋생명,6010,240,423528,,,,
20250514,086280,현대글로비스,113000,-1700,303549,,,,
20250514,086790,하나금융지주,65500,600,553546,,,,
20250514,088260,이리츠코크렙,4740,0,23654,,,,
20250514,088350,한화생명,2690,10,1202740,,,,
20250514,088790,진도,1977,2,43767,,,,
20250514,088980,맥쿼리인프라,11500,-40,632912,,,,
20250514,089470,HDC현대EP,3670,10,16754,,,,
20250514,089590,제주항공,6870,0,82838,,,,
20250514,089860,롯데렌탈,31050,100,37090,,,,
20250514,090080,평화산업,1800,-173,10977298,,,,
20250514,090350,노루페인트,8280,100,120224,,,,
20250514,090355,노루페인트우,12350,-70,1093,,,,
20250514,090370,메타랩스,1453,31,21521,,,,
20250514,090430,아모레퍼시픽,123500,800,202888,,,,
20250514,090435,아모레퍼시픽우,39150,350,16278,,,,
20250514,090460,비에이치,13520,90,168598,,,,
20250514,091810,트리니티항공,2081,9,189565,,,,
20250514,092200,디아이씨,4605,35,141564,,,,
20250514,092220,KEC,3800,30,103362,,,,
20250514,092230,KPX홀딩스,64200,500,3647,,,,
20250514,092440,기신정기,2525,40,158331,,,,
20250514,092780,DYP,4620,30,7979,,,,
20250514,092790,넥스틸,12470,-40,304633,,,,
20250514,093050,LF,15290,-50,16465,,,,
20250514,093240,형지엘리트,2168,-92,2140892,,,,
20250514,093370,후성,4350,15,299556,,,,
20250514,094280,효성ITX,12160,-10,13160,,,,
20250514,094800,맵스리얼티,4350,50,26730,,,,
20250514,095570,AJ네트웍스,3795,20,258681,,,,
20250514,095720,웅진씽크빅,3282,22,104006,,,,
20250514,096760,JW홀딩스,3125,35,56737,,,,
20250514,096770,SK이노베이션,89800,-400,277731,,,,
20250514,096775,SK이노베이션우,63900,-700,3327,,,,
20250514,097230,HJ중공업,7900,700,3516013,,,,
20250514,097520,엠씨넥스,26600,-200,34752,,,,
20250514,097950,CJ제일제당,236000,-2500,88180,,,,
20250514,097955,CJ제일제당 우,139500,0,2885,,,,
20250514,100090,SK오션플랜트,19840,3940,4084885,,,,
20250514,100220,비상교육,5460,190,139773,,,,
20250514,100250,진양홀딩스,2963,4,35556,,,,
20250514,100840,SNT에너지,38050,1150,126295,,,,
20250514,101140,인바이오젠,14650,300,44013,,,,
20250514,101530,해태제과식품,6890,40,24272,,,,
20250514,102260,동성케미컬,4048,-39,95842,,,,
20250514,102460,이연제약,11020,120,12445,,,,
20250514,103140,풍산,58900,500,194262,,,,
20250514,103590,일진전기,28200,-400,2062932,,,,
20250514,104700,한국철강,8540,330,72977,,,,
20250514,105560,KB금융,93400,800,715874,,,,
20250514,105630,한세실업,11370,-90,71264,,,,
20250514,105840,우진,7860,170,106041,,,,
20250514,107590,미원홀딩스,74100,0,159,,,,
20250514,108320,LX세미콘,61300,2100,63158,,,,
20250514,108670,LX하우시스,29500,-200,14104,,,,
20250514,108675,LX하우시스우,18150,80,832,,,,
20250514,109070,주성코퍼레이션,981,3,353874,,,,
20250514,111110,호전실업,8290,10,12019,,,,
20250514,111380,동인기연,17430,-330,7711,,,,
20250514,111770,영원무역,51900,900,84687,,,,
20250514,112610,씨에스윈드,49300,6350,2281588,,,,
20250514,114090,GKL,12820,150,215087,,,,
20250514,117580,대성에너지,7720,90,38519,,,,
20250514,118000,메타케어,3150,10,39796,,,,
20250514,119650,KC코트렐,918,0,0,,,,
20250514,120030,조선선재,100500,700,1267,,,,
20250514,120110,코오롱인더,30850,350,81281,,,,
20250514,120115,코오롱인더우,20300,50,6205,,,,
20250514,122900,아이마켓코리아,8090,10,27594,,,,
20250514,123690,한국화장품,7130,30,41715,,,,
20250514,123700,SJM,3175,10,16014,,,,
20250514,123890,한국자산신탁,2410,0,125980,,,,
20250514,126560,현대퓨처넷,3200,25,110099,,,,
20250514,126720,수산인더스트리,19820,170,9565,,,,
20250514,128820,대성산업,3515,0,0,,,,
20250514,128940,한미약품,288500,11500,146453,,,,
20250514,129260,인터지스,2615,50,348874,,,,
20250514,130660,한전산업,11190,200,343280,,,,
20250514,133820,화인베스틸,907,66,809734,,,,
20250514,134380,미원화학,7900,140,1480,,,,
20250514,134790,시디즈,28700,-50,7045,,,,
20250514,136490,선진,7350,470,890024,,,,
20250514,137310,에스디바이오센서,9740,240,123691,,,,
20250514,138040,메리츠금융지주,116600,-300,196377,,,,
20250514,138930,BNK금융지주,10550,0,861199,,,,
20250514,139130,iM금융지주,10620,100,640521,,,,
20250514,139480,이마트,82800,-2000,362807,,,,
20250514,139990,아주스틸,3835,5,23580,,,,
20250514,143210,핸즈코퍼레이션,1586,-14,13593,,,,
20250514,145210,다이나믹디자인,10790,-650,15529,,,,
20250514,145270,케이탑리츠,947,2,21589,,,,
20250514,145720,덴티움,63700,1300,54298,,,,
20250514,145990,삼양사,48000,-550,12346,,,,
20250514,145995,삼양사우,31400,100,443,,,,
20250514,155660,DSR,3815,-25,16459,,,,
20250514,161000,애경케미칼,10630,370,2401077,,,,
20250514,161390,한국타이어앤테크놀로지,40300,500,227447,,,,
20250514,161890,한국콜마,84400,900,254481,,,,
20250514,163560,동일고무벨트,7490,-10,70600,,,,
20250514,170900,동아에스티,46065,572,20125,,,,
20250514,175330,JB금융지주,17820,240,440681,,,,
20250514,178920,PI첨단소재,17320,310,98072,,,,
20250514,180640,한진칼,150600,34700,846472,,,,
20250514,18064K,한진칼우,38600,8900,21427,,,,
20250514,181710,NHN,20200,-350,218789,,,,
20250514,183190,아세아시멘트,11290,-20,62740,,,,
20250514,185750,종근당,82900,2400,31503,,,,
20250514,192080,더블유게임즈,52800,-3900,263059,,,,
20250514,192400,쿠쿠홀딩스,28350,1500,41900,,,,
20250514,192650,드림텍,6200,30,144324,,,,
20250514,192820,코스맥스,214000,21500,202931,,,,
20250514,194370,제이에스코퍼레이션,8640,-40,121799,,,,
20250514,195870,해성디에스,20400,450,154409,,,,
20250514,200880,서연이화,11950,-30,84269,,,,
20250514,204320,HL만도,37250,-200,112010,,,,
20250514,207940,삼성바이오로직스,1479103,7359,46150,,,,
20250514,210540,디와이파워,11920,30,18693,,,,
20250514,210980,SK디앤디,9000,-70,32854,,,,
20250514,213500,한솔제지,8590,0,30828,,,,
20250514,214320,이노션,18100,-150,72616,,,,
20250514,214330,금호에이치티,17871,326,19369,,,,
20250514,214390,경보제약,5480,80,13220,,,,
20250514,214420,토니모리,9290,90,213159,,,,
20250514,226320,잇츠한불,12530,340,32932,,,,
20250514,227840,현대코퍼레이션홀딩스,11390,50,28349,,,,
20250514,229640,LS에코에너지,35800,1000,207908,,,,
20250514,234080,JW생명과학,11950,50,22758,,,,
20250514,241560,두산밥캣,47950,-450,232220,,,,
20250514,241590,화승엔터프라이즈,8680,190,232513,,,,
20250514,244920,에이플러스에셋,5200,20,99354,,,,
20250514,248070,솔루엠,16830,130,102368,,,,
20250514,248170,샘표식품,27000,200,6468,,,,
20250514,249420,일동제약,11550,-60,24538,,,,
20250514,251270,넷마블,50500,-1000,159487,,,,
20250514,259960,크래프톤,373000,3500,87330,,,,
20250514,264900,크라운제과,8470,-30,18493,,,,
20250514,26490K,크라운제과우,9910,-10,4801,,,,
20250514,267250,HD현대,82100,1400,159634,,,,
20250514,267260,HD현대일렉트릭,354000,13000,282141,,,,
20250514,267270,HD건설기계,73300,-400,97485,,,,
20250514,267290,경동도시가스,18000,80,11260,,,,
20250514,267850,아시아나IDT,12130,510,77109,,,,
20250514,268280,미원에스씨,157900,800,1131,,,,
20250514,271560,오리온,122600,100,96349,,,,
20250514,271940,일진하이솔루스,14150,620,114603,,,,
20250514,271980,제일약품,12340,120,28278,,,,
20250514,272210,한화시스템,43100,-100,1950147,,,,
20250514,272450,진에어,9130,60,66641,,,,
20250514,272550,삼양패키징,13500,120,10994,,,,
20250514,278470,에이피알,109400,300,713126,,,,
20250514,280360,롯데웰푸드,115600,-400,12617,,,,
20250514,281820,케이씨텍,28850,1000,199368,,,,
20250514,282330,BGF리테일,101100,-400,52506,,,,
20250514,284740,쿠쿠홈시스,25650,600,106209,,,,
20250514,285130,SK케미칼,49700,-600,122871,,,,
20250514,28513K,SK케미칼우,21700,-150,15184,,,,
20250514,286940,롯데이노베이트,19080,-140,8628,,,,
20250514,293480,하나제약,11540,40,4142,,,,
20250514,293940,신한알파리츠,5730,-40,252560,,,,
20250514,294870,IPARK현대산업개발,25500,500,162264,,,,
20250514,298000,효성화학,77800,0,0,,,,
20250514,298020,효성티앤씨,239500,0,10266,,,,
20250514,298040,효성중공업,556000,16000,61112,,,,
20250514,298050,HS효성첨단소재,200000,11500,25607,,,,
20250514,298690,에어부산,2165,25,197588,,,,
20250514,300720,한일시멘트,18260,240,97610,,,,
20250514,302440,SK바이오사이언스,40200,200,56134,,,,
20250514,306200,세아제강,172200,500,7385,,,,
20250514,307950,현대오토에버,137900,3900,80359,,,,
20250514,308170,씨티알모빌리티,6260,180,5697,,,,
20250514,316140,우리금융지주,17960,110,1933239,,,,
20250514,317400,자이에스앤디,3520,50,41728,,,,
20250514,322000,HD현대에너지솔루션,44050,10150,2318592,,,,
20250514,323410,카카오뱅크,23350,550,461108,,,,
20250514,326030,SK바이오팜,92100,100,199980,,,,
20250514,329180,HD현대중공업,416000,6500,131113,,,,
20250514,330590,롯데리츠,3635,-15,206577,,,,
20250514,334890,이지스밸류플러스리츠,4691,24,70808,,,,
20250514,336260,두산퓨얼셀,17150,1130,565816,,,,
20250514,33626K,두산퓨얼셀1우,4760,125,84782,,,,
20250514,33626L,두산퓨얼셀2우B,8270,350,10367,,,,
20250514,336370,솔루스첨단소재,8620,30,110388,,,,
20250514,33637K,솔루스첨단소재1우,1820,-8,29477,,,,
20250514,33637L,솔루스첨단소재2우B,4355,35,45820,,,,
20250514,338100,NH프라임리츠,4610,-20,44884,,,,
20250514,339770,교촌에프앤비,5280,60,91705,,,,
20250514,344820,KCC글라스,30800,-200,34933,,,,
20250514,348950,제이알글로벌리츠,2765,-15,222773,,,,
20250514,350520,이지스레지던스리츠,4270,20,22971,,,,
20250514,352820,하이브,275000,8000,196783,,,,
20250514,353200,대덕전자,15750,320,353696,,,,
20250514,35320K,대덕전자1우,7690,10,3916,,,,
20250514,357120,코람코라이프인프라리츠,4560,0,84026,,,,
20250514,357250,미래에셋맵스리츠,2795,-5,20328,,,,
20250514,357430,마스턴프리미어리츠,1471,-1,88479,,,,
20250514,361610,SK아이이테크놀로지,22850,100,105210,,,,
20250514,363280,티와이홀딩스,2355,90,107985,,,,
20250514,36328K,티와이홀딩스우,3800,-60,31666,,,,
20250514,365550,ESR켄달스퀘어리츠,4604,15,359613,,,,
20250514,372910,한컴라이프케어,3000,15,88229,,,,
20250514,373220,LG에너지솔루션,313500,1500,223695,,,,
20250514,375500,DL이앤씨,44650,150,132135,,,,
20250514,37550K,DL이앤씨우,19020,70,5102,,,,
20250514,37550L,DL이앤씨2우(전환),29600,-150,7338,,,,
20250514,377190,디앤디플랫폼리츠,3250,-15,61083,,,,
20250514,377300,카카오페이,30200,550,279765,,,,
20250514,377740,바이오노트,4625,-25,22555,,,,
20250514,378850,화승알앤에이,3245,20,28040,,,,
20250514,381970,케이카,14200,100,84702,,,,
20250514,383220,F&F,70900,1400,51089,,,,
20250514,383800,LX홀딩스,7240,160,290847,,,,
20250514,38380K,LX홀딩스1우,8430,240,5195,,,,
20250514,395400,SK리츠,4915,-35,201115,,,,
20250514,396690,미래에셋글로벌리츠,2810,-10,60484,,,,
20250514,400760,NH올원리츠,3610,14,35775,,,,
20250514,402340,SK스퀘어,103500,3600,322453,,,,
20250514,403550,쏘카,14010,-110,11304,,,,
20250514,404990,신한서부티엔디리츠,3505,-15,60353,,,,
20250514,415640,KB발해인프라,7810,-20,46840,,,,
20250514,417310,코람코더원리츠,5380,-30,41827,,,,
20250514,432320,KB스타리츠,4005,0,50580,,,,
20250514,443060,HD현대마린솔루션,167500,2500,95883,,,,
20250514,446070,유니드비티플러스,4100,20,26043,,,,
20250514,448730,삼성FN리츠,4615,-5,61305,,,,
20250514,450080,에코프로머티,50200,-400,417839,,,,
20250514,451800,한화리츠,3820,-25,188070,,,,
20250514,452260,한화갤러리아,1244,4,478815,,,,
20250514,45226K,한화갤러리아우,2350,15,1889,,,,
20250514,453340,현대그린푸드,15500,10,38981,,,,
20250514,454910,두산로보틱스,52300,1800,391948,,,,
20250514,456040,OCI,61100,1900,102840,,,,
20250514,457190,이수스페셜티케미컬,41550,0,200921,,,,
20250514,460850,동국씨엠,6460,80,28999,,,,
20250514,460860,동국제강,9420,-150,160293,,,,
20250514,462520,조선내화,13500,0,3723,,,,
20250514,462870,시프트업,54800,1800,188715,,,,
20250514,465770,STX그린로지스,9070,-90,175140,,,,
20250514,475150,SK이터닉스,18830,1920,5048025,,,,
20250514,475560,더본코리아,27850,750,93617,,,,
20250514,480370,씨케이솔루션,4353,385,13237965,,,,
20250514,481850,신한글로벌액티브리츠,1585,-11,67132,,,,
20250514,484870,엠앤씨솔루션,33800,0,103455,,,,
20250514,487570,HS효성,39600,-500,15921,,,,
20250514,489790,한화비전,64000,1800,1714723,,,,
20250514,499790,GS피앤엘,23200,150,112887,,,,
20250514,900140,엘브이엠씨홀딩스,1786,19,397075,,,,
20250514,950210,프레스티지바이오파마,13830,-160,93767,,,,
20250515,000020,동화약품,6400,0,31112,,,,
20250515,000040,KR모터스,2105,-75,49325,,,,
20250515,000050,경방,7290,-890,896973,,,,
20250515,000070,삼양홀딩스,43441,868,67948,,,,
20250515,000080,하이트진로,19290,180,251245,,,,
20250515,000087,하이트진로2우B,15290,0,303,,,,
20250515,000100,유한양행,107000,-500,224618,,,,
20250515,000105,유한양행우,97800,-1200,4807,,,,
20250515,000120,CJ대한통운,79200,-1800,130764,,,,
20250515,000140,하이트진로홀딩스,8550,10,12142,,,,
20250515,000145,하이트진로홀딩스우,10810,-80,2,,,,
20250515,000150,두산,392000,-16500,192654,,,,
20250515,000155,두산우,234500,-12000,94989,,,,
20250515,000157,두산2우B,332000,7000,16682,,,,
20250515,000180,성창기업지주,7075,175,21253,,,,
20250515,000210,DL,38850,1200,101011,,,,
20250515,000215,DL우,21300,150,3470,,,,
20250515,000220,유유제약,4620,65,62711,,,,
20250515,000225,유유제약1우,4905,10,11586,,,,
20250515,000227,유유제약2우B,10190,40,514,,,,
20250515,000230,일동홀딩스,6070,-20,17042,,,,
20250515,000240,한국앤컴퍼니,16740,-360,105206,,,,
20250515,000270,기아,91200,-1200,761239,,,,
20250515,000300,DH오토넥스,4200,0,0,,,,
20250515,000320,노루홀딩스,15620,170,27019,,,,
20250515,000325,노루홀딩스우,30200,1000,765,,,,
20250515,000370,한화손해보험,4275,-95,343570,,,,
20250515,000390,SP삼화,6050,-20,38345,,,,
20250515,000400,롯데손해보험,1577,-22,166768,,,,
20250515,000430,대원강업,3815,-65,33938,,,,
20250515,000480,CR홀딩스,5290,-10,6071,,,,
20250515,000490,대동,10590,-300,105638,,,,
20250515,000500,가온전선,36063,1166,196748,,,,
20250515,000520,삼일제약,12810,260,353175,,,,
20250515,000540,흥국화재,3505,15,368798,,,,
20250515,000545,흥국화재우,7730,-420,85548,,,,
20250515,000590,CS홀딩스,75600,200,1762,,,,
20250515,000640,동아쏘시오홀딩스,98189,1456,11789,,,,
20250515,000650,천일고속,40050,-250,241,,,,
20250515,000660,SK하이닉스,200500,-5500,3178957,,,,
20250515,000670,영풍,35655,49,11785,,,,
20250515,000680,LS네트웍스,3650,-65,324130,,,,
20250515,000700,유수홀딩스,5480,30,17361,,,,
20250515,000720,현대건설,43450,-250,501209,,,,
20250515,000725,현대건설우,54300,-800,6097,,,,
20250515,000760,이화산업,10850,-130,488,,,,
20250515,000810,삼성화재,370000,-8000,89585,,,,
20250515,000815,삼성화재우,278000,-2000,10496,,,,
20250515,000850,화천기공,29700,-450,1514,,,,
20250515,000860,강남제비스코,12680,40,14852,,,,
20250515,000880,한화,63385,2641,235544,,,,
20250515,00088K,한화3우B,23459,151,87030,,,,
20250515,000890,보해양조,2650,15,215020,,,,
20250515,000910,유니온,4840,-85,187860,,,,
20250515,000950,전방,25450,850,3582,,,,
20250515,000970,한국주철관,7070,-160,147362,,,,
20250515,000990,DB하이텍,39400,-400,107230,,,,
20250515,001020,페이퍼코리아,3990,140,51940,,,,
20250515,001040,CJ,126400,-1300,110126,,,,
20250515,001045,CJ우,73500,700,3433,,,,
20250515,00104K,CJ4우(전환),104000,200,10109,,,,
20250515,001060,JW중외제약,22000,-200,51431,,,,
20250515,001065,JW중외제약우,28550,100,246,,,,
20250515,001067,JW중외제약2우B,60900,0,1,,,,
20250515,001070,대한방직,5260,-60,11523,,,,
20250515,001080,만호제강,2700,0,11940,,,,
20250515,001120,LX인터내셔널,27950,250,175484,,,,
20250515,001130,대한제분,13800,310,16370,,,,
20250515,001200,유진투자증권,3065,80,817445,,,,
20250515,001210,금호전기,6025,-35,86809,,,,
20250515,001230,동국홀딩스,1696,11,268829,,,,
20250515,001250,GS글로벌,2565,-40,447731,,,,
20250515,001260,남광토건,8200,-330,27739,,,,
20250515,001270,부국증권,29600,-1350,39444,,,,
20250515,001275,부국증권우,22400,-200,1464,,,,
20250515,001290,상상인증권,504,11,489356,,,,
20250515,001340,PKC,5980,-60,85040,,,,
20250515,001360,삼성제약,1492,-3,156645,,,,
20250515,001380,SG글로벌,3614,-52,158176,,,,
20250515,001390,KG케미칼,3985,5,159609,,,,
20250515,001420,태원물산,3960,-5,15490,,,,
20250515,001430,세아베스틸지주,18470,60,59500,,,,
20250515,001440,대한전선,12280,-200,903702,,,,
20250515,001450,현대해상,22450,300,491355,,,,
20250515,001460,BYC,33750,850,8147,,,,
20250515,001465,BYC우,14530,160,2653,,,,
20250515,001470,삼부토건,347,0,0,,,,
20250515,001500,현대차증권,6560,0,184541,,,,
20250515,001510,SK증권,1033,-12,533946,,,,
20250515,001515,SK증권우,3436,-68,5121,,,,
20250515,001520,동양,1102,-12,283203,,,,
20250515,001525,동양우,8200,-60,2986,,,,
20250515,001527,동양2우B,16920,40,112,,,,
20250515,001530,DI동일,34191,-333,17888,,,,
20250515,001550,조비,12150,-70,28760,,,,
20250515,001560,제일연마,9250,-250,9256,,,,
20250515,001570,금양,9900,0,0,,,,
20250515,001620,케이비아이동국실업,2615,0,7076,,,,
20250515,001630,종근당홀딩스,49400,0,4444,,,,
20250515,001680,대상,24450,100,86785,,,,
20250515,001685,대상우,16750,50,16806,,,,
20250515,001720,신영증권,106000,-1000,18300,,,,
20250515,001740,SK네트웍스,4060,-80,524433,,,,
20250515,001750,한양증권,14020,-100,13996,,,,
20250515,001755,한양증권우,14310,-180,2137,,,,
20250515,001770,SHD,16200,-70,1261,,,,
20250515,001780,알루코,2380,0,369797,,,,
20250515,001790,대한제당,2730,-40,1327224,,,,
20250515,001795,대한제당우,2305,0,344400,,,,
20250515,001800,오리온홀딩스,18850,-800,249782,,,,
20250515,001820,삼화콘덴서,25150,-750,23475,,,,
20250515,001940,KISCO홀딩스,21700,200,6869,,,,
20250515,002020,코오롱,22950,100,44765,,,,
20250515,002025,코오롱우,14570,210,4988,,,,
20250515,002030,아세아,272500,4500,1612,,,,
20250515,002070,비비안,20473,-1481,1593015,,,,
20250515,002100,경농,9270,-80,16237,,,,
20250515,002140,고려산업,2780,-90,140629,,,,
20250515,002150,도화엔지니어링,6570,-90,29821,,,,
20250515,002170,SYTS,49200,700,1326,,,,
20250515,002200,한국수출포장,2815,-10,55959,,,,
20250515,002210,동성제약,2780,0,0,,,,
20250515,002220,한일철강,1954,-9,23901,,,,
20250515,002240,고려제강,17360,-50,9279,,,,
20250515,002310,아세아제지,7040,-40,106947,,,,
20250515,002320,한진,19660,-690,48617,,,,
20250515,002350,넥센타이어,5940,20,129444,,,,
20250515,002355,넥센타이어1우B,2990,-5,947,,,,
20250515,002360,SH에너지화학,4540,0,6896,,,,
20250515,002380,KCC,265000,0,18786,,,,
20250515,002390,한독,11590,-110,21110,,,,
20250515,002410,범양건영,1935,0,0,,,,
20250515,002420,세기상사,5100,100,3840,,,,
20250515,002450,삼익악기,1248,-52,326950,,,,
20250515,002460,HS화성,10120,100,10208,,,,
20250515,002600,조흥,159100,800,10,,,,
20250515,002620,제일파마홀딩스,7980,-10,3196,,,,
20250515,002630,오리엔트바이오,2898,-232,2704440,,,,
20250515,002690,동일제강,1398,-15,13044,,,,
20250515,002700,신일전자,1507,-37,590435,,,,
20250515,002710,TCC스틸,19120,-640,122059,,,,
20250515,002720,국제약품,4660,-10,67826,,,,
20250515,002760,보락,1122,-14,226033,,,,
20250515,002780,진흥기업,744,-21,408849,,,,
20250515,002785,진흥기업우B,3325,25,788,,,,
20250515,002787,진흥기업2우B,9700,240,34,,,,
20250515,002790,아모레퍼시픽홀딩스,22750,-350,68458,,,,
20250515,002795,아모레퍼시픽홀딩스우,9580,-60,6261,,,,
20250515,00279K,아모레퍼시픽홀딩스3우C,18310,-220,5420,,,,
20250515,002810,삼영무역,14280,220,22671,,,,
20250515,002820,SUN&L,2995,-15,16342,,,,
20250515,002840,미원상사,186500,-3500,1381,,,,
20250515,002870,신풍,1028,-14,196672,,,,
20250515,002880,디와이에이,978,-19,120309,,,,
20250515,002900,TYM,5260,20,409729,,,,
20250515,002920,유성기업,1972,16,16704,,,,
20250515,002960,한국쉘석유,369000,-8000,3046,,,,
20250515,002990,금호건설,2825,-10,119512,,,,
20250515,002995,금호건설우,11850,-350,8114,,,,
20250515,003000,부광약품,3724,41,72656,,,,
20250515,003010,혜인,5020,-50,71238,,,,
20250515,003030,세아제강지주,217500,-4000,7280,,,,
20250515,003060,에이프로젠바이오로직스,665,-6,210210,,,,
20250515,003070,코오롱글로벌,8800,0,9622,,,,
20250515,003075,코오롱글로벌우,15600,0,206,,,,
20250515,003080,SB성보,2560,5,7831,,,,
20250515,003090,대웅,20350,250,43124,,,,
20250515,003120,일성아이에스,17100,50,10537,,,,
20250515,003160,디아이,15480,-590,484917,,,,
20250515,003200,일신방직,9390,100,51227,,,,
20250515,003220,대원제약,13860,30,71125,,,,
20250515,003230,삼양식품,991000,-8000,46522,,,,
20250515,003240,태광산업,867000,27000,1049,,,,
20250515,003280,흥아해운,1591,-30,2688650,,,,
20250515,003300,한일홀딩스,15730,320,20691,,,,
20250515,003350,한국화장품제조,11260,360,315760,,,,
20250515,003460,유화증권,2470,-5,18746,,,,
20250515,003465,유화증권우,2410,-5,699,,,,
20250515,003470,유안타증권,3165,-5,637270,,,,
20250515,003475,유안타증권우,3190,-55,147422,,,,
20250515,003480,한진중공업홀딩스,4895,155,804257,,,,
20250515,003490,대한항공,22650,-150,1114502,,,,
20250515,003495,대한항공우,23900,-4050,209747,,,,
20250515,003520,영진약품,2170,145,23936288,,,,
20250515,003530,한화투자증권,3805,35,1243816,,,,
20250515,003535,한화투자증권우,6180,40,4925,,,,
20250515,003540,대신증권,19880,10,153634,,,,
20250515,003545,대신증권우,17420,-510,124329,,,,
20250515,003547,대신증권2우B,16760,-510,63169,,,,
20250515,003550,LG,68900,-1200,88430,,,,
20250515,003555,LG우,57800,100,5061,,,,
20250515,003570,SNT다이내믹스,33100,-100,91121,,,,
20250515,003580,HLB글로벌,3125,5,42219,,,,
20250515,003610,방림,4010,-65,100221,,,,
20250515,003620,KG모빌리티,3415,-85,301646,,,,
20250515,003650,미창석유,102400,1300,461,,,,
20250515,003670,포스코퓨처엠,110986,-776,234082,,,,
20250515,003680,한성기업,5060,-20,30274,,,,
20250515,003690,코리안리,8110,10,162177,,,,
20250515,003720,삼영,4215,-20,144908,,,,
20250515,003780,진양산업,5680,-60,149629,,,,
20250515,003830,대한화섬,121700,-500,239,,,,
20250515,003850,보령,8480,-30,95702,,,,
20250515,003920,남양유업,82000,1600,10563,,,,
20250515,003925,남양유업우,40800,900,15222,,,,
20250515,003960,사조대림,40000,-700,13192,,,,
20250515,004000,롯데정밀화학,36300,0,30932,,,,
20250515,004020,현대제철,25800,300,445245,,,,
20250515,004060,SG세계물산,3330,-50,40800,,,,
20250515,004080,신흥,14600,10,1663,,,,
20250515,004090,한국석유,12290,-100,48856,,,,
20250515,004100,태양금속,2725,20,1032071,,,,
20250515,004105,태양금속우,3760,115,127458,,,,
20250515,004140,동방,2405,-80,1047896,,,,
20250515,004150,한솔홀딩스,2585,0,112402,,,,
20250515,004170,신세계,168400,3400,32747,,,,
20250515,004250,NPC,4260,15,141861,,,,
20250515,004255,NPC우,2375,-40,23340,,,,
20250515,004270,남성,8745,16,5939,,,,
20250515,004310,현대약품,3420,-30,482361,,,,
20250515,004360,세방,12350,70,37968,,,,
20250515,004365,세방우,8030,-70,676,,,,
20250515,004370,농심,415000,-7000,21539,,,,
20250515,004380,삼익THK,13000,0,0,,,,
20250515,004410,서울식품,1580,-20,171731,,,,
20250515,004415,서울식품우,12290,10,300,,,,
20250515,004430,송원산업,11890,-150,23621,,,,
20250515,004440,삼일씨엔에스,4360,-40,13317,,,,
20250515,004450,삼화왕관,37450,0,11231,,,,
20250515,004490,세방전지,72900,100,47806,,,,
20250515,004540,깨끗한나라,2320,-125,366585,,,,
20250515,004545,깨끗한나라우,12970,-220,635,,,,
20250515,004560,현대비앤지스틸,11970,-200,30719,,,,
20250515,004690,삼천리,96800,1300,14649,,,,
20250515,004700,조광피혁,53100,0,2094,,,,
20250515,004710,한솔테크닉스,5162,-29,228808,,,,
20250515,004720,팜젠사이언스,4035,15,26558,,,,
20250515,004770,써니전자,1740,-27,433587,,,,
20250515,004800,효성,54500,-200,11550,,,,
20250515,004830,덕성,6050,-50,127320,,,,
20250515,004835,덕성우,8040,-60,7847,,,,
20250515,004840,DRB동일,4355,-5,11177,,,,
20250515,004870,티웨이홀딩스,3206,-71,59801,,,,
20250515,004890,동일산업,43650,-500,927,,,,
20250515,004910,조광페인트,6380,-200,52616,,,,
20250515,004920,씨아이테크,1317,-22,145133,,,,
20250515,004960,한신공영,7590,50,74898,,,,
20250515,004970,신라교역,9390,-20,10679,,,,
20250515,004980,성신양회,9040,-120,223977,,,,
20250515,004985,성신양회우,12380,-510,50892,,,,
20250515,004990,롯데지주,23900,-200,146542,,,,
20250515,00499K,롯데지주우,27100,-100,563,,,,
20250515,005010,휴스틸,4830,-90,318313,,,,
20250515,005030,부산주공,486,0,0,,,,
20250515,005070,코스모신소재,35300,-1400,163667,,,,
20250515,005090,SGC에너지,23350,-100,15502,,,,
20250515,005110,한창,1254,0,0,,,,
20250515,005180,빙그레,91500,-4900,54074,,,,
20250515,005250,녹십자홀딩스,13900,-20,46578,,,,
20250515,005257,녹십자홀딩스2우,19850,-150,439,,,,
20250515,005300,롯데칠성,103200,-500,10362,,,,
20250515,005305,롯데칠성우,64800,-400,216,,,,
20250515,005320,온타이드,964,16,96231,,,,
20250515,005360,모나미,2065,-5,18668,,,,
20250515,005380,현대차,192900,-4200,469355,,,,
20250515,005385,현대차우,151900,-2100,51891,,,,
20250515,005387,현대차2우B,153600,-2400,108386,,,,
20250515,005389,현대차3우B,151800,-2200,10942,,,,
20250515,005420,코스모화학,14580,50,202249,,,,
20250515,005430,한국공항,52800,-1400,8370,,,,
20250515,005440,현대지에프홀딩스,6200,90,303599,,,,
20250515,005490,POSCO홀딩스,250000,-2000,132121,,,,
20250515,005500,삼진제약,17960,120,13749,,,,
20250515,005610,삼립,59400,600,12872,,,,
20250515,005680,삼영전자,10680,-150,32151,,,,
20250515,005690,파미셀,11360,-280,757890,,,,
20250515,005720,넥센,5380,60,22429,,,,
20250515,005725,넥센우,3620,-60,3202,,,,
20250515,005740,크라운해태홀딩스,6120,-130,34846,,,,
20250515,005745,크라운해태홀딩스우,8560,-320,5837,,,,
20250515,005750,대림바스,3965,-30,15211,,,,
20250515,005800,신영와코루,11210,-40,9100,,,,
20250515,005810,풍산홀딩스,28950,-50,17887,,,,
20250515,005820,원림,14190,120,1735,,,,
20250515,005830,DB손해보험,97300,4700,337253,,,,
20250515,005850,에스엘,33050,-400,77693,,,,
20250515,005870,휴니드,8640,280,1379196,,,,
20250515,005880,대한해운,1566,-14,2066823,,,,
20250515,005930,삼성전자,57300,-100,13139736,,,,
20250515,005935,삼성전자우,47100,-150,889817,,,,
20250515,005940,NH투자증권,15990,-290,550049,,,,
20250515,005945,NH투자증권우,14350,-450,103104,,,,
20250515,005950,이수화학,5560,-10,16567,,,,
20250515,005960,동부건설,4215,115,45727,,,,
20250515,005965,동부건설우,20150,-100,90,,,,
20250515,006040,동원산업,43450,500,68836,,,,
20250515,006060,화승인더,4880,-90,314068,,,,
20250515,006090,사조오양,8230,-210,25387,,,,
20250515,006110,삼아알미늄,22050,-850,48215,,,,
20250515,006120,SK디스커버리,43600,1000,44554,,,,
20250515,006125,SK디스커버리우,36350,300,5834,,,,
20250515,006200,한국전자홀딩스,3450,10,2954,,,,
20250515,006220,제주은행,9660,-510,855777,,,,
20250515,006260,LS,144900,-5100,195318,,,,
20250515,006280,녹십자,124300,3000,43660,,,,
20250515,006340,대원전선,2940,-55,1440436,,,,
20250515,006345,대원전선우,3965,-85,45311,,,,
20250515,006360,GS건설,18530,-410,303007,,,,
20250515,006370,대구백화점,6750,-140,61466,,,,
20250515,006380,카프로,3660,0,0,,,,
20250515,006400,삼성SDI,169700,-3300,265305,,,,
20250515,006405,삼성SDI우,103600,-1800,4027,,,,
20250515,006490,프리티,7175,-380,178502,,,,
20250515,006570,대림통상,2475,-25,18517,,,,
20250515,006650,대한유화,84100,800,23095,,,,
20250515,006660,삼성공조,15900,-30,1209615,,,,
20250515,006740,블루산업개발,2332,-13,36660,,,,
20250515,006800,미래에셋증권,12714,-70,1245495,,,,
20250515,006805,미래에셋증권우,5469,-60,32535,,,,
20250515,00680K,미래에셋증권2우B,4852,-44,644918,,,,
20250515,006840,AK홀딩스,10680,-40,4609,,,,
20250515,006880,신송홀딩스,7200,-90,63740,,,,
20250515,006890,태경케미컬,11870,-60,23464,,,,
20250515,006980,우성,16700,-20,1362,,,,
20250515,007070,GS리테일,14100,-130,72994,,,,
20250515,007110,일신석재,2235,-50,1643117,,,,
20250515,007120,미래아이앤지,1250,-51,113058,,,,
20250515,007160,사조산업,37500,-650,4610,,,,
20250515,007210,벽산,2385,-45,218137,,,,
20250515,007280,한국특강,3442,-28,3752,,,,
20250515,007310,오뚜기,393500,-3000,2866,,,,
20250515,007340,DN오토모티브,21600,-150,67068,,,,
20250515,007460,에이프로젠,685,-5,1450008,,,,
20250515,007540,샘표,42000,-400,4373,,,,
20250515,007570,일양약품,14219,134,52295,,,,
20250515,007575,일양약품우,14519,-47,358,,,,
20250515,007590,동방아그로,6180,0,1664,,,,
20250515,007610,선도전기,3000,0,0,,,,
20250515,007660,이수페타시스,41500,-2000,2167487,,,,
20250515,007690,국도화학,32950,-650,12692,,,,
20250515,007700,F&F홀딩스,13040,150,11920,,,,
20250515,007810,코리아써키트,11000,-200,56519,,,,
20250515,007815,코리아써우,5970,50,1594,,,,
20250515,00781K,코리아써키트2우B,5480,40,107,,,,
20250515,007860,서연,7750,-190,126703,,,,
20250515,007980,TP,1325,31,300854,,,,
20250515,008040,사조동아원,1043,-11,420887,,,,
20250515,008060,대덕,7850,-140,95135,,,,
20250515,00806K,대덕1우,7880,-90,1270,,,,
20250515,008250,이건산업,5570,-120,32529,,,,
20250515,008260,NI스틸,3460,-25,32638,,,,
20250515,008350,남선알미늄,1272,-20,703858,,,,
20250515,008355,남선알미우,13250,40,407,,,,
20250515,008420,문배철강,2345,-45,59366,,,,
20250515,008490,서흥,16170,-160,42492,,,,
20250515,008600,윌비스,7043,-393,280415,,,,
20250515,008700,아남전자,1462,-34,453350,,,,
20250515,008730,율촌화학,26700,0,35718,,,,
20250515,008770,호텔신라,44350,1200,238568,,,,
20250515,008775,호텔신라우,33800,100,2547,,,,
20250515,008870,금비,55000,900,2258,,,,
20250515,008930,한미사이언스,33300,700,263286,,,,
20250515,008970,KBI동양철관,2475,-68,9950450,,,,
20250515,009070,KCTC,3990,-15,86379,,,,
20250515,009140,경인전자,19560,0,4901,,,,
20250515,009150,삼성전기,122200,-4100,264306,,,,
20250515,009155,삼성전기우,55900,-1600,8597,,,,
20250515,009160,SIMPAC,4195,40,210608,,,,
20250515,009180,한솔로지스틱스,2255,10,69039,,,,
20250515,009190,대양금속,1751,23,219432,,,,
20250515,009200,무림페이퍼,2155,-15,139597,,,,
20250515,009240,한샘,41650,-300,9906,,,,
20250515,009270,신원,1697,-32,1229188,,,,
20250515,009290,광동제약,5490,-20,16639,,,,
20250515,009310,참엔지니어링,1349,23,57612,,,,
20250515,009320,아진전자부품,1002,-2,38963,,,,
20250515,009410,태영건설,2570,-20,257529,,,,
20250515,009415,태영건설우,5450,60,37003,,,,
20250515,009420,한올바이오파마,26600,-350,116360,,,,
20250515,009440,KC그린홀딩스,756,0,0,,,,
20250515,009450,경동나비엔,77700,-2500,45261,,,,
20250515,009460,한창제지,3750,-25,26889,,,,
20250515,009470,삼화전기,29050,-850,46702,,,,
20250515,009540,HD한국조선해양,289000,1000,158439,,,,
20250515,009580,무림P&P,2915,-25,47386,,,,
20250515,009680,모토닉,9450,-350,165469,,,,
20250515,009770,삼정펄프,26650,-250,8463,,,,
20250515,009810,MDS스피어,3085,-60,10004,,,,
20250515,009830,한화솔루션,34900,-330,2103005,,,,
20250515,009835,한화솔루션우,25424,-317,38750,,,,
20250515,009900,명신산업,8500,-110,117250,,,,
20250515,009970,영원무역홀딩스,105200,-2500,19309,,,,
20250515,010040,한국내화,2415,25,21682,,,,
20250515,010060,OCI홀딩스,77100,-1900,81137,,,,
20250515,010100,한국무브넥스,4135,-10,399697,,,,
20250515,010120,LS ELECTRIC,47800,0,803295,,,,
20250515,010130,고려아연,815000,-24000,8695,,,,
20250515,010140,삼성중공업,14420,-170,4579454,,,,
20250515,010400,우진아이엔에스,2670,-35,7004,,,,
20250515,010580,에스엠벡셀,1220,1,23235,,,,
20250515,010640,진양폴리,3495,-30,86233,,,,
20250515,010660,화천기계,4375,-80,171788,,,,
20250515,010690,화신,8120,-180,466428,,,,
20250515,010770,평화홀딩스,8490,-2760,3861426,,,,
20250515,010780,아이에스동서,19340,-140,25993,,,,
20250515,010820,퍼스텍,3700,-50,447167,,,,
20250515,010950,S-Oil,51800,-900,157985,,,,
20250515,010955,S-Oil우,35450,-150,3396,,,,
20250515,010960,삼호개발,3440,50,138795,,,,
20250515,011000,진원생명과학,11625,800,317443,,,,
20250515,011070,LG이노텍,149100,-2400,95085,,,,
20250515,011090,에넥스,3775,-240,163943,,,,
20250515,011150,CJ씨푸드,3060,-25,377628,,,,
20250515,011155,CJ씨푸드1우,17330,-40,296,,,,
20250515,011170,롯데케미칼,58700,-500,103193,,,,
20250515,011200,HMM,22150,1350,6123797,,,,
20250515,011210,현대위아,42450,-1100,77605,,,,
20250515,011230,삼화전자,4325,-45,36665,,,,
20250515,011280,태림포장,2165,-35,306973,,,,
20250515,011300,우성머티리얼스,4940,150,25790,,,,
20250515,011330,유니켐,16490,-450,14912,,,,
20250515,011390,부산산업,97800,-3600,13029,,,,
20250515,011420,갤럭시아에스엠,2355,-65,652328,,,,
20250515,011500,한농화성,14490,-210,57564,,,,
20250515,011690,와이투솔루션,2930,105,879961,,,,
20250515,011700,한신기계,2945,-60,75246,,,,
20250515,011760,현대코퍼레이션,23450,200,42307,,,,
20250515,011780,금호석유화학,111800,-1000,77602,,,,
20250515,011785,금호석유화학우,53000,-1000,9675,,,,
20250515,011790,SKC,94933,-4512,231886,,,,
20250515,011810,STX,3295,-55,69697,,,,
20250515,011930,신성이엔지,14340,-540,295744,,,,
20250515,012030,DB,1290,-3,185119,,,,
20250515,012160,영흥,2535,0,105761,,,,
20250515,012170,아센디오,4085,0,52528,,,,
20250515,012200,계양전기,1405,-16,41337,,,,
20250515,012205,계양전기우,3664,0,1630,,,,
20250515,012280,영화금속,866,1,55487,,,,
20250515,012320,경동인베스트,57500,-400,1547,,,,
20250515,012330,현대모비스,255000,-3000,77969,,,,
20250515,012450,한화에어로스페이스,809428,1970,167490,,,,
20250515,012610,경인양행,3300,25,45619,,,,
20250515,012630,HDC,19650,590,184497,,,,
20250515,012690,모나리자,2815,-50,225364,,,,
20250515,012750,에스원,65200,-500,29475,,,,
20250515,012800,대창,1312,-10,326433,,,,
20250515,013000,세우글로벌,1203,-9,68673,,,,
20250515,013360,일성건설,2525,-220,1498336,,,,
20250515,013520,화승코퍼레이션,1909,15,24980,,,,
20250515,013570,디와이,4140,50,77658,,,,
20250515,013580,계룡건설,20700,-1850,836589,,,,
20250515,013700,까뮤이앤씨,1142,-10,149784,,,,
20250515,013870,지엠비코리아,4050,-10,4475,,,,
20250515,013890,지누스,18130,30,46713,,,,
20250515,014130,한익스프레스,3415,-35,14563,,,,
20250515,014160,대영포장,1518,-135,7909414,,,,
20250515,014280,금강공업,4720,-200,242443,,,,
20250515,014285,금강공업우,6800,-240,961,,,,
20250515,014440,영보화학,4440,-395,647146,,,,
20250515,014530,극동유화,3455,0,43171,,,,
20250515,014580,태경비케이,4735,-50,74986,,,,
20250515,014680,한솔케미칼,126500,6600,133573,,,,
20250515,014710,사조씨푸드,5380,-140,98358,,,,
20250515,014790,HL D&I,2435,-60,22277,,,,
20250515,014820,동원시스템즈,31200,-350,17082,,,,
20250515,014825,동원시스템즈우,17700,0,22,,,,
20250515,014830,유니드,93500,5600,103591,,,,
20250515,014910,성문전자,1159,10,23223,,,,
20250515,014915,성문전자우,4560,30,105,,,,
20250515,014990,인디에프,4685,-45,115014,,,,
20250515,015020,이스타코,2518,-306,923802,,,,
20250515,015230,대창단조,5290,110,234226,,,,
20250515,015260,에이엔피,463,4,19030,,,,
20250515,015360,INVENI,10420,20,16460,,,,
20250515,015590,DKME,2575,0,0,,,,
20250515,015760,한국전력,26500,400,1684044,,,,
20250515,015860,일진홀딩스,3955,60,80917,,,,
20250515,015890,태경산업,4995,-5,22087,,,,
20250515,016090,대현,1958,-6,60768,,,,
20250515,016360,삼성증권,53600,-1700,504463,,,,
20250515,016380,KG스틸,5890,-20,78158,,,,
20250515,016450,한세예스24홀딩스,3825,-35,13585,,,,
20250515,016580,환인제약,11500,-20,9574,,,,
20250515,016590,신대양제지,8290,-10,24116,,,,
20250515,016610,DB증권,6430,-110,39551,,,,
20250515,016710,대성홀딩스,7570,80,10799,,,,
20250515,016740,두올,3180,75,105744,,,,
20250515,016800,퍼시스,45150,550,786,,,,
20250515,016880,웅진,1706,64,1164738,,,,
20250515,017040,광명전기,1541,-14,358213,,,,
20250515,017180,명문제약,1686,38,107432,,,,
20250515,017370,우신시스템,7070,-70,86729,,,,
20250515,017390,서울가스,52800,800,11001,,,,
20250515,017550,수산세보틱스,1878,-10,83915,,,,
20250515,017670,SK텔레콤,51100,-200,1182555,,,,
20250515,017800,현대엘리베이터,74300,-2600,275678,,,,
20250515,017810,풀무원,14510,-530,161731,,,,
20250515,017860,DS단석,25302,693,172798,,,,
20250515,017900,광전자,1843,-8,53666,,,,
20250515,017940,E1,65200,-100,7062,,,,
20250515,017960,한국카본,21350,250,624952,,,,
20250515,018250,애경산업,14480,-220,44667,,,,
20250515,018260,삼성에스디에스,129200,-1800,60617,,,,
20250515,018470,조일알미늄,1617,6,1955175,,,,
20250515,018500,동원모빌리티,1481,-5,272469,,,,
20250515,018670,SK가스,218500,-5000,8113,,,,
20250515,018880,한온시스템,3197,-79,482724,,,,
20250515,019170,신풍제약,7700,260,124482,,,,
20250515,019175,신풍제약우,12000,230,1057,,,,
20250515,019180,티에이치엔,2985,-85,172342,,,,
20250515,019490,엑시큐어하이트론,886,66,5311890,,,,
20250515,019680,대교,2335,20,33151,,,,
20250515,019685,대교우B,1327,19,35893,,,,
20250515,020000,한섬,15370,-460,57742,,,,
20250515,020120,키다리스튜디오,3455,-50,85770,,,,
20250515,020150,롯데에너지머티리얼즈,21950,-350,55783,,,,
20250515,020560,아시아나항공,9770,0,71515,,,,
20250515,020760,일진디스플,740,4,38020,,,,
20250515,021050,서원,1204,-28,238552,,,,
20250515,021240,코웨이,96800,-1400,277151,,,,
20250515,021820,세원정공,8660,0,21423,,,,
20250515,022100,포스코DX,22900,-400,250520,,,,
20250515,023000,삼원강재,2430,40,36700,,,,
20250515,023150,MH에탄올,5010,-60,8774,,,,
20250515,023350,한국종합기술,5700,-230,119743,,,,
20250515,023450,동남합성,33750,-450,1830,,,,
20250515,023530,롯데쇼핑,76800,2500,95305,,,,
20250515,023590,다우기술,23600,100,75964,,,,
20250515,023800,인지컨트롤스,5920,-30,12399,,,,
20250515,023810,인팩,5970,100,6848,,,,
20250515,023960,에쓰씨엔지니어링,1252,-21,114227,,,,
20250515,024070,WISCOM,1915,14,8210,,,,
20250515,024090,디씨엠,12730,20,21250,,,,
20250515,024110,기업은행,15470,40,628426,,,,
20250515,024720,콜마홀딩스,9730,-230,194052,,,,
20250515,024890,대원화성,4525,65,14794,,,,
20250515,024900,디와이덕양,2765,-40,38986,,,,
20250515,025000,KPX케미칼,43108,142,3305,,,,
20250515,025530,SJM홀딩스,3400,20,21176,,,,
20250515,025540,한국단자,62600,-2900,67851,,,,
20250515,025560,미래산업,2293,-119,242130,,,,
20250515,025620,차AI헬스케어,7910,180,228351,,,,
20250515,025750,한솔홈데코,3875,-205,333984,,,,
20250515,025820,이구산업,4270,-80,206136,,,,
20250515,025860,남해화학,7050,210,469940,,,,
20250515,025890,한국주강,1844,-73,31421,,,,
20250515,026890,스틱인베스트먼트,9870,-110,59712,,,,
20250515,026940,부국철강,2370,-45,61943,,,,
20250515,026960,동서,25050,-500,39598,,,,
20250515,027410,BGF,3635,0,52530,,,,
20250515,027740,마니커,1718,-8,148002,,,,
20250515,027970,한국제지,4200,-95,33871,,,,
20250515,028050,삼성E&A,20500,200,472268,,,,
20250515,028100,동아지질,14820,90,20546,,,,
20250515,028260,삼성물산,123200,-2000,138878,,,,
20250515,02826K,삼성물산우B,92900,-300,3532,,,,
20250515,028670,팬오션,3600,0,1490067,,,,
20250515,029460,케이씨,19040,-30,6800,,,,
20250515,029530,신도리코,44750,1050,22452,,,,
20250515,029780,삼성카드,42000,-50,50678,,,,
20250515,030000,제일기획,18500,-60,127165,,,,
20250515,030190,NICE평가정보,14410,650,176854,,,,
20250515,030200,KT,51000,-300,216562,,,,
20250515,030210,다올투자증권,3320,-40,137462,,,,
20250515,030610,교보증권,7030,-170,165932,,,,
20250515,030720,동원수산,5450,0,6392,,,,
20250515,031210,서울보증보험,34950,-2050,548109,,,,
20250515,031430,신세계인터내셔날,10260,70,245560,,,,
20250515,031820,아이티센씨티에스,6360,30,18423,,,,
20250515,032350,롯데관광개발,11280,530,1190756,,,,
20250515,032560,황금에스티,5520,140,48472,,,,
20250515,032640,LG유플러스,13000,-80,1024948,,,,
20250515,032830,삼성생명,83500,-2800,245544,,,,
20250515,033240,자화전자,13030,70,60796,,,,
20250515,033250,체시스,5660,-125,56360,,,,
20250515,033270,유나이티드제약,19550,120,34466,,,,
20250515,033530,SJG세종,4335,-25,32038,,,,
20250515,033780,KT&G,115900,-700,175261,,,,
20250515,033920,무학,7180,-20,74395,,,,
20250515,034020,두산에너빌리티,31950,650,9164026,,,,
20250515,034120,SBS,22750,2100,327059,,,,
20250515,034220,LG디스플레이,8660,-70,571026,,,,
20250515,034230,파라다이스,13070,170,391351,,,,
20250515,034310,NICE,11480,-20,22145,,,,
20250515,034590,인천도시가스,24950,50,3217,,,,
20250515,034730,SK,137900,-900,74300,,,,
20250515,03473K,SK우,123600,500,2625,,,,
20250515,034830,한국토지신탁,1075,-2,252739,,,,
20250515,035000,HS애드,7110,-40,18829,,,,
20250515,035150,백산,14460,-220,47822,,,,
20250515,035250,강원랜드,17270,300,867509,,,,
20250515,035420,NAVER,189200,-2000,355097,,,,
20250515,035510,신세계 I&C,12670,570,769681,,,,
20250515,035720,카카오,37650,-300,1346122,,,,
20250515,036420,콘텐트리중앙,9260,-280,39950,,,,
20250515,036460,한국가스공사,35950,100,310722,,,,
20250515,036530,SNT홀딩스,37400,-100,12769,,,,
20250515,036570,NC,155500,-3000,95922,,,,
20250515,036580,팜스코,2295,15,41990,,,,
20250515,037270,YG PLUS,5770,-110,727843,,,,
20250515,037560,LG헬로비전,2605,10,631063,,,,
20250515,037710,광주신세계,28100,-100,19314,,,,
20250515,039130,하나투어,50400,0,49154,,,,
20250515,039490,키움증권,147000,-1100,83263,,,,
20250515,039570,HDC랩스,8900,-110,9267,,,,
20250515,041650,상신브레이크,2970,-10,60606,,,,
20250515,042660,한화오션,80500,1000,1786722,,,,
20250515,042700,한미반도체,81900,-1900,913822,,,,
20250515,044380,주연테크,1670,-35,33346,,,,
20250515,044450,KSS해운,9400,330,224724,,,,
20250515,044820,코스맥스비티아이,12760,60,26461,,,,
20250515,047040,대우건설,3605,-40,574745,,,,
20250515,047050,포스코인터내셔널,47650,450,204921,,,,
20250515,047400,유니온머티리얼,1726,-74,306135,,,,
20250515,047810,한국항공우주,88800,-1800,517041,,,,
20250515,049800,우진플라임,2085,-120,90852,,,,
20250515,051600,한전KPS,39950,-3350,750028,,,,
20250515,051630,진양화학,2070,-45,176762,,,,
20250515,051900,LG생활건강,320000,-3500,23895,,,,
20250515,051905,LG생활건강우,125400,700,9532,,,,
20250515,051910,LG화학,202500,-1000,133796,,,,
20250515,051915,LG화학우,101700,-800,19679,,,,
20250515,052690,한전기술,60100,-1600,111721,,,,
20250515,053210,스카이라이프,4415,-5,101702,,,,
20250515,053690,한미글로벌,16420,-610,64511,,,,
20250515,055490,테이팩스,14170,140,8016,,,,
20250515,055550,신한지주,51700,-100,587678,,,,
20250515,058430,포스코스틸리온,3830,5,146110,,,,
20250515,058650,세아홀딩스,97400,-300,226,,,,
20250515,058730,다스코,3110,-100,281337,,,,
20250515,058850,KTcs,2875,-20,225525,,,,
20250515,058860,KTis,2845,115,2125765,,,,
20250515,060980,HL홀딩스,38250,-500,15471,,,,
20250515,062040,산일전기,63100,-100,235633,,,,
20250515,063160,종근당바이오,22300,-300,10992,,,,
20250515,064350,현대로템,111300,3700,2032726,,,,
20250515,064400,LG씨엔에스,55500,-1100,266163,,,,
20250515,064960,SNT모티브,29850,1500,155165,,,,
20250515,066570,LG전자,71600,-900,233079,,,,
20250515,066575,LG전자우,35400,-350,25563,,,,
20250515,066970,엘앤에프,62200,-1200,172575,,,,
20250515,067830,세이브존I&C,2470,20,25862,,,,
20250515,068270,셀트리온,140928,-734,588617,,,,
20250515,068290,삼성출판사,17140,500,31478,,,,
20250515,069260,TKG휴켐스,15950,-20,48522,,,,
20250515,069460,대호에이엘,9175,0,65080,,,,
20250515,069620,대웅제약,142900,-200,19617,,,,
20250515,069640,한세엠케이,2128,0,2416,,,,
20250515,069730,DSR제강,3550,30,23844,,,,
20250515,069960,현대백화점,66600,1000,88274,,,,
20250515,070960,모나용평,4325,-55,191539,,,,
20250515,071050,한국금융지주,93500,4500,450712,,,,
20250515,071055,한국금융지주우,70000,3500,74554,,,,
20250515,071090,하이스틸,3950,-30,607583,,,,
20250515,071320,지역난방공사,63800,2300,67864,,,,
20250515,071840,롯데하이마트,7540,-70,15238,,,,
20250515,071950,코아스,9210,-110,10151,,,,
20250515,071970,HD현대마린엔진,39700,-50,249003,,,,
20250515,072130,유엔젤,5280,-160,360043,,,,
20250515,072710,농심홀딩스,71600,200,8118,,,,
20250515,073240,금호타이어,4830,-60,229465,,,,
20250515,074610,이엔플러스,5110,0,0,,,,
20250515,075180,새론오토모티브,3380,-50,17297,,,,
20250515,075580,세진중공업,9540,140,668583,,,,
20250515,077500,유니퀘스트,6240,-130,149587,,,,
20250515,077970,STX엔진,24300,-300,416761,,,,
20250515,078000,텔코웨어,9650,-60,26061,,,,
20250515,078520,에이블씨엔씨,7000,-160,79443,,,,
20250515,078930,GS,39350,50,123577,,,,
20250515,078935,GS우,38500,0,5112,,,,
20250515,079160,CJ CGV,4830,25,85205,,,,
20250515,079430,현대리바트,7810,-10,18455,,,,
20250515,079550,LIG디펜스앤에어로스페이스,388000,8000,121356,,,,
20250515,079900,전진건설로봇,49150,-3150,133646,,,,
20250515,079980,휴비스,3070,135,251001,,,,
20250515,081000,일진다이아,12630,10,10294,,,,
20250515,081660,미스토홀딩스,37850,-1050,142720,,,,
20250515,082640,동양생명,5700,-70,178186,,,,
20250515,082740,한화엔진,29100,-200,597750,,,,
20250515,083420,그린케미칼,8760,-250,329800,,,,
20250515,084010,대한제강,10776,0,23588,,,,
20250515,084670,동양고속,7420,10,4039,,,,
20250515,084680,이월드,1437,1,191521,,,,
20250515,084690,대상홀딩스,9570,-30,218362,,,,
20250515,084695,대상홀딩스우,14560,0,8590,,,,
20250515,084870,TBH글로벌,1173,-26,19464,,,,
20250515,085310,엔케이,8690,-60,6014,,,,
20250515,085620,미래에셋생명,5600,-410,100422,,,,
20250515,086280,현대글로비스,113200,200,248790,,,,
20250515,086790,하나금융지주,65700,200,479026,,,,
20250515,088260,이리츠코크렙,4710,-30,13180,,,,
20250515,088350,한화생명,2640,-50,749856,,,,
20250515,088790,진도,1994,17,31878,,,,
20250515,088980,맥쿼리인프라,11530,30,525853,,,,
20250515,089470,HDC현대EP,3685,15,14370,,,,
20250515,089590,제주항공,6900,30,63276,,,,
20250515,089860,롯데렌탈,30900,-150,50091,,,,
20250515,090080,평화산업,1587,-213,7831018,,,,
20250515,090350,노루페인트,8350,70,216841,,,,
20250515,090355,노루페인트우,12740,390,3378,,,,
20250515,090370,메타랩스,1450,-3,15440,,,,
20250515,090430,아모레퍼시픽,121300,-2200,106091,,,,
20250515,090435,아모레퍼시픽우,38700,-450,14773,,,,
20250515,090460,비에이치,13300,-220,192497,,,,
20250515,091810,트리니티항공,2076,-5,190096,,,,
20250515,092200,디아이씨,4925,320,1475085,,,,
20250515,092220,KEC,3865,65,122590,,,,
20250515,092230,KPX홀딩스,63400,-800,4756,,,,
20250515,092440,기신정기,2520,-5,12507,,,,
20250515,092780,DYP,4595,-25,12034,,,,
20250515,092790,넥스틸,12670,200,256855,,,,
20250515,093050,LF,15340,50,29027,,,,
20250515,093240,형지엘리트,1989,-179,1773011,,,,
20250515,093370,후성,4260,-90,376784,,,,
20250515,094280,효성ITX,12170,10,6704,,,,
20250515,094800,맵스리얼티,4370,20,19730,,,,
20250515,095570,AJ네트웍스,3720,-75,257897,,,,
20250515,095720,웅진씽크빅,3366,84,468501,,,,
20250515,096760,JW홀딩스,3135,10,57677,,,,
20250515,096770,SK이노베이션,88400,-1400,290782,,,,
20250515,096775,SK이노베이션우,63200,-700,1387,,,,
20250515,097230,HJ중공업,7810,-90,1086730,,,,
20250515,097520,엠씨넥스,26650,50,45737,,,,
20250515,097950,CJ제일제당,232000,-4000,84960,,,,
20250515,097955,CJ제일제당 우,139300,-200,3408,,,,
20250515,100090,SK오션플랜트,18700,-1140,1446169,,,,
20250515,100220,비상교육,6440,980,8550061,,,,
20250515,100250,진양홀딩스,2963,0,18945,,,,
20250515,100840,SNT에너지,37300,-750,92627,,,,
20250515,101140,인바이오젠,14140,-510,23416,,,,
20250515,101530,해태제과식품,6700,-190,64703,,,,
20250515,102260,동성케미컬,4038,-10,114090,,,,
20250515,102460,이연제약,11010,-10,6712,,,,
20250515,103140,풍산,58000,-900,157915,,,,
20250515,103590,일진전기,27650,-550,1031736,,,,
20250515,104700,한국철강,8790,250,67624,,,,
20250515,105560,KB금융,93600,200,535502,,,,
20250515,105630,한세실업,11050,-320,94390,,,,
20250515,105840,우진,7650,-210,97054,,,,
20250515,107590,미원홀딩스,74000,-100,506,,,,
20250515,108320,LX세미콘,61900,600,51661,,,,
20250515,108670,LX하우시스,29250,-250,11424,,,,
20250515,108675,LX하우시스우,17990,-160,1894,,,,
20250515,109070,주성코퍼레이션,966,-15,309958,,,,
20250515,111110,호전실업,8040,-250,22123,,,,
20250515,111380,동인기연,17180,-250,13331,,,,
20250515,111770,영원무역,50600,-1300,34394,,,,
20250515,112610,씨에스윈드,47800,-1500,506724,,,,
20250515,114090,GKL,12970,150,206949,,,,
20250515,117580,대성에너지,7690,-30,15593,,,,
20250515,118000,메타케어,3140,-10,24717,,,,
20250515,119650,KC코트렐,918,0,0,,,,
20250515,120030,조선선재,99900,-600,1648,,,,
20250515,120110,코오롱인더,30550,-300,77199,,,,
20250515,120115,코오롱인더우,20400,100,5655,,,,
20250515,122900,아이마켓코리아,8010,-80,35824,,,,
20250515,123690,한국화장품,7020,-110,41423,,,,
20250515,123700,SJM,3170,-5,17716,,,,
20250515,123890,한국자산신탁,2390,-20,156093,,,,
20250515,126560,현대퓨처넷,3220,20,122480,,,,
20250515,126720,수산인더스트리,19430,-390,16229,,,,
20250515,128820,대성산업,3515,0,0,,,,
20250515,128940,한미약품,292000,3500,83147,,,,
20250515,129260,인터지스,2605,-10,252026,,,,
20250515,130660,한전산업,10950,-240,172368,,,,
20250515,133820,화인베스틸,845,-62,320199,,,,
20250515,134380,미원화학,7800,-100,390,,,,
20250515,134790,시디즈,29100,400,61603,,,,
20250515,136490,선진,7800,450,1681362,,,,
20250515,137310,에스디바이오센서,10040,300,239371,,,,
20250515,138040,메리츠금융지주,113900,-2700,537561,,,,
20250515,138930,BNK금융지주,10480,-70,590294,,,,
20250515,139130,iM금융지주,10530,-90,205451,,,,
20250515,139480,이마트,86300,3500,302512,,,,
20250515,139990,아주스틸,3830,-5,5501,,,,
20250515,143210,핸즈코퍼레이션,1600,14,3139,,,,
20250515,145210,다이나믹디자인,10730,-60,11238,,,,
20250515,145270,케이탑리츠,948,1,86085,,,,
20250515,145720,덴티움,63600,-100,45296,,,,
20250515,145990,삼양사,47700,-300,7261,,,,
20250515,145995,삼양사우,31350,-50,236,,,,
20250515,155660,DSR,3790,-25,18565,,,,
20250515,161000,애경케미칼,10240,-390,446751,,,,
20250515,161390,한국타이어앤테크놀로지,39850,-450,180949,,,,
20250515,161890,한국콜마,83500,-900,169151,,,,
20250515,163560,동일고무벨트,7380,-110,54393,,,,
20250515,170900,동아에스티,45206,-859,17004,,,,
20250515,175330,JB금융지주,17930,110,241051,,,,
20250515,178920,PI첨단소재,17520,200,149140,,,,
20250515,180640,한진칼,125000,-25600,1059068,,,,
20250515,18064K,한진칼우,44700,6100,1082234,,,,
20250515,181710,NHN,20350,150,72199,,,,
20250515,183190,아세아시멘트,11110,-180,54122,,,,
20250515,185750,종근당,82100,-800,32366,,,,
20250515,192080,더블유게임즈,52100,-700,68481,,,,
20250515,192400,쿠쿠홀딩스,27600,-750,26646,,,,
20250515,192650,드림텍,6090,-110,229495,,,,
20250515,192820,코스맥스,208500,-5500,68611,,,,
20250515,194370,제이에스코퍼레이션,8560,-80,92073,,,,
20250515,195870,해성디에스,20050,-350,84926,,,,
20250515,200880,서연이화,11750,-200,78087,,,,
20250515,204320,HL만도,36450,-800,152652,,,,
20250515,207940,삼성바이오로직스,1468800,-10303,25899,,,,
20250515,210540,디와이파워,11870,-50,12530,,,,
20250515,210980,SK디앤디,8860,-140,65634,,,,
20250515,213500,한솔제지,8440,-150,39726,,,,
20250515,214320,이노션,18000,-100,36313,,,,
20250515,214330,금호에이치티,17898,27,32560,,,,
20250515,214390,경보제약,5370,-110,24487,,,,
20250515,214420,토니모리,9190,-100,292871,,,,
20250515,226320,잇츠한불,12170,-360,20737,,,,
20250515,227840,현대코퍼레이션홀딩스,11450,60,23439,,,,
20250515,229640,LS에코에너지,35200,-600,121802,,,,
20250515,234080,JW생명과학,12070,120,37775,,,,
20250515,241560,두산밥캣,46400,-1550,256764,,,,
20250515,241590,화승엔터프라이즈,8200,-480,371630,,,,
20250515,244920,에이플러스에셋,5210,10,108992,,,,
20250515,248070,솔루엠,16460,-370,65696,,,,
20250515,248170,샘표식품,26800,-200,6198,,,,
20250515,249420,일동제약,11570,20,25601,,,,
20250515,251270,넷마블,50200,-300,96891,,,,
20250515,259960,크래프톤,375000,2000,56791,,,,
20250515,264900,크라운제과,8410,-60,12432,,,,
20250515,26490K,크라운제과우,9920,10,2262,,,,
20250515,267250,HD현대,82400,300,155644,,,,
20250515,267260,HD현대일렉트릭,363500,9500,345083,,,,
20250515,267270,HD건설기계,71900,-1400,94869,,,,
20250515,267290,경동도시가스,18010,10,11486,,,,
20250515,267850,아시아나IDT,11900,-230,18250,,,,
20250515,268280,미원에스씨,157900,0,934,,,,
20250515,271560,오리온,123300,700,85940,,,,
20250515,271940,일진하이솔루스,13520,-630,66564,,,,
20250515,271980,제일약품,12400,60,27735,,,,
20250515,272210,한화시스템,44900,1800,2556034,,,,
20250515,272450,진에어,9210,80,80480,,,,
20250515,272550,삼양패키징,13440,-60,8364,,,,
20250515,278470,에이피알,110500,1100,549210,,,,
20250515,280360,롯데웰푸드,115200,-400,12294,,,,
20250515,281820,케이씨텍,27800,-1050,130179,,,,
20250515,282330,BGF리테일,100500,-600,30115,,,,
20250515,284740,쿠쿠홈시스,25500,-150,66544,,,,
20250515,285130,SK케미칼,53700,4000,223806,,,,
20250515,28513K,SK케미칼우,22400,700,19666,,,,
20250515,286940,롯데이노베이트,18800,-280,7555,,,,
20250515,293480,하나제약,11470,-70,18265,,,,
20250515,293940,신한알파리츠,5710,-20,138390,,,,
20250515,294870,IPARK현대산업개발,25300,-200,82991,,,,
20250515,298000,효성화학,77800,0,0,,,,
20250515,298020,효성티앤씨,248000,8500,22120,,,,
20250515,298040,효성중공업,578000,22000,122696,,,,
20250515,298050,HS효성첨단소재,208000,8000,29111,,,,
20250515,298690,에어부산,2125,-40,124662,,,,
20250515,300720,한일시멘트,18040,-220,68909,,,,
20250515,302440,SK바이오사이언스,40300,100,53749,,,,
20250515,306200,세아제강,168500,-3700,13775,,,,
20250515,307950,현대오토에버,136400,-1500,40395,,,,
20250515,308170,씨티알모빌리티,6300,40,6376,,,,
20250515,316140,우리금융지주,18060,100,1238680,,,,
20250515,317400,자이에스앤디,3590,70,92457,,,,
20250515,322000,HD현대에너지솔루션,40350,-3700,885367,,,,
20250515,323410,카카오뱅크,23150,-200,260243,,,,
20250515,326030,SK바이오팜,90700,-1400,106435,,,,
20250515,329180,HD현대중공업,416500,500,124638,,,,
20250515,330590,롯데리츠,3620,-15,155822,,,,
20250515,334890,이지스밸류플러스리츠,4686,-5,70178,,,,
20250515,336260,두산퓨얼셀,16960,-190,211246,,,,
20250515,33626K,두산퓨얼셀1우,4665,-95,23316,,,,
20250515,33626L,두산퓨얼셀2우B,8050,-220,2853,,,,
20250515,336370,솔루스첨단소재,8260,-360,122569,,,,
20250515,33637K,솔루스첨단소재1우,1798,-22,44983,,,,
20250515,33637L,솔루스첨단소재2우B,4225,-130,45853,,,,
20250515,338100,NH프라임리츠,4600,-10,49556,,,,
20250515,339770,교촌에프앤비,5320,40,81029,,,,
20250515,344820,KCC글라스,30100,-700,53410,,,,
20250515,348950,제이알글로벌리츠,2735,-30,271478,,,,
20250515,350520,이지스레지던스리츠,4260,-10,9735,,,,
20250515,352820,하이브,273500,-1500,84501,,,,
20250515,353200,대덕전자,15260,-490,244818,,,,
20250515,35320K,대덕전자1우,7690,0,265,,,,
20250515,357120,코람코라이프인프라리츠,4510,-50,90812,,,,
20250515,357250,미래에셋맵스리츠,2800,5,51754,,,,
20250515,357430,마스턴프리미어리츠,1463,-8,84913,,,,
20250515,361610,SK아이이테크놀로지,22650,-200,58352,,,,
20250515,363280,티와이홀딩스,2345,-10,37465,,,,
20250515,36328K,티와이홀딩스우,3755,-45,22926,,,,
20250515,365550,ESR켄달스퀘어리츠,4534,-70,174126,,,,
20250515,372910,한컴라이프케어,2945,-55,93040,,,,
20250515,373220,LG에너지솔루션,307000,-6500,316371,,,,
20250515,375500,DL이앤씨,43550,-1100,120672,,,,
20250515,37550K,DL이앤씨우,18980,-40,3580,,,,
20250515,37550L,DL이앤씨2우(전환),28700,-900,3165,,,,
20250515,377190,디앤디플랫폼리츠,3250,0,94836,,,,
20250515,377300,카카오페이,29750,-450,85840,,,,
20250515,377740,바이오노트,4650,25,39804,,,,
20250515,378850,화승알앤에이,3210,-35,23583,,,,
20250515,381970,케이카,14320,120,95337,,,,
20250515,383220,F&F,69500,-1400,27400,,,,
20250515,383800,LX홀딩스,7100,-140,180925,,,,
20250515,38380K,LX홀딩스1우,8470,40,652,,,,
20250515,395400,SK리츠,4910,-5,143828,,,,
20250515,396690,미래에셋글로벌리츠,2770,-40,21587,,,,
20250515,400760,NH올원리츠,3596,-14,45041,,,,
20250515,402340,SK스퀘어,100800,-2700,287150,,,,
20250515,403550,쏘카,13860,-150,9278,,,,
20250515,404990,신한서부티엔디리츠,3500,-5,50868,,,,
20250515,415640,KB발해인프라,7820,10,18903,,,,
20250515,417310,코람코더원리츠,5200,-180,59871,,,,
20250515,432320,KB스타리츠,4015,10,19600,,,,
20250515,443060,HD현대마린솔루션,166700,-800,73529,,,,
20250515,446070,유니드비티플러스,3990,-110,53758,,,,
20250515,448730,삼성FN리츠,4570,-45,27679,,,,
20250515,450080,에코프로머티,48500,-1700,337015,,,,
20250515,451800,한화리츠,3790,-30,186804,,,,
20250515,452260,한화갤러리아,1244,0,894943,,,,
20250515,45226K,한화갤러리아우,2340,-10,3384,,,,
20250515,453340,현대그린푸드,16160,660,135125,,,,
20250515,454910,두산로보틱스,50700,-1600,216871,,,,
20250515,456040,OCI,59100,-2000,51943,,,,
20250515,457190,이수스페셜티케미컬,40800,-750,167087,,,,
20250515,460850,동국씨엠,6460,0,28428,,,,
20250515,460860,동국제강,9400,-20,54729,,,,
20250515,462520,조선내화,13560,60,2813,,,,
20250515,462870,시프트업,55000,200,187425,,,,
20250515,465770,STX그린로지스,8850,-220,251299,,,,
20250515,475150,SK이터닉스,18050,-780,745900,,,,
20250515,475560,더본코리아,27650,-200,53485,,,,
20250515,480370,씨케이솔루션,4188,-165,1608267,,,,
20250515,481850,신한글로벌액티브리츠,1559,-26,113136,,,,
20250515,484870,엠앤씨솔루션,33966,166,117891,,,,
20250515,487570,HS효성,39050,-550,6669,,,,
20250515,489790,한화비전,62800,-1200,560306,,,,
20250515,499790,GS피앤엘,22800,-400,183855,,,,
20250515,900140,엘브이엠씨홀딩스,1824,38,602305,,,,
20250515,950210,프레스티지바이오파마,13700,-130,51569,,,,
20250516,000020,동화약품,6300,-100,43617,,,,
20250516,000040,KR모터스,2030,-75,77399,,,,
20250516,000050,경방,7780,490,4644688,,,,
20250516,000070,삼양홀딩스,42373,-1068,48501,,,,
20250516,000080,하이트진로,19420,130,216302,,,,
20250516,000087,하이트진로2우B,15320,30,397,,,,
20250516,000100,유한양행,106200,-800,207505,,,,
20250516,000105,유한양행우,97200,-600,3832,,,,
20250516,000120,CJ대한통운,79500,300,68841,,,,
20250516,000140,하이트진로홀딩스,8610,60,19284,,,,
20250516,000145,하이트진로홀딩스우,10810,0,189,,,,
20250516,000150,두산,404500,12500,204465,,,,
20250516,000155,두산우,252500,18000,110419,,,,
20250516,000157,두산2우B,377500,45500,20363,,,,
20250516,000180,성창기업지주,7050,-25,8446,,,,
20250516,000210,DL,40450,1600,164201,,,,
20250516,000215,DL우,21500,200,2019,,,,
20250516,000220,유유제약,4530,-90,63887,,,,
20250516,000225,유유제약1우,4980,75,6714,,,,
20250516,000227,유유제약2우B,10000,-190,573,,,,
20250516,000230,일동홀딩스,5980,-90,57746,,,,
20250516,000240,한국앤컴퍼니,16600,-140,68581,,,,
20250516,000270,기아,92000,800,500754,,,,
20250516,000300,DH오토넥스,4200,0,0,,,,
20250516,000320,노루홀딩스,15270,-350,46075,,,,
20250516,000325,노루홀딩스우,30100,-100,576,,,,
20250516,000370,한화손해보험,4250,-25,306848,,,,
20250516,000390,SP삼화,5910,-140,106887,,,,
20250516,000400,롯데손해보험,1528,-49,466627,,,,
20250516,000430,대원강업,3865,50,144282,,,,
20250516,000480,CR홀딩스,5120,-170,26931,,,,
20250516,000490,대동,10900,310,251676,,,,
20250516,000500,가온전선,36452,389,162907,,,,
20250516,000520,삼일제약,12140,-670,208019,,,,
20250516,000540,흥국화재,3900,395,8304911,,,,
20250516,000545,흥국화재우,10040,2310,832976,,,,
20250516,000590,CS홀딩스,75900,300,1643,,,,
20250516,000640,동아쏘시오홀딩스,96441,-1748,13541,,,,
20250516,000650,천일고속,40100,50,112,,,,
20250516,000660,SK하이닉스,204500,4000,2419507,,,,
20250516,000670,영풍,34877,-778,12636,,,,
20250516,000680,LS네트웍스,3630,-20,370990,,,,
20250516,000700,유수홀딩스,5480,0,15318,,,,
20250516,000720,현대건설,44600,1150,788957,,,,
20250516,000725,현대건설우,54100,-200,4256,,,,
20250516,000760,이화산업,10830,-20,742,,,,
20250516,000810,삼성화재,370000,0,40400,,,,
20250516,000815,삼성화재우,276500,-1500,16124,,,,
20250516,000850,화천기공,29350,-350,2804,,,,
20250516,000860,강남제비스코,12040,-640,32601,,,,
20250516,000880,한화,63625,240,239385,,,,
20250516,00088K,한화3우B,23761,302,105290,,,,
20250516,000890,보해양조,2580,-70,241222,,,,
20250516,000910,유니온,4820,-20,151367,,,,
20250516,000950,전방,23400,-2050,3382,,,,
20250516,000970,한국주철관,6920,-150,196996,,,,
20250516,000990,DB하이텍,39600,200,96217,,,,
20250516,001020,페이퍼코리아,3900,-90,63311,,,,
20250516,001040,CJ,124500,-1900,122392,,,,
20250516,001045,CJ우,73000,-500,3364,,,,
20250516,00104K,CJ4우(전환),102600,-1400,13606,,,,
20250516,001060,JW중외제약,21650,-350,60196,,,,
20250516,001065,JW중외제약우,28550,0,1,,,,
20250516,001067,JW중외제약2우B,61000,100,3,,,,
20250516,001070,대한방직,5230,-30,13392,,,,
20250516,001080,만호제강,2740,40,7550,,,,
20250516,001120,LX인터내셔널,27950,0,99548,,,,
20250516,001130,대한제분,13400,-400,34640,,,,
20250516,001200,유진투자증권,2795,-270,1732626,,,,
20250516,001210,금호전기,5930,-95,50104,,,,
20250516,001230,동국홀딩스,1685,-11,273694,,,,
20250516,001250,GS글로벌,2560,-5,233530,,,,
20250516,001260,남광토건,8100,-100,36412,,,,
20250516,001270,부국증권,29950,350,27808,,,,
20250516,001275,부국증권우,22300,-100,4575,,,,
20250516,001290,상상인증권,506,2,500403,,,,
20250516,001340,PKC,5830,-150,152514,,,,
20250516,001360,삼성제약,1459,-33,308543,,,,
20250516,001380,SG글로벌,3506,-108,227987,,,,
20250516,001390,KG케미칼,3920,-65,174635,,,,
20250516,001420,태원물산,4070,110,6099,,,,
20250516,001430,세아베스틸지주,18630,160,66122,,,,
20250516,001440,대한전선,12130,-150,664680,,,,
20250516,001450,현대해상,22200,-250,255045,,,,
20250516,001460,BYC,32900,-850,2536,,,,
20250516,001465,BYC우,14350,-180,2459,,,,
20250516,001470,삼부토건,347,0,0,,,,
20250516,001500,현대차증권,6620,60,352955,,,,
20250516,001510,SK증권,1037,4,679925,,,,
20250516,001515,SK증권우,3466,30,5274,,,,
20250516,001520,동양,1100,-2,189898,,,,
20250516,001525,동양우,8500,300,1243,,,,
20250516,001527,동양2우B,16420,-500,1293,,,,
20250516,001530,DI동일,35334,1143,47773,,,,
20250516,001550,조비,12000,-150,15093,,,,
20250516,001560,제일연마,9390,140,5575,,,,
20250516,001570,금양,9900,0,0,,,,
20250516,001620,케이비아이동국실업,2570,-45,24552,,,,
20250516,001630,종근당홀딩스,48450,-950,3511,,,,
20250516,001680,대상,22400,-2050,977533,,,,
20250516,001685,대상우,16400,-350,31752,,,,
20250516,001720,신영증권,102200,-3800,21496,,,,
20250516,001740,SK네트웍스,4040,-20,207553,,,,
20250516,001750,한양증권,14830,810,78042,,,,
20250516,001755,한양증권우,14680,370,4498,,,,
20250516,001770,SHD,16220,20,7158,,,,
20250516,001780,알루코,2365,-15,323158,,,,
20250516,001790,대한제당,2750,20,911442,,,,
20250516,001795,대한제당우,2305,0,211976,,,,
20250516,001800,오리온홀딩스,18890,40,174836,,,,
20250516,001820,삼화콘덴서,24600,-550,26093,,,,
20250516,001940,KISCO홀딩스,21350,-350,20585,,,,
20250516,002020,코오롱,22200,-750,39693,,,,
20250516,002025,코오롱우,14470,-100,2072,,,,
20250516,002030,아세아,268500,-4000,1977,,,,
20250516,002070,비비안,20118,-355,384586,,,,
20250516,002100,경농,9280,10,19970,,,,
20250516,002140,고려산업,2795,15,75735,,,,
20250516,002150,도화엔지니어링,6530,-40,16681,,,,
20250516,002170,SYTS,48450,-750,3049,,,,
20250516,002200,한국수출포장,2800,-15,21094,,,,
20250516,002210,동성제약,2780,0,0,,,,
20250516,002220,한일철강,1982,28,77097,,,,
20250516,002240,고려제강,17120,-240,8018,,,,
20250516,002310,아세아제지,7080,40,251277,,,,
20250516,002320,한진,19620,-40,16284,,,,
20250516,002350,넥센타이어,5860,-80,154388,,,,
20250516,002355,넥센타이어1우B,2920,-70,6399,,,,
20250516,002360,SH에너지화학,4410,-130,45366,,,,
20250516,002380,KCC,259000,-6000,25681,,,,
20250516,002390,한독,11370,-220,20486,,,,
20250516,002410,범양건영,1935,0,0,,,,
20250516,002420,세기상사,5060,-40,1629,,,,
20250516,002450,삼익악기,1239,-9,198049,,,,
20250516,002460,HS화성,9980,-140,1507,,,,
20250516,002600,조흥,157400,-1700,5,,,,
20250516,002620,제일파마홀딩스,7960,-20,13420,,,,
20250516,002630,오리엔트바이오,2938,40,2920298,,,,
20250516,002690,동일제강,1433,35,27317,,,,
20250516,002700,신일전자,1497,-10,539980,,,,
20250516,002710,TCC스틸,18500,-620,137318,,,,
20250516,002720,국제약품,4555,-105,125917,,,,
20250516,002760,보락,1089,-33,314109,,,,
20250516,002780,진흥기업,733,-11,306449,,,,
20250516,002785,진흥기업우B,3300,-25,101,,,,
20250516,002787,진흥기업2우B,9700,0,35,,,,
20250516,002790,아모레퍼시픽홀딩스,22700,-50,82828,,,,
20250516,002795,아모레퍼시픽홀딩스우,9600,20,8860,,,,
20250516,00279K,아모레퍼시픽홀딩스3우C,18510,200,2164,,,,
20250516,002810,삼영무역,14350,70,21541,,,,
20250516,002820,SUN&L,2995,0,15555,,,,
20250516,002840,미원상사,184800,-1700,1111,,,,
20250516,002870,신풍,1030,2,112093,,,,
20250516,002880,디와이에이,1008,30,154584,,,,
20250516,002900,TYM,5300,40,529853,,,,
20250516,002920,유성기업,1962,-10,19427,,,,
20250516,002960,한국쉘석유,379500,10500,3363,,,,
20250516,002990,금호건설,2815,-10,37680,,,,
20250516,002995,금호건설우,11810,-40,3848,,,,
20250516,003000,부광약품,3637,-87,57466,,,,
20250516,003010,혜인,4950,-70,74526,,,,
20250516,003030,세아제강지주,223500,6000,8027,,,,
20250516,003060,에이프로젠바이오로직스,645,-20,626555,,,,
20250516,003070,코오롱글로벌,8790,-10,9151,,,,
20250516,003075,코오롱글로벌우,15140,-460,1920,,,,
20250516,003080,SB성보,2560,0,27991,,,,
20250516,003090,대웅,20500,150,45396,,,,
20250516,003120,일성아이에스,17120,20,5659,,,,
20250516,003160,디아이,15790,310,336151,,,,
20250516,003200,일신방직,9350,-40,26285,,,,
20250516,003220,대원제약,13410,-450,131122,,,,
20250516,003230,삼양식품,1180000,189000,241397,,,,
20250516,003240,태광산업,871000,4000,1696,,,,
20250516,003280,흥아해운,1605,14,871909,,,,
20250516,003300,한일홀딩스,14370,-1360,70902,,,,
20250516,003350,한국화장품제조,10280,-980,861830,,,,
20250516,003460,유화증권,2420,-50,57171,,,,
20250516,003465,유화증권우,2410,0,231,,,,
20250516,003470,유안타증권,3120,-45,684089,,,,
20250516,003475,유안타증권우,3145,-45,92903,,,,
20250516,003480,한진중공업홀딩스,4795,-100,96202,,,,
20250516,003490,대한항공,22350,-300,888030,,,,
20250516,003495,대한항공우,23050,-850,54763,,,,
20250516,003520,영진약품,2255,85,16847082,,,,
20250516,003530,한화투자증권,4080,275,4319866,,,,
20250516,003535,한화투자증권우,6520,340,33376,,,,
20250516,003540,대신증권,19960,80,183620,,,,
20250516,003545,대신증권우,17590,170,80042,,,,
20250516,003547,대신증권2우B,16930,170,66328,,,,
20250516,003550,LG,68600,-300,99729,,,,
20250516,003555,LG우,57000,-800,13426,,,,
20250516,003570,SNT다이내믹스,34950,1850,208695,,,,
20250516,003580,HLB글로벌,3020,-105,77026,,,,
20250516,003610,방림,3955,-55,78667,,,,
20250516,003620,KG모빌리티,3380,-35,160075,,,,
20250516,003650,미창석유,102200,-200,444,,,,
20250516,003670,포스코퓨처엠,107594,-3392,340867,,,,
20250516,003680,한성기업,5080,20,22551,,,,
20250516,003690,코리안리,8510,400,1033371,,,,
20250516,003720,삼영,4050,-165,168555,,,,
20250516,003780,진양산업,5640,-40,92819,,,,
20250516,003830,대한화섬,122100,400,404,,,,
20250516,003850,보령,8350,-130,98854,,,,
20250516,003920,남양유업,76700,-5300,34462,,,,
20250516,003925,남양유업우,38900,-1900,28377,,,,
20250516,003960,사조대림,38000,-2000,107837,,,,
20250516,004000,롯데정밀화학,36100,-200,24223,,,,
20250516,004020,현대제철,25000,-800,336302,,,,
20250516,004060,SG세계물산,3280,-50,46930,,,,
20250516,004080,신흥,14600,0,1313,,,,
20250516,004090,한국석유,12130,-160,52007,,,,
20250516,004100,태양금속,2755,30,902857,,,,
20250516,004105,태양금속우,3940,180,102614,,,,
20250516,004140,동방,2430,25,696918,,,,
20250516,004150,한솔홀딩스,2570,-15,49120,,,,
20250516,004170,신세계,168700,300,21416,,,,
20250516,004250,NPC,4265,5,22687,,,,
20250516,004255,NPC우,2400,25,5911,,,,
20250516,004270,남성,8626,-119,5995,,,,
20250516,004310,현대약품,3350,-70,241745,,,,
20250516,004360,세방,12630,280,80404,,,,
20250516,004365,세방우,8100,70,6521,,,,
20250516,004370,농심,454000,39000,141729,,,,
20250516,004380,삼익THK,13000,0,0,,,,
20250516,004410,서울식품,1550,-30,152174,,,,
20250516,004415,서울식품우,12250,-40,2037,,,,
20250516,004430,송원산업,11770,-120,24957,,,,
20250516,004440,삼일씨엔에스,4330,-30,15483,,,,
20250516,004450,삼화왕관,36100,-1350,1437,,,,
20250516,004490,세방전지,69500,-3400,207104,,,,
20250516,004540,깨끗한나라,2260,-60,251975,,,,
20250516,004545,깨끗한나라우,12850,-120,831,,,,
20250516,004560,현대비앤지스틸,11620,-350,59776,,,,
20250516,004690,삼천리,105500,8700,64393,,,,
20250516,004700,조광피혁,52100,-1000,1454,,,,
20250516,004710,한솔테크닉스,5083,-79,163785,,,,
20250516,004720,팜젠사이언스,3935,-100,36399,,,,
20250516,004770,써니전자,1700,-40,459033,,,,
20250516,004800,효성,53700,-800,13026,,,,
20250516,004830,덕성,5970,-80,108951,,,,
20250516,004835,덕성우,7850,-190,10133,,,,
20250516,004840,DRB동일,4280,-75,32097,,,,
20250516,004870,티웨이홀딩스,3153,-53,40126,,,,
20250516,004890,동일산업,43550,-100,985,,,,
20250516,004910,조광페인트,5700,-680,411354,,,,
20250516,004920,씨아이테크,1292,-25,49098,,,,
20250516,004960,한신공영,7650,60,88123,,,,
20250516,004970,신라교역,8860,-530,73716,,,,
20250516,004980,성신양회,8910,-130,226128,,,,
20250516,004985,성신양회우,12940,560,37669,,,,
20250516,004990,롯데지주,23750,-150,76545,,,,
20250516,00499K,롯데지주우,27450,350,728,,,,
20250516,005010,휴스틸,4730,-100,444755,,,,
20250516,005030,부산주공,486,0,0,,,,
20250516,005070,코스모신소재,33600,-1700,334906,,,,
20250516,005090,SGC에너지,23450,100,12795,,,,
20250516,005110,한창,1254,0,0,,,,
20250516,005180,빙그레,85000,-6500,248744,,,,
20250516,005250,녹십자홀딩스,13870,-30,42885,,,,
20250516,005257,녹십자홀딩스2우,19320,-530,732,,,,
20250516,005300,롯데칠성,102600,-600,19963,,,,
20250516,005305,롯데칠성우,63900,-900,8226,,,,
20250516,005320,온타이드,1022,58,203287,,,,
20250516,005360,모나미,2050,-15,27337,,,,
20250516,005380,현대차,193800,900,311743,,,,
20250516,005385,현대차우,152500,600,27823,,,,
20250516,005387,현대차2우B,154100,500,52434,,,,
20250516,005389,현대차3우B,152500,700,6521,,,,
20250516,005420,코스모화학,14350,-230,130914,,,,
20250516,005430,한국공항,51400,-1400,15655,,,,
20250516,005440,현대지에프홀딩스,6550,350,603102,,,,
20250516,005490,POSCO홀딩스,247500,-2500,213669,,,,
20250516,005500,삼진제약,17450,-510,51942,,,,
20250516,005610,삼립,56400,-3000,49308,,,,
20250516,005680,삼영전자,10680,0,14404,,,,
20250516,005690,파미셀,11200,-160,430736,,,,
20250516,005720,넥센,5250,-130,45520,,,,
20250516,005725,넥센우,3640,20,1230,,,,
20250516,005740,크라운해태홀딩스,6180,60,60622,,,,
20250516,005745,크라운해태홀딩스우,8600,40,9617,,,,
20250516,005750,대림바스,4100,135,21824,,,,
20250516,005800,신영와코루,10850,-360,24097,,,,
20250516,005810,풍산홀딩스,29150,200,26767,,,,
20250516,005820,원림,14240,50,1118,,,,
20250516,005830,DB손해보험,97100,-200,129558,,,,
20250516,005850,에스엘,32000,-1050,111417,,,,
20250516,005870,휴니드,8400,-240,450077,,,,
20250516,005880,대한해운,1572,6,1012022,,,,
20250516,005930,삼성전자,56800,-500,10385352,,,,
20250516,005935,삼성전자우,46700,-400,632245,,,,
20250516,005940,NH투자증권,16050,60,419561,,,,
20250516,005945,NH투자증권우,14470,120,92263,,,,
20250516,005950,이수화학,5420,-140,39164,,,,
20250516,005960,동부건설,4395,180,60609,,,,
20250516,005965,동부건설우,20050,-100,624,,,,
20250516,006040,동원산업,43700,250,34676,,,,
20250516,006060,화승인더,4870,-10,252241,,,,
20250516,006090,사조오양,8230,0,18612,,,,
20250516,006110,삼아알미늄,21100,-950,43318,,,,
20250516,006120,SK디스커버리,43200,-400,33711,,,,
20250516,006125,SK디스커버리우,36000,-350,11092,,,,
20250516,006200,한국전자홀딩스,3440,-10,13862,,,,
20250516,006220,제주은행,9640,-20,158395,,,,
20250516,006260,LS,151000,6100,203214,,,,
20250516,006280,녹십자,123200,-1100,19194,,,,
20250516,006340,대원전선,2920,-20,1142936,,,,
20250516,006345,대원전선우,3940,-25,27994,,,,
20250516,006360,GS건설,19200,670,649919,,,,
20250516,006370,대구백화점,7170,420,82347,,,,
20250516,006380,카프로,3660,0,0,,,,
20250516,006400,삼성SDI,164700,-5000,662722,,,,
20250516,006405,삼성SDI우,101400,-2200,6103,,,,
20250516,006490,프리티,7175,0,197241,,,,
20250516,006570,대림통상,2470,-5,21846,,,,
20250516,006650,대한유화,82100,-2000,21497,,,,
20250516,006660,삼성공조,16280,380,772867,,,,
20250516,006740,블루산업개발,2318,-14,51095,,,,
20250516,006800,미래에셋증권,13003,289,1180903,,,,
20250516,006805,미래에셋증권우,5548,79,75000,,,,
20250516,00680K,미래에셋증권2우B,5023,171,1897750,,,,
20250516,006840,AK홀딩스,10630,-50,4299,,,,
20250516,006880,신송홀딩스,7140,-60,71690,,,,
20250516,006890,태경케미컬,11580,-290,80223,,,,
20250516,006980,우성,16560,-140,3001,,,,
20250516,007070,GS리테일,13860,-240,132970,,,,
20250516,007110,일신석재,2205,-30,1293645,,,,
20250516,007120,미래아이앤지,1081,-169,550058,,,,
20250516,007160,사조산업,38700,1200,24324,,,,
20250516,007210,벽산,2355,-30,135083,,,,
20250516,007280,한국특강,3364,-78,5289,,,,
20250516,007310,오뚜기,403000,9500,8999,,,,
20250516,007340,DN오토모티브,21050,-550,95848,,,,
20250516,007460,에이프로젠,668,-17,2196192,,,,
20250516,007540,샘표,41400,-600,2263,,,,
20250516,007570,일양약품,14465,246,113344,,,,
20250516,007575,일양약품우,14519,0,1355,,,,
20250516,007590,동방아그로,6130,-50,3525,,,,
20250516,007610,선도전기,3000,0,0,,,,
20250516,007660,이수페타시스,41400,-100,825854,,,,
20250516,007690,국도화학,32400,-550,10709,,,,
20250516,007700,F&F홀딩스,12800,-240,5137,,,,
20250516,007810,코리아써키트,10220,-780,151953,,,,
20250516,007815,코리아써우,5950,-20,200,,,,
20250516,00781K,코리아써키트2우B,5500,20,506,,,,
20250516,007860,서연,7410,-340,197321,,,,
20250516,007980,TP,1332,7,228757,,,,
20250516,008040,사조동아원,1073,30,19244621,,,,
20250516,008060,대덕,7530,-320,259007,,,,
20250516,00806K,대덕1우,7650,-230,2275,,,,
20250516,008250,이건산업,5410,-160,25805,,,,
20250516,008260,NI스틸,3465,5,23515,,,,
20250516,008350,남선알미늄,1240,-32,1147134,,,,
20250516,008355,남선알미우,13240,-10,188,,,,
20250516,008420,문배철강,2315,-30,58006,,,,
20250516,008490,서흥,15920,-250,27004,,,,
20250516,008600,윌비스,7322,279,303199,,,,
20250516,008700,아남전자,1434,-28,455448,,,,
20250516,008730,율촌화학,28800,2100,318317,,,,
20250516,008770,호텔신라,44000,-350,111156,,,,
20250516,008775,호텔신라우,33600,-200,741,,,,
20250516,008870,금비,54600,-400,815,,,,
20250516,008930,한미사이언스,36450,3150,909943,,,,
20250516,008970,KBI동양철관,2541,66,10752121,,,,
20250516,009070,KCTC,3920,-70,70946,,,,
20250516,009140,경인전자,19400,-160,1922,,,,
20250516,009150,삼성전기,122600,400,174391,,,,
20250516,009155,삼성전기우,55700,-200,6735,,,,
20250516,009160,SIMPAC,4270,75,554169,,,,
20250516,009180,한솔로지스틱스,2240,-15,63594,,,,
20250516,009190,대양금속,1700,-51,86771,,,,
20250516,009200,무림페이퍼,2085,-70,296674,,,,
20250516,009240,한샘,41550,-100,25149,,,,
20250516,009270,신원,1695,-2,872125,,,,
20250516,009290,광동제약,5470,-20,19163,,,,
20250516,009310,참엔지니어링,1310,-39,33140,,,,
20250516,009320,아진전자부품,1008,6,46546,,,,
20250516,009410,태영건설,2540,-30,151337,,,,
20250516,009415,태영건설우,5460,10,22532,,,,
20250516,009420,한올바이오파마,26350,-250,113104,,,,
20250516,009440,KC그린홀딩스,756,0,0,,,,
20250516,009450,경동나비엔,77800,100,29857,,,,
20250516,009460,한창제지,3640,-110,39321,,,,
20250516,009470,삼화전기,28200,-850,60043,,,,
20250516,009540,HD한국조선해양,287000,-2000,136193,,,,
20250516,009580,무림P&P,2835,-80,165335,,,,
20250516,009680,모토닉,9460,10,167183,,,,
20250516,009770,삼정펄프,26550,-100,2679,,,,
20250516,009810,MDS스피어,3065,-20,15041,,,,
20250516,009830,한화솔루션,36220,1320,3958546,,,,
20250516,009835,한화솔루션우,27005,1581,96059,,,,
20250516,009900,명신산업,8230,-270,77902,,,,
20250516,009970,영원무역홀딩스,106700,1500,14880,,,,
20250516,010040,한국내화,2390,-25,42218,,,,
20250516,010060,OCI홀딩스,77300,200,174090,,,,
20250516,010100,한국무브넥스,4045,-90,193430,,,,
20250516,010120,LS ELECTRIC,48600,800,922435,,,,
20250516,010130,고려아연,821000,6000,7841,,,,
20250516,010140,삼성중공업,14550,130,4091070,,,,
20250516,010400,우진아이엔에스,2670,0,4029,,,,
20250516,010580,에스엠벡셀,1224,4,32977,,,,
20250516,010640,진양폴리,3478,-17,123418,,,,
20250516,010660,화천기계,4195,-180,225907,,,,
20250516,010690,화신,8100,-20,81856,,,,
20250516,010770,평화홀딩스,8300,-190,2952729,,,,
20250516,010780,아이에스동서,18880,-460,50880,,,,
20250516,010820,퍼스텍,3635,-65,345044,,,,
20250516,010950,S-Oil,51300,-500,109115,,,,
20250516,010955,S-Oil우,35200,-250,6121,,,,
20250516,010960,삼호개발,3460,20,213611,,,,
20250516,011000,진원생명과학,11075,-550,260168,,,,
20250516,011070,LG이노텍,147500,-1600,56843,,,,
20250516,011090,에넥스,3790,15,89647,,,,
20250516,011150,CJ씨푸드,3025,-35,397683,,,,
20250516,011155,CJ씨푸드1우,17400,70,279,,,,
20250516,011170,롯데케미칼,58300,-400,79627,,,,
20250516,011200,HMM,22950,800,3865416,,,,
20250516,011210,현대위아,42250,-200,51945,,,,
20250516,011230,삼화전자,4280,-45,89205,,,,
20250516,011280,태림포장,2150,-15,140176,,,,
20250516,011300,우성머티리얼스,4670,-270,99486,,,,
20250516,011330,유니켐,15850,-640,9861,,,,
20250516,011390,부산산업,98600,800,15995,,,,
20250516,011420,갤럭시아에스엠,2300,-55,551709,,,,
20250516,011500,한농화성,14130,-360,74756,,,,
20250516,011690,와이투솔루션,2880,-50,436707,,,,
20250516,011700,한신기계,2990,45,420021,,,,
20250516,011760,현대코퍼레이션,22700,-750,56477,,,,
20250516,011780,금호석유화학,109100,-2700,98774,,,,
20250516,011785,금호석유화학우,51300,-1700,13794,,,,
20250516,011790,SKC,92771,-2162,158855,,,,
20250516,011810,STX,3225,-70,57931,,,,
20250516,011930,신성이엔지,14700,360,314615,,,,
20250516,012030,DB,1270,-20,261660,,,,
20250516,012160,영흥,2540,5,91981,,,,
20250516,012170,아센디오,4025,-60,27800,,,,
20250516,012200,계양전기,1381,-24,97181,,,,
20250516,012205,계양전기우,3640,-24,189,,,,
20250516,012280,영화금속,864,-2,81704,,,,
20250516,012320,경동인베스트,56600,-900,4672,,,,
20250516,012330,현대모비스,255000,0,91545,,,,
20250516,012450,한화에어로스페이스,828137,18709,162843,,,,
20250516,012610,경인양행,3280,-20,78317,,,,
20250516,012630,HDC,19260,-390,210121,,,,
20250516,012690,모나리자,2790,-25,198924,,,,
20250516,012750,에스원,67400,2200,48267,,,,
20250516,012800,대창,1290,-22,442647,,,,
20250516,013000,세우글로벌,1185,-18,127002,,,,
20250516,013360,일성건설,2625,100,989836,,,,
20250516,013520,화승코퍼레이션,1965,56,169233,,,,
20250516,013570,디와이,4080,-60,50097,,,,
20250516,013580,계룡건설,20900,200,881218,,,,
20250516,013700,까뮤이앤씨,1163,21,129960,,,,
20250516,013870,지엠비코리아,3890,-160,73873,,,,
20250516,013890,지누스,18090,-40,70828,,,,
20250516,014130,한익스프레스,3385,-30,27382,,,,
20250516,014160,대영포장,1390,-128,8013177,,,,
20250516,014280,금강공업,4500,-220,200239,,,,
20250516,014285,금강공업우,6700,-100,1680,,,,
20250516,014440,영보화학,4385,-55,190192,,,,
20250516,014530,극동유화,3410,-45,81140,,,,
20250516,014580,태경비케이,4565,-170,173457,,,,
20250516,014680,한솔케미칼,124000,-2500,56985,,,,
20250516,014710,사조씨푸드,5380,0,356886,,,,
20250516,014790,HL D&I,2420,-15,27346,,,,
20250516,014820,동원시스템즈,30500,-700,19885,,,,
20250516,014825,동원시스템즈우,17420,-280,565,,,,
20250516,014830,유니드,92500,-1000,44792,,,,
20250516,014910,성문전자,1172,13,111150,,,,
20250516,014915,성문전자우,4535,-25,4430,,,,
20250516,014990,인디에프,4605,-80,31134,,,,
20250516,015020,이스타코,2436,-82,545550,,,,
20250516,015230,대창단조,5300,10,66204,,,,
20250516,015260,에이엔피,449,-14,85223,,,,
20250516,015360,INVENI,10240,-180,29320,,,,
20250516,015590,DKME,2575,0,0,,,,
20250516,015760,한국전력,28000,1500,4364089,,,,
20250516,015860,일진홀딩스,4045,90,127074,,,,
20250516,015890,태경산업,4920,-75,41341,,,,
20250516,016090,대현,1919,-39,194813,,,,
20250516,016360,삼성증권,54400,800,220714,,,,
20250516,016380,KG스틸,5770,-120,83856,,,,
20250516,016450,한세예스24홀딩스,3785,-40,54240,,,,
20250516,016580,환인제약,11470,-30,17639,,,,
20250516,016590,신대양제지,8200,-90,34566,,,,
20250516,016610,DB증권,6460,30,35745,,,,
20250516,016710,대성홀딩스,7890,320,80411,,,,
20250516,016740,두올,3185,5,48573,,,,
20250516,016800,퍼시스,44000,-1150,515,,,,
20250516,016880,웅진,1714,8,1285806,,,,
20250516,017040,광명전기,1641,100,754594,,,,
20250516,017180,명문제약,1667,-19,35912,,,,
20250516,017370,우신시스템,7430,360,193347,,,,
20250516,017390,서울가스,53500,700,20222,,,,
20250516,017550,수산세보틱스,1852,-26,81316,,,,
20250516,017670,SK텔레콤,52200,1100,1020577,,,,
20250516,017800,현대엘리베이터,73100,-1200,194036,,,,
20250516,017810,풀무원,12930,-1580,667293,,,,
20250516,017860,DS단석,25005,-297,104186,,,,
20250516,017900,광전자,1844,1,47737,,,,
20250516,017940,E1,68000,2800,36304,,,,
20250516,017960,한국카본,20400,-950,1299001,,,,
20250516,018250,애경산업,14150,-330,46521,,,,
20250516,018260,삼성에스디에스,129400,200,51686,,,,
20250516,018470,조일알미늄,1583,-34,1174811,,,,
20250516,018500,동원모빌리티,1480,-1,230126,,,,
20250516,018670,SK가스,215500,-3000,17687,,,,
20250516,018880,한온시스템,3216,19,602166,,,,
20250516,019170,신풍제약,7450,-250,81985,,,,
20250516,019175,신풍제약우,11670,-330,692,,,,
20250516,019180,티에이치엔,2840,-145,424388,,,,
20250516,019490,엑시큐어하이트론,887,1,2968000,,,,
20250516,019680,대교,2330,-5,21817,,,,
20250516,019685,대교우B,1317,-10,10493,,,,
20250516,020000,한섬,15440,70,22510,,,,
20250516,020120,키다리스튜디오,3375,-80,110119,,,,
20250516,020150,롯데에너지머티리얼즈,21000,-950,120871,,,,
20250516,020560,아시아나항공,9630,-140,42333,,,,
20250516,020760,일진디스플,742,2,29803,,,,
20250516,021050,서원,1206,2,191383,,,,
20250516,021240,코웨이,97700,900,180082,,,,
20250516,021820,세원정공,8650,-10,14411,,,,
20250516,022100,포스코DX,22500,-400,283637,,,,
20250516,023000,삼원강재,2470,40,45664,,,,
20250516,023150,MH에탄올,5030,20,4795,,,,
20250516,023350,한국종합기술,5670,-30,75406,,,,
20250516,023450,동남합성,33950,200,1778,,,,
20250516,023530,롯데쇼핑,74600,-2200,48890,,,,
20250516,023590,다우기술,23750,150,96245,,,,
20250516,023800,인지컨트롤스,6070,150,68911,,,,
20250516,023810,인팩,5880,-90,16020,,,,
20250516,023960,에쓰씨엔지니어링,1234,-18,195191,,,,
20250516,024070,WISCOM,1878,-37,7079,,,,
20250516,024090,디씨엠,12710,-20,12090,,,,
20250516,024110,기업은행,15460,-10,415021,,,,
20250516,024720,콜마홀딩스,9550,-180,109880,,,,
20250516,024890,대원화성,4505,-20,5910,,,,
20250516,024900,디와이덕양,2680,-85,138480,,,,
20250516,025000,KPX케미칼,41834,-1274,16510,,,,
20250516,025530,SJM홀딩스,3360,-40,12488,,,,
20250516,025540,한국단자,62300,-300,43225,,,,
20250516,025560,미래산업,2370,77,505810,,,,
20250516,025620,차AI헬스케어,7700,-210,88520,,,,
20250516,025750,한솔홈데코,3720,-155,276805,,,,
20250516,025820,이구산업,4275,5,111524,,,,
20250516,025860,남해화학,7050,0,180102,,,,
20250516,025890,한국주강,1812,-32,16794,,,,
20250516,026890,스틱인베스트먼트,10700,830,334970,,,,
20250516,026940,부국철강,2355,-15,71768,,,,
20250516,026960,동서,25100,50,42844,,,,
20250516,027410,BGF,3685,50,259723,,,,
20250516,027740,마니커,1708,-10,45210,,,,
20250516,027970,한국제지,4145,-55,29289,,,,
20250516,028050,삼성E&A,20150,-350,487769,,,,
20250516,028100,동아지질,14840,20,25261,,,,
20250516,028260,삼성물산,123900,700,106983,,,,
20250516,02826K,삼성물산우B,92500,-400,4291,,,,
20250516,028670,팬오션,3635,35,988691,,,,
20250516,029460,케이씨,20600,1560,69660,,,,
20250516,029530,신도리코,43250,-1500,10014,,,,
20250516,029780,삼성카드,42000,0,21821,,,,
20250516,030000,제일기획,18410,-90,124246,,,,
20250516,030190,NICE평가정보,14480,70,43556,,,,
20250516,030200,KT,51400,400,214498,,,,
20250516,030210,다올투자증권,3250,-70,88036,,,,
20250516,030610,교보증권,7290,260,289481,,,,
20250516,030720,동원수산,5650,200,27823,,,,
20250516,031210,서울보증보험,34400,-550,329785,,,,
20250516,031430,신세계인터내셔날,9980,-280,144102,,,,
20250516,031820,아이티센씨티에스,6010,-350,75400,,,,
20250516,032350,롯데관광개발,11300,20,422405,,,,
20250516,032560,황금에스티,5420,-100,31011,,,,
20250516,032640,LG유플러스,12930,-70,961803,,,,
20250516,032830,삼성생명,84300,800,142427,,,,
20250516,033240,자화전자,12450,-580,111548,,,,
20250516,033250,체시스,5575,-85,37437,,,,
20250516,033270,유나이티드제약,19170,-380,35239,,,,
20250516,033530,SJG세종,4405,70,170339,,,,
20250516,033780,KT&G,119700,3800,273447,,,,
20250516,033920,무학,7250,70,98043,,,,
20250516,034020,두산에너빌리티,34300,2350,17619218,,,,
20250516,034120,SBS,23750,1000,174571,,,,
20250516,034220,LG디스플레이,8570,-90,544297,,,,
20250516,034230,파라다이스,13190,120,366520,,,,
20250516,034310,NICE,11500,20,26777,,,,
20250516,034590,인천도시가스,24900,-50,1666,,,,
20250516,034730,SK,137100,-800,52775,,,,
20250516,03473K,SK우,122700,-900,1446,,,,
20250516,034830,한국토지신탁,1092,17,587966,,,,
20250516,035000,HS애드,7030,-80,26952,,,,
20250516,035150,백산,13920,-540,74192,,,,
20250516,035250,강원랜드,17040,-230,506829,,,,
20250516,035420,NAVER,187800,-1400,285272,,,,
20250516,035510,신세계 I&C,12480,-190,189956,,,,
20250516,035720,카카오,37400,-250,912660,,,,
20250516,036420,콘텐트리중앙,9170,-90,37408,,,,
20250516,036460,한국가스공사,36700,750,365963,,,,
20250516,036530,SNT홀딩스,39400,2000,38871,,,,
20250516,036570,NC,161700,6200,164070,,,,
20250516,036580,팜스코,2270,-25,107200,,,,
20250516,037270,YG PLUS,5720,-50,479496,,,,
20250516,037560,LG헬로비전,2570,-35,311861,,,,
20250516,037710,광주신세계,28000,-100,11208,,,,
20250516,039130,하나투어,50000,-400,26677,,,,
20250516,039490,키움증권,148200,1200,52295,,,,
20250516,039570,HDC랩스,8790,-110,12289,,,,
20250516,041650,상신브레이크,2990,20,113898,,,,
20250516,042660,한화오션,81200,700,2157291,,,,
20250516,042700,한미반도체,91500,9600,3986502,,,,
20250516,044380,주연테크,1645,-25,34246,,,,
20250516,044450,KSS해운,9400,0,53655,,,,
20250516,044820,코스맥스비티아이,12740,-20,21872,,,,
20250516,047040,대우건설,3685,80,1435978,,,,
20250516,047050,포스코인터내셔널,46850,-800,298958,,,,
20250516,047400,유니온머티리얼,1695,-31,209829,,,,
20250516,047810,한국항공우주,90100,1300,503151,,,,
20250516,049800,우진플라임,2060,-25,29027,,,,
20250516,051600,한전KPS,41800,1850,288735,,,,
20250516,051630,진양화학,2030,-40,170425,,,,
20250516,051900,LG생활건강,316000,-4000,23388,,,,
20250516,051905,LG생활건강우,124500,-900,5579,,,,
20250516,051910,LG화학,193600,-8900,529240,,,,
20250516,051915,LG화학우,99000,-2700,67877,,,,
20250516,052690,한전기술,65100,5000,492108,,,,
20250516,053210,스카이라이프,4375,-40,72355,,,,
20250516,053690,한미글로벌,16280,-140,29016,,,,
20250516,055490,테이팩스,13740,-430,12747,,,,
20250516,055550,신한지주,51800,100,554587,,,,
20250516,058430,포스코스틸리온,3765,-65,157180,,,,
20250516,058650,세아홀딩스,95100,-2300,146,,,,
20250516,058730,다스코,3030,-80,169237,,,,
20250516,058850,KTcs,2875,0,280606,,,,
20250516,058860,KTis,2920,75,776706,,,,
20250516,060980,HL홀딩스,37700,-550,26542,,,,
20250516,062040,산일전기,62900,-200,191023,,,,
20250516,063160,종근당바이오,22300,0,6959,,,,
20250516,064350,현대로템,113900,2600,1183926,,,,
20250516,064400,LG씨엔에스,55100,-400,239654,,,,
20250516,064960,SNT모티브,29950,100,109345,,,,
20250516,066570,LG전자,71300,-300,183904,,,,
20250516,066575,LG전자우,35400,0,33232,,,,
20250516,066970,엘앤에프,59500,-2700,190858,,,,
20250516,067830,세이브존I&C,2480,10,59286,,,,
20250516,068270,셀트리온,141387,459,453802,,,,
20250516,068290,삼성출판사,17150,10,27709,,,,
20250516,069260,TKG휴켐스,16140,190,51285,,,,
20250516,069460,대호에이엘,8600,-575,223521,,,,
20250516,069620,대웅제약,142200,-700,19182,,,,
20250516,069640,한세엠케이,2766,638,428620,,,,
20250516,069730,DSR제강,3650,100,73726,,,,
20250516,069960,현대백화점,65800,-800,35133,,,,
20250516,070960,모나용평,4285,-40,129745,,,,
20250516,071050,한국금융지주,94500,1000,205214,,,,
20250516,071055,한국금융지주우,70700,700,39114,,,,
20250516,071090,하이스틸,4025,75,925062,,,,
20250516,071320,지역난방공사,68500,4700,52961,,,,
20250516,071840,롯데하이마트,7450,-90,14822,,,,
20250516,071950,코아스,9410,200,14485,,,,
20250516,071970,HD현대마린엔진,39500,-200,293728,,,,
20250516,072130,유엔젤,5340,60,216936,,,,
20250516,072710,농심홀딩스,71500,-100,14643,,,,
20250516,073240,금호타이어,4810,-20,210646,,,,
20250516,074610,이엔플러스,5110,0,0,,,,
20250516,075180,새론오토모티브,3290,-90,7504,,,,
20250516,075580,세진중공업,9280,-260,897919,,,,
20250516,077500,유니퀘스트,6150,-90,94201,,,,
20250516,077970,STX엔진,23850,-450,159306,,,,
20250516,078000,텔코웨어,9810,160,36608,,,,
20250516,078520,에이블씨엔씨,6980,-20,91863,,,,
20250516,078930,GS,39000,-350,111334,,,,
20250516,078935,GS우,38150,-350,6368,,,,
20250516,079160,CJ CGV,4780,-50,149968,,,,
20250516,079430,현대리바트,7730,-80,18409,,,,
20250516,079550,LIG디펜스앤에어로스페이스,405000,17000,179229,,,,
20250516,079900,전진건설로봇,50200,1050,109371,,,,
20250516,079980,휴비스,3030,-40,82217,,,,
20250516,081000,일진다이아,12480,-150,14922,,,,
20250516,081660,미스토홀딩스,37400,-450,99666,,,,
20250516,082640,동양생명,5530,-170,190884,,,,
20250516,082740,한화엔진,28900,-200,663316,,,,
20250516,083420,그린케미칼,8460,-300,259034,,,,
20250516,084010,대한제강,10776,0,16213,,,,
20250516,084670,동양고속,7400,-20,4471,,,,
20250516,084680,이월드,1473,36,613532,,,,
20250516,084690,대상홀딩스,9310,-260,237602,,,,
20250516,084695,대상홀딩스우,14590,30,8176,,,,
20250516,084870,TBH글로벌,1163,-10,76911,,,,
20250516,085310,엔케이,8540,-150,15374,,,,
20250516,085620,미래에셋생명,5510,-90,76673,,,,
20250516,086280,현대글로비스,112600,-600,180278,,,,
20250516,086790,하나금융지주,66000,300,514164,,,,
20250516,088260,이리츠코크렙,4735,25,31343,,,,
20250516,088350,한화생명,2605,-35,703840,,,,
20250516,088790,진도,2030,36,76568,,,,
20250516,088980,맥쿼리인프라,11570,40,526127,,,,
20250516,089470,HDC현대EP,3750,65,53498,,,,
20250516,089590,제주항공,7010,110,287857,,,,
20250516,089860,롯데렌탈,30750,-150,32292,,,,
20250516,090080,평화산업,1461,-126,7066933,,,,
20250516,090350,노루페인트,7970,-380,219902,,,,
20250516,090355,노루페인트우,12750,10,361,,,,
20250516,090370,메타랩스,1441,-9,51902,,,,
20250516,090430,아모레퍼시픽,123100,1800,134144,,,,
20250516,090435,아모레퍼시픽우,38850,150,16165,,,,
20250516,090460,비에이치,13100,-200,151655,,,,
20250516,091810,트리니티항공,2033,-43,420760,,,,
20250516,092200,디아이씨,4905,-20,674108,,,,
20250516,092220,KEC,3700,-165,120775,,,,
20250516,092230,KPX홀딩스,60900,-2500,13947,,,,
20250516,092440,기신정기,2530,10,8452,,,,
20250516,092780,DYP,4595,0,5951,,,,
20250516,092790,넥스틸,13230,560,932640,,,,
20250516,093050,LF,15300,-40,20943,,,,
20250516,093240,형지엘리트,1963,-26,1495743,,,,
20250516,093370,후성,4130,-130,497754,,,,
20250516,094280,효성ITX,12110,-60,7572,,,,
20250516,094800,맵스리얼티,4400,30,19896,,,,
20250516,095570,AJ네트웍스,3670,-50,221808,,,,
20250516,095720,웅진씽크빅,3330,-36,178747,,,,
20250516,096760,JW홀딩스,3105,-30,38927,,,,
20250516,096770,SK이노베이션,87400,-1000,210981,,,,
20250516,096775,SK이노베이션우,62100,-1100,4027,,,,
20250516,097230,HJ중공업,7340,-470,1675912,,,,
20250516,097520,엠씨넥스,26600,-50,44477,,,,
20250516,097950,CJ제일제당,229500,-2500,74917,,,,
20250516,097955,CJ제일제당 우,136800,-2500,9828,,,,
20250516,100090,SK오션플랜트,19700,1000,1365143,,,,
20250516,100220,비상교육,5580,-860,1529155,,,,
20250516,100250,진양홀딩스,2944,-19,50506,,,,
20250516,100840,SNT에너지,40400,3100,323429,,,,
20250516,101140,인바이오젠,13860,-280,17365,,,,
20250516,101530,해태제과식품,6630,-70,39448,,,,
20250516,102260,동성케미컬,3963,-75,191626,,,,
20250516,102460,이연제약,10910,-100,6213,,,,
20250516,103140,풍산,58300,300,166603,,,,
20250516,103590,일진전기,28900,1250,1112185,,,,
20250516,104700,한국철강,8670,-120,36052,,,,
20250516,105560,KB금융,93600,0,652372,,,,
20250516,105630,한세실업,10630,-420,120687,,,,
20250516,105840,우진,8150,500,475580,,,,
20250516,107590,미원홀딩스,73800,-200,275,,,,
20250516,108320,LX세미콘,61900,0,42218,,,,
20250516,108670,LX하우시스,29250,0,16059,,,,
20250516,108675,LX하우시스우,18000,10,740,,,,
20250516,109070,주성코퍼레이션,929,-37,452465,,,,
20250516,111110,호전실업,8000,-40,34641,,,,
20250516,111380,동인기연,16150,-1030,51101,,,,
20250516,111770,영원무역,53100,2500,80518,,,,
20250516,112610,씨에스윈드,48850,1050,600376,,,,
20250516,114090,GKL,13160,190,216848,,,,
20250516,117580,대성에너지,7570,-120,46529,,,,
20250516,118000,메타케어,3170,30,22062,,,,
20250516,119650,KC코트렐,918,0,0,,,,
20250516,120030,조선선재,99600,-300,1603,,,,
20250516,120110,코오롱인더,30500,-50,112980,,,,
20250516,120115,코오롱인더우,20300,-100,7247,,,,
20250516,122900,아이마켓코리아,8010,0,18801,,,,
20250516,123690,한국화장품,6800,-220,71190,,,,
20250516,123700,SJM,3100,-70,46154,,,,
20250516,123890,한국자산신탁,2400,10,156866,,,,
20250516,126560,현대퓨처넷,3195,-25,122687,,,,
20250516,126720,수산인더스트리,21250,1820,141498,,,,
20250516,128820,대성산업,3515,0,0,,,,
20250516,128940,한미약품,293000,1000,80060,,,,
20250516,129260,인터지스,2610,5,222900,,,,
20250516,130660,한전산업,12310,1360,1700070,,,,
20250516,133820,화인베스틸,811,-34,270479,,,,
20250516,134380,미원화학,7800,0,340,,,,
20250516,134790,시디즈,28600,-500,28233,,,,
20250516,136490,선진,8070,270,591884,,,,
20250516,137310,에스디바이오센서,10030,-10,121520,,,,
20250516,138040,메리츠금융지주,112800,-1100,248420,,,,
20250516,138930,BNK금융지주,10500,20,586210,,,,
20250516,139130,iM금융지주,10510,-20,228019,,,,
20250516,139480,이마트,84500,-1800,175236,,,,
20250516,139990,아주스틸,3830,0,9345,,,,
20250516,143210,핸즈코퍼레이션,1583,-17,5109,,,,
20250516,145210,다이나믹디자인,10360,-370,8618,,,,
20250516,145270,케이탑리츠,941,-7,48671,,,,
20250516,145720,덴티움,63400,-200,23394,,,,
20250516,145990,삼양사,48400,700,20032,,,,
20250516,145995,삼양사우,31300,-50,570,,,,
20250516,155660,DSR,3770,-20,31485,,,,
20250516,161000,애경케미칼,9910,-330,622074,,,,
20250516,161390,한국타이어앤테크놀로지,40150,300,97245,,,,
20250516,161890,한국콜마,82800,-700,118078,,,,
20250516,163560,동일고무벨트,7360,-20,40177,,,,
20250516,170900,동아에스티,45016,-190,12544,,,,
20250516,175330,JB금융지주,17870,-60,228820,,,,
20250516,178920,PI첨단소재,18000,480,198613,,,,
20250516,180640,한진칼,122700,-2300,387289,,,,
20250516,18064K,한진칼우,45500,800,848819,,,,
20250516,181710,NHN,19920,-430,99439,,,,
20250516,183190,아세아시멘트,11220,110,115576,,,,
20250516,185750,종근당,81800,-300,10564,,,,
20250516,192080,더블유게임즈,51200,-900,93415,,,,
20250516,192400,쿠쿠홀딩스,28100,500,43711,,,,
20250516,192650,드림텍,5880,-210,186040,,,,
20250516,192820,코스맥스,210000,1500,58203,,,,
20250516,194370,제이에스코퍼레이션,8620,60,201206,,,,
20250516,195870,해성디에스,19450,-600,144814,,,,
20250516,200880,서연이화,11260,-490,189211,,,,
20250516,204320,HL만도,36100,-350,167163,,,,
20250516,207940,삼성바이오로직스,1474687,5887,21337,,,,
20250516,210540,디와이파워,11900,30,40078,,,,
20250516,210980,SK디앤디,8510,-350,101209,,,,
20250516,213500,한솔제지,8350,-90,55362,,,,
20250516,214320,이노션,17850,-150,70953,,,,
20250516,214330,금호에이치티,17789,-109,22576,,,,
20250516,214390,경보제약,5290,-80,32811,,,,
20250516,214420,토니모리,9000,-190,364479,,,,
20250516,226320,잇츠한불,11860,-310,36766,,,,
20250516,227840,현대코퍼레이션홀딩스,11150,-300,20982,,,,
20250516,229640,LS에코에너지,35000,-200,108190,,,,
20250516,234080,JW생명과학,11760,-310,50342,,,,
20250516,241560,두산밥캣,46750,350,113357,,,,
20250516,241590,화승엔터프라이즈,7990,-210,251483,,,,
20250516,244920,에이플러스에셋,5300,90,143015,,,,
20250516,248070,솔루엠,15710,-750,218833,,,,
20250516,248170,샘표식품,26400,-400,15792,,,,
20250516,249420,일동제약,11430,-140,37068,,,,
20250516,251270,넷마블,53000,2800,383041,,,,
20250516,259960,크래프톤,382500,7500,119157,,,,
20250516,264900,크라운제과,8350,-60,32775,,,,
20250516,26490K,크라운제과우,9830,-90,5951,,,,
20250516,267250,HD현대,82200,-200,101655,,,,
20250516,267260,HD현대일렉트릭,365000,1500,264402,,,,
20250516,267270,HD건설기계,71100,-800,65572,,,,
20250516,267290,경동도시가스,18160,150,14252,,,,
20250516,267850,아시아나IDT,11590,-310,17054,,,,
20250516,268280,미원에스씨,155600,-2300,1202,,,,
20250516,271560,오리온,123100,-200,94650,,,,
20250516,271940,일진하이솔루스,13780,260,39009,,,,
20250516,271980,제일약품,12000,-400,46265,,,,
20250516,272210,한화시스템,47350,2450,4884189,,,,
20250516,272450,진에어,9060,-150,77972,,,,
20250516,272550,삼양패키징,13430,-10,104939,,,,
20250516,278470,에이피알,112600,2100,465392,,,,
20250516,280360,롯데웰푸드,113200,-2000,10141,,,,
20250516,281820,케이씨텍,27800,0,91745,,,,
20250516,282330,BGF리테일,99500,-1000,55949,,,,
20250516,284740,쿠쿠홈시스,25350,-150,99370,,,,
20250516,285130,SK케미칼,53200,-500,102056,,,,
20250516,28513K,SK케미칼우,22400,0,8697,,,,
20250516,286940,롯데이노베이트,18610,-190,7983,,,,
20250516,293480,하나제약,11260,-210,33522,,,,
20250516,293940,신한알파리츠,5740,30,110710,,,,
20250516,294870,IPARK현대산업개발,24850,-450,710830,,,,
20250516,298000,효성화학,77800,0,0,,,,
20250516,298020,효성티앤씨,250500,2500,19623,,,,
20250516,298040,효성중공업,585000,7000,48526,,,,
20250516,298050,HS효성첨단소재,203000,-5000,11881,,,,
20250516,298690,에어부산,2110,-15,194165,,,,
20250516,300720,한일시멘트,17040,-1000,126261,,,,
20250516,302440,SK바이오사이언스,40100,-200,64186,,,,
20250516,306200,세아제강,167600,-900,8086,,,,
20250516,307950,현대오토에버,135200,-1200,28599,,,,
20250516,308170,씨티알모빌리티,6200,-100,11842,,,,
20250516,316140,우리금융지주,18040,-20,766082,,,,
20250516,317400,자이에스앤디,3535,-55,38586,,,,
20250516,322000,HD현대에너지솔루션,46500,6150,2783559,,,,
20250516,323410,카카오뱅크,23250,100,237452,,,,
20250516,326030,SK바이오팜,90700,0,106096,,,,
20250516,329180,HD현대중공업,419500,3000,202435,,,,
20250516,330590,롯데리츠,3645,25,213458,,,,
20250516,334890,이지스밸류플러스리츠,4662,-24,102681,,,,
20250516,336260,두산퓨얼셀,18020,1060,769235,,,,
20250516,33626K,두산퓨얼셀1우,4870,205,56415,,,,
20250516,33626L,두산퓨얼셀2우B,8360,310,9728,,,,
20250516,336370,솔루스첨단소재,8010,-250,147169,,,,
20250516,33637K,솔루스첨단소재1우,1746,-52,51825,,,,
20250516,33637L,솔루스첨단소재2우B,4130,-95,19552,,,,
20250516,338100,NH프라임리츠,4600,0,23151,,,,
20250516,339770,교촌에프앤비,5210,-110,109585,,,,
20250516,344820,KCC글라스,29900,-200,43516,,,,
20250516,348950,제이알글로벌리츠,2755,20,203075,,,,
20250516,350520,이지스레지던스리츠,4260,0,10055,,,,
20250516,352820,하이브,274500,1000,81185,,,,
20250516,353200,대덕전자,15010,-250,264878,,,,
20250516,35320K,대덕전자1우,7560,-130,11660,,,,
20250516,357120,코람코라이프인프라리츠,4560,50,71899,,,,
20250516,357250,미래에셋맵스리츠,2795,-5,16363,,,,
20250516,357430,마스턴프리미어리츠,1462,-1,27272,,,,
20250516,361610,SK아이이테크놀로지,22250,-400,89570,,,,
20250516,363280,티와이홀딩스,2240,-105,115506,,,,
20250516,36328K,티와이홀딩스우,3775,20,30724,,,,
20250516,365550,ESR켄달스퀘어리츠,4574,40,143776,,,,
20250516,372910,한컴라이프케어,2880,-65,116608,,,,
20250516,373220,LG에너지솔루션,290500,-16500,583328,,,,
20250516,375500,DL이앤씨,45550,2000,285928,,,,
20250516,37550K,DL이앤씨우,19400,420,21073,,,,
20250516,37550L,DL이앤씨2우(전환),29400,700,10445,,,,
20250516,377190,디앤디플랫폼리츠,3265,15,92390,,,,
20250516,377300,카카오페이,29550,-200,83185,,,,
20250516,377740,바이오노트,4635,-15,25118,,,,
20250516,378850,화승알앤에이,3195,-15,42345,,,,
20250516,381970,케이카,14450,130,125187,,,,
20250516,383220,F&F,68800,-700,33731,,,,
20250516,383800,LX홀딩스,7040,-60,68047,,,,
20250516,38380K,LX홀딩스1우,8500,30,339,,,,
20250516,395400,SK리츠,4950,40,191987,,,,
20250516,396690,미래에셋글로벌리츠,2800,30,25044,,,,
20250516,400760,NH올원리츠,3620,24,28039,,,,
20250516,402340,SK스퀘어,102600,1800,208226,,,,
20250516,403550,쏘카,13700,-160,3819,,,,
20250516,404990,신한서부티엔디리츠,3480,-20,65547,,,,
20250516,415640,KB발해인프라,7820,0,13896,,,,
20250516,417310,코람코더원리츠,5250,50,35243,,,,
20250516,432320,KB스타리츠,4005,-10,49417,,,,
20250516,443060,HD현대마린솔루션,163000,-3700,76839,,,,
20250516,446070,유니드비티플러스,3925,-65,68920,,,,
20250516,448730,삼성FN리츠,4595,25,46122,,,,
20250516,450080,에코프로머티,45750,-2750,482432,,,,
20250516,451800,한화리츠,3830,40,145817,,,,
20250516,452260,한화갤러리아,1218,-26,394724,,,,
20250516,45226K,한화갤러리아우,2305,-35,1287,,,,
20250516,453340,현대그린푸드,16610,450,171547,,,,
20250516,454910,두산로보틱스,50500,-200,173475,,,,
20250516,456040,OCI,58600,-500,32383,,,,
20250516,457190,이수스페셜티케미컬,39150,-1650,234154,,,,
20250516,460850,동국씨엠,6380,-80,22231,,,,
20250516,460860,동국제강,9210,-190,93916,,,,
20250516,462520,조선내화,13380,-180,3036,,,,
20250516,462870,시프트업,55900,900,167080,,,,
20250516,465770,STX그린로지스,9100,250,238956,,,,
20250516,475150,SK이터닉스,18250,200,943289,,,,
20250516,475560,더본코리아,27100,-550,38285,,,,
20250516,480370,씨케이솔루션,4042,-146,809278,,,,
20250516,481850,신한글로벌액티브리츠,1553,-6,76540,,,,
20250516,484870,엠앤씨솔루션,35666,1700,227100,,,,
20250516,487570,HS효성,39000,-50,3565,,,,
20250516,489790,한화비전,59500,-3300,1795299,,,,
20250516,499790,GS피앤엘,22200,-600,97630,,,,
20250516,900140,엘브이엠씨홀딩스,1785,-39,484102,,,,
20250516,950210,프레스티지바이오파마,13300,-400,84707,,,,
20250519,000020,동화약품,6270,-30,26911,,,,
20250519,000040,KR모터스,2045,15,21898,,,,
20250519,000050,경방,7120,-660,647818,,,,
20250519,000070,삼양홀딩스,42240,-133,21297,,,,
20250519,000080,하이트진로,19300,-120,101168,,,,
20250519,000087,하이트진로2우B,15250,-70,1637,,,,
20250519,000100,유한양행,105700,-500,227417,,,,
20250519,000105,유한양행우,97000,-200,3617,,,,
20250519,000120,CJ대한통운,79200,-300,60700,,,,
20250519,000140,하이트진로홀딩스,8510,-100,11634,,,,
20250519,000145,하이트진로홀딩스우,10810,0,13,,,,
20250519,000150,두산,393000,-11500,151261,,,,
20250519,000155,두산우,259500,7000,87914,,,,
20250519,000157,두산2우B,377500,0,17952,,,,
20250519,000180,성창기업지주,6940,-110,4169,,,,
20250519,000210,DL,39400,-1050,65582,,,,
20250519,000215,DL우,21200,-300,2424,,,,
20250519,000220,유유제약,4460,-70,60559,,,,
20250519,000225,유유제약1우,4980,0,3487,,,,
20250519,000227,유유제약2우B,10090,90,926,,,,
20250519,000230,일동홀딩스,6010,30,50801,,,,
20250519,000240,한국앤컴퍼니,16790,190,87243,,,,
20250519,000270,기아,91500,-500,555859,,,,
20250519,000300,DH오토넥스,4200,0,0,,,,
20250519,000320,노루홀딩스,15120,-150,21539,,,,
20250519,000325,노루홀딩스우,31300,1200,200,,,,
20250519,000370,한화손해보험,4400,150,1091082,,,,
20250519,000390,SP삼화,5850,-60,42912,,,,
20250519,000400,롯데손해보험,1538,10,129580,,,,
20250519,000430,대원강업,3730,-135,59772,,,,
20250519,000480,CR홀딩스,5120,0,4489,,,,
20250519,000490,대동,10760,-140,160498,,,,
20250519,000500,가온전선,36508,56,107710,,,,
20250519,000520,삼일제약,11650,-490,154757,,,,
20250519,000540,흥국화재,3860,-40,2151085,,,,
20250519,000545,흥국화재우,10160,120,2527799,,,,
20250519,000590,CS홀딩스,74700,-1200,1278,,,,
20250519,000640,동아쏘시오홀딩스,97607,1166,11162,,,,
20250519,000650,천일고속,38800,-1300,2022,,,,
20250519,000660,SK하이닉스,199400,-5100,2482673,,,,
20250519,000670,영풍,33369,-1508,37778,,,,
20250519,000680,LS네트웍스,3425,-205,397543,,,,
20250519,000700,유수홀딩스,5460,-20,28680,,,,
20250519,000720,현대건설,45500,900,927339,,,,
20250519,000725,현대건설우,54000,-100,4370,,,,
20250519,000760,이화산업,10830,0,2008,,,,
20250519,000810,삼성화재,371500,1500,70490,,,,
20250519,000815,삼성화재우,277500,1000,6898,,,,
20250519,000850,화천기공,29050,-300,3232,,,,
20250519,000860,강남제비스코,11900,-140,42696,,,,
20250519,000880,한화,61224,-2401,196515,,,,
20250519,00088K,한화3우B,22905,-856,101142,,,,
20250519,000890,보해양조,2550,-30,92966,,,,
20250519,000910,유니온,4730,-90,147715,,,,
20250519,000950,전방,23650,250,1266,,,,
20250519,000970,한국주철관,6820,-100,135376,,,,
20250519,000990,DB하이텍,38550,-1050,148483,,,,
20250519,001020,페이퍼코리아,3900,0,4786,,,,
20250519,001040,CJ,120500,-4000,188997,,,,
20250519,001045,CJ우,71800,-1200,3530,,,,
20250519,00104K,CJ4우(전환),99900,-2700,12772,,,,
20250519,001060,JW중외제약,21300,-350,54735,,,,
20250519,001065,JW중외제약우,28300,-250,103,,,,
20250519,001067,JW중외제약2우B,61000,0,12,,,,
20250519,001070,대한방직,5750,520,419110,,,,
20250519,001080,만호제강,2740,0,12970,,,,
20250519,001120,LX인터내셔널,27600,-350,89084,,,,
20250519,001130,대한제분,13410,10,15030,,,,
20250519,001200,유진투자증권,2720,-75,696318,,,,
20250519,001210,금호전기,5815,-115,33295,,,,
20250519,001230,동국홀딩스,1654,-31,194870,,,,
20250519,001250,GS글로벌,2525,-35,344747,,,,
20250519,001260,남광토건,8090,-10,17777,,,,
20250519,001270,부국증권,30750,800,13336,,,,
20250519,001275,부국증권우,22350,50,4482,,,,
20250519,001290,상상인증권,486,-20,151623,,,,
20250519,001340,PKC,5760,-70,116765,,,,
20250519,001360,삼성제약,1447,-12,160642,,,,
20250519,001380,SG글로벌,3470,-36,134219,,,,
20250519,001390,KG케미칼,3850,-70,164672,,,,
20250519,001420,태원물산,4095,25,2779,,,,
20250519,001430,세아베스틸지주,18470,-160,72669,,,,
20250519,001440,대한전선,12270,140,1166924,,,,
20250519,001450,현대해상,22100,-100,249870,,,,
20250519,001460,BYC,33650,750,3211,,,,
20250519,001465,BYC우,14560,210,4119,,,,
20250519,001470,삼부토건,347,0,0,,,,
20250519,001500,현대차증권,6460,-160,235852,,,,
20250519,001510,SK증권,1003,-34,746141,,,,
20250519,001515,SK증권우,3420,-46,1856,,,,
20250519,001520,동양,1074,-26,207808,,,,
20250519,001525,동양우,8340,-160,2170,,,,
20250519,001527,동양2우B,16200,-220,1352,,,,
20250519,001530,DI동일,35334,0,28803,,,,
20250519,001550,조비,11870,-130,21856,,,,
20250519,001560,제일연마,9350,-40,3640,,,,
20250519,001570,금양,9900,0,0,,,,
20250519,001620,케이비아이동국실업,2525,-45,20985,,,,
20250519,001630,종근당홀딩스,47850,-600,4912,,,,
20250519,001680,대상,21700,-700,258872,,,,
20250519,001685,대상우,16400,0,5458,,,,
20250519,001720,신영증권,101200,-1000,15081,,,,
20250519,001740,SK네트웍스,4005,-35,432169,,,,
20250519,001750,한양증권,14400,-430,31472,,,,
20250519,001755,한양증권우,14870,190,4374,,,,
20250519,001770,SHD,16200,-20,7905,,,,
20250519,001780,알루코,2435,70,685185,,,,
20250519,001790,대한제당,2730,-20,942976,,,,
20250519,001795,대한제당우,2285,-20,244843,,,,
20250519,001800,오리온홀딩스,18770,-120,83830,,,,
20250519,001820,삼화콘덴서,24150,-450,26353,,,,
20250519,001940,KISCO홀딩스,21350,0,14108,,,,
20250519,002020,코오롱,22500,300,46725,,,,
20250519,002025,코오롱우,14220,-250,3124,,,,
20250519,002030,아세아,263000,-5500,1789,,,,
20250519,002070,비비안,18854,-1264,93274,,,,
20250519,002100,경농,9240,-40,13840,,,,
20250519,002140,고려산업,2765,-30,141002,,,,
20250519,002150,도화엔지니어링,6460,-70,12030,,,,
20250519,002170,SYTS,48950,500,1846,,,,
20250519,002200,한국수출포장,2820,20,61976,,,,
20250519,002210,동성제약,2780,0,0,,,,
20250519,002220,한일철강,1998,16,98347,,,,
20250519,002240,고려제강,17000,-120,15156,,,,
20250519,002310,아세아제지,7160,80,179630,,,,
20250519,002320,한진,19550,-70,31792,,,,
20250519,002350,넥센타이어,5960,100,1364287,,,,
20250519,002355,넥센타이어1우B,2985,65,78950,,,,
20250519,002360,SH에너지화학,4380,-30,26800,,,,
20250519,002380,KCC,253500,-5500,12802,,,,
20250519,002390,한독,11270,-100,16313,,,,
20250519,002410,범양건영,1935,0,0,,,,
20250519,002420,세기상사,5000,-60,1885,,,,
20250519,002450,삼익악기,1234,-5,174606,,,,
20250519,002460,HS화성,9750,-230,20520,,,,
20250519,002600,조흥,155100,-2300,52,,,,
20250519,002620,제일파마홀딩스,8030,70,8474,,,,
20250519,002630,오리엔트바이오,2678,-260,2252903,,,,
20250519,002690,동일제강,1474,41,48860,,,,
20250519,002700,신일전자,1520,23,505718,,,,
20250519,002710,TCC스틸,18510,10,117537,,,,
20250519,002720,국제약품,4655,100,1021337,,,,
20250519,002760,보락,1085,-4,236771,,,,
20250519,002780,진흥기업,727,-6,255755,,,,
20250519,002785,진흥기업우B,3435,135,486,,,,
20250519,002787,진흥기업2우B,9700,0,69,,,,
20250519,002790,아모레퍼시픽홀딩스,22350,-350,65311,,,,
20250519,002795,아모레퍼시픽홀딩스우,9390,-210,12498,,,,
20250519,00279K,아모레퍼시픽홀딩스3우C,18260,-250,1454,,,,
20250519,002810,삼영무역,14600,250,13514,,,,
20250519,002820,SUN&L,2940,-55,25118,,,,
20250519,002840,미원상사,181700,-3100,1617,,,,
20250519,002870,신풍,1010,-20,133874,,,,
20250519,002880,디와이에이,986,-22,80784,,,,
20250519,002900,TYM,5530,230,500295,,,,
20250519,002920,유성기업,1969,7,15944,,,,
20250519,002960,한국쉘석유,382000,2500,2414,,,,
20250519,002990,금호건설,2770,-45,37068,,,,
20250519,002995,금호건설우,11920,110,1089,,,,
20250519,003000,부광약품,3679,42,31603,,,,
20250519,003010,혜인,4885,-65,66395,,,,
20250519,003030,세아제강지주,219000,-4500,6474,,,,
20250519,003060,에이프로젠바이오로직스,639,-6,378473,,,,
20250519,003070,코오롱글로벌,8590,-200,23533,,,,
20250519,003075,코오롱글로벌우,15200,60,595,,,,
20250519,003080,SB성보,2555,-5,23435,,,,
20250519,003090,대웅,20450,-50,29651,,,,
20250519,003120,일성아이에스,17140,20,7208,,,,
20250519,003160,디아이,15170,-620,308939,,,,
20250519,003200,일신방직,9360,10,53576,,,,
20250519,003220,대원제약,13290,-120,37847,,,,
20250519,003230,삼양식품,1152000,-28000,69277,,,,
20250519,003240,태광산업,840000,-31000,1093,,,,
20250519,003280,흥아해운,1568,-37,791690,,,,
20250519,003300,한일홀딩스,14150,-220,37643,,,,
20250519,003350,한국화장품제조,9750,-530,480735,,,,
20250519,003460,유화증권,2400,-20,77081,,,,
20250519,003465,유화증권우,2410,0,660,,,,
20250519,003470,유안타증권,3040,-80,482672,,,,
20250519,003475,유안타증권우,3080,-65,51303,,,,
20250519,003480,한진중공업홀딩스,4765,-30,47042,,,,
20250519,003490,대한항공,22300,-50,561968,,,,
20250519,003495,대한항공우,22650,-400,18838,,,,
20250519,003520,영진약품,2170,-85,1454084,,,,
20250519,003530,한화투자증권,3870,-210,2389772,,,,
20250519,003535,한화투자증권우,6360,-160,12882,,,,
20250519,003540,대신증권,19360,-600,107008,,,,
20250519,003545,대신증권우,17140,-450,105816,,,,
20250519,003547,대신증권2우B,16470,-460,80340,,,,
20250519,003550,LG,68200,-400,77165,,,,
20250519,003555,LG우,56900,-100,5245,,,,
20250519,003570,SNT다이내믹스,34900,-50,85558,,,,
20250519,003580,HLB글로벌,2970,-50,41613,,,,
20250519,003610,방림,3960,5,80683,,,,
20250519,003620,KG모빌리티,3305,-75,281140,,,,
20250519,003650,미창석유,101500,-700,1350,,,,
20250519,003670,포스코퓨처엠,111471,3877,377678,,,,
20250519,003680,한성기업,5170,90,46501,,,,
20250519,003690,코리안리,8820,310,573274,,,,
20250519,003720,삼영,3950,-100,136374,,,,
20250519,003780,진양산업,5640,0,111320,,,,
20250519,003830,대한화섬,121700,-400,430,,,,
20250519,003850,보령,8320,-30,95783,,,,
20250519,003920,남양유업,77500,800,18187,,,,
20250519,003925,남양유업우,39100,200,8004,,,,
20250519,003960,사조대림,38400,400,31639,,,,
20250519,004000,롯데정밀화학,36100,0,42819,,,,
20250519,004020,현대제철,24550,-450,201135,,,,
20250519,004060,SG세계물산,3220,-60,49216,,,,
20250519,004080,신흥,14600,0,4161,,,,
20250519,004090,한국석유,12040,-90,42163,,,,
20250519,004100,태양금속,2585,-170,1780212,,,,
20250519,004105,태양금속우,3770,-170,179448,,,,
20250519,004140,동방,2415,-15,408449,,,,
20250519,004150,한솔홀딩스,2510,-60,85976,,,,
20250519,004170,신세계,168700,0,22244,,,,
20250519,004250,NPC,4195,-70,16419,,,,
20250519,004255,NPC우,2400,0,10092,,,,
20250519,004270,남성,8379,-247,4302,,,,
20250519,004310,현대약품,3315,-35,172016,,,,
20250519,004360,세방,12470,-160,39917,,,,
20250519,004365,세방우,8090,-10,4554,,,,
20250519,004370,농심,437000,-17000,29688,,,,
20250519,004380,삼익THK,13000,0,0,,,,
20250519,004410,서울식품,1540,-10,100472,,,,
20250519,004415,서울식품우,12370,120,679,,,,
20250519,004430,송원산업,11660,-110,39138,,,,
20250519,004440,삼일씨엔에스,4330,0,21363,,,,
20250519,004450,삼화왕관,35900,-200,842,,,,
20250519,004490,세방전지,64200,-5300,159811,,,,
20250519,004540,깨끗한나라,2180,-80,264447,,,,
20250519,004545,깨끗한나라우,12310,-540,1613,,,,
20250519,004560,현대비앤지스틸,11330,-290,44399,,,,
20250519,004690,삼천리,106500,1000,48784,,,,
20250519,004700,조광피혁,52800,700,3432,,,,
20250519,004710,한솔테크닉스,4955,-128,201663,,,,
20250519,004720,팜젠사이언스,4060,125,114684,,,,
20250519,004770,써니전자,1679,-21,334709,,,,
20250519,004800,효성,53400,-300,11693,,,,
20250519,004830,덕성,5900,-70,90207,,,,
20250519,004835,덕성우,7770,-80,10085,,,,
20250519,004840,DRB동일,4235,-45,16426,,,,
20250519,004870,티웨이홀딩스,3120,-33,43317,,,,
20250519,004890,동일산업,42800,-750,10735,,,,
20250519,004910,조광페인트,5420,-280,145013,,,,
20250519,004920,씨아이테크,1277,-15,62533,,,,
20250519,004960,한신공영,7720,70,61261,,,,
20250519,004970,신라교역,8880,20,12763,,,,
20250519,004980,성신양회,8710,-200,210233,,,,
20250519,004985,성신양회우,12340,-600,35267,,,,
20250519,004990,롯데지주,24200,450,137941,,,,
20250519,00499K,롯데지주우,27100,-350,432,,,,
20250519,005010,휴스틸,4675,-55,357052,,,,
20250519,005030,부산주공,486,0,0,,,,
20250519,005070,코스모신소재,33850,250,139026,,,,
20250519,005090,SGC에너지,23250,-200,12006,,,,
20250519,005110,한창,1254,0,0,,,,
20250519,005180,빙그레,85100,100,55820,,,,
20250519,005250,녹십자홀딩스,13510,-360,43948,,,,
20250519,005257,녹십자홀딩스2우,19670,350,75,,,,
20250519,005300,롯데칠성,102300,-300,12528,,,,
20250519,005305,롯데칠성우,63800,-100,567,,,,
20250519,005320,온타이드,1068,46,213894,,,,
20250519,005360,모나미,2050,0,24599,,,,
20250519,005380,현대차,191000,-2800,378893,,,,
20250519,005385,현대차우,149700,-2800,71724,,,,
20250519,005387,현대차2우B,151500,-2600,94339,,,,
20250519,005389,현대차3우B,149600,-2900,10171,,,,
20250519,005420,코스모화학,14130,-220,92510,,,,
20250519,005430,한국공항,50900,-500,5060,,,,
20250519,005440,현대지에프홀딩스,6700,150,399625,,,,
20250519,005490,POSCO홀딩스,245500,-2000,155028,,,,
20250519,005500,삼진제약,17430,-20,11544,,,,
20250519,005610,삼립,54200,-2200,54139,,,,
20250519,005680,삼영전자,10650,-30,35576,,,,
20250519,005690,파미셀,10800,-400,355778,,,,
20250519,005720,넥센,5270,20,92022,,,,
20250519,005725,넥센우,3645,5,8029,,,,
20250519,005740,크라운해태홀딩스,6060,-120,41056,,,,
20250519,005745,크라운해태홀딩스우,8360,-240,8683,,,,
20250519,005750,대림바스,4080,-20,22944,,,,
20250519,005800,신영와코루,11180,330,14742,,,,
20250519,005810,풍산홀딩스,29150,0,32925,,,,
20250519,005820,원림,14280,40,1224,,,,
20250519,005830,DB손해보험,96100,-1000,103264,,,,
20250519,005850,에스엘,31050,-950,131192,,,,
20250519,005870,휴니드,8400,0,386773,,,,
20250519,005880,대한해운,1540,-32,1028199,,,,
20250519,005930,삼성전자,55800,-1000,9802105,,,,
20250519,005935,삼성전자우,46100,-600,676562,,,,
20250519,005940,NH투자증권,15580,-470,412969,,,,
20250519,005945,NH투자증권우,14090,-380,81405,,,,
20250519,005950,이수화학,5390,-30,18749,,,,
20250519,005960,동부건설,4500,105,61144,,,,
20250519,005965,동부건설우,20050,0,21,,,,
20250519,006040,동원산업,46300,2600,138355,,,,
20250519,006060,화승인더,4585,-285,507186,,,,
20250519,006090,사조오양,8520,290,33887,,,,
20250519,006110,삼아알미늄,21100,0,33401,,,,
20250519,006120,SK디스커버리,44400,1200,36365,,,,
20250519,006125,SK디스커버리우,35850,-150,38351,,,,
20250519,006200,한국전자홀딩스,3380,-60,14463,,,,
20250519,006220,제주은행,9280,-360,180010,,,,
20250519,006260,LS,145800,-5200,453648,,,,
20250519,006280,녹십자,124900,1700,24561,,,,
20250519,006340,대원전선,2875,-45,1055219,,,,
20250519,006345,대원전선우,3875,-65,28853,,,,
20250519,006360,GS건설,19220,20,460727,,,,
20250519,006370,대구백화점,6810,-360,37721,,,,
20250519,006380,카프로,3660,0,0,,,,
20250519,006400,삼성SDI,169400,4700,490511,,,,
20250519,006405,삼성SDI우,103000,1600,6078,,,,
20250519,006490,프리티,6900,-275,146207,,,,
20250519,006570,대림통상,2450,-20,8705,,,,
20250519,006650,대한유화,81700,-400,26292,,,,
20250519,006660,삼성공조,15570,-710,407418,,,,
20250519,006740,블루산업개발,2299,-19,33720,,,,
20250519,006800,미래에셋증권,12724,-279,1797981,,,,
20250519,006805,미래에셋증권우,5410,-138,83908,,,,
20250519,00680K,미래에셋증권2우B,4881,-142,1223609,,,,
20250519,006840,AK홀딩스,10590,-40,2565,,,,
20250519,006880,신송홀딩스,7140,0,97044,,,,
20250519,006890,태경케미컬,11220,-360,51830,,,,
20250519,006980,우성,16350,-210,3187,,,,
20250519,007070,GS리테일,13810,-50,133274,,,,
20250519,007110,일신석재,2210,5,1429533,,,,
20250519,007120,미래아이앤지,1008,-73,279724,,,,
20250519,007160,사조산업,41500,2800,83774,,,,
20250519,007210,벽산,2325,-30,111378,,,,
20250519,007280,한국특강,3330,-34,8427,,,,
20250519,007310,오뚜기,391500,-11500,5979,,,,
20250519,007340,DN오토모티브,20600,-450,90021,,,,
20250519,007460,에이프로젠,655,-13,1353470,,,,
20250519,007540,샘표,41650,250,1868,,,,
20250519,007570,일양약품,14342,-123,53837,,,,
20250519,007575,일양약품우,14578,59,125,,,,
20250519,007590,동방아그로,6120,-10,3023,,,,
20250519,007610,선도전기,3000,0,0,,,,
20250519,007660,이수페타시스,40100,-1300,1083764,,,,
20250519,007690,국도화학,32550,150,11184,,,,
20250519,007700,F&F홀딩스,12950,150,9389,,,,
20250519,007810,코리아써키트,9910,-310,61454,,,,
20250519,007815,코리아써우,5800,-150,3843,,,,
20250519,00781K,코리아써키트2우B,5440,-60,32,,,,
20250519,007860,서연,8110,700,459199,,,,
20250519,007980,TP,1333,1,155157,,,,
20250519,008040,사조동아원,1064,-9,2984059,,,,
20250519,008060,대덕,7530,0,72554,,,,
20250519,00806K,대덕1우,7660,10,159,,,,
20250519,008250,이건산업,5390,-20,23079,,,,
20250519,008260,NI스틸,3410,-55,42500,,,,
20250519,008350,남선알미늄,1236,-4,538748,,,,
20250519,008355,남선알미우,13050,-190,1141,,,,
20250519,008420,문배철강,2275,-40,52016,,,,
20250519,008490,서흥,16030,110,30122,,,,
20250519,008600,윌비스,5957,-1365,512902,,,,
20250519,008700,아남전자,1416,-18,498286,,,,
20250519,008730,율촌화학,30300,1500,273864,,,,
20250519,008770,호텔신라,46400,2400,502211,,,,
20250519,008775,호텔신라우,33650,50,8982,,,,
20250519,008870,금비,56300,1700,3616,,,,
20250519,008930,한미사이언스,36500,50,278570,,,,
20250519,008970,KBI동양철관,2439,-102,3210724,,,,
20250519,009070,KCTC,3910,-10,56963,,,,
20250519,009140,경인전자,19590,190,1660,,,,
20250519,009150,삼성전기,120700,-1900,131104,,,,
20250519,009155,삼성전기우,54900,-800,7741,,,,
20250519,009160,SIMPAC,4300,30,117771,,,,
20250519,009180,한솔로지스틱스,2215,-25,58878,,,,
20250519,009190,대양금속,1705,5,185019,,,,
20250519,009200,무림페이퍼,2070,-15,115222,,,,
20250519,009240,한샘,41150,-400,9391,,,,
20250519,009270,신원,1748,53,1529289,,,,
20250519,009290,광동제약,5440,-30,16393,,,,
20250519,009310,참엔지니어링,1355,45,56349,,,,
20250519,009320,아진전자부품,998,-10,52750,,,,
20250519,009410,태영건설,2525,-15,226178,,,,
20250519,009415,태영건설우,5730,270,141119,,,,
20250519,009420,한올바이오파마,25700,-650,132043,,,,
20250519,009440,KC그린홀딩스,756,0,0,,,,
20250519,009450,경동나비엔,76300,-1500,31430,,,,
20250519,009460,한창제지,3590,-50,21970,,,,
20250519,009470,삼화전기,27250,-950,57876,,,,
20250519,009540,HD한국조선해양,288000,1000,116261,,,,
20250519,009580,무림P&P,2805,-30,84242,,,,
20250519,009680,모토닉,9470,10,124377,,,,
20250519,009770,삼정펄프,26500,-50,5275,,,,
20250519,009810,MDS스피어,3065,0,12479,,,,
20250519,009830,한화솔루션,36833,613,3366536,,,,
20250519,009835,한화솔루션우,27953,948,133628,,,,
20250519,009900,명신산업,8170,-60,61176,,,,
20250519,009970,영원무역홀딩스,106200,-500,14607,,,,
20250519,010040,한국내화,2345,-45,13959,,,,
20250519,010060,OCI홀딩스,76700,-600,170769,,,,
20250519,010100,한국무브넥스,4100,55,199842,,,,
20250519,010120,LS ELECTRIC,46700,-1900,1019630,,,,
20250519,010130,고려아연,794000,-27000,13147,,,,
20250519,010140,삼성중공업,14300,-250,4276119,,,,
20250519,010400,우진아이엔에스,2650,-20,2404,,,,
20250519,010580,에스엠벡셀,1223,-1,28209,,,,
20250519,010640,진양폴리,3470,-8,45737,,,,
20250519,010660,화천기계,4165,-30,223274,,,,
20250519,010690,화신,7970,-130,123068,,,,
20250519,010770,평화홀딩스,7000,-1300,2036148,,,,
20250519,010780,아이에스동서,18260,-620,27101,,,,
20250519,010820,퍼스텍,3580,-55,370316,,,,
20250519,010950,S-Oil,51200,-100,107425,,,,
20250519,010955,S-Oil우,35000,-200,6118,,,,
20250519,010960,삼호개발,3370,-90,153357,,,,
20250519,011000,진원생명과학,13300,2225,3490113,,,,
20250519,011070,LG이노텍,143600,-3900,64509,,,,
20250519,011090,에넥스,3555,-235,162781,,,,
20250519,011150,CJ씨푸드,3020,-5,212354,,,,
20250519,011155,CJ씨푸드1우,17600,200,766,,,,
20250519,011170,롯데케미칼,57700,-600,110679,,,,
20250519,011200,HMM,22550,-400,1788049,,,,
20250519,011210,현대위아,41000,-1250,56625,,,,
20250519,011230,삼화전자,4240,-40,28254,,,,
20250519,011280,태림포장,2150,0,641791,,,,
20250519,011300,우성머티리얼스,4990,320,135362,,,,
20250519,011330,유니켐,15480,-370,21749,,,,
20250519,011390,부산산업,100400,1800,13186,,,,
20250519,011420,갤럭시아에스엠,2260,-40,327319,,,,
20250519,011500,한농화성,14130,0,72259,,,,
20250519,011690,와이투솔루션,2820,-60,377052,,,,
20250519,011700,한신기계,2890,-100,212686,,,,
20250519,011760,현대코퍼레이션,22900,200,33257,,,,
20250519,011780,금호석유화학,110100,1000,95250,,,,
20250519,011785,금호석유화학우,52600,1300,10220,,,,
20250519,011790,SKC,90797,-1974,173928,,,,
20250519,011810,STX,3180,-45,40283,,,,
20250519,011930,신성이엔지,14410,-290,824337,,,,
20250519,012030,DB,1255,-15,139408,,,,
20250519,012160,영흥,2405,-135,112950,,,,
20250519,012170,아센디오,3965,-60,56360,,,,
20250519,012200,계양전기,1387,6,9879,,,,
20250519,012205,계양전기우,3611,-29,3045,,,,
20250519,012280,영화금속,838,-26,178150,,,,
20250519,012320,경동인베스트,54900,-1700,7773,,,,
20250519,012330,현대모비스,249500,-5500,89127,,,,
20250519,012450,한화에어로스페이스,826168,-1969,111228,,,,
20250519,012610,경인양행,3190,-90,43363,,,,
20250519,012630,HDC,19250,-10,168001,,,,
20250519,012690,모나리자,2770,-20,212868,,,,
20250519,012750,에스원,66300,-1100,23717,,,,
20250519,012800,대창,1271,-19,506195,,,,
20250519,013000,세우글로벌,1169,-16,142143,,,,
20250519,013360,일성건설,2415,-210,1128352,,,,
20250519,013520,화승코퍼레이션,1969,4,58664,,,,
20250519,013570,디와이,4050,-30,61556,,,,
20250519,013580,계룡건설,19760,-1140,436848,,,,
20250519,013700,까뮤이앤씨,1157,-6,66705,,,,
20250519,013870,지엠비코리아,3790,-100,36888,,,,
20250519,013890,지누스,17730,-360,43237,,,,
20250519,014130,한익스프레스,3390,5,8341,,,,
20250519,014160,대영포장,1282,-108,6533524,,,,
20250519,014280,금강공업,4450,-50,92603,,,,
20250519,014285,금강공업우,6780,80,306,,,,
20250519,014440,영보화학,4360,-25,151486,,,,
20250519,014530,극동유화,3395,-15,49918,,,,
20250519,014580,태경비케이,4550,-15,99938,,,,
20250519,014680,한솔케미칼,128100,4100,72058,,,,
20250519,014710,사조씨푸드,5540,160,129085,,,,
20250519,014790,HL D&I,2365,-55,60471,,,,
20250519,014820,동원시스템즈,30100,-400,16815,,,,
20250519,014825,동원시스템즈우,17660,240,127,,,,
20250519,014830,유니드,91900,-600,35203,,,,
20250519,014910,성문전자,1177,5,80073,,,,
20250519,014915,성문전자우,4570,35,1651,,,,
20250519,014990,인디에프,4700,95,45003,,,,
20250519,015020,이스타코,2242,-194,823072,,,,
20250519,015230,대창단조,5340,40,71591,,,,
20250519,015260,에이엔피,445,-4,39860,,,,
20250519,015360,INVENI,10040,-200,32765,,,,
20250519,015590,DKME,2575,0,0,,,,
20250519,015760,한국전력,28400,400,5979148,,,,
20250519,015860,일진홀딩스,4145,100,169980,,,,
20250519,015890,태경산업,4855,-65,35596,,,,
20250519,016090,대현,1885,-34,247521,,,,
20250519,016360,삼성증권,53500,-900,239702,,,,
20250519,016380,KG스틸,5720,-50,59233,,,,
20250519,016450,한세예스24홀딩스,3750,-35,5858,,,,
20250519,016580,환인제약,11340,-130,12206,,,,
20250519,016590,신대양제지,8200,0,17480,,,,
20250519,016610,DB증권,6300,-160,67815,,,,
20250519,016710,대성홀딩스,8120,230,104127,,,,
20250519,016740,두올,3155,-30,50282,,,,
20250519,016800,퍼시스,43400,-600,702,,,,
20250519,016880,웅진,1713,-1,1619624,,,,
20250519,017040,광명전기,1544,-97,579067,,,,
20250519,017180,명문제약,1636,-31,36376,,,,
20250519,017370,우신시스템,7400,-30,186320,,,,
20250519,017390,서울가스,53700,200,15476,,,,
20250519,017550,수산세보틱스,1824,-28,71278,,,,
20250519,017670,SK텔레콤,51200,-1000,932424,,,,
20250519,017800,현대엘리베이터,74400,1300,123006,,,,
20250519,017810,풀무원,12820,-110,83549,,,,
20250519,017860,DS단석,23965,-1040,93081,,,,
20250519,017900,광전자,1837,-7,29207,,,,
20250519,017940,E1,68200,200,14604,,,,
20250519,017960,한국카본,20900,500,663561,,,,
20250519,018250,애경산업,14080,-70,37601,,,,
20250519,018260,삼성에스디에스,132800,3400,170737,,,,
20250519,018470,조일알미늄,1580,-3,608888,,,,
20250519,018500,동원모빌리티,1442,-38,282349,,,,
20250519,018670,SK가스,212500,-3000,12033,,,,
20250519,018880,한온시스템,3141,-75,708349,,,,
20250519,019170,신풍제약,7850,400,309108,,,,
20250519,019175,신풍제약우,12230,560,14838,,,,
20250519,019180,티에이치엔,2815,-25,115469,,,,
20250519,019490,엑시큐어하이트론,975,88,4131209,,,,
20250519,019680,대교,2315,-15,36626,,,,
20250519,019685,대교우B,1302,-15,16239,,,,
20250519,020000,한섬,15130,-310,62951,,,,
20250519,020120,키다리스튜디오,3300,-75,129950,,,,
20250519,020150,롯데에너지머티리얼즈,21100,100,97102,,,,
20250519,020560,아시아나항공,9530,-100,33942,,,,
20250519,020760,일진디스플,734,-8,15298,,,,
20250519,021050,서원,1174,-32,200854,,,,
20250519,021240,코웨이,94800,-2900,159978,,,,
20250519,021820,세원정공,8560,-90,20353,,,,
20250519,022100,포스코DX,22150,-350,239240,,,,
20250519,023000,삼원강재,2470,0,11973,,,,
20250519,023150,MH에탄올,5050,20,4425,,,,
20250519,023350,한국종합기술,5460,-210,67993,,,,
20250519,023450,동남합성,33850,-100,1394,,,,
20250519,023530,롯데쇼핑,74300,-300,52781,,,,
20250519,023590,다우기술,23300,-450,108286,,,,
20250519,023800,인지컨트롤스,5960,-110,31340,,,,
20250519,023810,인팩,5650,-230,12724,,,,
20250519,023960,에쓰씨엔지니어링,1235,1,70300,,,,
20250519,024070,WISCOM,1843,-35,9654,,,,
20250519,024090,디씨엠,12610,-100,10012,,,,
20250519,024110,기업은행,15310,-150,693672,,,,
20250519,024720,콜마홀딩스,10920,1370,2322798,,,,
20250519,024890,대원화성,4500,-5,2953,,,,
20250519,024900,디와이덕양,2650,-30,67884,,,,
20250519,025000,KPX케미칼,41740,-94,7842,,,,
20250519,025530,SJM홀딩스,3365,5,6521,,,,
20250519,025540,한국단자,59900,-2400,46275,,,,
20250519,025560,미래산업,2269,-101,233225,,,,
20250519,025620,차AI헬스케어,8020,320,55264,,,,
20250519,025750,한솔홈데코,3625,-95,240625,,,,
20250519,025820,이구산업,4160,-115,171593,,,,
20250519,025860,남해화학,7210,160,250791,,,,
20250519,025890,한국주강,1795,-17,28011,,,,
20250519,026890,스틱인베스트먼트,10600,-100,74913,,,,
20250519,026940,부국철강,2340,-15,47620,,,,
20250519,026960,동서,24450,-650,40052,,,,
20250519,027410,BGF,3630,-55,233633,,,,
20250519,027740,마니커,2220,512,12595725,,,,
20250519,027970,한국제지,4120,-25,16023,,,,
20250519,028050,삼성E&A,19790,-360,389290,,,,
20250519,028100,동아지질,14850,10,73998,,,,
20250519,028260,삼성물산,122400,-1500,188011,,,,
20250519,02826K,삼성물산우B,92100,-400,2471,,,,
20250519,028670,팬오션,3655,20,1213427,,,,
20250519,029460,케이씨,21150,550,61352,,,,
20250519,029530,신도리코,42500,-750,10307,,,,
20250519,029780,삼성카드,41400,-600,40419,,,,
20250519,030000,제일기획,18160,-250,150126,,,,
20250519,030190,NICE평가정보,14090,-390,57204,,,,
20250519,030200,KT,52000,600,206552,,,,
20250519,030210,다올투자증권,3155,-95,112291,,,,
20250519,030610,교보증권,7120,-170,142060,,,,
20250519,030720,동원수산,5610,-40,20834,,,,
20250519,031210,서울보증보험,34350,-50,102339,,,,
20250519,031430,신세계인터내셔날,9990,10,59021,,,,
20250519,031820,아이티센씨티에스,6040,30,35102,,,,
20250519,032350,롯데관광개발,11100,-200,308162,,,,
20250519,032560,황금에스티,5510,90,32489,,,,
20250519,032640,LG유플러스,12820,-110,1705020,,,,
20250519,032830,삼성생명,89000,4700,435000,,,,
20250519,033240,자화전자,12070,-380,55499,,,,
20250519,033250,체시스,5555,-20,46977,,,,
20250519,033270,유나이티드제약,19000,-170,37789,,,,
20250519,033530,SJG세종,4340,-65,62044,,,,
20250519,033780,KT&G,118000,-1700,265046,,,,
20250519,033920,무학,7250,0,48410,,,,
20250519,034020,두산에너빌리티,34600,300,9332808,,,,
20250519,034120,SBS,23750,0,130057,,,,
20250519,034220,LG디스플레이,8340,-230,526253,,,,
20250519,034230,파라다이스,13350,160,366912,,,,
20250519,034310,NICE,11340,-160,22511,,,,
20250519,034590,인천도시가스,24900,0,3256,,,,
20250519,034730,SK,138700,1600,143607,,,,
20250519,03473K,SK우,122500,-200,880,,,,
20250519,034830,한국토지신탁,1094,2,335096,,,,
20250519,035000,HS애드,7020,-10,30034,,,,
20250519,035150,백산,14700,780,74908,,,,
20250519,035250,강원랜드,16810,-230,329565,,,,
20250519,035420,NAVER,185400,-2400,262018,,,,
20250519,035510,신세계 I&C,12030,-450,114589,,,,
20250519,035720,카카오,36450,-950,1389926,,,,
20250519,036420,콘텐트리중앙,9480,310,69302,,,,
20250519,036460,한국가스공사,36600,-100,226453,,,,
20250519,036530,SNT홀딩스,38850,-550,27788,,,,
20250519,036570,NC,157600,-4100,76548,,,,
20250519,036580,팜스코,2245,-25,80842,,,,
20250519,037270,YG PLUS,5630,-90,569803,,,,
20250519,037560,LG헬로비전,2590,20,1091920,,,,
20250519,037710,광주신세계,27900,-100,11014,,,,
20250519,039130,하나투어,49250,-750,56971,,,,
20250519,039490,키움증권,143500,-4700,74598,,,,
20250519,039570,HDC랩스,8760,-30,3293,,,,
20250519,041650,상신브레이크,3005,15,41584,,,,
20250519,042660,한화오션,78900,-2300,1732321,,,,
20250519,042700,한미반도체,85700,-5800,1988844,,,,
20250519,044380,주연테크,1615,-30,24258,,,,
20250519,044450,KSS해운,9500,100,85549,,,,
20250519,044820,코스맥스비티아이,12860,120,22603,,,,
20250519,047040,대우건설,3670,-15,1306214,,,,
20250519,047050,포스코인터내셔널,48600,1750,548132,,,,
20250519,047400,유니온머티리얼,1650,-45,341938,,,,
20250519,047810,한국항공우주,89400,-700,745386,,,,
20250519,049800,우진플라임,2060,0,22884,,,,
20250519,051600,한전KPS,40500,-1300,172331,,,,
20250519,051630,진양화학,2055,25,119082,,,,
20250519,051900,LG생활건강,312000,-4000,16335,,,,
20250519,051905,LG생활건강우,124200,-300,3814,,,,
20250519,051910,LG화학,195800,2200,333557,,,,
20250519,051915,LG화학우,99700,700,20359,,,,
20250519,052690,한전기술,62700,-2400,251804,,,,
20250519,053210,스카이라이프,4315,-60,96853,,,,
20250519,053690,한미글로벌,15950,-330,47354,,,,
20250519,055490,테이팩스,13560,-180,11035,,,,
20250519,055550,신한지주,52100,300,761439,,,,
20250519,058430,포스코스틸리온,3690,-75,103100,,,,
20250519,058650,세아홀딩스,95000,-100,323,,,,
20250519,058730,다스코,3030,0,331449,,,,
20250519,058850,KTcs,2825,-50,300823,,,,
20250519,058860,KTis,2860,-60,397257,,,,
20250519,060980,HL홀딩스,37200,-500,36775,,,,
20250519,062040,산일전기,64800,1900,426540,,,,
20250519,063160,종근당바이오,22150,-150,17271,,,,
20250519,064350,현대로템,109000,-4900,838060,,,,
20250519,064400,LG씨엔에스,54700,-400,155191,,,,
20250519,064960,SNT모티브,29950,0,90792,,,,
20250519,066570,LG전자,70300,-1000,218924,,,,
20250519,066575,LG전자우,34900,-500,42967,,,,
20250519,066970,엘앤에프,60000,500,185244,,,,
20250519,067830,세이브존I&C,2430,-50,42909,,,,
20250519,068270,셀트리온,141387,0,487651,,,,
20250519,068290,삼성출판사,17120,-30,33854,,,,
20250519,069260,TKG휴켐스,16080,-60,25701,,,,
20250519,069460,대호에이엘,8720,120,57839,,,,
20250519,069620,대웅제약,138700,-3500,16566,,,,
20250519,069640,한세엠케이,2520,-246,1499382,,,,
20250519,069730,DSR제강,3550,-100,31580,,,,
20250519,069960,현대백화점,65700,-100,43030,,,,
20250519,070960,모나용평,4265,-20,135805,,,,
20250519,071050,한국금융지주,94600,100,186950,,,,
20250519,071055,한국금융지주우,70300,-400,22807,,,,
20250519,071090,하이스틸,3875,-150,340077,,,,
20250519,071320,지역난방공사,66700,-1800,31872,,,,
20250519,071840,롯데하이마트,7410,-40,11477,,,,
20250519,071950,코아스,9300,-110,29572,,,,
20250519,071970,HD현대마린엔진,39750,250,284192,,,,
20250519,072130,유엔젤,5310,-30,367891,,,,
20250519,072710,농심홀딩스,71700,200,10525,,,,
20250519,073240,금호타이어,4445,-365,1578459,,,,
20250519,074610,이엔플러스,5110,0,0,,,,
20250519,075180,새론오토모티브,3270,-20,6795,,,,
20250519,075580,세진중공업,9410,130,396297,,,,
20250519,077500,유니퀘스트,6060,-90,68533,,,,
20250519,077970,STX엔진,23450,-400,146951,,,,
20250519,078000,텔코웨어,12750,2940,606162,,,,
20250519,078520,에이블씨엔씨,6850,-130,82057,,,,
20250519,078930,GS,39200,200,89313,,,,
20250519,078935,GS우,37750,-400,5566,,,,
20250519,079160,CJ CGV,4710,-70,176728,,,,
20250519,079430,현대리바트,7560,-170,22750,,,,
20250519,079550,LIG디펜스앤에어로스페이스,402000,-3000,103685,,,,
20250519,079900,전진건설로봇,51800,1600,191371,,,,
20250519,079980,휴비스,2990,-40,90326,,,,
20250519,081000,일진다이아,12190,-290,9549,,,,
20250519,081660,미스토홀딩스,37050,-350,144498,,,,
20250519,082640,동양생명,5470,-60,133326,,,,
20250519,082740,한화엔진,28300,-600,578252,,,,
20250519,083420,그린케미칼,8180,-280,279644,,,,
20250519,084010,대한제강,10729,-47,33813,,,,
20250519,084670,동양고속,7610,210,5697,,,,
20250519,084680,이월드,1429,-44,755918,,,,
20250519,084690,대상홀딩스,9320,10,201209,,,,
20250519,084695,대상홀딩스우,14610,20,7396,,,,
20250519,084870,TBH글로벌,1181,18,26560,,,,
20250519,085310,엔케이,8380,-160,21302,,,,
20250519,085620,미래에셋생명,5440,-70,64940,,,,
20250519,086280,현대글로비스,111400,-1200,192159,,,,
20250519,086790,하나금융지주,66400,400,538450,,,,
20250519,088260,이리츠코크렙,4720,-15,19281,,,,
20250519,088350,한화생명,2600,-5,970209,,,,
20250519,088790,진도,2005,-25,48467,,,,
20250519,088980,맥쿼리인프라,11490,-80,470891,,,,
20250519,089470,HDC현대EP,3685,-65,27728,,,,
20250519,089590,제주항공,6840,-170,126285,,,,
20250519,089860,롯데렌탈,30600,-150,56467,,,,
20250519,090080,평화산업,1310,-151,4377392,,,,
20250519,090350,노루페인트,8080,110,85861,,,,
20250519,090355,노루페인트우,13100,350,1310,,,,
20250519,090370,메타랩스,1406,-35,31773,,,,
20250519,090430,아모레퍼시픽,121300,-1800,163997,,,,
20250519,090435,아모레퍼시픽우,38300,-550,10357,,,,
20250519,090460,비에이치,12790,-310,115399,,,,
20250519,091810,트리니티항공,1991,-42,433816,,,,
20250519,092200,디아이씨,4725,-180,309154,,,,
20250519,092220,KEC,3605,-95,70567,,,,
20250519,092230,KPX홀딩스,61700,800,4435,,,,
20250519,092440,기신정기,2460,-70,9020,,,,
20250519,092780,DYP,4605,10,6706,,,,
20250519,092790,넥스틸,13310,80,288533,,,,
20250519,093050,LF,15150,-150,21814,,,,
20250519,093240,형지엘리트,1823,-140,1429914,,,,
20250519,093370,후성,4095,-35,162686,,,,
20250519,094280,효성ITX,12150,40,4154,,,,
20250519,094800,맵스리얼티,4385,-15,44361,,,,
20250519,095570,AJ네트웍스,3620,-50,179760,,,,
20250519,095720,웅진씽크빅,3444,114,310551,,,,
20250519,096760,JW홀딩스,3090,-15,44959,,,,
20250519,096770,SK이노베이션,87700,300,231502,,,,
20250519,096775,SK이노베이션우,62100,0,3032,,,,
20250519,097230,HJ중공업,7120,-220,904869,,,,
20250519,097520,엠씨넥스,27100,500,81136,,,,
20250519,097950,CJ제일제당,226500,-3000,74026,,,,
20250519,097955,CJ제일제당 우,136100,-700,3250,,,,
20250519,100090,SK오션플랜트,20450,750,1908043,,,,
20250519,100220,비상교육,5420,-160,419892,,,,
20250519,100250,진양홀딩스,2920,-24,52620,,,,
20250519,100840,SNT에너지,38950,-1450,171990,,,,
20250519,101140,인바이오젠,13650,-210,30064,,,,
20250519,101530,해태제과식품,6490,-140,81815,,,,
20250519,102260,동성케미컬,3849,-114,179847,,,,
20250519,102460,이연제약,10720,-190,21066,,,,
20250519,103140,풍산,57300,-1000,89257,,,,
20250519,103590,일진전기,28400,-500,814606,,,,
20250519,104700,한국철강,8920,250,84543,,,,
20250519,105560,KB금융,95000,1400,971610,,,,
20250519,105630,한세실업,10230,-400,132390,,,,
20250519,105840,우진,8310,160,732636,,,,
20250519,107590,미원홀딩스,73800,0,145,,,,
20250519,108320,LX세미콘,61200,-700,41501,,,,
20250519,108670,LX하우시스,28650,-600,12367,,,,
20250519,108675,LX하우시스우,17910,-90,2362,,,,
20250519,109070,주성코퍼레이션,962,33,490043,,,,
20250519,111110,호전실업,8100,100,29858,,,,
20250519,111380,동인기연,15580,-570,23949,,,,
20250519,111770,영원무역,53400,300,40601,,,,
20250519,112610,씨에스윈드,49100,250,981906,,,,
20250519,114090,GKL,13310,150,283744,,,,
20250519,117580,대성에너지,7510,-60,31669,,,,
20250519,118000,메타케어,3150,-20,37030,,,,
20250519,119650,KC코트렐,918,0,0,,,,
20250519,120030,조선선재,97100,-2500,2307,,,,
20250519,120110,코오롱인더,29900,-600,59034,,,,
20250519,120115,코오롱인더우,20200,-100,5103,,,,
20250519,122900,아이마켓코리아,8000,-10,14690,,,,
20250519,123690,한국화장품,6720,-80,116972,,,,
20250519,123700,SJM,3085,-15,23232,,,,
20250519,123890,한국자산신탁,2380,-20,129002,,,,
20250519,126560,현대퓨처넷,3190,-5,75235,,,,
20250519,126720,수산인더스트리,21250,0,117515,,,,
20250519,128820,대성산업,3515,0,0,,,,
20250519,128940,한미약품,286000,-7000,52316,,,,
20250519,129260,인터지스,2595,-15,174100,,,,
20250519,130660,한전산업,11930,-380,718800,,,,
20250519,133820,화인베스틸,805,-6,95904,,,,
20250519,134380,미원화학,7800,0,4210,,,,
20250519,134790,시디즈,27000,-1600,21399,,,,
20250519,136490,선진,8040,-30,446126,,,,
20250519,137310,에스디바이오센서,10090,60,462393,,,,
20250519,138040,메리츠금융지주,111400,-1400,227357,,,,
20250519,138930,BNK금융지주,10340,-160,501813,,,,
20250519,139130,iM금융지주,10490,-20,293766,,,,
20250519,139480,이마트,83800,-700,139300,,,,
20250519,139990,아주스틸,3830,0,11887,,,,
20250519,143210,핸즈코퍼레이션,1582,-1,2521,,,,
20250519,145210,다이나믹디자인,10010,-350,8050,,,,
20250519,145270,케이탑리츠,941,0,107990,,,,
20250519,145720,덴티움,62400,-1000,26160,,,,
20250519,145990,삼양사,48400,0,10202,,,,
20250519,145995,삼양사우,31000,-300,429,,,,
20250519,155660,DSR,3710,-60,20497,,,,
20250519,161000,애경케미칼,10560,650,1218401,,,,
20250519,161390,한국타이어앤테크놀로지,40050,-100,636422,,,,
20250519,161890,한국콜마,82800,0,88269,,,,
20250519,163560,동일고무벨트,7300,-60,51315,,,,
20250519,170900,동아에스티,43680,-1336,15719,,,,
20250519,175330,JB금융지주,17490,-380,252133,,,,
20250519,178920,PI첨단소재,17500,-500,126741,,,,
20250519,180640,한진칼,114700,-8000,320864,,,,
20250519,18064K,한진칼우,36750,-8750,414980,,,,
20250519,181710,NHN,19400,-520,71546,,,,
20250519,183190,아세아시멘트,11400,180,129282,,,,
20250519,185750,종근당,80500,-1300,12518,,,,
20250519,192080,더블유게임즈,49700,-1500,78274,,,,
20250519,192400,쿠쿠홀딩스,28500,400,32723,,,,
20250519,192650,드림텍,5990,110,165672,,,,
20250519,192820,코스맥스,205000,-5000,60641,,,,
20250519,194370,제이에스코퍼레이션,8330,-290,127033,,,,
20250519,195870,해성디에스,19200,-250,84143,,,,
20250519,200880,서연이화,11180,-80,70618,,,,
20250519,204320,HL만도,35100,-1000,273658,,,,
20250519,207940,삼성바이오로직스,1512953,38266,53046,,,,
20250519,210540,디와이파워,12110,210,29748,,,,
20250519,210980,SK디앤디,8390,-120,42665,,,,
20250519,213500,한솔제지,8280,-70,43774,,,,
20250519,214320,이노션,17510,-340,83188,,,,
20250519,214330,금호에이치티,17599,-190,16738,,,,
20250519,214390,경보제약,5210,-80,13990,,,,
20250519,214420,토니모리,8540,-460,360830,,,,
20250519,226320,잇츠한불,11700,-160,13149,,,,
20250519,227840,현대코퍼레이션홀딩스,11190,40,36214,,,,
20250519,229640,LS에코에너지,33500,-1500,189990,,,,
20250519,234080,JW생명과학,11530,-230,42792,,,,
20250519,241560,두산밥캣,46650,-100,200635,,,,
20250519,241590,화승엔터프라이즈,7860,-130,101052,,,,
20250519,244920,에이플러스에셋,5210,-90,65348,,,,
20250519,248070,솔루엠,15760,50,165474,,,,
20250519,248170,샘표식품,26050,-350,14718,,,,
20250519,249420,일동제약,11520,90,54415,,,,
20250519,251270,넷마블,51200,-1800,219968,,,,
20250519,259960,크래프톤,370500,-12000,111417,,,,
20250519,264900,크라운제과,8260,-90,31988,,,,
20250519,26490K,크라운제과우,9710,-120,4043,,,,
20250519,267250,HD현대,82900,700,139263,,,,
20250519,267260,HD현대일렉트릭,350500,-14500,211217,,,,
20250519,267270,HD건설기계,72800,1700,96612,,,,
20250519,267290,경동도시가스,18290,130,15821,,,,
20250519,267850,아시아나IDT,11590,0,7870,,,,
20250519,268280,미원에스씨,156700,1100,1342,,,,
20250519,271560,오리온,122200,-900,89888,,,,
20250519,271940,일진하이솔루스,13120,-660,59349,,,,
20250519,271980,제일약품,12040,40,19946,,,,
20250519,272210,한화시스템,45300,-2050,2592855,,,,
20250519,272450,진에어,8980,-80,53758,,,,
20250519,272550,삼양패키징,13300,-130,22928,,,,
20250519,278470,에이피알,113800,1200,427932,,,,
20250519,280360,롯데웰푸드,112000,-1200,6623,,,,
20250519,281820,케이씨텍,26900,-900,75502,,,,
20250519,282330,BGF리테일,100300,800,29091,,,,
20250519,284740,쿠쿠홈시스,25250,-100,47342,,,,
20250519,285130,SK케미칼,53700,500,116243,,,,
20250519,28513K,SK케미칼우,22450,50,9164,,,,
20250519,286940,롯데이노베이트,18620,10,4778,,,,
20250519,293480,하나제약,11200,-60,13279,,,,
20250519,293940,신한알파리츠,5770,30,119047,,,,
20250519,294870,IPARK현대산업개발,24450,-400,192132,,,,
20250519,298000,효성화학,77800,0,0,,,,
20250519,298020,효성티앤씨,239000,-11500,15566,,,,
20250519,298040,효성중공업,573000,-12000,69629,,,,
20250519,298050,HS효성첨단소재,196900,-6100,9885,,,,
20250519,298690,에어부산,2065,-45,219856,,,,
20250519,300720,한일시멘트,16980,-60,82289,,,,
20250519,302440,SK바이오사이언스,41600,1500,281414,,,,
20250519,306200,세아제강,164600,-3000,10844,,,,
20250519,307950,현대오토에버,134200,-1000,36187,,,,
20250519,308170,씨티알모빌리티,6250,50,5253,,,,
20250519,316140,우리금융지주,17840,-200,947128,,,,
20250519,317400,자이에스앤디,3405,-130,28718,,,,
20250519,322000,HD현대에너지솔루션,50700,4200,1712465,,,,
20250519,323410,카카오뱅크,22400,-850,497510,,,,
20250519,326030,SK바이오팜,89200,-1500,81791,,,,
20250519,329180,HD현대중공업,423500,4000,119043,,,,
20250519,330590,롯데리츠,3615,-30,115184,,,,
20250519,334890,이지스밸류플러스리츠,4667,5,107183,,,,
20250519,336260,두산퓨얼셀,17400,-620,506269,,,,
20250519,33626K,두산퓨얼셀1우,4710,-160,45933,,,,
20250519,33626L,두산퓨얼셀2우B,8110,-250,10493,,,,
20250519,336370,솔루스첨단소재,7850,-160,127493,,,,
20250519,33637K,솔루스첨단소재1우,1716,-30,34506,,,,
20250519,33637L,솔루스첨단소재2우B,4095,-35,17774,,,,
20250519,338100,NH프라임리츠,4590,-10,25600,,,,
20250519,339770,교촌에프앤비,5090,-120,269040,,,,
20250519,344820,KCC글라스,29800,-100,18558,,,,
20250519,348950,제이알글로벌리츠,2730,-25,185347,,,,
20250519,350520,이지스레지던스리츠,4220,-40,20182,,,,
20250519,352820,하이브,270000,-4500,110756,,,,
20250519,353200,대덕전자,14650,-360,180144,,,,
20250519,35320K,대덕전자1우,7350,-210,3092,,,,
20250519,357120,코람코라이프인프라리츠,4565,5,72226,,,,
20250519,357250,미래에셋맵스리츠,2785,-10,17391,,,,
20250519,357430,마스턴프리미어리츠,1460,-2,39039,,,,
20250519,361610,SK아이이테크놀로지,22100,-150,99150,,,,
20250519,363280,티와이홀딩스,2190,-50,69620,,,,
20250519,36328K,티와이홀딩스우,3670,-105,7746,,,,
20250519,365550,ESR켄달스퀘어리츠,4494,-80,169663,,,,
20250519,372910,한컴라이프케어,2850,-30,95033,,,,
20250519,373220,LG에너지솔루션,291500,1000,158255,,,,
20250519,375500,DL이앤씨,44300,-1250,105642,,,,
20250519,37550K,DL이앤씨우,19230,-170,7529,,,,
20250519,37550L,DL이앤씨2우(전환),28850,-550,4504,,,,
20250519,377190,디앤디플랫폼리츠,3260,-5,39036,,,,
20250519,377300,카카오페이,29300,-250,108803,,,,
20250519,377740,바이오노트,4690,55,146594,,,,
20250519,378850,화승알앤에이,3195,0,24502,,,,
20250519,381970,케이카,14280,-170,85670,,,,
20250519,383220,F&F,68700,-100,44294,,,,
20250519,383800,LX홀딩스,7080,40,73950,,,,
20250519,38380K,LX홀딩스1우,8570,70,457,,,,
20250519,395400,SK리츠,4925,-25,146870,,,,
20250519,396690,미래에셋글로벌리츠,2780,-20,16410,,,,
20250519,400760,NH올원리츠,3596,-24,29518,,,,
20250519,402340,SK스퀘어,99800,-2800,245738,,,,
20250519,403550,쏘카,13500,-200,6012,,,,
20250519,404990,신한서부티엔디리츠,3465,-15,23485,,,,
20250519,415640,KB발해인프라,7820,0,21233,,,,
20250519,417310,코람코더원리츠,5150,-100,40130,,,,
20250519,432320,KB스타리츠,4010,5,33094,,,,
20250519,443060,HD현대마린솔루션,165300,2300,88246,,,,
20250519,446070,유니드비티플러스,3890,-35,55835,,,,
20250519,448730,삼성FN리츠,4590,-5,41038,,,,
20250519,450080,에코프로머티,45250,-500,449971,,,,
20250519,451800,한화리츠,3815,-15,123743,,,,
20250519,452260,한화갤러리아,1199,-19,401159,,,,
20250519,45226K,한화갤러리아우,2270,-35,10074,,,,
20250519,453340,현대그린푸드,17010,400,116805,,,,
20250519,454910,두산로보틱스,48650,-1850,184389,,,,
20250519,456040,OCI,58500,-100,61618,,,,
20250519,457190,이수스페셜티케미컬,39450,300,154496,,,,
20250519,460850,동국씨엠,6220,-160,33090,,,,
20250519,460860,동국제강,8890,-320,118738,,,,
20250519,462520,조선내화,13290,-90,2240,,,,
20250519,462870,시프트업,55000,-900,256063,,,,
20250519,465770,STX그린로지스,8480,-620,147732,,,,
20250519,475150,SK이터닉스,20650,2400,5430952,,,,
20250519,475560,더본코리아,26450,-650,50111,,,,
20250519,480370,씨케이솔루션,3783,-259,741317,,,,
20250519,481850,신한글로벌액티브리츠,1552,-1,77671,,,,
20250519,484870,엠앤씨솔루션,34400,-1266,139554,,,,
20250519,487570,HS효성,38500,-500,4008,,,,
20250519,489790,한화비전,59100,-400,777092,,,,
20250519,499790,GS피앤엘,22300,100,76840,,,,
20250519,900140,엘브이엠씨홀딩스,1746,-39,381283,,,,
20250519,950210,프레스티지바이오파마,13240,-60,71515,,,,
20250520,000020,동화약품,6260,-10,30271,,,,
20250520,000040,KR모터스,2015,-30,30896,,,,
20250520,000050,경방,7140,20,517974,,,,
20250520,000070,삼양홀딩스,43107,867,31344,,,,
20250520,000080,하이트진로,19260,-40,100465,,,,
20250520,000087,하이트진로2우B,15290,40,1135,,,,
20250520,000100,유한양행,105500,-200,232845,,,,
20250520,000105,유한양행우,97500,500,4212,,,,
20250520,000120,CJ대한통운,77900,-1300,89912,,,,
20250520,000140,하이트진로홀딩스,8520,10,10741,,,,
20250520,000145,하이트진로홀딩스우,10810,0,58,,,,
20250520,000150,두산,410000,17000,141930,,,,
20250520,000155,두산우,295500,36000,141016,,,,
20250520,000157,두산2우B,379000,1500,14110,,,,
20250520,000180,성창기업지주,6945,5,5751,,,,
20250520,000210,DL,39400,0,54587,,,,
20250520,000215,DL우,21400,200,2155,,,,
20250520,000220,유유제약,4490,30,43714,,,,
20250520,000225,유유제약1우,4990,10,13816,,,,
20250520,000227,유유제약2우B,10000,-90,1001,,,,
20250520,000230,일동홀딩스,6020,10,9427,,,,
20250520,000240,한국앤컴퍼니,16630,-160,67899,,,,
20250520,000270,기아,91200,-300,710012,,,,
20250520,000300,DH오토넥스,4200,0,0,,,,
20250520,000320,노루홀딩스,15320,200,30691,,,,
20250520,000325,노루홀딩스우,30400,-900,740,,,,
20250520,000370,한화손해보험,4425,25,396136,,,,
20250520,000390,SP삼화,5870,20,16355,,,,
20250520,000400,롯데손해보험,1551,13,114906,,,,
20250520,000430,대원강업,3730,0,25422,,,,
20250520,000480,CR홀딩스,5200,80,3259,,,,
20250520,000490,대동,11480,720,804133,,,,
20250520,000500,가온전선,40676,4168,538607,,,,
20250520,000520,삼일제약,11850,200,84355,,,,
20250520,000540,흥국화재,3850,-10,516594,,,,
20250520,000545,흥국화재우,8800,-1360,567036,,,,
20250520,000590,CS홀딩스,74200,-500,788,,,,
20250520,000640,동아쏘시오홀딩스,97024,-583,15597,,,,
20250520,000650,천일고속,39750,950,259,,,,
20250520,000660,SK하이닉스,202000,2600,2820546,,,,
20250520,000670,영풍,33904,535,16420,,,,
20250520,000680,LS네트웍스,3550,125,324937,,,,
20250520,000700,유수홀딩스,5500,40,20771,,,,
20250520,000720,현대건설,46750,1250,1034580,,,,
20250520,000725,현대건설우,55000,1000,7444,,,,
20250520,000760,이화산업,10850,20,857,,,,
20250520,000810,삼성화재,374500,3000,66899,,,,
20250520,000815,삼성화재우,280500,3000,5393,,,,
20250520,000850,화천기공,29400,350,893,,,,
20250520,000860,강남제비스코,12100,200,17638,,,,
20250520,000880,한화,60384,-840,213960,,,,
20250520,00088K,한화3우B,22855,-50,117285,,,,
20250520,000890,보해양조,2590,40,65654,,,,
20250520,000910,유니온,4740,10,103512,,,,
20250520,000950,전방,23950,300,304,,,,
20250520,000970,한국주철관,6860,40,38574,,,,
20250520,000990,DB하이텍,39250,700,69224,,,,
20250520,001020,페이퍼코리아,3855,-45,5094,,,,
20250520,001040,CJ,120600,100,142683,,,,
20250520,001045,CJ우,74400,2600,8099,,,,
20250520,00104K,CJ4우(전환),100000,100,4507,,,,
20250520,001060,JW중외제약,21200,-100,35711,,,,
20250520,001065,JW중외제약우,28600,300,131,,,,
20250520,001067,JW중외제약2우B,61000,0,2,,,,
20250520,001070,대한방직,5700,-50,39612,,,,
20250520,001080,만호제강,2720,-20,8540,,,,
20250520,001120,LX인터내셔널,27600,0,88873,,,,
20250520,001130,대한제분,13450,40,6900,,,,
20250520,001200,유진투자증권,2780,60,520325,,,,
20250520,001210,금호전기,5560,-255,75556,,,,
20250520,001230,동국홀딩스,1658,4,80489,,,,
20250520,001250,GS글로벌,2560,35,231842,,,,
20250520,001260,남광토건,8400,310,19919,,,,
20250520,001270,부국증권,32450,1700,14251,,,,
20250520,001275,부국증권우,22550,200,8929,,,,
20250520,001290,상상인증권,497,11,88436,,,,
20250520,001340,PKC,5710,-50,99239,,,,
20250520,001360,삼성제약,1451,4,141559,,,,
20250520,001380,SG글로벌,3532,62,91871,,,,
20250520,001390,KG케미칼,3860,10,116546,,,,
20250520,001420,태원물산,4130,35,6120,,,,
20250520,001430,세아베스틸지주,19340,870,144349,,,,
20250520,001440,대한전선,12350,80,705453,,,,
20250520,001450,현대해상,21800,-300,321615,,,,
20250520,001460,BYC,33200,-450,3239,,,,
20250520,001465,BYC우,14580,20,1941,,,,
20250520,001470,삼부토건,347,0,0,,,,
20250520,001500,현대차증권,6550,90,118097,,,,
20250520,001510,SK증권,1023,20,339011,,,,
20250520,001515,SK증권우,3456,36,1867,,,,
20250520,001520,동양,1076,2,117461,,,,
20250520,001525,동양우,8590,250,4976,,,,
20250520,001527,동양2우B,16140,-60,526,,,,
20250520,001530,DI동일,35286,-48,28415,,,,
20250520,001550,조비,12260,390,40962,,,,
20250520,001560,제일연마,9220,-130,3607,,,,
20250520,001570,금양,9900,0,0,,,,
20250520,001620,케이비아이동국실업,2525,0,15476,,,,
20250520,001630,종근당홀딩스,48100,250,1846,,,,
20250520,001680,대상,21100,-600,238477,,,,
20250520,001685,대상우,16340,-60,6950,,,,
20250520,001720,신영증권,109300,8100,35584,,,,
20250520,001740,SK네트웍스,3995,-10,291115,,,,
20250520,001750,한양증권,14500,100,15766,,,,
20250520,001755,한양증권우,14600,-270,1970,,,,
20250520,001770,SHD,16190,-10,2209,,,,
20250520,001780,알루코,2500,65,812664,,,,
20250520,001790,대한제당,2720,-10,933586,,,,
20250520,001795,대한제당우,2295,10,235124,,,,
20250520,001800,오리온홀딩스,18880,110,75383,,,,
20250520,001820,삼화콘덴서,24200,50,18145,,,,
20250520,001940,KISCO홀딩스,22200,850,23193,,,,
20250520,002020,코오롱,23850,1350,65362,,,,
20250520,002025,코오롱우,14690,470,4261,,,,
20250520,002030,아세아,265000,2000,1218,,,,
20250520,002070,비비안,18440,-414,49200,,,,
20250520,002100,경농,9370,130,32152,,,,
20250520,002140,고려산업,2750,-15,51145,,,,
20250520,002150,도화엔지니어링,6570,110,18989,,,,
20250520,002170,SYTS,49050,100,7236,,,,
20250520,002200,한국수출포장,2815,-5,64333,,,,
20250520,002210,동성제약,2780,0,0,,,,
20250520,002220,한일철강,1992,-6,70190,,,,
20250520,002240,고려제강,17060,60,4140,,,,
20250520,002310,아세아제지,7200,40,212456,,,,
20250520,002320,한진,19850,300,20940,,,,
20250520,002350,넥센타이어,6050,90,305530,,,,
20250520,002355,넥센타이어1우B,3020,35,60833,,,,
20250520,002360,SH에너지화학,4350,-30,17926,,,,
20250520,002380,KCC,258000,4500,15581,,,,
20250520,002390,한독,11390,120,15967,,,,
20250520,002410,범양건영,1935,0,0,,,,
20250520,002420,세기상사,5150,150,2561,,,,
20250520,002450,삼익악기,1250,16,247553,,,,
20250520,002460,HS화성,10040,290,18428,,,,
20250520,002600,조흥,157900,2800,11,,,,
20250520,002620,제일파마홀딩스,7900,-130,5574,,,,
20250520,002630,오리엔트바이오,2788,110,2854649,,,,
20250520,002690,동일제강,1513,39,17916,,,,
20250520,002700,신일전자,1507,-13,256015,,,,
20250520,002710,TCC스틸,17260,-1250,218529,,,,
20250520,002720,국제약품,4600,-55,200456,,,,
20250520,002760,보락,1075,-10,151844,,,,
20250520,002780,진흥기업,731,4,221613,,,,
20250520,002785,진흥기업우B,3365,-70,2007,,,,
20250520,002787,진흥기업2우B,10140,440,43381,,,,
20250520,002790,아모레퍼시픽홀딩스,22850,500,109357,,,,
20250520,002795,아모레퍼시픽홀딩스우,9590,200,9080,,,,
20250520,00279K,아모레퍼시픽홀딩스3우C,18400,140,2069,,,,
20250520,002810,삼영무역,14610,10,16038,,,,
20250520,002820,SUN&L,2870,-70,15812,,,,
20250520,002840,미원상사,179900,-1800,1636,,,,
20250520,002870,신풍,1006,-4,71702,,,,
20250520,002880,디와이에이,976,-10,82598,,,,
20250520,002900,TYM,5730,200,616205,,,,
20250520,002920,유성기업,1967,-2,11593,,,,
20250520,002960,한국쉘석유,385000,3000,821,,,,
20250520,002990,금호건설,2825,55,44708,,,,
20250520,002995,금호건설우,11970,50,2873,,,,
20250520,003000,부광약품,3683,4,43619,,,,
20250520,003010,혜인,5010,125,57427,,,,
20250520,003030,세아제강지주,225500,6500,4247,,,,
20250520,003060,에이프로젠바이오로직스,632,-7,307713,,,,
20250520,003070,코오롱글로벌,8730,140,11289,,,,
20250520,003075,코오롱글로벌우,15400,200,727,,,,
20250520,003080,SB성보,2560,5,57945,,,,
20250520,003090,대웅,19930,-520,18585,,,,
20250520,003120,일성아이에스,17250,110,18753,,,,
20250520,003160,디아이,15080,-90,225702,,,,
20250520,003200,일신방직,9370,10,25691,,,,
20250520,003220,대원제약,13180,-110,19879,,,,
20250520,003230,삼양식품,1144000,-8000,42026,,,,
20250520,003240,태광산업,841000,1000,2613,,,,
20250520,003280,흥아해운,1543,-25,788207,,,,
20250520,003300,한일홀딩스,14590,440,20704,,,,
20250520,003350,한국화장품제조,9800,50,200030,,,,
20250520,003460,유화증권,2425,25,13464,,,,
20250520,003465,유화증권우,2380,-30,1062,,,,
20250520,003470,유안타증권,3100,60,319762,,,,
20250520,003475,유안타증권우,3135,55,37079,,,,
20250520,003480,한진중공업홀딩스,5040,275,114332,,,,
20250520,003490,대한항공,22100,-200,814830,,,,
20250520,003495,대한항공우,22700,50,8937,,,,
20250520,003520,영진약품,2180,10,1151492,,,,
20250520,003530,한화투자증권,3915,45,1285635,,,,
20250520,003535,한화투자증권우,6410,50,2952,,,,
20250520,003540,대신증권,20100,740,189634,,,,
20250520,003545,대신증권우,17670,530,78286,,,,
20250520,003547,대신증권2우B,16870,400,38795,,,,
20250520,003550,LG,68800,600,111956,,,,
20250520,003555,LG우,57400,500,2691,,,,
20250520,003570,SNT다이내믹스,39300,4400,380911,,,,
20250520,003580,HLB글로벌,2965,-5,29834,,,,
20250520,003610,방림,4000,40,83207,,,,
20250520,003620,KG모빌리티,3365,60,294440,,,,
20250520,003650,미창석유,100300,-1200,755,,,,
20250520,003670,포스코퓨처엠,104395,-7076,377708,,,,
20250520,003680,한성기업,5120,-50,40515,,,,
20250520,003690,코리안리,8850,30,398972,,,,
20250520,003720,삼영,4040,90,78636,,,,
20250520,003780,진양산업,5670,30,101507,,,,
20250520,003830,대한화섬,121800,100,242,,,,
20250520,003850,보령,8250,-70,83250,,,,
20250520,003920,남양유업,77900,400,12899,,,,
20250520,003925,남양유업우,39000,-100,10643,,,,
20250520,003960,사조대림,38800,400,13491,,,,
20250520,004000,롯데정밀화학,35850,-250,30252,,,,
20250520,004020,현대제철,24900,350,335072,,,,
20250520,004060,SG세계물산,3260,40,29021,,,,
20250520,004080,신흥,14600,0,903,,,,
20250520,004090,한국석유,12140,100,31151,,,,
20250520,004100,태양금속,2625,40,812208,,,,
20250520,004105,태양금속우,3840,70,67216,,,,
20250520,004140,동방,2405,-10,416133,,,,
20250520,004150,한솔홀딩스,2530,20,37478,,,,
20250520,004170,신세계,169100,400,31140,,,,
20250520,004250,NPC,4235,40,13589,,,,
20250520,004255,NPC우,2410,10,8237,,,,
20250520,004270,남성,8323,-56,7170,,,,
20250520,004310,현대약품,3330,15,98245,,,,
20250520,004360,세방,12730,260,35307,,,,
20250520,004365,세방우,8200,110,10329,,,,
20250520,004370,농심,427500,-9500,42535,,,,
20250520,004380,삼익THK,13000,0,0,,,,
20250520,004410,서울식품,1560,20,75947,,,,
20250520,004415,서울식품우,12400,30,347,,,,
20250520,004430,송원산업,11780,120,15767,,,,
20250520,004440,삼일씨엔에스,4350,20,28397,,,,
20250520,004450,삼화왕관,37500,1600,11379,,,,
20250520,004490,세방전지,65700,1500,43928,,,,
20250520,004540,깨끗한나라,2210,30,98029,,,,
20250520,004545,깨끗한나라우,12730,420,102,,,,
20250520,004560,현대비앤지스틸,11610,280,22507,,,,
20250520,004690,삼천리,108800,2300,37402,,,,
20250520,004700,조광피혁,54700,1900,7879,,,,
20250520,004710,한솔테크닉스,5014,59,82693,,,,
20250520,004720,팜젠사이언스,4000,-60,50995,,,,
20250520,004770,써니전자,1692,13,284922,,,,
20250520,004800,효성,54600,1200,10816,,,,
20250520,004830,덕성,5910,10,89138,,,,
20250520,004835,덕성우,7830,60,9979,,,,
20250520,004840,DRB동일,4275,40,29187,,,,
20250520,004870,티웨이홀딩스,3092,-28,62010,,,,
20250520,004890,동일산업,43150,350,867,,,,
20250520,004910,조광페인트,5460,40,50055,,,,
20250520,004920,씨아이테크,1277,0,89516,,,,
20250520,004960,한신공영,7710,-10,36264,,,,
20250520,004970,신라교역,9090,210,14461,,,,
20250520,004980,성신양회,8820,110,220670,,,,
20250520,004985,성신양회우,12450,110,20730,,,,
20250520,004990,롯데지주,24300,100,200081,,,,
20250520,00499K,롯데지주우,27250,150,90,,,,
20250520,005010,휴스틸,4735,60,264649,,,,
20250520,005030,부산주공,486,0,0,,,,
20250520,005070,코스모신소재,31800,-2050,263706,,,,
20250520,005090,SGC에너지,23450,200,11514,,,,
20250520,005110,한창,1254,0,0,,,,
20250520,005180,빙그레,84500,-600,52187,,,,
20250520,005250,녹십자홀딩스,13600,90,50272,,,,
20250520,005257,녹십자홀딩스2우,19750,80,79,,,,
20250520,005300,롯데칠성,102100,-200,13746,,,,
20250520,005305,롯데칠성우,64000,200,704,,,,
20250520,005320,온타이드,1034,-34,196376,,,,
20250520,005360,모나미,2045,-5,16053,,,,
20250520,005380,현대차,189500,-1500,422756,,,,
20250520,005385,현대차우,149500,-200,47255,,,,
20250520,005387,현대차2우B,150800,-700,65941,,,,
20250520,005389,현대차3우B,149700,100,8411,,,,
20250520,005420,코스모화학,13660,-470,120752,,,,
20250520,005430,한국공항,52800,1900,8130,,,,
20250520,005440,현대지에프홀딩스,6850,150,357833,,,,
20250520,005490,POSCO홀딩스,241000,-4500,221250,,,,
20250520,005500,삼진제약,17330,-100,13868,,,,
20250520,005610,삼립,53400,-800,44959,,,,
20250520,005680,삼영전자,10740,90,10037,,,,
20250520,005690,파미셀,10790,-10,263292,,,,
20250520,005720,넥센,5430,160,65874,,,,
20250520,005725,넥센우,3735,90,14832,,,,
20250520,005740,크라운해태홀딩스,6150,90,30625,,,,
20250520,005745,크라운해태홀딩스우,8350,-10,4409,,,,
20250520,005750,대림바스,4080,0,7224,,,,
20250520,005800,신영와코루,11200,20,6971,,,,
20250520,005810,풍산홀딩스,29850,700,72268,,,,
20250520,005820,원림,14220,-60,275,,,,
20250520,005830,DB손해보험,96000,-100,139958,,,,
20250520,005850,에스엘,30900,-150,122416,,,,
20250520,005870,휴니드,8310,-90,226921,,,,
20250520,005880,대한해운,1511,-29,1368903,,,,
20250520,005930,삼성전자,55900,100,9080577,,,,
20250520,005935,삼성전자우,45800,-300,934393,,,,
20250520,005940,NH투자증권,15840,260,340523,,,,
20250520,005945,NH투자증권우,14290,200,44051,,,,
20250520,005950,이수화학,5330,-60,41124,,,,
20250520,005960,동부건설,4530,30,52511,,,,
20250520,005965,동부건설우,20050,0,70,,,,
20250520,006040,동원산업,46100,-200,55299,,,,
20250520,006060,화승인더,4620,35,172273,,,,
20250520,006090,사조오양,8500,-20,14532,,,,
20250520,006110,삼아알미늄,20350,-750,57555,,,,
20250520,006120,SK디스커버리,45450,1050,51431,,,,
20250520,006125,SK디스커버리우,36350,500,14955,,,,
20250520,006200,한국전자홀딩스,3445,65,16872,,,,
20250520,006220,제주은행,9300,20,96947,,,,
20250520,006260,LS,148400,2600,194895,,,,
20250520,006280,녹십자,124400,-500,10152,,,,
20250520,006340,대원전선,2975,100,5205506,,,,
20250520,006345,대원전선우,3980,105,67518,,,,
20250520,006360,GS건설,19140,-80,467346,,,,
20250520,006370,대구백화점,6850,40,23795,,,,
20250520,006380,카프로,3660,0,0,,,,
20250520,006400,삼성SDI,161500,-7900,568781,,,,
20250520,006405,삼성SDI우,99700,-3300,6940,,,,
20250520,006490,프리티,6765,-135,160739,,,,
20250520,006570,대림통상,2435,-15,12012,,,,
20250520,006650,대한유화,80400,-1300,34031,,,,
20250520,006660,삼성공조,15570,0,229951,,,,
20250520,006740,블루산업개발,2292,-7,30330,,,,
20250520,006800,미래에셋증권,12814,90,1120991,,,,
20250520,006805,미래에셋증권우,5529,119,73974,,,,
20250520,00680K,미래에셋증권2우B,4866,-15,912131,,,,
20250520,006840,AK홀딩스,10610,20,5239,,,,
20250520,006880,신송홀딩스,7220,80,39257,,,,
20250520,006890,태경케미컬,11530,310,21048,,,,
20250520,006980,우성,16350,0,3207,,,,
20250520,007070,GS리테일,13910,100,122454,,,,
20250520,007110,일신석재,2285,75,5351973,,,,
20250520,007120,미래아이앤지,1095,87,140809,,,,
20250520,007160,사조산업,46200,4700,80555,,,,
20250520,007210,벽산,2315,-10,121287,,,,
20250520,007280,한국특강,3304,-26,4014,,,,
20250520,007310,오뚜기,387000,-4500,5312,,,,
20250520,007340,DN오토모티브,20500,-100,51817,,,,
20250520,007460,에이프로젠,638,-17,1810030,,,,
20250520,007540,샘표,41850,200,2360,,,,
20250520,007570,일양약품,14432,90,40374,,,,
20250520,007575,일양약품우,14636,58,326,,,,
20250520,007590,동방아그로,6130,10,1578,,,,
20250520,007610,선도전기,3000,0,0,,,,
20250520,007660,이수페타시스,40550,450,617142,,,,
20250520,007690,국도화학,32500,-50,8195,,,,
20250520,007700,F&F홀딩스,13190,240,20183,,,,
20250520,007810,코리아써키트,9920,10,44762,,,,
20250520,007815,코리아써우,5640,-160,3695,,,,
20250520,00781K,코리아써키트2우B,5270,-170,1122,,,,
20250520,007860,서연,8300,190,276929,,,,
20250520,007980,TP,1341,8,87949,,,,
20250520,008040,사조동아원,1050,-14,1343134,,,,
20250520,008060,대덕,7580,50,51375,,,,
20250520,00806K,대덕1우,7710,50,1275,,,,
20250520,008250,이건산업,5510,120,20538,,,,
20250520,008260,NI스틸,3385,-25,44824,,,,
20250520,008350,남선알미늄,1237,1,410626,,,,
20250520,008355,남선알미우,12870,-180,1550,,,,
20250520,008420,문배철강,2285,10,33695,,,,
20250520,008490,서흥,18500,2470,519900,,,,
20250520,008600,윌비스,6163,206,499851,,,,
20250520,008700,아남전자,1438,22,514318,,,,
20250520,008730,율촌화학,29200,-1100,118393,,,,
20250520,008770,호텔신라,48100,1700,649448,,,,
20250520,008775,호텔신라우,34000,350,2054,,,,
20250520,008870,금비,57700,1400,2268,,,,
20250520,008930,한미사이언스,35000,-1500,302737,,,,
20250520,008970,KBI동양철관,2523,84,7590551,,,,
20250520,009070,KCTC,3915,5,46071,,,,
20250520,009140,경인전자,19840,250,2039,,,,
20250520,009150,삼성전기,119400,-1300,212393,,,,
20250520,009155,삼성전기우,54500,-400,6576,,,,
20250520,009160,SIMPAC,4360,60,103449,,,,
20250520,009180,한솔로지스틱스,2205,-10,43846,,,,
20250520,009190,대양금속,1695,-10,153036,,,,
20250520,009200,무림페이퍼,2110,40,110470,,,,
20250520,009240,한샘,41350,200,10146,,,,
20250520,009270,신원,1839,91,4924478,,,,
20250520,009290,광동제약,5390,-50,25582,,,,
20250520,009310,참엔지니어링,1293,-62,54168,,,,
20250520,009320,아진전자부품,1004,6,30299,,,,
20250520,009410,태영건설,2610,85,193780,,,,
20250520,009415,태영건설우,5720,-10,40601,,,,
20250520,009420,한올바이오파마,25550,-150,127398,,,,
20250520,009440,KC그린홀딩스,756,0,0,,,,
20250520,009450,경동나비엔,75800,-500,49264,,,,
20250520,009460,한창제지,3575,-15,22316,,,,
20250520,009470,삼화전기,27750,500,23167,,,,
20250520,009540,HD한국조선해양,279000,-9000,218359,,,,
20250520,009580,무림P&P,2830,25,23969,,,,
20250520,009680,모토닉,9730,260,105350,,,,
20250520,009770,삼정펄프,26600,100,1993,,,,
20250520,009810,MDS스피어,3085,20,23927,,,,
20250520,009830,한화솔루션,34334,-2499,6732016,,,,
20250520,009835,한화솔루션우,25876,-2077,103228,,,,
20250520,009900,명신산업,8050,-120,53934,,,,
20250520,009970,영원무역홀딩스,112000,5800,20200,,,,
20250520,010040,한국내화,2310,-35,36988,,,,
20250520,010060,OCI홀딩스,71700,-5000,244944,,,,
20250520,010100,한국무브넥스,4105,5,119842,,,,
20250520,010120,LS ELECTRIC,50500,3800,1426910,,,,
20250520,010130,고려아연,796000,2000,9532,,,,
20250520,010140,삼성중공업,14190,-110,4618493,,,,
20250520,010400,우진아이엔에스,2660,10,1415,,,,
20250520,010580,에스엠벡셀,1224,1,11270,,,,
20250520,010640,진양폴리,3491,21,44087,,,,
20250520,010660,화천기계,4225,60,137450,,,,
20250520,010690,화신,7980,10,53868,,,,
20250520,010770,평화홀딩스,9100,2100,7782448,,,,
20250520,010780,아이에스동서,18270,10,16984,,,,
20250520,010820,퍼스텍,3610,30,257813,,,,
20250520,010950,S-Oil,50700,-500,186557,,,,
20250520,010955,S-Oil우,35000,0,2777,,,,
20250520,010960,삼호개발,3410,40,116706,,,,
20250520,011000,진원생명과학,13000,-300,761416,,,,
20250520,011070,LG이노텍,142600,-1000,57507,,,,
20250520,011090,에넥스,3650,95,56504,,,,
20250520,011150,CJ씨푸드,3010,-10,142308,,,,
20250520,011155,CJ씨푸드1우,17250,-350,897,,,,
20250520,011170,롯데케미칼,56600,-1100,171695,,,,
20250520,011200,HMM,22100,-450,1950025,,,,
20250520,011210,현대위아,41200,200,40938,,,,
20250520,011230,삼화전자,4200,-40,54636,,,,
20250520,011280,태림포장,2185,35,163722,,,,
20250520,011300,우성머티리얼스,4840,-150,36313,,,,
20250520,011330,유니켐,15350,-130,27516,,,,
20250520,011390,부산산업,101600,1200,31983,,,,
20250520,011420,갤럭시아에스엠,2320,60,295384,,,,
20250520,011500,한농화성,14000,-130,51834,,,,
20250520,011690,와이투솔루션,2800,-20,263955,,,,
20250520,011700,한신기계,2980,90,240400,,,,
20250520,011760,현대코퍼레이션,24300,1400,180541,,,,
20250520,011780,금호석유화학,110300,200,76428,,,,
20250520,011785,금호석유화학우,53000,400,5909,,,,
20250520,011790,SKC,86850,-3947,320434,,,,
20250520,011810,STX,3155,-25,33521,,,,
20250520,011930,신성이엔지,14200,-210,209124,,,,
20250520,012030,DB,1256,1,88350,,,,
20250520,012160,영흥,2565,160,458291,,,,
20250520,012170,아센디오,3985,20,57212,,,,
20250520,012200,계양전기,1376,-11,21889,,,,
20250520,012205,계양전기우,3620,9,3604,,,,
20250520,012280,영화금속,828,-10,118172,,,,
20250520,012320,경동인베스트,54900,0,3460,,,,
20250520,012330,현대모비스,248000,-1500,102238,,,,
20250520,012450,한화에어로스페이스,802535,-23633,184182,,,,
20250520,012610,경인양행,3225,35,34779,,,,
20250520,012630,HDC,19260,10,133315,,,,
20250520,012690,모나리자,2770,0,69066,,,,
20250520,012750,에스원,66000,-300,36106,,,,
20250520,012800,대창,1272,1,195361,,,,
20250520,013000,세우글로벌,1169,0,50263,,,,
20250520,013360,일성건설,2565,150,886294,,,,
20250520,013520,화승코퍼레이션,1967,-2,28635,,,,
20250520,013570,디와이,4030,-20,24962,,,,
20250520,013580,계룡건설,19620,-140,593877,,,,
20250520,013700,까뮤이앤씨,1138,-19,100457,,,,
20250520,013870,지엠비코리아,3835,45,43588,,,,
20250520,013890,지누스,17950,220,50792,,,,
20250520,014130,한익스프레스,3370,-20,14896,,,,
20250520,014160,대영포장,1523,241,64207322,,,,
20250520,014280,금강공업,4565,115,67807,,,,
20250520,014285,금강공업우,6730,-50,435,,,,
20250520,014440,영보화학,4405,45,68780,,,,
20250520,014530,극동유화,3395,0,44297,,,,
20250520,014580,태경비케이,4625,75,77157,,,,
20250520,014680,한솔케미칼,125000,-3100,42772,,,,
20250520,014710,사조씨푸드,5600,60,212944,,,,
20250520,014790,HL D&I,2390,25,29741,,,,
20250520,014820,동원시스템즈,29850,-250,23980,,,,
20250520,014825,동원시스템즈우,17370,-290,612,,,,
20250520,014830,유니드,93500,1600,54409,,,,
20250520,014910,성문전자,1195,18,63443,,,,
20250520,014915,성문전자우,4570,0,268,,,,
20250520,014990,인디에프,4860,160,69436,,,,
20250520,015020,이스타코,2370,128,548280,,,,
20250520,015230,대창단조,5630,290,494515,,,,
20250520,015260,에이엔피,441,-4,31104,,,,
20250520,015360,INVENI,10220,180,22740,,,,
20250520,015590,DKME,2575,0,0,,,,
20250520,015760,한국전력,29100,700,3329443,,,,
20250520,015860,일진홀딩스,4175,30,115324,,,,
20250520,015890,태경산업,4885,30,12825,,,,
20250520,016090,대현,1886,1,115142,,,,
20250520,016360,삼성증권,54000,500,367659,,,,
20250520,016380,KG스틸,5750,30,62279,,,,
20250520,016450,한세예스24홀딩스,3785,35,7780,,,,
20250520,016580,환인제약,11180,-160,24889,,,,
20250520,016590,신대양제지,8670,470,60292,,,,
20250520,016610,DB증권,6350,50,30949,,,,
20250520,016710,대성홀딩스,8130,10,35172,,,,
20250520,016740,두올,3145,-10,19205,,,,
20250520,016800,퍼시스,44150,750,1281,,,,
20250520,016880,웅진,1775,62,1866751,,,,
20250520,017040,광명전기,1609,65,1179863,,,,
20250520,017180,명문제약,1639,3,22464,,,,
20250520,017370,우신시스템,7390,-10,157751,,,,
20250520,017390,서울가스,55000,1300,31624,,,,
20250520,017550,수산세보틱스,1838,14,106691,,,,
20250520,017670,SK텔레콤,51500,300,543658,,,,
20250520,017800,현대엘리베이터,74400,0,131197,,,,
20250520,017810,풀무원,12710,-110,103870,,,,
20250520,017860,DS단석,23569,-396,74748,,,,
20250520,017900,광전자,1852,15,36596,,,,
20250520,017940,E1,67900,-300,12969,,,,
20250520,017960,한국카본,20800,-100,515320,,,,
20250520,018250,애경산업,14170,90,22334,,,,
20250520,018260,삼성에스디에스,127700,-5100,144393,,,,
20250520,018470,조일알미늄,1569,-11,286577,,,,
20250520,018500,동원모빌리티,1450,8,338818,,,,
20250520,018670,SK가스,213500,1000,12066,,,,
20250520,018880,한온시스템,3025,-116,825364,,,,
20250520,019170,신풍제약,7710,-140,111632,,,,
20250520,019175,신풍제약우,12490,260,5222,,,,
20250520,019180,티에이치엔,2810,-5,119785,,,,
20250520,019490,엑시큐어하이트론,1000,25,2893956,,,,
20250520,019680,대교,2320,5,18551,,,,
20250520,019685,대교우B,1300,-2,5949,,,,
20250520,020000,한섬,15180,50,37338,,,,
20250520,020120,키다리스튜디오,3260,-40,57587,,,,
20250520,020150,롯데에너지머티리얼즈,20200,-900,111639,,,,
20250520,020560,아시아나항공,9740,210,56879,,,,
20250520,020760,일진디스플,738,4,19913,,,,
20250520,021050,서원,1183,9,100280,,,,
20250520,021240,코웨이,92800,-2000,182240,,,,
20250520,021820,세원정공,8680,120,11991,,,,
20250520,022100,포스코DX,21600,-550,351552,,,,
20250520,023000,삼원강재,2470,0,13131,,,,
20250520,023150,MH에탄올,5010,-40,3511,,,,
20250520,023350,한국종합기술,5520,60,26805,,,,
20250520,023450,동남합성,34300,450,1797,,,,
20250520,023530,롯데쇼핑,75900,1600,76078,,,,
20250520,023590,다우기술,23500,200,38092,,,,
20250520,023800,인지컨트롤스,5940,-20,15489,,,,
20250520,023810,인팩,5730,80,16500,,,,
20250520,023960,에쓰씨엔지니어링,1316,81,508067,,,,
20250520,024070,WISCOM,1850,7,12461,,,,
20250520,024090,디씨엠,12610,0,16448,,,,
20250520,024110,기업은행,15430,120,678974,,,,
20250520,024720,콜마홀딩스,12240,1320,3396056,,,,
20250520,024890,대원화성,4490,-10,3157,,,,
20250520,024900,디와이덕양,2640,-10,41424,,,,
20250520,025000,KPX케미칼,42023,283,3396,,,,
20250520,025530,SJM홀딩스,3400,35,10718,,,,
20250520,025540,한국단자,60500,600,26775,,,,
20250520,025560,미래산업,2234,-35,154585,,,,
20250520,025620,차AI헬스케어,8000,-20,56111,,,,
20250520,025750,한솔홈데코,3885,260,1788743,,,,
20250520,025820,이구산업,4225,65,115053,,,,
20250520,025860,남해화학,7220,10,119853,,,,
20250520,025890,한국주강,1792,-3,8510,,,,
20250520,026890,스틱인베스트먼트,10400,-200,100445,,,,
20250520,026940,부국철강,2370,30,42572,,,,
20250520,026960,동서,24400,-50,30556,,,,
20250520,027410,BGF,3710,80,91131,,,,
20250520,027740,마니커,2130,-90,36055340,,,,
20250520,027970,한국제지,4145,25,17027,,,,
20250520,028050,삼성E&A,20450,660,979747,,,,
20250520,028100,동아지질,15180,330,34258,,,,
20250520,028260,삼성물산,124400,2000,170947,,,,
20250520,02826K,삼성물산우B,95100,3000,7979,,,,
20250520,028670,팬오션,3550,-105,1079411,,,,
20250520,029460,케이씨,21400,250,18494,,,,
20250520,029530,신도리코,43800,1300,14192,,,,
20250520,029780,삼성카드,41850,450,41838,,,,
20250520,030000,제일기획,18160,0,76983,,,,
20250520,030190,NICE평가정보,14470,380,95645,,,,
20250520,030200,KT,51900,-100,187097,,,,
20250520,030210,다올투자증권,3205,50,106057,,,,
20250520,030610,교보증권,7370,250,223396,,,,
20250520,030720,동원수산,5400,-210,33119,,,,
20250520,031210,서울보증보험,33700,-650,166083,,,,
20250520,031430,신세계인터내셔날,10200,210,112484,,,,
20250520,031820,아이티센씨티에스,6050,10,16648,,,,
20250520,032350,롯데관광개발,11690,590,1062444,,,,
20250520,032560,황금에스티,5500,-10,23624,,,,
20250520,032640,LG유플러스,12880,60,1201699,,,,
20250520,032830,삼성생명,88200,-800,163586,,,,
20250520,033240,자화전자,11950,-120,60221,,,,
20250520,033250,체시스,5595,40,30974,,,,
20250520,033270,유나이티드제약,19090,90,33766,,,,
20250520,033530,SJG세종,4350,10,27783,,,,
20250520,033780,KT&G,118200,200,217964,,,,
20250520,033920,무학,7270,20,53451,,,,
20250520,034020,두산에너빌리티,37200,2600,15739607,,,,
20250520,034120,SBS,24000,250,115806,,,,
20250520,034220,LG디스플레이,8260,-80,690467,,,,
20250520,034230,파라다이스,13550,200,349672,,,,
20250520,034310,NICE,11380,40,13822,,,,
20250520,034590,인천도시가스,25000,100,3090,,,,
20250520,034730,SK,139400,700,67410,,,,
20250520,03473K,SK우,122500,0,969,,,,
20250520,034830,한국토지신탁,1094,0,161517,,,,
20250520,035000,HS애드,7020,0,18199,,,,
20250520,035150,백산,14740,40,66145,,,,
20250520,035250,강원랜드,16940,130,332620,,,,
20250520,035420,NAVER,185000,-400,293512,,,,
20250520,035510,신세계 I&C,11950,-80,79697,,,,
20250520,035720,카카오,36550,100,1680015,,,,
20250520,036420,콘텐트리중앙,9650,170,114297,,,,
20250520,036460,한국가스공사,38050,1450,419584,,,,
20250520,036530,SNT홀딩스,40100,1250,40581,,,,
20250520,036570,NC,155600,-2000,74867,,,,
20250520,036580,팜스코,2285,40,33653,,,,
20250520,037270,YG PLUS,5850,220,911563,,,,
20250520,037560,LG헬로비전,2550,-40,417150,,,,
20250520,037710,광주신세계,27900,0,10757,,,,
20250520,039130,하나투어,48700,-550,68117,,,,
20250520,039490,키움증권,144400,900,47979,,,,
20250520,039570,HDC랩스,8700,-60,9394,,,,
20250520,041650,상신브레이크,2985,-20,36332,,,,
20250520,042660,한화오션,77600,-1300,1534112,,,,
20250520,042700,한미반도체,85400,-300,923369,,,,
20250520,044380,주연테크,1635,20,8572,,,,
20250520,044450,KSS해운,9550,50,85226,,,,
20250520,044820,코스맥스비티아이,12940,80,14388,,,,
20250520,047040,대우건설,3790,120,1691130,,,,
20250520,047050,포스코인터내셔널,47600,-1000,341811,,,,
20250520,047400,유니온머티리얼,1650,0,74814,,,,
20250520,047810,한국항공우주,86500,-2900,912035,,,,
20250520,049800,우진플라임,2065,5,14431,,,,
20250520,051600,한전KPS,41150,650,136580,,,,
20250520,051630,진양화학,2040,-15,71543,,,,
20250520,051900,LG생활건강,312000,0,20491,,,,
20250520,051905,LG생활건강우,121100,-3100,5801,,,,
20250520,051910,LG화학,189700,-6100,403320,,,,
20250520,051915,LG화학우,97100,-2600,56327,,,,
20250520,052690,한전기술,63000,300,179731,,,,
20250520,053210,스카이라이프,4380,65,29333,,,,
20250520,053690,한미글로벌,16270,320,35129,,,,
20250520,055490,테이팩스,13370,-190,7926,,,,
20250520,055550,신한지주,53800,1700,1332387,,,,
20250520,058430,포스코스틸리온,3725,35,125670,,,,
20250520,058650,세아홀딩스,96800,1800,384,,,,
20250520,058730,다스코,3065,35,97730,,,,
20250520,058850,KTcs,2830,5,154545,,,,
20250520,058860,KTis,2910,50,249932,,,,
20250520,060980,HL홀딩스,37950,750,26355,,,,
20250520,062040,산일전기,67100,2300,338793,,,,
20250520,063160,종근당바이오,21900,-250,3507,,,,
20250520,064350,현대로템,113700,4700,1149918,,,,
20250520,064400,LG씨엔에스,52800,-1900,307992,,,,
20250520,064960,SNT모티브,29100,-850,73818,,,,
20250520,066570,LG전자,70500,200,227059,,,,
20250520,066575,LG전자우,34650,-250,45835,,,,
20250520,066970,엘앤에프,57100,-2900,259310,,,,
20250520,067830,세이브존I&C,2445,15,67129,,,,
20250520,068270,셀트리온,142580,1193,507624,,,,
20250520,068290,삼성출판사,17570,450,25388,,,,
20250520,069260,TKG휴켐스,16040,-40,54976,,,,
20250520,069460,대호에이엘,8830,110,117527,,,,
20250520,069620,대웅제약,138300,-400,15449,,,,
20250520,069640,한세엠케이,2586,66,1161574,,,,
20250520,069730,DSR제강,3555,5,52470,,,,
20250520,069960,현대백화점,66400,700,68498,,,,
20250520,070960,모나용평,4395,130,204594,,,,
20250520,071050,한국금융지주,96700,2100,273546,,,,
20250520,071055,한국금융지주우,71500,1200,23079,,,,
20250520,071090,하이스틸,4080,205,551323,,,,
20250520,071320,지역난방공사,68900,2200,37651,,,,
20250520,071840,롯데하이마트,7440,30,13383,,,,
20250520,071950,코아스,9370,70,5444,,,,
20250520,071970,HD현대마린엔진,38700,-1050,323319,,,,
20250520,072130,유엔젤,5080,-230,435237,,,,
20250520,072710,농심홀딩스,72300,600,9593,,,,
20250520,073240,금호타이어,4375,-70,788079,,,,
20250520,074610,이엔플러스,5110,0,0,,,,
20250520,075180,새론오토모티브,3265,-5,4632,,,,
20250520,075580,세진중공업,9260,-150,386277,,,,
20250520,077500,유니퀘스트,6090,30,66014,,,,
20250520,077970,STX엔진,25450,2000,982242,,,,
20250520,078000,텔코웨어,12910,160,958375,,,,
20250520,078520,에이블씨엔씨,6970,120,35747,,,,
20250520,078930,GS,39450,250,131767,,,,
20250520,078935,GS우,37950,200,6600,,,,
20250520,079160,CJ CGV,4625,-85,168371,,,,
20250520,079430,현대리바트,7600,40,4982,,,,
20250520,079550,LIG디펜스앤에어로스페이스,405500,3500,165511,,,,
20250520,079900,전진건설로봇,51600,-200,266928,,,,
20250520,079980,휴비스,2920,-70,75959,,,,
20250520,081000,일진다이아,12240,50,4694,,,,
20250520,081660,미스토홀딩스,35950,-1100,182468,,,,
20250520,082640,동양생명,5480,10,111247,,,,
20250520,082740,한화엔진,28300,0,714497,,,,
20250520,083420,그린케미칼,8260,80,141731,,,,
20250520,084010,대한제강,11202,473,123898,,,,
20250520,084670,동양고속,7500,-110,3578,,,,
20250520,084680,이월드,1450,21,241180,,,,
20250520,084690,대상홀딩스,9400,80,156244,,,,
20250520,084695,대상홀딩스우,14440,-170,6769,,,,
20250520,084870,TBH글로벌,1149,-32,43777,,,,
20250520,085310,엔케이,8370,-10,6634,,,,
20250520,085620,미래에셋생명,5420,-20,48633,,,,
20250520,086280,현대글로비스,109800,-1600,253520,,,,
20250520,086790,하나금융지주,67600,1200,574616,,,,
20250520,088260,이리츠코크렙,4725,5,19999,,,,
20250520,088350,한화생명,2535,-65,1282629,,,,
20250520,088790,진도,1993,-12,26558,,,,
20250520,088980,맥쿼리인프라,11510,20,438135,,,,
20250520,089470,HDC현대EP,3700,15,11618,,,,
20250520,089590,제주항공,6780,-60,94926,,,,
20250520,089860,롯데렌탈,30600,0,28866,,,,
20250520,090080,평화산업,1686,376,40700036,,,,
20250520,090350,노루페인트,8370,290,160069,,,,
20250520,090355,노루페인트우,13340,240,2153,,,,
20250520,090370,메타랩스,1405,-1,4822,,,,
20250520,090430,아모레퍼시픽,122000,700,135675,,,,
20250520,090435,아모레퍼시픽우,38150,-150,28400,,,,
20250520,090460,비에이치,12680,-110,94052,,,,
20250520,091810,트리니티항공,1948,-43,399873,,,,
20250520,092200,디아이씨,4825,100,291910,,,,
20250520,092220,KEC,3575,-30,101958,,,,
20250520,092230,KPX홀딩스,63600,1900,6923,,,,
20250520,092440,기신정기,2435,-25,21386,,,,
20250520,092780,DYP,4550,-55,14816,,,,
20250520,092790,넥스틸,14200,890,977166,,,,
20250520,093050,LF,15300,150,19883,,,,
20250520,093240,형지엘리트,1871,48,1785493,,,,
20250520,093370,후성,4070,-25,259573,,,,
20250520,094280,효성ITX,12070,-80,9355,,,,
20250520,094800,맵스리얼티,4360,-25,45121,,,,
20250520,095570,AJ네트웍스,3650,30,93132,,,,
20250520,095720,웅진씽크빅,3458,14,167711,,,,
20250520,096760,JW홀딩스,3095,5,27717,,,,
20250520,096770,SK이노베이션,84500,-3200,372257,,,,
20250520,096775,SK이노베이션우,58600,-3500,11650,,,,
20250520,097230,HJ중공업,7140,20,442647,,,,
20250520,097520,엠씨넥스,28050,950,130953,,,,
20250520,097950,CJ제일제당,226000,-500,49924,,,,
20250520,097955,CJ제일제당 우,136500,400,2264,,,,
20250520,100090,SK오션플랜트,21050,600,1355886,,,,
20250520,100220,비상교육,5570,150,490253,,,,
20250520,100250,진양홀딩스,2925,5,99642,,,,
20250520,100840,SNT에너지,39050,100,134073,,,,
20250520,101140,인바이오젠,12470,-1180,39759,,,,
20250520,101530,해태제과식품,6520,30,18387,,,,
20250520,102260,동성케미컬,3914,65,112867,,,,
20250520,102460,이연제약,10500,-220,23645,,,,
20250520,103140,풍산,58000,700,159271,,,,
20250520,103590,일진전기,30900,2500,1909757,,,,
20250520,104700,한국철강,9120,200,55163,,,,
20250520,105560,KB금융,96300,1300,787613,,,,
20250520,105630,한세실업,10350,120,67839,,,,
20250520,105840,우진,8810,500,1862305,,,,
20250520,107590,미원홀딩스,74000,200,217,,,,
20250520,108320,LX세미콘,59300,-1900,44231,,,,
20250520,108670,LX하우시스,29000,350,11820,,,,
20250520,108675,LX하우시스우,17960,50,178,,,,
20250520,109070,주성코퍼레이션,938,-24,422022,,,,
20250520,111110,호전실업,8360,260,46587,,,,
20250520,111380,동인기연,15580,0,6457,,,,
20250520,111770,영원무역,55800,2400,95292,,,,
20250520,112610,씨에스윈드,51700,2600,1529608,,,,
20250520,114090,GKL,13490,180,368553,,,,
20250520,117580,대성에너지,7640,130,67160,,,,
20250520,118000,메타케어,3150,0,13845,,,,
20250520,119650,KC코트렐,918,0,0,,,,
20250520,120030,조선선재,97800,700,871,,,,
20250520,120110,코오롱인더,30600,700,101874,,,,
20250520,120115,코오롱인더우,20400,200,3385,,,,
20250520,122900,아이마켓코리아,7900,-100,61094,,,,
20250520,123690,한국화장품,6760,40,39278,,,,
20250520,123700,SJM,3120,35,26392,,,,
20250520,123890,한국자산신탁,2380,0,145457,,,,
20250520,126560,현대퓨처넷,3240,50,123928,,,,
20250520,126720,수산인더스트리,21500,250,60411,,,,
20250520,128820,대성산업,3515,0,0,,,,
20250520,128940,한미약품,285000,-1000,65160,,,,
20250520,129260,인터지스,2635,40,167343,,,,
20250520,130660,한전산업,12140,210,633887,,,,
20250520,133820,화인베스틸,805,0,46071,,,,
20250520,134380,미원화학,7750,-50,10160,,,,
20250520,134790,시디즈,27000,0,6728,,,,
20250520,136490,선진,8090,50,439162,,,,
20250520,137310,에스디바이오센서,9970,-120,131930,,,,
20250520,138040,메리츠금융지주,110800,-600,295629,,,,
20250520,138930,BNK금융지주,10360,20,510258,,,,
20250520,139130,iM금융지주,10570,80,536155,,,,
20250520,139480,이마트,86700,2900,246552,,,,
20250520,139990,아주스틸,3825,-5,36290,,,,
20250520,143210,핸즈코퍼레이션,1566,-16,4217,,,,
20250520,145210,다이나믹디자인,9720,-290,10399,,,,
20250520,145270,케이탑리츠,920,-21,715845,,,,
20250520,145720,덴티움,62600,200,16703,,,,
20250520,145990,삼양사,48150,-250,6871,,,,
20250520,145995,삼양사우,31200,200,207,,,,
20250520,155660,DSR,3765,55,5563,,,,
20250520,161000,애경케미칼,10070,-490,528512,,,,
20250520,161390,한국타이어앤테크놀로지,38700,-1350,568749,,,,
20250520,161890,한국콜마,84500,1700,156714,,,,
20250520,163560,동일고무벨트,7480,180,80526,,,,
20250520,170900,동아에스티,43967,287,9453,,,,
20250520,175330,JB금융지주,17470,-20,310739,,,,
20250520,178920,PI첨단소재,18400,900,213743,,,,
20250520,180640,한진칼,114100,-600,190045,,,,
20250520,18064K,한진칼우,36750,0,273048,,,,
20250520,181710,NHN,19530,130,64828,,,,
20250520,183190,아세아시멘트,11570,170,62620,,,,
20250520,185750,종근당,79500,-1000,16205,,,,
20250520,192080,더블유게임즈,50100,400,51927,,,,
20250520,192400,쿠쿠홀딩스,29900,1400,60851,,,,
20250520,192650,드림텍,6000,10,133384,,,,
20250520,192820,코스맥스,204000,-1000,77855,,,,
20250520,194370,제이에스코퍼레이션,8630,300,133055,,,,
20250520,195870,해성디에스,18800,-400,97676,,,,
20250520,200880,서연이화,11320,140,44622,,,,
20250520,204320,HL만도,34250,-850,230500,,,,
20250520,207940,삼성바이오로직스,1511481,-1472,37836,,,,
20250520,210540,디와이파워,12480,370,127948,,,,
20250520,210980,SK디앤디,8420,30,39039,,,,
20250520,213500,한솔제지,8270,-10,33669,,,,
20250520,214320,이노션,17630,120,46711,,,,
20250520,214330,금호에이치티,17354,-245,28054,,,,
20250520,214390,경보제약,5140,-70,18908,,,,
20250520,214420,토니모리,8830,290,222638,,,,
20250520,226320,잇츠한불,11850,150,7984,,,,
20250520,227840,현대코퍼레이션홀딩스,11330,140,35126,,,,
20250520,229640,LS에코에너지,35300,1800,196172,,,,
20250520,234080,JW생명과학,11810,280,28328,,,,
20250520,241560,두산밥캣,48250,1600,256616,,,,
20250520,241590,화승엔터프라이즈,7870,10,187065,,,,
20250520,244920,에이플러스에셋,5180,-30,34143,,,,
20250520,248070,솔루엠,16200,440,137718,,,,
20250520,248170,샘표식품,26050,0,12258,,,,
20250520,249420,일동제약,11520,0,20549,,,,
20250520,251270,넷마블,51500,300,145938,,,,
20250520,259960,크래프톤,379500,9000,96758,,,,
20250520,264900,크라운제과,8250,-10,12743,,,,
20250520,26490K,크라운제과우,9750,40,2268,,,,
20250520,267250,HD현대,82400,-500,156283,,,,
20250520,267260,HD현대일렉트릭,376500,26000,375736,,,,
20250520,267270,HD건설기계,72200,-600,105661,,,,
20250520,267290,경동도시가스,18380,90,8876,,,,
20250520,267850,아시아나IDT,11580,-10,6740,,,,
20250520,268280,미원에스씨,162600,5900,3475,,,,
20250520,271560,오리온,116900,-5300,291913,,,,
20250520,271940,일진하이솔루스,13030,-90,55384,,,,
20250520,271980,제일약품,12000,-40,11098,,,,
20250520,272210,한화시스템,44800,-500,1550131,,,,
20250520,272450,진에어,8970,-10,43675,,,,
20250520,272550,삼양패키징,13300,0,16186,,,,
20250520,278470,에이피알,113100,-700,436888,,,,
20250520,280360,롯데웰푸드,112100,100,10698,,,,
20250520,281820,케이씨텍,26850,-50,43789,,,,
20250520,282330,BGF리테일,100300,0,34549,,,,
20250520,284740,쿠쿠홈시스,26700,1450,109764,,,,
20250520,285130,SK케미칼,53700,0,62258,,,,
20250520,28513K,SK케미칼우,22800,350,9418,,,,
20250520,286940,롯데이노베이트,18660,40,7355,,,,
20250520,293480,하나제약,11300,100,6688,,,,
20250520,293940,신한알파리츠,5730,-40,101843,,,,
20250520,294870,IPARK현대산업개발,24400,-50,207772,,,,
20250520,298000,효성화학,77800,0,0,,,,
20250520,298020,효성티앤씨,233000,-6000,11218,,,,
20250520,298040,효성중공업,582000,9000,58274,,,,
20250520,298050,HS효성첨단소재,195900,-1000,7874,,,,
20250520,298690,에어부산,2075,10,110332,,,,
20250520,300720,한일시멘트,16920,-60,56967,,,,
20250520,302440,SK바이오사이언스,40650,-950,149414,,,,
20250520,306200,세아제강,164200,-400,8049,,,,
20250520,307950,현대오토에버,131700,-2500,32132,,,,
20250520,308170,씨티알모빌리티,6110,-140,1139,,,,
20250520,316140,우리금융지주,18000,160,1095956,,,,
20250520,317400,자이에스앤디,3425,20,26734,,,,
20250520,322000,HD현대에너지솔루션,46950,-3750,488013,,,,
20250520,323410,카카오뱅크,22250,-150,462381,,,,
20250520,326030,SK바이오팜,89200,0,109431,,,,
20250520,329180,HD현대중공업,397000,-26500,303082,,,,
20250520,330590,롯데리츠,3655,40,264109,,,,
20250520,334890,이지스밸류플러스리츠,4672,5,37539,,,,
20250520,336260,두산퓨얼셀,17560,160,306879,,,,
20250520,33626K,두산퓨얼셀1우,4815,105,60724,,,,
20250520,33626L,두산퓨얼셀2우B,8380,270,6163,,,,
20250520,336370,솔루스첨단소재,7720,-130,111688,,,,
20250520,33637K,솔루스첨단소재1우,1717,1,23737,,,,
20250520,33637L,솔루스첨단소재2우B,4055,-40,34195,,,,
20250520,338100,NH프라임리츠,4580,-10,36488,,,,
20250520,339770,교촌에프앤비,5010,-80,86704,,,,
20250520,344820,KCC글라스,29900,100,17005,,,,
20250520,348950,제이알글로벌리츠,2760,30,292505,,,,
20250520,350520,이지스레지던스리츠,4215,-5,15440,,,,
20250520,352820,하이브,277500,7500,162553,,,,
20250520,353200,대덕전자,14740,90,113017,,,,
20250520,35320K,대덕전자1우,7450,100,1609,,,,
20250520,357120,코람코라이프인프라리츠,4565,0,92974,,,,
20250520,357250,미래에셋맵스리츠,2790,5,23891,,,,
20250520,357430,마스턴프리미어리츠,1461,1,48633,,,,
20250520,361610,SK아이이테크놀로지,21050,-1050,204903,,,,
20250520,363280,티와이홀딩스,2240,50,77312,,,,
20250520,36328K,티와이홀딩스우,3690,20,2694,,,,
20250520,365550,ESR켄달스퀘어리츠,4514,20,164890,,,,
20250520,372910,한컴라이프케어,2855,5,49895,,,,
20250520,373220,LG에너지솔루션,279500,-12000,445299,,,,
20250520,375500,DL이앤씨,45200,900,163420,,,,
20250520,37550K,DL이앤씨우,19350,120,3050,,,,
20250520,37550L,DL이앤씨2우(전환),29550,700,5296,,,,
20250520,377190,디앤디플랫폼리츠,3250,-10,36191,,,,
20250520,377300,카카오페이,29050,-250,120186,,,,
20250520,377740,바이오노트,4670,-20,49668,,,,
20250520,378850,화승알앤에이,3165,-30,29272,,,,
20250520,381970,케이카,14420,140,54616,,,,
20250520,383220,F&F,68700,0,37512,,,,
20250520,383800,LX홀딩스,7200,120,60475,,,,
20250520,38380K,LX홀딩스1우,8660,90,1187,,,,
20250520,395400,SK리츠,4905,-20,114392,,,,
20250520,396690,미래에셋글로벌리츠,2790,10,31269,,,,
20250520,400760,NH올원리츠,3615,19,33380,,,,
20250520,402340,SK스퀘어,101100,1300,302243,,,,
20250520,403550,쏘카,13390,-110,6268,,,,
20250520,404990,신한서부티엔디리츠,3460,-5,35192,,,,
20250520,415640,KB발해인프라,7850,30,29047,,,,
20250520,417310,코람코더원리츠,5200,50,23303,,,,
20250520,432320,KB스타리츠,4000,-10,48623,,,,
20250520,443060,HD현대마린솔루션,159400,-5900,138020,,,,
20250520,446070,유니드비티플러스,3955,65,32255,,,,
20250520,448730,삼성FN리츠,4590,0,32177,,,,
20250520,450080,에코프로머티,43300,-1950,544012,,,,
20250520,451800,한화리츠,3810,-5,95431,,,,
20250520,452260,한화갤러리아,1210,11,369256,,,,
20250520,45226K,한화갤러리아우,2220,-50,22716,,,,
20250520,453340,현대그린푸드,17390,380,75811,,,,
20250520,454910,두산로보틱스,48050,-600,188147,,,,
20250520,456040,OCI,56600,-1900,35963,,,,
20250520,457190,이수스페셜티케미컬,38050,-1400,156458,,,,
20250520,460850,동국씨엠,6240,20,12953,,,,
20250520,460860,동국제강,8790,-100,119926,,,,
20250520,462520,조선내화,13210,-80,7102,,,,
20250520,462870,시프트업,56700,1700,180009,,,,
20250520,465770,STX그린로지스,8420,-60,97351,,,,
20250520,475150,SK이터닉스,22900,2250,5250445,,,,
20250520,475560,더본코리아,26700,250,27494,,,,
20250520,480370,씨케이솔루션,3685,-98,475132,,,,
20250520,481850,신한글로벌액티브리츠,1555,3,32406,,,,
20250520,484870,엠앤씨솔루션,34700,300,163344,,,,
20250520,487570,HS효성,39150,650,1875,,,,
20250520,489790,한화비전,57900,-1200,577537,,,,
20250520,499790,GS피앤엘,25900,3600,736318,,,,
20250520,900140,엘브이엠씨홀딩스,1740,-6,222723,,,,
20250520,950210,프레스티지바이오파마,13080,-160,63214,,,,
20250521,000020,동화약품,6330,70,48017,,,,
20250521,000040,KR모터스,2005,-10,35747,,,,
20250521,000050,경방,7250,110,253237,,,,
20250521,000070,삼양홀딩스,42774,-333,42903,,,,
20250521,000080,하이트진로,19250,-10,82069,,,,
20250521,000087,하이트진로2우B,15300,10,898,,,,
20250521,000100,유한양행,108500,3000,340726,,,,
20250521,000105,유한양행우,100000,2500,4743,,,,
20250521,000120,CJ대한통운,77600,-300,58144,,,,
20250521,000140,하이트진로홀딩스,8550,30,9501,,,,
20250521,000145,하이트진로홀딩스우,10670,-140,245,,,,
20250521,000150,두산,416000,6000,179400,,,,
20250521,000155,두산우,289000,-6500,171309,,,,
20250521,000157,두산2우B,357000,-22000,13492,,,,
20250521,000180,성창기업지주,6895,-50,8312,,,,
20250521,000210,DL,39050,-350,73082,,,,
20250521,000215,DL우,21050,-350,2865,,,,
20250521,000220,유유제약,4580,90,36477,,,,
20250521,000225,유유제약1우,5030,40,3902,,,,
20250521,000227,유유제약2우B,10140,140,1573,,,,
20250521,000230,일동홀딩스,6110,90,27823,,,,
20250521,000240,한국앤컴퍼니,16550,-80,68900,,,,
20250521,000270,기아,91200,0,748573,,,,
20250521,000300,DH오토넥스,4200,0,0,,,,
20250521,000320,노루홀딩스,15440,120,10850,,,,
20250521,000325,노루홀딩스우,30650,250,339,,,,
20250521,000370,한화손해보험,4430,5,246231,,,,
20250521,000390,SP삼화,5900,30,24034,,,,
20250521,000400,롯데손해보험,1579,28,151376,,,,
20250521,000430,대원강업,3730,0,33783,,,,
20250521,000480,CR홀딩스,5200,0,2088,,,,
20250521,000490,대동,11210,-270,1817339,,,,
20250521,000500,가온전선,41398,722,178923,,,,
20250521,000520,삼일제약,11910,60,60339,,,,
20250521,000540,흥국화재,3870,20,223152,,,,
20250521,000545,흥국화재우,8500,-300,72706,,,,
20250521,000590,CS홀딩스,73900,-300,815,,,,
20250521,000640,동아쏘시오홀딩스,98772,1748,16203,,,,
20250521,000650,천일고속,39350,-400,70,,,,
20250521,000660,SK하이닉스,200500,-1500,1721760,,,,
20250521,000670,영풍,33904,0,18979,,,,
20250521,000680,LS네트웍스,3555,5,165648,,,,
20250521,000700,유수홀딩스,5580,80,24428,,,,
20250521,000720,현대건설,48950,2200,1243611,,,,
20250521,000725,현대건설우,56800,1800,10248,,,,
20250521,000760,이화산업,11100,250,1132,,,,
20250521,000810,삼성화재,373500,-1000,95995,,,,
20250521,000815,삼성화재우,280000,-500,14422,,,,
20250521,000850,화천기공,29700,300,1187,,,,
20250521,000860,강남제비스코,12170,70,22366,,,,
20250521,000880,한화,61944,1560,180956,,,,
20250521,00088K,한화3우B,23308,453,69387,,,,
20250521,000890,보해양조,2520,-70,79979,,,,
20250521,000910,유니온,4665,-75,189439,,,,
20250521,000950,전방,24000,50,1309,,,,
20250521,000970,한국주철관,6890,30,63099,,,,
20250521,000990,DB하이텍,39150,-100,67908,,,,
20250521,001020,페이퍼코리아,3830,-25,10564,,,,
20250521,001040,CJ,119500,-1100,135381,,,,
20250521,001045,CJ우,71600,-2800,7309,,,,
20250521,00104K,CJ4우(전환),99000,-1000,17801,,,,
20250521,001060,JW중외제약,21750,550,33033,,,,
20250521,001065,JW중외제약우,28300,-300,112,,,,
20250521,001067,JW중외제약2우B,61500,500,6,,,,
20250521,001070,대한방직,5880,180,44972,,,,
20250521,001080,만호제강,2695,-25,6870,,,,
20250521,001120,LX인터내셔널,27450,-150,80417,,,,
20250521,001130,대한제분,13570,120,9420,,,,
20250521,001200,유진투자증권,2895,115,767768,,,,
20250521,001210,금호전기,5490,-70,66675,,,,
20250521,001230,동국홀딩스,1663,5,43127,,,,
20250521,001250,GS글로벌,2580,20,315698,,,,
20250521,001260,남광토건,8520,120,22413,,,,
20250521,001270,부국증권,36000,3550,35450,,,,
20250521,001275,부국증권우,22600,50,13081,,,,
20250521,001290,상상인증권,497,0,145620,,,,
20250521,001340,PKC,5660,-50,138739,,,,
20250521,001360,삼성제약,1472,21,208112,,,,
20250521,001380,SG글로벌,3518,-14,104162,,,,
20250521,001390,KG케미칼,3805,-55,188019,,,,
20250521,001420,태원물산,4140,10,1487,,,,
20250521,001430,세아베스틸지주,19110,-230,87114,,,,
20250521,001440,대한전선,12210,-140,632657,,,,
20250521,001450,현대해상,22550,750,402104,,,,
20250521,001460,BYC,33250,50,1664,,,,
20250521,001465,BYC우,14580,0,1264,,,,
20250521,001470,삼부토건,347,0,0,,,,
20250521,001500,현대차증권,6710,160,291457,,,,
20250521,001510,SK증권,1043,20,503509,,,,
20250521,001515,SK증권우,3488,32,2124,,,,
20250521,001520,동양,1112,36,318489,,,,
20250521,001525,동양우,8560,-30,699,,,,
20250521,001527,동양2우B,16460,320,680,,,,
20250521,001530,DI동일,35096,-190,33250,,,,
20250521,001550,조비,12290,30,20341,,,,
20250521,001560,제일연마,9560,340,12741,,,,
20250521,001570,금양,9900,0,0,,,,
20250521,001620,케이비아이동국실업,2485,-40,20733,,,,
20250521,001630,종근당홀딩스,49200,1100,4356,,,,
20250521,001680,대상,21100,0,147560,,,,
20250521,001685,대상우,16400,60,9379,,,,
20250521,001720,신영증권,110900,1600,19386,,,,
20250521,001740,SK네트웍스,3985,-10,273592,,,,
20250521,001750,한양증권,15000,500,34448,,,,
20250521,001755,한양증권우,14950,350,1607,,,,
20250521,001770,SHD,15900,-290,3613,,,,
20250521,001780,알루코,2630,130,1119651,,,,
20250521,001790,대한제당,2760,40,1062145,,,,
20250521,001795,대한제당우,2300,5,210710,,,,
20250521,001800,오리온홀딩스,18750,-130,170196,,,,
20250521,001820,삼화콘덴서,24300,100,17185,,,,
20250521,001940,KISCO홀딩스,22150,-50,11194,,,,
20250521,002020,코오롱,23500,-350,46338,,,,
20250521,002025,코오롱우,14560,-130,8068,,,,
20250521,002030,아세아,268500,3500,655,,,,
20250521,002070,비비안,18519,79,26925,,,,
20250521,002100,경농,9400,30,18706,,,,
20250521,002140,고려산업,2765,15,85288,,,,
20250521,002150,도화엔지니어링,6530,-40,12101,,,,
20250521,002170,SYTS,49200,150,1290,,,,
20250521,002200,한국수출포장,2845,30,76303,,,,
20250521,002210,동성제약,2780,0,0,,,,
20250521,002220,한일철강,1980,-12,15890,,,,
20250521,002240,고려제강,17090,30,3551,,,,
20250521,002310,아세아제지,7240,40,139222,,,,
20250521,002320,한진,19750,-100,11952,,,,
20250521,002350,넥센타이어,6240,190,519892,,,,
20250521,002355,넥센타이어1우B,3035,15,54394,,,,
20250521,002360,SH에너지화학,4420,70,12477,,,,
20250521,002380,KCC,270500,12500,36034,,,,
20250521,002390,한독,11490,100,14519,,,,
20250521,002410,범양건영,1935,0,0,,,,
20250521,002420,세기상사,4990,-160,17942,,,,
20250521,002450,삼익악기,1240,-10,221700,,,,
20250521,002460,HS화성,10000,-40,2118,,,,
20250521,002600,조흥,155700,-2200,16,,,,
20250521,002620,제일파마홀딩스,7960,60,2956,,,,
20250521,002630,오리엔트바이오,2798,10,1401123,,,,
20250521,002690,동일제강,1512,-1,10957,,,,
20250521,002700,신일전자,1523,16,310935,,,,
20250521,002710,TCC스틸,17220,-40,158910,,,,
20250521,002720,국제약품,4725,125,449750,,,,
20250521,002760,보락,1084,9,53151,,,,
20250521,002780,진흥기업,746,15,1916936,,,,
20250521,002785,진흥기업우B,4370,1005,122582,,,,
20250521,002787,진흥기업2우B,8600,-1540,205689,,,,
20250521,002790,아모레퍼시픽홀딩스,24100,1250,366245,,,,
20250521,002795,아모레퍼시픽홀딩스우,9900,310,22199,,,,
20250521,00279K,아모레퍼시픽홀딩스3우C,19000,600,21311,,,,
20250521,002810,삼영무역,14690,80,11553,,,,
20250521,002820,SUN&L,2930,60,5936,,,,
20250521,002840,미원상사,181200,1300,2088,,,,
20250521,002870,신풍,1027,21,331397,,,,
20250521,002880,디와이에이,981,5,46649,,,,
20250521,002900,TYM,5600,-130,457986,,,,
20250521,002920,유성기업,1966,-1,9361,,,,
20250521,002960,한국쉘석유,384500,-500,710,,,,
20250521,002990,금호건설,2890,65,62983,,,,
20250521,002995,금호건설우,12120,150,2652,,,,
20250521,003000,부광약품,3701,18,57592,,,,
20250521,003010,혜인,5010,0,38336,,,,
20250521,003030,세아제강지주,224000,-1500,7010,,,,
20250521,003060,에이프로젠바이오로직스,651,19,324261,,,,
20250521,003070,코오롱글로벌,8710,-20,8347,,,,
20250521,003075,코오롱글로벌우,15320,-80,170,,,,
20250521,003080,SB성보,2580,20,49075,,,,
20250521,003090,대웅,20250,320,23010,,,,
20250521,003120,일성아이에스,17780,530,11638,,,,
20250521,003160,디아이,15040,-40,191495,,,,
20250521,003200,일신방직,9350,-20,18751,,,,
20250521,003220,대원제약,13360,180,26706,,,,
20250521,003230,삼양식품,1159000,15000,43599,,,,
20250521,003240,태광산업,798000,-43000,5323,,,,
20250521,003280,흥아해운,1570,27,646838,,,,
20250521,003300,한일홀딩스,15110,520,23710,,,,
20250521,003350,한국화장품제조,9850,50,126660,,,,
20250521,003460,유화증권,2480,55,22400,,,,
20250521,003465,유화증권우,2395,15,977,,,,
20250521,003470,유안타증권,3180,80,487549,,,,
20250521,003475,유안타증권우,3130,-5,32767,,,,
20250521,003480,한진중공업홀딩스,5140,100,151362,,,,
20250521,003490,대한항공,21900,-200,586709,,,,
20250521,003495,대한항공우,22700,0,4928,,,,
20250521,003520,영진약품,2160,-20,522102,,,,
20250521,003530,한화투자증권,4085,170,2319349,,,,
20250521,003535,한화투자증권우,6470,60,7097,,,,
20250521,003540,대신증권,20600,500,229519,,,,
20250521,003545,대신증권우,17910,240,90637,,,,
20250521,003547,대신증권2우B,17070,200,42404,,,,
20250521,003550,LG,69000,200,102974,,,,
20250521,003555,LG우,57700,300,3087,,,,
20250521,003570,SNT다이내믹스,40800,1500,194427,,,,
20250521,003580,HLB글로벌,2985,20,24873,,,,
20250521,003610,방림,4000,0,97796,,,,
20250521,003620,KG모빌리티,3280,-85,258977,,,,
20250521,003650,미창석유,99800,-500,590,,,,
20250521,003670,포스코퓨처엠,101487,-2908,249211,,,,
20250521,003680,한성기업,5150,30,43619,,,,
20250521,003690,코리안리,9070,220,384378,,,,
20250521,003720,삼영,4060,20,92116,,,,
20250521,003780,진양산업,5760,90,895430,,,,
20250521,003830,대한화섬,121700,-100,334,,,,
20250521,003850,보령,8420,170,94432,,,,
20250521,003920,남양유업,77700,-200,10227,,,,
20250521,003925,남양유업우,39200,200,373609,,,,
20250521,003960,사조대림,38800,0,20263,,,,
20250521,004000,롯데정밀화학,36000,150,28102,,,,
20250521,004020,현대제철,24700,-200,231417,,,,
20250521,004060,SG세계물산,3290,30,20035,,,,
20250521,004080,신흥,14530,-70,6072,,,,
20250521,004090,한국석유,12470,330,64282,,,,
20250521,004100,태양금속,2675,50,894066,,,,
20250521,004105,태양금속우,3900,60,70415,,,,
20250521,004140,동방,2440,35,295801,,,,
20250521,004150,한솔홀딩스,2570,40,26121,,,,
20250521,004170,신세계,167200,-1900,37032,,,,
20250521,004250,NPC,4235,0,8483,,,,
20250521,004255,NPC우,2410,0,6460,,,,
20250521,004270,남성,8212,-111,5218,,,,
20250521,004310,현대약품,3370,40,82690,,,,
20250521,004360,세방,12830,100,22940,,,,
20250521,004365,세방우,8280,80,43228,,,,
20250521,004370,농심,427000,-500,21896,,,,
20250521,004380,삼익THK,13000,0,0,,,,
20250521,004410,서울식품,1560,0,53027,,,,
20250521,004415,서울식품우,12420,20,391,,,,
20250521,004430,송원산업,11810,30,12015,,,,
20250521,004440,삼일씨엔에스,4355,5,13566,,,,
20250521,004450,삼화왕관,39000,1500,2723,,,,
20250521,004490,세방전지,64900,-800,29336,,,,
20250521,004540,깨끗한나라,2205,-5,124162,,,,
20250521,004545,깨끗한나라우,12400,-330,572,,,,
20250521,004560,현대비앤지스틸,11750,140,28443,,,,
20250521,004690,삼천리,109000,200,20710,,,,
20250521,004700,조광피혁,57200,2500,5483,,,,
20250521,004710,한솔테크닉스,5112,98,100706,,,,
20250521,004720,팜젠사이언스,4115,115,69382,,,,
20250521,004770,써니전자,1709,17,356094,,,,
20250521,004800,효성,55500,900,20320,,,,
20250521,004830,덕성,5920,10,64867,,,,
20250521,004835,덕성우,7800,-30,11635,,,,
20250521,004840,DRB동일,4290,15,7875,,,,
20250521,004870,티웨이홀딩스,3077,-15,64011,,,,
20250521,004890,동일산업,42650,-500,485,,,,
20250521,004910,조광페인트,5520,60,28940,,,,
20250521,004920,씨아이테크,1227,-50,244906,,,,
20250521,004960,한신공영,7850,140,37414,,,,
20250521,004970,신라교역,9140,50,6054,,,,
20250521,004980,성신양회,8720,-100,140036,,,,
20250521,004985,성신양회우,12330,-120,16953,,,,
20250521,004990,롯데지주,24050,-250,68776,,,,
20250521,00499K,롯데지주우,27250,0,77,,,,
20250521,005010,휴스틸,4800,65,202083,,,,
20250521,005030,부산주공,486,0,0,,,,
20250521,005070,코스모신소재,31350,-450,220776,,,,
20250521,005090,SGC에너지,23450,0,11613,,,,
20250521,005110,한창,1254,0,0,,,,
20250521,005180,빙그레,85100,600,38158,,,,
20250521,005250,녹십자홀딩스,13790,190,37668,,,,
20250521,005257,녹십자홀딩스2우,19750,0,101,,,,
20250521,005300,롯데칠성,100600,-1500,28842,,,,
20250521,005305,롯데칠성우,64700,700,1178,,,,
20250521,005320,온타이드,1090,56,108564,,,,
20250521,005360,모나미,2055,10,14775,,,,
20250521,005380,현대차,188000,-1500,558502,,,,
20250521,005385,현대차우,149100,-400,43802,,,,
20250521,005387,현대차2우B,150100,-700,61966,,,,
20250521,005389,현대차3우B,149700,0,5651,,,,
20250521,005420,코스모화학,13430,-230,146308,,,,
20250521,005430,한국공항,52600,-200,10816,,,,
20250521,005440,현대지에프홀딩스,7220,370,787601,,,,
20250521,005490,POSCO홀딩스,240500,-500,155222,,,,
20250521,005500,삼진제약,17330,0,12647,,,,
20250521,005610,삼립,53100,-300,30322,,,,
20250521,005680,삼영전자,10660,-80,15587,,,,
20250521,005690,파미셀,11370,580,609121,,,,
20250521,005720,넥센,5700,270,85075,,,,
20250521,005725,넥센우,3870,135,22244,,,,
20250521,005740,크라운해태홀딩스,6230,80,48920,,,,
20250521,005745,크라운해태홀딩스우,8360,10,5469,,,,
20250521,005750,대림바스,4120,40,18041,,,,
20250521,005800,신영와코루,11350,150,7602,,,,
20250521,005810,풍산홀딩스,30850,1000,58255,,,,
20250521,005820,원림,14700,480,1603,,,,
20250521,005830,DB손해보험,97200,1200,146029,,,,
20250521,005850,에스엘,31250,350,55030,,,,
20250521,005870,휴니드,8430,120,350990,,,,
20250521,005880,대한해운,1548,37,1520223,,,,
20250521,005930,삼성전자,55700,-200,7794181,,,,
20250521,005935,삼성전자우,46050,250,647251,,,,
20250521,005940,NH투자증권,16160,320,444300,,,,
20250521,005945,NH투자증권우,14600,310,41573,,,,
20250521,005950,이수화학,5350,20,16885,,,,
20250521,005960,동부건설,4520,-10,29823,,,,
20250521,005965,동부건설우,20150,100,108,,,,
20250521,006040,동원산업,45500,-600,47264,,,,
20250521,006060,화승인더,4515,-105,133868,,,,
20250521,006090,사조오양,8500,0,7595,,,,
20250521,006110,삼아알미늄,20100,-250,51096,,,,
20250521,006120,SK디스커버리,45500,50,26449,,,,
20250521,006125,SK디스커버리우,36200,-150,5416,,,,
20250521,006200,한국전자홀딩스,3430,-15,6049,,,,
20250521,006220,제주은행,9240,-60,73099,,,,
20250521,006260,LS,147900,-500,162371,,,,
20250521,006280,녹십자,125100,700,18068,,,,
20250521,006340,대원전선,2940,-35,919156,,,,
20250521,006345,대원전선우,3910,-70,31954,,,,
20250521,006360,GS건설,19360,220,521424,,,,
20250521,006370,대구백화점,6800,-50,14734,,,,
20250521,006380,카프로,3660,0,0,,,,
20250521,006400,삼성SDI,161800,300,291613,,,,
20250521,006405,삼성SDI우,100200,500,5220,,,,
20250521,006490,프리티,6625,-140,163045,,,,
20250521,006570,대림통상,2490,55,15328,,,,
20250521,006650,대한유화,80100,-300,20560,,,,
20250521,006660,삼성공조,15400,-170,146477,,,,
20250521,006740,블루산업개발,2311,19,23045,,,,
20250521,006800,미래에셋증권,13501,687,2042503,,,,
20250521,006805,미래에셋증권우,5716,187,128400,,,,
20250521,00680K,미래에셋증권2우B,5062,196,1609655,,,,
20250521,006840,AK홀딩스,10620,10,7331,,,,
20250521,006880,신송홀딩스,7250,30,55728,,,,
20250521,006890,태경케미컬,11600,70,25555,,,,
20250521,006980,우성,16020,-330,862,,,,
20250521,007070,GS리테일,13620,-290,213619,,,,
20250521,007110,일신석재,2285,0,2490010,,,,
20250521,007120,미래아이앤지,1089,-6,97235,,,,
20250521,007160,사조산업,43000,-3200,37422,,,,
20250521,007210,벽산,2255,-60,530135,,,,
20250521,007280,한국특강,3324,20,2629,,,,
20250521,007310,오뚜기,383500,-3500,6523,,,,
20250521,007340,DN오토모티브,21050,550,65295,,,,
20250521,007460,에이프로젠,667,29,1544193,,,,
20250521,007540,샘표,41800,-50,4408,,,,
20250521,007570,일양약품,14667,235,63152,,,,
20250521,007575,일양약품우,14789,153,585,,,,
20250521,007590,동방아그로,6130,0,3680,,,,
20250521,007610,선도전기,3000,0,0,,,,
20250521,007660,이수페타시스,39850,-700,832031,,,,
20250521,007690,국도화학,32700,200,6692,,,,
20250521,007700,F&F홀딩스,13670,480,31011,,,,
20250521,007810,코리아써키트,10180,260,34518,,,,
20250521,007815,코리아써우,5360,-280,13141,,,,
20250521,00781K,코리아써키트2우B,5350,80,66,,,,
20250521,007860,서연,8500,200,187218,,,,
20250521,007980,TP,1356,15,158286,,,,
20250521,008040,사조동아원,1045,-5,614713,,,,
20250521,008060,대덕,7570,-10,83108,,,,
20250521,00806K,대덕1우,7730,20,1019,,,,
20250521,008250,이건산업,5440,-70,26807,,,,
20250521,008260,NI스틸,3435,50,36784,,,,
20250521,008350,남선알미늄,1252,15,291221,,,,
20250521,008355,남선알미우,12800,-70,565,,,,
20250521,008420,문배철강,2290,5,21785,,,,
20250521,008490,서흥,18970,470,163299,,,,
20250521,008600,윌비스,6050,-113,134232,,,,
20250521,008700,아남전자,1463,25,430850,,,,
20250521,008730,율촌화학,27650,-1550,138188,,,,
20250521,008770,호텔신라,47600,-500,194815,,,,
20250521,008775,호텔신라우,34100,100,1565,,,,
20250521,008870,금비,57600,-100,882,,,,
20250521,008930,한미사이언스,32750,-2250,449445,,,,
20250521,008970,KBI동양철관,2530,7,3552321,,,,
20250521,009070,KCTC,4050,135,81485,,,,
20250521,009140,경인전자,19570,-270,4844,,,,
20250521,009150,삼성전기,120700,1300,245860,,,,
20250521,009155,삼성전기우,54600,100,4549,,,,
20250521,009160,SIMPAC,4410,50,87573,,,,
20250521,009180,한솔로지스틱스,2225,20,28469,,,,
20250521,009190,대양금속,1665,-30,178978,,,,
20250521,009200,무림페이퍼,2100,-10,68668,,,,
20250521,009240,한샘,41150,-200,15786,,,,
20250521,009270,신원,1892,53,2283597,,,,
20250521,009290,광동제약,5420,30,24799,,,,
20250521,009310,참엔지니어링,1266,-27,67801,,,,
20250521,009320,아진전자부품,1002,-2,41723,,,,
20250521,009410,태영건설,2685,75,329303,,,,
20250521,009415,태영건설우,5740,20,15709,,,,
20250521,009420,한올바이오파마,25900,350,118821,,,,
20250521,009440,KC그린홀딩스,756,0,0,,,,
20250521,009450,경동나비엔,76000,200,48858,,,,
20250521,009460,한창제지,3595,20,6218,,,,
20250521,009470,삼화전기,27950,200,26397,,,,
20250521,009540,HD한국조선해양,291500,12500,240404,,,,
20250521,009580,무림P&P,2805,-25,34457,,,,
20250521,009680,모토닉,10100,370,124191,,,,
20250521,009770,삼정펄프,26800,200,1271,,,,
20250521,009810,MDS스피어,3095,10,14569,,,,
20250521,009830,한화솔루션,35796,1462,3333865,,,,
20250521,009835,한화솔루션우,26373,497,51874,,,,
20250521,009900,명신산업,8060,10,31247,,,,
20250521,009970,영원무역홀딩스,108100,-3900,21245,,,,
20250521,010040,한국내화,2310,0,8176,,,,
20250521,010060,OCI홀딩스,71500,-200,85780,,,,
20250521,010100,한국무브넥스,4120,15,98892,,,,
20250521,010120,LS ELECTRIC,50800,300,866260,,,,
20250521,010130,고려아연,797000,1000,9676,,,,
20250521,010140,삼성중공업,14890,700,11124325,,,,
20250521,010400,우진아이엔에스,2675,15,2344,,,,
20250521,010580,에스엠벡셀,1229,5,17976,,,,
20250521,010640,진양폴리,3491,0,48269,,,,
20250521,010660,화천기계,4180,-45,159094,,,,
20250521,010690,화신,7920,-60,47443,,,,
20250521,010770,평화홀딩스,9810,710,11558838,,,,
20250521,010780,아이에스동서,18210,-60,19795,,,,
20250521,010820,퍼스텍,3805,195,789594,,,,
20250521,010950,S-Oil,50900,200,78275,,,,
20250521,010955,S-Oil우,35000,0,3692,,,,
20250521,010960,삼호개발,3360,-50,154788,,,,
20250521,011000,진원생명과학,12950,-50,948699,,,,
20250521,011070,LG이노텍,144600,2000,49758,,,,
20250521,011090,에넥스,3660,10,67063,,,,
20250521,011150,CJ씨푸드,3050,40,186742,,,,
20250521,011155,CJ씨푸드1우,17500,250,554,,,,
20250521,011170,롯데케미칼,56700,100,58723,,,,
20250521,011200,HMM,22350,250,1397616,,,,
20250521,011210,현대위아,41050,-150,61868,,,,
20250521,011230,삼화전자,4200,0,55010,,,,
20250521,011280,태림포장,2170,-15,97137,,,,
20250521,011300,우성머티리얼스,4680,-160,38395,,,,
20250521,011330,유니켐,15400,50,17283,,,,
20250521,011390,부산산업,102600,1000,13579,,,,
20250521,011420,갤럭시아에스엠,2305,-15,308692,,,,
20250521,011500,한농화성,14170,170,41923,,,,
20250521,011690,와이투솔루션,2795,-5,262312,,,,
20250521,011700,한신기계,2980,0,135141,,,,
20250521,011760,현대코퍼레이션,24500,200,143711,,,,
20250521,011780,금호석유화학,109300,-1000,49808,,,,
20250521,011785,금호석유화학우,53000,0,3935,,,,
20250521,011790,SKC,87790,940,181182,,,,
20250521,011810,STX,3225,70,126487,,,,
20250521,011930,신성이엔지,14150,-50,164899,,,,
20250521,012030,DB,1247,-9,136662,,,,
20250521,012160,영흥,2510,-55,44789,,,,
20250521,012170,아센디오,3850,-135,38837,,,,
20250521,012200,계양전기,1373,-3,28887,,,,
20250521,012205,계양전기우,3703,83,1158,,,,
20250521,012280,영화금속,830,2,80358,,,,
20250521,012320,경동인베스트,54800,-100,3790,,,,
20250521,012330,현대모비스,247500,-500,85462,,,,
20250521,012450,한화에어로스페이스,837000,34465,244780,,,,
20250521,012610,경인양행,3225,0,12201,,,,
20250521,012630,HDC,19800,540,164224,,,,
20250521,012690,모나리자,2780,10,99915,,,,
20250521,012750,에스원,66600,600,16367,,,,
20250521,012800,대창,1287,15,169860,,,,
20250521,013000,세우글로벌,1163,-6,66941,,,,
20250521,013360,일성건설,2485,-80,553614,,,,
20250521,013520,화승코퍼레이션,1949,-18,23295,,,,
20250521,013570,디와이,4070,40,31805,,,,
20250521,013580,계룡건설,19550,-70,442533,,,,
20250521,013700,까뮤이앤씨,1139,1,98949,,,,
20250521,013870,지엠비코리아,3945,110,24767,,,,
20250521,013890,지누스,17430,-520,80479,,,,
20250521,014130,한익스프레스,3400,30,4157,,,,
20250521,014160,대영포장,1453,-70,22178955,,,,
20250521,014280,금강공업,4500,-65,65582,,,,
20250521,014285,금강공업우,6970,240,152,,,,
20250521,014440,영보화학,4405,0,66010,,,,
20250521,014530,극동유화,3415,20,105334,,,,
20250521,014580,태경비케이,4700,75,78180,,,,
20250521,014680,한솔케미칼,122300,-2700,45201,,,,
20250521,014710,사조씨푸드,5600,0,107539,,,,
20250521,014790,HL D&I,2410,20,14257,,,,
20250521,014820,동원시스템즈,29900,50,21124,,,,
20250521,014825,동원시스템즈우,17580,210,30,,,,
20250521,014830,유니드,93500,0,25603,,,,
20250521,014910,성문전자,1205,10,48080,,,,
20250521,014915,성문전자우,4530,-40,861,,,,
20250521,014990,인디에프,4780,-80,34085,,,,
20250521,015020,이스타코,2334,-36,215291,,,,
20250521,015230,대창단조,5680,50,203625,,,,
20250521,015260,에이엔피,436,-5,12059,,,,
20250521,015360,INVENI,10140,-80,31380,,,,
20250521,015590,DKME,2575,0,0,,,,
20250521,015760,한국전력,29300,200,2003643,,,,
20250521,015860,일진홀딩스,4200,25,50006,,,,
20250521,015890,태경산업,4895,10,32568,,,,
20250521,016090,대현,1897,11,86252,,,,
20250521,016360,삼성증권,56100,2100,470097,,,,
20250521,016380,KG스틸,5730,-20,61266,,,,
20250521,016450,한세예스24홀딩스,3810,25,8016,,,,
20250521,016580,환인제약,11250,70,9925,,,,
20250521,016590,신대양제지,8870,200,55115,,,,
20250521,016610,DB증권,6520,170,138990,,,,
20250521,016710,대성홀딩스,7970,-160,27718,,,,
20250521,016740,두올,3200,55,50836,,,,
20250521,016800,퍼시스,43850,-300,356,,,,
20250521,016880,웅진,1827,52,940653,,,,
20250521,017040,광명전기,1578,-31,279684,,,,
20250521,017180,명문제약,1663,24,19246,,,,
20250521,017370,우신시스템,7380,-10,113169,,,,
20250521,017390,서울가스,55000,0,11091,,,,
20250521,017550,수산세보틱스,1837,-1,38226,,,,
20250521,017670,SK텔레콤,51600,100,615409,,,,
20250521,017800,현대엘리베이터,73500,-900,104191,,,,
20250521,017810,풀무원,12710,0,62603,,,,
20250521,017860,DS단석,23668,99,62475,,,,
20250521,017900,광전자,1831,-21,49780,,,,
20250521,017940,E1,67900,0,10927,,,,
20250521,017960,한국카본,21500,700,670137,,,,
20250521,018250,애경산업,14030,-140,38889,,,,
20250521,018260,삼성에스디에스,134600,6900,271342,,,,
20250521,018470,조일알미늄,1580,11,358925,,,,
20250521,018500,동원모빌리티,1456,6,195253,,,,
20250521,018670,SK가스,210500,-3000,12536,,,,
20250521,018880,한온시스템,3062,37,322626,,,,
20250521,019170,신풍제약,8060,350,244133,,,,
20250521,019175,신풍제약우,12500,10,8467,,,,
20250521,019180,티에이치엔,2800,-10,75899,,,,
20250521,019490,엑시큐어하이트론,980,-20,3839134,,,,
20250521,019680,대교,2345,25,32387,,,,
20250521,019685,대교우B,1306,6,25281,,,,
20250521,020000,한섬,15250,70,55696,,,,
20250521,020120,키다리스튜디오,3260,0,36840,,,,
20250521,020150,롯데에너지머티리얼즈,20100,-100,101451,,,,
20250521,020560,아시아나항공,9740,0,34689,,,,
20250521,020760,일진디스플,737,-1,10212,,,,
20250521,021050,서원,1188,5,65561,,,,
20250521,021240,코웨이,90300,-2500,223484,,,,
20250521,021820,세원정공,8650,-30,4221,,,,
20250521,022100,포스코DX,21700,100,239341,,,,
20250521,023000,삼원강재,2520,50,17259,,,,
20250521,023150,MH에탄올,5030,20,5603,,,,
20250521,023350,한국종합기술,5500,-20,32064,,,,
20250521,023450,동남합성,34400,100,1416,,,,
20250521,023530,롯데쇼핑,75300,-600,44985,,,,
20250521,023590,다우기술,23800,300,85539,,,,
20250521,023800,인지컨트롤스,5970,30,21514,,,,
20250521,023810,인팩,5720,-10,3745,,,,
20250521,023960,에쓰씨엔지니어링,1291,-25,130562,,,,
20250521,024070,WISCOM,1920,70,11537,,,,
20250521,024090,디씨엠,12600,-10,19152,,,,
20250521,024110,기업은행,15450,20,622127,,,,
20250521,024720,콜마홀딩스,11770,-470,905962,,,,
20250521,024890,대원화성,4505,15,4359,,,,
20250521,024900,디와이덕양,2655,15,31767,,,,
20250521,025000,KPX케미칼,41976,-47,7820,,,,
20250521,025530,SJM홀딩스,3355,-45,7473,,,,
20250521,025540,한국단자,59900,-600,27022,,,,
20250521,025560,미래산업,2255,21,98920,,,,
20250521,025620,차AI헬스케어,8160,160,26179,,,,
20250521,025750,한솔홈데코,3780,-105,447172,,,,
20250521,025820,이구산업,4220,-5,83254,,,,
20250521,025860,남해화학,7160,-60,92225,,,,
20250521,025890,한국주강,1807,15,24614,,,,
20250521,026890,스틱인베스트먼트,10600,200,103421,,,,
20250521,026940,부국철강,2370,0,37054,,,,
20250521,026960,동서,24150,-250,60342,,,,
20250521,027410,BGF,3745,35,108440,,,,
20250521,027740,마니커,2312,182,33174893,,,,
20250521,027970,한국제지,4130,-15,9162,,,,
20250521,028050,삼성E&A,20700,250,1030420,,,,
20250521,028100,동아지질,15290,110,40218,,,,
20250521,028260,삼성물산,139000,14600,1746887,,,,
20250521,02826K,삼성물산우B,103000,7900,27882,,,,
20250521,028670,팬오션,3585,35,664041,,,,
20250521,029460,케이씨,21600,200,19245,,,,
20250521,029530,신도리코,44400,600,4732,,,,
20250521,029780,삼성카드,42250,400,53954,,,,
20250521,030000,제일기획,18080,-80,138562,,,,
20250521,030190,NICE평가정보,14140,-330,49473,,,,
20250521,030200,KT,51300,-600,503850,,,,
20250521,030210,다올투자증권,3315,110,123907,,,,
20250521,030610,교보증권,7630,260,307469,,,,
20250521,030720,동원수산,5430,30,24969,,,,
20250521,031210,서울보증보험,33850,150,72236,,,,
20250521,031430,신세계인터내셔날,10250,50,117286,,,,
20250521,031820,아이티센씨티에스,6160,110,46124,,,,
20250521,032350,롯데관광개발,10960,-730,803897,,,,
20250521,032560,황금에스티,5620,120,22607,,,,
20250521,032640,LG유플러스,13000,120,1056347,,,,
20250521,032830,삼성생명,91500,3300,406323,,,,
20250521,033240,자화전자,11910,-40,38921,,,,
20250521,033250,체시스,5540,-55,28531,,,,
20250521,033270,유나이티드제약,19690,600,44400,,,,
20250521,033530,SJG세종,4360,10,20200,,,,
20250521,033780,KT&G,118400,200,240677,,,,
20250521,033920,무학,7550,280,105075,,,,
20250521,034020,두산에너빌리티,39100,1900,17374970,,,,
20250521,034120,SBS,23400,-600,80001,,,,
20250521,034220,LG디스플레이,8300,40,664366,,,,
20250521,034230,파라다이스,13450,-100,313066,,,,
20250521,034310,NICE,11410,30,21824,,,,
20250521,034590,인천도시가스,25000,0,1316,,,,
20250521,034730,SK,139300,-100,82070,,,,
20250521,03473K,SK우,122600,100,830,,,,
20250521,034830,한국토지신탁,1100,6,397526,,,,
20250521,035000,HS애드,7040,20,22951,,,,
20250521,035150,백산,14550,-190,32473,,,,
20250521,035250,강원랜드,17150,210,449931,,,,
20250521,035420,NAVER,184800,-200,382117,,,,
20250521,035510,신세계 I&C,12110,160,83612,,,,
20250521,035720,카카오,37450,900,1327371,,,,
20250521,036420,콘텐트리중앙,9830,180,68454,,,,
20250521,036460,한국가스공사,38500,450,344318,,,,
20250521,036530,SNT홀딩스,42150,2050,41579,,,,
20250521,036570,NC,155500,-100,68349,,,,
20250521,036580,팜스코,2310,25,23350,,,,
20250521,037270,YG PLUS,5870,20,594976,,,,
20250521,037560,LG헬로비전,2560,10,241170,,,,
20250521,037710,광주신세계,27900,0,13149,,,,
20250521,039130,하나투어,47900,-800,73147,,,,
20250521,039490,키움증권,149800,5400,86811,,,,
20250521,039570,HDC랩스,8820,120,11473,,,,
20250521,041650,상신브레이크,3010,25,31112,,,,
20250521,042660,한화오션,79200,1600,1367156,,,,
20250521,042700,한미반도체,84200,-1200,630075,,,,
20250521,044380,주연테크,1640,5,21421,,,,
20250521,044450,KSS해운,9530,-20,76612,,,,
20250521,044820,코스맥스비티아이,12890,-50,11120,,,,
20250521,047040,대우건설,3785,-5,1413292,,,,
20250521,047050,포스코인터내셔널,48100,500,315549,,,,
20250521,047400,유니온머티리얼,1633,-17,126450,,,,
20250521,047810,한국항공우주,87700,1200,536310,,,,
20250521,049800,우진플라임,2060,-5,10800,,,,
20250521,051600,한전KPS,41400,250,127322,,,,
20250521,051630,진양화학,2040,0,42994,,,,
20250521,051900,LG생활건강,311500,-500,22361,,,,
20250521,051905,LG생활건강우,121000,-100,2437,,,,
20250521,051910,LG화학,188000,-1700,379736,,,,
20250521,051915,LG화학우,97300,200,43481,,,,
20250521,052690,한전기술,62100,-900,172639,,,,
20250521,053210,스카이라이프,4375,-5,36451,,,,
20250521,053690,한미글로벌,16040,-230,28570,,,,
20250521,055490,테이팩스,13470,100,5517,,,,
20250521,055550,신한지주,53800,0,855647,,,,
20250521,058430,포스코스틸리온,3780,55,117960,,,,
20250521,058650,세아홀딩스,97100,300,136,,,,
20250521,058730,다스코,3025,-40,100469,,,,
20250521,058850,KTcs,2850,20,140492,,,,
20250521,058860,KTis,2955,45,283283,,,,
20250521,060980,HL홀딩스,37900,-50,17377,,,,
20250521,062040,산일전기,67100,0,240903,,,,
20250521,063160,종근당바이오,22300,400,4169,,,,
20250521,064350,현대로템,119600,5900,1411119,,,,
20250521,064400,LG씨엔에스,53200,400,156131,,,,
20250521,064960,SNT모티브,31300,2200,149705,,,,
20250521,066570,LG전자,70300,-200,240943,,,,
20250521,066575,LG전자우,34600,-50,24674,,,,
20250521,066970,엘앤에프,54500,-2600,314158,,,,
20250521,067830,세이브존I&C,2440,-5,42584,,,,
20250521,068270,셀트리온,143774,1194,483706,,,,
20250521,068290,삼성출판사,17570,0,46756,,,,
20250521,069260,TKG휴켐스,15980,-60,39840,,,,
20250521,069460,대호에이엘,8940,110,56072,,,,
20250521,069620,대웅제약,145200,6900,33386,,,,
20250521,069640,한세엠케이,2560,-26,98717,,,,
20250521,069730,DSR제강,3560,5,10980,,,,
20250521,069960,현대백화점,66200,-200,46642,,,,
20250521,070960,모나용평,4400,5,108048,,,,
20250521,071050,한국금융지주,97700,1000,199206,,,,
20250521,071055,한국금융지주우,72400,900,20698,,,,
20250521,071090,하이스틸,4100,20,370343,,,,
20250521,071320,지역난방공사,72800,3900,32933,,,,
20250521,071840,롯데하이마트,7550,110,13327,,,,
20250521,071950,코아스,9630,260,39505,,,,
20250521,071970,HD현대마린엔진,41200,2500,838699,,,,
20250521,072130,유엔젤,5250,170,183971,,,,
20250521,072710,농심홀딩스,72300,0,4943,,,,
20250521,073240,금호타이어,4340,-35,575070,,,,
20250521,074610,이엔플러스,5110,0,0,,,,
20250521,075180,새론오토모티브,3260,-5,11972,,,,
20250521,075580,세진중공업,12030,2770,13354919,,,,
20250521,077500,유니퀘스트,6150,60,54807,,,,
20250521,077970,STX엔진,25800,350,372759,,,,
20250521,078000,텔코웨어,12920,10,308352,,,,
20250521,078520,에이블씨엔씨,6940,-30,39551,,,,
20250521,078930,GS,39850,400,255478,,,,
20250521,078935,GS우,38300,350,6119,,,,
20250521,079160,CJ CGV,4595,-30,192063,,,,
20250521,079430,현대리바트,7720,120,16297,,,,
20250521,079550,LIG디펜스앤에어로스페이스,418500,13000,142073,,,,
20250521,079900,전진건설로봇,51500,-100,111908,,,,
20250521,079980,휴비스,2910,-10,37043,,,,
20250521,081000,일진다이아,12240,0,6396,,,,
20250521,081660,미스토홀딩스,35450,-500,137950,,,,
20250521,082640,동양생명,5570,90,92994,,,,
20250521,082740,한화엔진,29150,850,883720,,,,
20250521,083420,그린케미칼,8760,500,434650,,,,
20250521,084010,대한제강,11396,194,59795,,,,
20250521,084670,동양고속,7540,40,6937,,,,
20250521,084680,이월드,1442,-8,123921,,,,
20250521,084690,대상홀딩스,9460,60,126872,,,,
20250521,084695,대상홀딩스우,14360,-80,6268,,,,
20250521,084870,TBH글로벌,1208,59,36760,,,,
20250521,085310,엔케이,8350,-20,12229,,,,
20250521,085620,미래에셋생명,5350,-70,70476,,,,
20250521,086280,현대글로비스,109600,-200,220443,,,,
20250521,086790,하나금융지주,67400,-200,549649,,,,
20250521,088260,이리츠코크렙,4720,-5,17401,,,,
20250521,088350,한화생명,2580,45,660012,,,,
20250521,088790,진도,1939,-54,36543,,,,
20250521,088980,맥쿼리인프라,11590,80,587502,,,,
20250521,089470,HDC현대EP,3725,25,9763,,,,
20250521,089590,제주항공,6800,20,77506,,,,
20250521,089860,롯데렌탈,31100,500,20229,,,,
20250521,090080,평화산업,1652,-34,33129442,,,,
20250521,090350,노루페인트,8370,0,216567,,,,
20250521,090355,노루페인트우,13350,10,1270,,,,
20250521,090370,메타랩스,1411,6,23647,,,,
20250521,090430,아모레퍼시픽,126200,4200,294243,,,,
20250521,090435,아모레퍼시픽우,38900,750,12656,,,,
20250521,090460,비에이치,12790,110,76414,,,,
20250521,091810,트리니티항공,1957,9,256274,,,,
20250521,092200,디아이씨,4820,-5,216164,,,,
20250521,092220,KEC,3620,45,54478,,,,
20250521,092230,KPX홀딩스,64500,900,6010,,,,
20250521,092440,기신정기,2455,20,5857,,,,
20250521,092780,DYP,4540,-10,8144,,,,
20250521,092790,넥스틸,14520,320,765671,,,,
20250521,093050,LF,15410,110,30935,,,,
20250521,093240,형지엘리트,1828,-43,741615,,,,
20250521,093370,후성,4060,-10,168053,,,,
20250521,094280,효성ITX,12030,-40,13988,,,,
20250521,094800,맵스리얼티,4380,20,26296,,,,
20250521,095570,AJ네트웍스,3640,-10,71547,,,,
20250521,095720,웅진씽크빅,3469,11,145891,,,,
20250521,096760,JW홀딩스,3130,35,66131,,,,
20250521,096770,SK이노베이션,84300,-200,203670,,,,
20250521,096775,SK이노베이션우,58400,-200,6919,,,,
20250521,097230,HJ중공업,7530,390,1292776,,,,
20250521,097520,엠씨넥스,28500,450,94614,,,,
20250521,097950,CJ제일제당,225500,-500,62180,,,,
20250521,097955,CJ제일제당 우,136400,-100,1923,,,,
20250521,100090,SK오션플랜트,19960,-1090,620266,,,,
20250521,100220,비상교육,5840,270,539295,,,,
20250521,100250,진양홀딩스,2935,10,21136,,,,
20250521,100840,SNT에너지,40550,1500,135974,,,,
20250521,101140,인바이오젠,12380,-90,21207,,,,
20250521,101530,해태제과식품,6740,220,35153,,,,
20250521,102260,동성케미컬,3919,5,40906,,,,
20250521,102460,이연제약,10600,100,13868,,,,
20250521,103140,풍산,58700,700,111914,,,,
20250521,103590,일진전기,30900,0,866424,,,,
20250521,104700,한국철강,9000,-120,9479,,,,
20250521,105560,KB금융,98000,1700,1053819,,,,
20250521,105630,한세실업,10090,-260,156170,,,,
20250521,105840,우진,8900,90,472221,,,,
20250521,107590,미원홀딩스,74700,700,437,,,,
20250521,108320,LX세미콘,60500,1200,27138,,,,
20250521,108670,LX하우시스,28750,-250,15022,,,,
20250521,108675,LX하우시스우,18030,70,806,,,,
20250521,109070,주성코퍼레이션,977,39,818956,,,,
20250521,111110,호전실업,8360,0,32994,,,,
20250521,111380,동인기연,15650,70,17941,,,,
20250521,111770,영원무역,57300,1500,74417,,,,
20250521,112610,씨에스윈드,50500,-1200,620273,,,,
20250521,114090,GKL,13410,-80,200395,,,,
20250521,117580,대성에너지,7750,110,32617,,,,
20250521,118000,메타케어,3160,10,10222,,,,
20250521,119650,KC코트렐,918,0,0,,,,
20250521,120030,조선선재,98600,800,1368,,,,
20250521,120110,코오롱인더,30350,-250,63209,,,,
20250521,120115,코오롱인더우,20450,50,5175,,,,
20250521,122900,아이마켓코리아,7930,30,24641,,,,
20250521,123690,한국화장품,6770,10,41525,,,,
20250521,123700,SJM,3125,5,10021,,,,
20250521,123890,한국자산신탁,2385,5,86932,,,,
20250521,126560,현대퓨처넷,3250,10,100998,,,,
20250521,126720,수산인더스트리,21350,-150,47988,,,,
20250521,128820,대성산업,3515,0,0,,,,
20250521,128940,한미약품,291500,6500,62521,,,,
20250521,129260,인터지스,2650,15,61320,,,,
20250521,130660,한전산업,11970,-170,312858,,,,
20250521,133820,화인베스틸,813,8,362542,,,,
20250521,134380,미원화학,7780,30,3370,,,,
20250521,134790,시디즈,26650,-350,9283,,,,
20250521,136490,선진,8520,430,532430,,,,
20250521,137310,에스디바이오센서,10560,590,412367,,,,
20250521,138040,메리츠금융지주,112000,1200,194161,,,,
20250521,138930,BNK금융지주,10450,90,452806,,,,
20250521,139130,iM금융지주,10590,20,316756,,,,
20250521,139480,이마트,85900,-800,122703,,,,
20250521,139990,아주스틸,3845,20,14548,,,,
20250521,143210,핸즈코퍼레이션,1555,-11,14021,,,,
20250521,145210,다이나믹디자인,9980,260,9355,,,,
20250521,145270,케이탑리츠,924,4,89024,,,,
20250521,145720,덴티움,62500,-100,17057,,,,
20250521,145990,삼양사,48150,0,6777,,,,
20250521,145995,삼양사우,31400,200,496,,,,
20250521,155660,DSR,3820,55,7647,,,,
20250521,161000,애경케미칼,10140,70,630022,,,,
20250521,161390,한국타이어앤테크놀로지,38450,-250,478405,,,,
20250521,161890,한국콜마,85600,1100,166552,,,,
20250521,163560,동일고무벨트,7360,-120,31160,,,,
20250521,170900,동아에스티,46017,2050,43034,,,,
20250521,175330,JB금융지주,17380,-90,249458,,,,
20250521,178920,PI첨단소재,18320,-80,142721,,,,
20250521,180640,한진칼,111300,-2800,102137,,,,
20250521,18064K,한진칼우,35550,-1200,85463,,,,
20250521,181710,NHN,19160,-370,46951,,,,
20250521,183190,아세아시멘트,11180,-390,152603,,,,
20250521,185750,종근당,79200,-300,24565,,,,
20250521,192080,더블유게임즈,50100,0,28839,,,,
20250521,192400,쿠쿠홀딩스,29600,-300,24552,,,,
20250521,192650,드림텍,6010,10,99022,,,,
20250521,192820,코스맥스,204500,500,32273,,,,
20250521,194370,제이에스코퍼레이션,9060,430,684666,,,,
20250521,195870,해성디에스,18640,-160,137098,,,,
20250521,200880,서연이화,11380,60,62545,,,,
20250521,204320,HL만도,34100,-150,136523,,,,
20250521,207940,삼성바이오로직스,1618918,107437,145474,,,,
20250521,210540,디와이파워,12540,60,40997,,,,
20250521,210980,SK디앤디,9000,580,80469,,,,
20250521,213500,한솔제지,8330,60,45862,,,,
20250521,214320,이노션,17630,0,60036,,,,
20250521,214330,금호에이치티,17626,272,16293,,,,
20250521,214390,경보제약,5320,180,15170,,,,
20250521,214420,토니모리,8750,-80,139474,,,,
20250521,226320,잇츠한불,12030,180,17440,,,,
20250521,227840,현대코퍼레이션홀딩스,11340,10,6838,,,,
20250521,229640,LS에코에너지,34900,-400,141122,,,,
20250521,234080,JW생명과학,11980,170,28453,,,,
20250521,241560,두산밥캣,48000,-250,147230,,,,
20250521,241590,화승엔터프라이즈,7840,-30,63678,,,,
20250521,244920,에이플러스에셋,5050,-130,78908,,,,
20250521,248070,솔루엠,16230,30,81941,,,,
20250521,248170,샘표식품,26150,100,8017,,,,
20250521,249420,일동제약,11850,330,69514,,,,
20250521,251270,넷마블,51400,-100,85841,,,,
20250521,259960,크래프톤,386000,6500,115851,,,,
20250521,264900,크라운제과,8400,150,15219,,,,
20250521,26490K,크라운제과우,9780,30,2428,,,,
20250521,267250,HD현대,84200,1800,166201,,,,
20250521,267260,HD현대일렉트릭,375000,-1500,207159,,,,
20250521,267270,HD건설기계,71800,-400,48151,,,,
20250521,267290,경동도시가스,18390,10,8999,,,,
20250521,267850,아시아나IDT,11550,-30,5453,,,,
20250521,268280,미원에스씨,165800,3200,2510,,,,
20250521,271560,오리온,111700,-5200,468232,,,,
20250521,271940,일진하이솔루스,12730,-300,57476,,,,
20250521,271980,제일약품,12520,520,74946,,,,
20250521,272210,한화시스템,46500,1700,2664032,,,,
20250521,272450,진에어,8970,0,51112,,,,
20250521,272550,삼양패키징,13200,-100,19903,,,,
20250521,278470,에이피알,114800,1700,401744,,,,
20250521,280360,롯데웰푸드,110400,-1700,24338,,,,
20250521,281820,케이씨텍,26650,-200,84633,,,,
20250521,282330,BGF리테일,99700,-600,38512,,,,
20250521,284740,쿠쿠홈시스,27150,450,96899,,,,
20250521,285130,SK케미칼,53700,0,48796,,,,
20250521,28513K,SK케미칼우,22950,150,6898,,,,
20250521,286940,롯데이노베이트,18670,10,7815,,,,
20250521,293480,하나제약,11360,60,5677,,,,
20250521,293940,신한알파리츠,5720,-10,76179,,,,
20250521,294870,IPARK현대산업개발,24800,400,180978,,,,
20250521,298000,효성화학,77800,0,0,,,,
20250521,298020,효성티앤씨,233500,500,7607,,,,
20250521,298040,효성중공업,598000,16000,50922,,,,
20250521,298050,HS효성첨단소재,195000,-900,8460,,,,
20250521,298690,에어부산,2050,-25,146903,,,,
20250521,300720,한일시멘트,17070,150,38738,,,,
20250521,302440,SK바이오사이언스,43000,2350,511809,,,,
20250521,306200,세아제강,164000,-200,5120,,,,
20250521,307950,현대오토에버,133000,1300,32097,,,,
20250521,308170,씨티알모빌리티,6100,-10,8888,,,,
20250521,316140,우리금융지주,17990,-10,1077895,,,,
20250521,317400,자이에스앤디,3470,45,17274,,,,
20250521,322000,HD현대에너지솔루션,47150,200,274204,,,,
20250521,323410,카카오뱅크,22900,650,441751,,,,
20250521,326030,SK바이오팜,92500,3300,229037,,,,
20250521,329180,HD현대중공업,399000,2000,160850,,,,
20250521,330590,롯데리츠,3650,-5,201529,,,,
20250521,334890,이지스밸류플러스리츠,4647,-25,40294,,,,
20250521,336260,두산퓨얼셀,17190,-370,203274,,,,
20250521,33626K,두산퓨얼셀1우,4755,-60,22499,,,,
20250521,33626L,두산퓨얼셀2우B,8350,-30,9810,,,,
20250521,336370,솔루스첨단소재,7570,-150,141029,,,,
20250521,33637K,솔루스첨단소재1우,1708,-9,22364,,,,
20250521,33637L,솔루스첨단소재2우B,4120,65,18616,,,,
20250521,338100,NH프라임리츠,4580,0,31791,,,,
20250521,339770,교촌에프앤비,4940,-70,75227,,,,
20250521,344820,KCC글라스,30000,100,15504,,,,
20250521,348950,제이알글로벌리츠,2770,10,281384,,,,
20250521,350520,이지스레지던스리츠,4220,5,13651,,,,
20250521,352820,하이브,279000,1500,148175,,,,
20250521,353200,대덕전자,14830,90,148301,,,,
20250521,35320K,대덕전자1우,7450,0,1245,,,,
20250521,357120,코람코라이프인프라리츠,4545,-20,97450,,,,
20250521,357250,미래에셋맵스리츠,2795,5,37969,,,,
20250521,357430,마스턴프리미어리츠,1463,2,17838,,,,
20250521,361610,SK아이이테크놀로지,20800,-250,99698,,,,
20250521,363280,티와이홀딩스,2260,20,37382,,,,
20250521,36328K,티와이홀딩스우,3685,-5,6430,,,,
20250521,365550,ESR켄달스퀘어리츠,4504,-10,169128,,,,
20250521,372910,한컴라이프케어,2950,95,103886,,,,
20250521,373220,LG에너지솔루션,277500,-2000,179424,,,,
20250521,375500,DL이앤씨,45750,550,271867,,,,
20250521,37550K,DL이앤씨우,19600,250,10654,,,,
20250521,37550L,DL이앤씨2우(전환),30050,500,8446,,,,
20250521,377190,디앤디플랫폼리츠,3250,0,53437,,,,
20250521,377300,카카오페이,29700,650,176027,,,,
20250521,377740,바이오노트,4710,40,98152,,,,
20250521,378850,화승알앤에이,3185,20,37941,,,,
20250521,381970,케이카,14230,-190,79272,,,,
20250521,383220,F&F,68500,-200,42135,,,,
20250521,383800,LX홀딩스,7190,-10,59248,,,,
20250521,38380K,LX홀딩스1우,8370,-290,1174,,,,
20250521,395400,SK리츠,4880,-25,127625,,,,
20250521,396690,미래에셋글로벌리츠,2800,10,28762,,,,
20250521,400760,NH올원리츠,3625,10,37990,,,,
20250521,402340,SK스퀘어,100800,-300,293958,,,,
20250521,403550,쏘카,13500,110,7003,,,,
20250521,404990,신한서부티엔디리츠,3450,-10,20617,,,,
20250521,415640,KB발해인프라,7890,40,28651,,,,
20250521,417310,코람코더원리츠,5220,20,31646,,,,
20250521,432320,KB스타리츠,4010,10,60391,,,,
20250521,443060,HD현대마린솔루션,164400,5000,118549,,,,
20250521,446070,유니드비티플러스,4015,60,41049,,,,
20250521,448730,삼성FN리츠,4590,0,40483,,,,
20250521,450080,에코프로머티,43550,250,495685,,,,
20250521,451800,한화리츠,3800,-10,91255,,,,
20250521,452260,한화갤러리아,1202,-8,376672,,,,
20250521,45226K,한화갤러리아우,2245,25,2971,,,,
20250521,453340,현대그린푸드,16800,-590,59711,,,,
20250521,454910,두산로보틱스,48050,0,124525,,,,
20250521,456040,OCI,55900,-700,19169,,,,
20250521,457190,이수스페셜티케미컬,40250,2200,267671,,,,
20250521,460850,동국씨엠,6240,0,14879,,,,
20250521,460860,동국제강,8820,30,64781,,,,
20250521,462520,조선내화,13290,80,2186,,,,
20250521,462870,시프트업,55300,-1400,328471,,,,
20250521,465770,STX그린로지스,8700,280,90773,,,,
20250521,475150,SK이터닉스,21550,-1350,1773629,,,,
20250521,475560,더본코리아,26800,100,29809,,,,
20250521,480370,씨케이솔루션,3745,60,314819,,,,
20250521,481850,신한글로벌액티브리츠,1570,15,86060,,,,
20250521,484870,엠앤씨솔루션,37733,3033,306861,,,,
20250521,487570,HS효성,38550,-600,4348,,,,
20250521,489790,한화비전,58800,900,480680,,,,
20250521,499790,GS피앤엘,27200,1300,466651,,,,
20250521,900140,엘브이엠씨홀딩스,1736,-4,334425,,,,
20250521,950210,프레스티지바이오파마,13620,540,59398,,,,
20250522,000020,동화약품,6480,150,95813,,,,
20250522,000040,KR모터스,1995,-10,29798,,,,
20250522,000050,경방,6990,-260,312017,,,,
20250522,000070,삼양홀딩스,42040,-734,35216,,,,
20250522,000080,하이트진로,19200,-50,130890,,,,
20250522,000087,하이트진로2우B,15290,-10,697,,,,
20250522,000100,유한양행,105000,-3500,620032,,,,
20250522,000105,유한양행우,98000,-2000,4068,,,,
20250522,000120,CJ대한통운,79100,1500,108270,,,,
20250522,000140,하이트진로홀딩스,8580,30,14373,,,,
20250522,000145,하이트진로홀딩스우,10620,-50,131,,,,
20250522,000150,두산,411000,-5000,107375,,,,
20250522,000155,두산우,279000,-10000,80003,,,,
20250522,000157,두산2우B,325000,-32000,14054,,,,
20250522,000180,성창기업지주,6800,-95,6639,,,,
20250522,000210,DL,39600,550,80209,,,,
20250522,000215,DL우,20900,-150,2587,,,,
20250522,000220,유유제약,4705,125,213509,,,,
20250522,000225,유유제약1우,5120,90,37550,,,,
20250522,000227,유유제약2우B,10360,220,14959,,,,
20250522,000230,일동홀딩스,7140,1030,1245484,,,,
20250522,000240,한국앤컴퍼니,16380,-170,51351,,,,
20250522,000270,기아,89200,-2000,1103198,,,,
20250522,000300,DH오토넥스,4200,0,0,,,,
20250522,000320,노루홀딩스,15530,90,16953,,,,
20250522,000325,노루홀딩스우,30450,-200,238,,,,
20250522,000370,한화손해보험,4250,-180,467187,,,,
20250522,000390,SP삼화,5870,-30,9227,,,,
20250522,000400,롯데손해보험,1575,-4,108988,,,,
20250522,000430,대원강업,3655,-75,43102,,,,
20250522,000480,CR홀딩스,5200,0,4601,,,,
20250522,000490,대동,10630,-580,290216,,,,
20250522,000500,가온전선,45177,3779,572705,,,,
20250522,000520,삼일제약,11700,-210,44092,,,,
20250522,000540,흥국화재,3720,-150,241300,,,,
20250522,000545,흥국화재우,7850,-650,72303,,,,
20250522,000590,CS홀딩스,73900,0,733,,,,
20250522,000640,동아쏘시오홀딩스,100229,1457,10863,,,,
20250522,000650,천일고속,39200,-150,311,,,,
20250522,000660,SK하이닉스,196900,-3600,1988587,,,,
20250522,000670,영풍,33661,-243,21622,,,,
20250522,000680,LS네트웍스,3485,-70,405076,,,,
20250522,000700,유수홀딩스,5670,90,47045,,,,
20250522,000720,현대건설,48550,-400,751796,,,,
20250522,000725,현대건설우,55400,-1400,4933,,,,
20250522,000760,이화산업,11020,-80,1842,,,,
20250522,000810,삼성화재,363500,-10000,119446,,,,
20250522,000815,삼성화재우,276000,-4000,12446,,,,
20250522,000850,화천기공,29700,0,1585,,,,
20250522,000860,강남제비스코,12120,-50,6382,,,,
20250522,000880,한화,60384,-1560,145701,,,,
20250522,00088K,한화3우B,22855,-453,72335,,,,
20250522,000890,보해양조,2475,-45,64147,,,,
20250522,000910,유니온,4570,-95,186742,,,,
20250522,000950,전방,24100,100,1953,,,,
20250522,000970,한국주철관,6880,-10,62546,,,,
20250522,000990,DB하이텍,38200,-950,71870,,,,
20250522,001020,페이퍼코리아,3700,-130,11539,,,,
20250522,001040,CJ,126400,6900,320726,,,,
20250522,001045,CJ우,72200,600,5590,,,,
20250522,00104K,CJ4우(전환),103800,4800,40846,,,,
20250522,001060,JW중외제약,22150,400,81705,,,,
20250522,001065,JW중외제약우,28450,150,521,,,,
20250522,001067,JW중외제약2우B,61500,0,1,,,,
20250522,001070,대한방직,6360,480,126796,,,,
20250522,001080,만호제강,2690,-5,6390,,,,
20250522,001120,LX인터내셔널,27000,-450,103967,,,,
20250522,001130,대한제분,13480,-90,20360,,,,
20250522,001200,유진투자증권,2950,55,859472,,,,
20250522,001210,금호전기,5400,-90,33472,,,,
20250522,001230,동국홀딩스,1678,15,126501,,,,
20250522,001250,GS글로벌,2520,-60,260528,,,,
20250522,001260,남광토건,8400,-120,14095,,,,
20250522,001270,부국증권,34850,-1150,24885,,,,
20250522,001275,부국증권우,22600,0,2534,,,,
20250522,001290,상상인증권,473,-24,498181,,,,
20250522,001340,PKC,5560,-100,143873,,,,
20250522,001360,삼성제약,1509,37,425714,,,,
20250522,001380,SG글로벌,3468,-50,64605,,,,
20250522,001390,KG케미칼,3755,-50,132685,,,,
20250522,001420,태원물산,4100,-40,11939,,,,
20250522,001430,세아베스틸지주,18890,-220,71941,,,,
20250522,001440,대한전선,12100,-110,674735,,,,
20250522,001450,현대해상,22250,-300,334307,,,,
20250522,001460,BYC,33250,0,1050,,,,
20250522,001465,BYC우,14700,120,489,,,,
20250522,001470,삼부토건,347,0,0,,,,
20250522,001500,현대차증권,6580,-130,181986,,,,
20250522,001510,SK증권,1045,2,620416,,,,
20250522,001515,SK증권우,3436,-52,8676,,,,
20250522,001520,동양,1116,4,307684,,,,
20250522,001525,동양우,8200,-360,4209,,,,
20250522,001527,동양2우B,16020,-440,355,,,,
20250522,001530,DI동일,35048,-48,42533,,,,
20250522,001550,조비,12020,-270,14491,,,,
20250522,001560,제일연마,9670,110,9132,,,,
20250522,001570,금양,9900,0,0,,,,
20250522,001620,케이비아이동국실업,2450,-35,17802,,,,
20250522,001630,종근당홀딩스,50200,1000,4357,,,,
20250522,001680,대상,21250,150,130153,,,,
20250522,001685,대상우,16330,-70,8032,,,,
20250522,001720,신영증권,111600,700,26251,,,,
20250522,001740,SK네트웍스,3925,-60,458993,,,,
20250522,001750,한양증권,14700,-300,12232,,,,
20250522,001755,한양증권우,14920,-30,712,,,,
20250522,001770,SHD,15850,-50,2825,,,,
20250522,001780,알루코,2540,-90,1433125,,,,
20250522,001790,대한제당,2745,-15,479716,,,,
20250522,001795,대한제당우,2275,-25,163227,,,,
20250522,001800,오리온홀딩스,18210,-540,116610,,,,
20250522,001820,삼화콘덴서,23950,-350,17813,,,,
20250522,001940,KISCO홀딩스,21550,-600,14551,,,,
20250522,002020,코오롱,23900,400,65387,,,,
20250522,002025,코오롱우,14870,310,2595,,,,
20250522,002030,아세아,270000,1500,743,,,,
20250522,002070,비비안,18203,-316,24200,,,,
20250522,002100,경농,9260,-140,17859,,,,
20250522,002140,고려산업,2755,-10,47700,,,,
20250522,002150,도화엔지니어링,6470,-60,16380,,,,
20250522,002170,SYTS,48650,-550,1499,,,,
20250522,002200,한국수출포장,2845,0,26710,,,,
20250522,002210,동성제약,2780,0,0,,,,
20250522,002220,한일철강,1967,-13,27922,,,,
20250522,002240,고려제강,17010,-80,4442,,,,
20250522,002310,아세아제지,7220,-20,155407,,,,
20250522,002320,한진,19730,-20,14986,,,,
20250522,002350,넥센타이어,6180,-60,202788,,,,
20250522,002355,넥센타이어1우B,3035,0,1894,,,,
20250522,002360,SH에너지화학,4430,10,9902,,,,
20250522,002380,KCC,270500,0,65178,,,,
20250522,002390,한독,11510,20,6306,,,,
20250522,002410,범양건영,1935,0,0,,,,
20250522,002420,세기상사,5010,20,2085,,,,
20250522,002450,삼익악기,1221,-19,96549,,,,
20250522,002460,HS화성,10040,40,1903,,,,
20250522,002600,조흥,154500,-1200,18,,,,
20250522,002620,제일파마홀딩스,8150,190,25816,,,,
20250522,002630,오리엔트바이오,2734,-64,1084537,,,,
20250522,002690,동일제강,1474,-38,29068,,,,
20250522,002700,신일전자,1525,2,182313,,,,
20250522,002710,TCC스틸,16950,-270,171107,,,,
20250522,002720,국제약품,4930,205,1238917,,,,
20250522,002760,보락,1087,3,95404,,,,
20250522,002780,진흥기업,740,-6,251107,,,,
20250522,002785,진흥기업우B,3500,-870,149965,,,,
20250522,002787,진흥기업2우B,7490,-1110,60788,,,,
20250522,002790,아모레퍼시픽홀딩스,23950,-150,104968,,,,
20250522,002795,아모레퍼시픽홀딩스우,9920,20,13556,,,,
20250522,00279K,아모레퍼시픽홀딩스3우C,18950,-50,8079,,,,
20250522,002810,삼영무역,14770,80,19638,,,,
20250522,002820,SUN&L,2910,-20,14368,,,,
20250522,002840,미원상사,184200,3000,2555,,,,
20250522,002870,신풍,997,-30,194072,,,,
20250522,002880,디와이에이,992,11,42849,,,,
20250522,002900,TYM,5490,-110,422107,,,,
20250522,002920,유성기업,1966,0,15020,,,,
20250522,002960,한국쉘석유,384000,-500,972,,,,
20250522,002990,금호건설,2805,-85,49116,,,,
20250522,002995,금호건설우,11820,-300,1140,,,,
20250522,003000,부광약품,3788,87,303062,,,,
20250522,003010,혜인,4985,-25,27465,,,,
20250522,003030,세아제강지주,220000,-4000,4653,,,,
20250522,003060,에이프로젠바이오로직스,666,15,656805,,,,
20250522,003070,코오롱글로벌,8590,-120,17653,,,,
20250522,003075,코오롱글로벌우,15170,-150,689,,,,
20250522,003080,SB성보,2580,0,7099,,,,
20250522,003090,대웅,20300,50,23759,,,,
20250522,003120,일성아이에스,18620,840,48366,,,,
20250522,003160,디아이,14250,-790,472031,,,,
20250522,003200,일신방직,9370,20,23184,,,,
20250522,003220,대원제약,13730,370,80801,,,,
20250522,003230,삼양식품,1125000,-34000,48285,,,,
20250522,003240,태광산업,789000,-9000,1362,,,,
20250522,003280,흥아해운,1552,-18,644190,,,,
20250522,003300,한일홀딩스,14850,-260,14376,,,,
20250522,003350,한국화장품제조,9550,-300,194300,,,,
20250522,003460,유화증권,2475,-5,16472,,,,
20250522,003465,유화증권우,2400,5,1403,,,,
20250522,003470,유안타증권,3135,-45,367317,,,,
20250522,003475,유안타증권우,3150,20,35803,,,,
20250522,003480,한진중공업홀딩스,5130,-10,92383,,,,
20250522,003490,대한항공,22450,550,1839489,,,,
20250522,003495,대한항공우,22700,0,9948,,,,
20250522,003520,영진약품,2230,70,1517757,,,,
20250522,003530,한화투자증권,4190,105,3218590,,,,
20250522,003535,한화투자증권우,6550,80,30012,,,,
20250522,003540,대신증권,20600,0,105040,,,,
20250522,003545,대신증권우,17810,-100,52621,,,,
20250522,003547,대신증권2우B,16950,-120,31835,,,,
20250522,003550,LG,66900,-2100,182385,,,,
20250522,003555,LG우,57100,-600,4301,,,,
20250522,003570,SNT다이내믹스,39200,-1600,96281,,,,
20250522,003580,HLB글로벌,2960,-25,59606,,,,
20250522,003610,방림,4030,30,155535,,,,
20250522,003620,KG모빌리티,3235,-45,247386,,,,
20250522,003650,미창석유,99100,-700,1108,,,,
20250522,003670,포스코퓨처엠,100033,-1454,321864,,,,
20250522,003680,한성기업,5130,-20,18184,,,,
20250522,003690,코리안리,9070,0,293219,,,,
20250522,003720,삼영,3905,-155,179680,,,,
20250522,003780,진양산업,5860,100,443973,,,,
20250522,003830,대한화섬,121300,-400,288,,,,
20250522,003850,보령,8490,70,113454,,,,
20250522,003920,남양유업,76900,-800,15909,,,,
20250522,003925,남양유업우,41550,2350,55225,,,,
20250522,003960,사조대림,38150,-650,31596,,,,
20250522,004000,롯데정밀화학,35450,-550,51778,,,,
20250522,004020,현대제철,24650,-50,249118,,,,
20250522,004060,SG세계물산,3290,0,21545,,,,
20250522,004080,신흥,14600,70,1714,,,,
20250522,004090,한국석유,12410,-60,74958,,,,
20250522,004100,태양금속,2690,15,574211,,,,
20250522,004105,태양금속우,3900,0,53907,,,,
20250522,004140,동방,2380,-60,387219,,,,
20250522,004150,한솔홀딩스,2570,0,16174,,,,
20250522,004170,신세계,174000,6800,77019,,,,
20250522,004250,NPC,4200,-35,6094,,,,
20250522,004255,NPC우,2400,-10,4245,,,,
20250522,004270,남성,8220,8,3423,,,,
20250522,004310,현대약품,3575,205,1803531,,,,
20250522,004360,세방,12680,-150,26920,,,,
20250522,004365,세방우,8200,-80,11435,,,,
20250522,004370,농심,423000,-4000,42423,,,,
20250522,004380,삼익THK,13000,0,0,,,,
20250522,004410,서울식품,1560,0,123761,,,,
20250522,004415,서울식품우,12410,-10,504,,,,
20250522,004430,송원산업,11630,-180,30398,,,,
20250522,004440,삼일씨엔에스,4310,-45,10070,,,,
20250522,004450,삼화왕관,37150,-1850,756,,,,
20250522,004490,세방전지,63500,-1400,39849,,,,
20250522,004540,깨끗한나라,2270,65,192982,,,,
20250522,004545,깨끗한나라우,12550,150,2002,,,,
20250522,004560,현대비앤지스틸,11500,-250,17989,,,,
20250522,004690,삼천리,108600,-400,34651,,,,
20250522,004700,조광피혁,59500,2300,9414,,,,
20250522,004710,한솔테크닉스,4985,-127,110297,,,,
20250522,004720,팜젠사이언스,4350,235,3121504,,,,
20250522,004770,써니전자,1674,-35,332091,,,,
20250522,004800,효성,54900,-600,9686,,,,
20250522,004830,덕성,5870,-50,80812,,,,
20250522,004835,덕성우,7650,-150,12058,,,,
20250522,004840,DRB동일,4255,-35,6741,,,,
20250522,004870,티웨이홀딩스,3020,-57,81802,,,,
20250522,004890,동일산업,42800,150,309,,,,
20250522,004910,조광페인트,5490,-30,15720,,,,
20250522,004920,씨아이테크,1211,-16,104620,,,,
20250522,004960,한신공영,7680,-170,22304,,,,
20250522,004970,신라교역,9150,10,11464,,,,
20250522,004980,성신양회,8490,-230,142562,,,,
20250522,004985,성신양회우,12100,-230,21481,,,,
20250522,004990,롯데지주,25250,1200,535803,,,,
20250522,00499K,롯데지주우,27500,250,1520,,,,
20250522,005010,휴스틸,4700,-100,259653,,,,
20250522,005030,부산주공,486,0,0,,,,
20250522,005070,코스모신소재,31050,-300,234719,,,,
20250522,005090,SGC에너지,23250,-200,8798,,,,
20250522,005110,한창,1254,0,0,,,,
20250522,005180,빙그레,88100,3000,67584,,,,
20250522,005250,녹십자홀딩스,14240,450,156065,,,,
20250522,005257,녹십자홀딩스2우,25650,5900,29660,,,,
20250522,005300,롯데칠성,102000,1400,15348,,,,
20250522,005305,롯데칠성우,64800,100,1048,,,,
20250522,005320,온타이드,1040,-50,135907,,,,
20250522,005360,모나미,2070,15,34872,,,,
20250522,005380,현대차,182400,-5600,982354,,,,
20250522,005385,현대차우,146000,-3100,105117,,,,
20250522,005387,현대차2우B,146300,-3800,185509,,,,
20250522,005389,현대차3우B,146300,-3400,20515,,,,
20250522,005420,코스모화학,13200,-230,166222,,,,
20250522,005430,한국공항,51800,-800,5329,,,,
20250522,005440,현대지에프홀딩스,7290,70,354058,,,,
20250522,005490,POSCO홀딩스,238000,-2500,196315,,,,
20250522,005500,삼진제약,17420,90,24748,,,,
20250522,005610,삼립,52900,-200,19732,,,,
20250522,005680,삼영전자,10730,70,7318,,,,
20250522,005690,파미셀,10930,-440,605657,,,,
20250522,005720,넥센,5660,-40,44196,,,,
20250522,005725,넥센우,3915,45,28171,,,,
20250522,005740,크라운해태홀딩스,6250,20,44492,,,,
20250522,005745,크라운해태홀딩스우,8270,-90,2193,,,,
20250522,005750,대림바스,4060,-60,15112,,,,
20250522,005800,신영와코루,11350,0,10656,,,,
20250522,005810,풍산홀딩스,30550,-300,37750,,,,
20250522,005820,원림,14790,90,2709,,,,
20250522,005830,DB손해보험,95100,-2100,128908,,,,
20250522,005850,에스엘,30400,-850,151826,,,,
20250522,005870,휴니드,8260,-170,244935,,,,
20250522,005880,대한해운,1534,-14,1082013,,,,
20250522,005930,삼성전자,54700,-1000,15254278,,,,
20250522,005935,삼성전자우,45500,-550,857126,,,,
20250522,005940,NH투자증권,15980,-180,488987,,,,
20250522,005945,NH투자증권우,14430,-170,67028,,,,
20250522,005950,이수화학,5340,-10,26194,,,,
20250522,005960,동부건설,4475,-45,52380,,,,
20250522,005965,동부건설우,20050,-100,32,,,,
20250522,006040,동원산업,45200,-300,33589,,,,
20250522,006060,화승인더,4455,-60,173341,,,,
20250522,006090,사조오양,8600,100,9475,,,,
20250522,006110,삼아알미늄,19620,-480,59218,,,,
20250522,006120,SK디스커버리,43900,-1600,29558,,,,
20250522,006125,SK디스커버리우,36000,-200,8803,,,,
20250522,006200,한국전자홀딩스,3415,-15,10429,,,,
20250522,006220,제주은행,9230,-10,532443,,,,
20250522,006260,LS,150800,2900,241583,,,,
20250522,006280,녹십자,127900,2800,35860,,,,
20250522,006340,대원전선,2900,-40,1183955,,,,
20250522,006345,대원전선우,3840,-70,34991,,,,
20250522,006360,GS건설,19030,-330,478913,,,,
20250522,006370,대구백화점,6830,30,20606,,,,
20250522,006380,카프로,3660,0,0,,,,
20250522,006400,삼성SDI,163100,1300,395732,,,,
20250522,006405,삼성SDI우,98800,-1400,5858,,,,
20250522,006490,프리티,6670,45,74450,,,,
20250522,006570,대림통상,2475,-15,11167,,,,
20250522,006650,대한유화,79300,-800,16181,,,,
20250522,006660,삼성공조,14670,-730,185202,,,,
20250522,006740,블루산업개발,2306,-5,39770,,,,
20250522,006800,미래에셋증권,13372,-129,1286783,,,,
20250522,006805,미래에셋증권우,5686,-30,87114,,,,
20250522,00680K,미래에셋증권2우B,5032,-30,954139,,,,
20250522,006840,AK홀딩스,10670,50,5473,,,,
20250522,006880,신송홀딩스,7380,130,132041,,,,
20250522,006890,태경케미컬,11510,-90,14519,,,,
20250522,006980,우성,16650,630,7718,,,,
20250522,007070,GS리테일,13630,10,106723,,,,
20250522,007110,일신석재,2195,-90,2451677,,,,
20250522,007120,미래아이앤지,1044,-45,259596,,,,
20250522,007160,사조산업,42800,-200,19758,,,,
20250522,007210,벽산,2215,-40,225915,,,,
20250522,007280,한국특강,3168,-156,17884,,,,
20250522,007310,오뚜기,386000,2500,3797,,,,
20250522,007340,DN오토모티브,20850,-200,75185,,,,
20250522,007460,에이프로젠,668,1,2634025,,,,
20250522,007540,샘표,44550,2750,28944,,,,
20250522,007570,일양약품,14723,56,145558,,,,
20250522,007575,일양약품우,15671,882,16931,,,,
20250522,007590,동방아그로,6090,-40,4415,,,,
20250522,007610,선도전기,3000,0,0,,,,
20250522,007660,이수페타시스,39300,-550,672286,,,,
20250522,007690,국도화학,32500,-200,5024,,,,
20250522,007700,F&F홀딩스,14050,380,41931,,,,
20250522,007810,코리아써키트,9890,-290,79544,,,,
20250522,007815,코리아써우,5300,-60,5057,,,,
20250522,00781K,코리아써키트2우B,5390,40,248,,,,
20250522,007860,서연,8250,-250,193558,,,,
20250522,007980,TP,1339,-17,155679,,,,
20250522,008040,사조동아원,1200,155,31672509,,,,
20250522,008060,대덕,7510,-60,63104,,,,
20250522,00806K,대덕1우,7720,-10,46,,,,
20250522,008250,이건산업,5390,-50,21741,,,,
20250522,008260,NI스틸,3465,30,38103,,,,
20250522,008350,남선알미늄,1244,-8,340300,,,,
20250522,008355,남선알미우,12690,-110,1346,,,,
20250522,008420,문배철강,2235,-55,91688,,,,
20250522,008490,서흥,18270,-700,62714,,,,
20250522,008600,윌비스,5739,-311,159392,,,,
20250522,008700,아남전자,1454,-9,282625,,,,
20250522,008730,율촌화학,27450,-200,50956,,,,
20250522,008770,호텔신라,48950,1350,464814,,,,
20250522,008775,호텔신라우,37600,3500,33012,,,,
20250522,008870,금비,57500,-100,831,,,,
20250522,008930,한미사이언스,32900,150,161674,,,,
20250522,008970,KBI동양철관,2445,-85,2513309,,,,
20250522,009070,KCTC,3970,-80,82523,,,,
20250522,009140,경인전자,19330,-240,1407,,,,
20250522,009150,삼성전기,118800,-1900,211136,,,,
20250522,009155,삼성전기우,53800,-800,5256,,,,
20250522,009160,SIMPAC,4440,30,69646,,,,
20250522,009180,한솔로지스틱스,2185,-40,71771,,,,
20250522,009190,대양금속,1669,4,135003,,,,
20250522,009200,무림페이퍼,2085,-15,69698,,,,
20250522,009240,한샘,40450,-700,29420,,,,
20250522,009270,신원,1810,-82,1333933,,,,
20250522,009290,광동제약,5470,50,21090,,,,
20250522,009310,참엔지니어링,1272,6,95828,,,,
20250522,009320,아진전자부품,1000,-2,46970,,,,
20250522,009410,태영건설,2590,-95,234002,,,,
20250522,009415,태영건설우,5660,-80,12863,,,,
20250522,009420,한올바이오파마,25850,-50,142084,,,,
20250522,009440,KC그린홀딩스,756,0,0,,,,
20250522,009450,경동나비엔,75300,-700,43808,,,,
20250522,009460,한창제지,3655,60,38307,,,,
20250522,009470,삼화전기,26950,-1000,49647,,,,
20250522,009540,HD한국조선해양,288000,-3500,129869,,,,
20250522,009580,무림P&P,2805,0,53291,,,,
20250522,009680,모토닉,10040,-60,63326,,,,
20250522,009770,삼정펄프,26700,-100,906,,,,
20250522,009810,MDS스피어,3075,-20,14763,,,,
20250522,009830,한화솔루션,31410,-4386,10654589,,,,
20250522,009835,한화솔루션우,24612,-1761,72595,,,,
20250522,009900,명신산업,7980,-80,53660,,,,
20250522,009970,영원무역홀딩스,109700,1600,13769,,,,
20250522,010040,한국내화,2330,20,8974,,,,
20250522,010060,OCI홀딩스,67600,-3900,207816,,,,
20250522,010100,한국무브넥스,3985,-135,328742,,,,
20250522,010120,LS ELECTRIC,50000,-800,826685,,,,
20250522,010130,고려아연,780000,-17000,12170,,,,
20250522,010140,삼성중공업,14500,-390,4322785,,,,
20250522,010400,우진아이엔에스,2675,0,2559,,,,
20250522,010580,에스엠벡셀,1229,0,23207,,,,
20250522,010640,진양폴리,3478,-13,43684,,,,
20250522,010660,화천기계,4540,360,809158,,,,
20250522,010690,화신,7660,-260,157017,,,,
20250522,010770,평화홀딩스,9200,-610,4943942,,,,
20250522,010780,아이에스동서,17980,-230,24960,,,,
20250522,010820,퍼스텍,3685,-120,455467,,,,
20250522,010950,S-Oil,50600,-300,174087,,,,
20250522,010955,S-Oil우,34550,-450,8429,,,,
20250522,010960,삼호개발,3305,-55,155246,,,,
20250522,011000,진원생명과학,16825,3875,3304394,,,,
20250522,011070,LG이노텍,140700,-3900,52902,,,,
20250522,011090,에넥스,3570,-90,77762,,,,
20250522,011150,CJ씨푸드,3020,-30,141497,,,,
20250522,011155,CJ씨푸드1우,17150,-350,872,,,,
20250522,011170,롯데케미칼,57000,300,87477,,,,
20250522,011200,HMM,22200,-150,1166866,,,,
20250522,011210,현대위아,40050,-1000,94948,,,,
20250522,011230,삼화전자,3985,-215,184096,,,,
20250522,011280,태림포장,2155,-15,53848,,,,
20250522,011300,우성머티리얼스,4610,-70,57057,,,,
20250522,011330,유니켐,14920,-480,11360,,,,
20250522,011390,부산산업,97800,-4800,14887,,,,
20250522,011420,갤럭시아에스엠,2270,-35,557653,,,,
20250522,011500,한농화성,14160,-10,54429,,,,
20250522,011690,와이투솔루션,2900,105,793658,,,,
20250522,011700,한신기계,2930,-50,159470,,,,
20250522,011760,현대코퍼레이션,24450,-50,115341,,,,
20250522,011780,금호석유화학,108100,-1200,57210,,,,
20250522,011785,금호석유화학우,53200,200,7535,,,,
20250522,011790,SKC,84124,-3666,271751,,,,
20250522,011810,STX,3240,15,43989,,,,
20250522,011930,신성이엔지,13940,-210,185515,,,,
20250522,012030,DB,1253,6,160678,,,,
20250522,012160,영흥,2520,10,44702,,,,
20250522,012170,아센디오,3855,5,56861,,,,
20250522,012200,계양전기,1380,7,19011,,,,
20250522,012205,계양전기우,3674,-29,204,,,,
20250522,012280,영화금속,832,2,42075,,,,
20250522,012320,경동인베스트,53700,-1100,3300,,,,
20250522,012330,현대모비스,246000,-1500,114299,,,,
20250522,012450,한화에어로스페이스,833000,-4000,152390,,,,
20250522,012610,경인양행,3205,-20,44405,,,,
20250522,012630,HDC,20050,250,124264,,,,
20250522,012690,모나리자,2890,110,444372,,,,
20250522,012750,에스원,66100,-500,29324,,,,
20250522,012800,대창,1288,1,223196,,,,
20250522,013000,세우글로벌,1164,1,35500,,,,
20250522,013360,일성건설,2460,-25,560569,,,,
20250522,013520,화승코퍼레이션,1940,-9,47137,,,,
20250522,013570,디와이,4065,-5,30363,,,,
20250522,013580,계룡건설,19040,-510,297744,,,,
20250522,013700,까뮤이앤씨,1132,-7,59487,,,,
20250522,013870,지엠비코리아,3945,0,11061,,,,
20250522,013890,지누스,17380,-50,44335,,,,
20250522,014130,한익스프레스,3400,0,12601,,,,
20250522,014160,대영포장,1372,-81,9050712,,,,
20250522,014280,금강공업,4410,-90,45620,,,,
20250522,014285,금강공업우,6890,-80,245,,,,
20250522,014440,영보화학,4325,-80,63450,,,,
20250522,014530,극동유화,3375,-40,68293,,,,
20250522,014580,태경비케이,4605,-95,85428,,,,
20250522,014680,한솔케미칼,119200,-3100,46327,,,,
20250522,014710,사조씨푸드,5600,0,121475,,,,
20250522,014790,HL D&I,2385,-25,17249,,,,
20250522,014820,동원시스템즈,29350,-550,28582,,,,
20250522,014825,동원시스템즈우,17260,-320,315,,,,
20250522,014830,유니드,93700,200,17732,,,,
20250522,014910,성문전자,1199,-6,32274,,,,
20250522,014915,성문전자우,4520,-10,1412,,,,
20250522,014990,인디에프,4650,-130,31843,,,,
20250522,015020,이스타코,2234,-100,287900,,,,
20250522,015230,대창단조,5590,-90,131727,,,,
20250522,015260,에이엔피,430,-6,7319017,,,,
20250522,015360,INVENI,10080,-60,23490,,,,
20250522,015590,DKME,2575,0,0,,,,
20250522,015760,한국전력,29700,400,3412029,,,,
20250522,015860,일진홀딩스,4230,30,64393,,,,
20250522,015890,태경산업,4870,-25,30256,,,,
20250522,016090,대현,1879,-18,58771,,,,
20250522,016360,삼성증권,56000,-100,371174,,,,
20250522,016380,KG스틸,5630,-100,61764,,,,
20250522,016450,한세예스24홀딩스,3800,-10,14801,,,,
20250522,016580,환인제약,11330,80,20842,,,,
20250522,016590,신대양제지,8850,-20,41927,,,,
20250522,016610,DB증권,6500,-20,58759,,,,
20250522,016710,대성홀딩스,7980,10,12038,,,,
20250522,016740,두올,3215,15,23961,,,,
20250522,016800,퍼시스,43950,100,890,,,,
20250522,016880,웅진,1827,0,891148,,,,
20250522,017040,광명전기,1635,57,563227,,,,
20250522,017180,명문제약,1734,71,375297,,,,
20250522,017370,우신시스템,7230,-150,102244,,,,
20250522,017390,서울가스,54200,-800,10626,,,,
20250522,017550,수산세보틱스,1791,-46,101155,,,,
20250522,017670,SK텔레콤,50800,-800,1326891,,,,
20250522,017800,현대엘리베이터,72000,-1500,263466,,,,
20250522,017810,풀무원,12670,-40,65352,,,,
20250522,017860,DS단석,23025,-643,83186,,,,
20250522,017900,광전자,1832,1,32368,,,,
20250522,017940,E1,68200,300,11634,,,,
20250522,017960,한국카본,20750,-750,603677,,,,
20250522,018250,애경산업,14050,20,45176,,,,
20250522,018260,삼성에스디에스,130900,-3700,102772,,,,
20250522,018470,조일알미늄,1558,-22,471794,,,,
20250522,018500,동원모빌리티,1399,-57,571295,,,,
20250522,018670,SK가스,207000,-3500,17699,,,,
20250522,018880,한온시스템,2928,-134,1402327,,,,
20250522,019170,신풍제약,10470,2410,2432169,,,,
20250522,019175,신풍제약우,16250,3750,22617,,,,
20250522,019180,티에이치엔,2745,-55,148598,,,,
20250522,019490,엑시큐어하이트론,946,-34,1794665,,,,
20250522,019680,대교,2370,25,33057,,,,
20250522,019685,대교우B,1296,-10,13032,,,,
20250522,020000,한섬,15800,550,152047,,,,
20250522,020120,키다리스튜디오,3200,-60,75858,,,,
20250522,020150,롯데에너지머티리얼즈,19960,-140,129106,,,,
20250522,020560,아시아나항공,9880,140,132183,,,,
20250522,020760,일진디스플,725,-12,27689,,,,
20250522,021050,서원,1182,-6,84182,,,,
20250522,021240,코웨이,90200,-100,152814,,,,
20250522,021820,세원정공,8630,-20,13311,,,,
20250522,022100,포스코DX,21150,-550,363297,,,,
20250522,023000,삼원강재,2510,-10,16170,,,,
20250522,023150,MH에탄올,5080,50,6570,,,,
20250522,023350,한국종합기술,5410,-90,36298,,,,
20250522,023450,동남합성,34200,-200,875,,,,
20250522,023530,롯데쇼핑,78000,2700,116867,,,,
20250522,023590,다우기술,24000,200,109430,,,,
20250522,023800,인지컨트롤스,6060,90,25129,,,,
20250522,023810,인팩,5700,-20,7394,,,,
20250522,023960,에쓰씨엔지니어링,1253,-38,102933,,,,
20250522,024070,WISCOM,1975,55,12430,,,,
20250522,024090,디씨엠,12560,-40,19775,,,,
20250522,024110,기업은행,15260,-190,805395,,,,
20250522,024720,콜마홀딩스,11780,10,1047204,,,,
20250522,024890,대원화성,4510,5,3433,,,,
20250522,024900,디와이덕양,2650,-5,31463,,,,
20250522,025000,KPX케미칼,41834,-142,5437,,,,
20250522,025530,SJM홀딩스,3350,-5,8635,,,,
20250522,025540,한국단자,58300,-1600,43002,,,,
20250522,025560,미래산업,2202,-53,139275,,,,
20250522,025620,차AI헬스케어,8890,730,144242,,,,
20250522,025750,한솔홈데코,3705,-75,200775,,,,
20250522,025820,이구산업,4195,-25,81520,,,,
20250522,025860,남해화학,7040,-120,126714,,,,
20250522,025890,한국주강,1823,16,9871,,,,
20250522,026890,스틱인베스트먼트,10300,-300,61777,,,,
20250522,026940,부국철강,2350,-20,50711,,,,
20250522,026960,동서,24100,-50,37506,,,,
20250522,027410,BGF,3745,0,69644,,,,
20250522,027740,마니커,2308,-4,12229651,,,,
20250522,027970,한국제지,4120,-10,6791,,,,
20250522,028050,삼성E&A,20500,-200,1007793,,,,
20250522,028100,동아지질,15190,-100,32611,,,,
20250522,028260,삼성물산,138500,-500,1874116,,,,
20250522,02826K,삼성물산우B,101400,-1600,55227,,,,
20250522,028670,팬오션,3580,-5,764314,,,,
20250522,029460,케이씨,21750,150,17827,,,,
20250522,029530,신도리코,43900,-500,4677,,,,
20250522,029780,삼성카드,42550,300,99864,,,,
20250522,030000,제일기획,17950,-130,170210,,,,
20250522,030190,NICE평가정보,13900,-240,68084,,,,
20250522,030200,KT,50700,-600,294602,,,,
20250522,030210,다올투자증권,3325,10,66442,,,,
20250522,030610,교보증권,7560,-70,155505,,,,
20250522,030720,동원수산,5410,-20,12065,,,,
20250522,031210,서울보증보험,33450,-400,99021,,,,
20250522,031430,신세계인터내셔날,10770,520,472548,,,,
20250522,031820,아이티센씨티에스,6100,-60,10691,,,,
20250522,032350,롯데관광개발,11240,280,585967,,,,
20250522,032560,황금에스티,5640,20,29647,,,,
20250522,032640,LG유플러스,12980,-20,849372,,,,
20250522,032830,삼성생명,90600,-900,693196,,,,
20250522,033240,자화전자,11470,-440,59999,,,,
20250522,033250,체시스,5675,135,55097,,,,
20250522,033270,유나이티드제약,19810,120,53706,,,,
20250522,033530,SJG세종,4285,-75,47914,,,,
20250522,033780,KT&G,119600,1200,248753,,,,
20250522,033920,무학,7550,0,87749,,,,
20250522,034020,두산에너빌리티,38250,-850,10239052,,,,
20250522,034120,SBS,23000,-400,116388,,,,
20250522,034220,LG디스플레이,8190,-110,603970,,,,
20250522,034230,파라다이스,13550,100,391138,,,,
20250522,034310,NICE,11370,-40,20608,,,,
20250522,034590,인천도시가스,25000,0,1182,,,,
20250522,034730,SK,137600,-1700,77510,,,,
20250522,03473K,SK우,121300,-1300,778,,,,
20250522,034830,한국토지신탁,1130,30,1077757,,,,
20250522,035000,HS애드,7050,10,18956,,,,
20250522,035150,백산,14490,-60,36181,,,,
20250522,035250,강원랜드,17280,130,505580,,,,
20250522,035420,NAVER,183200,-1600,469433,,,,
20250522,035510,신세계 I&C,11970,-140,78732,,,,
20250522,035720,카카오,37250,-200,884129,,,,
20250522,036420,콘텐트리중앙,9890,60,39565,,,,
20250522,036460,한국가스공사,37950,-550,306043,,,,
20250522,036530,SNT홀딩스,41600,-550,30250,,,,
20250522,036570,NC,155600,100,83209,,,,
20250522,036580,팜스코,2310,0,54004,,,,
20250522,037270,YG PLUS,5790,-80,515831,,,,
20250522,037560,LG헬로비전,2495,-65,410691,,,,
20250522,037710,광주신세계,27650,-250,18380,,,,
20250522,039130,하나투어,47550,-350,89276,,,,
20250522,039490,키움증권,147300,-2500,61786,,,,
20250522,039570,HDC랩스,8880,60,7803,,,,
20250522,041650,상신브레이크,2975,-35,22420,,,,
20250522,042660,한화오션,77300,-1900,1162756,,,,
20250522,042700,한미반도체,81200,-3000,689630,,,,
20250522,044380,주연테크,1675,35,22237,,,,
20250522,044450,KSS해운,9830,300,126829,,,,
20250522,044820,코스맥스비티아이,12790,-100,17996,,,,
20250522,047040,대우건설,3730,-55,842527,,,,
20250522,047050,포스코인터내셔널,46600,-1500,276815,,,,
20250522,047400,유니온머티리얼,1620,-13,150557,,,,
20250522,047810,한국항공우주,87100,-600,446540,,,,
20250522,049800,우진플라임,2060,0,9875,,,,
20250522,051600,한전KPS,40800,-600,104469,,,,
20250522,051630,진양화학,2020,-20,69575,,,,
20250522,051900,LG생활건강,309500,-2000,24172,,,,
20250522,051905,LG생활건강우,119500,-1500,7782,,,,
20250522,051910,LG화학,186700,-1300,351583,,,,
20250522,051915,LG화학우,95500,-1800,52510,,,,
20250522,052690,한전기술,61000,-1100,144082,,,,
20250522,053210,스카이라이프,4375,0,13838,,,,
20250522,053690,한미글로벌,15840,-200,74955,,,,
20250522,055490,테이팩스,13450,-20,6644,,,,
20250522,055550,신한지주,54100,300,1131984,,,,
20250522,058430,포스코스틸리온,3725,-55,140760,,,,
20250522,058650,세아홀딩스,95300,-1800,300,,,,
20250522,058730,다스코,3000,-25,66339,,,,
20250522,058850,KTcs,2820,-30,170644,,,,
20250522,058860,KTis,2905,-50,309461,,,,
20250522,060980,HL홀딩스,37350,-550,11989,,,,
20250522,062040,산일전기,66600,-500,274482,,,,
20250522,063160,종근당바이오,23000,700,17576,,,,
20250522,064350,현대로템,120800,1200,948524,,,,
20250522,064400,LG씨엔에스,52400,-800,179864,,,,
20250522,064960,SNT모티브,29300,-2000,94195,,,,
20250522,066570,LG전자,70300,0,316537,,,,
20250522,066575,LG전자우,34750,150,39060,,,,
20250522,066970,엘앤에프,52500,-2000,471688,,,,
20250522,067830,세이브존I&C,2445,5,17535,,,,
20250522,068270,셀트리온,140928,-2846,497492,,,,
20250522,068290,삼성출판사,18200,630,48129,,,,
20250522,069260,TKG휴켐스,15950,-30,49803,,,,
20250522,069460,대호에이엘,9070,130,91908,,,,
20250522,069620,대웅제약,143000,-2200,22417,,,,
20250522,069640,한세엠케이,2398,-162,77301,,,,
20250522,069730,DSR제강,3585,25,6473,,,,
20250522,069960,현대백화점,68800,2600,175612,,,,
20250522,070960,모나용평,4295,-105,147319,,,,
20250522,071050,한국금융지주,96500,-1200,162072,,,,
20250522,071055,한국금융지주우,71600,-800,23371,,,,
20250522,071090,하이스틸,3980,-120,307269,,,,
20250522,071320,지역난방공사,74900,2100,50512,,,,
20250522,071840,롯데하이마트,7570,20,6162,,,,
20250522,071950,코아스,9690,60,6109,,,,
20250522,071970,HD현대마린엔진,41250,50,393636,,,,
20250522,072130,유엔젤,5310,60,173731,,,,
20250522,072710,농심홀딩스,72800,500,5428,,,,
20250522,073240,금호타이어,4235,-105,561858,,,,
20250522,074610,이엔플러스,5110,0,0,,,,
20250522,075180,새론오토모티브,3330,70,5085,,,,
20250522,075580,세진중공업,11360,-670,4903114,,,,
20250522,077500,유니퀘스트,6200,50,103921,,,,
20250522,077970,STX엔진,24800,-1000,253993,,,,
20250522,078000,텔코웨어,12910,-10,167748,,,,
20250522,078520,에이블씨엔씨,6950,10,39945,,,,
20250522,078930,GS,39500,-350,109427,,,,
20250522,078935,GS우,37900,-400,4248,,,,
20250522,079160,CJ CGV,4585,-10,192242,,,,
20250522,079430,현대리바트,7690,-30,17891,,,,
20250522,079550,LIG디펜스앤에어로스페이스,412500,-6000,98335,,,,
20250522,079900,전진건설로봇,49550,-1950,68654,,,,
20250522,079980,휴비스,2905,-5,75050,,,,
20250522,081000,일진다이아,12010,-230,12794,,,,
20250522,081660,미스토홀딩스,35200,-250,179610,,,,
20250522,082640,동양생명,5460,-110,186598,,,,
20250522,082740,한화엔진,28300,-850,452605,,,,
20250522,083420,그린케미칼,8940,180,899697,,,,
20250522,084010,대한제강,11156,-240,25718,,,,
20250522,084670,동양고속,7480,-60,1729,,,,
20250522,084680,이월드,1431,-11,126463,,,,
20250522,084690,대상홀딩스,9320,-140,107237,,,,
20250522,084695,대상홀딩스우,14100,-260,7513,,,,
20250522,084870,TBH글로벌,1175,-33,33607,,,,
20250522,085310,엔케이,8180,-170,6667,,,,
20250522,085620,미래에셋생명,5510,160,19977,,,,
20250522,086280,현대글로비스,109800,200,196293,,,,
20250522,086790,하나금융지주,67400,0,559041,,,,
20250522,088260,이리츠코크렙,4700,-20,16823,,,,
20250522,088350,한화생명,2545,-35,686984,,,,
20250522,088790,진도,1959,20,30700,,,,
20250522,088980,맥쿼리인프라,11570,-20,830815,,,,
20250522,089470,HDC현대EP,3720,-5,16347,,,,
20250522,089590,제주항공,6830,30,91723,,,,
20250522,089860,롯데렌탈,30600,-500,43947,,,,
20250522,090080,평화산업,1556,-96,7677885,,,,
20250522,090350,노루페인트,8320,-50,140879,,,,
20250522,090355,노루페인트우,13590,240,1576,,,,
20250522,090370,메타랩스,1414,3,292338,,,,
20250522,090430,아모레퍼시픽,125000,-1200,165922,,,,
20250522,090435,아모레퍼시픽우,38000,-900,27948,,,,
20250522,090460,비에이치,12320,-470,237716,,,,
20250522,091810,트리니티항공,1938,-19,403353,,,,
20250522,092200,디아이씨,4680,-140,180331,,,,
20250522,092220,KEC,3565,-55,69507,,,,
20250522,092230,KPX홀딩스,64200,-300,3436,,,,
20250522,092440,기신정기,2420,-35,3093,,,,
20250522,092780,DYP,4500,-40,10530,,,,
20250522,092790,넥스틸,13860,-660,404029,,,,
20250522,093050,LF,15510,100,28790,,,,
20250522,093240,형지엘리트,1745,-83,986583,,,,
20250522,093370,후성,3970,-90,336340,,,,
20250522,094280,효성ITX,11990,-40,4986,,,,
20250522,094800,맵스리얼티,4365,-15,33299,,,,
20250522,095570,AJ네트웍스,3605,-35,143318,,,,
20250522,095720,웅진씽크빅,3513,44,195466,,,,
20250522,096760,JW홀딩스,3215,85,184015,,,,
20250522,096770,SK이노베이션,84600,300,332109,,,,
20250522,096775,SK이노베이션우,56400,-2000,6292,,,,
20250522,097230,HJ중공업,7480,-50,676776,,,,
20250522,097520,엠씨넥스,28200,-300,60845,,,,
20250522,097950,CJ제일제당,226500,1000,36209,,,,
20250522,097955,CJ제일제당 우,135800,-600,5889,,,,
20250522,100090,SK오션플랜트,18770,-1190,879652,,,,
20250522,100220,비상교육,5760,-80,157600,,,,
20250522,100250,진양홀딩스,2935,0,52611,,,,
20250522,100840,SNT에너지,39450,-1100,87985,,,,
20250522,101140,인바이오젠,12360,-20,15740,,,,
20250522,101530,해태제과식품,6730,-10,15883,,,,
20250522,102260,동성케미컬,3948,29,96858,,,,
20250522,102460,이연제약,10810,210,27594,,,,
20250522,103140,풍산,57600,-1100,104440,,,,
20250522,103590,일진전기,30600,-300,755687,,,,
20250522,104700,한국철강,8970,-30,15562,,,,
20250522,105560,KB금융,96700,-1300,768775,,,,
20250522,105630,한세실업,10060,-30,130115,,,,
20250522,105840,우진,8820,-80,419103,,,,
20250522,107590,미원홀딩스,75400,700,115,,,,
20250522,108320,LX세미콘,59500,-1000,31738,,,,
20250522,108670,LX하우시스,28800,50,8651,,,,
20250522,108675,LX하우시스우,17940,-90,723,,,,
20250522,109070,주성코퍼레이션,970,-7,404170,,,,
20250522,111110,호전실업,8350,-10,19346,,,,
20250522,111380,동인기연,15140,-510,15926,,,,
20250522,111770,영원무역,57900,600,63155,,,,
20250522,112610,씨에스윈드,46650,-3850,837518,,,,
20250522,114090,GKL,13970,560,534041,,,,
20250522,117580,대성에너지,7670,-80,26581,,,,
20250522,118000,메타케어,3490,330,948619,,,,
20250522,119650,KC코트렐,918,0,0,,,,
20250522,120030,조선선재,100200,1600,3265,,,,
20250522,120110,코오롱인더,29900,-450,64980,,,,
20250522,120115,코오롱인더우,20500,50,2634,,,,
20250522,122900,아이마켓코리아,7950,20,6402,,,,
20250522,123690,한국화장품,6680,-90,31424,,,,
20250522,123700,SJM,3130,5,14311,,,,
20250522,123890,한국자산신탁,2340,-45,183426,,,,
20250522,126560,현대퓨처넷,3235,-15,65297,,,,
20250522,126720,수산인더스트리,22000,650,99616,,,,
20250522,128820,대성산업,3515,0,0,,,,
20250522,128940,한미약품,288500,-3000,47071,,,,
20250522,129260,인터지스,2605,-45,53464,,,,
20250522,130660,한전산업,11800,-170,297475,,,,
20250522,133820,화인베스틸,795,-18,27848,,,,
20250522,134380,미원화학,7780,0,690,,,,
20250522,134790,시디즈,26250,-400,2906,,,,
20250522,136490,선진,8370,-150,270193,,,,
20250522,137310,에스디바이오센서,11190,630,1489283,,,,
20250522,138040,메리츠금융지주,108900,-3100,406526,,,,
20250522,138930,BNK금융지주,10260,-190,697424,,,,
20250522,139130,iM금융지주,10420,-170,423423,,,,
20250522,139480,이마트,87300,1400,240491,,,,
20250522,139990,아주스틸,3890,45,12589,,,,
20250522,143210,핸즈코퍼레이션,1553,-2,8086,,,,
20250522,145210,다이나믹디자인,9540,-440,9129,,,,
20250522,145270,케이탑리츠,925,1,87650,,,,
20250522,145720,덴티움,62000,-500,24111,,,,
20250522,145990,삼양사,47300,-850,7954,,,,
20250522,145995,삼양사우,31300,-100,211,,,,
20250522,155660,DSR,3770,-50,6393,,,,
20250522,161000,애경케미칼,9320,-820,657962,,,,
20250522,161390,한국타이어앤테크놀로지,37600,-850,518158,,,,
20250522,161890,한국콜마,85000,-600,126286,,,,
20250522,163560,동일고무벨트,7300,-60,20480,,,,
20250522,170900,동아에스티,45302,-715,15568,,,,
20250522,175330,JB금융지주,17280,-100,463443,,,,
20250522,178920,PI첨단소재,17880,-440,100716,,,,
20250522,180640,한진칼,112700,1400,389156,,,,
20250522,18064K,한진칼우,36300,750,181047,,,,
20250522,181710,NHN,19070,-90,33102,,,,
20250522,183190,아세아시멘트,11050,-130,39924,,,,
20250522,185750,종근당,81900,2700,33557,,,,
20250522,192080,더블유게임즈,49550,-550,40533,,,,
20250522,192400,쿠쿠홀딩스,29000,-600,15987,,,,
20250522,192650,드림텍,5960,-50,118717,,,,
20250522,192820,코스맥스,206000,1500,87052,,,,
20250522,194370,제이에스코퍼레이션,9060,0,144102,,,,
20250522,195870,해성디에스,18000,-640,167517,,,,
20250522,200880,서연이화,11100,-280,86280,,,,
20250522,204320,HL만도,33250,-850,249981,,,,
20250522,207940,삼성바이오로직스,1589484,-29434,161918,,,,
20250522,210540,디와이파워,12420,-120,28814,,,,
20250522,210980,SK디앤디,9320,320,200278,,,,
20250522,213500,한솔제지,8350,20,35689,,,,
20250522,214320,이노션,17630,0,55451,,,,
20250522,214330,금호에이치티,17817,191,17468,,,,
20250522,214390,경보제약,5390,70,29779,,,,
20250522,214420,토니모리,8640,-110,191018,,,,
20250522,226320,잇츠한불,11850,-180,13521,,,,
20250522,227840,현대코퍼레이션홀딩스,11330,-10,11557,,,,
20250522,229640,LS에코에너지,34250,-650,107785,,,,
20250522,234080,JW생명과학,11820,-160,40703,,,,
20250522,241560,두산밥캣,45750,-2250,211972,,,,
20250522,241590,화승엔터프라이즈,7610,-230,129763,,,,
20250522,244920,에이플러스에셋,4970,-80,22605,,,,
20250522,248070,솔루엠,15660,-570,161535,,,,
20250522,248170,샘표식품,26200,50,9411,,,,
20250522,249420,일동제약,12390,540,528464,,,,
20250522,251270,넷마블,51400,0,116097,,,,
20250522,259960,크래프톤,380000,-6000,112451,,,,
20250522,264900,크라운제과,8350,-50,12218,,,,
20250522,26490K,크라운제과우,9520,-260,7768,,,,
20250522,267250,HD현대,83800,-400,133002,,,,
20250522,267260,HD현대일렉트릭,384500,9500,348124,,,,
20250522,267270,HD건설기계,70200,-1600,58790,,,,
20250522,267290,경동도시가스,18410,20,6755,,,,
20250522,267850,아시아나IDT,11440,-110,7659,,,,
20250522,268280,미원에스씨,163300,-2500,1457,,,,
20250522,271560,오리온,111200,-500,177747,,,,
20250522,271940,일진하이솔루스,12340,-390,65127,,,,
20250522,271980,제일약품,12850,330,152284,,,,
20250522,272210,한화시스템,44550,-1950,1792122,,,,
20250522,272450,진에어,9010,40,118105,,,,
20250522,272550,삼양패키징,13030,-170,14429,,,,
20250522,278470,에이피알,113900,-900,455638,,,,
20250522,280360,롯데웰푸드,109100,-1300,13788,,,,
20250522,281820,케이씨텍,25150,-1500,104528,,,,
20250522,282330,BGF리테일,99000,-700,61621,,,,
20250522,284740,쿠쿠홈시스,27050,-100,38311,,,,
20250522,285130,SK케미칼,53000,-700,59835,,,,
20250522,28513K,SK케미칼우,22600,-350,8649,,,,
20250522,286940,롯데이노베이트,18460,-210,9635,,,,
20250522,293480,하나제약,11700,340,21400,,,,
20250522,293940,신한알파리츠,5690,-30,103197,,,,
20250522,294870,IPARK현대산업개발,24600,-200,130057,,,,
20250522,298000,효성화학,77800,0,0,,,,
20250522,298020,효성티앤씨,231000,-2500,15061,,,,
20250522,298040,효성중공업,593000,-5000,507936,,,,
20250522,298050,HS효성첨단소재,189200,-5800,7886,,,,
20250522,298690,에어부산,2080,30,306850,,,,
20250522,300720,한일시멘트,17080,10,65123,,,,
20250522,302440,SK바이오사이언스,44100,1100,392182,,,,
20250522,306200,세아제강,159500,-4500,9374,,,,
20250522,307950,현대오토에버,139200,6200,89509,,,,
20250522,308170,씨티알모빌리티,5890,-210,1647,,,,
20250522,316140,우리금융지주,17980,-10,1532740,,,,
20250522,317400,자이에스앤디,3445,-25,22357,,,,
20250522,322000,HD현대에너지솔루션,43750,-3400,366100,,,,
20250522,323410,카카오뱅크,22700,-200,537290,,,,
20250522,326030,SK바이오팜,90200,-2300,116307,,,,
20250522,329180,HD현대중공업,394000,-5000,121165,,,,
20250522,330590,롯데리츠,3635,-15,173164,,,,
20250522,334890,이지스밸류플러스리츠,4652,5,54236,,,,
20250522,336260,두산퓨얼셀,16680,-510,353330,,,,
20250522,33626K,두산퓨얼셀1우,4675,-80,19357,,,,
20250522,33626L,두산퓨얼셀2우B,8070,-280,2173,,,,
20250522,336370,솔루스첨단소재,7310,-260,191812,,,,
20250522,33637K,솔루스첨단소재1우,1665,-43,54021,,,,
20250522,33637L,솔루스첨단소재2우B,3990,-130,14254,,,,
20250522,338100,NH프라임리츠,4555,-25,27496,,,,
20250522,339770,교촌에프앤비,4895,-45,66548,,,,
20250522,344820,KCC글라스,29750,-250,22140,,,,
20250522,348950,제이알글로벌리츠,2740,-30,339198,,,,
20250522,350520,이지스레지던스리츠,4220,0,12171,,,,
20250522,352820,하이브,280500,1500,142564,,,,
20250522,353200,대덕전자,14610,-220,252333,,,,
20250522,35320K,대덕전자1우,7430,-20,1435,,,,
20250522,357120,코람코라이프인프라리츠,4520,-25,68147,,,,
20250522,357250,미래에셋맵스리츠,2785,-10,17793,,,,
20250522,357430,마스턴프리미어리츠,1463,0,28541,,,,
20250522,361610,SK아이이테크놀로지,20550,-250,119541,,,,
20250522,363280,티와이홀딩스,2315,55,52233,,,,
20250522,36328K,티와이홀딩스우,3675,-10,3705,,,,
20250522,365550,ESR켄달스퀘어리츠,4479,-25,247597,,,,
20250522,372910,한컴라이프케어,3050,100,280651,,,,
20250522,373220,LG에너지솔루션,274500,-3000,331567,,,,
20250522,375500,DL이앤씨,44200,-1550,186162,,,,
20250522,37550K,DL이앤씨우,19100,-500,2357,,,,
20250522,37550L,DL이앤씨2우(전환),28900,-1150,5359,,,,
20250522,377190,디앤디플랫폼리츠,3250,0,26280,,,,
20250522,377300,카카오페이,30300,600,197238,,,,
20250522,377740,바이오노트,4830,120,309990,,,,
20250522,378850,화승알앤에이,3090,-95,54977,,,,
20250522,381970,케이카,14300,70,45881,,,,
20250522,383220,F&F,73100,4600,287973,,,,
20250522,383800,LX홀딩스,7120,-70,38175,,,,
20250522,38380K,LX홀딩스1우,8500,130,1185,,,,
20250522,395400,SK리츠,4845,-35,239825,,,,
20250522,396690,미래에셋글로벌리츠,2785,-15,35161,,,,
20250522,400760,NH올원리츠,3630,5,76675,,,,
20250522,402340,SK스퀘어,98500,-2300,196532,,,,
20250522,403550,쏘카,13320,-180,3101,,,,
20250522,404990,신한서부티엔디리츠,3450,0,44642,,,,
20250522,415640,KB발해인프라,7930,40,23218,,,,
20250522,417310,코람코더원리츠,5200,-20,27522,,,,
20250522,432320,KB스타리츠,4010,0,40489,,,,
20250522,443060,HD현대마린솔루션,160800,-3600,65566,,,,
20250522,446070,유니드비티플러스,4030,15,47085,,,,
20250522,448730,삼성FN리츠,4565,-25,41981,,,,
20250522,450080,에코프로머티,43250,-300,405498,,,,
20250522,451800,한화리츠,3790,-10,113629,,,,
20250522,452260,한화갤러리아,1201,-1,567812,,,,
20250522,45226K,한화갤러리아우,2230,-15,3880,,,,
20250522,453340,현대그린푸드,17650,850,159479,,,,
20250522,454910,두산로보틱스,46600,-1450,172734,,,,
20250522,456040,OCI,54300,-1600,30287,,,,
20250522,457190,이수스페셜티케미컬,40800,550,224170,,,,
20250522,460850,동국씨엠,6210,-30,23006,,,,
20250522,460860,동국제강,8740,-80,80195,,,,
20250522,462520,조선내화,13160,-130,1361,,,,
20250522,462870,시프트업,58500,3200,1142594,,,,
20250522,465770,STX그린로지스,8410,-290,74204,,,,
20250522,475150,SK이터닉스,20300,-1250,1460080,,,,
20250522,475560,더본코리아,26550,-250,33735,,,,
20250522,480370,씨케이솔루션,3570,-175,395447,,,,
20250522,481850,신한글로벌액티브리츠,1556,-14,112675,,,,
20250522,483650,달바글로벌,110100,,7190988,,,,
20250522,484870,엠앤씨솔루션,37333,-400,147096,,,,
20250522,487570,HS효성,38500,-50,1786,,,,
20250522,489790,한화비전,56800,-2000,780096,,,,
20250522,499790,GS피앤엘,28300,1100,406481,,,,
20250522,900140,엘브이엠씨홀딩스,1701,-35,465172,,,,
20250522,950210,프레스티지바이오파마,13700,80,84811,,,,
20250523,000020,동화약품,6370,-110,37046,,,,
20250523,000040,KR모터스,2010,15,27989,,,,
20250523,000050,경방,7180,190,240705,,,,
20250523,000070,삼양홀딩스,42373,333,20576,,,,
20250523,000080,하이트진로,19120,-80,86208,,,,
20250523,000087,하이트진로2우B,15260,-30,1305,,,,
20250523,000100,유한양행,104000,-1000,318613,,,,
20250523,000105,유한양행우,97400,-600,2874,,,,
20250523,000120,CJ대한통운,80100,1000,57906,,,,
20250523,000140,하이트진로홀딩스,8550,-30,7586,,,,
20250523,000145,하이트진로홀딩스우,10410,-210,960,,,,
20250523,000150,두산,439000,28000,173517,,,,
20250523,000155,두산우,280000,1000,86194,,,,
20250523,000157,두산2우B,331500,6500,10625,,,,
20250523,000180,성창기업지주,6845,45,11884,,,,
20250523,000210,DL,41650,2050,128147,,,,
20250523,000215,DL우,21250,350,2139,,,,
20250523,000220,유유제약,4655,-50,60497,,,,
20250523,000225,유유제약1우,5160,40,7816,,,,
20250523,000227,유유제약2우B,10190,-170,4550,,,,
20250523,000230,일동홀딩스,6580,-560,185514,,,,
20250523,000240,한국앤컴퍼니,16450,70,36090,,,,
20250523,000270,기아,87100,-2100,879529,,,,
20250523,000300,DH오토넥스,4200,0,0,,,,
20250523,000320,노루홀딩스,15820,290,26133,,,,
20250523,000325,노루홀딩스우,30500,50,782,,,,
20250523,000370,한화손해보험,4320,70,330144,,,,
20250523,000390,SP삼화,5840,-30,19695,,,,
20250523,000400,롯데손해보험,1580,5,88477,,,,
20250523,000430,대원강업,3610,-45,39721,,,,
20250523,000480,CR홀딩스,5200,0,6937,,,,
20250523,000490,대동,10660,30,123488,,,,
20250523,000500,가온전선,45232,55,221684,,,,
20250523,000520,삼일제약,11680,-20,75933,,,,
20250523,000540,흥국화재,3795,75,165496,,,,
20250523,000545,흥국화재우,8160,310,50112,,,,
20250523,000590,CS홀딩스,75400,1500,625,,,,
20250523,000640,동아쏘시오홀딩스,99938,-291,4675,,,,
20250523,000650,천일고속,39400,200,113,,,,
20250523,000660,SK하이닉스,200000,3100,1538701,,,,
20250523,000670,영풍,34633,972,14868,,,,
20250523,000680,LS네트웍스,3510,25,160059,,,,
20250523,000700,유수홀딩스,5700,30,28551,,,,
20250523,000720,현대건설,54200,5650,3323088,,,,
20250523,000725,현대건설우,58400,3000,18959,,,,
20250523,000760,이화산업,11030,10,1441,,,,
20250523,000810,삼성화재,380000,16500,99171,,,,
20250523,000815,삼성화재우,284000,8000,14709,,,,
20250523,000850,화천기공,30000,300,3324,,,,
20250523,000860,강남제비스코,12110,-10,23595,,,,
20250523,000880,한화,60744,360,132859,,,,
20250523,00088K,한화3우B,22402,-453,112006,,,,
20250523,000890,보해양조,2515,40,97375,,,,
20250523,000910,유니온,4595,25,108480,,,,
20250523,000950,전방,24100,0,1605,,,,
20250523,000970,한국주철관,6930,50,85899,,,,
20250523,000990,DB하이텍,38150,-50,81678,,,,
20250523,001020,페이퍼코리아,3595,-105,15046,,,,
20250523,001040,CJ,124300,-2100,95542,,,,
20250523,001045,CJ우,71500,-700,5217,,,,
20250523,00104K,CJ4우(전환),101600,-2200,6668,,,,
20250523,001060,JW중외제약,22000,-150,89997,,,,
20250523,001065,JW중외제약우,27700,-750,814,,,,
20250523,001067,JW중외제약2우B,60500,-1000,55,,,,
20250523,001070,대한방직,6400,40,89638,,,,
20250523,001080,만호제강,2700,10,21620,,,,
20250523,001120,LX인터내셔널,27300,300,70886,,,,
20250523,001130,대한제분,13400,-80,23330,,,,
20250523,001200,유진투자증권,3030,80,828910,,,,
20250523,001210,금호전기,5200,-200,39351,,,,
20250523,001230,동국홀딩스,1727,49,377875,,,,
20250523,001250,GS글로벌,2535,15,180683,,,,
20250523,001260,남광토건,8560,160,23846,,,,
20250523,001270,부국증권,35350,500,18648,,,,
20250523,001275,부국증권우,22700,100,35512,,,,
20250523,001290,상상인증권,485,12,391516,,,,
20250523,001340,PKC,5460,-100,72725,,,,
20250523,001360,삼성제약,1535,26,640097,,,,
20250523,001380,SG글로벌,3466,-2,63159,,,,
20250523,001390,KG케미칼,3790,35,71350,,,,
20250523,001420,태원물산,4145,45,2107,,,,
20250523,001430,세아베스틸지주,19330,440,82754,,,,
20250523,001440,대한전선,12390,290,766999,,,,
20250523,001450,현대해상,23400,1150,721180,,,,
20250523,001460,BYC,33350,100,1588,,,,
20250523,001465,BYC우,14860,160,1770,,,,
20250523,001470,삼부토건,347,0,0,,,,
20250523,001500,현대차증권,6640,60,182810,,,,
20250523,001510,SK증권,1039,-6,419921,,,,
20250523,001515,SK증권우,3494,58,4566,,,,
20250523,001520,동양,1134,18,322586,,,,
20250523,001525,동양우,8230,30,644,,,,
20250523,001527,동양2우B,16060,40,142,,,,
20250523,001530,DI동일,35286,238,34946,,,,
20250523,001550,조비,12020,0,8035,,,,
20250523,001560,제일연마,9720,50,24069,,,,
20250523,001570,금양,9900,0,0,,,,
20250523,001620,케이비아이동국실업,2405,-45,33342,,,,
20250523,001630,종근당홀딩스,50500,300,3101,,,,
20250523,001680,대상,21250,0,85609,,,,
20250523,001685,대상우,16380,50,5607,,,,
20250523,001720,신영증권,110500,-1100,25584,,,,
20250523,001740,SK네트웍스,3940,15,223816,,,,
20250523,001750,한양증권,14740,40,16397,,,,
20250523,001755,한양증권우,15050,130,1951,,,,
20250523,001770,SHD,15800,-50,3485,,,,
20250523,001780,알루코,2345,-195,1352061,,,,
20250523,001790,대한제당,2735,-10,822532,,,,
20250523,001795,대한제당우,2265,-10,168901,,,,
20250523,001800,오리온홀딩스,18150,-60,89481,,,,
20250523,001820,삼화콘덴서,24000,50,23442,,,,
20250523,001940,KISCO홀딩스,21500,-50,22256,,,,
20250523,002020,코오롱,24100,200,54764,,,,
20250523,002025,코오롱우,14960,90,4949,,,,
20250523,002030,아세아,284000,14000,2396,,,,
20250523,002070,비비안,18736,533,98881,,,,
20250523,002100,경농,9330,70,18173,,,,
20250523,002140,고려산업,2740,-15,50262,,,,
20250523,002150,도화엔지니어링,6490,20,21160,,,,
20250523,002170,SYTS,48650,0,577,,,,
20250523,002200,한국수출포장,2855,10,79465,,,,
20250523,002210,동성제약,2780,0,0,,,,
20250523,002220,한일철강,1973,6,3886,,,,
20250523,002240,고려제강,17130,120,4065,,,,
20250523,002310,아세아제지,7120,-100,112109,,,,
20250523,002320,한진,19760,30,14007,,,,
20250523,002350,넥센타이어,6140,-40,131994,,,,
20250523,002355,넥센타이어1우B,3020,-15,16904,,,,
20250523,002360,SH에너지화학,4440,10,18653,,,,
20250523,002380,KCC,272000,1500,17731,,,,
20250523,002390,한독,11480,-30,9465,,,,
20250523,002410,범양건영,1935,0,0,,,,
20250523,002420,세기상사,5040,30,9391,,,,
20250523,002450,삼익악기,1224,3,125188,,,,
20250523,002460,HS화성,9940,-100,4834,,,,
20250523,002600,조흥,154500,0,12,,,,
20250523,002620,제일파마홀딩스,8030,-120,7199,,,,
20250523,002630,오리엔트바이오,2704,-30,4258538,,,,
20250523,002690,동일제강,1506,32,31841,,,,
20250523,002700,신일전자,1503,-22,312227,,,,
20250523,002710,TCC스틸,16260,-690,166181,,,,
20250523,002720,국제약품,4785,-145,299162,,,,
20250523,002760,보락,1071,-16,110119,,,,
20250523,002780,진흥기업,757,17,360720,,,,
20250523,002785,진흥기업우B,3580,80,19130,,,,
20250523,002787,진흥기업2우B,7130,-360,21444,,,,
20250523,002790,아모레퍼시픽홀딩스,24900,950,349484,,,,
20250523,002795,아모레퍼시픽홀딩스우,10210,290,29100,,,,
20250523,00279K,아모레퍼시픽홀딩스3우C,19260,310,15945,,,,
20250523,002810,삼영무역,14800,30,32844,,,,
20250523,002820,SUN&L,2900,-10,2497,,,,
20250523,002840,미원상사,181100,-3100,3579,,,,
20250523,002870,신풍,1006,9,171833,,,,
20250523,002880,디와이에이,990,-2,22322,,,,
20250523,002900,TYM,5450,-40,335757,,,,
20250523,002920,유성기업,1959,-7,13202,,,,
20250523,002960,한국쉘석유,389500,5500,1202,,,,
20250523,002990,금호건설,2860,55,113064,,,,
20250523,002995,금호건설우,11800,-20,1091,,,,
20250523,003000,부광약품,3756,-32,112158,,,,
20250523,003010,혜인,4990,5,40418,,,,
20250523,003030,세아제강지주,224000,4000,5545,,,,
20250523,003060,에이프로젠바이오로직스,643,-23,631570,,,,
20250523,003070,코오롱글로벌,8840,250,24486,,,,
20250523,003075,코오롱글로벌우,15200,30,608,,,,
20250523,003080,SB성보,2570,-10,4510,,,,
20250523,003090,대웅,19800,-500,28289,,,,
20250523,003120,일성아이에스,18700,80,13723,,,,
20250523,003160,디아이,14160,-90,209737,,,,
20250523,003200,일신방직,9380,10,18709,,,,
20250523,003220,대원제약,13610,-120,39699,,,,
20250523,003230,삼양식품,1143000,18000,30086,,,,
20250523,003240,태광산업,845000,56000,2385,,,,
20250523,003280,흥아해운,1543,-9,526693,,,,
20250523,003300,한일홀딩스,15530,680,30658,,,,
20250523,003350,한국화장품제조,9890,340,245370,,,,
20250523,003460,유화증권,2490,15,20164,,,,
20250523,003465,유화증권우,2415,15,320,,,,
20250523,003470,유안타증권,3105,-30,624011,,,,
20250523,003475,유안타증권우,3165,15,63307,,,,
20250523,003480,한진중공업홀딩스,5130,0,79605,,,,
20250523,003490,대한항공,22600,150,753472,,,,
20250523,003495,대한항공우,22550,-150,4811,,,,
20250523,003520,영진약품,2160,-70,628020,,,,
20250523,003530,한화투자증권,4305,115,2738655,,,,
20250523,003535,한화투자증권우,6570,20,10505,,,,
20250523,003540,대신증권,20750,150,125637,,,,
20250523,003545,대신증권우,17900,90,57250,,,,
20250523,003547,대신증권2우B,17010,60,21217,,,,
20250523,003550,LG,67500,600,86437,,,,
20250523,003555,LG우,57300,200,2032,,,,
20250523,003570,SNT다이내믹스,39450,250,65033,,,,
20250523,003580,HLB글로벌,2930,-30,51473,,,,
20250523,003610,방림,4140,110,114879,,,,
20250523,003620,KG모빌리티,3225,-10,102361,,,,
20250523,003650,미창석유,100100,1000,2808,,,,
20250523,003670,포스코퓨처엠,97028,-3005,244177,,,,
20250523,003680,한성기업,5110,-20,17547,,,,
20250523,003690,코리안리,9330,260,286455,,,,
20250523,003720,삼영,3890,-15,64877,,,,
20250523,003780,진양산업,5970,110,319192,,,,
20250523,003830,대한화섬,123400,2100,1186,,,,
20250523,003850,보령,8430,-60,57946,,,,
20250523,003920,남양유업,76000,-900,21134,,,,
20250523,003925,남양유업우,44750,3200,41211,,,,
20250523,003960,사조대림,38450,300,10513,,,,
20250523,004000,롯데정밀화학,35500,50,21151,,,,
20250523,004020,현대제철,24100,-550,318758,,,,
20250523,004060,SG세계물산,3260,-30,20414,,,,
20250523,004080,신흥,14520,-80,27042,,,,
20250523,004090,한국석유,12350,-60,25164,,,,
20250523,004100,태양금속,2705,15,594749,,,,
20250523,004105,태양금속우,3855,-45,58658,,,,
20250523,004140,동방,2385,5,283863,,,,
20250523,004150,한솔홀딩스,2580,10,39235,,,,
20250523,004170,신세계,174400,400,37459,,,,
20250523,004250,NPC,4245,45,21293,,,,
20250523,004255,NPC우,2350,-50,60177,,,,
20250523,004270,남성,8308,88,3160,,,,
20250523,004310,현대약품,3520,-55,654761,,,,
20250523,004360,세방,12970,290,59141,,,,
20250523,004365,세방우,8690,490,48687,,,,
20250523,004370,농심,431000,8000,28337,,,,
20250523,004380,삼익THK,13000,0,0,,,,
20250523,004410,서울식품,1570,10,51445,,,,
20250523,004415,서울식품우,12320,-90,1503,,,,
20250523,004430,송원산업,11560,-70,28452,,,,
20250523,004440,삼일씨엔에스,4365,55,8768,,,,
20250523,004450,삼화왕관,38300,1150,1648,,,,
20250523,004490,세방전지,63700,200,17847,,,,
20250523,004540,깨끗한나라,2205,-65,121345,,,,
20250523,004545,깨끗한나라우,12080,-470,1984,,,,
20250523,004560,현대비앤지스틸,11540,40,10474,,,,
20250523,004690,삼천리,117600,9000,53416,,,,
20250523,004700,조광피혁,58800,-700,6719,,,,
20250523,004710,한솔테크닉스,5034,49,112274,,,,
20250523,004720,팜젠사이언스,4215,-135,312239,,,,
20250523,004770,써니전자,1660,-14,262429,,,,
20250523,004800,효성,55300,400,8080,,,,
20250523,004830,덕성,5800,-70,85504,,,,
20250523,004835,덕성우,7690,40,4656,,,,
20250523,004840,DRB동일,4240,-15,10488,,,,
20250523,004870,티웨이홀딩스,2949,-71,145391,,,,
20250523,004890,동일산업,42950,150,446,,,,
20250523,004910,조광페인트,5370,-120,37956,,,,
20250523,004920,씨아이테크,1242,31,103739,,,,
20250523,004960,한신공영,8040,360,66877,,,,
20250523,004970,신라교역,9250,100,19216,,,,
20250523,004980,성신양회,8520,30,179354,,,,
20250523,004985,성신양회우,12170,70,10566,,,,
20250523,004990,롯데지주,25650,400,228404,,,,
20250523,00499K,롯데지주우,27650,150,3216,,,,
20250523,005010,휴스틸,4670,-30,540091,,,,
20250523,005030,부산주공,486,0,0,,,,
20250523,005070,코스모신소재,30100,-950,156352,,,,
20250523,005090,SGC에너지,23800,550,452448,,,,
20250523,005110,한창,1254,0,0,,,,
20250523,005180,빙그레,87200,-900,31268,,,,
20250523,005250,녹십자홀딩스,13940,-300,30632,,,,
20250523,005257,녹십자홀딩스2우,21800,-3850,17363,,,,
20250523,005300,롯데칠성,101200,-800,11162,,,,
20250523,005305,롯데칠성우,65100,300,509,,,,
20250523,005320,온타이드,1048,8,43833,,,,
20250523,005360,모나미,2050,-20,12684,,,,
20250523,005380,현대차,179900,-2500,829741,,,,
20250523,005385,현대차우,145800,-200,70799,,,,
20250523,005387,현대차2우B,146700,400,94832,,,,
20250523,005389,현대차3우B,146000,-300,11216,,,,
20250523,005420,코스모화학,12800,-400,138803,,,,
20250523,005430,한국공항,52600,800,11901,,,,
20250523,005440,현대지에프홀딩스,7170,-120,456457,,,,
20250523,005490,POSCO홀딩스,233500,-4500,180700,,,,
20250523,005500,삼진제약,17500,80,9441,,,,
20250523,005610,삼립,51800,-1100,27413,,,,
20250523,005680,삼영전자,10820,90,12585,,,,
20250523,005690,파미셀,11990,1060,2906758,,,,
20250523,005720,넥센,5700,40,25158,,,,
20250523,005725,넥센우,4005,90,16285,,,,
20250523,005740,크라운해태홀딩스,6160,-90,28008,,,,
20250523,005745,크라운해태홀딩스우,8180,-90,3858,,,,
20250523,005750,대림바스,4115,55,16511,,,,
20250523,005800,신영와코루,11470,120,9147,,,,
20250523,005810,풍산홀딩스,32000,1450,87374,,,,
20250523,005820,원림,14560,-230,495,,,,
20250523,005830,DB손해보험,96600,1500,189171,,,,
20250523,005850,에스엘,30200,-200,100231,,,,
20250523,005870,휴니드,8400,140,212595,,,,
20250523,005880,대한해운,1526,-8,999109,,,,
20250523,005930,삼성전자,54200,-500,11247115,,,,
20250523,005935,삼성전자우,44900,-600,1123166,,,,
20250523,005940,NH투자증권,16150,170,362007,,,,
20250523,005945,NH투자증권우,14560,130,51300,,,,
20250523,005950,이수화학,5220,-120,47138,,,,
20250523,005960,동부건설,4615,140,56418,,,,
20250523,005965,동부건설우,20200,150,133,,,,
20250523,006040,동원산업,45500,300,19181,,,,
20250523,006060,화승인더,4390,-65,246750,,,,
20250523,006090,사조오양,8620,20,7413,,,,
20250523,006110,삼아알미늄,19060,-560,57103,,,,
20250523,006120,SK디스커버리,44150,250,18786,,,,
20250523,006125,SK디스커버리우,35950,-50,12605,,,,
20250523,006200,한국전자홀딩스,3400,-15,4739,,,,
20250523,006220,제주은행,9360,130,134816,,,,
20250523,006260,LS,149700,-1100,119405,,,,
20250523,006280,녹십자,126100,-1800,17913,,,,
20250523,006340,대원전선,2955,55,1653719,,,,
20250523,006345,대원전선우,3935,95,30954,,,,
20250523,006360,GS건설,20500,1470,1322827,,,,
20250523,006370,대구백화점,6500,-330,136795,,,,
20250523,006380,카프로,3660,0,0,,,,
20250523,006400,삼성SDI,160200,-2900,268120,,,,
20250523,006405,삼성SDI우,96800,-2000,5868,,,,
20250523,006490,프리티,6650,-20,85809,,,,
20250523,006570,대림통상,2535,60,12483,,,,
20250523,006650,대한유화,78100,-1200,18838,,,,
20250523,006660,삼성공조,14460,-210,235201,,,,
20250523,006740,블루산업개발,2292,-14,25590,,,,
20250523,006800,미래에셋증권,13531,159,1172605,,,,
20250523,006805,미래에셋증권우,5814,128,102399,,,,
20250523,00680K,미래에셋증권2우B,5081,49,1813707,,,,
20250523,006840,AK홀딩스,10630,-40,5319,,,,
20250523,006880,신송홀딩스,7300,-80,76945,,,,
20250523,006890,태경케미컬,11470,-40,17972,,,,
20250523,006980,우성,16710,60,3954,,,,
20250523,007070,GS리테일,13700,70,65278,,,,
20250523,007110,일신석재,2195,0,1459926,,,,
20250523,007120,미래아이앤지,1059,15,73647,,,,
20250523,007160,사조산업,45300,2500,32388,,,,
20250523,007210,벽산,2225,10,121813,,,,
20250523,007280,한국특강,3182,14,4421,,,,
20250523,007310,오뚜기,386000,0,2006,,,,
20250523,007340,DN오토모티브,21400,550,65200,,,,
20250523,007460,에이프로젠,648,-20,1564982,,,,
20250523,007540,샘표,44200,-350,5682,,,,
20250523,007570,일양약품,14275,-448,70742,,,,
20250523,007575,일양약품우,14883,-788,3564,,,,
20250523,007590,동방아그로,6140,50,8277,,,,
20250523,007610,선도전기,3000,0,0,,,,
20250523,007660,이수페타시스,39700,400,1167027,,,,
20250523,007690,국도화학,32200,-300,6253,,,,
20250523,007700,F&F홀딩스,14220,170,21765,,,,
20250523,007810,코리아써키트,9840,-50,54481,,,,
20250523,007815,코리아써우,5330,30,1704,,,,
20250523,00781K,코리아써키트2우B,5350,-40,1568,,,,
20250523,007860,서연,7870,-380,176524,,,,
20250523,007980,TP,1336,-3,49637,,,,
20250523,008040,사조동아원,1203,3,11211901,,,,
20250523,008060,대덕,7660,150,87718,,,,
20250523,00806K,대덕1우,7600,-120,912,,,,
20250523,008250,이건산업,5390,0,24879,,,,
20250523,008260,NI스틸,3465,0,38389,,,,
20250523,008350,남선알미늄,1241,-3,343419,,,,
20250523,008355,남선알미우,12710,20,352,,,,
20250523,008420,문배철강,2225,-10,29690,,,,
20250523,008490,서흥,18350,80,47415,,,,
20250523,008600,윌비스,5895,156,107085,,,,
20250523,008700,아남전자,1420,-34,336409,,,,
20250523,008730,율촌화학,26800,-650,67567,,,,
20250523,008770,호텔신라,48250,-700,166697,,,,
20250523,008775,호텔신라우,39400,1800,23109,,,,
20250523,008870,금비,59100,1600,7130,,,,
20250523,008930,한미사이언스,33050,150,111508,,,,
20250523,008970,KBI동양철관,2501,56,5981925,,,,
20250523,009070,KCTC,3955,-15,35322,,,,
20250523,009140,경인전자,19710,380,7529,,,,
20250523,009150,삼성전기,117300,-1500,181029,,,,
20250523,009155,삼성전기우,53300,-500,4959,,,,
20250523,009160,SIMPAC,4530,90,127196,,,,
20250523,009180,한솔로지스틱스,2180,-5,86284,,,,
20250523,009190,대양금속,1815,146,891289,,,,
20250523,009200,무림페이퍼,2100,15,60360,,,,
20250523,009240,한샘,40650,200,10430,,,,
20250523,009270,신원,1833,23,1390899,,,,
20250523,009290,광동제약,5440,-30,13014,,,,
20250523,009310,참엔지니어링,1322,50,115749,,,,
20250523,009320,아진전자부품,999,-1,26546,,,,
20250523,009410,태영건설,2650,60,141455,,,,
20250523,009415,태영건설우,5500,-160,6478,,,,
20250523,009420,한올바이오파마,25300,-550,127234,,,,
20250523,009440,KC그린홀딩스,756,0,0,,,,
20250523,009450,경동나비엔,76300,1000,51482,,,,
20250523,009460,한창제지,3610,-45,13102,,,,
20250523,009470,삼화전기,26700,-250,26123,,,,
20250523,009540,HD한국조선해양,288500,500,131668,,,,
20250523,009580,무림P&P,2825,20,83982,,,,
20250523,009680,모토닉,10080,40,54486,,,,
20250523,009770,삼정펄프,27250,550,1878,,,,
20250523,009810,MDS스피어,3055,-20,19633,,,,
20250523,009830,한화솔루션,27825,-3585,11444154,,,,
20250523,009835,한화솔루션우,21721,-2891,100095,,,,
20250523,009900,명신산업,7870,-110,92770,,,,
20250523,009970,영원무역홀딩스,114700,5000,23510,,,,
20250523,010040,한국내화,2350,20,19261,,,,
20250523,010060,OCI홀딩스,65200,-2400,190806,,,,
20250523,010100,한국무브넥스,3910,-75,139308,,,,
20250523,010120,LS ELECTRIC,50900,900,1171505,,,,
20250523,010130,고려아연,778000,-2000,11378,,,,
20250523,010140,삼성중공업,14430,-70,3217358,,,,
20250523,010400,우진아이엔에스,2645,-30,23578,,,,
20250523,010580,에스엠벡셀,1226,-3,21588,,,,
20250523,010640,진양폴리,3465,-13,35003,,,,
20250523,010660,화천기계,4630,90,409786,,,,
20250523,010690,화신,7560,-100,56451,,,,
20250523,010770,평화홀딩스,10350,1150,9776957,,,,
20250523,010780,아이에스동서,18810,830,73363,,,,
20250523,010820,퍼스텍,3760,75,547019,,,,
20250523,010950,S-Oil,50700,100,127385,,,,
20250523,010955,S-Oil우,34250,-300,7453,,,,
20250523,010960,삼호개발,3310,5,134507,,,,
20250523,011000,진원생명과학,18550,1725,8560996,,,,
20250523,011070,LG이노텍,139300,-1400,55297,,,,
20250523,011090,에넥스,3545,-25,42682,,,,
20250523,011150,CJ씨푸드,2995,-25,226198,,,,
20250523,011155,CJ씨푸드1우,17160,10,543,,,,
20250523,011170,롯데케미칼,56400,-600,63058,,,,
20250523,011200,HMM,22200,0,1002424,,,,
20250523,011210,현대위아,40250,200,32722,,,,
20250523,011230,삼화전자,4060,75,56329,,,,
20250523,011280,태림포장,2155,0,59409,,,,
20250523,011300,우성머티리얼스,4570,-40,28516,,,,
20250523,011330,유니켐,14650,-270,15842,,,,
20250523,011390,부산산업,98800,1000,6515,,,,
20250523,011420,갤럭시아에스엠,2255,-15,359238,,,,
20250523,011500,한농화성,13860,-300,49038,,,,
20250523,011690,와이투솔루션,3290,390,8439517,,,,
20250523,011700,한신기계,3500,570,16191364,,,,
20250523,011760,현대코퍼레이션,25200,750,90757,,,,
20250523,011780,금호석유화학,108900,800,70416,,,,
20250523,011785,금호석유화학우,52700,-500,4650,,,,
20250523,011790,SKC,80834,-3290,274200,,,,
20250523,011810,STX,3170,-70,49023,,,,
20250523,011930,신성이엔지,13860,-80,120401,,,,
20250523,012030,DB,1258,5,127928,,,,
20250523,012160,영흥,2520,0,23677,,,,
20250523,012170,아센디오,4300,445,146561,,,,
20250523,012200,계양전기,1379,-1,11613,,,,
20250523,012205,계양전기우,3538,-136,3466,,,,
20250523,012280,영화금속,822,-10,47098,,,,
20250523,012320,경동인베스트,54200,500,7371,,,,
20250523,012330,현대모비스,242000,-4000,103469,,,,
20250523,012450,한화에어로스페이스,830000,-3000,136055,,,,
20250523,012610,경인양행,3175,-30,33723,,,,
20250523,012630,HDC,20350,300,126868,,,,
20250523,012690,모나리자,2820,-70,178162,,,,
20250523,012750,에스원,66100,0,23018,,,,
20250523,012800,대창,1310,22,473124,,,,
20250523,013000,세우글로벌,1164,0,69882,,,,
20250523,013360,일성건설,2430,-30,688241,,,,
20250523,013520,화승코퍼레이션,1941,1,15658,,,,
20250523,013570,디와이,4070,5,28482,,,,
20250523,013580,계룡건설,19330,290,399348,,,,
20250523,013700,까뮤이앤씨,1130,-2,64527,,,,
20250523,013870,지엠비코리아,3955,10,36382,,,,
20250523,013890,지누스,17570,190,47201,,,,
20250523,014130,한익스프레스,3400,0,1094,,,,
20250523,014160,대영포장,1416,44,15882021,,,,
20250523,014280,금강공업,4450,40,47939,,,,
20250523,014285,금강공업우,6720,-170,1845,,,,
20250523,014440,영보화학,4350,25,59121,,,,
20250523,014530,극동유화,3375,0,40120,,,,
20250523,014580,태경비케이,4650,45,90078,,,,
20250523,014680,한솔케미칼,118200,-1000,27895,,,,
20250523,014710,사조씨푸드,5620,20,93580,,,,
20250523,014790,HL D&I,2500,115,68194,,,,
20250523,014820,동원시스템즈,29150,-200,30931,,,,
20250523,014825,동원시스템즈우,17160,-100,202,,,,
20250523,014830,유니드,94700,1000,20996,,,,
20250523,014910,성문전자,1208,9,25449,,,,
20250523,014915,성문전자우,4550,30,467,,,,
20250523,014990,인디에프,4680,30,42011,,,,
20250523,015020,이스타코,2240,6,391137,,,,
20250523,015230,대창단조,5640,50,104818,,,,
20250523,015260,에이엔피,414,-16,641764,,,,
20250523,015360,INVENI,10200,120,30460,,,,
20250523,015590,DKME,2575,0,0,,,,
20250523,015760,한국전력,30700,1000,3466964,,,,
20250523,015860,일진홀딩스,4275,45,61450,,,,
20250523,015890,태경산업,4900,30,25720,,,,
20250523,016090,대현,1884,5,52254,,,,
20250523,016360,삼성증권,56100,100,275853,,,,
20250523,016380,KG스틸,5650,20,35910,,,,
20250523,016450,한세예스24홀딩스,3795,-5,17983,,,,
20250523,016580,환인제약,11210,-120,30956,,,,
20250523,016590,신대양제지,8850,0,27879,,,,
20250523,016610,DB증권,6580,80,104797,,,,
20250523,016710,대성홀딩스,8070,90,17436,,,,
20250523,016740,두올,3230,15,31125,,,,
20250523,016800,퍼시스,43750,-200,846,,,,
20250523,016880,웅진,2020,193,10602191,,,,
20250523,017040,광명전기,1669,34,588270,,,,
20250523,017180,명문제약,1688,-46,98624,,,,
20250523,017370,우신시스템,7000,-230,84972,,,,
20250523,017390,서울가스,55900,1700,30297,,,,
20250523,017550,수산세보틱스,1793,2,67664,,,,
20250523,017670,SK텔레콤,50700,-100,921410,,,,
20250523,017800,현대엘리베이터,73900,1900,160520,,,,
20250523,017810,풀무원,12550,-120,94773,,,,
20250523,017860,DS단석,23767,742,862173,,,,
20250523,017900,광전자,1836,4,17316,,,,
20250523,017940,E1,68000,-200,9391,,,,
20250523,017960,한국카본,21350,600,545098,,,,
20250523,018250,애경산업,14540,490,62001,,,,
20250523,018260,삼성에스디에스,130500,-400,73502,,,,
20250523,018470,조일알미늄,1533,-25,401623,,,,
20250523,018500,동원모빌리티,1394,-5,358138,,,,
20250523,018670,SK가스,209500,2500,8328,,,,
20250523,018880,한온시스템,2858,-70,1383280,,,,
20250523,019170,신풍제약,10190,-280,4105824,,,,
20250523,019175,신풍제약우,15500,-750,100625,,,,
20250523,019180,티에이치엔,2745,0,57355,,,,
20250523,019490,엑시큐어하이트론,944,-2,1190700,,,,
20250523,019680,대교,2400,30,60052,,,,
20250523,019685,대교우B,1293,-3,4542,,,,
20250523,020000,한섬,15870,70,69819,,,,
20250523,020120,키다리스튜디오,3180,-20,69213,,,,
20250523,020150,롯데에너지머티리얼즈,19730,-230,62797,,,,
20250523,020560,아시아나항공,9870,-10,34065,,,,
20250523,020760,일진디스플,736,11,20330,,,,
20250523,021050,서원,1180,-2,79837,,,,
20250523,021240,코웨이,95100,4900,252789,,,,
20250523,021820,세원정공,8540,-90,14097,,,,
20250523,022100,포스코DX,20250,-900,457864,,,,
20250523,023000,삼원강재,2410,-100,30909,,,,
20250523,023150,MH에탄올,5060,-20,2495,,,,
20250523,023350,한국종합기술,5480,70,35051,,,,
20250523,023450,동남합성,34100,-100,571,,,,
20250523,023530,롯데쇼핑,77500,-500,55726,,,,
20250523,023590,다우기술,23900,-100,101437,,,,
20250523,023800,인지컨트롤스,6040,-20,21625,,,,
20250523,023810,인팩,5700,0,7944,,,,
20250523,023960,에쓰씨엔지니어링,1261,8,79312,,,,
20250523,024070,WISCOM,1978,3,4799,,,,
20250523,024090,디씨엠,12660,100,10442,,,,
20250523,024110,기업은행,15360,100,442587,,,,
20250523,024720,콜마홀딩스,11340,-440,380229,,,,
20250523,024890,대원화성,4495,-15,2004,,,,
20250523,024900,디와이덕양,2620,-30,48219,,,,
20250523,025000,KPX케미칼,42070,236,5217,,,,
20250523,025530,SJM홀딩스,3300,-50,15185,,,,
20250523,025540,한국단자,58600,300,27273,,,,
20250523,025560,미래산업,2199,-3,110225,,,,
20250523,025620,차AI헬스케어,7960,-930,125029,,,,
20250523,025750,한솔홈데코,3670,-35,250146,,,,
20250523,025820,이구산업,4290,95,250779,,,,
20250523,025860,남해화학,7100,60,74499,,,,
20250523,025890,한국주강,1827,4,6566,,,,
20250523,026890,스틱인베스트먼트,10120,-180,67188,,,,
20250523,026940,부국철강,2340,-10,24270,,,,
20250523,026960,동서,24450,350,68929,,,,
20250523,027410,BGF,3790,45,120041,,,,
20250523,027740,마니커,1980,-328,4636987,,,,
20250523,027970,한국제지,4105,-15,3904,,,,
20250523,028050,삼성E&A,20950,450,1111157,,,,
20250523,028100,동아지질,15390,200,23163,,,,
20250523,028260,삼성물산,142000,3500,782665,,,,
20250523,02826K,삼성물산우B,107100,5700,25827,,,,
20250523,028670,팬오션,3600,20,763038,,,,
20250523,029460,케이씨,21850,100,20363,,,,
20250523,029530,신도리코,44050,150,3565,,,,
20250523,029780,삼성카드,42500,-50,60868,,,,
20250523,030000,제일기획,18010,60,113453,,,,
20250523,030190,NICE평가정보,14090,190,58279,,,,
20250523,030200,KT,50000,-700,296135,,,,
20250523,030210,다올투자증권,3320,-5,97277,,,,
20250523,030610,교보증권,7460,-100,175845,,,,
20250523,030720,동원수산,5500,90,11658,,,,
20250523,031210,서울보증보험,33500,50,72998,,,,
20250523,031430,신세계인터내셔날,10990,220,466287,,,,
20250523,031820,아이티센씨티에스,6110,10,14507,,,,
20250523,032350,롯데관광개발,11280,40,304422,,,,
20250523,032560,황금에스티,5610,-30,12019,,,,
20250523,032640,LG유플러스,12640,-340,720593,,,,
20250523,032830,삼성생명,92000,1400,255393,,,,
20250523,033240,자화전자,11400,-70,49469,,,,
20250523,033250,체시스,6370,695,1858312,,,,
20250523,033270,유나이티드제약,19390,-420,29332,,,,
20250523,033530,SJG세종,4345,60,25007,,,,
20250523,033780,KT&G,119400,-200,113853,,,,
20250523,033920,무학,7550,0,58447,,,,
20250523,034020,두산에너빌리티,40800,2550,16382809,,,,
20250523,034120,SBS,23300,300,97808,,,,
20250523,034220,LG디스플레이,8080,-110,430622,,,,
20250523,034230,파라다이스,13230,-320,396257,,,,
20250523,034310,NICE,11280,-90,34721,,,,
20250523,034590,인천도시가스,25100,100,2705,,,,
20250523,034730,SK,137500,-100,63037,,,,
20250523,03473K,SK우,121900,600,1169,,,,
20250523,034830,한국토지신탁,1142,12,503596,,,,
20250523,035000,HS애드,7080,30,20406,,,,
20250523,035150,백산,14400,-90,49423,,,,
20250523,035250,강원랜드,17130,-150,244768,,,,
20250523,035420,NAVER,183100,-100,257074,,,,
20250523,035510,신세계 I&C,11900,-70,94536,,,,
20250523,035720,카카오,37400,150,1081143,,,,
20250523,036420,콘텐트리중앙,9970,80,100118,,,,
20250523,036460,한국가스공사,39000,1050,519871,,,,
20250523,036530,SNT홀딩스,43150,1550,35189,,,,
20250523,036570,NC,150800,-4800,103949,,,,
20250523,036580,팜스코,2335,25,54784,,,,
20250523,037270,YG PLUS,6020,230,2098620,,,,
20250523,037560,LG헬로비전,2485,-10,200490,,,,
20250523,037710,광주신세계,27700,50,6176,,,,
20250523,039130,하나투어,48550,1000,43712,,,,
20250523,039490,키움증권,147200,-100,53896,,,,
20250523,039570,HDC랩스,9170,290,39977,,,,
20250523,041650,상신브레이크,2995,20,12413,,,,
20250523,042660,한화오션,76000,-1300,1394220,,,,
20250523,042700,한미반도체,78400,-2800,726195,,,,
20250523,044380,주연테크,1655,-20,18534,,,,
20250523,044450,KSS해운,9820,-10,54484,,,,
20250523,044820,코스맥스비티아이,12270,-520,33696,,,,
20250523,047040,대우건설,3930,200,3841026,,,,
20250523,047050,포스코인터내셔널,45900,-700,250018,,,,
20250523,047400,유니온머티리얼,1605,-15,92514,,,,
20250523,047810,한국항공우주,87600,500,443438,,,,
20250523,049800,우진플라임,2090,30,11612,,,,
20250523,051600,한전KPS,44150,3350,485133,,,,
20250523,051630,진양화학,2080,60,160928,,,,
20250523,051900,LG생활건강,317000,7500,32928,,,,
20250523,051905,LG생활건강우,122500,3000,9448,,,,
20250523,051910,LG화학,182400,-4300,220685,,,,
20250523,051915,LG화학우,92900,-2600,55879,,,,
20250523,052690,한전기술,64600,3600,587171,,,,
20250523,053210,스카이라이프,4420,45,93274,,,,
20250523,053690,한미글로벌,16740,900,112291,,,,
20250523,055490,테이팩스,13190,-260,11556,,,,
20250523,055550,신한지주,55100,1000,1073338,,,,
20250523,058430,포스코스틸리온,3655,-70,104490,,,,
20250523,058650,세아홀딩스,98200,2900,187,,,,
20250523,058730,다스코,3015,15,39662,,,,
20250523,058850,KTcs,2790,-30,153846,,,,
20250523,058860,KTis,2900,-5,168457,,,,
20250523,060980,HL홀딩스,38100,750,15496,,,,
20250523,062040,산일전기,66400,-200,240495,,,,
20250523,063160,종근당바이오,22800,-200,9951,,,,
20250523,064350,현대로템,125400,4600,1229818,,,,
20250523,064400,LG씨엔에스,51700,-700,148536,,,,
20250523,064960,SNT모티브,30200,900,80638,,,,
20250523,066570,LG전자,70000,-300,209927,,,,
20250523,066575,LG전자우,34500,-250,35839,,,,
20250523,066970,엘앤에프,48000,-4500,623438,,,,
20250523,067830,세이브존I&C,2435,-10,81169,,,,
20250523,068270,셀트리온,140193,-735,433667,,,,
20250523,068290,삼성출판사,18570,370,36025,,,,
20250523,069260,TKG휴켐스,15860,-90,33031,,,,
20250523,069460,대호에이엘,8725,-345,159505,,,,
20250523,069620,대웅제약,141000,-2000,9575,,,,
20250523,069640,한세엠케이,3116,718,1472235,,,,
20250523,069730,DSR제강,3600,15,23697,,,,
20250523,069960,현대백화점,70700,1900,136851,,,,
20250523,070960,모나용평,4300,5,63701,,,,
20250523,071050,한국금융지주,98200,1700,169942,,,,
20250523,071055,한국금융지주우,72800,1200,31467,,,,
20250523,071090,하이스틸,4030,50,433477,,,,
20250523,071320,지역난방공사,76800,1900,67862,,,,
20250523,071840,롯데하이마트,7580,10,24688,,,,
20250523,071950,코아스,9650,-40,10223,,,,
20250523,071970,HD현대마린엔진,41500,250,255578,,,,
20250523,072130,유엔젤,5200,-110,201003,,,,
20250523,072710,농심홀딩스,73000,200,5520,,,,
20250523,073240,금호타이어,4205,-30,450051,,,,
20250523,074610,이엔플러스,5110,0,0,,,,
20250523,075180,새론오토모티브,3315,-15,21380,,,,
20250523,075580,세진중공업,11300,-60,2831019,,,,
20250523,077500,유니퀘스트,6150,-50,114259,,,,
20250523,077970,STX엔진,24600,-200,192753,,,,
20250523,078000,텔코웨어,12930,20,101286,,,,
20250523,078520,에이블씨엔씨,7130,180,88622,,,,
20250523,078930,GS,39950,450,72751,,,,
20250523,078935,GS우,38050,150,5704,,,,
20250523,079160,CJ CGV,4600,15,89491,,,,
20250523,079430,현대리바트,7870,180,44687,,,,
20250523,079550,LIG디펜스앤에어로스페이스,427000,14500,139573,,,,
20250523,079900,전진건설로봇,49100,-450,86058,,,,
20250523,079980,휴비스,2910,5,41569,,,,
20250523,081000,일진다이아,12000,-10,8186,,,,
20250523,081660,미스토홀딩스,35550,350,110992,,,,
20250523,082640,동양생명,5480,20,67273,,,,
20250523,082740,한화엔진,28200,-100,469099,,,,
20250523,083420,그린케미칼,9080,140,548550,,,,
20250523,084010,대한제강,11169,13,25337,,,,
20250523,084670,동양고속,7380,-100,1240,,,,
20250523,084680,이월드,1430,-1,127842,,,,
20250523,084690,대상홀딩스,9280,-40,125726,,,,
20250523,084695,대상홀딩스우,13900,-200,6891,,,,
20250523,084870,TBH글로벌,1169,-6,22258,,,,
20250523,085310,엔케이,8030,-150,27054,,,,
20250523,085620,미래에셋생명,5760,250,69203,,,,
20250523,086280,현대글로비스,106500,-3300,194981,,,,
20250523,086790,하나금융지주,68700,1300,741221,,,,
20250523,088260,이리츠코크렙,4685,-15,24088,,,,
20250523,088350,한화생명,2590,45,1010508,,,,
20250523,088790,진도,2015,56,83591,,,,
20250523,088980,맥쿼리인프라,11600,30,505243,,,,
20250523,089470,HDC현대EP,3720,0,7670,,,,
20250523,089590,제주항공,6710,-120,115639,,,,
20250523,089860,롯데렌탈,31250,650,35944,,,,
20250523,090080,평화산업,1680,124,27459999,,,,
20250523,090350,노루페인트,8350,30,66802,,,,
20250523,090355,노루페인트우,13690,100,1104,,,,
20250523,090370,메타랩스,1473,59,114937,,,,
20250523,090430,아모레퍼시픽,135300,10300,918055,,,,
20250523,090435,아모레퍼시픽우,40450,2450,78077,,,,
20250523,090460,비에이치,12200,-120,95937,,,,
20250523,091810,트리니티항공,1981,43,362861,,,,
20250523,092200,디아이씨,4740,60,247998,,,,
20250523,092220,KEC,3520,-45,73645,,,,
20250523,092230,KPX홀딩스,65000,800,10494,,,,
20250523,092440,기신정기,2425,5,7019,,,,
20250523,092780,DYP,4410,-90,23018,,,,
20250523,092790,넥스틸,14500,640,823514,,,,
20250523,093050,LF,15430,-80,36953,,,,
20250523,093240,형지엘리트,1780,35,12360832,,,,
20250523,093370,후성,3915,-55,278426,,,,
20250523,094280,효성ITX,12040,50,8185,,,,
20250523,094800,맵스리얼티,4360,-5,39084,,,,
20250523,095570,AJ네트웍스,3610,5,117737,,,,
20250523,095720,웅진씽크빅,3505,-8,339221,,,,
20250523,096760,JW홀딩스,3230,15,61979,,,,
20250523,096770,SK이노베이션,81100,-3500,350742,,,,
20250523,096775,SK이노베이션우,56200,-200,4364,,,,
20250523,097230,HJ중공업,7320,-160,535687,,,,
20250523,097520,엠씨넥스,27750,-450,88171,,,,
20250523,097950,CJ제일제당,223000,-3500,54604,,,,
20250523,097955,CJ제일제당 우,135100,-700,3556,,,,
20250523,100090,SK오션플랜트,19050,280,940286,,,,
20250523,100220,비상교육,5740,-20,176568,,,,
20250523,100250,진양홀딩스,2944,9,61672,,,,
20250523,100840,SNT에너지,46800,7350,650279,,,,
20250523,101140,인바이오젠,11170,-1190,67203,,,,
20250523,101530,해태제과식품,6670,-60,30627,,,,
20250523,102260,동성케미컬,3968,20,100397,,,,
20250523,102460,이연제약,10810,0,13664,,,,
20250523,103140,풍산,61600,4000,441220,,,,
20250523,103590,일진전기,30350,-250,551310,,,,
20250523,104700,한국철강,9000,30,31721,,,,
20250523,105560,KB금융,99000,2300,939884,,,,
20250523,105630,한세실업,10110,50,111687,,,,
20250523,105840,우진,9180,360,1701192,,,,
20250523,107590,미원홀딩스,75700,300,208,,,,
20250523,108320,LX세미콘,58500,-1000,29777,,,,
20250523,108670,LX하우시스,29500,700,19531,,,,
20250523,108675,LX하우시스우,18080,140,2288,,,,
20250523,109070,주성코퍼레이션,948,-22,290685,,,,
20250523,111110,호전실업,8490,140,57961,,,,
20250523,111380,동인기연,15120,-20,16798,,,,
20250523,111770,영원무역,58700,800,59549,,,,
20250523,112610,씨에스윈드,40650,-6000,1374424,,,,
20250523,114090,GKL,13940,-30,252844,,,,
20250523,117580,대성에너지,7690,20,29477,,,,
20250523,118000,메타케어,3480,-10,181689,,,,
20250523,119650,KC코트렐,918,0,0,,,,
20250523,120030,조선선재,101500,1300,3179,,,,
20250523,120110,코오롱인더,29850,-50,31291,,,,
20250523,120115,코오롱인더우,20100,-400,7176,,,,
20250523,122900,아이마켓코리아,7990,40,13946,,,,
20250523,123690,한국화장품,6810,130,57670,,,,
20250523,123700,SJM,3110,-20,22518,,,,
20250523,123890,한국자산신탁,2345,5,103542,,,,
20250523,126560,현대퓨처넷,3220,-15,97997,,,,
20250523,126720,수산인더스트리,25150,3150,1510752,,,,
20250523,128820,대성산업,3515,0,0,,,,
20250523,128940,한미약품,292000,3500,62626,,,,
20250523,129260,인터지스,2620,15,48006,,,,
20250523,130660,한전산업,12400,600,1613088,,,,
20250523,133820,화인베스틸,800,5,63382,,,,
20250523,134380,미원화학,7790,10,820,,,,
20250523,134790,시디즈,26150,-100,1729,,,,
20250523,136490,선진,9330,960,715199,,,,
20250523,137310,에스디바이오센서,10730,-460,320677,,,,
20250523,138040,메리츠금융지주,109200,300,217915,,,,
20250523,138930,BNK금융지주,10400,140,1572440,,,,
20250523,139130,iM금융지주,10510,90,587541,,,,
20250523,139480,이마트,86500,-800,115729,,,,
20250523,139990,아주스틸,3860,-30,14585,,,,
20250523,143210,핸즈코퍼레이션,1575,22,7946,,,,
20250523,145210,다이나믹디자인,9400,-140,11596,,,,
20250523,145270,케이탑리츠,925,0,99971,,,,
20250523,145720,덴티움,61000,-1000,18837,,,,
20250523,145990,삼양사,47900,600,8322,,,,
20250523,145995,삼양사우,31300,0,445,,,,
20250523,155660,DSR,3770,0,11215,,,,
20250523,161000,애경케미칼,8980,-340,443369,,,,
20250523,161390,한국타이어앤테크놀로지,37700,100,260701,,,,
20250523,161890,한국콜마,84600,-400,199531,,,,
20250523,163560,동일고무벨트,7330,30,53870,,,,
20250523,170900,동아에스티,44825,-477,12421,,,,
20250523,175330,JB금융지주,17360,80,296728,,,,
20250523,178920,PI첨단소재,17870,-10,86801,,,,
20250523,180640,한진칼,120100,7400,211443,,,,
20250523,18064K,한진칼우,37600,1300,180541,,,,
20250523,181710,NHN,18900,-170,43547,,,,
20250523,183190,아세아시멘트,11360,310,72132,,,,
20250523,185750,종근당,83500,1600,55914,,,,
20250523,192080,더블유게임즈,50300,750,39392,,,,
20250523,192400,쿠쿠홀딩스,29900,900,27818,,,,
20250523,192650,드림텍,5930,-30,149051,,,,
20250523,192820,코스맥스,209500,3500,56285,,,,
20250523,194370,제이에스코퍼레이션,9130,70,243458,,,,
20250523,195870,해성디에스,18000,0,97288,,,,
20250523,200880,서연이화,10820,-280,90959,,,,
20250523,204320,HL만도,33250,0,133148,,,,
20250523,207940,삼성바이오로직스,1495292,-94192,73781,,,,
20250523,210540,디와이파워,12340,-80,31774,,,,
20250523,210980,SK디앤디,9410,90,100807,,,,
20250523,213500,한솔제지,8360,10,38746,,,,
20250523,214320,이노션,17720,90,54900,,,,
20250523,214330,금호에이치티,17626,-191,18530,,,,
20250523,214390,경보제약,5360,-30,10848,,,,
20250523,214420,토니모리,8870,230,343812,,,,
20250523,226320,잇츠한불,12400,550,46166,,,,
20250523,227840,현대코퍼레이션홀딩스,11520,190,39261,,,,
20250523,229640,LS에코에너지,34450,200,143919,,,,
20250523,234080,JW생명과학,12080,260,42434,,,,
20250523,241560,두산밥캣,45600,-150,169156,,,,
20250523,241590,화승엔터프라이즈,7530,-80,126377,,,,
20250523,244920,에이플러스에셋,5130,160,36591,,,,
20250523,248070,솔루엠,15750,90,116902,,,,
20250523,248170,샘표식품,26150,-50,6417,,,,
20250523,249420,일동제약,11910,-480,98213,,,,
20250523,251270,넷마블,50500,-900,118033,,,,
20250523,259960,크래프톤,379500,-500,79591,,,,
20250523,264900,크라운제과,8350,0,24278,,,,
20250523,26490K,크라운제과우,9580,60,6973,,,,
20250523,267250,HD현대,84000,200,99642,,,,
20250523,267260,HD현대일렉트릭,386000,1500,158069,,,,
20250523,267270,HD건설기계,70800,600,49226,,,,
20250523,267290,경동도시가스,18500,90,12750,,,,
20250523,267850,아시아나IDT,11420,-20,4383,,,,
20250523,268280,미원에스씨,164000,700,1461,,,,
20250523,271560,오리온,111800,600,154706,,,,
20250523,271940,일진하이솔루스,12140,-200,50243,,,,
20250523,271980,제일약품,12430,-420,41075,,,,
20250523,272210,한화시스템,45250,700,1504470,,,,
20250523,272450,진에어,9160,150,116416,,,,
20250523,272550,삼양패키징,13020,-10,16357,,,,
20250523,278470,에이피알,111500,-2400,402186,,,,
20250523,280360,롯데웰푸드,109600,500,4744,,,,
20250523,281820,케이씨텍,24950,-200,85431,,,,
20250523,282330,BGF리테일,100200,1200,45146,,,,
20250523,284740,쿠쿠홈시스,27000,-50,37393,,,,
20250523,285130,SK케미칼,54200,1200,69031,,,,
20250523,28513K,SK케미칼우,23100,500,16719,,,,
20250523,286940,롯데이노베이트,18380,-80,7999,,,,
20250523,293480,하나제약,11660,-40,11277,,,,
20250523,293940,신한알파리츠,5680,-10,83676,,,,
20250523,294870,IPARK현대산업개발,25650,1050,367572,,,,
20250523,298000,효성화학,77800,0,0,,,,
20250523,298020,효성티앤씨,234500,3500,9721,,,,
20250523,298040,효성중공업,600000,7000,83916,,,,
20250523,298050,HS효성첨단소재,193800,4600,10299,,,,
20250523,298690,에어부산,2125,45,201875,,,,
20250523,300720,한일시멘트,17820,740,95759,,,,
20250523,302440,SK바이오사이언스,42850,-1250,163279,,,,
20250523,306200,세아제강,162100,2600,6978,,,,
20250523,307950,현대오토에버,141800,2600,92859,,,,
20250523,308170,씨티알모빌리티,5930,40,2025,,,,
20250523,316140,우리금융지주,18070,90,1231441,,,,
20250523,317400,자이에스앤디,3480,35,73095,,,,
20250523,322000,HD현대에너지솔루션,46650,2900,1205924,,,,
20250523,323410,카카오뱅크,22750,50,227771,,,,
20250523,326030,SK바이오팜,89800,-400,95938,,,,
20250523,329180,HD현대중공업,389000,-5000,119495,,,,
20250523,330590,롯데리츠,3660,25,150369,,,,
20250523,334890,이지스밸류플러스리츠,4637,-15,29359,,,,
20250523,336260,두산퓨얼셀,16710,30,155086,,,,
20250523,33626K,두산퓨얼셀1우,4715,40,19723,,,,
20250523,33626L,두산퓨얼셀2우B,8070,0,4956,,,,
20250523,336370,솔루스첨단소재,7250,-60,148542,,,,
20250523,33637K,솔루스첨단소재1우,1659,-6,20473,,,,
20250523,33637L,솔루스첨단소재2우B,3990,0,9624,,,,
20250523,338100,NH프라임리츠,4540,-15,41723,,,,
20250523,339770,교촌에프앤비,4930,35,55160,,,,
20250523,344820,KCC글라스,29900,150,9037,,,,
20250523,348950,제이알글로벌리츠,2720,-20,1352375,,,,
20250523,350520,이지스레지던스리츠,4220,0,13972,,,,
20250523,352820,하이브,285500,5000,159621,,,,
20250523,353200,대덕전자,14460,-150,185623,,,,
20250523,35320K,대덕전자1우,7460,30,1565,,,,
20250523,357120,코람코라이프인프라리츠,4510,-10,75374,,,,
20250523,357250,미래에셋맵스리츠,2800,15,23985,,,,
20250523,357430,마스턴프리미어리츠,1468,5,11765,,,,
20250523,361610,SK아이이테크놀로지,20100,-450,132218,,,,
20250523,363280,티와이홀딩스,2330,15,60212,,,,
20250523,36328K,티와이홀딩스우,3635,-40,2918,,,,
20250523,365550,ESR켄달스퀘어리츠,4470,-9,303659,,,,
20250523,372910,한컴라이프케어,3060,10,127616,,,,
20250523,373220,LG에너지솔루션,268000,-6500,213740,,,,
20250523,375500,DL이앤씨,48200,4000,694194,,,,
20250523,37550K,DL이앤씨우,20150,1050,32580,,,,
20250523,37550L,DL이앤씨2우(전환),30950,2050,25562,,,,
20250523,377190,디앤디플랫폼리츠,3250,0,33692,,,,
20250523,377300,카카오페이,30800,500,137901,,,,
20250523,377740,바이오노트,4905,75,130906,,,,
20250523,378850,화승알앤에이,3130,40,23530,,,,
20250523,381970,케이카,14910,610,187671,,,,
20250523,383220,F&F,75500,2400,108761,,,,
20250523,383800,LX홀딩스,7200,80,84164,,,,
20250523,38380K,LX홀딩스1우,8640,140,3068,,,,
20250523,395400,SK리츠,4845,0,244701,,,,
20250523,396690,미래에셋글로벌리츠,2785,0,40416,,,,
20250523,400760,NH올원리츠,3630,0,11998,,,,
20250523,402340,SK스퀘어,99100,600,216665,,,,
20250523,403550,쏘카,13230,-90,5517,,,,
20250523,404990,신한서부티엔디리츠,3450,0,19851,,,,
20250523,415640,KB발해인프라,8000,70,46116,,,,
20250523,417310,코람코더원리츠,5210,10,16048,,,,
20250523,432320,KB스타리츠,4005,-5,41906,,,,
20250523,443060,HD현대마린솔루션,160300,-500,5064882,,,,
20250523,446070,유니드비티플러스,4030,0,16548,,,,
20250523,448730,삼성FN리츠,4580,15,42606,,,,
20250523,450080,에코프로머티,41850,-1400,408471,,,,
20250523,451800,한화리츠,3785,-5,69615,,,,
20250523,452260,한화갤러리아,1194,-7,283339,,,,
20250523,45226K,한화갤러리아우,2230,0,1302,,,,
20250523,453340,현대그린푸드,17420,-230,58009,,,,
20250523,454910,두산로보틱스,46400,-200,135513,,,,
20250523,456040,OCI,52400,-1900,54813,,,,
20250523,457190,이수스페셜티케미컬,38650,-2150,210511,,,,
20250523,460850,동국씨엠,6220,10,16553,,,,
20250523,460860,동국제강,8690,-50,41104,,,,
20250523,462520,조선내화,13110,-50,1225,,,,
20250523,462870,시프트업,50300,-8200,1574160,,,,
20250523,465770,STX그린로지스,8350,-60,68816,,,,
20250523,475150,SK이터닉스,20200,-100,1676606,,,,
20250523,475560,더본코리아,26150,-400,40733,,,,
20250523,480370,씨케이솔루션,3556,-14,313251,,,,
20250523,481850,신한글로벌액티브리츠,1554,-2,132289,,,,
20250523,483650,달바글로벌,120500,10400,1678716,,,,
20250523,484870,엠앤씨솔루션,39500,2167,156348,,,,
20250523,487570,HS효성,38800,300,1331,,,,
20250523,489790,한화비전,56700,-100,359621,,,,
20250523,499790,GS피앤엘,28350,50,105875,,,,
20250523,900140,엘브이엠씨홀딩스,1722,21,337783,,,,
20250523,950210,프레스티지바이오파마,13160,-540,71880,,,,
20250526,000020,동화약품,6400,30,39081,,,,
20250526,000040,KR모터스,2015,5,11445,,,,
20250526,000050,경방,7080,-100,230885,,,,
20250526,000070,삼양홀딩스,42040,-333,28922,,,,
20250526,000080,하이트진로,19280,160,73920,,,,
20250526,000087,하이트진로2우B,15300,40,860,,,,
20250526,000100,유한양행,104200,200,302057,,,,
20250526,000105,유한양행우,97200,-200,3764,,,,
20250526,000120,CJ대한통운,80100,0,52510,,,,
20250526,000140,하이트진로홀딩스,8620,70,14300,,,,
20250526,000145,하이트진로홀딩스우,10780,370,541,,,,
20250526,000150,두산,449000,10000,157319,,,,
20250526,000155,두산우,282500,2500,79902,,,,
20250526,000157,두산2우B,350000,18500,6709,,,,
20250526,000180,성창기업지주,6850,5,9791,,,,
20250526,000210,DL,41750,100,45093,,,,
20250526,000215,DL우,21300,50,3248,,,,
20250526,000220,유유제약,4670,15,22581,,,,
20250526,000225,유유제약1우,5190,30,4929,,,,
20250526,000227,유유제약2우B,10250,60,1929,,,,
20250526,000230,일동홀딩스,6750,170,117143,,,,
20250526,000240,한국앤컴퍼니,16760,310,63385,,,,
20250526,000270,기아,88100,1000,760388,,,,
20250526,000300,DH오토넥스,4200,0,0,,,,
20250526,000320,노루홀딩스,16630,810,67542,,,,
20250526,000325,노루홀딩스우,31000,500,974,,,,
20250526,000370,한화손해보험,4510,190,382975,,,,
20250526,000390,SP삼화,5900,60,20565,,,,
20250526,000400,롯데손해보험,1590,10,125418,,,,
20250526,000430,대원강업,3660,50,37475,,,,
20250526,000480,CR홀딩스,5250,50,12987,,,,
20250526,000490,대동,10640,-20,110628,,,,
20250526,000500,가온전선,43843,-1389,278677,,,,
20250526,000520,삼일제약,11680,0,65025,,,,
20250526,000540,흥국화재,3930,135,276233,,,,
20250526,000545,흥국화재우,7840,-320,44330,,,,
20250526,000590,CS홀딩스,74800,-600,550,,,,
20250526,000640,동아쏘시오홀딩스,99841,-97,4016,,,,
20250526,000650,천일고속,39800,400,260,,,,
20250526,000660,SK하이닉스,203000,3000,1459997,,,,
20250526,000670,영풍,35412,779,33956,,,,
20250526,000680,LS네트웍스,3550,40,200386,,,,
20250526,000700,유수홀딩스,5940,240,96646,,,,
20250526,000720,현대건설,58200,4000,2959311,,,,
20250526,000725,현대건설우,59400,1000,21597,,,,
20250526,000760,이화산업,11200,170,807,,,,
20250526,000810,삼성화재,398000,18000,94917,,,,
20250526,000815,삼성화재우,290000,6000,26079,,,,
20250526,000850,화천기공,30950,950,10733,,,,
20250526,000860,강남제비스코,12140,30,29785,,,,
20250526,000880,한화,63505,2761,203182,,,,
20250526,00088K,한화3우B,23459,1057,178905,,,,
20250526,000890,보해양조,2700,185,508262,,,,
20250526,000910,유니온,4620,25,96580,,,,
20250526,000950,전방,24300,200,7021,,,,
20250526,000970,한국주철관,7080,150,53692,,,,
20250526,000990,DB하이텍,38250,100,84070,,,,
20250526,001020,페이퍼코리아,3815,220,25044,,,,
20250526,001040,CJ,128400,4100,97017,,,,
20250526,001045,CJ우,72100,600,2953,,,,
20250526,00104K,CJ4우(전환),103700,2100,12360,,,,
20250526,001060,JW중외제약,21950,-50,41244,,,,
20250526,001065,JW중외제약우,28150,450,532,,,,
20250526,001067,JW중외제약2우B,60400,-100,6,,,,
20250526,001070,대한방직,6320,-80,15288,,,,
20250526,001080,만호제강,2745,45,17960,,,,
20250526,001120,LX인터내셔널,27750,450,93853,,,,
20250526,001130,대한제분,13370,-30,34340,,,,
20250526,001200,유진투자증권,2985,-45,560560,,,,
20250526,001210,금호전기,5350,150,39312,,,,
20250526,001230,동국홀딩스,1716,-11,77663,,,,
20250526,001250,GS글로벌,2595,60,386783,,,,
20250526,001260,남광토건,8600,40,10556,,,,
20250526,001270,부국증권,34300,-1050,13565,,,,
20250526,001275,부국증권우,22750,50,44312,,,,
20250526,001290,상상인증권,479,-6,144306,,,,
20250526,001340,PKC,5570,110,69946,,,,
20250526,001360,삼성제약,1547,12,310702,,,,
20250526,001380,SG글로벌,3532,66,145761,,,,
20250526,001390,KG케미칼,3830,40,67676,,,,
20250526,001420,태원물산,4130,-15,618,,,,
20250526,001430,세아베스틸지주,19520,190,76096,,,,
20250526,001440,대한전선,12640,250,950479,,,,
20250526,001450,현대해상,24150,750,619072,,,,
20250526,001460,BYC,34200,850,828,,,,
20250526,001465,BYC우,15150,290,2228,,,,
20250526,001470,삼부토건,347,0,0,,,,
20250526,001500,현대차증권,6620,-20,343999,,,,
20250526,001510,SK증권,1041,2,346917,,,,
20250526,001515,SK증권우,3498,4,3465,,,,
20250526,001520,동양,1136,2,183528,,,,
20250526,001525,동양우,8240,10,1024,,,,
20250526,001527,동양2우B,16960,900,1785,,,,
20250526,001530,DI동일,35238,-48,71470,,,,
20250526,001550,조비,12050,30,11576,,,,
20250526,001560,제일연마,9870,150,20382,,,,
20250526,001570,금양,9900,0,0,,,,
20250526,001620,케이비아이동국실업,2475,70,16073,,,,
20250526,001630,종근당홀딩스,49950,-550,1007,,,,
20250526,001680,대상,21300,50,178830,,,,
20250526,001685,대상우,16410,30,4764,,,,
20250526,001720,신영증권,109700,-800,21645,,,,
20250526,001740,SK네트웍스,4015,75,258528,,,,
20250526,001750,한양증권,14740,0,11490,,,,
20250526,001755,한양증권우,15000,-50,1818,,,,
20250526,001770,SHD,16100,300,4718,,,,
20250526,001780,알루코,2325,-20,579735,,,,
20250526,001790,대한제당,2770,35,614963,,,,
20250526,001795,대한제당우,2295,30,121247,,,,
20250526,001800,오리온홀딩스,18510,360,82557,,,,
20250526,001820,삼화콘덴서,24200,200,25894,,,,
20250526,001940,KISCO홀딩스,22250,750,11636,,,,
20250526,002020,코오롱,24400,300,43198,,,,
20250526,002025,코오롱우,15040,80,3672,,,,
20250526,002030,아세아,289000,5000,1101,,,,
20250526,002070,비비안,18696,-40,18897,,,,
20250526,002100,경농,9340,10,22577,,,,
20250526,002140,고려산업,2730,-10,81780,,,,
20250526,002150,도화엔지니어링,6540,50,13708,,,,
20250526,002170,SYTS,49050,400,2062,,,,
20250526,002200,한국수출포장,2855,0,85817,,,,
20250526,002210,동성제약,2780,0,0,,,,
20250526,002220,한일철강,1977,4,11763,,,,
20250526,002240,고려제강,17250,120,15700,,,,
20250526,002310,아세아제지,7150,30,71343,,,,
20250526,002320,한진,19730,-30,13092,,,,
20250526,002350,넥센타이어,6130,-10,130682,,,,
20250526,002355,넥센타이어1우B,2995,-25,11747,,,,
20250526,002360,SH에너지화학,4400,-40,19816,,,,
20250526,002380,KCC,284000,12000,34176,,,,
20250526,002390,한독,11400,-80,9525,,,,
20250526,002410,범양건영,1935,0,0,,,,
20250526,002420,세기상사,5020,-20,2869,,,,
20250526,002450,삼익악기,1225,1,134647,,,,
20250526,002460,HS화성,10170,230,38824,,,,
20250526,002600,조흥,154700,200,6,,,,
20250526,002620,제일파마홀딩스,8060,30,9454,,,,
20250526,002630,오리엔트바이오,2496,-208,2313212,,,,
20250526,002690,동일제강,1514,8,8166,,,,
20250526,002700,신일전자,1536,33,409371,,,,
20250526,002710,TCC스틸,16900,640,149292,,,,
20250526,002720,국제약품,4840,55,178083,,,,
20250526,002760,보락,1075,4,128995,,,,
20250526,002780,진흥기업,754,-3,224535,,,,
20250526,002785,진흥기업우B,3595,15,6951,,,,
20250526,002787,진흥기업2우B,7450,320,8779,,,,
20250526,002790,아모레퍼시픽홀딩스,25050,150,120729,,,,
20250526,002795,아모레퍼시픽홀딩스우,10340,130,15977,,,,
20250526,00279K,아모레퍼시픽홀딩스3우C,19420,160,5819,,,,
20250526,002810,삼영무역,15010,210,33717,,,,
20250526,002820,SUN&L,2910,10,11796,,,,
20250526,002840,미원상사,179800,-1300,1526,,,,
20250526,002870,신풍,1008,2,111849,,,,
20250526,002880,디와이에이,996,6,51810,,,,
20250526,002900,TYM,5400,-50,490581,,,,
20250526,002920,유성기업,1963,4,11277,,,,
20250526,002960,한국쉘석유,388000,-1500,1204,,,,
20250526,002990,금호건설,2910,50,70100,,,,
20250526,002995,금호건설우,11690,-110,966,,,,
20250526,003000,부광약품,3793,37,85946,,,,
20250526,003010,혜인,4940,-50,42940,,,,
20250526,003030,세아제강지주,231500,7500,8817,,,,
20250526,003060,에이프로젠바이오로직스,645,2,433119,,,,
20250526,003070,코오롱글로벌,8850,10,11162,,,,
20250526,003075,코오롱글로벌우,15090,-110,890,,,,
20250526,003080,SB성보,2575,5,10221,,,,
20250526,003090,대웅,19720,-80,36402,,,,
20250526,003120,일성아이에스,18940,240,13496,,,,
20250526,003160,디아이,14470,310,364304,,,,
20250526,003200,일신방직,9450,70,39249,,,,
20250526,003220,대원제약,13930,320,102228,,,,
20250526,003230,삼양식품,1116000,-27000,64639,,,,
20250526,003240,태광산업,864000,19000,1366,,,,
20250526,003280,흥아해운,1562,19,508579,,,,
20250526,003300,한일홀딩스,16130,600,34795,,,,
20250526,003350,한국화장품제조,9880,-10,232220,,,,
20250526,003460,유화증권,2510,20,96216,,,,
20250526,003465,유화증권우,2425,10,311,,,,
20250526,003470,유안타증권,3115,10,327247,,,,
20250526,003475,유안타증권우,3150,-15,9067,,,,
20250526,003480,한진중공업홀딩스,5180,50,56716,,,,
20250526,003490,대한항공,22800,200,813114,,,,
20250526,003495,대한항공우,22900,350,16057,,,,
20250526,003520,영진약품,2190,30,715501,,,,
20250526,003530,한화투자증권,4235,-70,1631621,,,,
20250526,003535,한화투자증권우,6490,-80,16529,,,,
20250526,003540,대신증권,20750,0,81002,,,,
20250526,003545,대신증권우,17930,30,59275,,,,
20250526,003547,대신증권2우B,17060,50,20552,,,,
20250526,003550,LG,68200,700,151878,,,,
20250526,003555,LG우,57200,-100,2607,,,,
20250526,003570,SNT다이내믹스,40950,1500,109526,,,,
20250526,003580,HLB글로벌,2940,10,43039,,,,
20250526,003610,방림,4055,-85,39233,,,,
20250526,003620,KG모빌리티,3240,15,160649,,,,
20250526,003650,미창석유,100900,800,864,,,,
20250526,003670,포스코퓨처엠,98773,1745,277855,,,,
20250526,003680,한성기업,5110,0,30886,,,,
20250526,003690,코리안리,9440,110,466352,,,,
20250526,003720,삼영,3890,0,132763,,,,
20250526,003780,진양산업,6180,210,235223,,,,
20250526,003830,대한화섬,123700,300,525,,,,
20250526,003850,보령,8420,-10,41137,,,,
20250526,003920,남양유업,77700,1700,13965,,,,
20250526,003925,남양유업우,46650,1900,22415,,,,
20250526,003960,사조대림,37700,-750,21595,,,,
20250526,004000,롯데정밀화학,36600,1100,30065,,,,
20250526,004020,현대제철,25500,1400,489293,,,,
20250526,004060,SG세계물산,3260,0,12530,,,,
20250526,004080,신흥,14600,80,427,,,,
20250526,004090,한국석유,12160,-190,40800,,,,
20250526,004100,태양금속,2850,145,1219212,,,,
20250526,004105,태양금속우,3875,20,75411,,,,
20250526,004140,동방,2350,-35,272345,,,,
20250526,004150,한솔홀딩스,2580,0,25500,,,,
20250526,004170,신세계,175300,900,32516,,,,
20250526,004250,NPC,4325,80,47323,,,,
20250526,004255,NPC우,2380,30,9395,,,,
20250526,004270,남성,8427,119,4231,,,,
20250526,004310,현대약품,3465,-55,271537,,,,
20250526,004360,세방,13390,420,71929,,,,
20250526,004365,세방우,9020,330,112221,,,,
20250526,004370,농심,425500,-5500,26913,,,,
20250526,004380,삼익THK,13000,0,0,,,,
20250526,004410,서울식품,1540,-30,233732,,,,
20250526,004415,서울식품우,12250,-70,334,,,,
20250526,004430,송원산업,11760,200,27747,,,,
20250526,004440,삼일씨엔에스,4345,-20,11063,,,,
20250526,004450,삼화왕관,37450,-850,308,,,,
20250526,004490,세방전지,66300,2600,33781,,,,
20250526,004540,깨끗한나라,2140,-65,167969,,,,
20250526,004545,깨끗한나라우,11810,-270,8567,,,,
20250526,004560,현대비앤지스틸,11790,250,21212,,,,
20250526,004690,삼천리,118700,1100,29885,,,,
20250526,004700,조광피혁,57300,-1500,6114,,,,
20250526,004710,한솔테크닉스,5073,39,54301,,,,
20250526,004720,팜젠사이언스,4240,25,220804,,,,
20250526,004770,써니전자,1665,5,324718,,,,
20250526,004800,효성,56600,1300,16638,,,,
20250526,004830,덕성,5790,-10,72331,,,,
20250526,004835,덕성우,7710,20,7255,,,,
20250526,004840,DRB동일,4295,55,26273,,,,
20250526,004870,티웨이홀딩스,2906,-43,99265,,,,
20250526,004890,동일산업,42700,-250,442,,,,
20250526,004910,조광페인트,5310,-60,69430,,,,
20250526,004920,씨아이테크,1223,-19,81139,,,,
20250526,004960,한신공영,8200,160,58297,,,,
20250526,004970,신라교역,9250,0,9288,,,,
20250526,004980,성신양회,8840,320,226619,,,,
20250526,004985,성신양회우,12350,180,17045,,,,
20250526,004990,롯데지주,25850,200,143981,,,,
20250526,00499K,롯데지주우,28050,400,583,,,,
20250526,005010,휴스틸,4810,140,346271,,,,
20250526,005030,부산주공,486,0,0,,,,
20250526,005070,코스모신소재,30600,500,177484,,,,
20250526,005090,SGC에너지,23450,-350,37600,,,,
20250526,005110,한창,1254,0,0,,,,
20250526,005180,빙그레,88800,1600,25485,,,,
20250526,005250,녹십자홀딩스,14070,130,39005,,,,
20250526,005257,녹십자홀딩스2우,22300,500,8128,,,,
20250526,005300,롯데칠성,102200,1000,16050,,,,
20250526,005305,롯데칠성우,64700,-400,799,,,,
20250526,005320,온타이드,1020,-28,50881,,,,
20250526,005360,모나미,2060,10,11082,,,,
20250526,005380,현대차,181900,2000,623947,,,,
20250526,005385,현대차우,146700,900,46493,,,,
20250526,005387,현대차2우B,147300,600,88025,,,,
20250526,005389,현대차3우B,147000,1000,8247,,,,
20250526,005420,코스모화학,13240,440,162276,,,,
20250526,005430,한국공항,52100,-500,7147,,,,
20250526,005440,현대지에프홀딩스,7480,310,381064,,,,
20250526,005490,POSCO홀딩스,241500,8000,203755,,,,
20250526,005500,삼진제약,17520,20,8411,,,,
20250526,005610,삼립,51500,-300,23051,,,,
20250526,005680,삼영전자,10780,-40,20395,,,,
20250526,005690,파미셀,12220,230,1060302,,,,
20250526,005720,넥센,5730,30,37567,,,,
20250526,005725,넥센우,4015,10,12025,,,,
20250526,005740,크라운해태홀딩스,6160,0,19607,,,,
20250526,005745,크라운해태홀딩스우,8140,-40,2932,,,,
20250526,005750,대림바스,4160,45,22488,,,,
20250526,005800,신영와코루,11490,20,7868,,,,
20250526,005810,풍산홀딩스,32450,450,42419,,,,
20250526,005820,원림,14490,-70,2373,,,,
20250526,005830,DB손해보험,98700,2100,221580,,,,
20250526,005850,에스엘,30300,100,52457,,,,
20250526,005870,휴니드,8500,100,184286,,,,
20250526,005880,대한해운,1557,31,793554,,,,
20250526,005930,삼성전자,54700,500,10901337,,,,
20250526,005935,삼성전자우,44800,-100,860468,,,,
20250526,005940,NH투자증권,16250,100,447645,,,,
20250526,005945,NH투자증권우,14560,0,45331,,,,
20250526,005950,이수화학,5210,-10,30005,,,,
20250526,005960,동부건설,4770,155,68300,,,,
20250526,005965,동부건설우,20200,0,373,,,,
20250526,006040,동원산업,45300,-200,40748,,,,
20250526,006060,화승인더,4545,155,72556,,,,
20250526,006090,사조오양,8490,-130,6542,,,,
20250526,006110,삼아알미늄,19470,410,43353,,,,
20250526,006120,SK디스커버리,44250,100,16068,,,,
20250526,006125,SK디스커버리우,36200,250,4710,,,,
20250526,006200,한국전자홀딩스,3400,0,14171,,,,
20250526,006220,제주은행,9400,40,125002,,,,
20250526,006260,LS,152800,3100,172318,,,,
20250526,006280,녹십자,129300,3200,24605,,,,
20250526,006340,대원전선,2970,15,1410170,,,,
20250526,006345,대원전선우,3920,-15,28113,,,,
20250526,006360,GS건설,20950,450,1016855,,,,
20250526,006370,대구백화점,6390,-110,9685,,,,
20250526,006380,카프로,3660,0,0,,,,
20250526,006400,삼성SDI,166000,5800,396990,,,,
20250526,006405,삼성SDI우,99900,3100,10924,,,,
20250526,006490,프리티,6825,175,75927,,,,
20250526,006570,대림통상,2555,20,10996,,,,
20250526,006650,대한유화,80100,2000,9907,,,,
20250526,006660,삼성공조,14780,320,201631,,,,
20250526,006740,블루산업개발,2318,26,30075,,,,
20250526,006800,미래에셋증권,13610,79,675154,,,,
20250526,006805,미래에셋증권우,5795,-19,37431,,,,
20250526,00680K,미래에셋증권2우B,5072,-9,1220332,,,,
20250526,006840,AK홀딩스,10630,0,7103,,,,
20250526,006880,신송홀딩스,7260,-40,108562,,,,
20250526,006890,태경케미컬,11550,80,19563,,,,
20250526,006980,우성,17190,480,2480,,,,
20250526,007070,GS리테일,14300,600,208330,,,,
20250526,007110,일신석재,2165,-30,1563038,,,,
20250526,007120,미래아이앤지,1068,9,80854,,,,
20250526,007160,사조산업,45500,200,14206,,,,
20250526,007210,벽산,2245,20,126278,,,,
20250526,007280,한국특강,3300,118,5296,,,,
20250526,007310,오뚜기,395500,9500,3914,,,,
20250526,007340,DN오토모티브,21150,-250,56669,,,,
20250526,007460,에이프로젠,664,16,1164413,,,,
20250526,007540,샘표,44100,-100,4847,,,,
20250526,007570,일양약품,14499,224,27021,,,,
20250526,007575,일양약품우,15201,318,717,,,,
20250526,007590,동방아그로,6150,10,1042,,,,
20250526,007610,선도전기,3000,0,0,,,,
20250526,007660,이수페타시스,41750,2050,1197644,,,,
20250526,007690,국도화학,32950,750,3475,,,,
20250526,007700,F&F홀딩스,14060,-160,14319,,,,
20250526,007810,코리아써키트,10070,230,38365,,,,
20250526,007815,코리아써우,5440,110,237,,,,
20250526,00781K,코리아써키트2우B,5460,110,458,,,,
20250526,007860,서연,8030,160,112508,,,,
20250526,007980,TP,1346,10,138200,,,,
20250526,008040,사조동아원,1213,10,2786742,,,,
20250526,008060,대덕,7670,10,78701,,,,
20250526,00806K,대덕1우,7640,40,2001,,,,
20250526,008250,이건산업,5390,0,15230,,,,
20250526,008260,NI스틸,3480,15,33161,,,,
20250526,008350,남선알미늄,1249,8,314566,,,,
20250526,008355,남선알미우,12520,-190,1869,,,,
20250526,008420,문배철강,2270,45,36921,,,,
20250526,008490,서흥,18590,240,53390,,,,
20250526,008600,윌비스,5202,-693,365773,,,,
20250526,008700,아남전자,1428,8,205180,,,,
20250526,008730,율촌화학,27250,450,78161,,,,
20250526,008770,호텔신라,48500,250,158615,,,,
20250526,008775,호텔신라우,43200,3800,43015,,,,
20250526,008870,금비,58500,-600,1842,,,,
20250526,008930,한미사이언스,34950,1900,188312,,,,
20250526,008970,KBI동양철관,2653,152,26322002,,,,
20250526,009070,KCTC,3910,-45,35995,,,,
20250526,009140,경인전자,19440,-270,921,,,,
20250526,009150,삼성전기,121100,3800,190038,,,,
20250526,009155,삼성전기우,54100,800,4546,,,,
20250526,009160,SIMPAC,4755,225,290387,,,,
20250526,009180,한솔로지스틱스,2200,20,40796,,,,
20250526,009190,대양금속,1815,0,360462,,,,
20250526,009200,무림페이퍼,2110,10,59854,,,,
20250526,009240,한샘,41100,450,12649,,,,
20250526,009270,신원,1716,-117,3545176,,,,
20250526,009290,광동제약,5480,40,15289,,,,
20250526,009310,참엔지니어링,1322,0,71773,,,,
20250526,009320,아진전자부품,1003,4,40196,,,,
20250526,009410,태영건설,2705,55,187443,,,,
20250526,009415,태영건설우,5500,0,5016,,,,
20250526,009420,한올바이오파마,25250,-50,181733,,,,
20250526,009440,KC그린홀딩스,756,0,0,,,,
20250526,009450,경동나비엔,80100,3800,88439,,,,
20250526,009460,한창제지,3600,-10,13300,,,,
20250526,009470,삼화전기,26900,200,19588,,,,
20250526,009540,HD한국조선해양,296500,8000,166053,,,,
20250526,009580,무림P&P,2820,-5,57943,,,,
20250526,009680,모토닉,10290,210,76229,,,,
20250526,009770,삼정펄프,27700,450,5435,,,,
20250526,009810,MDS스피어,3025,-30,28570,,,,
20250526,009830,한화솔루션,27023,-802,4773259,,,,
20250526,009835,한화솔루션우,21089,-632,47483,,,,
20250526,009900,명신산업,8100,230,48470,,,,
20250526,009970,영원무역홀딩스,115700,1000,15530,,,,
20250526,010040,한국내화,2370,20,14406,,,,
20250526,010060,OCI홀딩스,66200,1000,87905,,,,
20250526,010100,한국무브넥스,3985,75,93379,,,,
20250526,010120,LS ELECTRIC,51900,1000,794900,,,,
20250526,010130,고려아연,776000,-2000,12703,,,,
20250526,010140,삼성중공업,15100,670,11213168,,,,
20250526,010400,우진아이엔에스,2660,15,10379,,,,
20250526,010580,에스엠벡셀,1220,-6,20628,,,,
20250526,010640,진양폴리,3491,26,72702,,,,
20250526,010660,화천기계,5100,470,1675386,,,,
20250526,010690,화신,7640,80,54818,,,,
20250526,010770,평화홀딩스,9970,-380,4529842,,,,
20250526,010780,아이에스동서,19200,390,30168,,,,
20250526,010820,퍼스텍,3670,-90,447842,,,,
20250526,010950,S-Oil,53600,2900,404087,,,,
20250526,010955,S-Oil우,35650,1400,8365,,,,
20250526,010960,삼호개발,3430,120,73098,,,,
20250526,011000,진원생명과학,18925,375,4396200,,,,
20250526,011070,LG이노텍,143000,3700,96262,,,,
20250526,011090,에넥스,3435,-110,93885,,,,
20250526,011150,CJ씨푸드,2960,-35,331438,,,,
20250526,011155,CJ씨푸드1우,17180,20,137,,,,
20250526,011170,롯데케미칼,57900,1500,87284,,,,
20250526,011200,HMM,22200,0,1428353,,,,
20250526,011210,현대위아,40800,550,47772,,,,
20250526,011230,삼화전자,4045,-15,24136,,,,
20250526,011280,태림포장,2195,40,1037029,,,,
20250526,011300,우성머티리얼스,4560,-10,15757,,,,
20250526,011330,유니켐,15240,590,198116,,,,
20250526,011390,부산산업,95000,-3800,17268,,,,
20250526,011420,갤럭시아에스엠,2225,-30,232493,,,,
20250526,011500,한농화성,14000,140,53021,,,,
20250526,011690,와이투솔루션,3200,-90,775563,,,,
20250526,011700,한신기계,3585,85,6485766,,,,
20250526,011760,현대코퍼레이션,24650,-550,72354,,,,
20250526,011780,금호석유화학,112700,3800,67761,,,,
20250526,011785,금호석유화학우,53700,1000,2470,,,,
20250526,011790,SKC,87320,6486,384891,,,,
20250526,011810,STX,3240,70,33836,,,,
20250526,011930,신성이엔지,14080,220,149263,,,,
20250526,012030,DB,1274,16,111716,,,,
20250526,012160,영흥,2460,-60,43829,,,,
20250526,012170,아센디오,4390,90,138897,,,,
20250526,012200,계양전기,1382,3,24309,,,,
20250526,012205,계양전기우,3529,-9,1130,,,,
20250526,012280,영화금속,828,6,76697,,,,
20250526,012320,경동인베스트,54900,700,3024,,,,
20250526,012330,현대모비스,244000,2000,146391,,,,
20250526,012450,한화에어로스페이스,833000,3000,169509,,,,
20250526,012610,경인양행,3125,-50,53350,,,,
20250526,012630,HDC,18850,-1500,273468,,,,
20250526,012690,모나리자,2800,-20,127787,,,,
20250526,012750,에스원,66200,100,43085,,,,
20250526,012800,대창,1325,15,576795,,,,
20250526,013000,세우글로벌,1164,0,54986,,,,
20250526,013360,일성건설,2365,-65,493336,,,,
20250526,013520,화승코퍼레이션,1901,-40,30870,,,,
20250526,013570,디와이,4145,75,30457,,,,
20250526,013580,계룡건설,20200,870,678739,,,,
20250526,013700,까뮤이앤씨,1112,-18,168041,,,,
20250526,013870,지엠비코리아,3960,5,27351,,,,
20250526,013890,지누스,17380,-190,61749,,,,
20250526,014130,한익스프레스,3410,10,7594,,,,
20250526,014160,대영포장,1366,-50,6018951,,,,
20250526,014280,금강공업,4500,50,29586,,,,
20250526,014285,금강공업우,6700,-20,766,,,,
20250526,014440,영보화학,4335,-15,78143,,,,
20250526,014530,극동유화,3405,30,46892,,,,
20250526,014580,태경비케이,4675,25,79054,,,,
20250526,014680,한솔케미칼,122100,3900,67440,,,,
20250526,014710,사조씨푸드,5640,20,66085,,,,
20250526,014790,HL D&I,2475,-25,23011,,,,
20250526,014820,동원시스템즈,29800,650,19101,,,,
20250526,014825,동원시스템즈우,17120,-40,568,,,,
20250526,014830,유니드,93700,-1000,18943,,,,
20250526,014910,성문전자,1197,-11,41436,,,,
20250526,014915,성문전자우,4630,80,293,,,,
20250526,014990,인디에프,4575,-105,33559,,,,
20250526,015020,이스타코,1960,-280,950578,,,,
20250526,015230,대창단조,5560,-80,87005,,,,
20250526,015260,에이엔피,418,4,168704,,,,
20250526,015360,INVENI,10260,60,26825,,,,
20250526,015590,DKME,2575,0,0,,,,
20250526,015760,한국전력,31700,1000,3305201,,,,
20250526,015860,일진홀딩스,4215,-60,61179,,,,
20250526,015890,태경산업,5000,100,114964,,,,
20250526,016090,대현,1892,8,75215,,,,
20250526,016360,삼성증권,57100,1000,246847,,,,
20250526,016380,KG스틸,5730,80,45571,,,,
20250526,016450,한세예스24홀딩스,3835,40,17047,,,,
20250526,016580,환인제약,11310,100,16409,,,,
20250526,016590,신대양제지,8820,-30,14426,,,,
20250526,016610,DB증권,6650,70,56577,,,,
20250526,016710,대성홀딩스,8170,100,36953,,,,
20250526,016740,두올,3180,-50,40070,,,,
20250526,016800,퍼시스,44300,550,1330,,,,
20250526,016880,웅진,2085,65,3510125,,,,
20250526,017040,광명전기,1660,-9,527059,,,,
20250526,017180,명문제약,1690,2,55674,,,,
20250526,017370,우신시스템,7380,380,121627,,,,
20250526,017390,서울가스,57100,1200,22081,,,,
20250526,017550,수산세보틱스,1795,2,26953,,,,
20250526,017670,SK텔레콤,51500,800,600197,,,,
20250526,017800,현대엘리베이터,76400,2500,140542,,,,
20250526,017810,풀무원,12520,-30,66860,,,,
20250526,017860,DS단석,23470,-297,126612,,,,
20250526,017900,광전자,1867,31,43237,,,,
20250526,017940,E1,69900,1900,18571,,,,
20250526,017960,한국카본,21450,100,480866,,,,
20250526,018250,애경산업,14740,200,56319,,,,
20250526,018260,삼성에스디에스,134400,3900,76022,,,,
20250526,018470,조일알미늄,1541,8,285416,,,,
20250526,018500,동원모빌리티,1383,-11,303322,,,,
20250526,018670,SK가스,215000,5500,9510,,,,
20250526,018880,한온시스템,2811,-47,1486559,,,,
20250526,019170,신풍제약,11790,1600,6892322,,,,
20250526,019175,신풍제약우,19630,4130,87251,,,,
20250526,019180,티에이치엔,2760,15,61057,,,,
20250526,019490,엑시큐어하이트론,1007,63,3192229,,,,
20250526,019680,대교,2420,20,65245,,,,
20250526,019685,대교우B,1292,-1,20587,,,,
20250526,020000,한섬,15650,-220,58239,,,,
20250526,020120,키다리스튜디오,3195,15,67578,,,,
20250526,020150,롯데에너지머티리얼즈,20250,520,84962,,,,
20250526,020560,아시아나항공,9980,110,65164,,,,
20250526,020760,일진디스플,719,-17,41319,,,,
20250526,021050,서원,1209,29,143412,,,,
20250526,021240,코웨이,94700,-400,147214,,,,
20250526,021820,세원정공,8580,40,8129,,,,
20250526,022100,포스코DX,21100,850,488483,,,,
20250526,023000,삼원강재,2435,25,27363,,,,
20250526,023150,MH에탄올,5070,10,3389,,,,
20250526,023350,한국종합기술,5420,-60,42375,,,,
20250526,023450,동남합성,34100,0,696,,,,
20250526,023530,롯데쇼핑,77900,400,50284,,,,
20250526,023590,다우기술,24950,1050,242039,,,,
20250526,023800,인지컨트롤스,5960,-80,22612,,,,
20250526,023810,인팩,5720,20,9987,,,,
20250526,023960,에쓰씨엔지니어링,1249,-12,129375,,,,
20250526,024070,WISCOM,1981,3,3668,,,,
20250526,024090,디씨엠,12700,40,11210,,,,
20250526,024110,기업은행,15440,80,662984,,,,
20250526,024720,콜마홀딩스,11590,250,696863,,,,
20250526,024890,대원화성,4495,0,2082,,,,
20250526,024900,디와이덕양,2610,-10,30931,,,,
20250526,025000,KPX케미칼,42542,472,4025,,,,
20250526,025530,SJM홀딩스,3340,40,6789,,,,
20250526,025540,한국단자,58200,-400,27817,,,,
20250526,025560,미래산업,2223,24,107550,,,,
20250526,025620,차AI헬스케어,7640,-320,66042,,,,
20250526,025750,한솔홈데코,3610,-60,193524,,,,
20250526,025820,이구산업,4370,80,197901,,,,
20250526,025860,남해화학,7120,20,68912,,,,
20250526,025890,한국주강,1812,-15,7333,,,,
20250526,026890,스틱인베스트먼트,9940,-180,75911,,,,
20250526,026940,부국철강,2345,5,67665,,,,
20250526,026960,동서,25600,1150,67496,,,,
20250526,027410,BGF,3765,-25,135045,,,,
20250526,027740,마니커,2074,94,6253138,,,,
20250526,027970,한국제지,4015,-90,38198,,,,
20250526,028050,삼성E&A,21000,50,738582,,,,
20250526,028100,동아지질,15700,310,18727,,,,
20250526,028260,삼성물산,152100,10100,1012359,,,,
20250526,02826K,삼성물산우B,112200,5100,22896,,,,
20250526,028670,팬오션,3660,60,1294759,,,,
20250526,029460,케이씨,21350,-500,18721,,,,
20250526,029530,신도리코,44900,850,12589,,,,
20250526,029780,삼성카드,43150,650,55616,,,,
20250526,030000,제일기획,18180,170,99796,,,,
20250526,030190,NICE평가정보,14280,190,45538,,,,
20250526,030200,KT,51700,1700,271314,,,,
20250526,030210,다올투자증권,3350,30,47312,,,,
20250526,030610,교보증권,7430,-30,135935,,,,
20250526,030720,동원수산,5480,-20,14865,,,,
20250526,031210,서울보증보험,33150,-350,127980,,,,
20250526,031430,신세계인터내셔날,10930,-60,116196,,,,
20250526,031820,아이티센씨티에스,6170,60,21467,,,,
20250526,032350,롯데관광개발,11640,360,537482,,,,
20250526,032560,황금에스티,5640,30,14341,,,,
20250526,032640,LG유플러스,12900,260,672775,,,,
20250526,032830,삼성생명,99300,7300,562080,,,,
20250526,033240,자화전자,11550,150,62402,,,,
20250526,033250,체시스,7075,705,1568781,,,,
20250526,033270,유나이티드제약,20050,660,49312,,,,
20250526,033530,SJG세종,4340,-5,27772,,,,
20250526,033780,KT&G,125000,5600,250411,,,,
20250526,033920,무학,7630,80,55414,,,,
20250526,034020,두산에너빌리티,41500,700,15784843,,,,
20250526,034120,SBS,22600,-700,126573,,,,
20250526,034220,LG디스플레이,8170,90,515299,,,,
20250526,034230,파라다이스,13120,-110,542352,,,,
20250526,034310,NICE,11470,190,31221,,,,
20250526,034590,인천도시가스,25150,50,1423,,,,
20250526,034730,SK,141100,3600,101482,,,,
20250526,03473K,SK우,124500,2600,2006,,,,
20250526,034830,한국토지신탁,1142,0,822702,,,,
20250526,035000,HS애드,7120,40,25814,,,,
20250526,035150,백산,14470,70,62879,,,,
20250526,035250,강원랜드,17230,100,288534,,,,
20250526,035420,NAVER,188000,4900,472314,,,,
20250526,035510,신세계 I&C,12350,450,158877,,,,
20250526,035720,카카오,39000,1600,2676578,,,,
20250526,036420,콘텐트리중앙,10290,320,133364,,,,
20250526,036460,한국가스공사,41750,2750,1051936,,,,
20250526,036530,SNT홀딩스,44000,850,27804,,,,
20250526,036570,NC,151900,1100,99886,,,,
20250526,036580,팜스코,2410,75,79205,,,,
20250526,037270,YG PLUS,6050,30,1418352,,,,
20250526,037560,LG헬로비전,2490,5,168119,,,,
20250526,037710,광주신세계,27900,200,9512,,,,
20250526,039130,하나투어,50000,1450,55584,,,,
20250526,039490,키움증권,149100,1900,43854,,,,
20250526,039570,HDC랩스,8900,-270,16024,,,,
20250526,041650,상신브레이크,2985,-10,24537,,,,
20250526,042660,한화오션,78900,2900,1999042,,,,
20250526,042700,한미반도체,83800,5400,927215,,,,
20250526,044380,주연테크,1710,55,32075,,,,
20250526,044450,KSS해운,9900,80,47586,,,,
20250526,044820,코스맥스비티아이,12290,20,29045,,,,
20250526,047040,대우건설,4025,95,2742868,,,,
20250526,047050,포스코인터내셔널,49300,3400,565384,,,,
20250526,047400,유니온머티리얼,1626,21,95707,,,,
20250526,047810,한국항공우주,88300,700,712133,,,,
20250526,049800,우진플라임,2030,-60,49154,,,,
20250526,051600,한전KPS,45850,1700,419907,,,,
20250526,051630,진양화학,2075,-5,94140,,,,
20250526,051900,LG생활건강,320500,3500,26723,,,,
20250526,051905,LG생활건강우,123400,900,2011,,,,
20250526,051910,LG화학,187700,5300,224084,,,,
20250526,051915,LG화학우,94000,1100,58503,,,,
20250526,052690,한전기술,64700,100,495550,,,,
20250526,053210,스카이라이프,4460,40,82867,,,,
20250526,053690,한미글로벌,16960,220,48792,,,,
20250526,055490,테이팩스,12960,-230,13945,,,,
20250526,055550,신한지주,56300,1200,1059211,,,,
20250526,058430,포스코스틸리온,3715,60,98570,,,,
20250526,058650,세아홀딩스,98700,500,169,,,,
20250526,058730,다스코,3015,0,25332,,,,
20250526,058850,KTcs,2845,55,209229,,,,
20250526,058860,KTis,2940,40,184076,,,,
20250526,060980,HL홀딩스,38150,50,13741,,,,
20250526,062040,산일전기,67100,700,322568,,,,
20250526,063160,종근당바이오,22900,100,7824,,,,
20250526,064350,현대로템,136600,11200,3272962,,,,
20250526,064400,LG씨엔에스,52100,400,138736,,,,
20250526,064960,SNT모티브,30550,350,59332,,,,
20250526,066570,LG전자,71600,1600,239182,,,,
20250526,066575,LG전자우,35100,600,19018,,,,
20250526,066970,엘앤에프,47800,-200,537551,,,,
20250526,067830,세이브존I&C,2450,15,30942,,,,
20250526,068270,셀트리온,140469,276,431378,,,,
20250526,068290,삼성출판사,17580,-990,44841,,,,
20250526,069260,TKG휴켐스,16190,330,20145,,,,
20250526,069460,대호에이엘,8935,210,125929,,,,
20250526,069620,대웅제약,143900,2900,11149,,,,
20250526,069640,한세엠케이,3038,-78,1545375,,,,
20250526,069730,DSR제강,3610,10,13210,,,,
20250526,069960,현대백화점,70100,-600,56532,,,,
20250526,070960,모나용평,4220,-80,111704,,,,
20250526,071050,한국금융지주,100100,1900,232430,,,,
20250526,071055,한국금융지주우,74900,2100,45573,,,,
20250526,071090,하이스틸,4185,155,991876,,,,
20250526,071320,지역난방공사,76300,-500,61543,,,,
20250526,071840,롯데하이마트,7830,250,13892,,,,
20250526,071950,코아스,9710,60,8759,,,,
20250526,071970,HD현대마린엔진,41950,450,429336,,,,
20250526,072130,유엔젤,5040,-160,247861,,,,
20250526,072710,농심홀딩스,73100,100,4331,,,,
20250526,073240,금호타이어,4205,0,408092,,,,
20250526,074610,이엔플러스,5110,0,0,,,,
20250526,075180,새론오토모티브,3290,-25,4156,,,,
20250526,075580,세진중공업,11650,350,3318190,,,,
20250526,077500,유니퀘스트,6120,-30,72773,,,,
20250526,077970,STX엔진,24850,250,163399,,,,
20250526,078000,텔코웨어,12930,0,37817,,,,
20250526,078520,에이블씨엔씨,7070,-60,44985,,,,
20250526,078930,GS,40600,650,162583,,,,
20250526,078935,GS우,38300,250,6585,,,,
20250526,079160,CJ CGV,4555,-45,181064,,,,
20250526,079430,현대리바트,7850,-20,13481,,,,
20250526,079550,LIG디펜스앤에어로스페이스,433500,6500,130872,,,,
20250526,079900,전진건설로봇,49400,300,91071,,,,
20250526,079980,휴비스,2870,-40,37978,,,,
20250526,081000,일진다이아,12060,60,10562,,,,
20250526,081660,미스토홀딩스,36050,500,86524,,,,
20250526,082640,동양생명,5600,120,56734,,,,
20250526,082740,한화엔진,28150,-50,635206,,,,
20250526,083420,그린케미칼,8110,-970,404166,,,,
20250526,084010,대한제강,11136,-33,14400,,,,
20250526,084670,동양고속,7350,-30,1760,,,,
20250526,084680,이월드,1429,-1,120230,,,,
20250526,084690,대상홀딩스,9390,110,109918,,,,
20250526,084695,대상홀딩스우,14260,360,7168,,,,
20250526,084870,TBH글로벌,1196,27,30608,,,,
20250526,085310,엔케이,8320,290,34088,,,,
20250526,085620,미래에셋생명,5510,-250,67874,,,,
20250526,086280,현대글로비스,110000,3500,139790,,,,
20250526,086790,하나금융지주,70500,1800,770042,,,,
20250526,088260,이리츠코크렙,4680,-5,25137,,,,
20250526,088350,한화생명,2830,240,3673072,,,,
20250526,088790,진도,2025,10,37359,,,,
20250526,088980,맥쿼리인프라,11680,80,887265,,,,
20250526,089470,HDC현대EP,3755,35,19485,,,,
20250526,089590,제주항공,6690,-20,79076,,,,
20250526,089860,롯데렌탈,31100,-150,35334,,,,
20250526,090080,평화산업,1578,-102,7040738,,,,
20250526,090350,노루페인트,8560,210,107389,,,,
20250526,090355,노루페인트우,13880,190,1507,,,,
20250526,090370,메타랩스,1485,12,44623,,,,
20250526,090430,아모레퍼시픽,135400,100,341628,,,,
20250526,090435,아모레퍼시픽우,39900,-550,27018,,,,
20250526,090460,비에이치,12220,20,112744,,,,
20250526,091810,트리니티항공,1981,0,319778,,,,
20250526,092200,디아이씨,4815,75,203225,,,,
20250526,092220,KEC,3585,65,65524,,,,
20250526,092230,KPX홀딩스,65500,500,3083,,,,
20250526,092440,기신정기,2500,75,37767,,,,
20250526,092780,DYP,4450,40,9258,,,,
20250526,092790,넥스틸,15450,950,1402011,,,,
20250526,093050,LF,15440,10,12406,,,,
20250526,093240,형지엘리트,1682,-98,1530169,,,,
20250526,093370,후성,4000,85,200620,,,,
20250526,094280,효성ITX,12090,50,7374,,,,
20250526,094800,맵스리얼티,4370,10,29256,,,,
20250526,095570,AJ네트웍스,3785,175,782686,,,,
20250526,095720,웅진씽크빅,3489,-16,120207,,,,
20250526,096760,JW홀딩스,3240,10,42195,,,,
20250526,096770,SK이노베이션,83500,2400,333449,,,,
20250526,096775,SK이노베이션우,57600,1400,2661,,,,
20250526,097230,HJ중공업,7570,250,923771,,,,
20250526,097520,엠씨넥스,28000,250,96938,,,,
20250526,097950,CJ제일제당,224000,1000,57967,,,,
20250526,097955,CJ제일제당 우,133500,-1600,6647,,,,
20250526,100090,SK오션플랜트,18250,-800,553087,,,,
20250526,100220,비상교육,5700,-40,120396,,,,
20250526,100250,진양홀딩스,2959,15,42455,,,,
20250526,100840,SNT에너지,43700,-3100,335601,,,,
20250526,101140,인바이오젠,12300,1130,44487,,,,
20250526,101530,해태제과식품,6840,170,22841,,,,
20250526,102260,동성케미컬,3983,15,49364,,,,
20250526,102460,이연제약,10880,70,12303,,,,
20250526,103140,풍산,63500,1900,318484,,,,
20250526,103590,일진전기,30600,250,510331,,,,
20250526,104700,한국철강,8980,-20,10822,,,,
20250526,105560,KB금융,102000,3000,1282596,,,,
20250526,105630,한세실업,10360,250,58221,,,,
20250526,105840,우진,9110,-70,891361,,,,
20250526,107590,미원홀딩스,74500,-1200,301,,,,
20250526,108320,LX세미콘,59400,900,20339,,,,
20250526,108670,LX하우시스,29200,-300,10779,,,,
20250526,108675,LX하우시스우,18080,0,1050,,,,
20250526,109070,주성코퍼레이션,935,-13,240189,,,,
20250526,111110,호전실업,8500,10,23694,,,,
20250526,111380,동인기연,14640,-480,49009,,,,
20250526,111770,영원무역,60800,2100,59030,,,,
20250526,112610,씨에스윈드,42050,1400,448799,,,,
20250526,114090,GKL,14080,140,164646,,,,
20250526,117580,대성에너지,7730,40,20207,,,,
20250526,118000,메타케어,3500,20,156935,,,,
20250526,119650,KC코트렐,918,0,0,,,,
20250526,120030,조선선재,100300,-1200,2170,,,,
20250526,120110,코오롱인더,30500,650,50262,,,,
20250526,120115,코오롱인더우,20450,350,6554,,,,
20250526,122900,아이마켓코리아,8010,20,29126,,,,
20250526,123690,한국화장품,6810,0,34901,,,,
20250526,123700,SJM,3145,35,45514,,,,
20250526,123890,한국자산신탁,2375,30,123411,,,,
20250526,126560,현대퓨처넷,3220,0,143536,,,,
20250526,126720,수산인더스트리,26800,1650,434691,,,,
20250526,128820,대성산업,3515,0,0,,,,
20250526,128940,한미약품,307000,15000,96263,,,,
20250526,129260,인터지스,2570,-50,73282,,,,
20250526,130660,한전산업,12300,-100,655232,,,,
20250526,133820,화인베스틸,792,-8,269137,,,,
20250526,134380,미원화학,7800,10,870,,,,
20250526,134790,시디즈,26150,0,4460,,,,
20250526,136490,선진,9430,100,230923,,,,
20250526,137310,에스디바이오센서,10890,160,217135,,,,
20250526,138040,메리츠금융지주,109500,300,229429,,,,
20250526,138930,BNK금융지주,10580,180,905029,,,,
20250526,139130,iM금융지주,10600,90,404209,,,,
20250526,139480,이마트,87500,1000,104056,,,,
20250526,139990,아주스틸,3900,40,17594,,,,
20250526,143210,핸즈코퍼레이션,1581,6,17772,,,,
20250526,145210,다이나믹디자인,9830,430,16474,,,,
20250526,145270,케이탑리츠,906,-19,390902,,,,
20250526,145720,덴티움,61300,300,32980,,,,
20250526,145990,삼양사,48400,500,6725,,,,
20250526,145995,삼양사우,32000,700,3516,,,,
20250526,155660,DSR,3770,0,19225,,,,
20250526,161000,애경케미칼,9200,220,311713,,,,
20250526,161390,한국타이어앤테크놀로지,38000,300,189764,,,,
20250526,161890,한국콜마,83900,-700,229041,,,,
20250526,163560,동일고무벨트,7230,-100,39692,,,,
20250526,170900,동아에스티,45206,381,5587,,,,
20250526,175330,JB금융지주,18080,720,464643,,,,
20250526,178920,PI첨단소재,18240,370,129045,,,,
20250526,180640,한진칼,132900,12800,441562,,,,
20250526,18064K,한진칼우,43050,5450,477605,,,,
20250526,181710,NHN,18770,-130,112538,,,,
20250526,183190,아세아시멘트,11410,50,56276,,,,
20250526,185750,종근당,82300,-1200,24639,,,,
20250526,192080,더블유게임즈,51400,1100,50933,,,,
20250526,192400,쿠쿠홀딩스,29850,-50,21329,,,,
20250526,192650,드림텍,5910,-20,178370,,,,
20250526,192820,코스맥스,211000,1500,58346,,,,
20250526,194370,제이에스코퍼레이션,9060,-70,60386,,,,
20250526,195870,해성디에스,18240,240,75573,,,,
20250526,200880,서연이화,10940,120,68508,,,,
20250526,204320,HL만도,33500,250,165887,,,,
20250526,207940,삼성바이오로직스,1535029,39737,65065,,,,
20250526,210540,디와이파워,12410,70,34377,,,,
20250526,210980,SK디앤디,9310,-100,89048,,,,
20250526,213500,한솔제지,8450,90,27125,,,,
20250526,214320,이노션,17750,30,29890,,,,
20250526,214330,금호에이치티,17817,191,24772,,,,
20250526,214390,경보제약,5340,-20,17361,,,,
20250526,214420,토니모리,8800,-70,203943,,,,
20250526,226320,잇츠한불,12220,-180,18811,,,,
20250526,227840,현대코퍼레이션홀딩스,11560,40,19886,,,,
20250526,229640,LS에코에너지,35000,550,96380,,,,
20250526,234080,JW생명과학,12150,70,35809,,,,
20250526,241560,두산밥캣,46450,850,131577,,,,
20250526,241590,화승엔터프라이즈,7760,230,177446,,,,
20250526,244920,에이플러스에셋,5300,170,81009,,,,
20250526,248070,솔루엠,15660,-90,126494,,,,
20250526,248170,샘표식품,25850,-300,15079,,,,
20250526,249420,일동제약,12190,280,66754,,,,
20250526,251270,넷마블,52400,1900,189207,,,,
20250526,259960,크래프톤,382500,3000,64809,,,,
20250526,264900,크라운제과,8440,90,17155,,,,
20250526,26490K,크라운제과우,9630,50,1951,,,,
20250526,267250,HD현대,87200,3200,192353,,,,
20250526,267260,HD현대일렉트릭,389000,3000,127152,,,,
20250526,267270,HD건설기계,70000,-800,62934,,,,
20250526,267290,경동도시가스,18740,240,17273,,,,
20250526,267850,아시아나IDT,11400,-20,3235,,,,
20250526,268280,미원에스씨,164700,700,1602,,,,
20250526,271560,오리온,111200,-600,184782,,,,
20250526,271940,일진하이솔루스,12410,270,44704,,,,
20250526,271980,제일약품,12630,200,37885,,,,
20250526,272210,한화시스템,45850,600,1672012,,,,
20250526,272450,진에어,9240,80,69655,,,,
20250526,272550,삼양패키징,13140,120,11121,,,,
20250526,278470,에이피알,109900,-1600,624431,,,,
20250526,280360,롯데웰푸드,110600,1000,5484,,,,
20250526,281820,케이씨텍,25750,800,66397,,,,
20250526,282330,BGF리테일,101800,1600,44470,,,,
20250526,284740,쿠쿠홈시스,26900,-100,49418,,,,
20250526,285130,SK케미칼,54500,300,66567,,,,
20250526,28513K,SK케미칼우,23350,250,10101,,,,
20250526,286940,롯데이노베이트,18370,-10,5128,,,,
20250526,293480,하나제약,11640,-20,11516,,,,
20250526,293940,신한알파리츠,5710,30,102683,,,,
20250526,294870,IPARK현대산업개발,23550,-2100,570339,,,,
20250526,298000,효성화학,77800,0,0,,,,
20250526,298020,효성티앤씨,246000,11500,15012,,,,
20250526,298040,효성중공업,600000,0,49178,,,,
20250526,298050,HS효성첨단소재,195400,1600,6635,,,,
20250526,298690,에어부산,2180,55,286578,,,,
20250526,300720,한일시멘트,18600,780,182198,,,,
20250526,302440,SK바이오사이언스,42750,-100,100484,,,,
20250526,306200,세아제강,166300,4200,10903,,,,
20250526,307950,현대오토에버,141400,-400,53850,,,,
20250526,308170,씨티알모빌리티,5960,30,4045,,,,
20250526,316140,우리금융지주,18300,230,1853678,,,,
20250526,317400,자이에스앤디,3465,-15,41325,,,,
20250526,322000,HD현대에너지솔루션,41300,-5350,652214,,,,
20250526,323410,카카오뱅크,23100,350,405592,,,,
20250526,326030,SK바이오팜,90500,700,143610,,,,
20250526,329180,HD현대중공업,412500,23500,208113,,,,
20250526,330590,롯데리츠,3690,30,271404,,,,
20250526,334890,이지스밸류플러스리츠,4637,0,102784,,,,
20250526,336260,두산퓨얼셀,16600,-110,168570,,,,
20250526,33626K,두산퓨얼셀1우,4710,-5,14020,,,,
20250526,33626L,두산퓨얼셀2우B,7980,-90,3307,,,,
20250526,336370,솔루스첨단소재,7380,130,106154,,,,
20250526,33637K,솔루스첨단소재1우,1643,-16,59384,,,,
20250526,33637L,솔루스첨단소재2우B,3975,-15,19588,,,,
20250526,338100,NH프라임리츠,4550,10,32702,,,,
20250526,339770,교촌에프앤비,4850,-80,56295,,,,
20250526,344820,KCC글라스,30100,200,14292,,,,
20250526,348950,제이알글로벌리츠,2755,35,453271,,,,
20250526,350520,이지스레지던스리츠,4250,30,23967,,,,
20250526,352820,하이브,289500,4000,153727,,,,
20250526,353200,대덕전자,14660,200,130607,,,,
20250526,35320K,대덕전자1우,7430,-30,1436,,,,
20250526,357120,코람코라이프인프라리츠,4510,0,78855,,,,
20250526,357250,미래에셋맵스리츠,2810,10,39160,,,,
20250526,357430,마스턴프리미어리츠,1463,-5,30989,,,,
20250526,361610,SK아이이테크놀로지,20500,400,144242,,,,
20250526,363280,티와이홀딩스,2460,130,55421,,,,
20250526,36328K,티와이홀딩스우,3670,35,3242,,,,
20250526,365550,ESR켄달스퀘어리츠,4500,30,254874,,,,
20250526,372910,한컴라이프케어,2925,-135,506346,,,,
20250526,373220,LG에너지솔루션,278000,10000,205921,,,,
20250526,375500,DL이앤씨,48900,700,389004,,,,
20250526,37550K,DL이앤씨우,19990,-160,16778,,,,
20250526,37550L,DL이앤씨2우(전환),31350,400,6382,,,,
20250526,377190,디앤디플랫폼리츠,3250,0,35327,,,,
20250526,377300,카카오페이,32100,1300,282041,,,,
20250526,377740,바이오노트,4900,-5,88756,,,,
20250526,378850,화승알앤에이,3160,30,13163,,,,
20250526,381970,케이카,15080,170,112153,,,,
20250526,383220,F&F,76900,1400,112671,,,,
20250526,383800,LX홀딩스,7420,220,164375,,,,
20250526,38380K,LX홀딩스1우,8640,0,1618,,,,
20250526,395400,SK리츠,4820,-25,169229,,,,
20250526,396690,미래에셋글로벌리츠,2780,-5,43574,,,,
20250526,400760,NH올원리츠,3601,-29,62137,,,,
20250526,402340,SK스퀘어,102500,3400,227080,,,,
20250526,403550,쏘카,13080,-150,8065,,,,
20250526,404990,신한서부티엔디리츠,3490,40,57516,,,,
20250526,415640,KB발해인프라,8100,100,66098,,,,
20250526,417310,코람코더원리츠,5220,10,34790,,,,
20250526,432320,KB스타리츠,4005,0,41378,,,,
20250526,443060,HD현대마린솔루션,169300,9000,297162,,,,
20250526,446070,유니드비티플러스,4035,5,29486,,,,
20250526,448730,삼성FN리츠,4600,20,55142,,,,
20250526,450080,에코프로머티,42950,1100,539070,,,,
20250526,451800,한화리츠,3780,-5,107652,,,,
20250526,452260,한화갤러리아,1193,-1,290550,,,,
20250526,45226K,한화갤러리아우,2225,-5,1886,,,,
20250526,453340,현대그린푸드,17650,230,81648,,,,
20250526,454910,두산로보틱스,47750,1350,147047,,,,
20250526,456040,OCI,53300,900,21528,,,,
20250526,457190,이수스페셜티케미컬,40200,1550,270903,,,,
20250526,460850,동국씨엠,6310,90,24014,,,,
20250526,460860,동국제강,8930,240,80900,,,,
20250526,462520,조선내화,12970,-140,8282,,,,
20250526,462870,시프트업,49250,-1050,508912,,,,
20250526,465770,STX그린로지스,8570,220,225118,,,,
20250526,475150,SK이터닉스,19790,-410,852954,,,,
20250526,475560,더본코리아,25600,-550,73971,,,,
20250526,480370,씨케이솔루션,3688,132,295837,,,,
20250526,481850,신한글로벌액티브리츠,1535,-19,92495,,,,
20250526,483650,달바글로벌,141500,21000,2025875,,,,
20250526,484870,엠앤씨솔루션,42766,3266,212073,,,,
20250526,487570,HS효성,39550,750,2857,,,,
20250526,489790,한화비전,55700,-1000,1065421,,,,
20250526,499790,GS피앤엘,28300,-50,273237,,,,
20250526,900140,엘브이엠씨홀딩스,1762,40,589014,,,,
20250526,950210,프레스티지바이오파마,14660,1500,513905,,,,
20250527,000020,동화약품,6410,10,66152,,,,
20250527,000040,KR모터스,2000,-15,23130,,,,
20250527,000050,경방,7000,-80,140465,,,,
20250527,000070,삼양홀딩스,42573,533,21041,,,,
20250527,000080,하이트진로,19280,0,62190,,,,
20250527,000087,하이트진로2우B,15330,30,909,,,,
20250527,000100,유한양행,105200,1000,281575,,,,
20250527,000105,유한양행우,97700,500,3516,,,,
20250527,000120,CJ대한통운,79800,-300,36609,,,,
20250527,000140,하이트진로홀딩스,8690,70,12813,,,,
20250527,000145,하이트진로홀딩스우,10700,-80,370,,,,
20250527,000150,두산,474000,25000,133644,,,,
20250527,000155,두산우,316000,33500,102978,,,,
20250527,000157,두산2우B,370000,20000,8147,,,,
20250527,000180,성창기업지주,7065,215,21216,,,,
20250527,000210,DL,41500,-250,33023,,,,
20250527,000215,DL우,21400,100,783,,,,
20250527,000220,유유제약,4600,-70,50336,,,,
20250527,000225,유유제약1우,5160,-30,6829,,,,
20250527,000227,유유제약2우B,10200,-50,1055,,,,
20250527,000230,일동홀딩스,6780,30,138505,,,,
20250527,000240,한국앤컴퍼니,16690,-70,60746,,,,
20250527,000270,기아,88200,100,607447,,,,
20250527,000300,DH오토넥스,4200,0,0,,,,
20250527,000320,노루홀딩스,16680,50,40122,,,,
20250527,000325,노루홀딩스우,31600,600,1129,,,,
20250527,000370,한화손해보험,4440,-70,370889,,,,
20250527,000390,SP삼화,6000,100,30104,,,,
20250527,000400,롯데손해보험,1554,-36,142423,,,,
20250527,000430,대원강업,3590,-70,52902,,,,
20250527,000480,CR홀딩스,5240,-10,1830,,,,
20250527,000490,대동,10430,-210,113441,,,,
20250527,000500,가온전선,42120,-1723,253595,,,,
20250527,000520,삼일제약,11270,-410,129678,,,,
20250527,000540,흥국화재,3855,-75,153815,,,,
20250527,000545,흥국화재우,7410,-430,41469,,,,
20250527,000590,CS홀딩스,75300,500,421,,,,
20250527,000640,동아쏘시오홀딩스,100520,679,9668,,,,
20250527,000650,천일고속,40050,250,89,,,,
20250527,000660,SK하이닉스,202500,-500,1424916,,,,
20250527,000670,영풍,35169,-243,9161,,,,
20250527,000680,LS네트웍스,3465,-85,312309,,,,
20250527,000700,유수홀딩스,5930,-10,24843,,,,
20250527,000720,현대건설,62000,3800,2547825,,,,
20250527,000725,현대건설우,60700,1300,22169,,,,
20250527,000760,이화산업,11280,80,1714,,,,
20250527,000810,삼성화재,395000,-3000,62140,,,,
20250527,000815,삼성화재우,291000,1000,13629,,,,
20250527,000850,화천기공,30850,-100,8613,,,,
20250527,000860,강남제비스코,12220,80,32725,,,,
20250527,000880,한화,74189,10684,1338118,,,,
20250527,00088K,한화3우B,26630,3171,512839,,,,
20250527,000890,보해양조,2655,-45,173483,,,,
20250527,000910,유니온,4545,-75,130949,,,,
20250527,000950,전방,24350,50,941,,,,
20250527,000970,한국주철관,6990,-90,79511,,,,
20250527,000990,DB하이텍,38500,250,47260,,,,
20250527,001020,페이퍼코리아,3595,-220,24010,,,,
20250527,001040,CJ,134000,5600,157399,,,,
20250527,001045,CJ우,73600,1500,4766,,,,
20250527,00104K,CJ4우(전환),107800,4100,13064,,,,
20250527,001060,JW중외제약,22200,250,46355,,,,
20250527,001065,JW중외제약우,28050,-100,30,,,,
20250527,001067,JW중외제약2우B,60400,0,7,,,,
20250527,001070,대한방직,6320,0,13916,,,,
20250527,001080,만호제강,2785,40,4060,,,,
20250527,001120,LX인터내셔널,27950,200,84060,,,,
20250527,001130,대한제분,13360,-10,17310,,,,
20250527,001200,유진투자증권,2905,-80,440301,,,,
20250527,001210,금호전기,5785,435,145552,,,,
20250527,001230,동국홀딩스,1663,-53,230163,,,,
20250527,001250,GS글로벌,2560,-35,182255,,,,
20250527,001260,남광토건,8680,80,22588,,,,
20250527,001270,부국증권,34050,-250,6577,,,,
20250527,001275,부국증권우,22850,100,3165,,,,
20250527,001290,상상인증권,465,-14,118423,,,,
20250527,001340,PKC,5500,-70,83617,,,,
20250527,001360,삼성제약,1615,68,705224,,,,
20250527,001380,SG글로벌,3504,-28,80631,,,,
20250527,001390,KG케미칼,3775,-55,101813,,,,
20250527,001420,태원물산,4095,-35,10466,,,,
20250527,001430,세아베스틸지주,20350,830,213095,,,,
20250527,001440,대한전선,12700,60,737909,,,,
20250527,001450,현대해상,23750,-400,438312,,,,
20250527,001460,BYC,34200,0,801,,,,
20250527,001465,BYC우,15160,10,656,,,,
20250527,001470,삼부토건,347,0,0,,,,
20250527,001500,현대차증권,6550,-70,219822,,,,
20250527,001510,SK증권,1023,-18,366569,,,,
20250527,001515,SK증권우,3496,-2,6008,,,,
20250527,001520,동양,1138,2,131291,,,,
20250527,001525,동양우,8310,70,916,,,,
20250527,001527,동양2우B,16900,-60,335,,,,
20250527,001530,DI동일,34048,-1190,49473,,,,
20250527,001550,조비,12140,90,13533,,,,
20250527,001560,제일연마,9800,-70,23372,,,,
20250527,001570,금양,9900,0,0,,,,
20250527,001620,케이비아이동국실업,2475,0,31691,,,,
20250527,001630,종근당홀딩스,50300,350,2446,,,,
20250527,001680,대상,21000,-300,151926,,,,
20250527,001685,대상우,16400,-10,8596,,,,
20250527,001720,신영증권,106700,-3000,15487,,,,
20250527,001740,SK네트웍스,4020,5,196735,,,,
20250527,001750,한양증권,14730,-10,16919,,,,
20250527,001755,한양증권우,14870,-130,860,,,,
20250527,001770,SHD,16200,100,3673,,,,
20250527,001780,알루코,2305,-20,371074,,,,
20250527,001790,대한제당,2770,0,427877,,,,
20250527,001795,대한제당우,2290,-5,117542,,,,
20250527,001800,오리온홀딩스,18260,-250,72404,,,,
20250527,001820,삼화콘덴서,23750,-450,36097,,,,
20250527,001940,KISCO홀딩스,22050,-200,13984,,,,
20250527,002020,코오롱,25400,1000,93464,,,,
20250527,002025,코오롱우,15160,120,13940,,,,
20250527,002030,아세아,290000,1000,2886,,,,
20250527,002070,비비안,18657,-39,14495,,,,
20250527,002100,경농,9290,-50,25531,,,,
20250527,002140,고려산업,2740,10,60944,,,,
20250527,002150,도화엔지니어링,6570,30,13783,,,,
20250527,002170,SYTS,49050,0,1959,,,,
20250527,002200,한국수출포장,2895,40,187384,,,,
20250527,002210,동성제약,2780,0,0,,,,
20250527,002220,한일철강,1967,-10,17389,,,,
20250527,002240,고려제강,17180,-70,3523,,,,
20250527,002310,아세아제지,7190,40,125887,,,,
20250527,002320,한진,19560,-170,15726,,,,
20250527,002350,넥센타이어,6030,-100,170561,,,,
20250527,002355,넥센타이어1우B,2950,-45,18139,,,,
20250527,002360,SH에너지화학,4380,-20,16690,,,,
20250527,002380,KCC,283000,-1000,32310,,,,
20250527,002390,한독,11470,70,6174,,,,
20250527,002410,범양건영,1935,0,0,,,,
20250527,002420,세기상사,5050,30,6084,,,,
20250527,002450,삼익악기,1229,4,107327,,,,
20250527,002460,HS화성,10190,20,9213,,,,
20250527,002600,조흥,155100,400,10,,,,
20250527,002620,제일파마홀딩스,8090,30,7382,,,,
20250527,002630,오리엔트바이오,2460,-36,3250114,,,,
20250527,002690,동일제강,1512,-2,17414,,,,
20250527,002700,신일전자,1508,-28,386344,,,,
20250527,002710,TCC스틸,16460,-440,153444,,,,
20250527,002720,국제약품,4810,-30,160983,,,,
20250527,002760,보락,1059,-16,120788,,,,
20250527,002780,진흥기업,757,3,387562,,,,
20250527,002785,진흥기업우B,3540,-55,6989,,,,
20250527,002787,진흥기업2우B,7300,-150,8606,,,,
20250527,002790,아모레퍼시픽홀딩스,25450,400,176461,,,,
20250527,002795,아모레퍼시픽홀딩스우,10600,260,15262,,,,
20250527,00279K,아모레퍼시픽홀딩스3우C,19650,230,7709,,,,
20250527,002810,삼영무역,15140,130,20202,,,,
20250527,002820,SUN&L,2900,-10,536,,,,
20250527,002840,미원상사,178500,-1300,2091,,,,
20250527,002870,신풍,999,-9,112680,,,,
20250527,002880,디와이에이,984,-12,39063,,,,
20250527,002900,TYM,5160,-240,376497,,,,
20250527,002920,유성기업,1974,11,31097,,,,
20250527,002960,한국쉘석유,390000,2000,612,,,,
20250527,002990,금호건설,2910,0,47776,,,,
20250527,002995,금호건설우,11630,-60,594,,,,
20250527,003000,부광약품,3861,68,137598,,,,
20250527,003010,혜인,4975,35,47424,,,,
20250527,003030,세아제강지주,234000,2500,5690,,,,
20250527,003060,에이프로젠바이오로직스,636,-9,357495,,,,
20250527,003070,코오롱글로벌,8740,-110,12215,,,,
20250527,003075,코오롱글로벌우,15380,290,235,,,,
20250527,003080,SB성보,2590,15,49761,,,,
20250527,003090,대웅,19320,-400,46564,,,,
20250527,003120,일성아이에스,18990,50,19693,,,,
20250527,003160,디아이,14400,-70,153025,,,,
20250527,003200,일신방직,9330,-120,50104,,,,
20250527,003220,대원제약,13670,-260,51369,,,,
20250527,003230,삼양식품,1129000,13000,31092,,,,
20250527,003240,태광산업,861000,-3000,1485,,,,
20250527,003280,흥아해운,1547,-15,519038,,,,
20250527,003300,한일홀딩스,16420,290,31203,,,,
20250527,003350,한국화장품제조,9990,110,201430,,,,
20250527,003460,유화증권,2480,-30,17505,,,,
20250527,003465,유화증권우,2440,15,1249,,,,
20250527,003470,유안타증권,3110,-5,253795,,,,
20250527,003475,유안타증권우,3115,-35,30496,,,,
20250527,003480,한진중공업홀딩스,5120,-60,66289,,,,
20250527,003490,대한항공,22550,-250,575847,,,,
20250527,003495,대한항공우,23150,250,4707,,,,
20250527,003520,영진약품,2195,5,398108,,,,
20250527,003530,한화투자증권,4100,-135,1682089,,,,
20250527,003535,한화투자증권우,6370,-120,4711,,,,
20250527,003540,대신증권,20650,-100,88799,,,,
20250527,003545,대신증권우,17940,10,40383,,,,
20250527,003547,대신증권2우B,16960,-100,25659,,,,
20250527,003550,LG,67900,-300,190740,,,,
20250527,003555,LG우,57000,-200,4587,,,,
20250527,003570,SNT다이내믹스,40550,-400,117403,,,,
20250527,003580,HLB글로벌,2935,-5,40005,,,,
20250527,003610,방림,4135,80,141462,,,,
20250527,003620,KG모빌리티,3350,110,260396,,,,
20250527,003650,미창석유,100500,-400,832,,,,
20250527,003670,포스코퓨처엠,97028,-1745,289682,,,,
20250527,003680,한성기업,5090,-20,19734,,,,
20250527,003690,코리안리,9130,-310,475441,,,,
20250527,003720,삼영,3900,10,136428,,,,
20250527,003780,진양산업,5760,-420,400999,,,,
20250527,003830,대한화섬,123400,-300,186,,,,
20250527,003850,보령,8500,80,64013,,,,
20250527,003920,남양유업,76600,-1100,12190,,,,
20250527,003925,남양유업우,47550,900,24063,,,,
20250527,003960,사조대림,37900,200,56792,,,,
20250527,004000,롯데정밀화학,36650,50,27525,,,,
20250527,004020,현대제철,26200,700,710563,,,,
20250527,004060,SG세계물산,3270,10,17484,,,,
20250527,004080,신흥,14600,0,385,,,,
20250527,004090,한국석유,12150,-10,27866,,,,
20250527,004100,태양금속,2740,-110,1394660,,,,
20250527,004105,태양금속우,3840,-35,77876,,,,
20250527,004140,동방,2335,-15,310608,,,,
20250527,004150,한솔홀딩스,2565,-15,49546,,,,
20250527,004170,신세계,173200,-2100,33822,,,,
20250527,004250,NPC,4330,5,25765,,,,
20250527,004255,NPC우,2360,-20,8846,,,,
20250527,004270,남성,8363,-64,4760,,,,
20250527,004310,현대약품,3460,-5,175122,,,,
20250527,004360,세방,13380,-10,37737,,,,
20250527,004365,세방우,8950,-70,27630,,,,
20250527,004370,농심,420500,-5000,17411,,,,
20250527,004380,삼익THK,13000,0,0,,,,
20250527,004410,서울식품,1580,40,123238,,,,
20250527,004415,서울식품우,12500,250,434,,,,
20250527,004430,송원산업,11550,-210,33256,,,,
20250527,004440,삼일씨엔에스,4250,-95,22476,,,,
20250527,004450,삼화왕관,36350,-1100,1452,,,,
20250527,004490,세방전지,65600,-700,19616,,,,
20250527,004540,깨끗한나라,2135,-5,91994,,,,
20250527,004545,깨끗한나라우,11830,20,3642,,,,
20250527,004560,현대비앤지스틸,11800,10,11514,,,,
20250527,004690,삼천리,119900,1200,26149,,,,
20250527,004700,조광피혁,55600,-1700,4588,,,,
20250527,004710,한솔테크닉스,4881,-192,172852,,,,
20250527,004720,팜젠사이언스,4215,-25,102681,,,,
20250527,004770,써니전자,1653,-12,324528,,,,
20250527,004800,효성,58300,1700,25703,,,,
20250527,004830,덕성,5710,-80,67038,,,,
20250527,004835,덕성우,7720,10,4047,,,,
20250527,004840,DRB동일,4290,-5,10455,,,,
20250527,004870,티웨이홀딩스,2911,5,47864,,,,
20250527,004890,동일산업,43000,300,1398,,,,
20250527,004910,조광페인트,5400,90,20359,,,,
20250527,004920,씨아이테크,1129,-94,517766,,,,
20250527,004960,한신공영,8460,260,90652,,,,
20250527,004970,신라교역,9120,-130,12215,,,,
20250527,004980,성신양회,8610,-230,118315,,,,
20250527,004985,성신양회우,12020,-330,15797,,,,
20250527,004990,롯데지주,25800,-50,272755,,,,
20250527,00499K,롯데지주우,28100,50,385,,,,
20250527,005010,휴스틸,4920,110,437698,,,,
20250527,005030,부산주공,486,0,0,,,,
20250527,005070,코스모신소재,29700,-900,154139,,,,
20250527,005090,SGC에너지,23400,-50,19619,,,,
20250527,005110,한창,1254,0,0,,,,
20250527,005180,빙그레,87700,-1100,33596,,,,
20250527,005250,녹십자홀딩스,13970,-100,27696,,,,
20250527,005257,녹십자홀딩스2우,21250,-1050,3531,,,,
20250527,005300,롯데칠성,101800,-400,18672,,,,
20250527,005305,롯데칠성우,65100,400,115,,,,
20250527,005320,온타이드,1026,6,69988,,,,
20250527,005360,모나미,2055,-5,8243,,,,
20250527,005380,현대차,181900,0,502985,,,,
20250527,005385,현대차우,146100,-600,76322,,,,
20250527,005387,현대차2우B,146500,-800,93789,,,,
20250527,005389,현대차3우B,146500,-500,8493,,,,
20250527,005420,코스모화학,12860,-380,138440,,,,
20250527,005430,한국공항,53500,1400,7702,,,,
20250527,005440,현대지에프홀딩스,7270,-210,350100,,,,
20250527,005490,POSCO홀딩스,237000,-4500,163682,,,,
20250527,005500,삼진제약,17550,30,11033,,,,
20250527,005610,삼립,51500,0,24475,,,,
20250527,005680,삼영전자,10700,-80,26576,,,,
20250527,005690,파미셀,12230,10,578769,,,,
20250527,005720,넥센,5460,-270,79475,,,,
20250527,005725,넥센우,3965,-50,1388,,,,
20250527,005740,크라운해태홀딩스,6110,-50,64106,,,,
20250527,005745,크라운해태홀딩스우,8120,-20,1429,,,,
20250527,005750,대림바스,4310,150,19359,,,,
20250527,005800,신영와코루,11490,0,4350,,,,
20250527,005810,풍산홀딩스,31850,-600,28321,,,,
20250527,005820,원림,14630,140,1843,,,,
20250527,005830,DB손해보험,98200,-500,102818,,,,
20250527,005850,에스엘,30050,-250,96295,,,,
20250527,005870,휴니드,8970,470,1102785,,,,
20250527,005880,대한해운,1525,-32,1390215,,,,
20250527,005930,삼성전자,53900,-800,13439520,,,,
20250527,005935,삼성전자우,44450,-350,878554,,,,
20250527,005940,NH투자증권,16270,20,849250,,,,
20250527,005945,NH투자증권우,14560,0,45479,,,,
20250527,005950,이수화학,5220,10,26794,,,,
20250527,005960,동부건설,4825,55,58766,,,,
20250527,005965,동부건설우,20400,200,83,,,,
20250527,006040,동원산업,44600,-700,49855,,,,
20250527,006060,화승인더,4490,-55,119416,,,,
20250527,006090,사조오양,8500,10,6493,,,,
20250527,006110,삼아알미늄,18700,-770,51790,,,,
20250527,006120,SK디스커버리,45500,1250,40563,,,,
20250527,006125,SK디스커버리우,37500,1300,10831,,,,
20250527,006200,한국전자홀딩스,3355,-45,15384,,,,
20250527,006220,제주은행,9250,-150,92620,,,,
20250527,006260,LS,147700,-5100,313807,,,,
20250527,006280,녹십자,126000,-3300,31208,,,,
20250527,006340,대원전선,2965,-5,2155958,,,,
20250527,006345,대원전선우,3970,50,66234,,,,
20250527,006360,GS건설,21000,50,459051,,,,
20250527,006370,대구백화점,6940,550,116444,,,,
20250527,006380,카프로,3660,0,0,,,,
20250527,006400,삼성SDI,160200,-5800,488202,,,,
20250527,006405,삼성SDI우,98400,-1500,4816,,,,
20250527,006490,프리티,6695,-130,99812,,,,
20250527,006570,대림통상,2570,15,11545,,,,
20250527,006650,대한유화,80100,0,11965,,,,
20250527,006660,삼성공조,14830,50,164670,,,,
20250527,006740,블루산업개발,2311,-7,20400,,,,
20250527,006800,미래에셋증권,13342,-268,1803808,,,,
20250527,006805,미래에셋증권우,5706,-89,45528,,,,
20250527,00680K,미래에셋증권2우B,4964,-108,1236510,,,,
20250527,006840,AK홀딩스,10710,80,3017,,,,
20250527,006880,신송홀딩스,7580,320,152510,,,,
20250527,006890,태경케미컬,11490,-60,14081,,,,
20250527,006980,우성,17000,-190,1551,,,,
20250527,007070,GS리테일,14800,500,299458,,,,
20250527,007110,일신석재,2165,0,1648220,,,,
20250527,007120,미래아이앤지,1006,-62,54866,,,,
20250527,007160,사조산업,48000,2500,79392,,,,
20250527,007210,벽산,2240,-5,193580,,,,
20250527,007280,한국특강,3210,-90,4585,,,,
20250527,007310,오뚜기,393000,-2500,2962,,,,
20250527,007340,DN오토모티브,21350,200,64045,,,,
20250527,007460,에이프로젠,660,-4,696043,,,,
20250527,007540,샘표,44300,200,2700,,,,
20250527,007570,일양약품,14387,-112,39110,,,,
20250527,007575,일양약품우,15154,-47,301,,,,
20250527,007590,동방아그로,6160,10,973,,,,
20250527,007610,선도전기,3000,0,0,,,,
20250527,007660,이수페타시스,41950,200,894222,,,,
20250527,007690,국도화학,33000,50,4966,,,,
20250527,007700,F&F홀딩스,14140,80,23684,,,,
20250527,007810,코리아써키트,9990,-80,22277,,,,
20250527,007815,코리아써우,5440,0,163,,,,
20250527,00781K,코리아써키트2우B,5510,50,21,,,,
20250527,007860,서연,8010,-20,125793,,,,
20250527,007980,TP,1336,-10,212928,,,,
20250527,008040,사조동아원,1186,-27,2739179,,,,
20250527,008060,대덕,7640,-30,98665,,,,
20250527,00806K,대덕1우,7960,320,3858,,,,
20250527,008250,이건산업,5450,60,16055,,,,
20250527,008260,NI스틸,3530,50,77540,,,,
20250527,008350,남선알미늄,1238,-11,1242496,,,,
20250527,008355,남선알미우,12700,180,1657,,,,
20250527,008420,문배철강,2260,-10,19567,,,,
20250527,008490,서흥,18770,180,56505,,,,
20250527,008600,윌비스,5015,-187,170153,,,,
20250527,008700,아남전자,1416,-12,209506,,,,
20250527,008730,율촌화학,27050,-200,32110,,,,
20250527,008770,호텔신라,48900,400,233787,,,,
20250527,008775,호텔신라우,42900,-300,24537,,,,
20250527,008870,금비,56500,-2000,3621,,,,
20250527,008930,한미사이언스,34350,-600,112989,,,,
20250527,008970,KBI동양철관,2662,9,9000652,,,,
20250527,009070,KCTC,3855,-55,66660,,,,
20250527,009140,경인전자,19350,-90,845,,,,
20250527,009150,삼성전기,118800,-2300,199064,,,,
20250527,009155,삼성전기우,53200,-900,8474,,,,
20250527,009160,SIMPAC,4910,155,340527,,,,
20250527,009180,한솔로지스틱스,2215,15,44290,,,,
20250527,009190,대양금속,1756,-59,170633,,,,
20250527,009200,무림페이퍼,2100,-10,84600,,,,
20250527,009240,한샘,40100,-1000,30894,,,,
20250527,009270,신원,1759,43,1908473,,,,
20250527,009290,광동제약,5480,0,22171,,,,
20250527,009310,참엔지니어링,1284,-38,70001,,,,
20250527,009320,아진전자부품,1023,20,2872066,,,,
20250527,009410,태영건설,2845,140,376145,,,,
20250527,009415,태영건설우,5720,220,15716,,,,
20250527,009420,한올바이오파마,26150,900,247780,,,,
20250527,009440,KC그린홀딩스,756,0,0,,,,
20250527,009450,경동나비엔,78300,-1800,40885,,,,
20250527,009460,한창제지,3610,10,19465,,,,
20250527,009470,삼화전기,26700,-200,22930,,,,
20250527,009540,HD한국조선해양,296000,-500,137494,,,,
20250527,009580,무림P&P,2750,-70,200568,,,,
20250527,009680,모토닉,10290,0,58318,,,,
20250527,009770,삼정펄프,27950,250,2309,,,,
20250527,009810,MDS스피어,3015,-10,17151,,,,
20250527,009830,한화솔루션,26788,-235,2739579,,,,
20250527,009835,한화솔루션우,21225,136,22755,,,,
20250527,009900,명신산업,8060,-40,47295,,,,
20250527,009970,영원무역홀딩스,114500,-1200,11134,,,,
20250527,010040,한국내화,2380,10,11016,,,,
20250527,010060,OCI홀딩스,66400,200,87031,,,,
20250527,010100,한국무브넥스,3920,-65,76450,,,,
20250527,010120,LS ELECTRIC,51900,0,660445,,,,
20250527,010130,고려아연,743000,-33000,21940,,,,
20250527,010140,삼성중공업,16350,1250,29577904,,,,
20250527,010400,우진아이엔에스,2720,60,4515,,,,
20250527,010580,에스엠벡셀,1223,3,12130,,,,
20250527,010640,진양폴리,3423,-68,84503,,,,
20250527,010660,화천기계,5080,-20,551254,,,,
20250527,010690,화신,7660,20,61756,,,,
20250527,010770,평화홀딩스,8940,-1030,3851213,,,,
20250527,010780,아이에스동서,19130,-70,23137,,,,
20250527,010820,퍼스텍,3740,70,641436,,,,
20250527,010950,S-Oil,56500,2900,859686,,,,
20250527,010955,S-Oil우,36900,1250,23406,,,,
20250527,010960,삼호개발,3430,0,101077,,,,
20250527,011000,진원생명과학,17450,-1475,410976,,,,
20250527,011070,LG이노텍,138300,-4700,102534,,,,
20250527,011090,에넥스,3325,-110,101277,,,,
20250527,011150,CJ씨푸드,2945,-15,158444,,,,
20250527,011155,CJ씨푸드1우,17300,120,914,,,,
20250527,011170,롯데케미칼,57900,0,80327,,,,
20250527,011200,HMM,21750,-450,1380640,,,,
20250527,011210,현대위아,40300,-500,42310,,,,
20250527,011230,삼화전자,4010,-35,52364,,,,
20250527,011280,태림포장,2260,65,217327,,,,
20250527,011300,우성머티리얼스,4590,30,37358,,,,
20250527,011330,유니켐,15400,160,45021,,,,
20250527,011390,부산산업,94600,-400,14967,,,,
20250527,011420,갤럭시아에스엠,2225,0,324566,,,,
20250527,011500,한농화성,13950,-50,40668,,,,
20250527,011690,와이투솔루션,3165,-35,505620,,,,
20250527,011700,한신기계,3660,75,3958778,,,,
20250527,011760,현대코퍼레이션,24350,-300,38353,,,,
20250527,011780,금호석유화학,112400,-300,73461,,,,
20250527,011785,금호석유화학우,53400,-300,3494,,,,
20250527,011790,SKC,84970,-2350,211807,,,,
20250527,011810,STX,3205,-35,23819,,,,
20250527,011930,신성이엔지,13870,-210,82048,,,,
20250527,012030,DB,1264,-10,77495,,,,
20250527,012160,영흥,2410,-50,41769,,,,
20250527,012170,아센디오,4375,-15,58237,,,,
20250527,012200,계양전기,1373,-9,69948,,,,
20250527,012205,계양전기우,3490,-39,1428,,,,
20250527,012280,영화금속,834,6,43687,,,,
20250527,012320,경동인베스트,54000,-900,3757,,,,
20250527,012330,현대모비스,243000,-1000,146086,,,,
20250527,012450,한화에어로스페이스,887000,54000,369030,,,,
20250527,012610,경인양행,3110,-15,134702,,,,
20250527,012630,HDC,19000,150,194297,,,,
20250527,012690,모나리자,2780,-20,113836,,,,
20250527,012750,에스원,65000,-1200,38580,,,,
20250527,012800,대창,1313,-12,341137,,,,
20250527,013000,세우글로벌,1162,-2,30657,,,,
20250527,013360,일성건설,2275,-90,860187,,,,
20250527,013520,화승코퍼레이션,1899,-2,26135,,,,
20250527,013570,디와이,4180,35,50208,,,,
20250527,013580,계룡건설,20650,450,601087,,,,
20250527,013700,까뮤이앤씨,1108,-4,131298,,,,
20250527,013870,지엠비코리아,3990,30,9241,,,,
20250527,013890,지누스,16660,-720,97357,,,,
20250527,014130,한익스프레스,3400,-10,6166,,,,
20250527,014160,대영포장,1292,-74,6423569,,,,
20250527,014280,금강공업,4485,-15,34222,,,,
20250527,014285,금강공업우,6700,0,363,,,,
20250527,014440,영보화학,4300,-35,57560,,,,
20250527,014530,극동유화,3405,0,25638,,,,
20250527,014580,태경비케이,4615,-60,82284,,,,
20250527,014680,한솔케미칼,120500,-1600,62304,,,,
20250527,014710,사조씨푸드,5640,0,72988,,,,
20250527,014790,HL D&I,2490,15,97114,,,,
20250527,014820,동원시스템즈,29400,-400,21651,,,,
20250527,014825,동원시스템즈우,17100,-20,377,,,,
20250527,014830,유니드,91400,-2300,41408,,,,
20250527,014910,성문전자,1215,18,54864,,,,
20250527,014915,성문전자우,4630,0,252,,,,
20250527,014990,인디에프,4580,5,22902,,,,
20250527,015020,이스타코,1934,-26,698908,,,,
20250527,015230,대창단조,5470,-90,58703,,,,
20250527,015260,에이엔피,434,16,142590,,,,
20250527,015360,INVENI,10200,-60,20285,,,,
20250527,015590,DKME,2575,0,0,,,,
20250527,015760,한국전력,30600,-1100,3499829,,,,
20250527,015860,일진홀딩스,4215,0,80364,,,,
20250527,015890,태경산업,5000,0,44160,,,,
20250527,016090,대현,1880,-12,52567,,,,
20250527,016360,삼성증권,56300,-800,372842,,,,
20250527,016380,KG스틸,5730,0,68491,,,,
20250527,016450,한세예스24홀딩스,3825,-10,12963,,,,
20250527,016580,환인제약,11270,-40,23081,,,,
20250527,016590,신대양제지,8850,30,11152,,,,
20250527,016610,DB증권,6500,-150,57362,,,,
20250527,016710,대성홀딩스,8190,20,35787,,,,
20250527,016740,두올,3180,0,22248,,,,
20250527,016800,퍼시스,43750,-550,900,,,,
20250527,016880,웅진,1992,-93,2228883,,,,
20250527,017040,광명전기,1780,120,1296587,,,,
20250527,017180,명문제약,1669,-21,62531,,,,
20250527,017370,우신시스템,7370,-10,70768,,,,
20250527,017390,서울가스,56400,-700,13031,,,,
20250527,017550,수산세보틱스,1783,-12,52046,,,,
20250527,017670,SK텔레콤,51800,300,755230,,,,
20250527,017800,현대엘리베이터,76100,-300,69714,,,,
20250527,017810,풀무원,12550,30,67738,,,,
20250527,017860,DS단석,23520,50,102970,,,,
20250527,017900,광전자,1865,-2,19456,,,,
20250527,017940,E1,69700,-200,6657,,,,
20250527,017960,한국카본,21750,300,521024,,,,
20250527,018250,애경산업,14810,70,48335,,,,
20250527,018260,삼성에스디에스,133700,-700,91728,,,,
20250527,018470,조일알미늄,1529,-12,432207,,,,
20250527,018500,동원모빌리티,1385,2,217463,,,,
20250527,018670,SK가스,212000,-3000,8081,,,,
20250527,018880,한온시스템,2811,0,909142,,,,
20250527,019170,신풍제약,12190,400,2073867,,,,
20250527,019175,신풍제약우,19630,0,61742,,,,
20250527,019180,티에이치엔,2720,-40,189186,,,,
20250527,019490,엑시큐어하이트론,924,-83,1705383,,,,
20250527,019680,대교,2385,-35,22429,,,,
20250527,019685,대교우B,1292,0,11010,,,,
20250527,020000,한섬,15580,-70,74319,,,,
20250527,020120,키다리스튜디오,3170,-25,74805,,,,
20250527,020150,롯데에너지머티리얼즈,19900,-350,57981,,,,
20250527,020560,아시아나항공,9970,-10,57170,,,,
20250527,020760,일진디스플,709,-10,44386,,,,
20250527,021050,서원,1194,-15,160589,,,,
20250527,021240,코웨이,91600,-3100,148435,,,,
20250527,021820,세원정공,8570,-10,2604,,,,
20250527,022100,포스코DX,20800,-300,232407,,,,
20250527,023000,삼원강재,2430,-5,12755,,,,
20250527,023150,MH에탄올,5110,40,2503,,,,
20250527,023350,한국종합기술,5420,0,34619,,,,
20250527,023450,동남합성,34050,-50,1262,,,,
20250527,023530,롯데쇼핑,77300,-600,32754,,,,
20250527,023590,다우기술,24650,-300,63513,,,,
20250527,023800,인지컨트롤스,5780,-180,35207,,,,
20250527,023810,인팩,5690,-30,7988,,,,
20250527,023960,에쓰씨엔지니어링,1254,5,114488,,,,
20250527,024070,WISCOM,1978,-3,5682,,,,
20250527,024090,디씨엠,12610,-90,18707,,,,
20250527,024110,기업은행,15470,30,800149,,,,
20250527,024720,콜마홀딩스,12580,990,1520996,,,,
20250527,024890,대원화성,4480,-15,5514,,,,
20250527,024900,디와이덕양,2585,-25,52722,,,,
20250527,025000,KPX케미칼,42966,424,6615,,,,
20250527,025530,SJM홀딩스,3350,10,5015,,,,
20250527,025540,한국단자,57900,-300,34727,,,,
20250527,025560,미래산업,2227,4,63365,,,,
20250527,025620,차AI헬스케어,7700,60,23641,,,,
20250527,025750,한솔홈데코,3625,15,108515,,,,
20250527,025820,이구산업,4330,-40,151948,,,,
20250527,025860,남해화학,7050,-70,84038,,,,
20250527,025890,한국주강,1825,13,10875,,,,
20250527,026890,스틱인베스트먼트,10540,600,275622,,,,
20250527,026940,부국철강,2350,5,95955,,,,
20250527,026960,동서,25350,-250,44957,,,,
20250527,027410,BGF,3745,-20,51940,,,,
20250527,027740,마니커,1998,-76,1345115,,,,
20250527,027970,한국제지,4020,5,10273,,,,
20250527,028050,삼성E&A,21750,750,1542957,,,,
20250527,028100,동아지질,15520,-180,94040,,,,
20250527,028260,삼성물산,150500,-1600,991515,,,,
20250527,02826K,삼성물산우B,110900,-1300,33151,,,,
20250527,028670,팬오션,3620,-40,1187304,,,,
20250527,029460,케이씨,21750,400,23086,,,,
20250527,029530,신도리코,47100,2200,44667,,,,
20250527,029780,삼성카드,43150,0,71103,,,,
20250527,030000,제일기획,18100,-80,103158,,,,
20250527,030190,NICE평가정보,14300,20,38263,,,,
20250527,030200,KT,51300,-400,256864,,,,
20250527,030210,다올투자증권,3260,-90,84616,,,,
20250527,030610,교보증권,7290,-140,135672,,,,
20250527,030720,동원수산,5500,20,8739,,,,
20250527,031210,서울보증보험,33200,50,63299,,,,
20250527,031430,신세계인터내셔날,10910,-20,132598,,,,
20250527,031820,아이티센씨티에스,6100,-70,20532,,,,
20250527,032350,롯데관광개발,11790,150,336297,,,,
20250527,032560,황금에스티,5560,-80,19952,,,,
20250527,032640,LG유플러스,12860,-40,788877,,,,
20250527,032830,삼성생명,97000,-2300,292276,,,,
20250527,033240,자화전자,11380,-170,59676,,,,
20250527,033250,체시스,7305,230,344541,,,,
20250527,033270,유나이티드제약,20250,200,32828,,,,
20250527,033530,SJG세종,4255,-85,46094,,,,
20250527,033780,KT&G,123500,-1500,223311,,,,
20250527,033920,무학,7730,100,118384,,,,
20250527,034020,두산에너빌리티,42350,850,10536843,,,,
20250527,034120,SBS,22800,200,64728,,,,
20250527,034220,LG디스플레이,8090,-80,541061,,,,
20250527,034230,파라다이스,13280,160,219080,,,,
20250527,034310,NICE,11470,0,12464,,,,
20250527,034590,인천도시가스,25100,-50,940,,,,
20250527,034730,SK,140100,-1000,112130,,,,
20250527,03473K,SK우,124700,200,1289,,,,
20250527,034830,한국토지신탁,1134,-8,363643,,,,
20250527,035000,HS애드,7100,-20,9390,,,,
20250527,035150,백산,14550,80,30931,,,,
20250527,035250,강원랜드,17130,-100,278011,,,,
20250527,035420,NAVER,183800,-4200,668670,,,,
20250527,035510,신세계 I&C,13120,770,390771,,,,
20250527,035720,카카오,40950,1950,3448700,,,,
20250527,036420,콘텐트리중앙,10660,370,148624,,,,
20250527,036460,한국가스공사,41200,-550,508717,,,,
20250527,036530,SNT홀딩스,46200,2200,61899,,,,
20250527,036570,NC,157600,5700,208277,,,,
20250527,036580,팜스코,2500,90,141038,,,,
20250527,037270,YG PLUS,5920,-130,720719,,,,
20250527,037560,LG헬로비전,2445,-45,301746,,,,
20250527,037710,광주신세계,27900,0,8345,,,,
20250527,039130,하나투어,50500,500,59801,,,,
20250527,039490,키움증권,148200,-900,45266,,,,
20250527,039570,HDC랩스,9130,230,22872,,,,
20250527,041650,상신브레이크,2940,-45,25616,,,,
20250527,042660,한화오션,78800,-100,1500108,,,,
20250527,042700,한미반도체,82300,-1500,491514,,,,
20250527,044380,주연테크,1725,15,19015,,,,
20250527,044450,KSS해운,9780,-120,91623,,,,
20250527,044820,코스맥스비티아이,12510,220,19394,,,,
20250527,047040,대우건설,4045,20,1152427,,,,
20250527,047050,포스코인터내셔널,48700,-600,235012,,,,
20250527,047400,유니온머티리얼,1600,-26,107288,,,,
20250527,047810,한국항공우주,89100,800,581605,,,,
20250527,049800,우진플라임,2035,5,9661,,,,
20250527,051600,한전KPS,45150,-700,256111,,,,
20250527,051630,진양화학,2050,-25,87342,,,,
20250527,051900,LG생활건강,324500,4000,37418,,,,
20250527,051905,LG생활건강우,124400,1000,4537,,,,
20250527,051910,LG화학,182900,-4800,223128,,,,
20250527,051915,LG화학우,91500,-2500,65441,,,,
20250527,052690,한전기술,65200,500,407660,,,,
20250527,053210,스카이라이프,4560,100,140643,,,,
20250527,053690,한미글로벌,17990,1030,195000,,,,
20250527,055490,테이팩스,12720,-240,15536,,,,
20250527,055550,신한지주,56500,200,891251,,,,
20250527,058430,포스코스틸리온,3595,-120,226060,,,,
20250527,058650,세아홀딩스,94700,-4000,5753,,,,
20250527,058730,다스코,2995,-20,96492,,,,
20250527,058850,KTcs,2900,55,413577,,,,
20250527,058860,KTis,2950,10,212674,,,,
20250527,060980,HL홀딩스,38200,50,19106,,,,
20250527,062040,산일전기,68900,1800,248667,,,,
20250527,063160,종근당바이오,22450,-450,5505,,,,
20250527,064350,현대로템,141200,4600,1185759,,,,
20250527,064400,LG씨엔에스,51400,-700,230416,,,,
20250527,064960,SNT모티브,29450,-1100,134149,,,,
20250527,066570,LG전자,69000,-2600,631617,,,,
20250527,066575,LG전자우,34450,-650,27613,,,,
20250527,066970,엘앤에프,48000,200,263879,,,,
20250527,067830,세이브존I&C,2515,65,89987,,,,
20250527,068270,셀트리온,142855,2386,588108,,,,
20250527,068290,삼성출판사,19660,2080,200585,,,,
20250527,069260,TKG휴켐스,16040,-150,37009,,,,
20250527,069460,대호에이엘,8805,-130,163894,,,,
20250527,069620,대웅제약,144300,400,12749,,,,
20250527,069640,한세엠케이,3352,314,3316253,,,,
20250527,069730,DSR제강,3580,-30,6852,,,,
20250527,069960,현대백화점,69700,-400,74634,,,,
20250527,070960,모나용평,4220,0,153692,,,,
20250527,071050,한국금융지주,100200,100,206754,,,,
20250527,071055,한국금융지주우,74200,-700,29341,,,,
20250527,071090,하이스틸,4095,-90,485983,,,,
20250527,071320,지역난방공사,76700,400,32301,,,,
20250527,071840,롯데하이마트,7730,-100,21545,,,,
20250527,071950,코아스,9710,0,8502,,,,
20250527,071970,HD현대마린엔진,41500,-450,301307,,,,
20250527,072130,유엔젤,5070,30,74057,,,,
20250527,072710,농심홀딩스,73400,300,5983,,,,
20250527,073240,금호타이어,4165,-40,377913,,,,
20250527,074610,이엔플러스,5110,0,0,,,,
20250527,075180,새론오토모티브,3290,0,20599,,,,
20250527,075580,세진중공업,11490,-160,1990627,,,,
20250527,077500,유니퀘스트,6260,140,166179,,,,
20250527,077970,STX엔진,24950,100,137647,,,,
20250527,078000,텔코웨어,12920,-10,52133,,,,
20250527,078520,에이블씨엔씨,7120,50,63060,,,,
20250527,078930,GS,40800,200,254732,,,,
20250527,078935,GS우,38500,200,4908,,,,
20250527,079160,CJ CGV,4560,5,104211,,,,
20250527,079430,현대리바트,7860,10,17841,,,,
20250527,079550,LIG디펜스앤에어로스페이스,445500,12000,162936,,,,
20250527,079900,전진건설로봇,48400,-1000,75186,,,,
20250527,079980,휴비스,2890,20,47810,,,,
20250527,081000,일진다이아,12020,-40,9430,,,,
20250527,081660,미스토홀딩스,35250,-800,129694,,,,
20250527,082640,동양생명,5450,-150,138153,,,,
20250527,082740,한화엔진,28400,250,642994,,,,
20250527,083420,그린케미칼,7790,-320,305266,,,,
20250527,084010,대한제강,11209,73,19466,,,,
20250527,084670,동양고속,7370,20,2183,,,,
20250527,084680,이월드,1424,-5,138545,,,,
20250527,084690,대상홀딩스,9250,-140,100225,,,,
20250527,084695,대상홀딩스우,14130,-130,9361,,,,
20250527,084870,TBH글로벌,1191,-5,20785,,,,
20250527,085310,엔케이,8500,180,55558,,,,
20250527,085620,미래에셋생명,5440,-70,20846,,,,
20250527,086280,현대글로비스,111500,1500,106138,,,,
20250527,086790,하나금융지주,70100,-400,511966,,,,
20250527,088260,이리츠코크렙,4675,-5,29102,,,,
20250527,088350,한화생명,2825,-5,1155297,,,,
20250527,088790,진도,2010,-15,17442,,,,
20250527,088980,맥쿼리인프라,11650,-30,467075,,,,
20250527,089470,HDC현대EP,3775,20,51466,,,,
20250527,089590,제주항공,6630,-60,104176,,,,
20250527,089860,롯데렌탈,31200,100,25556,,,,
20250527,090080,평화산업,1458,-120,5895262,,,,
20250527,090350,노루페인트,9010,450,586154,,,,
20250527,090355,노루페인트우,14260,380,1697,,,,
20250527,090370,메타랩스,1489,4,80378,,,,
20250527,090430,아모레퍼시픽,136300,900,241587,,,,
20250527,090435,아모레퍼시픽우,40750,850,27606,,,,
20250527,090460,비에이치,12090,-130,167842,,,,
20250527,091810,트리니티항공,1976,-5,240693,,,,
20250527,092200,디아이씨,4755,-60,248080,,,,
20250527,092220,KEC,3570,-15,53808,,,,
20250527,092230,KPX홀딩스,66000,500,3975,,,,
20250527,092440,기신정기,2490,-10,2995,,,,
20250527,092780,DYP,4430,-20,6550,,,,
20250527,092790,넥스틸,15520,70,676304,,,,
20250527,093050,LF,15490,50,18575,,,,
20250527,093240,형지엘리트,1701,19,2991566,,,,
20250527,093370,후성,4010,10,175345,,,,
20250527,094280,효성ITX,12030,-60,13293,,,,
20250527,094800,맵스리얼티,4370,0,42942,,,,
20250527,095570,AJ네트웍스,3775,-10,413379,,,,
20250527,095720,웅진씽크빅,3402,-87,100387,,,,
20250527,096760,JW홀딩스,3220,-20,48525,,,,
20250527,096770,SK이노베이션,82000,-1500,193784,,,,
20250527,096775,SK이노베이션우,56700,-900,1639,,,,
20250527,097230,HJ중공업,7500,-70,982221,,,,
20250527,097520,엠씨넥스,27200,-800,46524,,,,
20250527,097950,CJ제일제당,225000,1000,36665,,,,
20250527,097955,CJ제일제당 우,134000,500,2835,,,,
20250527,100090,SK오션플랜트,18000,-250,540413,,,,
20250527,100220,비상교육,5610,-90,115516,,,,
20250527,100250,진양홀딩스,2959,0,22807,,,,
20250527,100840,SNT에너지,43500,-200,181837,,,,
20250527,101140,인바이오젠,11520,-780,16297,,,,
20250527,101530,해태제과식품,6850,10,25041,,,,
20250527,102260,동성케미컬,3958,-25,20580,,,,
20250527,102460,이연제약,10840,-40,7447,,,,
20250527,103140,풍산,63400,-100,216688,,,,
20250527,103590,일진전기,30750,150,410085,,,,
20250527,104700,한국철강,9180,200,31746,,,,
20250527,105560,KB금융,101900,-100,1099027,,,,
20250527,105630,한세실업,10400,40,85152,,,,
20250527,105840,우진,8890,-220,298045,,,,
20250527,107590,미원홀딩스,74500,0,43,,,,
20250527,108320,LX세미콘,59200,-200,12808,,,,
20250527,108670,LX하우시스,29400,200,5482,,,,
20250527,108675,LX하우시스우,18170,90,598,,,,
20250527,109070,주성코퍼레이션,936,1,267528,,,,
20250527,111110,호전실업,8490,-10,26158,,,,
20250527,111380,동인기연,14090,-550,108301,,,,
20250527,111770,영원무역,58900,-1900,48671,,,,
20250527,112610,씨에스윈드,42850,800,356737,,,,
20250527,114090,GKL,14190,110,204074,,,,
20250527,117580,대성에너지,7710,-20,16952,,,,
20250527,118000,메타케어,3600,100,262897,,,,
20250527,119650,KC코트렐,918,0,0,,,,
20250527,120030,조선선재,100000,-300,1568,,,,
20250527,120110,코오롱인더,31450,950,146824,,,,
20250527,120115,코오롱인더우,20750,300,8286,,,,
20250527,122900,아이마켓코리아,8010,0,28932,,,,
20250527,123690,한국화장품,6810,0,30753,,,,
20250527,123700,SJM,3175,30,26710,,,,
20250527,123890,한국자산신탁,2355,-20,144799,,,,
20250527,126560,현대퓨처넷,3215,-5,68188,,,,
20250527,126720,수산인더스트리,27450,650,355100,,,,
20250527,128820,대성산업,3515,0,0,,,,
20250527,128940,한미약품,306000,-1000,45619,,,,
20250527,129260,인터지스,2530,-40,112152,,,,
20250527,130660,한전산업,12170,-130,275241,,,,
20250527,133820,화인베스틸,940,148,14270213,,,,
20250527,134380,미원화학,7940,140,2930,,,,
20250527,134790,시디즈,27800,1650,9644,,,,
20250527,136490,선진,9930,500,321825,,,,
20250527,137310,에스디바이오센서,12070,1180,2829975,,,,
20250527,138040,메리츠금융지주,109500,0,218246,,,,
20250527,138930,BNK금융지주,10600,20,683954,,,,
20250527,139130,iM금융지주,10600,0,499669,,,,
20250527,139480,이마트,87500,0,102979,,,,
20250527,139990,아주스틸,3960,60,38557,,,,
20250527,143210,핸즈코퍼레이션,1570,-11,6708,,,,
20250527,145210,다이나믹디자인,10180,350,9344,,,,
20250527,145270,케이탑리츠,900,-6,260523,,,,
20250527,145720,덴티움,61200,-100,29754,,,,
20250527,145990,삼양사,49450,1050,19702,,,,
20250527,145995,삼양사우,32500,500,2117,,,,
20250527,155660,DSR,3765,-5,7458,,,,
20250527,161000,애경케미칼,9110,-90,150658,,,,
20250527,161390,한국타이어앤테크놀로지,37550,-450,442173,,,,
20250527,161890,한국콜마,83900,0,151440,,,,
20250527,163560,동일고무벨트,7120,-110,43230,,,,
20250527,170900,동아에스티,45445,239,13587,,,,
20250527,175330,JB금융지주,17940,-140,322382,,,,
20250527,178920,PI첨단소재,17960,-280,252317,,,,
20250527,180640,한진칼,135000,2100,242508,,,,
20250527,18064K,한진칼우,44100,1050,305860,,,,
20250527,181710,NHN,18900,130,73502,,,,
20250527,183190,아세아시멘트,11560,150,57377,,,,
20250527,185750,종근당,82200,-100,23217,,,,
20250527,192080,더블유게임즈,50800,-600,27185,,,,
20250527,192400,쿠쿠홀딩스,29450,-400,22064,,,,
20250527,192650,드림텍,5790,-120,219033,,,,
20250527,192820,코스맥스,207500,-3500,45765,,,,
20250527,194370,제이에스코퍼레이션,11770,2710,3861773,,,,
20250527,195870,해성디에스,18110,-130,66823,,,,
20250527,200880,서연이화,10790,-150,98849,,,,
20250527,204320,HL만도,33200,-300,128634,,,,
20250527,207940,삼성바이오로직스,1510009,-25020,42949,,,,
20250527,210540,디와이파워,12170,-240,26567,,,,
20250527,210980,SK디앤디,9300,-10,38642,,,,
20250527,213500,한솔제지,8480,30,24671,,,,
20250527,214320,이노션,17780,30,39698,,,,
20250527,214330,금호에이치티,17980,163,12366,,,,
20250527,214390,경보제약,5330,-10,7338,,,,
20250527,214420,토니모리,8760,-40,253839,,,,
20250527,226320,잇츠한불,12300,80,23145,,,,
20250527,227840,현대코퍼레이션홀딩스,11560,0,9668,,,,
20250527,229640,LS에코에너지,33300,-1700,238511,,,,
20250527,234080,JW생명과학,11990,-160,24721,,,,
20250527,241560,두산밥캣,45800,-650,147820,,,,
20250527,241590,화승엔터프라이즈,7610,-150,101834,,,,
20250527,244920,에이플러스에셋,5460,160,239080,,,,
20250527,248070,솔루엠,15470,-190,184365,,,,
20250527,248170,샘표식품,25850,0,15852,,,,
20250527,249420,일동제약,12110,-80,63229,,,,
20250527,251270,넷마블,51300,-1100,61260,,,,
20250527,259960,크래프톤,381000,-1500,58781,,,,
20250527,264900,크라운제과,8390,-50,8262,,,,
20250527,26490K,크라운제과우,9520,-110,2310,,,,
20250527,267250,HD현대,86900,-300,166598,,,,
20250527,267260,HD현대일렉트릭,392500,3500,110623,,,,
20250527,267270,HD건설기계,68400,-1600,129939,,,,
20250527,267290,경동도시가스,18720,-20,7400,,,,
20250527,267850,아시아나IDT,11420,20,1600,,,,
20250527,268280,미원에스씨,163000,-1700,415,,,,
20250527,271560,오리온,111700,500,110491,,,,
20250527,271940,일진하이솔루스,12250,-160,51531,,,,
20250527,271980,제일약품,12600,-30,27209,,,,
20250527,272210,한화시스템,46100,250,1711515,,,,
20250527,272450,진에어,9210,-30,69822,,,,
20250527,272550,삼양패키징,12990,-150,14342,,,,
20250527,278470,에이피알,118200,8300,970872,,,,
20250527,280360,롯데웰푸드,111400,800,11242,,,,
20250527,281820,케이씨텍,24800,-950,94740,,,,
20250527,282330,BGF리테일,101200,-600,21085,,,,
20250527,284740,쿠쿠홈시스,26600,-300,51951,,,,
20250527,285130,SK케미칼,54400,-100,34990,,,,
20250527,28513K,SK케미칼우,23750,400,7621,,,,
20250527,286940,롯데이노베이트,18370,0,5149,,,,
20250527,293480,하나제약,11610,-30,4935,,,,
20250527,293940,신한알파리츠,5700,-10,97527,,,,
20250527,294870,IPARK현대산업개발,23800,250,225939,,,,
20250527,298000,효성화학,77800,0,0,,,,
20250527,298020,효성티앤씨,255000,9000,42131,,,,
20250527,298040,효성중공업,609000,9000,40114,,,,
20250527,298050,HS효성첨단소재,201000,5600,14112,,,,
20250527,298690,에어부산,2205,25,238655,,,,
20250527,300720,한일시멘트,18900,300,120992,,,,
20250527,302440,SK바이오사이언스,43000,250,81328,,,,
20250527,306200,세아제강,167500,1200,11088,,,,
20250527,307950,현대오토에버,144300,2900,75054,,,,
20250527,308170,씨티알모빌리티,5810,-150,3401,,,,
20250527,316140,우리금융지주,18290,-10,1134206,,,,
20250527,317400,자이에스앤디,3540,75,39037,,,,
20250527,322000,HD현대에너지솔루션,39600,-1700,495147,,,,
20250527,323410,카카오뱅크,23550,450,466027,,,,
20250527,326030,SK바이오팜,90800,300,128104,,,,
20250527,329180,HD현대중공업,412000,-500,124096,,,,
20250527,330590,롯데리츠,3690,0,166610,,,,
20250527,334890,이지스밸류플러스리츠,4657,20,91942,,,,
20250527,336260,두산퓨얼셀,16620,20,121166,,,,
20250527,33626K,두산퓨얼셀1우,4700,-10,11891,,,,
20250527,33626L,두산퓨얼셀2우B,7890,-90,1838,,,,
20250527,336370,솔루스첨단소재,7280,-100,92012,,,,
20250527,33637K,솔루스첨단소재1우,1622,-21,26222,,,,
20250527,33637L,솔루스첨단소재2우B,3955,-20,13040,,,,
20250527,338100,NH프라임리츠,4550,0,30762,,,,
20250527,339770,교촌에프앤비,4835,-15,77437,,,,
20250527,344820,KCC글라스,29700,-400,50235,,,,
20250527,348950,제이알글로벌리츠,2785,30,532740,,,,
20250527,350520,이지스레지던스리츠,4230,-20,23888,,,,
20250527,352820,하이브,286500,-3000,153786,,,,
20250527,353200,대덕전자,14450,-210,119894,,,,
20250527,35320K,대덕전자1우,7340,-90,3602,,,,
20250527,357120,코람코라이프인프라리츠,4510,0,122861,,,,
20250527,357250,미래에셋맵스리츠,2795,-15,25731,,,,
20250527,357430,마스턴프리미어리츠,1468,5,22138,,,,
20250527,361610,SK아이이테크놀로지,19960,-540,143207,,,,
20250527,363280,티와이홀딩스,2600,140,115589,,,,
20250527,36328K,티와이홀딩스우,3760,90,6535,,,,
20250527,365550,ESR켄달스퀘어리츠,4345,-155,1039082,,,,
20250527,372910,한컴라이프케어,2925,0,153892,,,,
20250527,373220,LG에너지솔루션,272500,-5500,149335,,,,
20250527,375500,DL이앤씨,48750,-150,219518,,,,
20250527,37550K,DL이앤씨우,20000,10,2682,,,,
20250527,37550L,DL이앤씨2우(전환),31200,-150,1978,,,,
20250527,377190,디앤디플랫폼리츠,3270,20,39204,,,,
20250527,377300,카카오페이,35950,3850,1389212,,,,
20250527,377740,바이오노트,5050,150,273412,,,,
20250527,378850,화승알앤에이,3155,-5,20611,,,,
20250527,381970,케이카,15160,80,94101,,,,
20250527,383220,F&F,76600,-300,77125,,,,
20250527,383800,LX홀딩스,7340,-80,76969,,,,
20250527,38380K,LX홀딩스1우,8670,30,81,,,,
20250527,395400,SK리츠,4800,-20,250321,,,,
20250527,396690,미래에셋글로벌리츠,2775,-5,26009,,,,
20250527,400760,NH올원리츠,3620,19,31328,,,,
20250527,402340,SK스퀘어,100500,-2000,281965,,,,
20250527,403550,쏘카,13120,40,6130,,,,
20250527,404990,신한서부티엔디리츠,3630,140,156251,,,,
20250527,415640,KB발해인프라,8090,-10,28777,,,,
20250527,417310,코람코더원리츠,5180,-40,29134,,,,
20250527,432320,KB스타리츠,4000,-5,54956,,,,
20250527,443060,HD현대마린솔루션,174600,5300,508647,,,,
20250527,446070,유니드비티플러스,4030,-5,28502,,,,
20250527,448730,삼성FN리츠,4610,10,46222,,,,
20250527,450080,에코프로머티,41050,-1900,531356,,,,
20250527,451800,한화리츠,3780,0,122915,,,,
20250527,452260,한화갤러리아,1186,-7,462153,,,,
20250527,45226K,한화갤러리아우,2225,0,1238,,,,
20250527,453340,현대그린푸드,17120,-530,88266,,,,
20250527,454910,두산로보틱스,47050,-700,110937,,,,
20250527,456040,OCI,52500,-800,20550,,,,
20250527,457190,이수스페셜티케미컬,39950,-250,160591,,,,
20250527,460850,동국씨엠,6190,-120,37278,,,,
20250527,460860,동국제강,8340,-590,344059,,,,
20250527,462520,조선내화,12880,-90,6596,,,,
20250527,462870,시프트업,48100,-1150,394744,,,,
20250527,465770,STX그린로지스,8470,-100,70166,,,,
20250527,475150,SK이터닉스,18920,-870,911834,,,,
20250527,475560,더본코리아,25400,-200,27344,,,,
20250527,480370,씨케이솔루션,3691,3,336708,,,,
20250527,481850,신한글로벌액티브리츠,1531,-4,37249,,,,
20250527,483650,달바글로벌,144300,2800,1185386,,,,
20250527,484870,엠앤씨솔루션,43733,967,156507,,,,
20250527,487570,HS효성,39900,350,4068,,,,
20250527,489790,한화비전,55600,-100,434169,,,,
20250527,499790,GS피앤엘,30600,2300,1037636,,,,
20250527,900140,엘브이엠씨홀딩스,1752,-10,347799,,,,
20250527,950210,프레스티지바이오파마,14230,-430,213295,,,,
20250528,000020,동화약품,6430,20,31856,,,,
20250528,000040,KR모터스,2170,170,1054287,,,,
20250528,000050,경방,7200,200,223311,,,,
20250528,000070,삼양홀딩스,45977,3404,172558,,,,
20250528,000080,하이트진로,19530,250,235222,,,,
20250528,000087,하이트진로2우B,15400,70,1916,,,,
20250528,000100,유한양행,104500,-700,273353,,,,
20250528,000105,유한양행우,97800,100,4313,,,,
20250528,000120,CJ대한통운,80500,700,55246,,,,
20250528,000140,하이트진로홀딩스,8840,150,55815,,,,
20250528,000145,하이트진로홀딩스우,10690,-10,952,,,,
20250528,000150,두산,469500,-4500,260985,,,,
20250528,000155,두산우,318500,2500,151481,,,,
20250528,000157,두산2우B,362000,-8000,10511,,,,
20250528,000180,성창기업지주,7120,55,14091,,,,
20250528,000210,DL,42800,1300,181775,,,,
20250528,000215,DL우,21850,450,8142,,,,
20250528,000220,유유제약,4600,0,66099,,,,
20250528,000225,유유제약1우,5200,40,4137,,,,
20250528,000227,유유제약2우B,10270,70,1393,,,,
20250528,000230,일동홀딩스,6640,-140,84872,,,,
20250528,000240,한국앤컴퍼니,16760,70,183566,,,,
20250528,000270,기아,89000,800,842967,,,,
20250528,000300,DH오토넥스,4200,0,0,,,,
20250528,000320,노루홀딩스,17620,940,77358,,,,
20250528,000325,노루홀딩스우,31650,50,834,,,,
20250528,000370,한화손해보험,4425,-15,179072,,,,
20250528,000390,SP삼화,6060,60,29284,,,,
20250528,000400,롯데손해보험,1577,23,197341,,,,
20250528,000430,대원강업,3610,20,31223,,,,
20250528,000480,CR홀딩스,5300,60,6095,,,,
20250528,000490,대동,10550,120,99084,,,,
20250528,000500,가온전선,40953,-1167,254131,,,,
20250528,000520,삼일제약,11040,-230,191092,,,,
20250528,000540,흥국화재,3885,30,195625,,,,
20250528,000545,흥국화재우,7500,90,30831,,,,
20250528,000590,CS홀딩스,75500,200,900,,,,
20250528,000640,동아쏘시오홀딩스,104891,4371,19298,,,,
20250528,000650,천일고속,40300,250,355,,,,
20250528,000660,SK하이닉스,208000,5500,3161188,,,,
20250528,000670,영풍,35995,826,53004,,,,
20250528,000680,LS네트웍스,3450,-15,296273,,,,
20250528,000700,유수홀딩스,5970,40,23137,,,,
20250528,000720,현대건설,60800,-1200,3617677,,,,
20250528,000725,현대건설우,59600,-1100,21861,,,,
20250528,000760,이화산업,11290,10,276,,,,
20250528,000810,삼성화재,391500,-3500,70837,,,,
20250528,000815,삼성화재우,290500,-500,7788,,,,
20250528,000850,화천기공,30850,0,3161,,,,
20250528,000860,강남제비스코,12260,40,3398,,,,
20250528,000880,한화,81032,6843,2026590,,,,
20250528,00088K,한화3우B,27889,1259,489377,,,,
20250528,000890,보해양조,2660,5,109365,,,,
20250528,000910,유니온,4565,20,118836,,,,
20250528,000950,전방,24600,250,4010,,,,
20250528,000970,한국주철관,7030,40,79967,,,,
20250528,000990,DB하이텍,39100,600,84010,,,,
20250528,001020,페이퍼코리아,3625,30,6403,,,,
20250528,001040,CJ,135100,1100,295012,,,,
20250528,001045,CJ우,75800,2200,9535,,,,
20250528,00104K,CJ4우(전환),110800,3000,23927,,,,
20250528,001060,JW중외제약,22350,150,83773,,,,
20250528,001065,JW중외제약우,27650,-400,732,,,,
20250528,001067,JW중외제약2우B,61000,600,12,,,,
20250528,001070,대한방직,6250,-70,13491,,,,
20250528,001080,만호제강,2720,-65,5120,,,,
20250528,001120,LX인터내셔널,27450,-500,217653,,,,
20250528,001130,대한제분,13500,140,82070,,,,
20250528,001200,유진투자증권,2955,50,351061,,,,
20250528,001210,금호전기,5795,10,51138,,,,
20250528,001230,동국홀딩스,1732,69,429697,,,,
20250528,001250,GS글로벌,2590,30,552603,,,,
20250528,001260,남광토건,8530,-150,32436,,,,
20250528,001270,부국증권,35000,950,9601,,,,
20250528,001275,부국증권우,23150,300,2666,,,,
20250528,001290,상상인증권,527,62,12241286,,,,
20250528,001340,PKC,5710,210,173463,,,,
20250528,001360,삼성제약,1614,-1,699272,,,,
20250528,001380,SG글로벌,3500,-4,61801,,,,
20250528,001390,KG케미칼,4250,475,1642919,,,,
20250528,001420,태원물산,4045,-50,7588,,,,
20250528,001430,세아베스틸지주,21200,850,290616,,,,
20250528,001440,대한전선,12580,-120,1013883,,,,
20250528,001450,현대해상,24100,350,544192,,,,
20250528,001460,BYC,34300,100,1778,,,,
20250528,001465,BYC우,15300,140,2209,,,,
20250528,001470,삼부토건,347,0,0,,,,
20250528,001500,현대차증권,6760,210,757430,,,,
20250528,001510,SK증권,1065,42,1699210,,,,
20250528,001515,SK증권우,3530,34,6124,,,,
20250528,001520,동양,1140,2,173942,,,,
20250528,001525,동양우,8250,-60,546,,,,
20250528,001527,동양2우B,16800,-100,1121,,,,
20250528,001530,DI동일,32000,-2048,82052,,,,
20250528,001550,조비,12100,-40,14613,,,,
20250528,001560,제일연마,9660,-140,9099,,,,
20250528,001570,금양,9900,0,0,,,,
20250528,001620,케이비아이동국실업,2415,-60,27967,,,,
20250528,001630,종근당홀딩스,52200,1900,12845,,,,
20250528,001680,대상,21250,250,148633,,,,
20250528,001685,대상우,16460,60,13582,,,,
20250528,001720,신영증권,107100,400,15333,,,,
20250528,001740,SK네트웍스,4045,25,369697,,,,
20250528,001750,한양증권,15260,530,77192,,,,
20250528,001755,한양증권우,15310,440,8102,,,,
20250528,001770,SHD,16200,0,4043,,,,
20250528,001780,알루코,2285,-20,477561,,,,
20250528,001790,대한제당,2810,40,722078,,,,
20250528,001795,대한제당우,2325,35,111153,,,,
20250528,001800,오리온홀딩스,18560,300,146994,,,,
20250528,001820,삼화콘덴서,24400,650,41990,,,,
20250528,001940,KISCO홀딩스,23000,950,27743,,,,
20250528,002020,코오롱,29250,3850,2143441,,,,
20250528,002025,코오롱우,15940,780,394838,,,,
20250528,002030,아세아,284000,-6000,3896,,,,
20250528,002070,비비안,18914,257,24750,,,,
20250528,002100,경농,9290,0,24163,,,,
20250528,002140,고려산업,2745,5,58690,,,,
20250528,002150,도화엔지니어링,6570,0,15960,,,,
20250528,002170,SYTS,49750,700,6214,,,,
20250528,002200,한국수출포장,2900,5,107541,,,,
20250528,002210,동성제약,2780,0,0,,,,
20250528,002220,한일철강,1974,7,21966,,,,
20250528,002240,고려제강,17390,210,23109,,,,
20250528,002310,아세아제지,7150,-40,126151,,,,
20250528,002320,한진,19900,340,28013,,,,
20250528,002350,넥센타이어,6190,160,111833,,,,
20250528,002355,넥센타이어1우B,3030,80,20711,,,,
20250528,002360,SH에너지화학,4440,60,18607,,,,
20250528,002380,KCC,294500,11500,46507,,,,
20250528,002390,한독,11470,0,8013,,,,
20250528,002410,범양건영,1935,0,0,,,,
20250528,002420,세기상사,5010,-40,3905,,,,
20250528,002450,삼익악기,1230,1,133047,,,,
20250528,002460,HS화성,10160,-30,5526,,,,
20250528,002600,조흥,154200,-900,30,,,,
20250528,002620,제일파마홀딩스,8220,130,6470,,,,
20250528,002630,오리엔트바이오,2460,0,2205120,,,,
20250528,002690,동일제강,1505,-7,11633,,,,
20250528,002700,신일전자,1509,1,221705,,,,
20250528,002710,TCC스틸,17730,1270,244520,,,,
20250528,002720,국제약품,4805,-5,226387,,,,
20250528,002760,보락,1067,8,86241,,,,
20250528,002780,진흥기업,763,6,376290,,,,
20250528,002785,진흥기업우B,3490,-50,2427,,,,
20250528,002787,진흥기업2우B,7520,220,5083,,,,
20250528,002790,아모레퍼시픽홀딩스,25650,200,172196,,,,
20250528,002795,아모레퍼시픽홀딩스우,10750,150,10161,,,,
20250528,00279K,아모레퍼시픽홀딩스3우C,19850,200,11918,,,,
20250528,002810,삼영무역,14970,-170,16525,,,,
20250528,002820,SUN&L,2950,50,10891,,,,
20250528,002840,미원상사,182700,4200,2092,,,,
20250528,002870,신풍,1002,3,189220,,,,
20250528,002880,디와이에이,972,-12,64433,,,,
20250528,002900,TYM,5130,-30,261953,,,,
20250528,002920,유성기업,1956,-18,72727,,,,
20250528,002960,한국쉘석유,400000,10000,3421,,,,
20250528,002990,금호건설,2965,55,137054,,,,
20250528,002995,금호건설우,11500,-130,2533,,,,
20250528,003000,부광약품,3912,51,309635,,,,
20250528,003010,혜인,5050,75,96329,,,,
20250528,003030,세아제강지주,235000,1000,9571,,,,
20250528,003060,에이프로젠바이오로직스,636,0,360953,,,,
20250528,003070,코오롱글로벌,8850,110,63262,,,,
20250528,003075,코오롱글로벌우,15250,-130,3353,,,,
20250528,003080,SB성보,2610,20,30672,,,,
20250528,003090,대웅,19270,-50,63817,,,,
20250528,003120,일성아이에스,18870,-120,10328,,,,
20250528,003160,디아이,15870,1470,1571549,,,,
20250528,003200,일신방직,9450,120,23812,,,,
20250528,003220,대원제약,13660,-10,22549,,,,
20250528,003230,삼양식품,1106000,-23000,53763,,,,
20250528,003240,태광산업,868000,7000,1152,,,,
20250528,003280,흥아해운,1560,13,619437,,,,
20250528,003300,한일홀딩스,16250,-170,18490,,,,
20250528,003350,한국화장품제조,9930,-60,133115,,,,
20250528,003460,유화증권,2520,40,44415,,,,
20250528,003465,유화증권우,2450,10,4043,,,,
20250528,003470,유안타증권,3160,50,750587,,,,
20250528,003475,유안타증권우,3175,60,32017,,,,
20250528,003480,한진중공업홀딩스,5240,120,103829,,,,
20250528,003490,대한항공,22700,150,1132861,,,,
20250528,003495,대한항공우,23300,150,35482,,,,
20250528,003520,영진약품,2200,5,341085,,,,
20250528,003530,한화투자증권,4170,70,1374063,,,,
20250528,003535,한화투자증권우,6300,-70,11901,,,,
20250528,003540,대신증권,20600,-50,149019,,,,
20250528,003545,대신증권우,18060,120,97438,,,,
20250528,003547,대신증권2우B,17030,70,30261,,,,
20250528,003550,LG,69600,1700,352858,,,,
20250528,003555,LG우,57900,900,13871,,,,
20250528,003570,SNT다이내믹스,40300,-250,88910,,,,
20250528,003580,HLB글로벌,3000,65,87263,,,,
20250528,003610,방림,4120,-15,119913,,,,
20250528,003620,KG모빌리티,3420,70,199117,,,,
20250528,003650,미창석유,100900,400,301,,,,
20250528,003670,포스코퓨처엠,110598,13570,915416,,,,
20250528,003680,한성기업,5090,0,29657,,,,
20250528,003690,코리안리,9350,220,293535,,,,
20250528,003720,삼영,4055,155,172859,,,,
20250528,003780,진양산업,5840,80,105921,,,,
20250528,003830,대한화섬,123600,200,96,,,,
20250528,003850,보령,8550,50,93427,,,,
20250528,003920,남양유업,76200,-400,8851,,,,
20250528,003925,남양유업우,46300,-1250,21200,,,,
20250528,003960,사조대림,39450,1550,27430,,,,
20250528,004000,롯데정밀화학,37300,650,83033,,,,
20250528,004020,현대제철,27950,1750,1035057,,,,
20250528,004060,SG세계물산,3280,10,29028,,,,
20250528,004080,신흥,14610,10,4421,,,,
20250528,004090,한국석유,12260,110,35096,,,,
20250528,004100,태양금속,2710,-30,596925,,,,
20250528,004105,태양금속우,3840,0,38304,,,,
20250528,004140,동방,2345,10,284788,,,,
20250528,004150,한솔홀딩스,2610,45,94541,,,,
20250528,004170,신세계,176200,3000,33601,,,,
20250528,004250,NPC,4330,0,21196,,,,
20250528,004255,NPC우,2345,-15,27856,,,,
20250528,004270,남성,8427,64,1173,,,,
20250528,004310,현대약품,3460,0,467979,,,,
20250528,004360,세방,13340,-40,49926,,,,
20250528,004365,세방우,9030,80,20574,,,,
20250528,004370,농심,416000,-4500,23346,,,,
20250528,004380,삼익THK,13000,0,0,,,,
20250528,004410,서울식품,1570,-10,75029,,,,
20250528,004415,서울식품우,12580,80,238,,,,
20250528,004430,송원산업,11840,290,40317,,,,
20250528,004440,삼일씨엔에스,4310,60,35389,,,,
20250528,004450,삼화왕관,36350,0,1516,,,,
20250528,004490,세방전지,67400,1800,48180,,,,
20250528,004540,깨끗한나라,2155,20,102188,,,,
20250528,004545,깨끗한나라우,11810,-20,889,,,,
20250528,004560,현대비앤지스틸,12080,280,32424,,,,
20250528,004690,삼천리,121900,2000,24213,,,,
20250528,004700,조광피혁,58000,2400,5980,,,,
20250528,004710,한솔테크닉스,4871,-10,170811,,,,
20250528,004720,팜젠사이언스,4150,-65,102640,,,,
20250528,004770,써니전자,1665,12,230886,,,,
20250528,004800,효성,60000,1700,74578,,,,
20250528,004830,덕성,5790,80,64594,,,,
20250528,004835,덕성우,7670,-50,7727,,,,
20250528,004840,DRB동일,4295,5,8421,,,,
20250528,004870,티웨이홀딩스,2911,0,68810,,,,
20250528,004890,동일산업,43100,100,3719,,,,
20250528,004910,조광페인트,5410,10,25191,,,,
20250528,004920,씨아이테크,1133,4,144841,,,,
20250528,004960,한신공영,8310,-150,90138,,,,
20250528,004970,신라교역,9330,210,24534,,,,
20250528,004980,성신양회,8640,30,117059,,,,
20250528,004985,성신양회우,11740,-280,46743,,,,
20250528,004990,롯데지주,27250,1450,652219,,,,
20250528,00499K,롯데지주우,28650,550,1735,,,,
20250528,005010,휴스틸,4895,-25,382049,,,,
20250528,005030,부산주공,486,0,0,,,,
20250528,005070,코스모신소재,32250,2550,439522,,,,
20250528,005090,SGC에너지,23700,300,30453,,,,
20250528,005110,한창,1254,0,0,,,,
20250528,005180,빙그레,88100,400,26590,,,,
20250528,005250,녹십자홀딩스,14070,100,103779,,,,
20250528,005257,녹십자홀딩스2우,20850,-400,3179,,,,
20250528,005300,롯데칠성,103700,1900,23007,,,,
20250528,005305,롯데칠성우,65500,400,1583,,,,
20250528,005320,온타이드,1050,24,46252,,,,
20250528,005360,모나미,2040,-15,21668,,,,
20250528,005380,현대차,185900,4000,611926,,,,
20250528,005385,현대차우,147700,1600,76863,,,,
20250528,005387,현대차2우B,149100,2600,100079,,,,
20250528,005389,현대차3우B,148100,1600,11733,,,,
20250528,005420,코스모화학,13680,820,245710,,,,
20250528,005430,한국공항,53300,-200,7324,,,,
20250528,005440,현대지에프홀딩스,7280,10,478187,,,,
20250528,005490,POSCO홀딩스,249500,12500,384914,,,,
20250528,005500,삼진제약,17730,180,24502,,,,
20250528,005610,삼립,52600,1100,19635,,,,
20250528,005680,삼영전자,10730,30,18676,,,,
20250528,005690,파미셀,12250,20,1895908,,,,
20250528,005720,넥센,5480,20,183261,,,,
20250528,005725,넥센우,4000,35,4537,,,,
20250528,005740,크라운해태홀딩스,6210,100,33248,,,,
20250528,005745,크라운해태홀딩스우,8100,-20,4547,,,,
20250528,005750,대림바스,4270,-40,10296,,,,
20250528,005800,신영와코루,11790,300,12440,,,,
20250528,005810,풍산홀딩스,31700,-150,57501,,,,
20250528,005820,원림,14550,-80,818,,,,
20250528,005830,DB손해보험,99300,1100,163072,,,,
20250528,005850,에스엘,30550,500,107500,,,,
20250528,005870,휴니드,8810,-160,452688,,,,
20250528,005880,대한해운,1543,18,1102648,,,,
20250528,005930,삼성전자,55900,2000,17516283,,,,
20250528,005935,삼성전자우,45850,1400,1180551,,,,
20250528,005940,NH투자증권,16230,-40,680282,,,,
20250528,005945,NH투자증권우,14620,60,54036,,,,
20250528,005950,이수화학,5370,150,53325,,,,
20250528,005960,동부건설,4935,110,76270,,,,
20250528,005965,동부건설우,20400,0,192,,,,
20250528,006040,동원산업,44650,50,28525,,,,
20250528,006060,화승인더,4445,-45,143155,,,,
20250528,006090,사조오양,8650,150,11121,,,,
20250528,006110,삼아알미늄,19880,1180,88965,,,,
20250528,006120,SK디스커버리,47350,1850,63609,,,,
20250528,006125,SK디스커버리우,38100,600,3924,,,,
20250528,006200,한국전자홀딩스,3440,85,12637,,,,
20250528,006220,제주은행,9320,70,110345,,,,
20250528,006260,LS,154200,6500,658338,,,,
20250528,006280,녹십자,124800,-1200,23070,,,,
20250528,006340,대원전선,2855,-110,1969105,,,,
20250528,006345,대원전선우,3900,-70,24397,,,,
20250528,006360,GS건설,22600,1600,2370831,,,,
20250528,006370,대구백화점,7220,280,108667,,,,
20250528,006380,카프로,3660,0,0,,,,
20250528,006400,삼성SDI,174100,13900,1002912,,,,
20250528,006405,삼성SDI우,102700,4300,11022,,,,
20250528,006490,프리티,7410,715,511438,,,,
20250528,006570,대림통상,2545,-25,16470,,,,
20250528,006650,대한유화,82000,1900,22342,,,,
20250528,006660,삼성공조,14790,-40,104059,,,,
20250528,006740,블루산업개발,2318,7,32170,,,,
20250528,006800,미래에셋증권,13381,39,1160620,,,,
20250528,006805,미래에셋증권우,5755,49,43167,,,,
20250528,00680K,미래에셋증권2우B,5130,166,1751636,,,,
20250528,006840,AK홀딩스,11050,340,22172,,,,
20250528,006880,신송홀딩스,7550,-30,83761,,,,
20250528,006890,태경케미컬,11590,100,18769,,,,
20250528,006980,우성,16510,-490,1919,,,,
20250528,007070,GS리테일,15220,420,391216,,,,
20250528,007110,일신석재,2130,-35,2082283,,,,
20250528,007120,미래아이앤지,1020,14,56925,,,,
20250528,007160,사조산업,47100,-900,27645,,,,
20250528,007210,벽산,2225,-15,61607,,,,
20250528,007280,한국특강,3258,48,1365,,,,
20250528,007310,오뚜기,390500,-2500,4206,,,,
20250528,007340,DN오토모티브,22100,750,165869,,,,
20250528,007460,에이프로젠,670,10,1159060,,,,
20250528,007540,샘표,44450,150,5616,,,,
20250528,007570,일양약품,14275,-112,51711,,,,
20250528,007575,일양약품우,15142,-12,472,,,,
20250528,007590,동방아그로,6150,-10,670,,,,
20250528,007610,선도전기,3000,0,0,,,,
20250528,007660,이수페타시스,40550,-1400,1176163,,,,
20250528,007690,국도화학,32950,-50,6137,,,,
20250528,007700,F&F홀딩스,14420,280,33354,,,,
20250528,007810,코리아써키트,10160,170,41383,,,,
20250528,007815,코리아써우,5480,40,740,,,,
20250528,00781K,코리아써키트2우B,5370,-140,775,,,,
20250528,007860,서연,8530,520,373455,,,,
20250528,007980,TP,1343,7,189499,,,,
20250528,008040,사조동아원,1171,-15,1067686,,,,
20250528,008060,대덕,7840,200,136889,,,,
20250528,00806K,대덕1우,7950,-10,1797,,,,
20250528,008250,이건산업,5520,70,26478,,,,
20250528,008260,NI스틸,3535,5,52984,,,,
20250528,008350,남선알미늄,1229,-9,552828,,,,
20250528,008355,남선알미우,12940,240,707,,,,
20250528,008420,문배철강,2275,15,42815,,,,
20250528,008490,서흥,18840,70,48350,,,,
20250528,008600,윌비스,4829,-186,177972,,,,
20250528,008700,아남전자,1441,25,301302,,,,
20250528,008730,율촌화학,28250,1200,66281,,,,
20250528,008770,호텔신라,48800,-100,364885,,,,
20250528,008775,호텔신라우,42000,-900,11950,,,,
20250528,008870,금비,57300,800,485,,,,
20250528,008930,한미사이언스,34600,250,199654,,,,
20250528,008970,KBI동양철관,2720,58,17662452,,,,
20250528,009070,KCTC,3920,65,43773,,,,
20250528,009140,경인전자,19420,70,311,,,,
20250528,009150,삼성전기,123300,4500,403093,,,,
20250528,009155,삼성전기우,55300,2100,10350,,,,
20250528,009160,SIMPAC,4860,-50,254183,,,,
20250528,009180,한솔로지스틱스,2220,5,62206,,,,
20250528,009190,대양금속,1721,-35,221184,,,,
20250528,009200,무림페이퍼,2115,15,96731,,,,
20250528,009240,한샘,41000,900,25774,,,,
20250528,009270,신원,1740,-19,1500734,,,,
20250528,009290,광동제약,5490,10,18653,,,,
20250528,009310,참엔지니어링,1285,1,23293,,,,
20250528,009320,아진전자부품,1001,-22,285763,,,,
20250528,009410,태영건설,2820,-25,269878,,,,
20250528,009415,태영건설우,5670,-50,4925,,,,
20250528,009420,한올바이오파마,25250,-900,239378,,,,
20250528,009440,KC그린홀딩스,756,0,0,,,,
20250528,009450,경동나비엔,76200,-2100,64657,,,,
20250528,009460,한창제지,3655,45,14678,,,,
20250528,009470,삼화전기,27200,500,32020,,,,
20250528,009540,HD한국조선해양,289500,-6500,294123,,,,
20250528,009580,무림P&P,2795,45,90948,,,,
20250528,009680,모토닉,10300,10,61380,,,,
20250528,009770,삼정펄프,28300,350,6911,,,,
20250528,009810,MDS스피어,3025,10,64844,,,,
20250528,009830,한화솔루션,26788,0,2587632,,,,
20250528,009835,한화솔루션우,21586,361,18198,,,,
20250528,009900,명신산업,8380,320,123840,,,,
20250528,009970,영원무역홀딩스,115700,1200,11938,,,,
20250528,010040,한국내화,2330,-50,12841,,,,
20250528,010060,OCI홀딩스,68100,1700,61085,,,,
20250528,010100,한국무브넥스,4015,95,115200,,,,
20250528,010120,LS ELECTRIC,49700,-2200,1470650,,,,
20250528,010130,고려아연,748000,5000,20546,,,,
20250528,010140,삼성중공업,15670,-680,13597788,,,,
20250528,010400,우진아이엔에스,2805,85,40912,,,,
20250528,010580,에스엠벡셀,1224,1,16438,,,,
20250528,010640,진양폴리,3427,4,25924,,,,
20250528,010660,화천기계,5010,-70,635248,,,,
20250528,010690,화신,7800,140,80407,,,,
20250528,010770,평화홀딩스,7690,-1250,3229774,,,,
20250528,010780,아이에스동서,19510,380,49798,,,,
20250528,010820,퍼스텍,3640,-100,699485,,,,
20250528,010950,S-Oil,56400,-100,306864,,,,
20250528,010955,S-Oil우,37800,900,9022,,,,
20250528,010960,삼호개발,3425,-5,85825,,,,
20250528,011000,진원생명과학,17600,150,224988,,,,
20250528,011070,LG이노텍,147900,9600,188593,,,,
20250528,011090,에넥스,3340,15,73566,,,,
20250528,011150,CJ씨푸드,2940,-5,208154,,,,
20250528,011155,CJ씨푸드1우,17210,-90,245,,,,
20250528,011170,롯데케미칼,59500,1600,135136,,,,
20250528,011200,HMM,21700,-50,1424962,,,,
20250528,011210,현대위아,42500,2200,100484,,,,
20250528,011230,삼화전자,4100,90,29890,,,,
20250528,011280,태림포장,2250,-10,128909,,,,
20250528,011300,우성머티리얼스,4490,-100,46417,,,,
20250528,011330,유니켐,15450,50,22111,,,,
20250528,011390,부산산업,93300,-1300,17492,,,,
20250528,011420,갤럭시아에스엠,2270,45,374192,,,,
20250528,011500,한농화성,14690,740,204852,,,,
20250528,011690,와이투솔루션,3285,120,1592608,,,,
20250528,011700,한신기계,3415,-245,2359493,,,,
20250528,011760,현대코퍼레이션,25300,950,155369,,,,
20250528,011780,금호석유화학,114100,1700,107113,,,,
20250528,011785,금호석유화학우,55400,2000,21277,,,,
20250528,011790,SKC,86380,1410,296711,,,,
20250528,011810,STX,3310,105,66531,,,,
20250528,011930,신성이엔지,14160,290,142381,,,,
20250528,012030,DB,1290,26,582652,,,,
20250528,012160,영흥,2440,30,30958,,,,
20250528,012170,아센디오,4195,-180,68078,,,,
20250528,012200,계양전기,1360,-13,127589,,,,
20250528,012205,계양전기우,3480,-10,2249,,,,
20250528,012280,영화금속,824,-10,70561,,,,
20250528,012320,경동인베스트,54800,800,3472,,,,
20250528,012330,현대모비스,254000,11000,275785,,,,
20250528,012450,한화에어로스페이스,832000,-55000,320783,,,,
20250528,012610,경인양행,3160,50,53496,,,,
20250528,012630,HDC,19510,510,195221,,,,
20250528,012690,모나리자,2800,20,276333,,,,
20250528,012750,에스원,66000,1000,54719,,,,
20250528,012800,대창,1308,-5,336625,,,,
20250528,013000,세우글로벌,1179,17,63894,,,,
20250528,013360,일성건설,2380,105,995314,,,,
20250528,013520,화승코퍼레이션,1955,56,115240,,,,
20250528,013570,디와이,4200,20,69325,,,,
20250528,013580,계룡건설,20050,-600,591001,,,,
20250528,013700,까뮤이앤씨,1103,-5,69397,,,,
20250528,013870,지엠비코리아,3955,-35,28785,,,,
20250528,013890,지누스,16410,-250,125753,,,,
20250528,014130,한익스프레스,3405,5,5641,,,,
20250528,014160,대영포장,1252,-40,5387503,,,,
20250528,014280,금강공업,4510,25,83443,,,,
20250528,014285,금강공업우,6760,60,281,,,,
20250528,014440,영보화학,4345,45,132195,,,,
20250528,014530,극동유화,3430,25,33474,,,,
20250528,014580,태경비케이,4640,25,54259,,,,
20250528,014680,한솔케미칼,123900,3400,72110,,,,
20250528,014710,사조씨푸드,5710,70,101825,,,,
20250528,014790,HL D&I,2475,-15,81280,,,,
20250528,014820,동원시스템즈,30600,1200,46178,,,,
20250528,014825,동원시스템즈우,17200,100,59,,,,
20250528,014830,유니드,87200,-4200,64251,,,,
20250528,014910,성문전자,1205,-10,36116,,,,
20250528,014915,성문전자우,4630,0,379,,,,
20250528,014990,인디에프,4535,-45,39948,,,,
20250528,015020,이스타코,1926,-8,414976,,,,
20250528,015230,대창단조,5570,100,72984,,,,
20250528,015260,에이엔피,422,-12,102480,,,,
20250528,015360,INVENI,10240,40,36920,,,,
20250528,015590,DKME,2575,0,0,,,,
20250528,015760,한국전력,30300,-300,2562656,,,,
20250528,015860,일진홀딩스,4300,85,95914,,,,
20250528,015890,태경산업,5020,20,48065,,,,
20250528,016090,대현,1893,13,29957,,,,
20250528,016360,삼성증권,57100,800,521519,,,,
20250528,016380,KG스틸,5910,180,183671,,,,
20250528,016450,한세예스24홀딩스,3890,65,36996,,,,
20250528,016580,환인제약,11440,170,18144,,,,
20250528,016590,신대양제지,8910,60,29204,,,,
20250528,016610,DB증권,6720,220,153858,,,,
20250528,016710,대성홀딩스,8200,10,26029,,,,
20250528,016740,두올,3220,40,12663,,,,
20250528,016800,퍼시스,43750,0,872,,,,
20250528,016880,웅진,1883,-109,2020070,,,,
20250528,017040,광명전기,1900,120,2297122,,,,
20250528,017180,명문제약,1669,0,18017,,,,
20250528,017370,우신시스템,7310,-60,69256,,,,
20250528,017390,서울가스,56500,100,21161,,,,
20250528,017550,수산세보틱스,1802,19,95409,,,,
20250528,017670,SK텔레콤,51700,-100,1255821,,,,
20250528,017800,현대엘리베이터,75600,-500,119265,,,,
20250528,017810,풀무원,12660,110,48684,,,,
20250528,017860,DS단석,24807,1287,203688,,,,
20250528,017900,광전자,1882,17,41843,,,,
20250528,017940,E1,71800,2100,27825,,,,
20250528,017960,한국카본,21250,-500,445668,,,,
20250528,018250,애경산업,14770,-40,93090,,,,
20250528,018260,삼성에스디에스,132700,-1000,115382,,,,
20250528,018470,조일알미늄,1570,41,826935,,,,
20250528,018500,동원모빌리티,1409,24,355789,,,,
20250528,018670,SK가스,212500,500,6599,,,,
20250528,018880,한온시스템,2849,38,1876836,,,,
20250528,019170,신풍제약,10980,-1210,662037,,,,
20250528,019175,신풍제약우,17100,-2530,41077,,,,
20250528,019180,티에이치엔,2750,30,263769,,,,
20250528,019490,엑시큐어하이트론,837,-87,3386103,,,,
20250528,019680,대교,2375,-10,32442,,,,
20250528,019685,대교우B,1296,4,6203,,,,
20250528,020000,한섬,15590,10,77801,,,,
20250528,020120,키다리스튜디오,3255,85,97375,,,,
20250528,020150,롯데에너지머티리얼즈,22100,2200,221650,,,,
20250528,020560,아시아나항공,9960,-10,56285,,,,
20250528,020760,일진디스플,709,0,42235,,,,
20250528,021050,서원,1204,10,126612,,,,
20250528,021240,코웨이,91000,-600,127724,,,,
20250528,021820,세원정공,8620,50,31701,,,,
20250528,022100,포스코DX,21700,900,459153,,,,
20250528,023000,삼원강재,2450,20,6604,,,,
20250528,023150,MH에탄올,5140,30,2428,,,,
20250528,023350,한국종합기술,5400,-20,27816,,,,
20250528,023450,동남합성,34150,100,1042,,,,
20250528,023530,롯데쇼핑,77100,-200,51229,,,,
20250528,023590,다우기술,24650,0,85259,,,,
20250528,023800,인지컨트롤스,5910,130,15355,,,,
20250528,023810,인팩,5770,80,9190,,,,
20250528,023960,에쓰씨엔지니어링,1246,-8,50490,,,,
20250528,024070,WISCOM,1965,-13,4099,,,,
20250528,024090,디씨엠,12660,50,15325,,,,
20250528,024110,기업은행,15450,-20,994931,,,,
20250528,024720,콜마홀딩스,12300,-280,673314,,,,
20250528,024890,대원화성,4515,35,2967,,,,
20250528,024900,디와이덕양,2615,30,44183,,,,
20250528,025000,KPX케미칼,42683,-283,9688,,,,
20250528,025530,SJM홀딩스,3370,20,5121,,,,
20250528,025540,한국단자,58500,600,29471,,,,
20250528,025560,미래산업,2196,-31,160465,,,,
20250528,025620,차AI헬스케어,7420,-280,39584,,,,
20250528,025750,한솔홈데코,3600,-25,157951,,,,
20250528,025820,이구산업,4295,-35,146140,,,,
20250528,025860,남해화학,7020,-30,77762,,,,
20250528,025890,한국주강,1832,7,1380,,,,
20250528,026890,스틱인베스트먼트,10770,230,123760,,,,
20250528,026940,부국철강,2350,0,84756,,,,
20250528,026960,동서,25350,0,57830,,,,
20250528,027410,BGF,3815,70,181122,,,,
20250528,027740,마니커,1930,-68,960431,,,,
20250528,027970,한국제지,4020,0,7465,,,,
20250528,028050,삼성E&A,21550,-200,1208604,,,,
20250528,028100,동아지질,15750,230,41626,,,,
20250528,028260,삼성물산,151200,700,810347,,,,
20250528,02826K,삼성물산우B,110900,0,20660,,,,
20250528,028670,팬오션,3650,30,1384849,,,,
20250528,029460,케이씨,21850,100,13145,,,,
20250528,029530,신도리코,46700,-400,12436,,,,
20250528,029780,삼성카드,43300,150,81029,,,,
20250528,030000,제일기획,18210,110,143938,,,,
20250528,030190,NICE평가정보,14210,-90,35554,,,,
20250528,030200,KT,50800,-500,341961,,,,
20250528,030210,다올투자증권,3385,125,167579,,,,
20250528,030610,교보증권,7380,90,135322,,,,
20250528,030720,동원수산,5560,60,8983,,,,
20250528,031210,서울보증보험,32600,-600,191973,,,,
20250528,031430,신세계인터내셔날,10780,-130,162817,,,,
20250528,031820,아이티센씨티에스,6190,90,44003,,,,
20250528,032350,롯데관광개발,11700,-90,355503,,,,
20250528,032560,황금에스티,5620,60,30692,,,,
20250528,032640,LG유플러스,12810,-50,944477,,,,
20250528,032830,삼성생명,96500,-500,322995,,,,
20250528,033240,자화전자,11790,410,66248,,,,
20250528,033250,체시스,7455,150,227937,,,,
20250528,033270,유나이티드제약,20350,100,33810,,,,
20250528,033530,SJG세종,4320,65,28587,,,,
20250528,033780,KT&G,122600,-900,309123,,,,
20250528,033920,무학,7840,110,112130,,,,
20250528,034020,두산에너빌리티,39800,-2550,23906372,,,,
20250528,034120,SBS,23400,600,91689,,,,
20250528,034220,LG디스플레이,8390,300,949952,,,,
20250528,034230,파라다이스,13010,-270,349612,,,,
20250528,034310,NICE,11580,110,64925,,,,
20250528,034590,인천도시가스,25150,50,2869,,,,
20250528,034730,SK,156200,16100,714889,,,,
20250528,03473K,SK우,133100,8400,13153,,,,
20250528,034830,한국토지신탁,1134,0,365494,,,,
20250528,035000,HS애드,7130,30,24346,,,,
20250528,035150,백산,14490,-60,41183,,,,
20250528,035250,강원랜드,17120,-10,268785,,,,
20250528,035420,NAVER,187700,3900,727369,,,,
20250528,035510,신세계 I&C,13920,800,622620,,,,
20250528,035720,카카오,41700,750,2787745,,,,
20250528,036420,콘텐트리중앙,11200,540,207578,,,,
20250528,036460,한국가스공사,40500,-700,503009,,,,
20250528,036530,SNT홀딩스,46700,500,82071,,,,
20250528,036570,NC,157300,-300,132706,,,,
20250528,036580,팜스코,2490,-10,94091,,,,
20250528,037270,YG PLUS,6390,470,12774928,,,,
20250528,037560,LG헬로비전,2480,35,222156,,,,
20250528,037710,광주신세계,28050,150,29516,,,,
20250528,039130,하나투어,50400,-100,55862,,,,
20250528,039490,키움증권,150100,1900,97432,,,,
20250528,039570,HDC랩스,9130,0,5601,,,,
20250528,041650,상신브레이크,2975,35,19666,,,,
20250528,042660,한화오션,76500,-2300,2049074,,,,
20250528,042700,한미반도체,84400,2100,753656,,,,
20250528,044380,주연테크,1735,10,23111,,,,
20250528,044450,KSS해운,9700,-80,31448,,,,
20250528,044820,코스맥스비티아이,12880,370,22314,,,,
20250528,047040,대우건설,4190,145,5473118,,,,
20250528,047050,포스코인터내셔널,49450,750,443605,,,,
20250528,047400,유니온머티리얼,1633,33,120796,,,,
20250528,047810,한국항공우주,84000,-5100,1229543,,,,
20250528,049800,우진플라임,2050,15,10150,,,,
20250528,051600,한전KPS,43750,-1400,244153,,,,
20250528,051630,진양화학,2065,15,65288,,,,
20250528,051900,LG생활건강,325500,1000,19303,,,,
20250528,051905,LG생활건강우,128500,4100,6724,,,,
20250528,051910,LG화학,193900,11000,431738,,,,
20250528,051915,LG화학우,97000,5500,67627,,,,
20250528,052690,한전기술,61700,-3500,495905,,,,
20250528,053210,스카이라이프,4600,40,45340,,,,
20250528,053690,한미글로벌,17970,-20,186296,,,,
20250528,055490,테이팩스,13120,400,5705,,,,
20250528,055550,신한지주,56600,100,1164221,,,,
20250528,058430,포스코스틸리온,3730,135,135480,,,,
20250528,058650,세아홀딩스,94600,-100,4114,,,,
20250528,058730,다스코,3025,30,37769,,,,
20250528,058850,KTcs,2915,15,456173,,,,
20250528,058860,KTis,2910,-40,238103,,,,
20250528,060980,HL홀딩스,39300,1100,43294,,,,
20250528,062040,산일전기,65300,-3600,420703,,,,
20250528,063160,종근당바이오,22350,-100,4422,,,,
20250528,064350,현대로템,139300,-1900,1883965,,,,
20250528,064400,LG씨엔에스,50900,-500,293556,,,,
20250528,064960,SNT모티브,28900,-550,77556,,,,
20250528,066570,LG전자,71200,2200,561303,,,,
20250528,066575,LG전자우,35550,1100,39045,,,,
20250528,066970,엘앤에프,56100,8100,1006818,,,,
20250528,067830,세이브존I&C,2530,15,37011,,,,
20250528,068270,셀트리온,143223,368,589072,,,,
20250528,068290,삼성출판사,20350,690,124701,,,,
20250528,069260,TKG휴켐스,16110,70,40262,,,,
20250528,069460,대호에이엘,8870,65,107465,,,,
20250528,069620,대웅제약,140100,-4200,26360,,,,
20250528,069640,한세엠케이,3140,-212,127212,,,,
20250528,069730,DSR제강,3665,85,36568,,,,
20250528,069960,현대백화점,69900,200,64771,,,,
20250528,070960,모나용평,4165,-55,86787,,,,
20250528,071050,한국금융지주,99300,-900,214489,,,,
20250528,071055,한국금융지주우,73700,-500,14734,,,,
20250528,071090,하이스틸,4060,-35,454494,,,,
20250528,071320,지역난방공사,79200,2500,54522,,,,
20250528,071840,롯데하이마트,7820,90,20399,,,,
20250528,071950,코아스,9870,160,26786,,,,
20250528,071970,HD현대마린엔진,39850,-1650,606554,,,,
20250528,072130,유엔젤,5040,-30,98796,,,,
20250528,072710,농심홀딩스,74600,1200,15831,,,,
20250528,073240,금호타이어,4270,105,680487,,,,
20250528,074610,이엔플러스,5110,0,0,,,,
20250528,075180,새론오토모티브,3250,-40,19012,,,,
20250528,075580,세진중공업,11160,-330,1323368,,,,
20250528,077500,유니퀘스트,6560,300,369554,,,,
20250528,077970,STX엔진,23150,-1800,567930,,,,
20250528,078000,텔코웨어,12940,20,33894,,,,
20250528,078520,에이블씨엔씨,7100,-20,35395,,,,
20250528,078930,GS,42450,1650,923396,,,,
20250528,078935,GS우,39200,700,20407,,,,
20250528,079160,CJ CGV,4585,25,102713,,,,
20250528,079430,현대리바트,7770,-90,24117,,,,
20250528,079550,LIG디펜스앤에어로스페이스,428500,-17000,194277,,,,
20250528,079900,전진건설로봇,48150,-250,56557,,,,
20250528,079980,휴비스,2895,5,25231,,,,
20250528,081000,일진다이아,12130,110,7230,,,,
20250528,081660,미스토홀딩스,35750,500,103316,,,,
20250528,082640,동양생명,5450,0,127870,,,,
20250528,082740,한화엔진,27350,-1050,1053130,,,,
20250528,083420,그린케미칼,7840,50,196290,,,,
20250528,084010,대한제강,11169,-40,16537,,,,
20250528,084670,동양고속,7350,-20,1145,,,,
20250528,084680,이월드,1430,6,186300,,,,
20250528,084690,대상홀딩스,9410,160,130049,,,,
20250528,084695,대상홀딩스우,14140,10,13654,,,,
20250528,084870,TBH글로벌,1197,6,32953,,,,
20250528,085310,엔케이,8580,80,13307,,,,
20250528,085620,미래에셋생명,5520,80,20750,,,,
20250528,086280,현대글로비스,112200,700,131659,,,,
20250528,086790,하나금융지주,69900,-200,758122,,,,
20250528,088260,이리츠코크렙,4635,-40,54844,,,,
20250528,088350,한화생명,2875,50,2688819,,,,
20250528,088790,진도,1980,-30,38704,,,,
20250528,088980,맥쿼리인프라,11740,90,726515,,,,
20250528,089470,HDC현대EP,3775,0,39164,,,,
20250528,089590,제주항공,6670,40,119741,,,,
20250528,089860,롯데렌탈,31300,100,25847,,,,
20250528,090080,평화산업,1340,-118,4505675,,,,
20250528,090350,노루페인트,9200,190,190684,,,,
20250528,090355,노루페인트우,14300,40,2032,,,,
20250528,090370,메타랩스,1489,0,45309,,,,
20250528,090430,아모레퍼시픽,135800,-500,252994,,,,
20250528,090435,아모레퍼시픽우,40200,-550,47843,,,,
20250528,090460,비에이치,12310,220,202094,,,,
20250528,091810,트리니티항공,1976,0,519947,,,,
20250528,092200,디아이씨,4685,-70,184877,,,,
20250528,092220,KEC,3725,155,138347,,,,
20250528,092230,KPX홀딩스,66400,400,3163,,,,
20250528,092440,기신정기,2500,10,30173,,,,
20250528,092780,DYP,4455,25,3498,,,,
20250528,092790,넥스틸,15170,-350,562708,,,,
20250528,093050,LF,15920,430,71680,,,,
20250528,093240,형지엘리트,1662,-39,1303695,,,,
20250528,093370,후성,4220,210,431706,,,,
20250528,094280,효성ITX,12070,40,23734,,,,
20250528,094800,맵스리얼티,4345,-25,63292,,,,
20250528,095570,AJ네트웍스,3815,40,297697,,,,
20250528,095720,웅진씽크빅,3380,-22,86243,,,,
20250528,096760,JW홀딩스,3265,45,1995329,,,,
20250528,096770,SK이노베이션,86800,4800,440917,,,,
20250528,096775,SK이노베이션우,58900,2200,3438,,,,
20250528,097230,HJ중공업,7270,-230,1083035,,,,
20250528,097520,엠씨넥스,27500,300,42392,,,,
20250528,097950,CJ제일제당,229500,4500,56164,,,,
20250528,097955,CJ제일제당 우,135900,1900,7408,,,,
20250528,100090,SK오션플랜트,17810,-190,379238,,,,
20250528,100220,비상교육,5630,20,99931,,,,
20250528,100250,진양홀딩스,3016,57,78543,,,,
20250528,100840,SNT에너지,40400,-3100,315558,,,,
20250528,101140,인바이오젠,12120,600,12042,,,,
20250528,101530,해태제과식품,6820,-30,22518,,,,
20250528,102260,동성케미컬,4008,50,80807,,,,
20250528,102460,이연제약,10850,10,9676,,,,
20250528,103140,풍산,62300,-1100,229060,,,,
20250528,103590,일진전기,29050,-1700,768775,,,,
20250528,104700,한국철강,9350,170,108681,,,,
20250528,105560,KB금융,101000,-900,1177541,,,,
20250528,105630,한세실업,10430,30,131055,,,,
20250528,105840,우진,8740,-150,625961,,,,
20250528,107590,미원홀딩스,74500,0,110,,,,
20250528,108320,LX세미콘,60200,1000,21199,,,,
20250528,108670,LX하우시스,30350,950,32014,,,,
20250528,108675,LX하우시스우,18250,80,722,,,,
20250528,109070,주성코퍼레이션,933,-3,178674,,,,
20250528,111110,호전실업,8730,240,110492,,,,
20250528,111380,동인기연,14400,310,34252,,,,
20250528,111770,영원무역,58600,-300,74223,,,,
20250528,112610,씨에스윈드,44550,1700,413847,,,,
20250528,114090,GKL,14160,-30,175414,,,,
20250528,117580,대성에너지,7710,0,34596,,,,
20250528,118000,메타케어,3550,-50,168913,,,,
20250528,119650,KC코트렐,918,0,0,,,,
20250528,120030,조선선재,100200,200,800,,,,
20250528,120110,코오롱인더,33100,1650,216767,,,,
20250528,120115,코오롱인더우,21250,500,16790,,,,
20250528,122900,아이마켓코리아,8040,30,12788,,,,
20250528,123690,한국화장품,6850,40,37784,,,,
20250528,123700,SJM,3200,25,38002,,,,
20250528,123890,한국자산신탁,2370,15,125711,,,,
20250528,126560,현대퓨처넷,3225,10,242520,,,,
20250528,126720,수산인더스트리,26000,-1450,252468,,,,
20250528,128820,대성산업,3515,0,0,,,,
20250528,128940,한미약품,300500,-5500,65864,,,,
20250528,129260,인터지스,2580,50,71323,,,,
20250528,130660,한전산업,11620,-550,444225,,,,
20250528,133820,화인베스틸,900,-40,1541939,,,,
20250528,134380,미원화학,7880,-60,3040,,,,
20250528,134790,시디즈,29200,1400,23794,,,,
20250528,136490,선진,9650,-280,277090,,,,
20250528,137310,에스디바이오센서,11570,-500,505892,,,,
20250528,138040,메리츠금융지주,110200,700,228711,,,,
20250528,138930,BNK금융지주,10620,20,956580,,,,
20250528,139130,iM금융지주,10690,90,739049,,,,
20250528,139480,이마트,87600,100,127083,,,,
20250528,139990,아주스틸,3955,-5,11602,,,,
20250528,143210,핸즈코퍼레이션,1577,7,2869,,,,
20250528,145210,다이나믹디자인,10150,-30,6113,,,,
20250528,145270,케이탑리츠,915,15,136924,,,,
20250528,145720,덴티움,61200,0,23364,,,,
20250528,145990,삼양사,49600,150,10576,,,,
20250528,145995,삼양사우,32450,-50,7356,,,,
20250528,155660,DSR,3840,75,29524,,,,
20250528,161000,애경케미칼,11470,2360,12228344,,,,
20250528,161390,한국타이어앤테크놀로지,38200,650,390149,,,,
20250528,161890,한국콜마,82100,-1800,233056,,,,
20250528,163560,동일고무벨트,7170,50,18083,,,,
20250528,170900,동아에스티,44873,-572,18584,,,,
20250528,175330,JB금융지주,18320,380,729388,,,,
20250528,178920,PI첨단소재,17690,-270,284087,,,,
20250528,180640,한진칼,150500,15500,917132,,,,
20250528,18064K,한진칼우,50500,6400,653069,,,,
20250528,181710,NHN,18990,90,36314,,,,
20250528,183190,아세아시멘트,11480,-80,60970,,,,
20250528,185750,종근당,83100,900,20810,,,,
20250528,192080,더블유게임즈,50600,-200,55098,,,,
20250528,192400,쿠쿠홀딩스,29350,-100,23913,,,,
20250528,192650,드림텍,6060,270,181870,,,,
20250528,192820,코스맥스,202500,-5000,56827,,,,
20250528,194370,제이에스코퍼레이션,11280,-490,1116524,,,,
20250528,195870,해성디에스,18430,320,84610,,,,
20250528,200880,서연이화,11090,300,59683,,,,
20250528,204320,HL만도,34050,850,193296,,,,
20250528,207940,삼성바이오로직스,1512953,2944,26989,,,,
20250528,210540,디와이파워,12380,210,40193,,,,
20250528,210980,SK디앤디,9360,60,38818,,,,
20250528,213500,한솔제지,8560,80,62113,,,,
20250528,214320,이노션,17990,210,62620,,,,
20250528,214330,금호에이치티,18388,408,25542,,,,
20250528,214390,경보제약,5370,40,16152,,,,
20250528,214420,토니모리,8750,-10,227271,,,,
20250528,226320,잇츠한불,12210,-90,14007,,,,
20250528,227840,현대코퍼레이션홀딩스,11720,160,41158,,,,
20250528,229640,LS에코에너지,33350,50,107242,,,,
20250528,234080,JW생명과학,11970,-20,83364,,,,
20250528,241560,두산밥캣,46300,500,196445,,,,
20250528,241590,화승엔터프라이즈,7680,70,79297,,,,
20250528,244920,에이플러스에셋,5700,240,192169,,,,
20250528,248070,솔루엠,15370,-100,215834,,,,
20250528,248170,샘표식품,26000,150,8479,,,,
20250528,249420,일동제약,12330,220,67919,,,,
20250528,251270,넷마블,51600,300,87761,,,,
20250528,259960,크래프톤,383000,2000,130035,,,,
20250528,264900,크라운제과,8410,20,12750,,,,
20250528,26490K,크라운제과우,9510,-10,6127,,,,
20250528,267250,HD현대,97700,10800,1164124,,,,
20250528,267260,HD현대일렉트릭,379500,-13000,262512,,,,
20250528,267270,HD건설기계,68400,0,88975,,,,
20250528,267290,경동도시가스,18920,200,26612,,,,
20250528,267850,아시아나IDT,11700,280,11566,,,,
20250528,268280,미원에스씨,163800,800,680,,,,
20250528,271560,오리온,111200,-500,154856,,,,
20250528,271940,일진하이솔루스,12200,-50,70387,,,,
20250528,271980,제일약품,12810,210,62372,,,,
20250528,272210,한화시스템,45700,-400,4895814,,,,
20250528,272450,진에어,9410,200,151419,,,,
20250528,272550,삼양패키징,13010,20,25608,,,,
20250528,278470,에이피알,115300,-2900,481231,,,,
20250528,280360,롯데웰푸드,114400,3000,16235,,,,
20250528,281820,케이씨텍,25500,700,74926,,,,
20250528,282330,BGF리테일,102000,800,36112,,,,
20250528,284740,쿠쿠홈시스,25750,-850,94781,,,,
20250528,285130,SK케미칼,54400,0,80036,,,,
20250528,28513K,SK케미칼우,24000,250,8331,,,,
20250528,286940,롯데이노베이트,18500,130,9446,,,,
20250528,293480,하나제약,11660,50,13576,,,,
20250528,293940,신한알파리츠,5660,-40,158134,,,,
20250528,294870,IPARK현대산업개발,23550,-250,478193,,,,
20250528,298000,효성화학,77800,0,0,,,,
20250528,298020,효성티앤씨,252000,-3000,15062,,,,
20250528,298040,효성중공업,594000,-15000,76899,,,,
20250528,298050,HS효성첨단소재,199600,-1400,8326,,,,
20250528,298690,에어부산,2210,5,219057,,,,
20250528,300720,한일시멘트,18550,-350,153317,,,,
20250528,302440,SK바이오사이언스,42850,-150,104508,,,,
20250528,306200,세아제강,169600,2100,7664,,,,
20250528,307950,현대오토에버,141900,-2400,53196,,,,
20250528,308170,씨티알모빌리티,5820,10,7307,,,,
20250528,316140,우리금융지주,18340,50,2121395,,,,
20250528,317400,자이에스앤디,3730,190,1244528,,,,
20250528,322000,HD현대에너지솔루션,39250,-350,296453,,,,
20250528,323410,카카오뱅크,23700,150,649542,,,,
20250528,326030,SK바이오팜,90300,-500,137547,,,,
20250528,329180,HD현대중공업,397500,-14500,219723,,,,
20250528,330590,롯데리츠,3690,0,216466,,,,
20250528,334890,이지스밸류플러스리츠,4647,-10,70773,,,,
20250528,336260,두산퓨얼셀,16190,-430,317308,,,,
20250528,33626K,두산퓨얼셀1우,4650,-50,32012,,,,
20250528,33626L,두산퓨얼셀2우B,7890,0,318,,,,
20250528,336370,솔루스첨단소재,7910,630,341918,,,,
20250528,33637K,솔루스첨단소재1우,1673,51,65627,,,,
20250528,33637L,솔루스첨단소재2우B,4105,150,33659,,,,
20250528,338100,NH프라임리츠,4535,-15,91539,,,,
20250528,339770,교촌에프앤비,4870,35,72606,,,,
20250528,344820,KCC글라스,30400,700,27400,,,,
20250528,348950,제이알글로벌리츠,2715,-70,957686,,,,
20250528,350520,이지스레지던스리츠,4230,0,44273,,,,
20250528,352820,하이브,279000,-7500,242432,,,,
20250528,353200,대덕전자,15110,660,524511,,,,
20250528,35320K,대덕전자1우,7510,170,10078,,,,
20250528,357120,코람코라이프인프라리츠,4505,-5,110058,,,,
20250528,357250,미래에셋맵스리츠,2795,0,92340,,,,
20250528,357430,마스턴프리미어리츠,1464,-4,26208,,,,
20250528,361610,SK아이이테크놀로지,21150,1190,232399,,,,
20250528,363280,티와이홀딩스,2605,5,87985,,,,
20250528,36328K,티와이홀딩스우,3895,135,16078,,,,
20250528,365550,ESR켄달스퀘어리츠,4345,0,440428,,,,
20250528,372910,한컴라이프케어,2925,0,75639,,,,
20250528,373220,LG에너지솔루션,289000,16500,395192,,,,
20250528,375500,DL이앤씨,48450,-300,458901,,,,
20250528,37550K,DL이앤씨우,19900,-100,10966,,,,
20250528,37550L,DL이앤씨2우(전환),31400,200,9388,,,,
20250528,377190,디앤디플랫폼리츠,3225,-45,74174,,,,
20250528,377300,카카오페이,38900,2950,1376243,,,,
20250528,377740,바이오노트,4980,-70,126454,,,,
20250528,378850,화승알앤에이,3180,25,32115,,,,
20250528,381970,케이카,15180,20,60381,,,,
20250528,383220,F&F,74600,-2000,90407,,,,
20250528,383800,LX홀딩스,7620,280,360913,,,,
20250528,38380K,LX홀딩스1우,8700,30,2511,,,,
20250528,395400,SK리츠,4800,0,198304,,,,
20250528,396690,미래에셋글로벌리츠,2755,-20,51202,,,,
20250528,400760,NH올원리츠,3620,0,49292,,,,
20250528,402340,SK스퀘어,108200,7700,531474,,,,
20250528,403550,쏘카,13200,80,5134,,,,
20250528,404990,신한서부티엔디리츠,3590,-40,47121,,,,
20250528,415640,KB발해인프라,8020,-70,23844,,,,
20250528,417310,코람코더원리츠,5150,-30,48763,,,,
20250528,432320,KB스타리츠,4000,0,67154,,,,
20250528,443060,HD현대마린솔루션,171700,-2900,250932,,,,
20250528,446070,유니드비티플러스,4050,20,26047,,,,
20250528,448730,삼성FN리츠,4605,-5,44756,,,,
20250528,450080,에코프로머티,45550,4500,1323416,,,,
20250528,451800,한화리츠,3775,-5,126148,,,,
20250528,452260,한화갤러리아,1210,24,1011377,,,,
20250528,45226K,한화갤러리아우,2230,5,1597,,,,
20250528,453340,현대그린푸드,17030,-90,46789,,,,
20250528,454910,두산로보틱스,47700,650,153850,,,,
20250528,456040,OCI,53400,900,30523,,,,
20250528,457190,이수스페셜티케미컬,42350,2400,436723,,,,
20250528,460850,동국씨엠,6340,150,49181,,,,
20250528,460860,동국제강,8920,580,405704,,,,
20250528,462520,조선내화,12920,40,3864,,,,
20250528,462870,시프트업,49100,1000,312014,,,,
20250528,465770,STX그린로지스,8530,60,58428,,,,
20250528,475150,SK이터닉스,19080,160,736484,,,,
20250528,475560,더본코리아,25800,400,49466,,,,
20250528,480370,씨케이솔루션,3766,75,236511,,,,
20250528,481850,신한글로벌액티브리츠,1494,-37,149581,,,,
20250528,483650,달바글로벌,136100,-8200,596602,,,,
20250528,484870,엠앤씨솔루션,42933,-800,179139,,,,
20250528,487570,HS효성,40600,700,7086,,,,
20250528,489790,한화비전,53300,-2300,1188089,,,,
20250528,499790,GS피앤엘,29800,-800,352778,,,,
20250528,900140,엘브이엠씨홀딩스,1832,80,1001777,,,,
20250528,950210,프레스티지바이오파마,13200,-1030,329938,,,,
20250529,000020,동화약품,6480,50,70342,,,,
20250529,000040,KR모터스,2140,-30,58226,,,,
20250529,000050,경방,7450,250,540091,,,,
20250529,000070,삼양홀딩스,50181,4204,274345,,,,
20250529,000080,하이트진로,20400,870,602836,,,,
20250529,000087,하이트진로2우B,15510,110,3471,,,,
20250529,000100,유한양행,105400,900,220165,,,,
20250529,000105,유한양행우,98100,300,3219,,,,
20250529,000120,CJ대한통운,81200,700,62629,,,,
20250529,000140,하이트진로홀딩스,9370,530,154917,,,,
20250529,000145,하이트진로홀딩스우,10870,180,651,,,,
20250529,000150,두산,510000,40500,311026,,,,
20250529,000155,두산우,346000,27500,124885,,,,
20250529,000157,두산2우B,374000,12000,9157,,,,
20250529,000180,성창기업지주,7200,80,28940,,,,
20250529,000210,DL,46100,3300,191302,,,,
20250529,000215,DL우,22650,800,5493,,,,
20250529,000220,유유제약,4630,30,50627,,,,
20250529,000225,유유제약1우,5200,0,7239,,,,
20250529,000227,유유제약2우B,10160,-110,1629,,,,
20250529,000230,일동홀딩스,6820,180,68561,,,,
20250529,000240,한국앤컴퍼니,19890,3130,1703965,,,,
20250529,000270,기아,93200,4200,1583303,,,,
20250529,000300,DH오토넥스,4200,0,0,,,,
20250529,000320,노루홀딩스,18390,770,58937,,,,
20250529,000325,노루홀딩스우,31500,-150,1090,,,,
20250529,000370,한화손해보험,4695,270,634997,,,,
20250529,000390,SP삼화,6070,10,29464,,,,
20250529,000400,롯데손해보험,1622,45,300318,,,,
20250529,000430,대원강업,3725,115,49988,,,,
20250529,000480,CR홀딩스,5360,60,28197,,,,
20250529,000490,대동,10850,300,190551,,,,
20250529,000500,가온전선,40120,-833,266651,,,,
20250529,000520,삼일제약,11090,50,59006,,,,
20250529,000540,흥국화재,4200,315,578317,,,,
20250529,000545,흥국화재우,8000,500,80155,,,,
20250529,000590,CS홀딩스,77500,2000,2329,,,,
20250529,000640,동아쏘시오홀딩스,107707,2816,19333,,,,
20250529,000650,천일고속,40250,-50,164,,,,
20250529,000660,SK하이닉스,212000,4000,3827689,,,,
20250529,000670,영풍,37406,1411,35177,,,,
20250529,000680,LS네트웍스,3555,105,274696,,,,
20250529,000700,유수홀딩스,6100,130,52580,,,,
20250529,000720,현대건설,66900,6100,3653502,,,,
20250529,000725,현대건설우,63300,3700,23715,,,,
20250529,000760,이화산업,11680,390,2407,,,,
20250529,000810,삼성화재,399500,8000,99415,,,,
20250529,000815,삼성화재우,293500,3000,13949,,,,
20250529,000850,화천기공,31450,600,4170,,,,
20250529,000860,강남제비스코,12460,200,59639,,,,
20250529,000880,한화,89315,8283,1171405,,,,
20250529,00088K,한화3우B,30658,2769,470400,,,,
20250529,000890,보해양조,2770,110,353681,,,,
20250529,000910,유니온,4640,75,107905,,,,
20250529,000950,전방,26250,1650,9369,,,,
20250529,000970,한국주철관,7040,10,48409,,,,
20250529,000990,DB하이텍,39500,400,71163,,,,
20250529,001020,페이퍼코리아,3620,-5,3994,,,,
20250529,001040,CJ,139600,4500,341963,,,,
20250529,001045,CJ우,77800,2000,24773,,,,
20250529,00104K,CJ4우(전환),114800,4000,23711,,,,
20250529,001060,JW중외제약,22800,450,74446,,,,
20250529,001065,JW중외제약우,28950,1300,343,,,,
20250529,001067,JW중외제약2우B,61400,400,3,,,,
20250529,001070,대한방직,6250,0,22039,,,,
20250529,001080,만호제강,2730,10,44870,,,,
20250529,001120,LX인터내셔널,28550,1100,286276,,,,
20250529,001130,대한제분,14030,530,54110,,,,
20250529,001200,유진투자증권,3445,490,4896791,,,,
20250529,001210,금호전기,5605,-190,39892,,,,
20250529,001230,동국홀딩스,1777,45,1126535,,,,
20250529,001250,GS글로벌,2610,20,359309,,,,
20250529,001260,남광토건,8740,210,22835,,,,
20250529,001270,부국증권,37300,2300,26447,,,,
20250529,001275,부국증권우,23800,650,9568,,,,
20250529,001290,상상인증권,685,158,16019980,,,,
20250529,001340,PKC,5690,-20,92624,,,,
20250529,001360,삼성제약,1609,-5,248830,,,,
20250529,001380,SG글로벌,3604,104,169107,,,,
20250529,001390,KG케미칼,4375,125,1022913,,,,
20250529,001420,태원물산,4000,-45,4813,,,,
20250529,001430,세아베스틸지주,22250,1050,243047,,,,
20250529,001440,대한전선,12840,260,1393082,,,,
20250529,001450,현대해상,25150,1050,810214,,,,
20250529,001460,BYC,34450,150,1203,,,,
20250529,001465,BYC우,15440,140,1326,,,,
20250529,001470,삼부토건,347,0,0,,,,
20250529,001500,현대차증권,7210,450,1262860,,,,
20250529,001510,SK증권,1165,100,13327324,,,,
20250529,001515,SK증권우,3698,168,12451,,,,
20250529,001520,동양,1162,22,322842,,,,
20250529,001525,동양우,8330,80,1729,,,,
20250529,001527,동양2우B,16520,-280,573,,,,
20250529,001530,DI동일,31572,-428,85270,,,,
20250529,001550,조비,12360,260,25008,,,,
20250529,001560,제일연마,9870,210,12042,,,,
20250529,001570,금양,9900,0,0,,,,
20250529,001620,케이비아이동국실업,2440,25,43755,,,,
20250529,001630,종근당홀딩스,53000,800,4747,,,,
20250529,001680,대상,21700,450,152891,,,,
20250529,001685,대상우,16830,370,11353,,,,
20250529,001720,신영증권,111300,4200,82514,,,,
20250529,001740,SK네트웍스,4170,125,562500,,,,
20250529,001750,한양증권,16140,880,167191,,,,
20250529,001755,한양증권우,15990,680,21748,,,,
20250529,001770,SHD,16680,480,3480,,,,
20250529,001780,알루코,2300,15,233897,,,,
20250529,001790,대한제당,2850,40,765367,,,,
20250529,001795,대한제당우,2350,25,115435,,,,
20250529,001800,오리온홀딩스,19180,620,195503,,,,
20250529,001820,삼화콘덴서,24800,400,28393,,,,
20250529,001940,KISCO홀딩스,24000,1000,38795,,,,
20250529,002020,코오롱,34450,5200,2761870,,,,
20250529,002025,코오롱우,17550,1610,284045,,,,
20250529,002030,아세아,295000,11000,3149,,,,
20250529,002070,비비안,20059,1145,173925,,,,
20250529,002100,경농,9410,120,39734,,,,
20250529,002140,고려산업,2770,25,64266,,,,
20250529,002150,도화엔지니어링,6640,70,28975,,,,
20250529,002170,SYTS,50200,450,2637,,,,
20250529,002200,한국수출포장,2920,20,73731,,,,
20250529,002210,동성제약,2780,0,0,,,,
20250529,002220,한일철강,2010,36,9683,,,,
20250529,002240,고려제강,17540,150,27504,,,,
20250529,002310,아세아제지,7210,60,143155,,,,
20250529,002320,한진,20650,750,60441,,,,
20250529,002350,넥센타이어,6440,250,287256,,,,
20250529,002355,넥센타이어1우B,3095,65,87476,,,,
20250529,002360,SH에너지화학,4420,-20,19638,,,,
20250529,002380,KCC,312000,17500,70162,,,,
20250529,002390,한독,11510,40,10120,,,,
20250529,002410,범양건영,1935,0,0,,,,
20250529,002420,세기상사,5060,50,403,,,,
20250529,002450,삼익악기,1260,30,417974,,,,
20250529,002460,HS화성,10230,70,6323,,,,
20250529,002600,조흥,155200,1000,229,,,,
20250529,002620,제일파마홀딩스,8270,50,9658,,,,
20250529,002630,오리엔트바이오,2576,116,4545039,,,,
20250529,002690,동일제강,1547,42,38658,,,,
20250529,002700,신일전자,1519,10,257402,,,,
20250529,002710,TCC스틸,17530,-200,153683,,,,
20250529,002720,국제약품,4910,105,242660,,,,
20250529,002760,보락,1073,6,49617,,,,
20250529,002780,진흥기업,769,6,179807,,,,
20250529,002785,진흥기업우B,3485,-5,819,,,,
20250529,002787,진흥기업2우B,7580,60,5187,,,,
20250529,002790,아모레퍼시픽홀딩스,25900,250,338908,,,,
20250529,002795,아모레퍼시픽홀딩스우,11150,400,52821,,,,
20250529,00279K,아모레퍼시픽홀딩스3우C,20050,200,11297,,,,
20250529,002810,삼영무역,15050,80,21283,,,,
20250529,002820,SUN&L,2910,-40,7109,,,,
20250529,002840,미원상사,182700,0,2205,,,,
20250529,002870,신풍,1016,14,135621,,,,
20250529,002880,디와이에이,981,9,26603,,,,
20250529,002900,TYM,5340,210,334677,,,,
20250529,002920,유성기업,1961,5,38433,,,,
20250529,002960,한국쉘석유,401500,1500,1133,,,,
20250529,002990,금호건설,3085,120,104431,,,,
20250529,002995,금호건설우,11800,300,3219,,,,
20250529,003000,부광약품,3935,23,269540,,,,
20250529,003010,혜인,5070,20,55760,,,,
20250529,003030,세아제강지주,238500,3500,15833,,,,
20250529,003060,에이프로젠바이오로직스,646,10,187829,,,,
20250529,003070,코오롱글로벌,9040,190,24903,,,,
20250529,003075,코오롱글로벌우,15300,50,3057,,,,
20250529,003080,SB성보,2610,0,23312,,,,
20250529,003090,대웅,25050,5780,803870,,,,
20250529,003120,일성아이에스,19490,620,14484,,,,
20250529,003160,디아이,16040,170,831610,,,,
20250529,003200,일신방직,9970,520,90480,,,,
20250529,003220,대원제약,13770,110,31044,,,,
20250529,003230,삼양식품,1101000,-5000,45325,,,,
20250529,003240,태광산업,918000,50000,4796,,,,
20250529,003280,흥아해운,1579,19,641246,,,,
20250529,003300,한일홀딩스,16910,660,37988,,,,
20250529,003350,한국화장품제조,10040,110,154045,,,,
20250529,003460,유화증권,2605,85,188980,,,,
20250529,003465,유화증권우,2495,45,2366,,,,
20250529,003470,유안타증권,3415,255,2269628,,,,
20250529,003475,유안타증권우,3380,205,88384,,,,
20250529,003480,한진중공업홀딩스,5440,200,155021,,,,
20250529,003490,대한항공,22900,200,1302732,,,,
20250529,003495,대한항공우,23100,-200,8509,,,,
20250529,003520,영진약품,2225,25,369032,,,,
20250529,003530,한화투자증권,4520,350,5289330,,,,
20250529,003535,한화투자증권우,6630,330,21672,,,,
20250529,003540,대신증권,22550,1950,403303,,,,
20250529,003545,대신증권우,19020,960,215366,,,,
20250529,003547,대신증권2우B,17800,770,133984,,,,
20250529,003550,LG,74400,4800,883451,,,,
20250529,003555,LG우,59800,1900,31995,,,,
20250529,003570,SNT다이내믹스,42150,1850,130177,,,,
20250529,003580,HLB글로벌,3020,20,60721,,,,
20250529,003610,방림,4160,40,59345,,,,
20250529,003620,KG모빌리티,3500,80,324134,,,,
20250529,003650,미창석유,102700,1800,1210,,,,
20250529,003670,포스코퓨처엠,109920,-678,462017,,,,
20250529,003680,한성기업,5160,70,15221,,,,
20250529,003690,코리안리,9400,50,255934,,,,
20250529,003720,삼영,4060,5,90000,,,,
20250529,003780,진양산업,5880,40,105056,,,,
20250529,003830,대한화섬,125600,2000,2213,,,,
20250529,003850,보령,8730,180,124531,,,,
20250529,003920,남양유업,75900,-300,6840,,,,
20250529,003925,남양유업우,45700,-600,8337,,,,
20250529,003960,사조대림,42050,2600,275131,,,,
20250529,004000,롯데정밀화학,37600,300,45383,,,,
20250529,004020,현대제철,28400,450,500488,,,,
20250529,004060,SG세계물산,3340,60,58059,,,,
20250529,004080,신흥,14600,-10,764,,,,
20250529,004090,한국석유,12150,-110,52711,,,,
20250529,004100,태양금속,2810,100,748838,,,,
20250529,004105,태양금속우,3960,120,83753,,,,
20250529,004140,동방,2390,45,382117,,,,
20250529,004150,한솔홀딩스,2785,175,741420,,,,
20250529,004170,신세계,177400,1200,32627,,,,
20250529,004250,NPC,4460,130,49035,,,,
20250529,004255,NPC우,2395,50,38050,,,,
20250529,004270,남성,8395,-32,3814,,,,
20250529,004310,현대약품,3480,20,153309,,,,
20250529,004360,세방,13900,560,128336,,,,
20250529,004365,세방우,9250,220,37538,,,,
20250529,004370,농심,420000,4000,18190,,,,
20250529,004380,삼익THK,13000,0,0,,,,
20250529,004410,서울식품,1570,0,91732,,,,
20250529,004415,서울식품우,12630,50,154,,,,
20250529,004430,송원산업,11950,110,22259,,,,
20250529,004440,삼일씨엔에스,4390,80,22144,,,,
20250529,004450,삼화왕관,37050,700,1746,,,,
20250529,004490,세방전지,69600,2200,48016,,,,
20250529,004540,깨끗한나라,2190,35,79637,,,,
20250529,004545,깨끗한나라우,11990,180,272,,,,
20250529,004560,현대비앤지스틸,12120,40,20683,,,,
20250529,004690,삼천리,129400,7500,61600,,,,
20250529,004700,조광피혁,58300,300,6645,,,,
20250529,004710,한솔테크닉스,4955,84,67838,,,,
20250529,004720,팜젠사이언스,4275,125,91633,,,,
20250529,004770,써니전자,1689,24,363464,,,,
20250529,004800,효성,66800,6800,250240,,,,
20250529,004830,덕성,5810,20,44334,,,,
20250529,004835,덕성우,7680,10,4942,,,,
20250529,004840,DRB동일,4490,195,64313,,,,
20250529,004870,티웨이홀딩스,2925,14,33050,,,,
20250529,004890,동일산업,43900,800,2590,,,,
20250529,004910,조광페인트,5510,100,13699,,,,
20250529,004920,씨아이테크,1130,-3,172600,,,,
20250529,004960,한신공영,8350,40,45159,,,,
20250529,004970,신라교역,9560,230,31382,,,,
20250529,004980,성신양회,8810,170,111896,,,,
20250529,004985,성신양회우,11900,160,31535,,,,
20250529,004990,롯데지주,30450,3200,1373489,,,,
20250529,00499K,롯데지주우,37200,8550,68775,,,,
20250529,005010,휴스틸,4950,55,590049,,,,
20250529,005030,부산주공,486,0,0,,,,
20250529,005070,코스모신소재,32300,50,276113,,,,
20250529,005090,SGC에너지,24200,500,29269,,,,
20250529,005110,한창,1254,0,0,,,,
20250529,005180,빙그레,89000,900,34701,,,,
20250529,005250,녹십자홀딩스,14680,610,130614,,,,
20250529,005257,녹십자홀딩스2우,21300,450,3506,,,,
20250529,005300,롯데칠성,106500,2800,24189,,,,
20250529,005305,롯데칠성우,66500,1000,1610,,,,
20250529,005320,온타이드,1012,-38,105416,,,,
20250529,005360,모나미,2060,20,24432,,,,
20250529,005380,현대차,191000,5100,1093538,,,,
20250529,005385,현대차우,149800,2100,83232,,,,
20250529,005387,현대차2우B,151200,2100,127474,,,,
20250529,005389,현대차3우B,149800,1700,9705,,,,
20250529,005420,코스모화학,13880,200,201622,,,,
20250529,005430,한국공항,53800,500,9117,,,,
20250529,005440,현대지에프홀딩스,7380,100,504403,,,,
20250529,005490,POSCO홀딩스,254500,5000,326031,,,,
20250529,005500,삼진제약,17970,240,27611,,,,
20250529,005610,삼립,53000,400,22103,,,,
20250529,005680,삼영전자,11050,320,39691,,,,
20250529,005690,파미셀,12150,-100,736164,,,,
20250529,005720,넥센,5690,210,96202,,,,
20250529,005725,넥센우,3960,-40,6718,,,,
20250529,005740,크라운해태홀딩스,7450,1240,3791331,,,,
20250529,005745,크라운해태홀딩스우,8780,680,14380,,,,
20250529,005750,대림바스,4285,15,12238,,,,
20250529,005800,신영와코루,12150,360,24305,,,,
20250529,005810,풍산홀딩스,32500,800,43870,,,,
20250529,005820,원림,14690,140,1573,,,,
20250529,005830,DB손해보험,101600,2300,205625,,,,
20250529,005850,에스엘,31850,1300,149233,,,,
20250529,005870,휴니드,8610,-200,262659,,,,
20250529,005880,대한해운,1575,32,1651745,,,,
20250529,005930,삼성전자,56100,200,12936810,,,,
20250529,005935,삼성전자우,46150,300,672615,,,,
20250529,005940,NH투자증권,17450,1220,1734558,,,,
20250529,005945,NH투자증권우,15340,720,129950,,,,
20250529,005950,이수화학,5380,10,28510,,,,
20250529,005960,동부건설,5050,115,102490,,,,
20250529,005965,동부건설우,20250,-150,999,,,,
20250529,006040,동원산업,47100,2450,107611,,,,
20250529,006060,화승인더,4815,370,265892,,,,
20250529,006090,사조오양,8910,260,20995,,,,
20250529,006110,삼아알미늄,19610,-270,53120,,,,
20250529,006120,SK디스커버리,48500,1150,56146,,,,
20250529,006125,SK디스커버리우,39150,1050,6373,,,,
20250529,006200,한국전자홀딩스,3525,85,13653,,,,
20250529,006220,제주은행,9550,230,333339,,,,
20250529,006260,LS,161200,7000,432192,,,,
20250529,006280,녹십자,125300,500,24282,,,,
20250529,006340,대원전선,2915,60,1639889,,,,
20250529,006345,대원전선우,3955,55,29730,,,,
20250529,006360,GS건설,23250,650,1123278,,,,
20250529,006370,대구백화점,7230,10,41655,,,,
20250529,006380,카프로,3660,0,0,,,,
20250529,006400,삼성SDI,174400,300,557915,,,,
20250529,006405,삼성SDI우,103500,800,5918,,,,
20250529,006490,프리티,7145,-265,185898,,,,
20250529,006570,대림통상,2550,5,13839,,,,
20250529,006650,대한유화,82800,800,11812,,,,
20250529,006660,삼성공조,14680,-110,123161,,,,
20250529,006740,블루산업개발,2341,23,51470,,,,
20250529,006800,미래에셋증권,16488,3107,13032404,,,,
20250529,006805,미래에셋증권우,6455,700,911777,,,,
20250529,00680K,미래에셋증권2우B,5863,733,6498904,,,,
20250529,006840,AK홀딩스,11870,820,42316,,,,
20250529,006880,신송홀딩스,7700,150,116735,,,,
20250529,006890,태경케미컬,11690,100,11765,,,,
20250529,006980,우성,17000,490,2041,,,,
20250529,007070,GS리테일,15230,10,183621,,,,
20250529,007110,일신석재,2100,-30,2221627,,,,
20250529,007120,미래아이앤지,1055,35,80020,,,,
20250529,007160,사조산업,49500,2400,40806,,,,
20250529,007210,벽산,2220,-5,52562,,,,
20250529,007280,한국특강,3210,-48,5478,,,,
20250529,007310,오뚜기,395000,4500,4293,,,,
20250529,007340,DN오토모티브,22300,200,92143,,,,
20250529,007460,에이프로젠,675,5,1380022,,,,
20250529,007540,샘표,45500,1050,13627,,,,
20250529,007570,일양약품,14454,179,44888,,,,
20250529,007575,일양약품우,15260,118,358,,,,
20250529,007590,동방아그로,6150,0,9244,,,,
20250529,007610,선도전기,3000,0,0,,,,
20250529,007660,이수페타시스,41150,600,1233770,,,,
20250529,007690,국도화학,33350,400,14333,,,,
20250529,007700,F&F홀딩스,15300,880,71092,,,,
20250529,007810,코리아써키트,10220,60,19645,,,,
20250529,007815,코리아써우,5550,70,448,,,,
20250529,00781K,코리아써키트2우B,5330,-40,318,,,,
20250529,007860,서연,10070,1540,4683178,,,,
20250529,007980,TP,1378,35,184376,,,,
20250529,008040,사조동아원,1177,6,879529,,,,
20250529,008060,대덕,7880,40,109987,,,,
20250529,00806K,대덕1우,8070,120,5672,,,,
20250529,008250,이건산업,5540,20,11205,,,,
20250529,008260,NI스틸,3565,30,50539,,,,
20250529,008350,남선알미늄,1234,5,498604,,,,
20250529,008355,남선알미우,12820,-120,1152,,,,
20250529,008420,문배철강,2315,40,69296,,,,
20250529,008490,서흥,19000,160,35594,,,,
20250529,008600,윌비스,4922,93,137778,,,,
20250529,008700,아남전자,1463,22,236971,,,,
20250529,008730,율촌화학,29100,850,56465,,,,
20250529,008770,호텔신라,48000,-800,274710,,,,
20250529,008775,호텔신라우,45300,3300,35992,,,,
20250529,008870,금비,57300,0,1121,,,,
20250529,008930,한미사이언스,35300,700,273422,,,,
20250529,008970,KBI동양철관,2705,-15,6921201,,,,
20250529,009070,KCTC,3990,70,65118,,,,
20250529,009140,경인전자,19560,140,1512,,,,
20250529,009150,삼성전기,124000,700,209243,,,,
20250529,009155,삼성전기우,56000,700,10431,,,,
20250529,009160,SIMPAC,4945,85,173955,,,,
20250529,009180,한솔로지스틱스,2260,40,56808,,,,
20250529,009190,대양금속,1750,29,228785,,,,
20250529,009200,무림페이퍼,2155,40,208577,,,,
20250529,009240,한샘,42450,1450,33913,,,,
20250529,009270,신원,1760,20,1240226,,,,
20250529,009290,광동제약,5550,60,54470,,,,
20250529,009310,참엔지니어링,1282,-3,13531,,,,
20250529,009320,아진전자부품,1001,0,100951,,,,
20250529,009410,태영건설,2865,45,243056,,,,
20250529,009415,태영건설우,5700,30,3579,,,,
20250529,009420,한올바이오파마,25700,450,180969,,,,
20250529,009440,KC그린홀딩스,756,0,0,,,,
20250529,009450,경동나비엔,76400,200,44687,,,,
20250529,009460,한창제지,3720,65,31503,,,,
20250529,009470,삼화전기,27350,150,20740,,,,
20250529,009540,HD한국조선해양,310500,21000,478576,,,,
20250529,009580,무림P&P,2860,65,86297,,,,
20250529,009680,모토닉,10400,100,40370,,,,
20250529,009770,삼정펄프,28750,450,6439,,,,
20250529,009810,MDS스피어,3926,901,2506937,,,,
20250529,009830,한화솔루션,27637,849,3873329,,,,
20250529,009835,한화솔루션우,22534,948,42579,,,,
20250529,009900,명신산업,8530,150,105193,,,,
20250529,009970,영원무역홀딩스,122700,7000,25101,,,,
20250529,010040,한국내화,2380,50,13237,,,,
20250529,010060,OCI홀딩스,70200,2100,97489,,,,
20250529,010100,한국무브넥스,4450,435,3188020,,,,
20250529,010120,LS ELECTRIC,51000,1300,1207245,,,,
20250529,010130,고려아연,750000,2000,14172,,,,
20250529,010140,삼성중공업,16140,470,9267571,,,,
20250529,010400,우진아이엔에스,2820,15,2316,,,,
20250529,010580,에스엠벡셀,1223,-1,33728,,,,
20250529,010640,진양폴리,3452,25,26515,,,,
20250529,010660,화천기계,5050,40,431873,,,,
20250529,010690,화신,8330,530,426733,,,,
20250529,010770,평화홀딩스,6570,-1120,4506786,,,,
20250529,010780,아이에스동서,21350,1840,156698,,,,
20250529,010820,퍼스텍,3660,20,299452,,,,
20250529,010950,S-Oil,55900,-500,220822,,,,
20250529,010955,S-Oil우,37650,-150,7037,,,,
20250529,010960,삼호개발,3470,45,91365,,,,
20250529,011000,진원생명과학,18625,1025,332970,,,,
20250529,011070,LG이노텍,149400,1500,104165,,,,
20250529,011090,에넥스,3345,5,71569,,,,
20250529,011150,CJ씨푸드,2935,-5,214117,,,,
20250529,011155,CJ씨푸드1우,17240,30,88,,,,
20250529,011170,롯데케미칼,59700,200,142692,,,,
20250529,011200,HMM,21800,100,1399538,,,,
20250529,011210,현대위아,43700,1200,85046,,,,
20250529,011230,삼화전자,3965,-135,50646,,,,
20250529,011280,태림포장,2245,-5,86808,,,,
20250529,011300,우성머티리얼스,4490,0,48834,,,,
20250529,011330,유니켐,15990,540,29595,,,,
20250529,011390,부산산업,96600,3300,9329,,,,
20250529,011420,갤럭시아에스엠,2315,45,351953,,,,
20250529,011500,한농화성,14550,-140,80478,,,,
20250529,011690,와이투솔루션,3235,-50,448497,,,,
20250529,011700,한신기계,3335,-80,1109194,,,,
20250529,011760,현대코퍼레이션,26750,1450,218712,,,,
20250529,011780,금호석유화학,115200,1100,72881,,,,
20250529,011785,금호석유화학우,56000,600,17466,,,,
20250529,011790,SKC,86662,282,237209,,,,
20250529,011810,STX,3310,0,42867,,,,
20250529,011930,신성이엔지,14110,-50,127149,,,,
20250529,012030,DB,1398,108,1726340,,,,
20250529,012160,영흥,2490,50,72829,,,,
20250529,012170,아센디오,4190,-5,36509,,,,
20250529,012200,계양전기,1359,-1,53871,,,,
20250529,012205,계양전기우,3475,-5,155,,,,
20250529,012280,영화금속,828,4,29049,,,,
20250529,012320,경동인베스트,58000,3200,11425,,,,
20250529,012330,현대모비스,263000,9000,299714,,,,
20250529,012450,한화에어로스페이스,857000,25000,234459,,,,
20250529,012610,경인양행,3170,10,49411,,,,
20250529,012630,HDC,19800,290,143789,,,,
20250529,012690,모나리자,2825,25,68128,,,,
20250529,012750,에스원,66500,500,36519,,,,
20250529,012800,대창,1308,0,293400,,,,
20250529,013000,세우글로벌,1185,6,48770,,,,
20250529,013360,일성건설,2435,55,1276277,,,,
20250529,013520,화승코퍼레이션,1972,17,45487,,,,
20250529,013570,디와이,4335,135,132922,,,,
20250529,013580,계룡건설,21000,950,713777,,,,
20250529,013700,까뮤이앤씨,1117,14,46958,,,,
20250529,013870,지엠비코리아,3965,10,38036,,,,
20250529,013890,지누스,17500,1090,258711,,,,
20250529,014130,한익스프레스,3405,0,7470,,,,
20250529,014160,대영포장,1213,-39,4612129,,,,
20250529,014280,금강공업,4570,60,29517,,,,
20250529,014285,금강공업우,6750,-10,53,,,,
20250529,014440,영보화학,4445,100,111818,,,,
20250529,014530,극동유화,3475,45,122070,,,,
20250529,014580,태경비케이,4645,5,69573,,,,
20250529,014680,한솔케미칼,124200,300,58554,,,,
20250529,014710,사조씨푸드,5850,140,108955,,,,
20250529,014790,HL D&I,2560,85,121229,,,,
20250529,014820,동원시스템즈,30500,-100,29724,,,,
20250529,014825,동원시스템즈우,17190,-10,384,,,,
20250529,014830,유니드,87600,400,36084,,,,
20250529,014910,성문전자,1215,10,42828,,,,
20250529,014915,성문전자우,4660,30,1,,,,
20250529,014990,인디에프,4565,30,30944,,,,
20250529,015020,이스타코,2210,284,3227006,,,,
20250529,015230,대창단조,5690,120,71189,,,,
20250529,015260,에이엔피,412,-10,127882,,,,
20250529,015360,INVENI,10460,220,34870,,,,
20250529,015590,DKME,2575,0,0,,,,
20250529,015760,한국전력,29550,-750,3590292,,,,
20250529,015860,일진홀딩스,4450,150,190161,,,,
20250529,015890,태경산업,5130,110,70040,,,,
20250529,016090,대현,1924,31,51800,,,,
20250529,016360,삼성증권,60300,3200,874422,,,,
20250529,016380,KG스틸,6050,140,124907,,,,
20250529,016450,한세예스24홀딩스,4180,290,233142,,,,
20250529,016580,환인제약,11700,260,28846,,,,
20250529,016590,신대양제지,9360,450,81234,,,,
20250529,016610,DB증권,7400,680,385570,,,,
20250529,016710,대성홀딩스,8390,190,78555,,,,
20250529,016740,두올,3230,10,43267,,,,
20250529,016800,퍼시스,43750,0,570,,,,
20250529,016880,웅진,1936,53,907271,,,,
20250529,017040,광명전기,2170,270,9934426,,,,
20250529,017180,명문제약,1674,5,41988,,,,
20250529,017370,우신시스템,7200,-110,82932,,,,
20250529,017390,서울가스,57600,1100,23710,,,,
20250529,017550,수산세보틱스,1827,25,97280,,,,
20250529,017670,SK텔레콤,51300,-400,987116,,,,
20250529,017800,현대엘리베이터,75000,-600,290941,,,,
20250529,017810,풀무원,12650,-10,147318,,,,
20250529,017860,DS단석,24659,-148,86611,,,,
20250529,017900,광전자,1890,8,27035,,,,
20250529,017940,E1,74000,2200,31297,,,,
20250529,017960,한국카본,22000,750,618328,,,,
20250529,018250,애경산업,14740,-30,49568,,,,
20250529,018260,삼성에스디에스,132900,200,110020,,,,
20250529,018470,조일알미늄,1553,-17,535512,,,,
20250529,018500,동원모빌리티,1440,31,277623,,,,
20250529,018670,SK가스,213500,1000,10178,,,,
20250529,018880,한온시스템,2955,106,1033830,,,,
20250529,019170,신풍제약,11990,1010,830365,,,,
20250529,019175,신풍제약우,22200,5100,52901,,,,
20250529,019180,티에이치엔,2795,45,244420,,,,
20250529,019490,엑시큐어하이트론,792,-45,1766334,,,,
20250529,019680,대교,2330,-45,42183,,,,
20250529,019685,대교우B,1292,-4,29647,,,,
20250529,020000,한섬,16100,510,172645,,,,
20250529,020120,키다리스튜디오,3400,145,123670,,,,
20250529,020150,롯데에너지머티리얼즈,22350,250,71096,,,,
20250529,020560,아시아나항공,9980,20,54204,,,,
20250529,020760,일진디스플,708,-1,81287,,,,
20250529,021050,서원,1208,4,177790,,,,
20250529,021240,코웨이,91000,0,171192,,,,
20250529,021820,세원정공,8870,250,41313,,,,
20250529,022100,포스코DX,21800,100,340348,,,,
20250529,023000,삼원강재,2480,30,7643,,,,
20250529,023150,MH에탄올,5200,60,7376,,,,
20250529,023350,한국종합기술,5530,130,45361,,,,
20250529,023450,동남합성,34250,100,1663,,,,
20250529,023530,롯데쇼핑,78700,1600,68430,,,,
20250529,023590,다우기술,27100,2450,459743,,,,
20250529,023800,인지컨트롤스,6020,110,18220,,,,
20250529,023810,인팩,5860,90,8841,,,,
20250529,023960,에쓰씨엔지니어링,1258,12,193231,,,,
20250529,024070,WISCOM,1969,4,3858,,,,
20250529,024090,디씨엠,12790,130,19683,,,,
20250529,024110,기업은행,15640,190,1466105,,,,
20250529,024720,콜마홀딩스,12440,140,609759,,,,
20250529,024890,대원화성,4490,-25,4445,,,,
20250529,024900,디와이덕양,2680,65,74319,,,,
20250529,025000,KPX케미칼,43579,896,10017,,,,
20250529,025530,SJM홀딩스,3600,230,122293,,,,
20250529,025540,한국단자,63500,5000,160525,,,,
20250529,025560,미래산업,2223,27,71070,,,,
20250529,025620,차AI헬스케어,7230,-190,58969,,,,
20250529,025750,한솔홈데코,3610,10,240521,,,,
20250529,025820,이구산업,4285,-10,120249,,,,
20250529,025860,남해화학,7170,150,118666,,,,
20250529,025890,한국주강,1847,15,5917,,,,
20250529,026890,스틱인베스트먼트,10680,-90,84840,,,,
20250529,026940,부국철강,2385,35,76351,,,,
20250529,026960,동서,25750,400,57787,,,,
20250529,027410,BGF,4025,210,560669,,,,
20250529,027740,마니커,1938,8,497180,,,,
20250529,027970,한국제지,4030,10,7968,,,,
20250529,028050,삼성E&A,21850,300,736050,,,,
20250529,028100,동아지질,16080,330,38523,,,,
20250529,028260,삼성물산,154500,3300,657516,,,,
20250529,02826K,삼성물산우B,114400,3500,13942,,,,
20250529,028670,팬오션,3695,45,1559349,,,,
20250529,029460,케이씨,22050,200,23382,,,,
20250529,029530,신도리코,47650,950,22654,,,,
20250529,029780,삼성카드,43900,600,87366,,,,
20250529,030000,제일기획,18230,20,169513,,,,
20250529,030190,NICE평가정보,14300,90,41636,,,,
20250529,030200,KT,51000,200,283642,,,,
20250529,030210,다올투자증권,3620,235,943377,,,,
20250529,030610,교보증권,7940,560,382299,,,,
20250529,030720,동원수산,5590,30,5904,,,,
20250529,031210,서울보증보험,34250,1650,220434,,,,
20250529,031430,신세계인터내셔날,10670,-110,182157,,,,
20250529,031820,아이티센씨티에스,6240,50,18242,,,,
20250529,032350,롯데관광개발,11800,100,459413,,,,
20250529,032560,황금에스티,5770,150,32860,,,,
20250529,032640,LG유플러스,12870,60,989334,,,,
20250529,032830,삼성생명,99400,2900,469309,,,,
20250529,033240,자화전자,12180,390,64020,,,,
20250529,033250,체시스,7085,-370,133138,,,,
20250529,033270,유나이티드제약,21000,650,143409,,,,
20250529,033530,SJG세종,4460,140,64574,,,,
20250529,033780,KT&G,121000,-1600,314033,,,,
20250529,033920,무학,7960,120,97455,,,,
20250529,034020,두산에너빌리티,42200,2400,14449764,,,,
20250529,034120,SBS,24450,1050,400789,,,,
20250529,034220,LG디스플레이,8500,110,613388,,,,
20250529,034230,파라다이스,12640,-370,745445,,,,
20250529,034310,NICE,12210,630,140312,,,,
20250529,034590,인천도시가스,25350,200,2623,,,,
20250529,034730,SK,169500,13300,1016654,,,,
20250529,03473K,SK우,139500,6400,12759,,,,
20250529,034830,한국토지신탁,1167,33,773897,,,,
20250529,035000,HS애드,7180,50,28730,,,,
20250529,035150,백산,14790,300,53222,,,,
20250529,035250,강원랜드,17170,50,284025,,,,
20250529,035420,NAVER,189300,1600,649059,,,,
20250529,035510,신세계 I&C,13400,-520,163962,,,,
20250529,035720,카카오,44000,2300,4644875,,,,
20250529,036420,콘텐트리중앙,11310,110,96891,,,,
20250529,036460,한국가스공사,40200,-300,399599,,,,
20250529,036530,SNT홀딩스,50800,4100,56685,,,,
20250529,036570,NC,158900,1600,127102,,,,
20250529,036580,팜스코,2525,35,74552,,,,
20250529,037270,YG PLUS,6370,-20,1861587,,,,
20250529,037560,LG헬로비전,2510,30,125722,,,,
20250529,037710,광주신세계,28300,250,42109,,,,
20250529,039130,하나투어,50700,300,49292,,,,
20250529,039490,키움증권,160400,10300,289663,,,,
20250529,039570,HDC랩스,9130,0,34664,,,,
20250529,041650,상신브레이크,2975,0,34818,,,,
20250529,042660,한화오션,78100,1600,1439566,,,,
20250529,042700,한미반도체,83300,-1100,1044115,,,,
20250529,044380,주연테크,1720,-15,18890,,,,
20250529,044450,KSS해운,9980,280,205749,,,,
20250529,044820,코스맥스비티아이,13810,930,41573,,,,
20250529,047040,대우건설,4260,70,2145625,,,,
20250529,047050,포스코인터내셔널,49950,500,384987,,,,
20250529,047400,유니온머티리얼,1676,43,154264,,,,
20250529,047810,한국항공우주,84200,200,713120,,,,
20250529,049800,우진플라임,2115,65,4995,,,,
20250529,051600,한전KPS,43600,-150,252843,,,,
20250529,051630,진양화학,2095,30,92615,,,,
20250529,051900,LG생활건강,327500,2000,50208,,,,
20250529,051905,LG생활건강우,131700,3200,11526,,,,
20250529,051910,LG화학,199300,5400,413246,,,,
20250529,051915,LG화학우,98900,1900,57409,,,,
20250529,052690,한전기술,63000,1300,275319,,,,
20250529,053210,스카이라이프,4645,45,42837,,,,
20250529,053690,한미글로벌,17790,-180,57038,,,,
20250529,055490,테이팩스,13390,270,8426,,,,
20250529,055550,신한지주,57500,900,977099,,,,
20250529,058430,포스코스틸리온,3745,15,110330,,,,
20250529,058650,세아홀딩스,99600,5000,3246,,,,
20250529,058730,다스코,2995,-30,37889,,,,
20250529,058850,KTcs,2895,-20,238710,,,,
20250529,058860,KTis,2925,15,156009,,,,
20250529,060980,HL홀딩스,40050,750,46964,,,,
20250529,062040,산일전기,66900,1600,378270,,,,
20250529,063160,종근당바이오,22600,250,5536,,,,
20250529,064350,현대로템,145400,6100,1231340,,,,
20250529,064400,LG씨엔에스,50900,0,252356,,,,
20250529,064960,SNT모티브,29650,750,50989,,,,
20250529,066570,LG전자,72200,1000,371386,,,,
20250529,066575,LG전자우,36200,650,31127,,,,
20250529,066970,엘앤에프,56900,800,570532,,,,
20250529,067830,세이브존I&C,2540,10,39018,,,,
20250529,068270,셀트리온,145701,2478,504980,,,,
20250529,068290,삼성출판사,19700,-650,662896,,,,
20250529,069260,TKG휴켐스,16300,190,41515,,,,
20250529,069460,대호에이엘,8865,-5,148187,,,,
20250529,069620,대웅제약,144900,4800,46754,,,,
20250529,069640,한세엠케이,3206,66,42535,,,,
20250529,069730,DSR제강,3675,10,24713,,,,
20250529,069960,현대백화점,71400,1500,72637,,,,
20250529,070960,모나용평,4215,50,52201,,,,
20250529,071050,한국금융지주,108300,9000,519339,,,,
20250529,071055,한국금융지주우,78600,4900,73227,,,,
20250529,071090,하이스틸,4265,205,5186066,,,,
20250529,071320,지역난방공사,78300,-900,31728,,,,
20250529,071840,롯데하이마트,7900,80,54198,,,,
20250529,071950,코아스,9620,-250,14226,,,,
20250529,071970,HD현대마린엔진,41950,2100,1070404,,,,
20250529,072130,유엔젤,5060,20,86779,,,,
20250529,072710,농심홀딩스,78500,3900,33092,,,,
20250529,073240,금호타이어,4430,160,534644,,,,
20250529,074610,이엔플러스,5110,0,0,,,,
20250529,075180,새론오토모티브,3300,50,10841,,,,
20250529,075580,세진중공업,11060,-100,904989,,,,
20250529,077500,유니퀘스트,6650,90,142899,,,,
20250529,077970,STX엔진,23000,-150,230388,,,,
20250529,078000,텔코웨어,12930,-10,14908,,,,
20250529,078520,에이블씨엔씨,7100,0,50442,,,,
20250529,078930,GS,43500,1050,536264,,,,
20250529,078935,GS우,39900,700,23676,,,,
20250529,079160,CJ CGV,4725,140,157340,,,,
20250529,079430,현대리바트,7860,90,32810,,,,
20250529,079550,LIG디펜스앤에어로스페이스,433500,5000,125548,,,,
20250529,079900,전진건설로봇,49850,1700,96868,,,,
20250529,079980,휴비스,3030,135,251956,,,,
20250529,081000,일진다이아,12280,150,10955,,,,
20250529,081660,미스토홀딩스,36150,400,107299,,,,
20250529,082640,동양생명,5620,170,138474,,,,
20250529,082740,한화엔진,27750,400,979751,,,,
20250529,083420,그린케미칼,7830,-10,254138,,,,
20250529,084010,대한제강,11336,167,46239,,,,
20250529,084670,동양고속,7400,50,5301,,,,
20250529,084680,이월드,1444,14,99467,,,,
20250529,084690,대상홀딩스,9950,540,553345,,,,
20250529,084695,대상홀딩스우,14370,230,12406,,,,
20250529,084870,TBH글로벌,1200,3,32064,,,,
20250529,085310,엔케이,8510,-70,6355,,,,
20250529,085620,미래에셋생명,5730,210,59973,,,,
20250529,086280,현대글로비스,115000,2800,181674,,,,
20250529,086790,하나금융지주,72200,2300,1116134,,,,
20250529,088260,이리츠코크렙,4655,20,36590,,,,
20250529,088350,한화생명,3055,180,4036063,,,,
20250529,088790,진도,1984,4,26386,,,,
20250529,088980,맥쿼리인프라,11710,-30,952905,,,,
20250529,089470,HDC현대EP,3845,70,94701,,,,
20250529,089590,제주항공,6670,0,131743,,,,
20250529,089860,롯데렌탈,31650,350,47643,,,,
20250529,090080,평화산업,1302,-38,5195684,,,,
20250529,090350,노루페인트,9080,-120,107659,,,,
20250529,090355,노루페인트우,14080,-220,1160,,,,
20250529,090370,메타랩스,1480,-9,47008,,,,
20250529,090430,아모레퍼시픽,134300,-1500,400786,,,,
20250529,090435,아모레퍼시픽우,42450,2250,44600,,,,
20250529,090460,비에이치,12480,170,150562,,,,
20250529,091810,트리니티항공,1976,0,517431,,,,
20250529,092200,디아이씨,4740,55,235831,,,,
20250529,092220,KEC,3790,65,100749,,,,
20250529,092230,KPX홀딩스,70000,3600,13525,,,,
20250529,092440,기신정기,2500,0,6473,,,,
20250529,092780,DYP,4460,5,6186,,,,
20250529,092790,넥스틸,15120,-50,500871,,,,
20250529,093050,LF,16340,420,69785,,,,
20250529,093240,형지엘리트,1714,52,3340353,,,,
20250529,093370,후성,4260,40,222013,,,,
20250529,094280,효성ITX,12090,20,19963,,,,
20250529,094800,맵스리얼티,4350,5,93304,,,,
20250529,095570,AJ네트웍스,3990,175,785108,,,,
20250529,095720,웅진씽크빅,3436,56,45950,,,,
20250529,096760,JW홀딩스,3400,135,451632,,,,
20250529,096770,SK이노베이션,89800,3000,504385,,,,
20250529,096775,SK이노베이션우,60700,1800,3439,,,,
20250529,097230,HJ중공업,7320,50,675713,,,,
20250529,097520,엠씨넥스,27300,-200,50076,,,,
20250529,097950,CJ제일제당,230500,1000,54356,,,,
20250529,097955,CJ제일제당 우,136400,500,5370,,,,
20250529,100090,SK오션플랜트,18470,660,580194,,,,
20250529,100220,비상교육,5800,170,113689,,,,
20250529,100250,진양홀딩스,3045,29,115252,,,,
20250529,100840,SNT에너지,41950,1550,235328,,,,
20250529,101140,인바이오젠,12620,500,18779,,,,
20250529,101530,해태제과식품,7100,280,137905,,,,
20250529,102260,동성케미컬,4067,59,97956,,,,
20250529,102460,이연제약,10850,0,7750,,,,
20250529,103140,풍산,62500,200,156133,,,,
20250529,103590,일진전기,30300,1250,1098392,,,,
20250529,104700,한국철강,9490,140,34327,,,,
20250529,105560,KB금융,102700,1700,1296257,,,,
20250529,105630,한세실업,11780,1350,962858,,,,
20250529,105840,우진,9400,660,871743,,,,
20250529,107590,미원홀딩스,75500,1000,385,,,,
20250529,108320,LX세미콘,59900,-300,25891,,,,
20250529,108670,LX하우시스,31950,1600,92376,,,,
20250529,108675,LX하우시스우,18320,70,5767,,,,
20250529,109070,주성코퍼레이션,932,-1,160625,,,,
20250529,111110,호전실업,8870,140,162638,,,,
20250529,111380,동인기연,14640,240,24822,,,,
20250529,111770,영원무역,60500,1900,68445,,,,
20250529,112610,씨에스윈드,48400,3850,828226,,,,
20250529,114090,GKL,14140,-20,232933,,,,
20250529,117580,대성에너지,7730,20,20692,,,,
20250529,118000,메타케어,3500,-50,89682,,,,
20250529,119650,KC코트렐,918,0,0,,,,
20250529,120030,조선선재,100200,0,1118,,,,
20250529,120110,코오롱인더,33650,550,133199,,,,
20250529,120115,코오롱인더우,21350,100,7218,,,,
20250529,122900,아이마켓코리아,8060,20,16268,,,,
20250529,123690,한국화장품,6870,20,48267,,,,
20250529,123700,SJM,3250,50,79999,,,,
20250529,123890,한국자산신탁,2455,85,331923,,,,
20250529,126560,현대퓨처넷,3290,65,252933,,,,
20250529,126720,수산인더스트리,27000,1000,178732,,,,
20250529,128820,대성산업,3410,-105,372773,,,,
20250529,128940,한미약품,306000,5500,59501,,,,
20250529,129260,인터지스,2635,55,104611,,,,
20250529,130660,한전산업,11740,120,236843,,,,
20250529,133820,화인베스틸,890,-10,452108,,,,
20250529,134380,미원화학,7950,70,4660,,,,
20250529,134790,시디즈,28750,-450,5363,,,,
20250529,136490,선진,9530,-120,382861,,,,
20250529,137310,에스디바이오센서,11480,-90,436609,,,,
20250529,138040,메리츠금융지주,114000,3800,356188,,,,
20250529,138930,BNK금융지주,11120,500,1443779,,,,
20250529,139130,iM금융지주,11110,420,667162,,,,
20250529,139480,이마트,91200,3600,184919,,,,
20250529,139990,아주스틸,3980,25,14845,,,,
20250529,143210,핸즈코퍼레이션,1578,1,18285,,,,
20250529,145210,다이나믹디자인,10110,-40,14177,,,,
20250529,145270,케이탑리츠,920,5,144263,,,,
20250529,145720,덴티움,62000,800,29122,,,,
20250529,145990,삼양사,51300,1700,28293,,,,
20250529,145995,삼양사우,33350,900,2663,,,,
20250529,155660,DSR,3840,0,11890,,,,
20250529,161000,애경케미칼,11050,-420,2220727,,,,
20250529,161390,한국타이어앤테크놀로지,38750,550,357319,,,,
20250529,161890,한국콜마,83000,900,155909,,,,
20250529,163560,동일고무벨트,7320,150,40878,,,,
20250529,170900,동아에스티,45683,810,24192,,,,
20250529,175330,JB금융지주,18980,660,399376,,,,
20250529,178920,PI첨단소재,17720,30,159988,,,,
20250529,180640,한진칼,150000,-500,292461,,,,
20250529,18064K,한진칼우,48150,-2350,230939,,,,
20250529,181710,NHN,19140,150,51254,,,,
20250529,183190,아세아시멘트,11480,0,37714,,,,
20250529,185750,종근당,84000,900,14028,,,,
20250529,192080,더블유게임즈,50600,0,41209,,,,
20250529,192400,쿠쿠홀딩스,31000,1650,69440,,,,
20250529,192650,드림텍,6120,60,111855,,,,
20250529,192820,코스맥스,204500,2000,44598,,,,
20250529,194370,제이에스코퍼레이션,11910,630,572703,,,,
20250529,195870,해성디에스,18690,260,136007,,,,
20250529,200880,서연이화,11860,770,280848,,,,
20250529,204320,HL만도,34500,450,197850,,,,
20250529,207940,삼성바이오로직스,1510009,-2944,61087,,,,
20250529,210540,디와이파워,12550,170,32511,,,,
20250529,210980,SK디앤디,9500,140,82120,,,,
20250529,213500,한솔제지,8640,80,47983,,,,
20250529,214320,이노션,18340,350,109339,,,,
20250529,214330,금호에이치티,18361,-27,23428,,,,
20250529,214390,경보제약,5460,90,25519,,,,
20250529,214420,토니모리,8750,0,228959,,,,
20250529,226320,잇츠한불,12210,0,15388,,,,
20250529,227840,현대코퍼레이션홀딩스,12200,480,126304,,,,
20250529,229640,LS에코에너지,32950,-400,200763,,,,
20250529,234080,JW생명과학,12160,190,30231,,,,
20250529,241560,두산밥캣,47200,900,182949,,,,
20250529,241590,화승엔터프라이즈,8120,440,263939,,,,
20250529,244920,에이플러스에셋,5980,280,284451,,,,
20250529,248070,솔루엠,15520,150,214902,,,,
20250529,248170,샘표식품,26600,600,9173,,,,
20250529,249420,일동제약,12500,170,45181,,,,
20250529,251270,넷마블,51000,-600,172930,,,,
20250529,259960,크래프톤,377500,-5500,129230,,,,
20250529,264900,크라운제과,8700,290,688139,,,,
20250529,26490K,크라운제과우,9690,180,29874,,,,
20250529,267250,HD현대,108700,11000,1392616,,,,
20250529,267260,HD현대일렉트릭,383000,3500,242649,,,,
20250529,267270,HD건설기계,71500,3100,103224,,,,
20250529,267290,경동도시가스,19060,140,21311,,,,
20250529,267850,아시아나IDT,11700,0,6445,,,,
20250529,268280,미원에스씨,163400,-400,1146,,,,
20250529,271560,오리온,111600,400,97983,,,,
20250529,271940,일진하이솔루스,12340,140,52111,,,,
20250529,271980,제일약품,13000,190,34177,,,,
20250529,272210,한화시스템,45400,-300,1715474,,,,
20250529,272450,진에어,9450,40,51659,,,,
20250529,272550,삼양패키징,13290,280,34877,,,,
20250529,278470,에이피알,114300,-1000,375179,,,,
20250529,280360,롯데웰푸드,122700,8300,39018,,,,
20250529,281820,케이씨텍,25200,-300,94481,,,,
20250529,282330,BGF리테일,103000,1000,47255,,,,
20250529,284740,쿠쿠홈시스,25900,150,76141,,,,
20250529,285130,SK케미칼,55000,600,44985,,,,
20250529,28513K,SK케미칼우,24250,250,7635,,,,
20250529,286940,롯데이노베이트,18920,420,11483,,,,
20250529,293480,하나제약,11750,90,20670,,,,
20250529,293940,신한알파리츠,5660,0,161969,,,,
20250529,294870,IPARK현대산업개발,24300,750,308569,,,,
20250529,298000,효성화학,77800,0,0,,,,
20250529,298020,효성티앤씨,256000,4000,20642,,,,
20250529,298040,효성중공업,622000,28000,136998,,,,
20250529,298050,HS효성첨단소재,200500,900,11360,,,,
20250529,298690,에어부산,2180,-30,304500,,,,
20250529,300720,한일시멘트,18520,-30,60098,,,,
20250529,302440,SK바이오사이언스,43200,350,118229,,,,
20250529,306200,세아제강,169100,-500,11231,,,,
20250529,307950,현대오토에버,144000,2100,40346,,,,
20250529,308170,씨티알모빌리티,5790,-30,5370,,,,
20250529,316140,우리금융지주,19250,910,2559117,,,,
20250529,317400,자이에스앤디,3655,-75,123408,,,,
20250529,322000,HD현대에너지솔루션,40700,1450,370741,,,,
20250529,323410,카카오뱅크,23900,200,481766,,,,
20250529,326030,SK바이오팜,91600,1300,133030,,,,
20250529,329180,HD현대중공업,405500,8000,230902,,,,
20250529,330590,롯데리츠,3700,10,259776,,,,
20250529,334890,이지스밸류플러스리츠,4662,15,53260,,,,
20250529,336260,두산퓨얼셀,16650,460,197989,,,,
20250529,33626K,두산퓨얼셀1우,4695,45,33292,,,,
20250529,33626L,두산퓨얼셀2우B,7890,0,5048,,,,
20250529,336370,솔루스첨단소재,8230,320,210793,,,,
20250529,33637K,솔루스첨단소재1우,1687,14,29839,,,,
20250529,33637L,솔루스첨단소재2우B,4100,-5,14895,,,,
20250529,338100,NH프라임리츠,4505,-30,83663,,,,
20250529,339770,교촌에프앤비,5040,170,67727,,,,
20250529,344820,KCC글라스,30950,550,53314,,,,
20250529,348950,제이알글로벌리츠,2745,30,472293,,,,
20250529,350520,이지스레지던스리츠,4240,10,18009,,,,
20250529,352820,하이브,272000,-7000,484102,,,,
20250529,353200,대덕전자,15260,150,143911,,,,
20250529,35320K,대덕전자1우,7540,30,2392,,,,
20250529,357120,코람코라이프인프라리츠,4390,-115,144691,,,,
20250529,357250,미래에셋맵스리츠,2690,-105,134976,,,,
20250529,357430,마스턴프리미어리츠,1465,1,16008,,,,
20250529,361610,SK아이이테크놀로지,21250,100,144657,,,,
20250529,363280,티와이홀딩스,2735,130,147321,,,,
20250529,36328K,티와이홀딩스우,3930,35,33729,,,,
20250529,365550,ESR켄달스퀘어리츠,4350,5,291189,,,,
20250529,372910,한컴라이프케어,2950,25,128443,,,,
20250529,373220,LG에너지솔루션,288000,-1000,189663,,,,
20250529,375500,DL이앤씨,50000,1550,312015,,,,
20250529,37550K,DL이앤씨우,20500,600,17476,,,,
20250529,37550L,DL이앤씨2우(전환),31900,500,6788,,,,
20250529,377190,디앤디플랫폼리츠,3260,35,37041,,,,
20250529,377300,카카오페이,39100,200,379004,,,,
20250529,377740,바이오노트,5080,100,65918,,,,
20250529,378850,화승알앤에이,3270,90,59337,,,,
20250529,381970,케이카,15240,60,85167,,,,
20250529,383220,F&F,74500,-100,55620,,,,
20250529,383800,LX홀딩스,8350,730,1681020,,,,
20250529,38380K,LX홀딩스1우,9130,430,21060,,,,
20250529,395400,SK리츠,4850,50,361876,,,,
20250529,396690,미래에셋글로벌리츠,2750,-5,34112,,,,
20250529,400760,NH올원리츠,3615,-5,69289,,,,
20250529,402340,SK스퀘어,113200,5000,552539,,,,
20250529,403550,쏘카,13170,-30,8415,,,,
20250529,404990,신한서부티엔디리츠,3575,-15,66141,,,,
20250529,415640,KB발해인프라,7910,-110,166069,,,,
20250529,417310,코람코더원리츠,5150,0,51694,,,,
20250529,432320,KB스타리츠,3995,-5,46858,,,,
20250529,443060,HD현대마린솔루션,179700,8000,333657,,,,
20250529,446070,유니드비티플러스,4090,40,32832,,,,
20250529,448730,삼성FN리츠,4610,5,45721,,,,
20250529,450080,에코프로머티,45500,-50,773009,,,,
20250529,451800,한화리츠,3785,10,169989,,,,
20250529,452260,한화갤러리아,1233,23,877074,,,,
20250529,45226K,한화갤러리아우,2270,40,1532,,,,
20250529,453340,현대그린푸드,17140,110,30376,,,,
20250529,454910,두산로보틱스,47800,100,142274,,,,
20250529,456040,OCI,54600,1200,30069,,,,
20250529,457190,이수스페셜티케미컬,41950,-400,204218,,,,
20250529,460850,동국씨엠,6490,150,39338,,,,
20250529,460860,동국제강,9040,120,150602,,,,
20250529,462520,조선내화,13110,190,4166,,,,
20250529,462870,시프트업,51300,2200,388882,,,,
20250529,465770,STX그린로지스,8560,30,66096,,,,
20250529,475150,SK이터닉스,19000,-80,721670,,,,
20250529,475560,더본코리아,25850,50,19014,,,,
20250529,480370,씨케이솔루션,3712,-54,155368,,,,
20250529,481850,신한글로벌액티브리츠,1505,11,59695,,,,
20250529,483650,달바글로벌,136400,300,656427,,,,
20250529,484870,엠앤씨솔루션,43066,133,178083,,,,
20250529,487570,HS효성,52700,12100,219434,,,,
20250529,489790,한화비전,53800,500,648500,,,,
20250529,499790,GS피앤엘,30300,500,243322,,,,
20250529,900140,엘브이엠씨홀딩스,1848,16,502137,,,,
20250529,950210,프레스티지바이오파마,13160,-40,78365,,,,
20250530,000020,동화약품,6600,120,90717,,,,
20250530,000040,KR모터스,2185,45,34411,,,,
20250530,000050,경방,7310,-140,255981,,,,
20250530,000070,삼양홀딩스,49046,-1135,114411,,,,
20250530,000080,하이트진로,20200,-200,167494,,,,
20250530,000087,하이트진로2우B,15570,60,1853,,,,
20250530,000100,유한양행,104300,-1100,622208,,,,
20250530,000105,유한양행우,98900,800,3269,,,,
20250530,000120,CJ대한통운,80400,-800,55967,,,,
20250530,000140,하이트진로홀딩스,9310,-60,68165,,,,
20250530,000145,하이트진로홀딩스우,10940,70,883,,,,
20250530,000150,두산,488000,-22000,211826,,,,
20250530,000155,두산우,327500,-18500,84513,,,,
20250530,000157,두산2우B,355000,-19000,4693,,,,
20250530,000180,성창기업지주,7275,75,28832,,,,
20250530,000210,DL,44250,-1850,132596,,,,
20250530,000215,DL우,22400,-250,11336,,,,
20250530,000220,유유제약,4615,-15,48343,,,,
20250530,000225,유유제약1우,5230,30,10957,,,,
20250530,000227,유유제약2우B,10350,190,1373,,,,
20250530,000230,일동홀딩스,6760,-60,103898,,,,
20250530,000240,한국앤컴퍼니,20300,410,1302629,,,,
20250530,000270,기아,89400,-3800,1535385,,,,
20250530,000300,DH오토넥스,4200,0,0,,,,
20250530,000320,노루홀딩스,18160,-230,157171,,,,
20250530,000325,노루홀딩스우,30850,-650,1662,,,,
20250530,000370,한화손해보험,4580,-115,471458,,,,
20250530,000390,SP삼화,6030,-40,11077,,,,
20250530,000400,롯데손해보험,1638,16,183006,,,,
20250530,000430,대원강업,3705,-20,11838,,,,
20250530,000480,CR홀딩스,5330,-30,15543,,,,
20250530,000490,대동,10820,-30,86820,,,,
20250530,000500,가온전선,39120,-1000,130759,,,,
20250530,000520,삼일제약,11100,10,83547,,,,
20250530,000540,흥국화재,4200,0,211186,,,,
20250530,000545,흥국화재우,8040,40,37310,,,,
20250530,000590,CS홀딩스,82900,5400,8763,,,,
20250530,000640,동아쏘시오홀딩스,108679,972,21239,,,,
20250530,000650,천일고속,40600,350,190,,,,
20250530,000660,SK하이닉스,204500,-7500,4826628,,,,
20250530,000670,영풍,38865,1459,128072,,,,
20250530,000680,LS네트웍스,3620,65,373068,,,,
20250530,000700,유수홀딩스,6050,-50,30131,,,,
20250530,000720,현대건설,63800,-3100,3060752,,,,
20250530,000725,현대건설우,61300,-2000,22042,,,,
20250530,000760,이화산업,12070,390,1663,,,,
20250530,000810,삼성화재,404500,5000,247976,,,,
20250530,000815,삼성화재우,295000,1500,11946,,,,
20250530,000850,화천기공,31500,50,5799,,,,
20250530,000860,강남제비스코,12480,20,36456,,,,
20250530,000880,한화,90636,1321,1073282,,,,
20250530,00088K,한화3우B,30154,-504,474238,,,,
20250530,000890,보해양조,2730,-40,341197,,,,
20250530,000910,유니온,4600,-40,91257,,,,
20250530,000950,전방,26800,550,5420,,,,
20250530,000970,한국주철관,7070,30,37882,,,,
20250530,000990,DB하이텍,39000,-500,71215,,,,
20250530,001020,페이퍼코리아,3625,5,3462,,,,
20250530,001040,CJ,136300,-3300,340914,,,,
20250530,001045,CJ우,78000,200,16222,,,,
20250530,00104K,CJ4우(전환),111500,-3300,17797,,,,
20250530,001060,JW중외제약,23200,400,98047,,,,
20250530,001065,JW중외제약우,28950,0,370,,,,
20250530,001067,JW중외제약2우B,63000,1600,592,,,,
20250530,001070,대한방직,6370,120,27273,,,,
20250530,001080,만호제강,2760,30,7900,,,,
20250530,001120,LX인터내셔널,28300,-250,140088,,,,
20250530,001130,대한제분,14200,170,52860,,,,
20250530,001200,유진투자증권,3365,-80,3484649,,,,
20250530,001210,금호전기,5530,-75,19745,,,,
20250530,001230,동국홀딩스,1785,8,565543,,,,
20250530,001250,GS글로벌,2625,15,430379,,,,
20250530,001260,남광토건,8900,160,22222,,,,
20250530,001270,부국증권,36950,-350,19477,,,,
20250530,001275,부국증권우,23800,0,5073,,,,
20250530,001290,상상인증권,704,19,44962668,,,,
20250530,001340,PKC,5660,-30,68854,,,,
20250530,001360,삼성제약,1617,8,266009,,,,
20250530,001380,SG글로벌,3566,-38,78639,,,,
20250530,001390,KG케미칼,4415,40,886816,,,,
20250530,001420,태원물산,4000,0,5017,,,,
20250530,001430,세아베스틸지주,23400,1150,449955,,,,
20250530,001440,대한전선,12780,-60,802466,,,,
20250530,001450,현대해상,24350,-800,677274,,,,
20250530,001460,BYC,35800,1350,3108,,,,
20250530,001465,BYC우,15510,70,3448,,,,
20250530,001470,삼부토건,347,0,0,,,,
20250530,001500,현대차증권,7150,-60,520705,,,,
20250530,001510,SK증권,1167,2,3781977,,,,
20250530,001515,SK증권우,3756,58,22991,,,,
20250530,001520,동양,1200,38,609367,,,,
20250530,001525,동양우,8140,-190,3352,,,,
20250530,001527,동양2우B,16820,300,383,,,,
20250530,001530,DI동일,31715,143,47387,,,,
20250530,001550,조비,12600,240,70597,,,,
20250530,001560,제일연마,9800,-70,26429,,,,
20250530,001570,금양,9900,0,0,,,,
20250530,001620,케이비아이동국실업,2395,-45,25896,,,,
20250530,001630,종근당홀딩스,53000,0,5772,,,,
20250530,001680,대상,21700,0,116199,,,,
20250530,001685,대상우,16700,-130,8444,,,,
20250530,001720,신영증권,111800,500,37421,,,,
20250530,001740,SK네트웍스,4135,-35,352459,,,,
20250530,001750,한양증권,16160,20,63192,,,,
20250530,001755,한양증권우,16040,50,5356,,,,
20250530,001770,SHD,16840,160,3335,,,,
20250530,001780,알루코,2255,-45,318897,,,,
20250530,001790,대한제당,2875,25,995539,,,,
20250530,001795,대한제당우,2365,15,192206,,,,
20250530,001800,오리온홀딩스,18900,-280,206808,,,,
20250530,001820,삼화콘덴서,24650,-150,29450,,,,
20250530,001940,KISCO홀딩스,24100,100,16496,,,,
20250530,002020,코오롱,34900,450,667550,,,,
20250530,002025,코오롱우,17570,20,41263,,,,
20250530,002030,아세아,286500,-8500,2047,,,,
20250530,002070,비비안,19644,-415,36161,,,,
20250530,002100,경농,9390,-20,22580,,,,
20250530,002140,고려산업,2750,-20,51944,,,,
20250530,002150,도화엔지니어링,6600,-40,27615,,,,
20250530,002170,SYTS,52600,2400,8472,,,,
20250530,002200,한국수출포장,2945,25,167623,,,,
20250530,002210,동성제약,2780,0,0,,,,
20250530,002220,한일철강,2005,-5,4579,,,,
20250530,002240,고려제강,17510,-30,15581,,,,
20250530,002310,아세아제지,7220,10,106330,,,,
20250530,002320,한진,20400,-250,25663,,,,
20250530,002350,넥센타이어,6710,270,611705,,,,
20250530,002355,넥센타이어1우B,3150,55,56774,,,,
20250530,002360,SH에너지화학,4440,20,21350,,,,
20250530,002380,KCC,307500,-4500,50314,,,,
20250530,002390,한독,11550,40,11070,,,,
20250530,002410,범양건영,1935,0,0,,,,
20250530,002420,세기상사,5020,-40,1889,,,,
20250530,002450,삼익악기,1259,-1,234329,,,,
20250530,002460,HS화성,10340,110,8574,,,,
20250530,002600,조흥,155700,500,38,,,,
20250530,002620,제일파마홀딩스,8250,-20,23546,,,,
20250530,002630,오리엔트바이오,2358,-218,3035867,,,,
20250530,002690,동일제강,1548,1,20913,,,,
20250530,002700,신일전자,1507,-12,253512,,,,
20250530,002710,TCC스틸,17340,-190,536656,,,,
20250530,002720,국제약품,4900,-10,223410,,,,
20250530,002760,보락,1075,2,130824,,,,
20250530,002780,진흥기업,760,-9,286871,,,,
20250530,002785,진흥기업우B,3530,45,1206,,,,
20250530,002787,진흥기업2우B,7820,240,6266,,,,
20250530,002790,아모레퍼시픽홀딩스,26200,300,453083,,,,
20250530,002795,아모레퍼시픽홀딩스우,11130,-20,20742,,,,
20250530,00279K,아모레퍼시픽홀딩스3우C,20200,150,19109,,,,
20250530,002810,삼영무역,14990,-60,12273,,,,
20250530,002820,SUN&L,2910,0,7325,,,,
20250530,002840,미원상사,182400,-300,2102,,,,
20250530,002870,신풍,1063,47,263657,,,,
20250530,002880,디와이에이,997,16,29004,,,,
20250530,002900,TYM,5110,-230,306386,,,,
20250530,002920,유성기업,1969,8,43269,,,,
20250530,002960,한국쉘석유,402500,1000,1615,,,,
20250530,002990,금호건설,3090,5,311745,,,,
20250530,002995,금호건설우,11700,-100,1660,,,,
20250530,003000,부광약품,4005,70,167697,,,,
20250530,003010,혜인,5050,-20,28727,,,,
20250530,003030,세아제강지주,242000,3500,12425,,,,
20250530,003060,에이프로젠바이오로직스,658,12,272216,,,,
20250530,003070,코오롱글로벌,9050,10,23948,,,,
20250530,003075,코오롱글로벌우,15360,60,399,,,,
20250530,003080,SB성보,2625,15,22140,,,,
20250530,003090,대웅,25350,300,893042,,,,
20250530,003120,일성아이에스,19880,390,45573,,,,
20250530,003160,디아이,15130,-910,325885,,,,
20250530,003200,일신방직,10420,450,92804,,,,
20250530,003220,대원제약,13920,150,42276,,,,
20250530,003230,삼양식품,1111000,10000,437404,,,,
20250530,003240,태광산업,973000,55000,7361,,,,
20250530,003280,흥아해운,1580,1,664230,,,,
20250530,003300,한일홀딩스,16810,-100,27529,,,,
20250530,003350,한국화장품제조,9910,-130,171390,,,,
20250530,003460,유화증권,2630,25,79206,,,,
20250530,003465,유화증권우,2490,-5,1597,,,,
20250530,003470,유안타증권,3410,-5,851011,,,,
20250530,003475,유안타증권우,3340,-40,34057,,,,
20250530,003480,한진중공업홀딩스,5560,120,104408,,,,
20250530,003490,대한항공,22500,-400,1815349,,,,
20250530,003495,대한항공우,22800,-300,8012,,,,
20250530,003520,영진약품,2205,-20,427243,,,,
20250530,003530,한화투자증권,4460,-60,2992411,,,,
20250530,003535,한화투자증권우,6690,60,20481,,,,
20250530,003540,대신증권,22950,400,287353,,,,
20250530,003545,대신증권우,19020,0,148502,,,,
20250530,003547,대신증권2우B,17750,-50,71407,,,,
20250530,003550,LG,71000,-3400,704286,,,,
20250530,003555,LG우,59400,-400,7602,,,,
20250530,003570,SNT다이내믹스,42000,-150,59892,,,,
20250530,003580,HLB글로벌,3020,0,31489,,,,
20250530,003610,방림,4130,-30,13587,,,,
20250530,003620,KG모빌리티,3425,-75,1089440,,,,
20250530,003650,미창석유,104500,1800,1306,,,,
20250530,003670,포스코퓨처엠,113022,3102,667661,,,,
20250530,003680,한성기업,5160,0,11975,,,,
20250530,003690,코리안리,9240,-160,556583,,,,
20250530,003720,삼영,4035,-25,62571,,,,
20250530,003780,진양산업,5730,-150,212253,,,,
20250530,003830,대한화섬,129800,4200,1088,,,,
20250530,003850,보령,8740,10,115825,,,,
20250530,003920,남양유업,75400,-500,7878,,,,
20250530,003925,남양유업우,46000,300,10622,,,,
20250530,003960,사조대림,41500,-550,29446,,,,
20250530,004000,롯데정밀화학,37900,300,50949,,,,
20250530,004020,현대제철,28200,-200,573105,,,,
20250530,004060,SG세계물산,3340,0,18462,,,,
20250530,004080,신흥,14590,-10,437,,,,
20250530,004090,한국석유,12050,-100,38072,,,,
20250530,004100,태양금속,2845,35,1106396,,,,
20250530,004105,태양금속우,3975,15,88715,,,,
20250530,004140,동방,2355,-35,214225,,,,
20250530,004150,한솔홀딩스,2780,-5,265204,,,,
20250530,004170,신세계,177900,500,54075,,,,
20250530,004250,NPC,4460,0,57196,,,,
20250530,004255,NPC우,2415,20,30396,,,,
20250530,004270,남성,8427,32,5642,,,,
20250530,004310,현대약품,3485,5,134330,,,,
20250530,004360,세방,13810,-90,55318,,,,
20250530,004365,세방우,9130,-120,9728,,,,
20250530,004370,농심,424000,4000,28970,,,,
20250530,004380,삼익THK,13000,0,0,,,,
20250530,004410,서울식품,1570,0,53556,,,,
20250530,004415,서울식품우,12580,-50,662,,,,
20250530,004430,송원산업,11770,-180,25691,,,,
20250530,004440,삼일씨엔에스,4400,10,27659,,,,
20250530,004450,삼화왕관,36400,-650,45706,,,,
20250530,004490,세방전지,66900,-2700,59972,,,,
20250530,004540,깨끗한나라,2180,-10,73738,,,,
20250530,004545,깨끗한나라우,11970,-20,864,,,,
20250530,004560,현대비앤지스틸,12100,-20,24872,,,,
20250530,004690,삼천리,134000,4600,47822,,,,
20250530,004700,조광피혁,59000,700,2155,,,,
20250530,004710,한솔테크닉스,4936,-19,107090,,,,
20250530,004720,팜젠사이언스,4275,0,141367,,,,
20250530,004770,써니전자,1673,-16,264039,,,,
20250530,004800,효성,62400,-4400,226879,,,,
20250530,004830,덕성,5760,-50,87055,,,,
20250530,004835,덕성우,7850,170,6926,,,,
20250530,004840,DRB동일,4430,-60,15649,,,,
20250530,004870,티웨이홀딩스,2897,-28,64781,,,,
20250530,004890,동일산업,43800,-100,870,,,,
20250530,004910,조광페인트,5500,-10,15890,,,,
20250530,004920,씨아이테크,1115,-15,96531,,,,
20250530,004960,한신공영,8300,-50,38467,,,,
20250530,004970,신라교역,9480,-80,11569,,,,
20250530,004980,성신양회,8710,-100,111886,,,,
20250530,004985,성신양회우,11630,-270,35220,,,,
20250530,004990,롯데지주,29800,-650,994149,,,,
20250530,00499K,롯데지주우,40100,2900,148027,,,,
20250530,005010,휴스틸,4965,15,561529,,,,
20250530,005030,부산주공,486,0,0,,,,
20250530,005070,코스모신소재,32750,450,182117,,,,
20250530,005090,SGC에너지,24250,50,16070,,,,
20250530,005110,한창,1254,0,0,,,,
20250530,005180,빙그레,90500,1500,46726,,,,
20250530,005250,녹십자홀딩스,14700,20,101049,,,,
20250530,005257,녹십자홀딩스2우,22750,1450,14618,,,,
20250530,005300,롯데칠성,106800,300,27345,,,,
20250530,005305,롯데칠성우,66500,0,3836,,,,
20250530,005320,온타이드,1054,42,256924,,,,
20250530,005360,모나미,2045,-15,15062,,,,
20250530,005380,현대차,185300,-5700,781444,,,,
20250530,005385,현대차우,147900,-1900,105653,,,,
20250530,005387,현대차2우B,147700,-3500,181700,,,,
20250530,005389,현대차3우B,147500,-2300,10675,,,,
20250530,005420,코스모화학,13770,-110,653490,,,,
20250530,005430,한국공항,53300,-500,13665,,,,
20250530,005440,현대지에프홀딩스,7460,80,347324,,,,
20250530,005490,POSCO홀딩스,250000,-4500,441162,,,,
20250530,005500,삼진제약,18050,80,27715,,,,
20250530,005610,삼립,52800,-200,15934,,,,
20250530,005680,삼영전자,10900,-150,14742,,,,
20250530,005690,파미셀,11740,-410,600038,,,,
20250530,005720,넥센,5820,130,124471,,,,
20250530,005725,넥센우,4000,40,5940,,,,
20250530,005740,크라운해태홀딩스,7180,-270,640829,,,,
20250530,005745,크라운해태홀딩스우,8610,-170,9640,,,,
20250530,005750,대림바스,4250,-35,8579,,,,
20250530,005800,신영와코루,12170,20,7184,,,,
20250530,005810,풍산홀딩스,32000,-500,64744,,,,
20250530,005820,원림,14780,90,2327,,,,
20250530,005830,DB손해보험,100500,-1100,377897,,,,
20250530,005850,에스엘,31700,-150,112246,,,,
20250530,005870,휴니드,8500,-110,206531,,,,
20250530,005880,대한해운,1555,-20,1803925,,,,
20250530,005930,삼성전자,56200,100,26219683,,,,
20250530,005935,삼성전자우,46100,-50,3537981,,,,
20250530,005940,NH투자증권,17240,-210,1411660,,,,
20250530,005945,NH투자증권우,15340,0,81574,,,,
20250530,005950,이수화학,5430,50,12594,,,,
20250530,005960,동부건설,5050,0,40842,,,,
20250530,005965,동부건설우,20050,-200,118,,,,
20250530,006040,동원산업,46500,-600,27362,,,,
20250530,006060,화승인더,4815,0,178433,,,,
20250530,006090,사조오양,8830,-80,8462,,,,
20250530,006110,삼아알미늄,19600,-10,42000,,,,
20250530,006120,SK디스커버리,46850,-1650,36498,,,,
20250530,006125,SK디스커버리우,37650,-1500,13669,,,,
20250530,006200,한국전자홀딩스,3530,5,12502,,,,
20250530,006220,제주은행,9550,0,216005,,,,
20250530,006260,LS,159300,-1900,238607,,,,
20250530,006280,녹십자,127200,1900,37540,,,,
20250530,006340,대원전선,2895,-20,976473,,,,
20250530,006345,대원전선우,3900,-55,13112,,,,
20250530,006360,GS건설,22650,-600,1188038,,,,
20250530,006370,대구백화점,7540,310,119994,,,,
20250530,006380,카프로,3660,0,0,,,,
20250530,006400,삼성SDI,168900,-5500,1009215,,,,
20250530,006405,삼성SDI우,103100,-400,4476,,,,
20250530,006490,프리티,7425,280,184132,,,,
20250530,006570,대림통상,2615,65,12832,,,,
20250530,006650,대한유화,82600,-200,13463,,,,
20250530,006660,삼성공조,14390,-290,84772,,,,
20250530,006740,블루산업개발,2378,37,67495,,,,
20250530,006800,미래에셋증권,15482,-1006,6107781,,,,
20250530,006805,미래에셋증권우,6238,-217,166165,,,,
20250530,00680K,미래에셋증권2우B,5629,-234,2379435,,,,
20250530,006840,AK홀딩스,11930,60,26772,,,,
20250530,006880,신송홀딩스,7820,120,172131,,,,
20250530,006890,태경케미컬,11640,-50,15779,,,,
20250530,006980,우성,17420,420,1755,,,,
20250530,007070,GS리테일,15340,110,275605,,,,
20250530,007110,일신석재,2085,-15,5707858,,,,
20250530,007120,미래아이앤지,1024,-31,54168,,,,
20250530,007160,사조산업,50300,800,40899,,,,
20250530,007210,벽산,2200,-20,87346,,,,
20250530,007280,한국특강,3224,14,1995,,,,
20250530,007310,오뚜기,398000,3000,3580,,,,
20250530,007340,DN오토모티브,21950,-350,61653,,,,
20250530,007460,에이프로젠,677,2,1509566,,,,
20250530,007540,샘표,45150,-350,9579,,,,
20250530,007570,일양약품,14734,280,63145,,,,
20250530,007575,일양약품우,15342,82,2272,,,,
20250530,007590,동방아그로,6180,30,2677,,,,
20250530,007610,선도전기,3000,0,0,,,,
20250530,007660,이수페타시스,38400,-2750,1522820,,,,
20250530,007690,국도화학,33300,-50,11370,,,,
20250530,007700,F&F홀딩스,15660,360,65524,,,,
20250530,007810,코리아써키트,9990,-230,34343,,,,
20250530,007815,코리아써우,5420,-130,1158,,,,
20250530,00781K,코리아써키트2우B,5470,140,88,,,,
20250530,007860,서연,9460,-610,1000404,,,,
20250530,007980,TP,1394,16,228704,,,,
20250530,008040,사조동아원,1159,-18,955761,,,,
20250530,008060,대덕,7810,-70,87171,,,,
20250530,00806K,대덕1우,8100,30,1749,,,,
20250530,008250,이건산업,5470,-70,20651,,,,
20250530,008260,NI스틸,3570,5,78750,,,,
20250530,008350,남선알미늄,1230,-4,439606,,,,
20250530,008355,남선알미우,12800,-20,342,,,,
20250530,008420,문배철강,2295,-20,32456,,,,
20250530,008490,서흥,18470,-530,41630,,,,
20250530,008600,윌비스,4653,-269,139234,,,,
20250530,008700,아남전자,1443,-20,253811,,,,
20250530,008730,율촌화학,28850,-250,42510,,,,
20250530,008770,호텔신라,49600,1600,334711,,,,
20250530,008775,호텔신라우,46800,1500,40280,,,,
20250530,008870,금비,58000,700,1270,,,,
20250530,008930,한미사이언스,35400,100,347827,,,,
20250530,008970,KBI동양철관,2727,22,6982492,,,,
20250530,009070,KCTC,3975,-15,41560,,,,
20250530,009140,경인전자,19780,220,2479,,,,
20250530,009150,삼성전기,122200,-1800,495787,,,,
20250530,009155,삼성전기우,55800,-200,15385,,,,
20250530,009160,SIMPAC,4900,-45,181047,,,,
20250530,009180,한솔로지스틱스,2250,-10,121896,,,,
20250530,009190,대양금속,1771,21,95806,,,,
20250530,009200,무림페이퍼,2175,20,331055,,,,
20250530,009240,한샘,42050,-400,19740,,,,
20250530,009270,신원,1920,160,33275181,,,,
20250530,009290,광동제약,5540,-10,21572,,,,
20250530,009310,참엔지니어링,1283,1,8356,,,,
20250530,009320,아진전자부품,1002,1,87335,,,,
20250530,009410,태영건설,2800,-65,228785,,,,
20250530,009415,태영건설우,5630,-70,2760,,,,
20250530,009420,한올바이오파마,25900,200,199310,,,,
20250530,009440,KC그린홀딩스,756,0,0,,,,
20250530,009450,경동나비엔,75100,-1300,34938,,,,
20250530,009460,한창제지,3695,-25,12280,,,,
20250530,009470,삼화전기,26750,-600,25494,,,,
20250530,009540,HD한국조선해양,316500,6000,417554,,,,
20250530,009580,무림P&P,2870,10,104645,,,,
20250530,009680,모토닉,10460,60,38024,,,,
20250530,009770,삼정펄프,28700,-50,984,,,,
20250530,009810,MDS스피어,3646,-280,1457626,,,,
20250530,009830,한화솔루션,28108,471,3504968,,,,
20250530,009835,한화솔루션우,22534,0,52201,,,,
20250530,009900,명신산업,8360,-170,60328,,,,
20250530,009970,영원무역홀딩스,120800,-1900,20374,,,,
20250530,010040,한국내화,2385,5,22931,,,,
20250530,010060,OCI홀딩스,70900,700,66329,,,,
20250530,010100,한국무브넥스,4305,-145,571735,,,,
20250530,010120,LS ELECTRIC,50500,-500,1105645,,,,
20250530,010130,고려아연,731000,-19000,28870,,,,
20250530,010140,삼성중공업,16900,760,22615588,,,,
20250530,010400,우진아이엔에스,2750,-70,26736,,,,
20250530,010580,에스엠벡셀,1229,6,19781,,,,
20250530,010640,진양폴리,3414,-38,88500,,,,
20250530,010660,화천기계,5160,110,597917,,,,
20250530,010690,화신,8010,-320,144528,,,,
20250530,010770,평화홀딩스,5770,-800,3373205,,,,
20250530,010780,아이에스동서,21050,-300,60048,,,,
20250530,010820,퍼스텍,3645,-15,502151,,,,
20250530,010950,S-Oil,54400,-1500,350062,,,,
20250530,010955,S-Oil우,37400,-250,8337,,,,
20250530,010960,삼호개발,3490,20,87463,,,,
20250530,011000,진원생명과학,17175,-1450,1690213,,,,
20250530,011070,LG이노텍,144900,-4500,152120,,,,
20250530,011090,에넥스,3290,-55,109194,,,,
20250530,011150,CJ씨푸드,2935,0,202441,,,,
20250530,011155,CJ씨푸드1우,17230,-10,735,,,,
20250530,011170,롯데케미칼,59700,0,143185,,,,
20250530,011200,HMM,21300,-500,2553909,,,,
20250530,011210,현대위아,42700,-1000,63659,,,,
20250530,011230,삼화전자,3975,10,52452,,,,
20250530,011280,태림포장,2240,-5,46811,,,,
20250530,011300,우성머티리얼스,4610,120,28676,,,,
20250530,011330,유니켐,16000,10,20292,,,,
20250530,011390,부산산업,100100,3500,18879,,,,
20250530,011420,갤럭시아에스엠,2295,-20,291734,,,,
20250530,011500,한농화성,14410,-140,48671,,,,
20250530,011690,와이투솔루션,3205,-30,632398,,,,
20250530,011700,한신기계,3205,-130,697011,,,,
20250530,011760,현대코퍼레이션,26500,-250,78434,,,,
20250530,011780,금호석유화학,115500,300,70831,,,,
20250530,011785,금호석유화학우,56900,900,19025,,,,
20250530,011790,SKC,83748,-2914,365762,,,,
20250530,011810,STX,3255,-55,32079,,,,
20250530,011930,신성이엔지,14170,60,185469,,,,
20250530,012030,DB,1388,-10,2290299,,,,
20250530,012160,영흥,2575,85,118607,,,,
20250530,012170,아센디오,4075,-115,32513,,,,
20250530,012200,계양전기,1353,-6,57461,,,,
20250530,012205,계양전기우,3437,-38,1157,,,,
20250530,012280,영화금속,819,-9,212185,,,,
20250530,012320,경동인베스트,59900,1900,14389,,,,
20250530,012330,현대모비스,253000,-10000,253174,,,,
20250530,012450,한화에어로스페이스,811000,-46000,436671,,,,
20250530,012610,경인양행,3140,-30,20842,,,,
20250530,012630,HDC,19600,-200,638270,,,,
20250530,012690,모나리자,2815,-10,68420,,,,
20250530,012750,에스원,66200,-300,77663,,,,
20250530,012800,대창,1295,-13,246839,,,,
20250530,013000,세우글로벌,1169,-16,91524,,,,
20250530,013360,일성건설,2315,-120,815705,,,,
20250530,013520,화승코퍼레이션,1981,9,111363,,,,
20250530,013570,디와이,4340,5,126340,,,,
20250530,013580,계룡건설,21050,50,341847,,,,
20250530,013700,까뮤이앤씨,1096,-21,120630,,,,
20250530,013870,지엠비코리아,3920,-45,97793,,,,
20250530,013890,지누스,17460,-40,78501,,,,
20250530,014130,한익스프레스,3300,-105,18110,,,,
20250530,014160,대영포장,1185,-28,4168122,,,,
20250530,014280,금강공업,4570,0,61870,,,,
20250530,014285,금강공업우,6780,30,217,,,,
20250530,014440,영보화학,4440,-5,49414,,,,
20250530,014530,극동유화,3465,-10,28647,,,,
20250530,014580,태경비케이,4635,-10,196471,,,,
20250530,014680,한솔케미칼,133000,8800,119269,,,,
20250530,014710,사조씨푸드,5860,10,118198,,,,
20250530,014790,HL D&I,2630,70,130049,,,,
20250530,014820,동원시스템즈,31050,550,128541,,,,
20250530,014825,동원시스템즈우,17190,0,284,,,,
20250530,014830,유니드,91000,3400,61568,,,,
20250530,014910,성문전자,1197,-18,34243,,,,
20250530,014915,성문전자우,4660,0,147,,,,
20250530,014990,인디에프,4755,190,1161630,,,,
20250530,015020,이스타코,1994,-216,1145752,,,,
20250530,015230,대창단조,5650,-40,52582,,,,
20250530,015260,에이엔피,418,6,72195,,,,
20250530,015360,INVENI,10520,60,60150,,,,
20250530,015590,DKME,2575,0,0,,,,
20250530,015760,한국전력,30350,800,3001453,,,,
20250530,015860,일진홀딩스,4460,10,142780,,,,
20250530,015890,태경산업,5120,-10,39716,,,,
20250530,016090,대현,1918,-6,58588,,,,
20250530,016360,삼성증권,60500,200,505560,,,,
20250530,016380,KG스틸,6330,280,342472,,,,
20250530,016450,한세예스24홀딩스,4100,-80,90132,,,,
20250530,016580,환인제약,11790,90,22639,,,,
20250530,016590,신대양제지,9550,190,63717,,,,
20250530,016610,DB증권,7420,20,160626,,,,
20250530,016710,대성홀딩스,8740,350,135205,,,,
20250530,016740,두올,3250,20,23818,,,,
20250530,016800,퍼시스,44350,600,1186,,,,
20250530,016880,웅진,2060,124,3242970,,,,
20250530,017040,광명전기,2040,-130,1215587,,,,
20250530,017180,명문제약,1670,-4,33098,,,,
20250530,017370,우신시스템,7050,-150,70446,,,,
20250530,017390,서울가스,60100,2500,85077,,,,
20250530,017550,수산세보틱스,1828,1,62451,,,,
20250530,017670,SK텔레콤,51500,200,1574573,,,,
20250530,017800,현대엘리베이터,75900,900,94648,,,,
20250530,017810,풀무원,12650,0,104722,,,,
20250530,017860,DS단석,25203,544,149583,,,,
20250530,017900,광전자,1888,-2,43563,,,,
20250530,017940,E1,74600,600,18765,,,,
20250530,017960,한국카본,22000,0,1141640,,,,
20250530,018250,애경산업,15120,380,174657,,,,
20250530,018260,삼성에스디에스,130200,-2700,240435,,,,
20250530,018470,조일알미늄,1553,0,641071,,,,
20250530,018500,동원모빌리티,1397,-43,274601,,,,
20250530,018670,SK가스,212500,-1000,11974,,,,
20250530,018880,한온시스템,2807,-148,2476233,,,,
20250530,019170,신풍제약,11790,-200,763844,,,,
20250530,019175,신풍제약우,26100,3900,114765,,,,
20250530,019180,티에이치엔,2795,0,102787,,,,
20250530,019490,엑시큐어하이트론,827,35,2069205,,,,
20250530,019680,대교,2305,-25,29406,,,,
20250530,019685,대교우B,1288,-4,9519,,,,
20250530,020000,한섬,16110,10,132533,,,,
20250530,020120,키다리스튜디오,3330,-70,86142,,,,
20250530,020150,롯데에너지머티리얼즈,22050,-300,56184,,,,
20250530,020560,아시아나항공,10090,110,113387,,,,
20250530,020760,일진디스플,700,-8,54985,,,,
20250530,021050,서원,1208,0,281638,,,,
20250530,021240,코웨이,88900,-2100,683574,,,,
20250530,021820,세원정공,9250,380,44354,,,,
20250530,022100,포스코DX,22100,300,254063,,,,
20250530,023000,삼원강재,2450,-30,19873,,,,
20250530,023150,MH에탄올,5210,10,4721,,,,
20250530,023350,한국종합기술,5470,-60,26050,,,,
20250530,023450,동남합성,34300,50,811,,,,
20250530,023530,롯데쇼핑,80600,1900,118257,,,,
20250530,023590,다우기술,26850,-250,277043,,,,
20250530,023800,인지컨트롤스,6010,-10,13823,,,,
20250530,023810,인팩,5930,70,6382,,,,
20250530,023960,에쓰씨엔지니어링,1255,-3,84780,,,,
20250530,024070,WISCOM,1980,11,6126,,,,
20250530,024090,디씨엠,12850,60,6088,,,,
20250530,024110,기업은행,15740,100,1932130,,,,
20250530,024720,콜마홀딩스,12540,100,1459752,,,,
20250530,024890,대원화성,4490,0,2522,,,,
20250530,024900,디와이덕양,2640,-40,92622,,,,
20250530,025000,KPX케미칼,43485,-94,3577,,,,
20250530,025530,SJM홀딩스,3570,-30,40877,,,,
20250530,025540,한국단자,61200,-2300,64234,,,,
20250530,025560,미래산업,2227,4,93925,,,,
20250530,025620,차AI헬스케어,6960,-270,44829,,,,
20250530,025750,한솔홈데코,3500,-110,297153,,,,
20250530,025820,이구산업,4250,-35,111338,,,,
20250530,025860,남해화학,7220,50,89344,,,,
20250530,025890,한국주강,1832,-15,14913,,,,
20250530,026890,스틱인베스트먼트,10960,280,208781,,,,
20250530,026940,부국철강,2375,-10,46825,,,,
20250530,026960,동서,26000,250,80071,,,,
20250530,027410,BGF,4260,235,2624967,,,,
20250530,027740,마니커,1894,-44,551014,,,,
20250530,027970,한국제지,4050,20,5790,,,,
20250530,028050,삼성E&A,21750,-100,1095951,,,,
20250530,028100,동아지질,15900,-180,30246,,,,
20250530,028260,삼성물산,149800,-4700,1109176,,,,
20250530,02826K,삼성물산우B,111400,-3000,16601,,,,
20250530,028670,팬오션,3705,10,1763017,,,,
20250530,029460,케이씨,22250,200,48572,,,,
20250530,029530,신도리코,49150,1500,28788,,,,
20250530,029780,삼성카드,43200,-700,85876,,,,
20250530,030000,제일기획,18360,130,217928,,,,
20250530,030190,NICE평가정보,14540,240,96143,,,,
20250530,030200,KT,50800,-200,466533,,,,
20250530,030210,다올투자증권,3580,-40,148414,,,,
20250530,030610,교보증권,7820,-120,201506,,,,
20250530,030720,동원수산,5600,10,19623,,,,
20250530,031210,서울보증보험,34150,-100,170847,,,,
20250530,031430,신세계인터내셔날,10920,250,261383,,,,
20250530,031820,아이티센씨티에스,6210,-30,52292,,,,
20250530,032350,롯데관광개발,11870,70,622048,,,,
20250530,032560,황금에스티,5830,60,39243,,,,
20250530,032640,LG유플러스,12800,-70,2295951,,,,
20250530,032830,삼성생명,98900,-500,804456,,,,
20250530,033240,자화전자,11900,-280,54807,,,,
20250530,033250,체시스,7085,0,32767,,,,
20250530,033270,유나이티드제약,21050,50,48608,,,,
20250530,033530,SJG세종,4465,5,36368,,,,
20250530,033780,KT&G,120200,-800,632476,,,,
20250530,033920,무학,7940,-20,94886,,,,
20250530,034020,두산에너빌리티,40350,-1850,12787928,,,,
20250530,034120,SBS,25950,1500,337763,,,,
20250530,034220,LG디스플레이,8610,110,2993387,,,,
20250530,034230,파라다이스,12550,-90,399970,,,,
20250530,034310,NICE,11930,-280,79291,,,,
20250530,034590,인천도시가스,25350,0,1571,,,,
20250530,034730,SK,163700,-5800,488121,,,,
20250530,03473K,SK우,135000,-4500,5044,,,,
20250530,034830,한국토지신탁,1170,3,689901,,,,
20250530,035000,HS애드,7210,30,26171,,,,
20250530,035150,백산,14830,40,45361,,,,
20250530,035250,강원랜드,17040,-130,520054,,,,
20250530,035420,NAVER,187500,-1800,989028,,,,
20250530,035510,신세계 I&C,13440,40,82354,,,,
20250530,035720,카카오,42700,-1300,3539065,,,,
20250530,036420,콘텐트리중앙,12180,870,325532,,,,
20250530,036460,한국가스공사,41350,1150,479623,,,,
20250530,036530,SNT홀딩스,52000,1200,55333,,,,
20250530,036570,NC,152500,-6400,1720727,,,,
20250530,036580,팜스코,2510,-15,34952,,,,
20250530,037270,YG PLUS,6200,-170,1086542,,,,
20250530,037560,LG헬로비전,2530,20,544033,,,,
20250530,037710,광주신세계,28450,150,25679,,,,
20250530,039130,하나투어,50800,100,70719,,,,
20250530,039490,키움증권,162600,2200,260721,,,,
20250530,039570,HDC랩스,9180,50,11968,,,,
20250530,041650,상신브레이크,2970,-5,20880,,,,
20250530,042660,한화오션,78000,-100,2995093,,,,
20250530,042700,한미반도체,80400,-2900,745194,,,,
20250530,044380,주연테크,1755,35,8990,,,,
20250530,044450,KSS해운,9780,-200,76219,,,,
20250530,044820,코스맥스비티아이,14600,790,78573,,,,
20250530,047040,대우건설,4215,-45,2095898,,,,
20250530,047050,포스코인터내셔널,49050,-900,694547,,,,
20250530,047400,유니온머티리얼,1650,-26,139401,,,,
20250530,047810,한국항공우주,83600,-600,799439,,,,
20250530,049800,우진플라임,2075,-40,9979,,,,
20250530,051600,한전KPS,43200,-400,216819,,,,
20250530,051630,진양화학,2060,-35,61906,,,,
20250530,051900,LG생활건강,326000,-1500,57325,,,,
20250530,051905,LG생활건강우,130000,-1700,8161,,,,
20250530,051910,LG화학,197300,-2000,500660,,,,
20250530,051915,LG화학우,97800,-1100,51435,,,,
20250530,052690,한전기술,62800,-200,200768,,,,
20250530,053210,스카이라이프,4640,-5,39189,,,,
20250530,053690,한미글로벌,17480,-310,44806,,,,
20250530,055490,테이팩스,13310,-80,5264,,,,
20250530,055550,신한지주,58100,600,2273662,,,,
20250530,058430,포스코스틸리온,3800,55,295170,,,,
20250530,058650,세아홀딩스,98900,-700,2968,,,,
20250530,058730,다스코,3005,10,39316,,,,
20250530,058850,KTcs,2875,-20,1412008,,,,
20250530,058860,KTis,2910,-15,283096,,,,
20250530,060980,HL홀딩스,40350,300,52016,,,,
20250530,062040,산일전기,67000,100,226417,,,,
20250530,063160,종근당바이오,22650,50,5387,,,,
20250530,064350,현대로템,146400,1000,2072980,,,,
20250530,064400,LG씨엔에스,50200,-700,182337,,,,
20250530,064960,SNT모티브,29550,-100,49837,,,,
20250530,066570,LG전자,71100,-1100,592255,,,,
20250530,066575,LG전자우,36450,250,26020,,,,
20250530,066970,엘앤에프,57200,300,453347,,,,
20250530,067830,세이브존I&C,2585,45,75165,,,,
20250530,068270,셀트리온,147814,2113,945754,,,,
20250530,068290,삼성출판사,18110,-1590,172420,,,,
20250530,069260,TKG휴켐스,16270,-30,77158,,,,
20250530,069460,대호에이엘,9170,305,113283,,,,
20250530,069620,대웅제약,158700,13800,357899,,,,
20250530,069640,한세엠케이,3000,-206,51795,,,,
20250530,069730,DSR제강,3665,-10,8846,,,,
20250530,069960,현대백화점,72000,600,90580,,,,
20250530,070960,모나용평,4250,35,202155,,,,
20250530,071050,한국금융지주,108000,-300,566174,,,,
20250530,071055,한국금융지주우,77500,-1100,40711,,,,
20250530,071090,하이스틸,4565,300,6706435,,,,
20250530,071320,지역난방공사,78900,600,43652,,,,
20250530,071840,롯데하이마트,7890,-10,45423,,,,
20250530,071950,코아스,9670,50,6214,,,,
20250530,071970,HD현대마린엔진,42700,750,953185,,,,
20250530,072130,유엔젤,5220,160,103529,,,,
20250530,072710,농심홀딩스,78000,-500,25831,,,,
20250530,073240,금호타이어,4445,15,520939,,,,
20250530,074610,이엔플러스,5110,0,0,,,,
20250530,075180,새론오토모티브,3295,-5,5981,,,,
20250530,075580,세진중공업,11140,80,888830,,,,
20250530,077500,유니퀘스트,6410,-240,125411,,,,
20250530,077970,STX엔진,22750,-250,149437,,,,
20250530,078000,텔코웨어,12930,0,30949,,,,
20250530,078520,에이블씨엔씨,7090,-10,50838,,,,
20250530,078930,GS,43550,50,445627,,,,
20250530,078935,GS우,39900,0,15851,,,,
20250530,079160,CJ CGV,4750,25,210526,,,,
20250530,079430,현대리바트,7870,10,5883,,,,
20250530,079550,LIG디펜스앤에어로스페이스,429000,-4500,183441,,,,
20250530,079900,전진건설로봇,48800,-1050,49463,,,,
20250530,079980,휴비스,3015,-15,63763,,,,
20250530,081000,일진다이아,12640,360,20408,,,,
20250530,081660,미스토홀딩스,36050,-100,134764,,,,
20250530,082640,동양생명,5540,-80,91580,,,,
20250530,082740,한화엔진,27800,50,660159,,,,
20250530,083420,그린케미칼,7950,120,235340,,,,
20250530,084010,대한제강,11336,0,35596,,,,
20250530,084670,동양고속,7490,90,1993,,,,
20250530,084680,이월드,1440,-4,111368,,,,
20250530,084690,대상홀딩스,9850,-100,223381,,,,
20250530,084695,대상홀딩스우,14480,110,10117,,,,
20250530,084870,TBH글로벌,1211,11,36974,,,,
20250530,085310,엔케이,8380,-130,7909,,,,
20250530,085620,미래에셋생명,5630,-100,29984,,,,
20250530,086280,현대글로비스,113400,-1600,320553,,,,
20250530,086790,하나금융지주,72700,500,1639475,,,,
20250530,088260,이리츠코크렙,4640,-15,63000,,,,
20250530,088350,한화생명,2955,-100,2146717,,,,
20250530,088790,진도,1989,5,47485,,,,
20250530,088980,맥쿼리인프라,11730,20,606885,,,,
20250530,089470,HDC현대EP,3875,30,19053,,,,
20250530,089590,제주항공,6650,-20,76157,,,,
20250530,089860,롯데렌탈,32650,1000,92177,,,,
20250530,090080,평화산업,1215,-87,3199995,,,,
20250530,090350,노루페인트,9020,-60,157990,,,,
20250530,090355,노루페인트우,13800,-280,1787,,,,
20250530,090370,메타랩스,1479,-1,35113,,,,
20250530,090430,아모레퍼시픽,133700,-600,418641,,,,
20250530,090435,아모레퍼시픽우,44100,1650,98235,,,,
20250530,090460,비에이치,12180,-300,160010,,,,
20250530,091810,트리니티항공,1943,-33,1659281,,,,
20250530,092200,디아이씨,4585,-155,190102,,,,
20250530,092220,KEC,3730,-60,65200,,,,
20250530,092230,KPX홀딩스,66500,-3500,8551,,,,
20250530,092440,기신정기,2530,30,25342,,,,
20250530,092780,DYP,4430,-30,3567,,,,
20250530,092790,넥스틸,15700,580,807901,,,,
20250530,093050,LF,16660,320,49824,,,,
20250530,093240,형지엘리트,1606,-108,1869407,,,,
20250530,093370,후성,4210,-50,189536,,,,
20250530,094280,효성ITX,12160,70,10732,,,,
20250530,094800,맵스리얼티,4345,-5,14560,,,,
20250530,095570,AJ네트웍스,3925,-65,383329,,,,
20250530,095720,웅진씽크빅,3368,-68,180796,,,,
20250530,096760,JW홀딩스,3505,105,4222850,,,,
20250530,096770,SK이노베이션,89500,-300,662965,,,,
20250530,096775,SK이노베이션우,60800,100,4262,,,,
20250530,097230,HJ중공업,7220,-100,483363,,,,
20250530,097520,엠씨넥스,27300,0,27366,,,,
20250530,097950,CJ제일제당,231500,1000,93061,,,,
20250530,097955,CJ제일제당 우,137900,1500,2159,,,,
20250530,100090,SK오션플랜트,19220,750,735956,,,,
20250530,100220,비상교육,5680,-120,71188,,,,
20250530,100250,진양홀딩스,3045,0,59959,,,,
20250530,100840,SNT에너지,40600,-1350,137000,,,,
20250530,101140,인바이오젠,12150,-470,12334,,,,
20250530,101530,해태제과식품,6990,-110,47443,,,,
20250530,102260,동성케미컬,4028,-39,41620,,,,
20250530,102460,이연제약,11000,150,26641,,,,
20250530,103140,풍산,62000,-500,125118,,,,
20250530,103590,일진전기,30100,-200,370257,,,,
20250530,104700,한국철강,9290,-200,24658,,,,
20250530,105560,KB금융,104300,1600,3421277,,,,
20250530,105630,한세실업,11100,-680,254879,,,,
20250530,105840,우진,9050,-350,381677,,,,
20250530,107590,미원홀딩스,75000,-500,48,,,,
20250530,108320,LX세미콘,60200,300,14788,,,,
20250530,108670,LX하우시스,31700,-250,24754,,,,
20250530,108675,LX하우시스우,18200,-120,972,,,,
20250530,109070,주성코퍼레이션,923,-9,145655,,,,
20250530,111110,호전실업,8760,-110,55561,,,,
20250530,111380,동인기연,14700,60,22228,,,,
20250530,111770,영원무역,60700,200,59701,,,,
20250530,112610,씨에스윈드,49350,950,490657,,,,
20250530,114090,GKL,14090,-50,209336,,,,
20250530,117580,대성에너지,7790,60,52796,,,,
20250530,118000,메타케어,3430,-70,46023,,,,
20250530,119650,KC코트렐,918,0,0,,,,
20250530,120030,조선선재,102500,2300,3189,,,,
20250530,120110,코오롱인더,33450,-200,70383,,,,
20250530,120115,코오롱인더우,21450,100,8862,,,,
20250530,122900,아이마켓코리아,8080,20,26079,,,,
20250530,123690,한국화장품,6920,50,52676,,,,
20250530,123700,SJM,3325,75,72214,,,,
20250530,123890,한국자산신탁,2475,20,303873,,,,
20250530,126560,현대퓨처넷,3250,-40,85865,,,,
20250530,126720,수산인더스트리,26050,-950,90666,,,,
20250530,128820,대성산업,3565,155,402784,,,,
20250530,128940,한미약품,311500,5500,70368,,,,
20250530,129260,인터지스,2630,-5,82092,,,,
20250530,130660,한전산업,11460,-280,186467,,,,
20250530,133820,화인베스틸,886,-4,254308,,,,
20250530,134380,미원화학,7930,-20,920,,,,
20250530,134790,시디즈,28650,-100,3615,,,,
20250530,136490,선진,9540,10,217240,,,,
20250530,137310,에스디바이오센서,11660,180,424562,,,,
20250530,138040,메리츠금융지주,111700,-2300,1415996,,,,
20250530,138930,BNK금융지주,11060,-60,1289970,,,,
20250530,139130,iM금융지주,11170,60,747537,,,,
20250530,139480,이마트,91300,100,124299,,,,
20250530,139990,아주스틸,4010,30,17603,,,,
20250530,143210,핸즈코퍼레이션,1604,26,28133,,,,
20250530,145210,다이나믹디자인,10040,-70,7003,,,,
20250530,145270,케이탑리츠,925,5,97662,,,,
20250530,145720,덴티움,61800,-200,29411,,,,
20250530,145990,삼양사,51000,-300,20506,,,,
20250530,145995,삼양사우,32800,-550,521,,,,
20250530,155660,DSR,3880,40,35917,,,,
20250530,161000,애경케미칼,11620,570,13552009,,,,
20250530,161390,한국타이어앤테크놀로지,38500,-250,676444,,,,
20250530,161890,한국콜마,83000,0,150371,,,,
20250530,163560,동일고무벨트,7220,-100,24164,,,,
20250530,170900,동아에스티,46256,573,29941,,,,
20250530,175330,JB금융지주,18870,-110,581892,,,,
20250530,178920,PI첨단소재,17640,-80,75625,,,,
20250530,180640,한진칼,141300,-8700,366199,,,,
20250530,18064K,한진칼우,47300,-850,164113,,,,
20250530,181710,NHN,19060,-80,40962,,,,
20250530,183190,아세아시멘트,11390,-90,30089,,,,
20250530,185750,종근당,86600,2600,73786,,,,
20250530,192080,더블유게임즈,50700,100,43315,,,,
20250530,192400,쿠쿠홀딩스,30000,-1000,44270,,,,
20250530,192650,드림텍,6120,0,95474,,,,
20250530,192820,코스맥스,210000,5500,81796,,,,
20250530,194370,제이에스코퍼레이션,11560,-350,322964,,,,
20250530,195870,해성디에스,18340,-350,105083,,,,
20250530,200880,서연이화,11470,-390,59766,,,,
20250530,204320,HL만도,33700,-800,145359,,,,
20250530,207940,삼성바이오로직스,1518840,8831,78919,,,,
20250530,210540,디와이파워,12540,-10,24125,,,,
20250530,210980,SK디앤디,9650,150,60223,,,,
20250530,213500,한솔제지,8650,10,31758,,,,
20250530,214320,이노션,18180,-160,390705,,,,
20250530,214330,금호에이치티,17817,-544,51498,,,,
20250530,214390,경보제약,5490,30,11937,,,,
20250530,214420,토니모리,8750,0,230216,,,,
20250530,226320,잇츠한불,12160,-50,22032,,,,
20250530,227840,현대코퍼레이션홀딩스,12180,-20,92320,,,,
20250530,229640,LS에코에너지,32550,-400,66914,,,,
20250530,234080,JW생명과학,12190,30,20516,,,,
20250530,241560,두산밥캣,47000,-200,648830,,,,
20250530,241590,화승엔터프라이즈,7830,-290,145617,,,,
20250530,244920,에이플러스에셋,6020,40,114168,,,,
20250530,248070,솔루엠,15340,-180,173579,,,,
20250530,248170,샘표식품,26600,0,8045,,,,
20250530,249420,일동제약,12580,80,120538,,,,
20250530,251270,넷마블,51100,100,109373,,,,
20250530,259960,크래프톤,369000,-8500,400973,,,,
20250530,264900,크라운제과,8560,-140,58457,,,,
20250530,26490K,크라운제과우,9630,-60,6584,,,,
20250530,267250,HD현대,111700,3000,1018844,,,,
20250530,267260,HD현대일렉트릭,379000,-4000,207284,,,,
20250530,267270,HD건설기계,70500,-1000,64721,,,,
20250530,267290,경동도시가스,19150,90,19304,,,,
20250530,267850,아시아나IDT,11480,-220,14807,,,,
20250530,268280,미원에스씨,161900,-1500,1291,,,,
20250530,271560,오리온,110400,-1200,205856,,,,
20250530,271940,일진하이솔루스,13090,750,63347,,,,
20250530,271980,제일약품,12890,-110,238838,,,,
20250530,272210,한화시스템,45400,0,9085152,,,,
20250530,272450,진에어,9510,60,82487,,,,
20250530,272550,삼양패키징,13260,-30,14534,,,,
20250530,278470,에이피알,115300,1000,471245,,,,
20250530,280360,롯데웰푸드,119200,-3500,17494,,,,
20250530,281820,케이씨텍,24350,-850,286150,,,,
20250530,282330,BGF리테일,102500,-500,69788,,,,
20250530,284740,쿠쿠홈시스,25700,-200,42370,,,,
20250530,285130,SK케미칼,57400,2400,211150,,,,
20250530,28513K,SK케미칼우,24750,500,14417,,,,
20250530,286940,롯데이노베이트,18940,20,13796,,,,
20250530,293480,하나제약,11830,80,15232,,,,
20250530,293940,신한알파리츠,5660,0,197774,,,,
20250530,294870,IPARK현대산업개발,23400,-900,355133,,,,
20250530,298000,효성화학,77800,0,0,,,,
20250530,298020,효성티앤씨,243000,-13000,25871,,,,
20250530,298040,효성중공업,619000,-3000,47477,,,,
20250530,298050,HS효성첨단소재,199100,-1400,5281,,,,
20250530,298690,에어부산,2200,20,160912,,,,
20250530,300720,한일시멘트,18390,-130,66563,,,,
20250530,302440,SK바이오사이언스,45100,1900,246899,,,,
20250530,306200,세아제강,169000,-100,7278,,,,
20250530,307950,현대오토에버,143400,-600,201368,,,,
20250530,308170,씨티알모빌리티,5790,0,1614,,,,
20250530,316140,우리금융지주,19270,20,6892555,,,,
20250530,317400,자이에스앤디,3605,-50,48528,,,,
20250530,322000,HD현대에너지솔루션,48250,7550,2985173,,,,
20250530,323410,카카오뱅크,23500,-400,1465889,,,,
20250530,326030,SK바이오팜,93000,1400,466581,,,,
20250530,329180,HD현대중공업,405500,0,184038,,,,
20250530,330590,롯데리츠,3720,20,308142,,,,
20250530,334890,이지스밸류플러스리츠,4662,0,65355,,,,
20250530,336260,두산퓨얼셀,16820,170,292405,,,,
20250530,33626K,두산퓨얼셀1우,4700,5,24624,,,,
20250530,33626L,두산퓨얼셀2우B,8000,110,5296,,,,
20250530,336370,솔루스첨단소재,8580,350,302399,,,,
20250530,33637K,솔루스첨단소재1우,1716,29,70512,,,,
20250530,33637L,솔루스첨단소재2우B,4135,35,10117,,,,
20250530,338100,NH프라임리츠,4495,-10,32269,,,,
20250530,339770,교촌에프앤비,5160,120,69325,,,,
20250530,344820,KCC글라스,30700,-250,31518,,,,
20250530,348950,제이알글로벌리츠,2780,35,667071,,,,
20250530,350520,이지스레지던스리츠,4235,-5,26057,,,,
20250530,352820,하이브,266000,-6000,334461,,,,
20250530,353200,대덕전자,14980,-280,121426,,,,
20250530,35320K,대덕전자1우,7540,0,1197,,,,
20250530,357120,코람코라이프인프라리츠,4390,0,105476,,,,
20250530,357250,미래에셋맵스리츠,2730,40,79141,,,,
20250530,357430,마스턴프리미어리츠,1464,-1,33058,,,,
20250530,361610,SK아이이테크놀로지,21350,100,119461,,,,
20250530,363280,티와이홀딩스,2745,10,54585,,,,
20250530,36328K,티와이홀딩스우,3920,-10,24022,,,,
20250530,365550,ESR켄달스퀘어리츠,4385,35,438513,,,,
20250530,372910,한컴라이프케어,2920,-30,71035,,,,
20250530,373220,LG에너지솔루션,286000,-2000,224384,,,,
20250530,375500,DL이앤씨,48300,-1700,380111,,,,
20250530,37550K,DL이앤씨우,20150,-350,6945,,,,
20250530,37550L,DL이앤씨2우(전환),31300,-600,4480,,,,
20250530,377190,디앤디플랫폼리츠,3265,5,34769,,,,
20250530,377300,카카오페이,37850,-1250,324968,,,,
20250530,377740,바이오노트,5100,20,83301,,,,
20250530,378850,화승알앤에이,3225,-45,26004,,,,
20250530,381970,케이카,15090,-150,96622,,,,
20250530,383220,F&F,75500,1000,74003,,,,
20250530,383800,LX홀딩스,8250,-100,469976,,,,
20250530,38380K,LX홀딩스1우,8910,-220,7669,,,,
20250530,395400,SK리츠,4820,-30,449611,,,,
20250530,396690,미래에셋글로벌리츠,2745,-5,47744,,,,
20250530,400760,NH올원리츠,3620,5,145653,,,,
20250530,402340,SK스퀘어,114800,1600,1231516,,,,
20250530,403550,쏘카,13420,250,6294,,,,
20250530,404990,신한서부티엔디리츠,3600,25,48501,,,,
20250530,415640,KB발해인프라,7760,-150,97619,,,,
20250530,417310,코람코더원리츠,5130,-20,30772,,,,
20250530,432320,KB스타리츠,4005,10,48533,,,,
20250530,443060,HD현대마린솔루션,179800,100,200426,,,,
20250530,446070,유니드비티플러스,4215,125,47733,,,,
20250530,448730,삼성FN리츠,4615,5,38359,,,,
20250530,450080,에코프로머티,45100,-400,2445309,,,,
20250530,451800,한화리츠,3775,-10,127376,,,,
20250530,452260,한화갤러리아,1242,9,5018553,,,,
20250530,45226K,한화갤러리아우,2305,35,8922,,,,
20250530,453340,현대그린푸드,17150,10,60259,,,,
20250530,454910,두산로보틱스,47200,-600,107658,,,,
20250530,456040,OCI,55300,700,29059,,,,
20250530,457190,이수스페셜티케미컬,40500,-1450,158018,,,,
20250530,460850,동국씨엠,6490,0,34238,,,,
20250530,460860,동국제강,9150,110,79472,,,,
20250530,462520,조선내화,13080,-30,1757,,,,
20250530,462870,시프트업,50600,-700,269702,,,,
20250530,465770,STX그린로지스,8440,-120,60489,,,,
20250530,475150,SK이터닉스,19500,500,2210216,,,,
20250530,475560,더본코리아,25700,-150,35365,,,,
20250530,480370,씨케이솔루션,3607,-105,140744,,,,
20250530,481850,신한글로벌액티브리츠,1542,37,91902,,,,
20250530,483650,달바글로벌,150000,13600,1279342,,,,
20250530,484870,엠앤씨솔루션,42966,-100,99945,,,,
20250530,487570,HS효성,58500,5800,499715,,,,
20250530,489790,한화비전,52100,-1700,743355,,,,
20250530,499790,GS피앤엘,30300,0,282376,,,,
20250530,900140,엘브이엠씨홀딩스,1894,46,863969,,,,
20250530,950210,프레스티지바이오파마,13250,90,298559,,,,
