date,ticker,name,close,change,volume,indiv,organ,frgn,foreign_ratio
20250901,000020,동화약품,6170,-60,35496,,,,
20250901,000040,KR모터스,2715,-55,59031,,,,
20250901,000050,경방,7130,-70,35152,,,,
20250901,000070,삼양홀딩스,57187,-201,12105,,,,
20250901,000080,하이트진로,19200,100,106295,,,,
20250901,000087,하이트진로2우B,15510,-20,230,,,,
20250901,000100,유한양행,112600,-900,159646,,,,
20250901,000105,유한양행우,103000,0,2067,,,,
20250901,000120,CJ대한통운,82700,-800,37411,,,,
20250901,000140,하이트진로홀딩스,10040,-60,21712,,,,
20250901,000145,하이트진로홀딩스우,11830,-320,352,,,,
20250901,000150,두산,533000,-27000,76619,,,,
20250901,000155,두산우,323000,-14500,20329,,,,
20250901,000157,두산2우B,356000,-14000,2097,,,,
20250901,000180,성창기업지주,8495,-105,8730,,,,
20250901,000210,DL,38000,-1000,52855,,,,
20250901,000215,DL우,22300,-600,5616,,,,
20250901,000220,유유제약,4230,-125,54357,,,,
20250901,000225,유유제약1우,4925,-50,2528,,,,
20250901,000227,유유제약2우B,10380,-20,1096,,,,
20250901,000230,일동홀딩스,8920,-300,19867,,,,
20250901,000240,한국앤컴퍼니,23900,-500,52214,,,,
20250901,000270,기아,106500,700,496884,,,,
20250901,000300,DH오토넥스,4200,0,0,,,,
20250901,000320,노루홀딩스,35650,1850,59085,,,,
20250901,000325,노루홀딩스우,34750,750,892,,,,
20250901,000370,한화손해보험,5650,-40,493530,,,,
20250901,000390,SP삼화,6040,10,34552,,,,
20250901,000400,롯데손해보험,1620,3,267393,,,,
20250901,000430,대원강업,3985,-45,112126,,,,
20250901,000480,CR홀딩스,5000,-10,26002,,,,
20250901,000490,대동,9670,-230,117825,,,,
20250901,000500,가온전선,32674,-722,76665,,,,
20250901,000520,삼일제약,9660,-270,113121,,,,
20250901,000540,흥국화재,4065,-115,80720,,,,
20250901,000545,흥국화재우,7520,-130,2992,,,,
20250901,000590,CS홀딩스,83300,-100,419,,,,
20250901,000640,동아쏘시오홀딩스,105279,-2720,13116,,,,
20250901,000650,천일고속,41500,0,40,,,,
20250901,000660,SK하이닉스,256000,-13000,1837054,,,,
20250901,000670,영풍,36482,-389,18019,,,,
20250901,000680,LS네트웍스,4020,-40,181379,,,,
20250901,000700,유수홀딩스,5800,20,3407,,,,
20250901,000720,현대건설,60600,-1500,547443,,,,
20250901,000725,현대건설우,53100,-200,3130,,,,
20250901,000760,이화산업,12450,600,3039,,,,
20250901,000810,삼성화재,454000,10000,75806,,,,
20250901,000815,삼성화재우,330000,500,9755,,,,
20250901,000850,화천기공,30150,-100,3256,,,,
20250901,000860,강남제비스코,11500,-140,15953,,,,
20250901,000880,한화,102280,1680,320364,,,,
20250901,00088K,한화3우B,36095,604,54476,,,,
20250901,000890,보해양조,2235,-30,39948,,,,
20250901,000910,유니온,4500,-80,56813,,,,
20250901,000950,전방,32000,-750,1229,,,,
20250901,000970,한국주철관,6760,30,52791,,,,
20250901,000990,DB하이텍,44300,-1650,113176,,,,
20250901,001020,페이퍼코리아,3575,-65,2123,,,,
20250901,001040,CJ,161100,1200,121214,,,,
20250901,001045,CJ우,85000,1600,8228,,,,
20250901,00104K,CJ4우(전환),133200,200,9841,,,,
20250901,001060,JW중외제약,21400,-50,21787,,,,
20250901,001065,JW중외제약우,28600,-200,495,,,,
20250901,001067,JW중외제약2우B,61800,-1500,71,,,,
20250901,001070,대한방직,6600,100,7607,,,,
20250901,001080,만호제강,2785,10,8990,,,,
20250901,001120,LX인터내셔널,29600,-100,51016,,,,
20250901,001130,대한제분,14170,-120,11060,,,,
20250901,001200,유진투자증권,3390,-65,580281,,,,
20250901,001210,금호전기,5035,-315,164203,,,,
20250901,001230,동국홀딩스,1647,-22,130905,,,,
20250901,001250,GS글로벌,2515,-30,535663,,,,
20250901,001260,남광토건,8890,-270,20930,,,,
20250901,001270,부국증권,69900,4400,430424,,,,
20250901,001275,부국증권우,26300,100,8296,,,,
20250901,001290,상상인증권,674,-8,698454,,,,
20250901,001340,PKC,5730,-120,63510,,,,
20250901,001360,삼성제약,1514,-48,360820,,,,
20250901,001380,SG글로벌,3223,-38,47927,,,,
20250901,001390,KG케미칼,4570,-190,226138,,,,
20250901,001420,태원물산,3530,-30,632,,,,
20250901,001430,세아베스틸지주,27200,-700,63058,,,,
20250901,001440,대한전선,15260,-410,538484,,,,
20250901,001450,현대해상,27800,-100,265482,,,,
20250901,001460,BYC,41350,1100,2917,,,,
20250901,001465,BYC우,26150,0,1512,,,,
20250901,001470,삼부토건,347,0,0,,,,
20250901,001500,현대차증권,7760,-100,73565,,,,
20250901,001510,SK증권,1275,-26,418952,,,,
20250901,001515,SK증권우,4140,-90,1143,,,,
20250901,001520,동양,1248,-10,59104,,,,
20250901,001525,동양우,8140,100,1183,,,,
20250901,001527,동양2우B,17160,220,44,,,,
20250901,001530,DI동일,38143,-1048,102926,,,,
20250901,001550,조비,12480,-400,24251,,,,
20250901,001560,제일연마,10490,90,35427,,,,
20250901,001570,금양,9900,0,0,,,,
20250901,001620,케이비아이동국실업,2435,5,21635,,,,
20250901,001630,종근당홀딩스,47750,-500,2918,,,,
20250901,001680,대상,22700,100,87609,,,,
20250901,001685,대상우,16800,30,4278,,,,
20250901,001720,신영증권,150700,1700,62070,,,,
20250901,001740,SK네트웍스,4315,-70,235554,,,,
20250901,001750,한양증권,17200,-190,33525,,,,
20250901,001755,한양증권우,16570,-10,427,,,,
20250901,001770,SHD,17210,100,3678,,,,
20250901,001780,알루코,2095,-75,577156,,,,
20250901,001790,대한제당,2925,-25,137545,,,,
20250901,001795,대한제당우,2430,-10,36425,,,,
20250901,001800,오리온홀딩스,20700,-50,158470,,,,
20250901,001820,삼화콘덴서,25600,50,39225,,,,
20250901,001940,KISCO홀딩스,25650,-450,35605,,,,
20250901,002020,코오롱,44550,550,472713,,,,
20250901,002025,코오롱우,21400,-100,3662,,,,
20250901,002030,아세아,349500,-500,580,,,,
20250901,002070,비비안,14886,454,10510,,,,
20250901,002100,경농,9530,-160,24006,,,,
20250901,002140,고려산업,2635,-65,73548,,,,
20250901,002150,도화엔지니어링,6430,-170,56074,,,,
20250901,002170,SYTS,54500,-300,428,,,,
20250901,002200,한국수출포장,2890,-5,19486,,,,
20250901,002210,동성제약,1946,0,0,,,,
20250901,002220,한일철강,2900,65,50264,,,,
20250901,002240,고려제강,17480,-340,17275,,,,
20250901,002310,아세아제지,7900,-30,63883,,,,
20250901,002320,한진,20400,100,19422,,,,
20250901,002350,넥센타이어,5790,-70,61947,,,,
20250901,002355,넥센타이어1우B,3230,-45,25331,,,,
20250901,002360,SH에너지화학,4360,-20,14727,,,,
20250901,002380,KCC,395000,-3000,18610,,,,
20250901,002390,한독,11670,-90,20159,,,,
20250901,002410,범양건영,1935,0,0,,,,
20250901,002420,세기상사,5150,-30,2511,,,,
20250901,002450,삼익악기,1275,15,72254,,,,
20250901,002460,HS화성,10190,-30,28454,,,,
20250901,002600,조흥,151000,-700,3,,,,
20250901,002620,제일파마홀딩스,8640,-180,5998,,,,
20250901,002630,오리엔트바이오,1174,-8,298718,,,,
20250901,002690,동일제강,1597,-3,24155,,,,
20250901,002700,신일전자,1316,-26,322866,,,,
20250901,002710,TCC스틸,16410,-610,132975,,,,
20250901,002720,국제약품,4665,-35,32215,,,,
20250901,002760,보락,1026,-5,165881,,,,
20250901,002780,진흥기업,711,-7,189775,,,,
20250901,002785,진흥기업우B,3200,-140,130,,,,
20250901,002787,진흥기업2우B,7780,-20,6,,,,
20250901,002790,아모레퍼시픽홀딩스,27150,-50,70610,,,,
20250901,002795,아모레퍼시픽홀딩스우,11050,-90,3910,,,,
20250901,00279K,아모레퍼시픽홀딩스3우C,21100,50,1030,,,,
20250901,002810,삼영무역,15690,-230,14596,,,,
20250901,002820,SUN&L,2730,-30,3939,,,,
20250901,002840,미원상사,147800,1000,2600,,,,
20250901,002870,신풍,1057,-23,43561,,,,
20250901,002880,디와이에이,1133,-20,73142,,,,
20250901,002900,TYM,5590,-220,293555,,,,
20250901,002920,유성기업,2080,-25,21944,,,,
20250901,002960,한국쉘석유,435500,3500,617,,,,
20250901,002990,금호건설,3815,25,99840,,,,
20250901,002995,금호건설우,11720,0,62,,,,
20250901,003000,부광약품,3255,-70,290740,,,,
20250901,003010,혜인,5290,-40,85882,,,,
20250901,003030,세아제강지주,177000,-7300,11906,,,,
20250901,003060,에이프로젠바이오로직스,605,-7,140502,,,,
20250901,003070,코오롱글로벌,8770,0,10447,,,,
20250901,003075,코오롱글로벌우,14970,-30,491,,,,
20250901,003080,SB성보,2800,25,98438,,,,
20250901,003090,대웅,24050,-650,162889,,,,
20250901,0030R0,대신밸류리츠,4330,-20,39818,,,,
20250901,003120,일성아이에스,24950,1300,57145,,,,
20250901,003160,디아이,12710,-230,108453,,,,
20250901,003200,일신방직,9800,-200,9082,,,,
20250901,003220,대원제약,13000,-100,9094,,,,
20250901,003230,삼양식품,1567000,1000,24970,,,,
20250901,003240,태광산업,847000,-20000,1454,,,,
20250901,003280,흥아해운,1632,-7,666392,,,,
20250901,003300,한일홀딩스,17790,-60,9927,,,,
20250901,003350,한국화장품제조,11740,240,216345,,,,
20250901,003460,유화증권,2720,-5,18009,,,,
20250901,003465,유화증권우,2580,15,1211,,,,
20250901,003470,유안타증권,3390,-60,233077,,,,
20250901,003475,유안타증권우,3475,-45,18888,,,,
20250901,003480,한진중공업홀딩스,4960,100,193195,,,,
20250901,003490,대한항공,23600,-150,567333,,,,
20250901,003495,대한항공우,23500,-300,2019,,,,
20250901,003520,영진약품,1995,-15,205214,,,,
20250901,003530,한화투자증권,5380,-160,986204,,,,
20250901,003535,한화투자증권우,7260,-270,6331,,,,
20250901,003540,대신증권,27350,-550,340358,,,,
20250901,003545,대신증권우,21000,300,123153,,,,
20250901,003547,대신증권2우B,19600,-30,22333,,,,
20250901,003550,LG,75100,600,143298,,,,
20250901,003555,LG우,62000,0,3272,,,,
20250901,003570,SNT다이내믹스,63500,1000,101797,,,,
20250901,003580,HLB글로벌,2235,100,756974,,,,
20250901,003610,방림,4605,-20,45979,,,,
20250901,003620,KG모빌리티,3350,20,145114,,,,
20250901,003650,미창석유,107500,-1900,421,,,,
20250901,003670,포스코퓨처엠,138400,-2900,196994,,,,
20250901,003680,한성기업,5600,200,218064,,,,
20250901,003690,코리안리,10960,120,203498,,,,
20250901,003720,삼영,5110,10,653985,,,,
20250901,003780,진양산업,6110,-30,53475,,,,
20250901,003830,대한화섬,116400,-1200,163,,,,
20250901,003850,보령,8180,-170,50614,,,,
20250901,003920,남양유업,56200,-600,4630,,,,
20250901,003925,남양유업우,33200,0,9545,,,,
20250901,003960,사조대림,41750,150,11706,,,,
20250901,004000,롯데정밀화학,41350,-350,25158,,,,
20250901,004020,현대제철,31750,-350,330481,,,,
20250901,004060,SG세계물산,3150,-40,30691,,,,
20250901,004080,신흥,13890,0,433,,,,
20250901,004090,한국석유,13820,0,31713,,,,
20250901,004100,태양금속,2095,-55,290617,,,,
20250901,004105,태양금속우,3105,-40,44528,,,,
20250901,004140,동방,2975,-110,794080,,,,
20250901,004150,한솔홀딩스,3100,-55,122917,,,,
20250901,004170,신세계,164200,-1100,25806,,,,
20250901,004250,NPC,4035,-35,23447,,,,
20250901,004255,NPC우,2395,5,1738,,,,
20250901,004270,남성,8101,-103,3699,,,,
20250901,004310,현대약품,3810,-95,183590,,,,
20250901,004360,세방,13810,-160,51623,,,,
20250901,004365,세방우,8860,-40,13203,,,,
20250901,004370,농심,428500,18500,85281,,,,
20250901,004380,삼익THK,13000,0,0,,,,
20250901,004410,서울식품,1540,0,71510,,,,
20250901,004415,서울식품우,12310,-190,132,,,,
20250901,004430,송원산업,10110,-240,50756,,,,
20250901,004440,삼일씨엔에스,4855,-50,5862,,,,
20250901,004450,삼화왕관,34650,-600,820,,,,
20250901,004490,세방전지,61700,-600,28536,,,,
20250901,004540,깨끗한나라,2090,55,1129616,,,,
20250901,004545,깨끗한나라우,11850,-160,79,,,,
20250901,004560,현대비앤지스틸,11380,-190,22810,,,,
20250901,004690,삼천리,128200,800,11750,,,,
20250901,004700,조광피혁,69100,1200,14600,,,,
20250901,004710,한솔테크닉스,5181,-60,74413,,,,
20250901,004720,팜젠사이언스,4295,-115,91181,,,,
20250901,004770,써니전자,1602,-11,236094,,,,
20250901,004800,효성,87000,200,29919,,,,
20250901,004830,덕성,5590,200,7736046,,,,
20250901,004835,덕성우,7590,-110,332373,,,,
20250901,004840,DRB동일,4990,-10,3767,,,,
20250901,004870,티웨이홀딩스,2630,-86,82840,,,,
20250901,004890,동일산업,40500,400,614,,,,
20250901,004910,조광페인트,5500,-100,26498,,,,
20250901,004920,씨아이테크,1164,8,94586,,,,
20250901,004960,한신공영,7830,-210,13995,,,,
20250901,004970,신라교역,9100,-50,9050,,,,
20250901,004980,성신양회,10140,-320,75620,,,,
20250901,004985,성신양회우,11530,-60,2057,,,,
20250901,004990,롯데지주,30400,1200,577432,,,,
20250901,00499K,롯데지주우,31700,650,482,,,,
20250901,005010,휴스틸,3975,-75,342316,,,,
20250901,005030,부산주공,486,0,0,,,,
20250901,005070,코스모신소재,41600,-1250,388591,,,,
20250901,005090,SGC에너지,22750,-200,9919,,,,
20250901,005110,한창,1254,0,0,,,,
20250901,005180,빙그레,71000,400,22719,,,,
20250901,005250,녹십자홀딩스,14770,-370,36133,,,,
20250901,005257,녹십자홀딩스2우,27000,-800,996,,,,
20250901,005300,롯데칠성,120200,600,8718,,,,
20250901,005305,롯데칠성우,71000,0,466,,,,
20250901,005320,온타이드,1070,-12,225463,,,,
20250901,005360,모나미,2365,175,6087853,,,,
20250901,005380,현대차,220500,500,504672,,,,
20250901,005385,현대차우,166900,1900,124204,,,,
20250901,005387,현대차2우B,171700,1700,107446,,,,
20250901,005389,현대차3우B,166500,1000,16245,,,,
20250901,005420,코스모화학,16100,-100,99354,,,,
20250901,005430,한국공항,63400,-500,27102,,,,
20250901,005440,현대지에프홀딩스,7490,-220,113113,,,,
20250901,005490,POSCO홀딩스,281000,-4500,185318,,,,
20250901,005500,삼진제약,18940,-40,18193,,,,
20250901,005610,삼립,53500,-200,10491,,,,
20250901,005680,삼영전자,10190,-190,10930,,,,
20250901,005690,파미셀,10460,-680,1049306,,,,
20250901,005720,넥센,5820,60,21599,,,,
20250901,005725,넥센우,4425,0,13159,,,,
20250901,005740,크라운해태홀딩스,7270,-100,26905,,,,
20250901,005745,크라운해태홀딩스우,8320,-140,562,,,,
20250901,005750,대림바스,4495,-10,44699,,,,
20250901,005800,신영와코루,14570,200,6908,,,,
20250901,005810,풍산홀딩스,40050,0,20315,,,,
20250901,005820,원림,14390,-210,1699,,,,
20250901,005830,DB손해보험,137700,5800,189242,,,,
20250901,005850,에스엘,33800,-200,74612,,,,
20250901,005870,휴니드,8110,-70,46637,,,,
20250901,005880,대한해운,1696,-18,1226284,,,,
20250901,005930,삼성전자,67600,-2100,12002343,,,,
20250901,005935,삼성전자우,55400,-1200,1022543,,,,
20250901,005940,NH투자증권,19120,-310,400192,,,,
20250901,005945,NH투자증권우,16960,-100,32970,,,,
20250901,005950,이수화학,5430,-70,20375,,,,
20250901,005960,동부건설,5470,100,77620,,,,
20250901,005965,동부건설우,19040,-20,12,,,,
20250901,006040,동원산업,42700,-950,23212,,,,
20250901,006060,화승인더,4180,-90,114283,,,,
20250901,006090,사조오양,10100,130,6587,,,,
20250901,006110,삼아알미늄,21900,-450,39920,,,,
20250901,006120,SK디스커버리,52000,-900,10843,,,,
20250901,006125,SK디스커버리우,35850,150,662,,,,
20250901,006200,한국전자홀딩스,3495,-40,5564,,,,
20250901,006220,제주은행,13900,-310,518365,,,,
20250901,006260,LS,176000,-1600,134290,,,,
20250901,006280,녹십자,128100,-1600,21094,,,,
20250901,006340,대원전선,2780,-50,868185,,,,
20250901,006345,대원전선우,3540,-135,26221,,,,
20250901,006360,GS건설,18450,-220,215155,,,,
20250901,006370,대구백화점,6620,90,50358,,,,
20250901,006380,카프로,3660,0,0,,,,
20250901,006400,삼성SDI,203000,-4000,300030,,,,
20250901,006405,삼성SDI우,126200,-2300,5480,,,,
20250901,006490,프리티,4115,-65,105748,,,,
20250901,006570,대림통상,2715,-160,5356,,,,
20250901,006650,대한유화,118800,-3200,50266,,,,
20250901,006660,삼성공조,12650,-340,28386,,,,
20250901,006740,블루산업개발,2308,2,13145,,,,
20250901,006800,미래에셋증권,18758,-309,1257896,,,,
20250901,006805,미래에셋증권우,8574,-177,62812,,,,
20250901,00680K,미래에셋증권2우B,8189,-20,397888,,,,
20250901,006840,AK홀딩스,11120,-460,9673,,,,
20250901,006880,신송홀딩스,6740,-90,32666,,,,
20250901,006890,태경케미컬,9480,-180,23015,,,,
20250901,006980,우성,16850,50,2963,,,,
20250901,007070,GS리테일,16430,220,195476,,,,
20250901,007110,일신석재,2060,-55,724559,,,,
20250901,007120,미래아이앤지,960,-41,128960,,,,
20250901,007160,사조산업,52500,600,22411,,,,
20250901,007210,벽산,2090,-55,157301,,,,
20250901,007280,한국특강,3106,-116,44607,,,,
20250901,007310,오뚜기,394000,10500,17647,,,,
20250901,007340,DN오토모티브,26100,-500,44291,,,,
20250901,007460,에이프로젠,675,-9,1359036,,,,
20250901,007540,샘표,50900,1700,21963,,,,
20250901,007570,일양약품,13772,-190,16902,,,,
20250901,007575,일양약품우,15001,-282,46,,,,
20250901,007590,동방아그로,6230,-30,17552,,,,
20250901,007610,선도전기,3000,0,0,,,,
20250901,007660,이수페타시스,64700,-1900,1511261,,,,
20250901,007690,국도화학,35950,-300,32633,,,,
20250901,007700,F&F홀딩스,19100,-160,38804,,,,
20250901,007810,코리아써키트,12190,-350,66739,,,,
20250901,007815,코리아써우,6130,-10,152,,,,
20250901,00781K,코리아써키트2우B,6270,10,526,,,,
20250901,007860,서연,9040,-130,47621,,,,
20250901,007980,TP,1731,-91,1497106,,,,
20250901,008040,사조동아원,1117,-6,165746,,,,
20250901,008060,대덕,7820,-100,34839,,,,
20250901,00806K,대덕1우,8210,-30,1815,,,,
20250901,008250,이건산업,4915,-20,17565,,,,
20250901,008260,NI스틸,3520,-25,45504,,,,
20250901,008350,남선알미늄,1125,-23,479093,,,,
20250901,008355,남선알미우,12770,-160,208,,,,
20250901,008420,문배철강,2175,-30,72367,,,,
20250901,008490,서흥,28900,-900,75114,,,,
20250901,008600,윌비스,3712,-52,11623,,,,
20250901,008700,아남전자,1315,-30,194446,,,,
20250901,008730,율촌화학,29300,-800,81709,,,,
20250901,008770,호텔신라,46450,-450,143645,,,,
20250901,008775,호텔신라우,40000,-300,439,,,,
20250901,008870,금비,55200,100,1079,,,,
20250901,008930,한미사이언스,41000,-50,98940,,,,
20250901,008970,KBI동양철관,2629,0,0,,,,
20250901,009070,KCTC,5480,-100,293635,,,,
20250901,009140,경인전자,20550,-200,189588,,,,
20250901,009150,삼성전기,162200,1700,443088,,,,
20250901,009155,삼성전기우,72500,700,19363,,,,
20250901,009160,SIMPAC,4215,-25,65037,,,,
20250901,009180,한솔로지스틱스,2695,-90,115880,,,,
20250901,009190,대양금속,1635,95,475055,,,,
20250901,009200,무림페이퍼,2040,0,86821,,,,
20250901,009240,한샘,42000,-200,11204,,,,
20250901,009270,신원,1683,-56,1647242,,,,
20250901,009290,광동제약,6000,-70,74843,,,,
20250901,009310,참엔지니어링,1265,-39,95360,,,,
20250901,009320,아진전자부품,1054,0,99633,,,,
20250901,009410,태영건설,1752,-48,398105,,,,
20250901,009415,태영건설우,5100,190,895,,,,
20250901,009420,한올바이오파마,29100,-750,179126,,,,
20250901,009440,KC그린홀딩스,756,0,0,,,,
20250901,009450,경동나비엔,78200,700,66416,,,,
20250901,009460,한창제지,3205,-15,13958,,,,
20250901,009470,삼화전기,23900,-650,40821,,,,
20250901,009540,HD한국조선해양,415000,8500,541160,,,,
20250901,009580,무림P&P,2615,-5,21404,,,,
20250901,009680,모토닉,10420,110,95777,,,,
20250901,009770,삼정펄프,26850,200,951,,,,
20250901,009810,MDS스피어,3365,-60,27376,,,,
20250901,009830,한화솔루션,25939,-801,664504,,,,
20250901,009835,한화솔루션우,19463,-452,7040,,,,
20250901,009900,명신산업,8600,-270,121599,,,,
20250901,009970,영원무역홀딩스,132900,900,17853,,,,
20250901,010040,한국내화,2180,-60,10757,,,,
20250901,010060,OCI홀딩스,86000,-1500,57934,,,,
20250901,010100,한국무브넥스,4220,-110,208367,,,,
20250901,010120,LS ELECTRIC,54800,-2100,505095,,,,
20250901,010130,고려아연,816000,-5000,11084,,,,
20250901,010140,삼성중공업,20800,-500,4691083,,,,
20250901,010400,우진아이엔에스,2885,-85,15300,,,,
20250901,010580,에스엠벡셀,1490,-11,88776,,,,
20250901,010640,진양폴리,3397,8,32145,,,,
20250901,010660,화천기계,4275,300,1025992,,,,
20250901,010690,화신,8780,70,205461,,,,
20250901,010770,평화홀딩스,4150,-10,129257,,,,
20250901,010780,아이에스동서,19480,-120,11297,,,,
20250901,010820,퍼스텍,4345,155,1019365,,,,
20250901,010950,S-Oil,59500,-800,141472,,,,
20250901,010955,S-Oil우,39200,-200,4316,,,,
20250901,010960,삼호개발,3395,-5,42960,,,,
20250901,011000,진원생명과학,11100,-175,41545,,,,
20250901,011070,LG이노텍,162500,-6600,147711,,,,
20250901,011090,에넥스,2960,-45,56041,,,,
20250901,011150,CJ씨푸드,2870,-5,141586,,,,
20250901,011155,CJ씨푸드1우,16830,-150,70,,,,
20250901,011170,롯데케미칼,61800,-1700,95669,,,,
20250901,011200,HMM,22400,300,969669,,,,
20250901,011210,현대위아,51300,1000,141490,,,,
20250901,011230,삼화전자,3775,-70,85163,,,,
20250901,011280,태림포장,1980,-13,32769,,,,
20250901,011300,우성머티리얼스,3830,-140,233324,,,,
20250901,011330,유니켐,16040,-350,17352,,,,
20250901,011390,부산산업,86000,-2200,4366,,,,
20250901,011420,갤럭시아에스엠,2260,-5,222147,,,,
20250901,011500,한농화성,13930,-450,64580,,,,
20250901,011690,와이투솔루션,3020,-15,449912,,,,
20250901,011700,한신기계,3465,-80,164016,,,,
20250901,011760,현대코퍼레이션,21550,-650,33972,,,,
20250901,011780,금호석유화학,106900,-2700,89841,,,,
20250901,011785,금호석유화학우,55600,-300,12631,,,,
20250901,011790,SKC,84688,-3478,223033,,,,
20250901,011810,STX,3530,0,0,,,,
20250901,011930,신성이엔지,15290,-320,126881,,,,
20250901,012030,DB,1555,179,34240012,,,,
20250901,012160,영흥,3060,35,371273,,,,
20250901,012170,아센디오,2090,-105,348008,,,,
20250901,012200,계양전기,1355,-14,23208,,,,
20250901,012205,계양전기우,3287,-14,219,,,,
20250901,012280,영화금속,905,-10,43262,,,,
20250901,012320,경동인베스트,57300,-900,7055,,,,
20250901,012330,현대모비스,321500,3000,268038,,,,
20250901,012450,한화에어로스페이스,916000,32000,185557,,,,
20250901,012610,경인양행,3140,0,36491,,,,
20250901,012630,HDC,21250,-250,75813,,,,
20250901,012690,모나리자,2460,-10,34175,,,,
20250901,012750,에스원,79600,-500,18005,,,,
20250901,012800,대창,1289,-10,352140,,,,
20250901,013000,세우글로벌,1051,-23,25437,,,,
20250901,013360,일성건설,1404,-9,87355,,,,
20250901,013520,화승코퍼레이션,1933,13,65869,,,,
20250901,013570,디와이,4300,85,133731,,,,
20250901,013580,계룡건설,19550,-290,46784,,,,
20250901,013700,까뮤이앤씨,1160,0,34839,,,,
20250901,013870,지엠비코리아,4080,-20,9050,,,,
20250901,013890,지누스,16500,-310,112129,,,,
20250901,014130,한익스프레스,3330,20,19804,,,,
20250901,014160,대영포장,1143,0,692039,,,,
20250901,014280,금강공업,4230,-75,36790,,,,
20250901,014285,금강공업우,6920,-60,7,,,,
20250901,014440,영보화학,4250,-40,94946,,,,
20250901,014530,극동유화,3320,-25,99931,,,,
20250901,014580,태경비케이,4830,-10,143394,,,,
20250901,014680,한솔케미칼,159500,-17800,137538,,,,
20250901,014710,사조씨푸드,9070,-80,36112,,,,
20250901,014790,HL D&I,2450,0,41232,,,,
20250901,014820,동원시스템즈,28450,-200,14954,,,,
20250901,014825,동원시스템즈우,17550,0,93,,,,
20250901,014830,유니드,74000,-2000,17625,,,,
20250901,014910,성문전자,1178,-22,22816,,,,
20250901,014915,성문전자우,4335,-95,3264,,,,
20250901,014990,인디에프,5755,-255,168143,,,,
20250901,015020,이스타코,1226,-10,97210,,,,
20250901,015230,대창단조,6200,-360,195675,,,,
20250901,015260,에이엔피,480,-14,62290,,,,
20250901,015360,INVENI,12720,380,34480,,,,
20250901,015590,DKME,2575,0,0,,,,
20250901,015760,한국전력,36450,100,1343291,,,,
20250901,015860,일진홀딩스,5540,-300,200317,,,,
20250901,015890,태경산업,5420,-20,79471,,,,
20250901,016090,대현,1801,1,35310,,,,
20250901,016360,삼성증권,68000,-800,138553,,,,
20250901,016380,KG스틸,5250,-80,120535,,,,
20250901,016450,한세예스24홀딩스,3770,-50,49358,,,,
20250901,016580,환인제약,10250,-330,114882,,,,
20250901,016590,신대양제지,10700,350,13792,,,,
20250901,016610,DB증권,8740,-80,87606,,,,
20250901,016710,대성홀딩스,8490,-190,19218,,,,
20250901,016740,두올,3310,-115,41215,,,,
20250901,016800,퍼시스,44000,-50,256,,,,
20250901,016880,웅진,4690,-75,798419,,,,
20250901,017040,광명전기,1102,-17,322425,,,,
20250901,017180,명문제약,1711,-11,53191,,,,
20250901,017370,우신시스템,6840,-250,53214,,,,
20250901,017390,서울가스,62200,400,9501,,,,
20250901,017550,수산세보틱스,1860,-17,166529,,,,
20250901,017670,SK텔레콤,54800,600,476628,,,,
20250901,017800,현대엘리베이터,77300,-1100,84371,,,,
20250901,017810,풀무원,13970,0,279800,,,,
20250901,017860,DS단석,20103,-495,78493,,,,
20250901,017900,광전자,1846,-29,20446,,,,
20250901,017940,E1,75600,700,9188,,,,
20250901,017960,한국카본,32100,-800,459668,,,,
20250901,018250,애경산업,15940,-230,33537,,,,
20250901,018260,삼성에스디에스,146400,-900,64987,,,,
20250901,018470,조일알미늄,1434,-28,636196,,,,
20250901,018500,동원모빌리티,1402,-29,235172,,,,
20250901,018670,SK가스,249500,-8000,11257,,,,
20250901,018880,한온시스템,3323,0,702244,,,,
20250901,019170,신풍제약,12150,-160,155421,,,,
20250901,019175,신풍제약우,21850,-200,4208,,,,
20250901,019180,티에이치엔,5050,155,549627,,,,
20250901,019490,엑시큐어하이트론,688,-1,304382,,,,
20250901,019680,대교,2290,45,31793,,,,
20250901,019685,대교우B,1274,0,2387,,,,
20250901,020000,한섬,14930,-130,27693,,,,
20250901,020120,키다리스튜디오,3870,-20,73215,,,,
20250901,020150,롯데에너지머티리얼즈,24600,-1350,78145,,,,
20250901,020560,아시아나항공,9400,-80,41119,,,,
20250901,020760,일진디스플,900,-21,240883,,,,
20250901,021050,서원,1187,21,721799,,,,
20250901,021240,코웨이,104900,700,87187,,,,
20250901,021820,세원정공,9860,-240,26935,,,,
20250901,022100,포스코DX,21700,-750,194409,,,,
20250901,023000,삼원강재,2485,5,12906,,,,
20250901,023150,MH에탄올,5270,-30,2744,,,,
20250901,023350,한국종합기술,4905,-75,43701,,,,
20250901,023450,동남합성,31500,50,59,,,,
20250901,023530,롯데쇼핑,66300,200,44314,,,,
20250901,023590,다우기술,33900,-250,55251,,,,
20250901,023800,인지컨트롤스,5440,-150,44466,,,,
20250901,023810,인팩,6780,-110,12273,,,,
20250901,023960,에쓰씨엔지니어링,1185,-30,142795,,,,
20250901,024070,WISCOM,2005,-40,24679,,,,
20250901,024090,디씨엠,12330,-10,1875,,,,
20250901,024110,기업은행,18920,-100,676494,,,,
20250901,024720,콜마홀딩스,13200,-690,471420,,,,
20250901,024890,대원화성,4320,-75,3589,,,,
20250901,024900,디와이덕양,2320,-20,45296,,,,
20250901,025000,KPX케미칼,47730,-755,16316,,,,
20250901,025530,SJM홀딩스,3535,35,11137,,,,
20250901,025540,한국단자,61900,-1100,11275,,,,
20250901,025560,미래산업,2054,-18,69760,,,,
20250901,025620,차AI헬스케어,7660,730,183588,,,,
20250901,025750,한솔홈데코,3450,-40,47060,,,,
20250901,025820,이구산업,4450,-40,187396,,,,
20250901,025860,남해화학,6830,-190,87077,,,,
20250901,025890,한국주강,1816,-4,8290,,,,
20250901,026890,스틱인베스트먼트,10010,-150,80739,,,,
20250901,026940,부국철강,2300,-10,51304,,,,
20250901,026960,동서,27500,250,53967,,,,
20250901,027410,BGF,3945,-40,67283,,,,
20250901,027740,마니커,1646,-20,89396,,,,
20250901,027970,한국제지,3980,-25,5199,,,,
20250901,028050,삼성E&A,29200,100,492329,,,,
20250901,028100,동아지질,15020,-380,11873,,,,
20250901,028260,삼성물산,166400,-1400,141583,,,,
20250901,02826K,삼성물산우B,115600,-1000,2349,,,,
20250901,028670,팬오션,3895,0,646861,,,,
20250901,029460,케이씨,21400,-800,19994,,,,
20250901,029530,신도리코,43950,150,10602,,,,
20250901,029780,삼성카드,50600,100,39489,,,,
20250901,030000,제일기획,19760,-40,139285,,,,
20250901,030190,NICE평가정보,15760,0,24582,,,,
20250901,030200,KT,53300,-800,249185,,,,
20250901,030210,다올투자증권,3415,-120,113810,,,,
20250901,030610,교보증권,8720,20,87118,,,,
20250901,030720,동원수산,6080,40,9609,,,,
20250901,031210,서울보증보험,43600,-50,53941,,,,
20250901,031430,신세계인터내셔날,10160,-90,34625,,,,
20250901,031820,아이티센씨티에스,5980,-130,18651,,,,
20250901,032350,롯데관광개발,16020,50,787418,,,,
20250901,032560,황금에스티,5610,-70,12954,,,,
20250901,032640,LG유플러스,14440,-410,814149,,,,
20250901,032830,삼성생명,143800,700,224013,,,,
20250901,033240,자화전자,18330,-1540,101678,,,,
20250901,033250,체시스,5445,-60,45364,,,,
20250901,033270,유나이티드제약,20400,-200,14219,,,,
20250901,033530,SJG세종,6120,-30,230756,,,,
20250901,033780,KT&G,137100,2400,346368,,,,
20250901,033920,무학,7790,30,29597,,,,
20250901,034020,두산에너빌리티,59600,-2100,5716620,,,,
20250901,034120,SBS,20500,-950,74865,,,,
20250901,034220,LG디스플레이,11660,-340,1218833,,,,
20250901,034230,파라다이스,20650,-350,634504,,,,
20250901,034310,NICE,13400,-240,24065,,,,
20250901,034590,인천도시가스,26000,100,1711,,,,
20250901,034730,SK,207000,0,196835,,,,
20250901,03473K,SK우,155600,700,2123,,,,
20250901,034830,한국토지신탁,1239,28,775981,,,,
20250901,035000,HS애드,8800,240,27806,,,,
20250901,035150,백산,14850,-210,67348,,,,
20250901,035250,강원랜드,17960,-90,254456,,,,
20250901,035420,NAVER,215500,1000,634984,,,,
20250901,035510,신세계 I&C,14740,-270,58420,,,,
20250901,035720,카카오,61200,-1300,2491823,,,,
20250901,036420,콘텐트리중앙,10020,90,40994,,,,
20250901,036460,한국가스공사,39050,-500,211569,,,,
20250901,036530,SNT홀딩스,64000,-1000,33477,,,,
20250901,036570,NC,193200,-9800,84019,,,,
20250901,036580,팜스코,2710,-70,35995,,,,
20250901,037270,YG PLUS,8960,190,1209827,,,,
20250901,037560,LG헬로비전,2855,-90,197587,,,,
20250901,037710,광주신세계,29850,-50,4678,,,,
20250901,039130,하나투어,51000,-500,35063,,,,
20250901,039490,키움증권,200500,-5000,73377,,,,
20250901,039570,HDC랩스,8500,20,8924,,,,
20250901,041650,상신브레이크,2830,-45,28557,,,,
20250901,042660,한화오션,116400,4400,2631238,,,,
20250901,042700,한미반도체,81500,-5500,789335,,,,
20250901,044380,주연테크,2625,115,138318,,,,
20250901,044450,KSS해운,9400,-100,34505,,,,
20250901,044820,코스맥스비티아이,19240,170,24681,,,,
20250901,047040,대우건설,3645,-75,1340105,,,,
20250901,047050,포스코인터내셔널,47150,-850,339016,,,,
20250901,047400,유니온머티리얼,1426,-57,216351,,,,
20250901,047810,한국항공우주,93500,-1700,435319,,,,
20250901,049800,우진플라임,2220,55,75866,,,,
20250901,051600,한전KPS,49850,-450,78650,,,,
20250901,051630,진양화학,1970,-14,67814,,,,
20250901,051900,LG생활건강,292500,-3000,34422,,,,
20250901,051905,LG생활건강우,114500,-1400,13661,,,,
20250901,051910,LG화학,271500,-6000,135526,,,,
20250901,051915,LG화학우,132900,-3600,29171,,,,
20250901,052690,한전기술,89900,-2500,287397,,,,
20250901,053210,스카이라이프,5240,10,13669,,,,
20250901,053690,한미글로벌,19990,-410,68270,,,,
20250901,055490,테이팩스,15000,160,10270,,,,
20250901,055550,신한지주,64000,-1300,991727,,,,
20250901,058430,포스코스틸리온,3635,-125,80730,,,,
20250901,058650,세아홀딩스,126600,-2000,1492,,,,
20250901,058730,다스코,2885,-90,102473,,,,
20250901,058850,KTcs,2860,35,214331,,,,
20250901,058860,KTis,2920,20,174510,,,,
20250901,060980,HL홀딩스,39600,150,16081,,,,
20250901,062040,산일전기,106200,-5600,591054,,,,
20250901,063160,종근당바이오,22500,-400,7061,,,,
20250901,064350,현대로템,192000,-100,644094,,,,
20250901,064400,LG씨엔에스,65700,-2300,370408,,,,
20250901,064960,SNT모티브,36300,-900,90215,,,,
20250901,066570,LG전자,72200,-1700,348361,,,,
20250901,066575,LG전자우,36050,-450,31826,,,,
20250901,066970,엘앤에프,64000,-2000,365670,,,,
20250901,067830,세이브존I&C,2615,-20,23841,,,,
20250901,068270,셀트리온,161847,2097,298292,,,,
20250901,068290,삼성출판사,16100,-300,7662,,,,
20250901,069260,TKG휴켐스,17470,-130,34854,,,,
20250901,069460,대호에이엘,8695,40,118059,,,,
20250901,069620,대웅제약,135600,-400,30620,,,,
20250901,069640,한세엠케이,1676,-52,32806,,,,
20250901,069730,DSR제강,3805,-135,29949,,,,
20250901,069960,현대백화점,72700,-1600,45766,,,,
20250901,070960,모나용평,4070,-105,137865,,,,
20250901,071050,한국금융지주,128500,-5900,161429,,,,
20250901,071055,한국금융지주우,92300,-400,20277,,,,
20250901,071090,하이스틸,4405,-180,703788,,,,
20250901,071320,지역난방공사,82800,5900,57459,,,,
20250901,071840,롯데하이마트,8500,150,24876,,,,
20250901,071950,코아스,7520,-1050,135230,,,,
20250901,071970,HD현대마린엔진,92100,100,388194,,,,
20250901,072130,유엔젤,5430,-40,77431,,,,
20250901,072710,농심홀딩스,82200,2500,22125,,,,
20250901,073240,금호타이어,4945,-15,309913,,,,
20250901,074610,이엔플러스,5110,0,0,,,,
20250901,075180,새론오토모티브,3145,5,8081,,,,
20250901,075580,세진중공업,15860,660,4497089,,,,
20250901,077500,유니퀘스트,5730,-170,92848,,,,
20250901,077970,STX엔진,43850,550,750119,,,,
20250901,078000,텔코웨어,14950,540,28120,,,,
20250901,078520,에이블씨엔씨,14460,740,827128,,,,
20250901,078930,GS,45450,-50,125940,,,,
20250901,078935,GS우,42300,-100,7363,,,,
20250901,079160,CJ CGV,4605,-30,179242,,,,
20250901,079430,현대리바트,7100,-150,19305,,,,
20250901,079550,LIG디펜스앤에어로스페이스,493000,3500,83486,,,,
20250901,079900,전진건설로봇,48000,-1400,37641,,,,
20250901,079980,휴비스,3000,-90,68512,,,,
20250901,081000,일진다이아,12230,-650,15972,,,,
20250901,081660,미스토홀딩스,40400,-1350,136828,,,,
20250901,082640,동양생명,7370,-80,125549,,,,
20250901,082740,한화엔진,45750,-1750,2588484,,,,
20250901,083420,그린케미칼,7020,-130,81521,,,,
20250901,084010,대한제강,10369,-73,25085,,,,
20250901,084670,동양고속,8230,-40,6751,,,,
20250901,084680,이월드,1445,-24,96707,,,,
20250901,084690,대상홀딩스,9340,-160,82701,,,,
20250901,084695,대상홀딩스우,12820,-140,5776,,,,
20250901,084870,TBH글로벌,1491,-1,41717,,,,
20250901,085310,엔케이,13190,-500,683227,,,,
20250901,085620,미래에셋생명,7410,320,191291,,,,
20250901,086280,현대글로비스,185700,1300,198547,,,,
20250901,086790,하나금융지주,81300,-900,366500,,,,
20250901,088260,이리츠코크렙,4485,0,26429,,,,
20250901,088350,한화생명,3125,-10,833762,,,,
20250901,088790,진도,1877,-27,24531,,,,
20250901,088980,맥쿼리인프라,11600,-50,672466,,,,
20250901,089470,HDC현대EP,3990,-45,29705,,,,
20250901,089590,제주항공,6420,-170,74207,,,,
20250901,089860,롯데렌탈,28750,-50,61047,,,,
20250901,090080,평화산업,1007,3,182717,,,,
20250901,090350,노루페인트,9360,-20,122284,,,,
20250901,090355,노루페인트우,12910,-10,2155,,,,
20250901,090370,메타랩스,1287,-11,13938,,,,
20250901,090430,아모레퍼시픽,118000,-2300,120504,,,,
20250901,090435,아모레퍼시픽우,40550,50,9937,,,,
20250901,090460,비에이치,18240,-240,519890,,,,
20250901,091810,트리니티항공,1738,-16,219276,,,,
20250901,092200,디아이씨,4400,-20,324312,,,,
20250901,092220,KEC,3410,-75,147978,,,,
20250901,092230,KPX홀딩스,67200,400,954,,,,
20250901,092440,기신정기,2435,-25,27205,,,,
20250901,092780,DYP,4005,-115,8159,,,,
20250901,092790,넥스틸,12600,-530,395846,,,,
20250901,093050,LF,18270,-670,51260,,,,
20250901,093240,형지엘리트,1462,-49,1138060,,,,
20250901,093370,후성,5780,-230,530715,,,,
20250901,094280,효성ITX,12760,-100,5936,,,,
20250901,094800,맵스리얼티,4740,-20,55270,,,,
20250901,095570,AJ네트웍스,4310,-50,165579,,,,
20250901,095720,웅진씽크빅,3479,-108,63581,,,,
20250901,096760,JW홀딩스,3280,-40,81115,,,,
20250901,096770,SK이노베이션,100200,-700,134025,,,,
20250901,096775,SK이노베이션우,68100,-900,1201,,,,
20250901,097230,HJ중공업,21250,2370,21941226,,,,
20250901,097520,엠씨넥스,28700,-1300,53513,,,,
20250901,097950,CJ제일제당,229000,0,38106,,,,
20250901,097955,CJ제일제당 우,139200,600,4313,,,,
20250901,100090,SK오션플랜트,19820,-1030,896649,,,,
20250901,100220,비상교육,5230,-100,29761,,,,
20250901,100250,진양홀딩스,3103,9,49095,,,,
20250901,100840,SNT에너지,58900,-2500,172588,,,,
20250901,101140,인바이오젠,12450,260,56549,,,,
20250901,101530,해태제과식품,6570,-100,25510,,,,
20250901,102260,동성케미컬,4107,-30,36409,,,,
20250901,102460,이연제약,10600,-120,26037,,,,
20250901,103140,풍산,117900,-900,140007,,,,
20250901,103590,일진전기,35500,-750,474620,,,,
20250901,104700,한국철강,9900,-70,40740,,,,
20250901,105560,KB금융,107100,-1100,449563,,,,
20250901,105630,한세실업,9200,-100,49180,,,,
20250901,105840,우진,10590,-500,192086,,,,
20250901,107590,미원홀딩스,72000,-200,35,,,,
20250901,108320,LX세미콘,52800,-1000,33397,,,,
20250901,108670,LX하우시스,28100,-300,28065,,,,
20250901,108675,LX하우시스우,17380,-390,1492,,,,
20250901,109070,주성코퍼레이션,854,-25,163394,,,,
20250901,111110,호전실업,6870,-110,31999,,,,
20250901,111380,동인기연,13570,-110,5674,,,,
20250901,111770,영원무역,58200,-500,37548,,,,
20250901,112610,씨에스윈드,41350,-400,120040,,,,
20250901,114090,GKL,16420,-300,94107,,,,
20250901,117580,대성에너지,7950,-70,33361,,,,
20250901,118000,메타케어,3150,-30,11643,,,,
20250901,119650,KC코트렐,918,0,0,,,,
20250901,120030,조선선재,103000,-2500,5743,,,,
20250901,120110,코오롱인더,36200,-550,91823,,,,
20250901,120115,코오롱인더우,22300,-350,4659,,,,
20250901,122900,아이마켓코리아,8210,-90,37790,,,,
20250901,123690,한국화장품,9650,-350,67699,,,,
20250901,123700,SJM,3600,210,307788,,,,
20250901,123890,한국자산신탁,2385,-25,69070,,,,
20250901,126560,현대퓨처넷,3200,-60,45406,,,,
20250901,126720,수산인더스트리,22100,-200,14126,,,,
20250901,128820,대성산업,4055,-70,97239,,,,
20250901,128940,한미약품,304000,1000,71997,,,,
20250901,129260,인터지스,2640,-60,91359,,,,
20250901,130660,한전산업,12030,-420,116821,,,,
20250901,133820,화인베스틸,2060,15,1885400,,,,
20250901,134380,미원화학,8130,-30,1400,,,,
20250901,134790,시디즈,25750,-600,7118,,,,
20250901,136490,선진,11570,-40,78725,,,,
20250901,137310,에스디바이오센서,9900,-120,86961,,,,
20250901,138040,메리츠금융지주,125300,-1200,160196,,,,
20250901,138930,BNK금융지주,14580,180,726250,,,,
20250901,139130,iM금융지주,13830,120,370354,,,,
20250901,139480,이마트,71500,0,117825,,,,
20250901,139990,아주스틸,3840,60,29316,,,,
20250901,143210,핸즈코퍼레이션,1630,2,5881,,,,
20250901,145210,다이나믹디자인,7590,-210,6811,,,,
20250901,145270,케이탑리츠,959,-3,57439,,,,
20250901,145720,덴티움,55400,-2100,39161,,,,
20250901,145990,삼양사,48600,-350,8902,,,,
20250901,145995,삼양사우,33850,-450,471,,,,
20250901,155660,DSR,3690,-95,20583,,,,
20250901,161000,애경케미칼,10440,-110,191908,,,,
20250901,161390,한국타이어앤테크놀로지,40350,200,160189,,,,
20250901,161890,한국콜마,75900,-1900,140306,,,,
20250901,163560,동일고무벨트,6860,-120,25825,,,,
20250901,170900,동아에스티,41153,-1097,20821,,,,
20250901,175330,JB금융지주,23650,150,311860,,,,
20250901,178920,PI첨단소재,16550,-440,75245,,,,
20250901,180640,한진칼,110200,-1600,28220,,,,
20250901,18064K,한진칼우,37600,-350,1471,,,,
20250901,181710,NHN,25100,-900,71204,,,,
20250901,183190,아세아시멘트,13480,-250,61981,,,,
20250901,185750,종근당,78900,-1000,24178,,,,
20250901,192080,더블유게임즈,52100,-600,32304,,,,
20250901,192400,쿠쿠홀딩스,31800,500,31406,,,,
20250901,192650,드림텍,6220,-150,116164,,,,
20250901,192820,코스맥스,211000,-5500,86527,,,,
20250901,194370,제이에스코퍼레이션,10060,-120,58925,,,,
20250901,195870,해성디에스,22000,-450,80917,,,,
20250901,200880,서연이화,11730,0,36976,,,,
20250901,204320,HL만도,35650,-50,83688,,,,
20250901,207940,삼성바이오로직스,1465857,-7359,40996,,,,
20250901,210540,디와이파워,12280,-210,17737,,,,
20250901,210980,SK디앤디,10030,-70,44302,,,,
20250901,213500,한솔제지,8540,-30,41979,,,,
20250901,214320,이노션,18630,270,34212,,,,
20250901,214330,금호에이치티,15613,-218,13692,,,,
20250901,214390,경보제약,4850,-20,7206,,,,
20250901,214420,토니모리,10060,-240,170689,,,,
20250901,226320,잇츠한불,12220,-230,17486,,,,
20250901,227840,현대코퍼레이션홀딩스,12040,-190,15336,,,,
20250901,229640,LS에코에너지,38050,-1550,79965,,,,
20250901,234080,JW생명과학,11500,-40,19348,,,,
20250901,241560,두산밥캣,52300,-1100,112981,,,,
20250901,241590,화승엔터프라이즈,6680,-60,134895,,,,
20250901,244920,에이플러스에셋,7040,220,153785,,,,
20250901,248070,솔루엠,16480,-190,191975,,,,
20250901,248170,샘표식품,25950,0,6296,,,,
20250901,249420,일동제약,24450,-1000,903889,,,,
20250901,251270,넷마블,59000,-900,100271,,,,
20250901,259960,크래프톤,331000,3500,74207,,,,
20250901,264900,크라운제과,9360,-40,12847,,,,
20250901,26490K,크라운제과우,9510,-180,1700,,,,
20250901,267250,HD현대,137300,200,159153,,,,
20250901,267260,HD현대일렉트릭,487000,-5500,60551,,,,
20250901,267270,HD건설기계,85200,-2200,102290,,,,
20250901,267290,경동도시가스,20150,240,17444,,,,
20250901,267850,아시아나IDT,11490,-50,3532,,,,
20250901,268280,미원에스씨,141100,-2300,455,,,,
20250901,271560,오리온,108200,400,64852,,,,
20250901,271940,일진하이솔루스,17160,-830,64635,,,,
20250901,271980,제일약품,12960,-470,29047,,,,
20250901,272210,한화시스템,51100,200,608766,,,,
20250901,272450,진에어,8350,-160,47986,,,,
20250901,272550,삼양패키징,13100,-320,20003,,,,
20250901,278470,에이피알,225500,-1500,438676,,,,
20250901,280360,롯데웰푸드,115100,-1100,11640,,,,
20250901,281820,케이씨텍,31150,-2300,127791,,,,
20250901,282330,BGF리테일,115000,-2300,49111,,,,
20250901,284740,쿠쿠홈시스,26750,-300,18341,,,,
20250901,285130,SK케미칼,58100,-1400,24842,,,,
20250901,28513K,SK케미칼우,25750,-200,2569,,,,
20250901,286940,롯데이노베이트,20850,-400,9610,,,,
20250901,293480,하나제약,11810,-240,29835,,,,
20250901,293940,신한알파리츠,5580,30,165153,,,,
20250901,294870,IPARK현대산업개발,19570,-300,253464,,,,
20250901,298000,효성화학,77800,0,0,,,,
20250901,298020,효성티앤씨,215000,-4000,7138,,,,
20250901,298040,효성중공업,1216000,-24000,45069,,,,
20250901,298050,HS효성첨단소재,188800,-1300,5738,,,,
20250901,298690,에어부산,1979,-20,144133,,,,
20250901,300720,한일시멘트,19060,-280,87252,,,,
20250901,302440,SK바이오사이언스,46350,-900,65268,,,,
20250901,306200,세아제강,131600,-2100,5147,,,,
20250901,307950,현대오토에버,170300,-5300,96811,,,,
20250901,308170,씨티알모빌리티,4970,-160,3816,,,,
20250901,316140,우리금융지주,24500,-300,869334,,,,
20250901,317400,자이에스앤디,3360,-50,25476,,,,
20250901,322000,HD현대에너지솔루션,42450,-750,36662,,,,
20250901,323410,카카오뱅크,23950,-700,640714,,,,
20250901,326030,SK바이오팜,98000,-600,89414,,,,
20250901,329180,HD현대중공업,510000,-10000,223878,,,,
20250901,330590,롯데리츠,3830,10,349838,,,,
20250901,334890,이지스밸류플러스리츠,4262,-10,39640,,,,
20250901,336260,두산퓨얼셀,26100,-2500,2387778,,,,
20250901,33626K,두산퓨얼셀1우,6630,-320,86462,,,,
20250901,33626L,두산퓨얼셀2우B,11250,-170,9679,,,,
20250901,336370,솔루스첨단소재,7290,-160,159102,,,,
20250901,33637K,솔루스첨단소재1우,1593,-47,38492,,,,
20250901,33637L,솔루스첨단소재2우B,3480,-45,14668,,,,
20250901,338100,NH프라임리츠,4520,-30,64152,,,,
20250901,339770,교촌에프앤비,4840,-10,53304,,,,
20250901,344820,KCC글라스,29500,-200,18917,,,,
20250901,348950,제이알글로벌리츠,2765,55,445768,,,,
20250901,350520,이지스레지던스리츠,3960,-5,21300,,,,
20250901,352820,하이브,285000,-2000,144997,,,,
20250901,353200,대덕전자,23600,-450,494810,,,,
20250901,35320K,대덕전자1우,8800,-90,1204,,,,
20250901,357120,코람코라이프인프라리츠,4275,-5,76886,,,,
20250901,357250,미래에셋맵스리츠,2610,-10,21643,,,,
20250901,357430,마스턴프리미어리츠,1524,0,12027,,,,
20250901,361610,SK아이이테크놀로지,26950,-800,95714,,,,
20250901,363280,티와이홀딩스,3130,-80,35487,,,,
20250901,36328K,티와이홀딩스우,5370,-260,4940,,,,
20250901,365550,ESR켄달스퀘어리츠,4460,75,423442,,,,
20250901,372910,한컴라이프케어,2680,-40,114422,,,,
20250901,373220,LG에너지솔루션,349000,-3000,122899,,,,
20250901,375500,DL이앤씨,41550,-800,103303,,,,
20250901,37550K,DL이앤씨우,18960,-100,2997,,,,
20250901,37550L,DL이앤씨2우(전환),29250,-250,1587,,,,
20250901,377190,디앤디플랫폼리츠,3230,0,60620,,,,
20250901,377300,카카오페이,58200,-1600,492711,,,,
20250901,377740,바이오노트,5510,-180,34116,,,,
20250901,378850,화승알앤에이,2980,-35,25059,,,,
20250901,381970,케이카,15890,-10,56664,,,,
20250901,383220,F&F,65300,-1200,39852,,,,
20250901,383800,LX홀딩스,7790,-100,136819,,,,
20250901,38380K,LX홀딩스1우,8550,-50,310,,,,
20250901,395400,SK리츠,5030,75,315132,,,,
20250901,396690,미래에셋글로벌리츠,2720,0,107051,,,,
20250901,400760,NH올원리츠,3185,45,243247,,,,
20250901,402340,SK스퀘어,145000,-4000,227876,,,,
20250901,403550,쏘카,11630,-80,4426,,,,
20250901,404990,신한서부티엔디리츠,3410,-30,60014,,,,
20250901,415640,KB발해인프라,8800,-100,226148,,,,
20250901,417310,코람코더원리츠,5780,0,53299,,,,
20250901,432320,KB스타리츠,3880,-20,33614,,,,
20250901,439260,대한조선,80800,-5100,728614,,,,
20250901,443060,HD현대마린솔루션,204000,-9000,97222,,,,
20250901,446070,유니드비티플러스,3895,-25,15400,,,,
20250901,448730,삼성FN리츠,4275,-35,50413,,,,
20250901,450080,에코프로머티,49100,-1400,291802,,,,
20250901,451800,한화리츠,3885,-10,152696,,,,
20250901,452260,한화갤러리아,1125,-2,280877,,,,
20250901,45226K,한화갤러리아우,2235,-5,2390,,,,
20250901,453340,현대그린푸드,15960,-140,14530,,,,
20250901,454910,두산로보틱스,61400,-1100,136352,,,,
20250901,456040,OCI,52600,-1000,16142,,,,
20250901,457190,이수스페셜티케미컬,43700,-950,141115,,,,
20250901,460850,동국씨엠,5340,-60,55691,,,,
20250901,460860,동국제강,9090,-220,114389,,,,
20250901,462520,조선내화,13620,-80,2412,,,,
20250901,462870,시프트업,40750,-900,74146,,,,
20250901,465770,STX그린로지스,7550,250,267445,,,,
20250901,475150,SK이터닉스,20250,-200,294499,,,,
20250901,475560,더본코리아,23800,-600,22954,,,,
20250901,480370,씨케이솔루션,3290,-17,39896,,,,
20250901,481850,신한글로벌액티브리츠,1407,-11,108623,,,,
20250901,483650,달바글로벌,174500,-4200,120256,,,,
20250901,484870,엠앤씨솔루션,64333,4600,179334,,,,
20250901,487570,HS효성,57800,-1600,8930,,,,
20250901,489790,한화비전,51000,-2300,463487,,,,
20250901,499790,GS피앤엘,47950,-950,72161,,,,
20250901,900140,엘브이엠씨홀딩스,1801,-20,256136,,,,
20250901,950210,프레스티지바이오파마,13070,-630,245017,,,,
20250902,000020,동화약품,6250,80,33984,,,,
20250902,000040,KR모터스,2760,45,70749,,,,
20250902,000050,경방,7130,0,42642,,,,
20250902,000070,삼양홀딩스,56921,-266,10767,,,,
20250902,000080,하이트진로,19180,-20,58834,,,,
20250902,000087,하이트진로2우B,15520,10,1063,,,,
20250902,000100,유한양행,114000,1400,161980,,,,
20250902,000105,유한양행우,104200,1200,1607,,,,
20250902,000120,CJ대한통운,82200,-500,46622,,,,
20250902,000140,하이트진로홀딩스,10110,70,17123,,,,
20250902,000145,하이트진로홀딩스우,11930,100,262,,,,
20250902,000150,두산,532000,-1000,49663,,,,
20250902,000155,두산우,330000,7000,16723,,,,
20250902,000157,두산2우B,355000,-1000,878,,,,
20250902,000180,성창기업지주,8560,65,11078,,,,
20250902,000210,DL,37800,-200,114924,,,,
20250902,000215,DL우,22300,0,2596,,,,
20250902,000220,유유제약,4265,35,20262,,,,
20250902,000225,유유제약1우,4865,-60,6954,,,,
20250902,000227,유유제약2우B,10460,80,973,,,,
20250902,000230,일동홀딩스,8500,-420,78271,,,,
20250902,000240,한국앤컴퍼니,23450,-450,59498,,,,
20250902,000270,기아,107200,700,400273,,,,
20250902,000300,DH오토넥스,4200,0,0,,,,
20250902,000320,노루홀딩스,36250,600,72524,,,,
20250902,000325,노루홀딩스우,34950,200,302,,,,
20250902,000370,한화손해보험,5670,20,536357,,,,
20250902,000390,SP삼화,6040,0,22012,,,,
20250902,000400,롯데손해보험,1620,0,250622,,,,
20250902,000430,대원강업,3995,10,124036,,,,
20250902,000480,CR홀딩스,5000,0,17760,,,,
20250902,000490,대동,9740,70,61466,,,,
20250902,000500,가온전선,32396,-278,58052,,,,
20250902,000520,삼일제약,10200,540,262979,,,,
20250902,000540,흥국화재,4125,60,41830,,,,
20250902,000545,흥국화재우,7500,-20,3117,,,,
20250902,000590,CS홀딩스,85000,1700,1057,,,,
20250902,000640,동아쏘시오홀딩스,105765,486,4088,,,,
20250902,000650,천일고속,41550,50,43,,,,
20250902,000660,SK하이닉스,260500,4500,1584710,,,,
20250902,000670,영풍,37017,535,38193,,,,
20250902,000680,LS네트웍스,3990,-30,285096,,,,
20250902,000700,유수홀딩스,5740,-60,5457,,,,
20250902,000720,현대건설,60000,-600,878428,,,,
20250902,000725,현대건설우,53400,300,2088,,,,
20250902,000760,이화산업,12190,-260,2326,,,,
20250902,000810,삼성화재,459500,5500,114746,,,,
20250902,000815,삼성화재우,336500,6500,8565,,,,
20250902,000850,화천기공,30200,50,2158,,,,
20250902,000860,강남제비스코,11610,110,3314,,,,
20250902,000880,한화,102160,-120,251728,,,,
20250902,00088K,한화3우B,36095,0,31107,,,,
20250902,000890,보해양조,2265,30,38068,,,,
20250902,000910,유니온,4525,25,32476,,,,
20250902,000950,전방,32950,950,2448,,,,
20250902,000970,한국주철관,6830,70,29300,,,,
20250902,000990,DB하이텍,43950,-350,106598,,,,
20250902,001020,페이퍼코리아,3600,25,7991,,,,
20250902,001040,CJ,160900,-200,91345,,,,
20250902,001045,CJ우,90500,5500,19936,,,,
20250902,00104K,CJ4우(전환),134000,800,7331,,,,
20250902,001060,JW중외제약,21500,100,18489,,,,
20250902,001065,JW중외제약우,28950,350,13,,,,
20250902,001067,JW중외제약2우B,60000,-1800,19,,,,
20250902,001070,대한방직,6510,-90,10951,,,,
20250902,001080,만호제강,2805,20,8180,,,,
20250902,001120,LX인터내셔널,29500,-100,52606,,,,
20250902,001130,대한제분,14110,-60,9380,,,,
20250902,001200,유진투자증권,3360,-30,354081,,,,
20250902,001210,금호전기,5015,-20,29257,,,,
20250902,001230,동국홀딩스,1631,-16,120423,,,,
20250902,001250,GS글로벌,2520,5,382279,,,,
20250902,001260,남광토건,9130,240,41972,,,,
20250902,001270,부국증권,68300,-1600,152537,,,,
20250902,001275,부국증권우,26200,-100,4166,,,,
20250902,001290,상상인증권,673,-1,355967,,,,
20250902,001340,PKC,5720,-10,82562,,,,
20250902,001360,삼성제약,1557,43,323439,,,,
20250902,001380,SG글로벌,3187,-36,59976,,,,
20250902,001390,KG케미칼,4510,-60,237375,,,,
20250902,001420,태원물산,3545,15,3938,,,,
20250902,001430,세아베스틸지주,26400,-800,194945,,,,
20250902,001440,대한전선,15240,-20,486824,,,,
20250902,001450,현대해상,27900,100,152020,,,,
20250902,001460,BYC,40050,-1300,3165,,,,
20250902,001465,BYC우,26350,200,2223,,,,
20250902,001470,삼부토건,347,0,0,,,,
20250902,001500,현대차증권,7760,0,38053,,,,
20250902,001510,SK증권,1271,-4,355066,,,,
20250902,001515,SK증권우,4080,-60,772,,,,
20250902,001520,동양,1250,2,37867,,,,
20250902,001525,동양우,8150,10,24,,,,
20250902,001527,동양2우B,17160,0,101,,,,
20250902,001530,DI동일,38048,-95,107978,,,,
20250902,001550,조비,12540,60,6983,,,,
20250902,001560,제일연마,10720,230,24177,,,,
20250902,001570,금양,9900,0,0,,,,
20250902,001620,케이비아이동국실업,2435,0,12120,,,,
20250902,001630,종근당홀딩스,47650,-100,3473,,,,
20250902,001680,대상,22450,-250,48856,,,,
20250902,001685,대상우,16730,-70,5885,,,,
20250902,001720,신영증권,142500,-8200,53866,,,,
20250902,001740,SK네트웍스,4315,0,174974,,,,
20250902,001750,한양증권,17110,-90,14057,,,,
20250902,001755,한양증권우,16620,50,574,,,,
20250902,001770,SHD,17430,220,2881,,,,
20250902,001780,알루코,2145,50,189362,,,,
20250902,001790,대한제당,2935,10,121918,,,,
20250902,001795,대한제당우,2425,-5,18085,,,,
20250902,001800,오리온홀딩스,20500,-200,70227,,,,
20250902,001820,삼화콘덴서,26550,950,35068,,,,
20250902,001940,KISCO홀딩스,25600,-50,6445,,,,
20250902,002020,코오롱,43950,-600,327804,,,,
20250902,002025,코오롱우,21150,-250,1962,,,,
20250902,002030,아세아,350500,1000,255,,,,
20250902,002070,비비안,14847,-39,10121,,,,
20250902,002100,경농,9590,60,7168,,,,
20250902,002140,고려산업,2650,15,42553,,,,
20250902,002150,도화엔지니어링,6490,60,26425,,,,
20250902,002170,SYTS,54600,100,429,,,,
20250902,002200,한국수출포장,2890,0,13174,,,,
20250902,002210,동성제약,1946,0,0,,,,
20250902,002220,한일철강,2905,5,21372,,,,
20250902,002240,고려제강,17490,10,4307,,,,
20250902,002310,아세아제지,7900,0,40562,,,,
20250902,002320,한진,20750,350,16970,,,,
20250902,002350,넥센타이어,5760,-30,60447,,,,
20250902,002355,넥센타이어1우B,3250,20,18654,,,,
20250902,002360,SH에너지화학,4390,30,8170,,,,
20250902,002380,KCC,393500,-1500,13603,,,,
20250902,002390,한독,11680,10,11424,,,,
20250902,002410,범양건영,1935,0,0,,,,
20250902,002420,세기상사,5310,160,3603,,,,
20250902,002450,삼익악기,1270,-5,116724,,,,
20250902,002460,HS화성,10220,30,11266,,,,
20250902,002600,조흥,150400,-600,70,,,,
20250902,002620,제일파마홀딩스,8670,30,964,,,,
20250902,002630,오리엔트바이오,1150,-24,510652,,,,
20250902,002690,동일제강,1592,-5,8015,,,,
20250902,002700,신일전자,1319,3,244699,,,,
20250902,002710,TCC스틸,16220,-190,92628,,,,
20250902,002720,국제약품,4725,60,52677,,,,
20250902,002760,보락,1030,4,56399,,,,
20250902,002780,진흥기업,712,1,71368,,,,
20250902,002785,진흥기업우B,3205,5,4,,,,
20250902,002787,진흥기업2우B,7770,-10,6,,,,
20250902,002790,아모레퍼시픽홀딩스,27000,-150,88618,,,,
20250902,002795,아모레퍼시픽홀딩스우,11050,0,5310,,,,
20250902,00279K,아모레퍼시픽홀딩스3우C,21000,-100,962,,,,
20250902,002810,삼영무역,15770,80,10030,,,,
20250902,002820,SUN&L,2750,20,3048,,,,
20250902,002840,미원상사,147700,-100,1745,,,,
20250902,002870,신풍,1078,21,71948,,,,
20250902,002880,디와이에이,1137,4,30009,,,,
20250902,002900,TYM,5670,80,161433,,,,
20250902,002920,유성기업,2070,-10,60388,,,,
20250902,002960,한국쉘석유,434500,-1000,553,,,,
20250902,002990,금호건설,3795,-20,89855,,,,
20250902,002995,금호건설우,11640,-80,171,,,,
20250902,003000,부광약품,3300,45,145402,,,,
20250902,003010,혜인,5310,20,65561,,,,
20250902,003030,세아제강지주,176000,-1000,5784,,,,
20250902,003060,에이프로젠바이오로직스,607,2,126968,,,,
20250902,003070,코오롱글로벌,8880,110,4959,,,,
20250902,003075,코오롱글로벌우,14640,-330,1350,,,,
20250902,003080,SB성보,2805,5,108693,,,,
20250902,003090,대웅,23400,-650,178367,,,,
20250902,0030R0,대신밸류리츠,4320,-10,53154,,,,
20250902,003120,일성아이에스,24700,-250,21367,,,,
20250902,003160,디아이,12680,-30,67788,,,,
20250902,003200,일신방직,10020,220,27812,,,,
20250902,003220,대원제약,13000,0,10336,,,,
20250902,003230,삼양식품,1551000,-16000,18349,,,,
20250902,003240,태광산업,854000,7000,807,,,,
20250902,003280,흥아해운,1637,5,502557,,,,
20250902,003300,한일홀딩스,17810,20,8650,,,,
20250902,003350,한국화장품제조,11760,20,367120,,,,
20250902,003460,유화증권,2720,0,23769,,,,
20250902,003465,유화증권우,2595,15,61,,,,
20250902,003470,유안타증권,3375,-15,205159,,,,
20250902,003475,유안타증권우,3465,-10,49158,,,,
20250902,003480,한진중공업홀딩스,4775,-185,237674,,,,
20250902,003490,대한항공,23450,-150,835351,,,,
20250902,003495,대한항공우,23550,50,1310,,,,
20250902,003520,영진약품,2015,20,84099,,,,
20250902,003530,한화투자증권,5380,0,741768,,,,
20250902,003535,한화투자증권우,7440,180,5678,,,,
20250902,003540,대신증권,27250,-100,204226,,,,
20250902,003545,대신증권우,20950,-50,56218,,,,
20250902,003547,대신증권2우B,19590,-10,19309,,,,
20250902,003550,LG,75000,-100,108978,,,,
20250902,003555,LG우,62000,0,2774,,,,
20250902,003570,SNT다이내믹스,66100,2600,149510,,,,
20250902,003580,HLB글로벌,2235,0,135021,,,,
20250902,003610,방림,4640,35,89897,,,,
20250902,003620,KG모빌리티,3320,-30,109315,,,,
20250902,003650,미창석유,109700,2200,1211,,,,
20250902,003670,포스코퓨처엠,136900,-1500,192679,,,,
20250902,003680,한성기업,5530,-70,78686,,,,
20250902,003690,코리안리,11040,80,174893,,,,
20250902,003720,삼영,5030,-80,382065,,,,
20250902,003780,진양산업,6240,130,82704,,,,
20250902,003830,대한화섬,119700,3300,157,,,,
20250902,003850,보령,8250,70,28506,,,,
20250902,003920,남양유업,55700,-500,5416,,,,
20250902,003925,남양유업우,34700,1500,21855,,,,
20250902,003960,사조대림,42150,400,9243,,,,
20250902,004000,롯데정밀화학,41500,150,28519,,,,
20250902,004020,현대제철,31300,-450,466960,,,,
20250902,004060,SG세계물산,3160,10,16332,,,,
20250902,004080,신흥,13790,-100,2275,,,,
20250902,004090,한국석유,13710,-110,26862,,,,
20250902,004100,태양금속,2085,-10,110134,,,,
20250902,004105,태양금속우,3090,-15,9646,,,,
20250902,004140,동방,2925,-50,688615,,,,
20250902,004150,한솔홀딩스,3080,-20,52444,,,,
20250902,004170,신세계,161200,-3000,28737,,,,
20250902,004250,NPC,4025,-10,18465,,,,
20250902,004255,NPC우,2395,0,2416,,,,
20250902,004270,남성,8157,56,3053,,,,
20250902,004310,현대약품,3855,45,80911,,,,
20250902,004360,세방,13710,-100,24156,,,,
20250902,004365,세방우,8820,-40,14967,,,,
20250902,004370,농심,430000,1500,48687,,,,
20250902,004380,삼익THK,13000,0,0,,,,
20250902,004410,서울식품,1550,10,25914,,,,
20250902,004415,서울식품우,12350,40,261,,,,
20250902,004430,송원산업,10210,100,26280,,,,
20250902,004440,삼일씨엔에스,4830,-25,3322,,,,
20250902,004450,삼화왕관,34450,-200,60,,,,
20250902,004490,세방전지,61400,-300,49375,,,,
20250902,004540,깨끗한나라,2130,40,133788,,,,
20250902,004545,깨끗한나라우,11810,-40,219,,,,
20250902,004560,현대비앤지스틸,11470,90,11874,,,,
20250902,004690,삼천리,126800,-1400,13096,,,,
20250902,004700,조광피혁,66500,-2600,7310,,,,
20250902,004710,한솔테크닉스,5290,109,70753,,,,
20250902,004720,팜젠사이언스,4330,35,67908,,,,
20250902,004770,써니전자,1610,8,98232,,,,
20250902,004800,효성,85200,-1800,53294,,,,
20250902,004830,덕성,5450,-140,555361,,,,
20250902,004835,덕성우,7490,-100,24793,,,,
20250902,004840,DRB동일,5030,40,9438,,,,
20250902,004870,티웨이홀딩스,2578,-52,78330,,,,
20250902,004890,동일산업,40500,0,756,,,,
20250902,004910,조광페인트,5500,0,17914,,,,
20250902,004920,씨아이테크,1144,-20,82643,,,,
20250902,004960,한신공영,7680,-150,18764,,,,
20250902,004970,신라교역,9100,0,5916,,,,
20250902,004980,성신양회,10050,-90,37021,,,,
20250902,004985,성신양회우,11430,-100,1310,,,,
20250902,004990,롯데지주,29900,-500,289452,,,,
20250902,00499K,롯데지주우,31625,-75,234,,,,
20250902,005010,휴스틸,4030,55,143042,,,,
20250902,005030,부산주공,486,0,0,,,,
20250902,005070,코스모신소재,41400,-200,381077,,,,
20250902,005090,SGC에너지,22650,-100,15411,,,,
20250902,005110,한창,1254,0,0,,,,
20250902,005180,빙그레,71100,100,9204,,,,
20250902,005250,녹십자홀딩스,14800,30,26951,,,,
20250902,005257,녹십자홀딩스2우,26350,-650,1893,,,,
20250902,005300,롯데칠성,119000,-1200,7830,,,,
20250902,005305,롯데칠성우,70700,-300,404,,,,
20250902,005320,온타이드,1078,8,81948,,,,
20250902,005360,모나미,2265,-100,5884750,,,,
20250902,005380,현대차,220000,-500,365383,,,,
20250902,005385,현대차우,168100,1200,96557,,,,
20250902,005387,현대차2우B,173400,1700,83950,,,,
20250902,005389,현대차3우B,167600,1100,11333,,,,
20250902,005420,코스모화학,16050,-50,77497,,,,
20250902,005430,한국공항,65400,2000,19170,,,,
20250902,005440,현대지에프홀딩스,7360,-130,177316,,,,
20250902,005490,POSCO홀딩스,280000,-1000,189256,,,,
20250902,005500,삼진제약,19050,110,19210,,,,
20250902,005610,삼립,53900,400,3786,,,,
20250902,005680,삼영전자,10250,60,6960,,,,
20250902,005690,파미셀,10550,90,534244,,,,
20250902,005720,넥센,5740,-80,29485,,,,
20250902,005725,넥센우,4535,110,1139,,,,
20250902,005740,크라운해태홀딩스,7170,-100,25900,,,,
20250902,005745,크라운해태홀딩스우,8310,-10,265,,,,
20250902,005750,대림바스,4480,-15,25441,,,,
20250902,005800,신영와코루,14420,-150,2450,,,,
20250902,005810,풍산홀딩스,40050,0,9553,,,,
20250902,005820,원림,14050,-340,3164,,,,
20250902,005830,DB손해보험,139000,1300,194235,,,,
20250902,005850,에스엘,33800,0,52865,,,,
20250902,005870,휴니드,8270,160,58084,,,,
20250902,005880,대한해운,1701,5,1308280,,,,
20250902,005930,삼성전자,69100,1500,10604028,,,,
20250902,005935,삼성전자우,56700,1300,1008514,,,,
20250902,005940,NH투자증권,19090,-30,344839,,,,
20250902,005945,NH투자증권우,17100,140,20457,,,,
20250902,005950,이수화학,5480,50,16747,,,,
20250902,005960,동부건설,5490,20,80109,,,,
20250902,005965,동부건설우,19190,150,154,,,,
20250902,006040,동원산업,41850,-850,40501,,,,
20250902,006060,화승인더,4195,15,36641,,,,
20250902,006090,사조오양,10130,30,5325,,,,
20250902,006110,삼아알미늄,22200,300,27267,,,,
20250902,006120,SK디스커버리,51300,-700,6912,,,,
20250902,006125,SK디스커버리우,35900,50,2401,,,,
20250902,006200,한국전자홀딩스,3505,10,2297,,,,
20250902,006220,제주은행,13830,-70,289522,,,,
20250902,006260,LS,172300,-3700,118582,,,,
20250902,006280,녹십자,128900,800,31905,,,,
20250902,006340,대원전선,2785,5,401034,,,,
20250902,006345,대원전선우,3575,35,7113,,,,
20250902,006360,GS건설,18560,110,199469,,,,
20250902,006370,대구백화점,6650,30,29503,,,,
20250902,006380,카프로,3660,0,0,,,,
20250902,006400,삼성SDI,202500,-500,295808,,,,
20250902,006405,삼성SDI우,125100,-1100,5510,,,,
20250902,006490,프리티,4130,15,72482,,,,
20250902,006570,대림통상,2585,-130,10310,,,,
20250902,006650,대한유화,118100,-700,41155,,,,
20250902,006660,삼성공조,12740,90,12662,,,,
20250902,006740,블루산업개발,2315,7,15580,,,,
20250902,006800,미래에셋증권,18639,-119,1145499,,,,
20250902,006805,미래에셋증권우,8633,59,34797,,,,
20250902,00680K,미래에셋증권2우B,8209,20,313950,,,,
20250902,006840,AK홀딩스,11230,110,6195,,,,
20250902,006880,신송홀딩스,6790,50,27557,,,,
20250902,006890,태경케미컬,9400,-80,18335,,,,
20250902,006980,우성,16860,10,657,,,,
20250902,007070,GS리테일,16230,-200,78576,,,,
20250902,007110,일신석재,2040,-20,568720,,,,
20250902,007120,미래아이앤지,924,-36,156316,,,,
20250902,007160,사조산업,51900,-600,6526,,,,
20250902,007210,벽산,2095,5,42844,,,,
20250902,007280,한국특강,3098,-8,15668,,,,
20250902,007310,오뚜기,392000,-2000,4552,,,,
20250902,007340,DN오토모티브,25700,-400,96072,,,,
20250902,007460,에이프로젠,682,7,1955015,,,,
20250902,007540,샘표,49750,-1150,7406,,,,
20250902,007570,일양약품,13760,-12,14257,,,,
20250902,007575,일양약품우,14695,-306,252,,,,
20250902,007590,동방아그로,6220,-10,1706,,,,
20250902,007610,선도전기,3000,0,0,,,,
20250902,007660,이수페타시스,65000,300,939031,,,,
20250902,007690,국도화학,35450,-500,20155,,,,
20250902,007700,F&F홀딩스,19250,150,28096,,,,
20250902,007810,코리아써키트,12260,70,55554,,,,
20250902,007815,코리아써우,6130,0,168,,,,
20250902,00781K,코리아써키트2우B,6270,0,546,,,,
20250902,007860,서연,9040,0,22452,,,,
20250902,007980,TP,1737,6,843909,,,,
20250902,008040,사조동아원,1120,3,64130,,,,
20250902,008060,대덕,7900,80,47347,,,,
20250902,00806K,대덕1우,7990,-220,4129,,,,
20250902,008250,이건산업,4915,0,12673,,,,
20250902,008260,NI스틸,3530,10,21159,,,,
20250902,008350,남선알미늄,1136,11,282313,,,,
20250902,008355,남선알미우,12800,30,1122,,,,
20250902,008420,문배철강,2170,-5,25031,,,,
20250902,008490,서흥,29400,500,99594,,,,
20250902,008600,윌비스,3671,-41,10926,,,,
20250902,008700,아남전자,1316,1,83166,,,,
20250902,008730,율촌화학,29050,-250,79526,,,,
20250902,008770,호텔신라,45600,-850,183784,,,,
20250902,008775,호텔신라우,39900,-100,1409,,,,
20250902,008870,금비,55400,200,653,,,,
20250902,008930,한미사이언스,41200,200,90815,,,,
20250902,008970,KBI동양철관,2629,0,0,,,,
20250902,009070,KCTC,5500,20,206885,,,,
20250902,009140,경인전자,20450,-100,2653,,,,
20250902,009150,삼성전기,169900,7700,862789,,,,
20250902,009155,삼성전기우,76000,3500,38688,,,,
20250902,009160,SIMPAC,4250,35,31809,,,,
20250902,009180,한솔로지스틱스,2710,15,106296,,,,
20250902,009190,대양금속,1608,-27,141305,,,,
20250902,009200,무림페이퍼,2050,10,40648,,,,
20250902,009240,한샘,41900,-100,9425,,,,
20250902,009270,신원,1700,17,938027,,,,
20250902,009290,광동제약,6000,0,60308,,,,
20250902,009310,참엔지니어링,1270,5,26722,,,,
20250902,009320,아진전자부품,1076,22,65891,,,,
20250902,009410,태영건설,1748,-4,242343,,,,
20250902,009415,태영건설우,4960,-140,528,,,,
20250902,009420,한올바이오파마,30350,1250,290662,,,,
20250902,009440,KC그린홀딩스,756,0,0,,,,
20250902,009450,경동나비엔,77200,-1000,44072,,,,
20250902,009460,한창제지,3215,10,5262,,,,
20250902,009470,삼화전기,24250,350,26470,,,,
20250902,009540,HD한국조선해양,414500,-500,257092,,,,
20250902,009580,무림P&P,2595,-20,93810,,,,
20250902,009680,모토닉,10550,130,57324,,,,
20250902,009770,삼정펄프,27300,450,13142,,,,
20250902,009810,MDS스피어,3365,0,44897,,,,
20250902,009830,한화솔루션,26646,707,756333,,,,
20250902,009835,한화솔루션우,19644,181,5235,,,,
20250902,009900,명신산업,8650,50,44262,,,,
20250902,009970,영원무역홀딩스,128700,-4200,15115,,,,
20250902,010040,한국내화,2185,5,9192,,,,
20250902,010060,OCI홀딩스,87000,1000,68068,,,,
20250902,010100,한국무브넥스,4385,165,482651,,,,
20250902,010120,LS ELECTRIC,54800,0,428620,,,,
20250902,010130,고려아연,824000,8000,18679,,,,
20250902,010140,삼성중공업,21050,250,4828981,,,,
20250902,010400,우진아이엔에스,2845,-40,6521,,,,
20250902,010580,에스엠벡셀,1505,15,41136,,,,
20250902,010640,진양폴리,3393,-4,24562,,,,
20250902,010660,화천기계,4500,225,812018,,,,
20250902,010690,화신,8690,-90,167619,,,,
20250902,010770,평화홀딩스,4050,-100,115498,,,,
20250902,010780,아이에스동서,19550,70,16633,,,,
20250902,010820,퍼스텍,4395,50,953350,,,,
20250902,010950,S-Oil,58900,-600,182306,,,,
20250902,010955,S-Oil우,38250,-950,14177,,,,
20250902,010960,삼호개발,3395,0,21734,,,,
20250902,011000,진원생명과학,11175,75,30738,,,,
20250902,011070,LG이노텍,168500,6000,166380,,,,
20250902,011090,에넥스,2995,35,13272,,,,
20250902,011150,CJ씨푸드,2870,0,73964,,,,
20250902,011155,CJ씨푸드1우,17000,170,12,,,,
20250902,011170,롯데케미칼,61800,0,73976,,,,
20250902,011200,HMM,22350,-50,912075,,,,
20250902,011210,현대위아,51400,100,73174,,,,
20250902,011230,삼화전자,3770,-5,45265,,,,
20250902,011280,태림포장,2000,20,37747,,,,
20250902,011300,우성머티리얼스,4110,280,152288,,,,
20250902,011330,유니켐,16010,-30,23052,,,,
20250902,011390,부산산업,86900,900,2018,,,,
20250902,011420,갤럭시아에스엠,2240,-20,165242,,,,
20250902,011500,한농화성,14000,70,20822,,,,
20250902,011690,와이투솔루션,3300,280,1463738,,,,
20250902,011700,한신기계,3510,45,111070,,,,
20250902,011760,현대코퍼레이션,22000,450,36890,,,,
20250902,011780,금호석유화학,106700,-200,59176,,,,
20250902,011785,금호석유화학우,55400,-200,4504,,,,
20250902,011790,SKC,85816,1128,134992,,,,
20250902,011810,STX,3530,0,0,,,,
20250902,011930,신성이엔지,15550,260,92693,,,,
20250902,012030,DB,1489,-66,8381646,,,,
20250902,012160,영흥,2980,-80,202082,,,,
20250902,012170,아센디오,2090,0,236169,,,,
20250902,012200,계양전기,1355,0,19648,,,,
20250902,012205,계양전기우,3267,-20,608,,,,
20250902,012280,영화금속,938,33,84452,,,,
20250902,012320,경동인베스트,56300,-1000,7334,,,,
20250902,012330,현대모비스,323500,2000,176539,,,,
20250902,012450,한화에어로스페이스,933000,17000,129384,,,,
20250902,012610,경인양행,3145,5,34880,,,,
20250902,012630,HDC,20950,-300,68941,,,,
20250902,012690,모나리자,2480,20,32900,,,,
20250902,012750,에스원,79700,100,17431,,,,
20250902,012800,대창,1300,11,515902,,,,
20250902,013000,세우글로벌,1033,-18,85757,,,,
20250902,013360,일성건설,1418,14,96188,,,,
20250902,013520,화승코퍼레이션,1952,19,16333,,,,
20250902,013570,디와이,4305,5,33659,,,,
20250902,013580,계룡건설,20000,450,71021,,,,
20250902,013700,까뮤이앤씨,1157,-3,81342,,,,
20250902,013870,지엠비코리아,4050,-30,2602,,,,
20250902,013890,지누스,16600,100,40383,,,,
20250902,014130,한익스프레스,3320,-10,10834,,,,
20250902,014160,대영포장,1128,-15,650612,,,,
20250902,014280,금강공업,4245,15,47876,,,,
20250902,014285,금강공업우,6980,60,14,,,,
20250902,014440,영보화학,4270,20,9057,,,,
20250902,014530,극동유화,3305,-15,321748,,,,
20250902,014580,태경비케이,4870,40,80879,,,,
20250902,014680,한솔케미칼,161200,1700,49598,,,,
20250902,014710,사조씨푸드,9110,40,25586,,,,
20250902,014790,HL D&I,2490,40,48576,,,,
20250902,014820,동원시스템즈,28500,50,15766,,,,
20250902,014825,동원시스템즈우,17500,-50,116,,,,
20250902,014830,유니드,74100,100,18727,,,,
20250902,014910,성문전자,1189,11,17320,,,,
20250902,014915,성문전자우,4200,-135,979,,,,
20250902,014990,인디에프,5690,-65,138752,,,,
20250902,015020,이스타코,1278,52,168921,,,,
20250902,015230,대창단조,6150,-50,47146,,,,
20250902,015260,에이엔피,476,-4,120301,,,,
20250902,015360,INVENI,12660,-60,8970,,,,
20250902,015590,DKME,2575,0,0,,,,
20250902,015760,한국전력,36800,350,1268516,,,,
20250902,015860,일진홀딩스,5400,-140,102736,,,,
20250902,015890,태경산업,5380,-40,66351,,,,
20250902,016090,대현,1807,6,18318,,,,
20250902,016360,삼성증권,68100,100,102255,,,,
20250902,016380,KG스틸,5220,-30,97397,,,,
20250902,016450,한세예스24홀딩스,3800,30,13217,,,,
20250902,016580,환인제약,10280,30,49965,,,,
20250902,016590,신대양제지,10400,-300,25692,,,,
20250902,016610,DB증권,8570,-170,42437,,,,
20250902,016710,대성홀딩스,8520,30,12238,,,,
20250902,016740,두올,3305,-5,17499,,,,
20250902,016800,퍼시스,44150,150,206,,,,
20250902,016880,웅진,4690,0,501998,,,,
20250902,017040,광명전기,1095,-7,269174,,,,
20250902,017180,명문제약,1717,6,43395,,,,
20250902,017370,우신시스템,6770,-70,24222,,,,
20250902,017390,서울가스,62400,200,5408,,,,
20250902,017550,수산세보틱스,1862,2,63972,,,,
20250902,017670,SK텔레콤,54700,-100,480839,,,,
20250902,017800,현대엘리베이터,76700,-600,178962,,,,
20250902,017810,풀무원,13900,-70,140835,,,,
20250902,017860,DS단석,20153,50,54932,,,,
20250902,017900,광전자,1858,12,19060,,,,
20250902,017940,E1,75600,0,11207,,,,
20250902,017960,한국카본,31800,-300,361848,,,,
20250902,018250,애경산업,15930,-10,24603,,,,
20250902,018260,삼성에스디에스,145900,-500,104108,,,,
20250902,018470,조일알미늄,1431,-3,1864790,,,,
20250902,018500,동원모빌리티,1405,3,111747,,,,
20250902,018670,SK가스,248000,-1500,6485,,,,
20250902,018880,한온시스템,3309,-14,601667,,,,
20250902,019170,신풍제약,12240,90,141604,,,,
20250902,019175,신풍제약우,22200,350,2857,,,,
20250902,019180,티에이치엔,5020,-30,683187,,,,
20250902,019490,엑시큐어하이트론,690,2,258491,,,,
20250902,019680,대교,2275,-15,61160,,,,
20250902,019685,대교우B,1278,4,2204,,,,
20250902,020000,한섬,14880,-50,25793,,,,
20250902,020120,키다리스튜디오,3835,-35,77297,,,,
20250902,020150,롯데에너지머티리얼즈,23950,-650,111310,,,,
20250902,020560,아시아나항공,9400,0,37605,,,,
20250902,020760,일진디스플,900,0,122217,,,,
20250902,021050,서원,1178,-9,121947,,,,
20250902,021240,코웨이,100000,-4900,103532,,,,
20250902,021820,세원정공,9830,-30,38881,,,,
20250902,022100,포스코DX,21750,50,157407,,,,
20250902,023000,삼원강재,2470,-15,4167,,,,
20250902,023150,MH에탄올,5290,20,635,,,,
20250902,023350,한국종합기술,4925,20,10711,,,,
20250902,023450,동남합성,31700,200,89,,,,
20250902,023530,롯데쇼핑,64700,-1600,100996,,,,
20250902,023590,다우기술,33650,-250,46874,,,,
20250902,023800,인지컨트롤스,5500,60,18495,,,,
20250902,023810,인팩,6790,10,15573,,,,
20250902,023960,에쓰씨엔지니어링,1187,2,173091,,,,
20250902,024070,WISCOM,2040,35,21295,,,,
20250902,024090,디씨엠,12400,70,1291,,,,
20250902,024110,기업은행,19090,170,506584,,,,
20250902,024720,콜마홀딩스,12940,-260,384387,,,,
20250902,024890,대원화성,4360,40,4921,,,,
20250902,024900,디와이덕양,2320,0,76650,,,,
20250902,025000,KPX케미칼,47636,-94,17886,,,,
20250902,025530,SJM홀딩스,3550,15,29416,,,,
20250902,025540,한국단자,61900,0,3855,,,,
20250902,025560,미래산업,2074,20,72835,,,,
20250902,025620,차AI헬스케어,8100,440,87996,,,,
20250902,025750,한솔홈데코,3430,-20,17097,,,,
20250902,025820,이구산업,4495,45,181234,,,,
20250902,025860,남해화학,6910,80,48512,,,,
20250902,025890,한국주강,1810,-6,10527,,,,
20250902,026890,스틱인베스트먼트,10060,50,24389,,,,
20250902,026940,부국철강,2360,60,43276,,,,
20250902,026960,동서,27350,-150,32833,,,,
20250902,027410,BGF,3920,-25,40331,,,,
20250902,027740,마니커,1652,6,36973,,,,
20250902,027970,한국제지,3985,5,5152,,,,
20250902,028050,삼성E&A,28850,-350,569632,,,,
20250902,028100,동아지질,15150,130,12847,,,,
20250902,028260,삼성물산,168000,1600,157174,,,,
20250902,02826K,삼성물산우B,117300,1700,2801,,,,
20250902,028670,팬오션,3860,-35,762131,,,,
20250902,029460,케이씨,21300,-100,21327,,,,
20250902,029530,신도리코,43950,0,11701,,,,
20250902,029780,삼성카드,51300,700,49677,,,,
20250902,030000,제일기획,19670,-90,184705,,,,
20250902,030190,NICE평가정보,15670,-90,20772,,,,
20250902,030200,KT,52100,-1200,346673,,,,
20250902,030210,다올투자증권,3440,25,53956,,,,
20250902,030610,교보증권,8730,10,63588,,,,
20250902,030720,동원수산,6060,-20,5095,,,,
20250902,031210,서울보증보험,44850,1250,102738,,,,
20250902,031430,신세계인터내셔날,10080,-80,50845,,,,
20250902,031820,아이티센씨티에스,6010,30,17199,,,,
20250902,032350,롯데관광개발,15260,-760,1328090,,,,
20250902,032560,황금에스티,5630,20,10596,,,,
20250902,032640,LG유플러스,13900,-540,2127355,,,,
20250902,032830,삼성생명,151700,7900,481176,,,,
20250902,033240,자화전자,18440,110,77871,,,,
20250902,033250,체시스,5500,55,12191,,,,
20250902,033270,유나이티드제약,20450,50,26795,,,,
20250902,033530,SJG세종,5980,-140,255903,,,,
20250902,033780,KT&G,135600,-1500,264416,,,,
20250902,033920,무학,7930,140,29510,,,,
20250902,034020,두산에너빌리티,60400,800,2966108,,,,
20250902,034120,SBS,20500,0,44993,,,,
20250902,034220,LG디스플레이,11740,80,765324,,,,
20250902,034230,파라다이스,19470,-1180,1620243,,,,
20250902,034310,NICE,13070,-330,55646,,,,
20250902,034590,인천도시가스,26000,0,434,,,,
20250902,034730,SK,204000,-3000,105258,,,,
20250902,03473K,SK우,156100,500,2082,,,,
20250902,034830,한국토지신탁,1259,20,525729,,,,
20250902,035000,HS애드,8800,0,14161,,,,
20250902,035150,백산,14880,30,37227,,,,
20250902,035250,강원랜드,17860,-100,407875,,,,
20250902,035420,NAVER,225000,9500,1790972,,,,
20250902,035510,신세계 I&C,14790,50,51986,,,,
20250902,035720,카카오,59300,-1900,3661180,,,,
20250902,036420,콘텐트리중앙,9940,-80,21307,,,,
20250902,036460,한국가스공사,39300,250,216270,,,,
20250902,036530,SNT홀딩스,64800,800,22228,,,,
20250902,036570,NC,189600,-3600,77666,,,,
20250902,036580,팜스코,2680,-30,30502,,,,
20250902,037270,YG PLUS,8960,0,964898,,,,
20250902,037560,LG헬로비전,2840,-15,116528,,,,
20250902,037710,광주신세계,30150,300,12483,,,,
20250902,039130,하나투어,50600,-400,30043,,,,
20250902,039490,키움증권,201000,500,49219,,,,
20250902,039570,HDC랩스,8480,-20,8270,,,,
20250902,041650,상신브레이크,2845,15,17047,,,,
20250902,042660,한화오션,123200,6800,4364919,,,,
20250902,042700,한미반도체,82900,1400,212946,,,,
20250902,044380,주연테크,2575,-50,89611,,,,
20250902,044450,KSS해운,9260,-140,47039,,,,
20250902,044820,코스맥스비티아이,18820,-420,51827,,,,
20250902,047040,대우건설,3680,35,758796,,,,
20250902,047050,포스코인터내셔널,48300,1150,627412,,,,
20250902,047400,유니온머티리얼,1402,-24,186758,,,,
20250902,047810,한국항공우주,97000,3500,677039,,,,
20250902,049800,우진플라임,2200,-20,24174,,,,
20250902,051600,한전KPS,50500,650,120013,,,,
20250902,051630,진양화학,1974,4,47657,,,,
20250902,051900,LG생활건강,292000,-500,42970,,,,
20250902,051905,LG생활건강우,114600,100,11194,,,,
20250902,051910,LG화학,269500,-2000,175907,,,,
20250902,051915,LG화학우,131900,-1000,21638,,,,
20250902,052690,한전기술,90400,500,171537,,,,
20250902,053210,스카이라이프,5240,0,13996,,,,
20250902,053690,한미글로벌,21150,1160,276476,,,,
20250902,055490,테이팩스,15190,190,3679,,,,
20250902,055550,신한지주,64900,900,788902,,,,
20250902,058430,포스코스틸리온,3645,10,71190,,,,
20250902,058650,세아홀딩스,126900,300,1161,,,,
20250902,058730,다스코,2920,35,14646,,,,
20250902,058850,KTcs,2880,20,256999,,,,
20250902,058860,KTis,2950,30,239773,,,,
20250902,060980,HL홀딩스,39650,50,11702,,,,
20250902,062040,산일전기,105900,-300,495631,,,,
20250902,063160,종근당바이오,22650,150,10119,,,,
20250902,064350,현대로템,198800,6800,1032352,,,,
20250902,064400,LG씨엔에스,66700,1000,341316,,,,
20250902,064960,SNT모티브,36200,-100,38643,,,,
20250902,066570,LG전자,72900,700,401821,,,,
20250902,066575,LG전자우,36300,250,42053,,,,
20250902,066970,엘앤에프,64400,400,457158,,,,
20250902,067830,세이브존I&C,2620,5,13241,,,,
20250902,068270,셀트리온,163182,1335,297699,,,,
20250902,068290,삼성출판사,16200,100,6749,,,,
20250902,069260,TKG휴켐스,17280,-190,21517,,,,
20250902,069460,대호에이엘,8705,10,45019,,,,
20250902,069620,대웅제약,137100,1500,16644,,,,
20250902,069640,한세엠케이,1658,-18,30722,,,,
20250902,069730,DSR제강,3800,-5,14490,,,,
20250902,069960,현대백화점,69900,-2800,90333,,,,
20250902,070960,모나용평,4080,10,134012,,,,
20250902,071050,한국금융지주,128900,400,101371,,,,
20250902,071055,한국금융지주우,91400,-900,13093,,,,
20250902,071090,하이스틸,4390,-15,416392,,,,
20250902,071320,지역난방공사,80700,-2100,15705,,,,
20250902,071840,롯데하이마트,8520,20,52487,,,,
20250902,071950,코아스,7830,310,75389,,,,
20250902,071970,HD현대마린엔진,93300,1200,402734,,,,
20250902,072130,유엔젤,5370,-60,165773,,,,
20250902,072710,농심홀딩스,80700,-1500,13347,,,,
20250902,073240,금호타이어,4945,0,687890,,,,
20250902,074610,이엔플러스,5110,0,0,,,,
20250902,075180,새론오토모티브,3135,-10,15283,,,,
20250902,075580,세진중공업,18510,2650,12989045,,,,
20250902,077500,유니퀘스트,5830,100,58583,,,,
20250902,077970,STX엔진,43400,-450,2226153,,,,
20250902,078000,텔코웨어,14980,30,13500,,,,
20250902,078520,에이블씨엔씨,15080,620,953218,,,,
20250902,078930,GS,44850,-600,131611,,,,
20250902,078935,GS우,42150,-150,2423,,,,
20250902,079160,CJ CGV,4550,-55,343119,,,,
20250902,079430,현대리바트,7120,20,10256,,,,
20250902,079550,LIG디펜스앤에어로스페이스,502000,9000,107849,,,,
20250902,079900,전진건설로봇,48750,750,31518,,,,
20250902,079980,휴비스,3000,0,44316,,,,
20250902,081000,일진다이아,12280,50,7413,,,,
20250902,081660,미스토홀딩스,40700,300,76637,,,,
20250902,082640,동양생명,7530,160,229069,,,,
20250902,082740,한화엔진,45300,-450,4700255,,,,
20250902,083420,그린케미칼,7080,60,41189,,,,
20250902,084010,대한제강,10456,87,24323,,,,
20250902,084670,동양고속,8190,-40,1268,,,,
20250902,084680,이월드,1453,8,1117311,,,,
20250902,084690,대상홀딩스,9370,30,44928,,,,
20250902,084695,대상홀딩스우,12720,-100,2051,,,,
20250902,084870,TBH글로벌,1453,-38,40184,,,,
20250902,085310,엔케이,12860,-330,889779,,,,
20250902,085620,미래에셋생명,7670,260,394775,,,,
20250902,086280,현대글로비스,190100,4400,233448,,,,
20250902,086790,하나금융지주,82200,900,372473,,,,
20250902,088260,이리츠코크렙,4495,10,24767,,,,
20250902,088350,한화생명,3125,0,1224165,,,,
20250902,088790,진도,1895,18,22330,,,,
20250902,088980,맥쿼리인프라,11630,30,569524,,,,
20250902,089470,HDC현대EP,3995,5,19453,,,,
20250902,089590,제주항공,6430,10,44430,,,,
20250902,089860,롯데렌탈,28600,-150,45991,,,,
20250902,090080,평화산업,1008,1,118810,,,,
20250902,090350,노루페인트,9350,-10,43005,,,,
20250902,090355,노루페인트우,12810,-100,456,,,,
20250902,090370,메타랩스,1277,-10,41116,,,,
20250902,090430,아모레퍼시픽,118100,100,219265,,,,
20250902,090435,아모레퍼시픽우,40950,400,13484,,,,
20250902,090460,비에이치,18510,270,420072,,,,
20250902,091810,트리니티항공,1744,6,151769,,,,
20250902,092200,디아이씨,4595,195,490194,,,,
20250902,092220,KEC,3410,0,78957,,,,
20250902,092230,KPX홀딩스,67300,100,526,,,,
20250902,092440,기신정기,2440,5,10368,,,,
20250902,092780,DYP,4040,35,7127,,,,
20250902,092790,넥스틸,12590,-10,195376,,,,
20250902,093050,LF,18280,10,50229,,,,
20250902,093240,형지엘리트,1447,-15,903762,,,,
20250902,093370,후성,5790,10,406466,,,,
20250902,094280,효성ITX,12800,40,4516,,,,
20250902,094800,맵스리얼티,4725,-15,27733,,,,
20250902,095570,AJ네트웍스,4340,30,109524,,,,
20250902,095720,웅진씽크빅,3438,-41,37089,,,,
20250902,096760,JW홀딩스,3275,-5,33354,,,,
20250902,096770,SK이노베이션,100900,700,130484,,,,
20250902,096775,SK이노베이션우,68400,300,994,,,,
20250902,097230,HJ중공업,20800,-450,32716314,,,,
20250902,097520,엠씨넥스,28650,-50,33713,,,,
20250902,097950,CJ제일제당,231500,2500,46349,,,,
20250902,097955,CJ제일제당 우,139400,200,4153,,,,
20250902,100090,SK오션플랜트,18900,-920,4798194,,,,
20250902,100220,비상교육,5280,50,59248,,,,
20250902,100250,진양홀딩스,3108,5,30763,,,,
20250902,100840,SNT에너지,60100,1200,223654,,,,
20250902,101140,인바이오젠,12360,-90,15665,,,,
20250902,101530,해태제과식품,6490,-80,39844,,,,
20250902,102260,동성케미컬,4102,-5,25682,,,,
20250902,102460,이연제약,10770,170,8476,,,,
20250902,103140,풍산,120600,2700,161488,,,,
20250902,103590,일진전기,35750,250,392848,,,,
20250902,104700,한국철강,9890,-10,6809,,,,
20250902,105560,KB금융,108800,1700,445897,,,,
20250902,105630,한세실업,9090,-110,71168,,,,
20250902,105840,우진,10730,140,81646,,,,
20250902,107590,미원홀딩스,72000,0,58,,,,
20250902,108320,LX세미콘,52300,-500,18931,,,,
20250902,108670,LX하우시스,28100,0,7417,,,,
20250902,108675,LX하우시스우,17390,10,624,,,,
20250902,109070,주성코퍼레이션,869,15,67707,,,,
20250902,111110,호전실업,6990,120,11865,,,,
20250902,111380,동인기연,13490,-80,5366,,,,
20250902,111770,영원무역,58700,500,25950,,,,
20250902,112610,씨에스윈드,41600,250,116706,,,,
20250902,114090,GKL,15630,-790,214670,,,,
20250902,117580,대성에너지,7990,40,17806,,,,
20250902,118000,메타케어,3170,20,5981,,,,
20250902,119650,KC코트렐,918,0,0,,,,
20250902,120030,조선선재,104700,1700,4907,,,,
20250902,120110,코오롱인더,36000,-200,84031,,,,
20250902,120115,코오롱인더우,22400,100,3580,,,,
20250902,122900,아이마켓코리아,8250,40,26393,,,,
20250902,123690,한국화장품,9330,-320,139259,,,,
20250902,123700,SJM,3545,-55,126997,,,,
20250902,123890,한국자산신탁,2375,-10,54884,,,,
20250902,126560,현대퓨처넷,3240,40,40857,,,,
20250902,126720,수산인더스트리,22150,50,4615,,,,
20250902,128820,대성산업,3995,-60,106208,,,,
20250902,128940,한미약품,309000,5000,51389,,,,
20250902,129260,인터지스,2625,-15,102221,,,,
20250902,130660,한전산업,12120,90,91514,,,,
20250902,133820,화인베스틸,1980,-80,1039834,,,,
20250902,134380,미원화학,8250,120,8010,,,,
20250902,134790,시디즈,25200,-550,5298,,,,
20250902,136490,선진,11450,-120,91331,,,,
20250902,137310,에스디바이오센서,9900,0,34171,,,,
20250902,138040,메리츠금융지주,125800,500,128600,,,,
20250902,138930,BNK금융지주,14710,130,690671,,,,
20250902,139130,iM금융지주,13790,-40,343911,,,,
20250902,139480,이마트,71600,100,138050,,,,
20250902,139990,아주스틸,3800,-40,16856,,,,
20250902,143210,핸즈코퍼레이션,1659,29,11877,,,,
20250902,145210,다이나믹디자인,7690,100,3424,,,,
20250902,145270,케이탑리츠,963,4,71337,,,,
20250902,145720,덴티움,55500,100,16294,,,,
20250902,145990,삼양사,48250,-350,11721,,,,
20250902,145995,삼양사우,34100,250,854,,,,
20250902,155660,DSR,3690,0,32611,,,,
20250902,161000,애경케미칼,10530,90,92768,,,,
20250902,161390,한국타이어앤테크놀로지,40250,-100,277630,,,,
20250902,161890,한국콜마,75400,-500,259053,,,,
20250902,163560,동일고무벨트,6950,90,13475,,,,
20250902,170900,동아에스티,41010,-143,11703,,,,
20250902,175330,JB금융지주,23900,250,291119,,,,
20250902,178920,PI첨단소재,17050,500,68759,,,,
20250902,180640,한진칼,109500,-700,36992,,,,
20250902,18064K,한진칼우,37250,-350,2566,,,,
20250902,181710,NHN,24950,-150,41447,,,,
20250902,183190,아세아시멘트,13390,-90,23356,,,,
20250902,185750,종근당,79100,200,14434,,,,
20250902,192080,더블유게임즈,51400,-700,27855,,,,
20250902,192400,쿠쿠홀딩스,31900,100,22305,,,,
20250902,192650,드림텍,6350,130,111746,,,,
20250902,192820,코스맥스,207000,-4000,151398,,,,
20250902,194370,제이에스코퍼레이션,10110,50,103054,,,,
20250902,195870,해성디에스,22150,150,44866,,,,
20250902,200880,서연이화,11690,-40,35665,,,,
20250902,204320,HL만도,35200,-450,124868,,,,
20250902,207940,삼성바이오로직스,1467329,1472,33967,,,,
20250902,210540,디와이파워,12320,40,17464,,,,
20250902,210980,SK디앤디,10000,-30,68404,,,,
20250902,213500,한솔제지,8540,0,10391,,,,
20250902,214320,이노션,18550,-80,36697,,,,
20250902,214330,금호에이치티,15722,109,4926,,,,
20250902,214390,경보제약,4855,5,5941,,,,
20250902,214420,토니모리,9780,-280,364740,,,,
20250902,226320,잇츠한불,12460,240,9344,,,,
20250902,227840,현대코퍼레이션홀딩스,12120,80,13126,,,,
20250902,229640,LS에코에너지,38400,350,68125,,,,
20250902,234080,JW생명과학,11480,-20,10360,,,,
20250902,241560,두산밥캣,52800,500,101753,,,,
20250902,241590,화승엔터프라이즈,6770,90,65723,,,,
20250902,244920,에이플러스에셋,7020,-20,76785,,,,
20250902,248070,솔루엠,16690,210,156448,,,,
20250902,248170,샘표식품,26150,200,5081,,,,
20250902,249420,일동제약,22800,-1650,5203592,,,,
20250902,251270,넷마블,58900,-100,86201,,,,
20250902,259960,크래프톤,330000,-1000,78055,,,,
20250902,264900,크라운제과,9370,10,8686,,,,
20250902,26490K,크라운제과우,9540,30,319,,,,
20250902,267250,HD현대,136200,-1100,123846,,,,
20250902,267260,HD현대일렉트릭,494500,7500,73370,,,,
20250902,267270,HD건설기계,87300,2100,147124,,,,
20250902,267290,경동도시가스,20150,0,1553,,,,
20250902,267850,아시아나IDT,11560,70,1636,,,,
20250902,268280,미원에스씨,138600,-2500,344,,,,
20250902,271560,오리온,107700,-500,79961,,,,
20250902,271940,일진하이솔루스,17370,210,35823,,,,
20250902,271980,제일약품,12960,0,20202,,,,
20250902,272210,한화시스템,54400,3300,2687373,,,,
20250902,272450,진에어,8370,20,35680,,,,
20250902,272550,삼양패키징,13120,20,11488,,,,
20250902,278470,에이피알,220000,-5500,384745,,,,
20250902,280360,롯데웰푸드,114900,-200,5950,,,,
20250902,281820,케이씨텍,31500,350,61665,,,,
20250902,282330,BGF리테일,111800,-3200,81952,,,,
20250902,284740,쿠쿠홈시스,26500,-250,8232,,,,
20250902,285130,SK케미칼,58500,400,49999,,,,
20250902,28513K,SK케미칼우,25600,-150,2210,,,,
20250902,286940,롯데이노베이트,20850,0,7575,,,,
20250902,293480,하나제약,11830,20,9102,,,,
20250902,293940,신한알파리츠,5570,-10,134745,,,,
20250902,294870,IPARK현대산업개발,19720,150,209217,,,,
20250902,298000,효성화학,77800,0,0,,,,
20250902,298020,효성티앤씨,216000,1000,7666,,,,
20250902,298040,효성중공업,1233000,17000,29337,,,,
20250902,298050,HS효성첨단소재,189300,500,4669,,,,
20250902,298690,에어부산,1979,0,53844,,,,
20250902,300720,한일시멘트,19140,80,74553,,,,
20250902,302440,SK바이오사이언스,46950,600,58587,,,,
20250902,306200,세아제강,131800,200,6327,,,,
20250902,307950,현대오토에버,166700,-3600,71271,,,,
20250902,308170,씨티알모빌리티,5140,170,5763,,,,
20250902,316140,우리금융지주,24750,250,635347,,,,
20250902,317400,자이에스앤디,3370,10,5516,,,,
20250902,322000,HD현대에너지솔루션,42950,500,37144,,,,
20250902,323410,카카오뱅크,24250,300,524620,,,,
20250902,326030,SK바이오팜,100300,2300,122041,,,,
20250902,329180,HD현대중공업,514000,4000,159224,,,,
20250902,330590,롯데리츠,3895,65,265333,,,,
20250902,334890,이지스밸류플러스리츠,4262,0,61584,,,,
20250902,336260,두산퓨얼셀,25950,-150,1080713,,,,
20250902,33626K,두산퓨얼셀1우,6760,130,45645,,,,
20250902,33626L,두산퓨얼셀2우B,10880,-370,13948,,,,
20250902,336370,솔루스첨단소재,7380,90,65225,,,,
20250902,33637K,솔루스첨단소재1우,1611,18,16831,,,,
20250902,33637L,솔루스첨단소재2우B,3465,-15,3918,,,,
20250902,338100,NH프라임리츠,4500,-20,72842,,,,
20250902,339770,교촌에프앤비,4800,-40,112971,,,,
20250902,344820,KCC글라스,29350,-150,15837,,,,
20250902,348950,제이알글로벌리츠,2800,35,468557,,,,
20250902,350520,이지스레지던스리츠,3950,-10,16323,,,,
20250902,352820,하이브,284000,-1000,100167,,,,
20250902,353200,대덕전자,23600,0,373567,,,,
20250902,35320K,대덕전자1우,8860,60,1816,,,,
20250902,357120,코람코라이프인프라리츠,4260,-15,89211,,,,
20250902,357250,미래에셋맵스리츠,2620,10,90561,,,,
20250902,357430,마스턴프리미어리츠,1527,3,25665,,,,
20250902,361610,SK아이이테크놀로지,27050,100,62419,,,,
20250902,363280,티와이홀딩스,3145,15,47955,,,,
20250902,36328K,티와이홀딩스우,5370,0,2241,,,,
20250902,365550,ESR켄달스퀘어리츠,4520,60,504216,,,,
20250902,372910,한컴라이프케어,2705,25,56374,,,,
20250902,373220,LG에너지솔루션,350000,1000,144808,,,,
20250902,375500,DL이앤씨,42250,700,223080,,,,
20250902,37550K,DL이앤씨우,18970,10,3606,,,,
20250902,37550L,DL이앤씨2우(전환),29400,150,733,,,,
20250902,377190,디앤디플랫폼리츠,3245,15,76061,,,,
20250902,377300,카카오페이,57800,-400,588173,,,,
20250902,377740,바이오노트,5620,110,32049,,,,
20250902,378850,화승알앤에이,2955,-25,21595,,,,
20250902,381970,케이카,15660,-230,48163,,,,
20250902,383220,F&F,65400,100,41735,,,,
20250902,383800,LX홀딩스,7780,-10,196917,,,,
20250902,38380K,LX홀딩스1우,8680,130,275,,,,
20250902,395400,SK리츠,5080,50,166029,,,,
20250902,396690,미래에셋글로벌리츠,2720,0,30520,,,,
20250902,400760,NH올원리츠,3170,-15,103510,,,,
20250902,402340,SK스퀘어,143600,-1400,188841,,,,
20250902,403550,쏘카,11630,0,16654,,,,
20250902,404990,신한서부티엔디리츠,3390,-20,35325,,,,
20250902,415640,KB발해인프라,8760,-40,65546,,,,
20250902,417310,코람코더원리츠,5680,-100,62756,,,,
20250902,432320,KB스타리츠,3855,-25,16115,,,,
20250902,439260,대한조선,81600,800,393202,,,,
20250902,443060,HD현대마린솔루션,206500,2500,48288,,,,
20250902,446070,유니드비티플러스,3890,-5,22731,,,,
20250902,448730,삼성FN리츠,4280,5,61235,,,,
20250902,450080,에코프로머티,49350,250,197703,,,,
20250902,451800,한화리츠,3920,35,116955,,,,
20250902,452260,한화갤러리아,1117,-8,452723,,,,
20250902,45226K,한화갤러리아우,2190,-45,9117,,,,
20250902,453340,현대그린푸드,15810,-150,20626,,,,
20250902,454910,두산로보틱스,62000,600,263931,,,,
20250902,456040,OCI,52800,200,11701,,,,
20250902,457190,이수스페셜티케미컬,43500,-200,689080,,,,
20250902,460850,동국씨엠,5340,0,39869,,,,
20250902,460860,동국제강,9080,-10,182275,,,,
20250902,462520,조선내화,13620,0,1857,,,,
20250902,462870,시프트업,40600,-150,82146,,,,
20250902,465770,STX그린로지스,7750,200,53427,,,,
20250902,475150,SK이터닉스,20250,0,599382,,,,
20250902,475560,더본코리아,24200,400,11949,,,,
20250902,480370,씨케이솔루션,3253,-37,63660,,,,
20250902,481850,신한글로벌액티브리츠,1413,6,63941,,,,
20250902,483650,달바글로벌,171200,-3300,152081,,,,
20250902,484870,엠앤씨솔루션,69666,5333,114825,,,,
20250902,487570,HS효성,56300,-1500,14222,,,,
20250902,489790,한화비전,51500,500,150167,,,,
20250902,499790,GS피앤엘,47450,-500,74462,,,,
20250902,900140,엘브이엠씨홀딩스,1776,-25,400659,,,,
20250902,950210,프레스티지바이오파마,13610,540,63451,,,,
20250903,000020,동화약품,6320,70,27800,,,,
20250903,000040,KR모터스,2705,-55,70365,,,,
20250903,000050,경방,7080,-50,8592,,,,
20250903,000070,삼양홀딩스,57187,266,5504,,,,
20250903,000080,하이트진로,19080,-100,137872,,,,
20250903,000087,하이트진로2우B,15500,-20,2886,,,,
20250903,000100,유한양행,118100,4100,492134,,,,
20250903,000105,유한양행우,105300,1100,5561,,,,
20250903,000120,CJ대한통운,81900,-300,43239,,,,
20250903,000140,하이트진로홀딩스,10100,-10,15321,,,,
20250903,000145,하이트진로홀딩스우,11920,-10,34,,,,
20250903,000150,두산,534000,2000,58679,,,,
20250903,000155,두산우,332500,2500,8681,,,,
20250903,000157,두산2우B,352000,-3000,1139,,,,
20250903,000180,성창기업지주,8610,50,11627,,,,
20250903,000210,DL,37900,100,70046,,,,
20250903,000215,DL우,22550,250,2265,,,,
20250903,000220,유유제약,4305,40,15005,,,,
20250903,000225,유유제약1우,4840,-25,645,,,,
20250903,000227,유유제약2우B,10460,0,231,,,,
20250903,000230,일동홀딩스,8600,100,20526,,,,
20250903,000240,한국앤컴퍼니,23750,300,57015,,,,
20250903,000270,기아,107000,-200,544535,,,,
20250903,000300,DH오토넥스,4200,0,0,,,,
20250903,000320,노루홀딩스,35400,-850,54523,,,,
20250903,000325,노루홀딩스우,34050,-900,499,,,,
20250903,000370,한화손해보험,5550,-120,427493,,,,
20250903,000390,SP삼화,6050,10,12480,,,,
20250903,000400,롯데손해보험,1593,-27,287869,,,,
20250903,000430,대원강업,4030,35,36497,,,,
20250903,000480,CR홀딩스,4985,-15,21470,,,,
20250903,000490,대동,9760,20,42039,,,,
20250903,000500,가온전선,32952,556,57215,,,,
20250903,000520,삼일제약,10450,250,205391,,,,
20250903,000540,흥국화재,4080,-45,50268,,,,
20250903,000545,흥국화재우,7490,-10,4635,,,,
20250903,000590,CS홀딩스,88800,3800,1606,,,,
20250903,000640,동아쏘시오홀딩스,106736,971,4319,,,,
20250903,000650,천일고속,41700,150,214,,,,
20250903,000660,SK하이닉스,262500,2000,2437896,,,,
20250903,000670,영풍,37941,924,45119,,,,
20250903,000680,LS네트웍스,3945,-45,212721,,,,
20250903,000700,유수홀딩스,5730,-10,2899,,,,
20250903,000720,현대건설,59800,-200,774629,,,,
20250903,000725,현대건설우,53000,-400,1272,,,,
20250903,000760,이화산업,12190,0,476,,,,
20250903,000810,삼성화재,457000,-2500,141127,,,,
20250903,000815,삼성화재우,333500,-3000,5908,,,,
20250903,000850,화천기공,30350,150,1310,,,,
20250903,000860,강남제비스코,11980,370,27522,,,,
20250903,000880,한화,101440,-720,139850,,,,
20250903,00088K,한화3우B,36346,251,35525,,,,
20250903,000890,보해양조,2265,0,25056,,,,
20250903,000910,유니온,4565,40,26456,,,,
20250903,000950,전방,33000,50,599,,,,
20250903,000970,한국주철관,6900,70,21730,,,,
20250903,000990,DB하이텍,44500,550,87326,,,,
20250903,001020,페이퍼코리아,3585,-15,2549,,,,
20250903,001040,CJ,161700,800,67007,,,,
20250903,001045,CJ우,89500,-1000,2413,,,,
20250903,00104K,CJ4우(전환),134800,800,7361,,,,
20250903,001060,JW중외제약,22300,800,73105,,,,
20250903,001065,JW중외제약우,28750,-200,253,,,,
20250903,001067,JW중외제약2우B,59900,-100,19,,,,
20250903,001070,대한방직,6460,-50,4199,,,,
20250903,001080,만호제강,2750,-55,3950,,,,
20250903,001120,LX인터내셔널,29750,250,55429,,,,
20250903,001130,대한제분,14220,110,30420,,,,
20250903,001200,유진투자증권,3315,-45,467372,,,,
20250903,001210,금호전기,5030,15,19172,,,,
20250903,001230,동국홀딩스,1638,7,71840,,,,
20250903,001250,GS글로벌,2535,15,212633,,,,
20250903,001260,남광토건,9000,-130,25785,,,,
20250903,001270,부국증권,66900,-1400,87216,,,,
20250903,001275,부국증권우,26200,0,2960,,,,
20250903,001290,상상인증권,669,-4,267252,,,,
20250903,001340,PKC,5770,50,34434,,,,
20250903,001360,삼성제약,1591,34,153408,,,,
20250903,001380,SG글로벌,3257,70,99003,,,,
20250903,001390,KG케미칼,4480,-30,87457,,,,
20250903,001420,태원물산,3530,-15,5892,,,,
20250903,001430,세아베스틸지주,26500,100,76676,,,,
20250903,001440,대한전선,15290,50,496200,,,,
20250903,001450,현대해상,27550,-350,349233,,,,
20250903,001460,BYC,40400,350,2246,,,,
20250903,001465,BYC우,26350,0,2677,,,,
20250903,001470,삼부토건,347,0,0,,,,
20250903,001500,현대차증권,7760,0,43006,,,,
20250903,001510,SK증권,1265,-6,402562,,,,
20250903,001515,SK증권우,4030,-50,2225,,,,
20250903,001520,동양,1262,12,127522,,,,
20250903,001525,동양우,8350,200,197,,,,
20250903,001527,동양2우B,17160,0,1,,,,
20250903,001530,DI동일,36715,-1333,86904,,,,
20250903,001550,조비,12820,280,69033,,,,
20250903,001560,제일연마,10650,-70,9992,,,,
20250903,001570,금양,9900,0,0,,,,
20250903,001620,케이비아이동국실업,2425,-10,13015,,,,
20250903,001630,종근당홀딩스,47800,150,1513,,,,
20250903,001680,대상,22350,-100,39438,,,,
20250903,001685,대상우,16750,20,2388,,,,
20250903,001720,신영증권,139500,-3000,21990,,,,
20250903,001740,SK네트웍스,4320,5,171225,,,,
20250903,001750,한양증권,17000,-110,17887,,,,
20250903,001755,한양증권우,16570,-50,466,,,,
20250903,001770,SHD,17640,210,2293,,,,
20250903,001780,알루코,2145,0,104973,,,,
20250903,001790,대한제당,2945,10,100610,,,,
20250903,001795,대한제당우,2430,5,7665,,,,
20250903,001800,오리온홀딩스,20600,100,130957,,,,
20250903,001820,삼화콘덴서,31650,5100,1613890,,,,
20250903,001940,KISCO홀딩스,25650,50,7198,,,,
20250903,002020,코오롱,44600,650,199122,,,,
20250903,002025,코오롱우,21350,200,3087,,,,
20250903,002030,아세아,346500,-4000,1196,,,,
20250903,002070,비비안,14985,138,5073,,,,
20250903,002100,경농,9630,40,12035,,,,
20250903,002140,고려산업,2650,0,35675,,,,
20250903,002150,도화엔지니어링,6480,-10,13194,,,,
20250903,002170,SYTS,54300,-300,239,,,,
20250903,002200,한국수출포장,2895,5,11431,,,,
20250903,002210,동성제약,1946,0,0,,,,
20250903,002220,한일철강,2910,5,129575,,,,
20250903,002240,고려제강,17440,-50,9790,,,,
20250903,002310,아세아제지,7950,50,63069,,,,
20250903,002320,한진,20800,50,7380,,,,
20250903,002350,넥센타이어,5820,60,15954,,,,
20250903,002355,넥센타이어1우B,3255,5,8346,,,,
20250903,002360,SH에너지화학,4390,0,13681,,,,
20250903,002380,KCC,391500,-2000,13881,,,,
20250903,002390,한독,11770,90,22804,,,,
20250903,002410,범양건영,1935,0,0,,,,
20250903,002420,세기상사,5320,10,945,,,,
20250903,002450,삼익악기,1268,-2,98746,,,,
20250903,002460,HS화성,10180,-40,6617,,,,
20250903,002600,조흥,151200,800,135,,,,
20250903,002620,제일파마홀딩스,8680,10,985,,,,
20250903,002630,오리엔트바이오,1194,44,532019,,,,
20250903,002690,동일제강,1593,1,4892,,,,
20250903,002700,신일전자,1320,1,147758,,,,
20250903,002710,TCC스틸,16850,630,303963,,,,
20250903,002720,국제약품,4790,65,80541,,,,
20250903,002760,보락,1040,10,86679,,,,
20250903,002780,진흥기업,715,3,88244,,,,
20250903,002785,진흥기업우B,3320,115,697,,,,
20250903,002787,진흥기업2우B,7700,-70,972,,,,
20250903,002790,아모레퍼시픽홀딩스,26400,-600,164828,,,,
20250903,002795,아모레퍼시픽홀딩스우,10860,-190,6203,,,,
20250903,00279K,아모레퍼시픽홀딩스3우C,20700,-300,2623,,,,
20250903,002810,삼영무역,15870,100,4170,,,,
20250903,002820,SUN&L,2700,-50,8947,,,,
20250903,002840,미원상사,145400,-2300,3237,,,,
20250903,002870,신풍,1067,-11,50623,,,,
20250903,002880,디와이에이,1110,-27,54014,,,,
20250903,002900,TYM,5750,80,172482,,,,
20250903,002920,유성기업,2095,25,29777,,,,
20250903,002960,한국쉘석유,430000,-4500,784,,,,
20250903,002990,금호건설,3765,-30,72219,,,,
20250903,002995,금호건설우,11590,-50,230,,,,
20250903,003000,부광약품,3430,130,503773,,,,
20250903,003010,혜인,5240,-70,77427,,,,
20250903,003030,세아제강지주,178000,2000,7461,,,,
20250903,003060,에이프로젠바이오로직스,606,-1,149599,,,,
20250903,003070,코오롱글로벌,8940,60,6695,,,,
20250903,003075,코오롱글로벌우,14680,40,359,,,,
20250903,003080,SB성보,2810,5,106797,,,,
20250903,003090,대웅,24050,650,132327,,,,
20250903,0030R0,대신밸류리츠,4335,15,75653,,,,
20250903,003120,일성아이에스,24300,-400,20917,,,,
20250903,003160,디아이,12620,-60,47311,,,,
20250903,003200,일신방직,9930,-90,7759,,,,
20250903,003220,대원제약,13000,0,18332,,,,
20250903,003230,삼양식품,1556000,5000,20556,,,,
20250903,003240,태광산업,856000,2000,570,,,,
20250903,003280,흥아해운,1625,-12,568114,,,,
20250903,003300,한일홀딩스,17480,-330,14898,,,,
20250903,003350,한국화장품제조,12000,240,182030,,,,
20250903,003460,유화증권,2695,-25,144200,,,,
20250903,003465,유화증권우,2600,5,516,,,,
20250903,003470,유안타증권,3360,-15,201682,,,,
20250903,003475,유안타증권우,3470,5,13180,,,,
20250903,003480,한진중공업홀딩스,4680,-95,104158,,,,
20250903,003490,대한항공,23450,0,621917,,,,
20250903,003495,대한항공우,23500,-50,1203,,,,
20250903,003520,영진약품,2030,15,85013,,,,
20250903,003530,한화투자증권,5400,20,576236,,,,
20250903,003535,한화투자증권우,7290,-150,4857,,,,
20250903,003540,대신증권,27450,200,210995,,,,
20250903,003545,대신증권우,21100,150,76310,,,,
20250903,003547,대신증권2우B,19580,-10,20690,,,,
20250903,003550,LG,75200,200,111821,,,,
20250903,003555,LG우,62300,300,2788,,,,
20250903,003570,SNT다이내믹스,63300,-2800,116458,,,,
20250903,003580,HLB글로벌,2280,45,233205,,,,
20250903,003610,방림,4645,5,59111,,,,
20250903,003620,KG모빌리티,3315,-5,98211,,,,
20250903,003650,미창석유,109700,0,293,,,,
20250903,003670,포스코퓨처엠,134400,-2500,238274,,,,
20250903,003680,한성기업,5650,120,125959,,,,
20250903,003690,코리안리,10880,-160,315657,,,,
20250903,003720,삼영,5030,0,269063,,,,
20250903,003780,진양산업,6260,20,70651,,,,
20250903,003830,대한화섬,118600,-1100,54,,,,
20250903,003850,보령,8380,130,96996,,,,
20250903,003920,남양유업,56300,600,2865,,,,
20250903,003925,남양유업우,34900,200,7870,,,,
20250903,003960,사조대림,41650,-500,5140,,,,
20250903,004000,롯데정밀화학,43400,1900,119255,,,,
20250903,004020,현대제철,32750,1450,600627,,,,
20250903,004060,SG세계물산,3160,0,13022,,,,
20250903,004080,신흥,13890,100,729,,,,
20250903,004090,한국석유,13800,90,26021,,,,
20250903,004100,태양금속,2080,-5,104936,,,,
20250903,004105,태양금속우,3100,10,5387,,,,
20250903,004140,동방,2945,20,553998,,,,
20250903,004150,한솔홀딩스,3075,-5,29672,,,,
20250903,004170,신세계,162200,1000,21168,,,,
20250903,004250,NPC,4040,15,22705,,,,
20250903,004255,NPC우,2395,0,17037,,,,
20250903,004270,남성,8172,15,2852,,,,
20250903,004310,현대약품,3925,70,123986,,,,
20250903,004360,세방,13720,10,26190,,,,
20250903,004365,세방우,8830,10,981,,,,
20250903,004370,농심,426500,-3500,43470,,,,
20250903,004380,삼익THK,13000,0,0,,,,
20250903,004410,서울식품,1540,-10,57143,,,,
20250903,004415,서울식품우,12480,130,13,,,,
20250903,004430,송원산업,10180,-30,10137,,,,
20250903,004440,삼일씨엔에스,4850,20,3475,,,,
20250903,004450,삼화왕관,34800,350,995,,,,
20250903,004490,세방전지,62000,600,17647,,,,
20250903,004540,깨끗한나라,2095,-35,75466,,,,
20250903,004545,깨끗한나라우,11810,0,216,,,,
20250903,004560,현대비앤지스틸,11510,40,7587,,,,
20250903,004690,삼천리,127600,800,4065,,,,
20250903,004700,조광피혁,64600,-1900,7014,,,,
20250903,004710,한솔테크닉스,5409,119,109418,,,,
20250903,004720,팜젠사이언스,4335,5,27275,,,,
20250903,004770,써니전자,1616,6,107280,,,,
20250903,004800,효성,85000,-200,23322,,,,
20250903,004830,덕성,5500,50,1126831,,,,
20250903,004835,덕성우,7560,70,25267,,,,
20250903,004840,DRB동일,5030,0,4682,,,,
20250903,004870,티웨이홀딩스,2644,66,41294,,,,
20250903,004890,동일산업,40150,-350,841,,,,
20250903,004910,조광페인트,5520,20,17823,,,,
20250903,004920,씨아이테크,1159,15,59236,,,,
20250903,004960,한신공영,7660,-20,14135,,,,
20250903,004970,신라교역,9100,0,8375,,,,
20250903,004980,성신양회,10130,80,53855,,,,
20250903,004985,성신양회우,11460,30,474,,,,
20250903,004990,롯데지주,29600,-300,190448,,,,
20250903,00499K,롯데지주우,31500,-125,257,,,,
20250903,005010,휴스틸,4050,20,142957,,,,
20250903,005030,부산주공,486,0,0,,,,
20250903,005070,코스모신소재,42000,600,232827,,,,
20250903,005090,SGC에너지,22700,50,6985,,,,
20250903,005110,한창,1254,0,0,,,,
20250903,005180,빙그레,70800,-300,13720,,,,
20250903,005250,녹십자홀딩스,15150,350,37356,,,,
20250903,005257,녹십자홀딩스2우,27700,1350,1227,,,,
20250903,005300,롯데칠성,117900,-1100,14313,,,,
20250903,005305,롯데칠성우,70800,100,55,,,,
20250903,005320,온타이드,1068,-10,97611,,,,
20250903,005360,모나미,2270,5,1309519,,,,
20250903,005380,현대차,221500,1500,459718,,,,
20250903,005385,현대차우,170700,2600,150396,,,,
20250903,005387,현대차2우B,174500,1100,87747,,,,
20250903,005389,현대차3우B,169900,2300,22244,,,,
20250903,005420,코스모화학,16000,-50,61596,,,,
20250903,005430,한국공항,68500,3100,22807,,,,
20250903,005440,현대지에프홀딩스,7460,100,176054,,,,
20250903,005490,POSCO홀딩스,280000,0,152221,,,,
20250903,005500,삼진제약,19040,-10,12071,,,,
20250903,005610,삼립,54500,600,4847,,,,
20250903,005680,삼영전자,10420,170,27349,,,,
20250903,005690,파미셀,10540,-10,538501,,,,
20250903,005720,넥센,5690,-50,32640,,,,
20250903,005725,넥센우,4490,-45,488,,,,
20250903,005740,크라운해태홀딩스,7210,40,14335,,,,
20250903,005745,크라운해태홀딩스우,8220,-90,267,,,,
20250903,005750,대림바스,4520,40,11854,,,,
20250903,005800,신영와코루,14300,-120,7932,,,,
20250903,005810,풍산홀딩스,40400,350,21834,,,,
20250903,005820,원림,13880,-170,1630,,,,
20250903,005830,DB손해보험,136600,-2400,156637,,,,
20250903,005850,에스엘,33850,50,72574,,,,
20250903,005870,휴니드,8310,40,37528,,,,
20250903,005880,대한해운,1710,9,905126,,,,
20250903,005930,삼성전자,69800,700,10283009,,,,
20250903,005935,삼성전자우,57200,500,1197966,,,,
20250903,005940,NH투자증권,19190,100,391050,,,,
20250903,005945,NH투자증권우,17130,30,19362,,,,
20250903,005950,이수화학,5550,70,21926,,,,
20250903,005960,동부건설,5570,80,42619,,,,
20250903,005965,동부건설우,18780,-410,738,,,,
20250903,006040,동원산업,42150,300,27995,,,,
20250903,006060,화승인더,4200,5,44011,,,,
20250903,006090,사조오양,9980,-150,2597,,,,
20250903,006110,삼아알미늄,22150,-50,39975,,,,
20250903,006120,SK디스커버리,51000,-300,4235,,,,
20250903,006125,SK디스커버리우,35450,-450,4052,,,,
20250903,006200,한국전자홀딩스,3535,30,1970,,,,
20250903,006220,제주은행,13770,-60,110447,,,,
20250903,006260,LS,175500,3200,103069,,,,
20250903,006280,녹십자,131100,2200,17439,,,,
20250903,006340,대원전선,2770,-15,502397,,,,
20250903,006345,대원전선우,3570,-5,8984,,,,
20250903,006360,GS건설,18070,-490,629362,,,,
20250903,006370,대구백화점,6590,-60,25351,,,,
20250903,006380,카프로,3660,0,0,,,,
20250903,006400,삼성SDI,201500,-1000,252531,,,,
20250903,006405,삼성SDI우,125100,0,4818,,,,
20250903,006490,프리티,3880,-250,150476,,,,
20250903,006570,대림통상,2660,75,32476,,,,
20250903,006650,대한유화,119500,1400,38958,,,,
20250903,006660,삼성공조,12960,220,17681,,,,
20250903,006740,블루산업개발,2306,-9,31375,,,,
20250903,006800,미래에셋증권,18440,-199,1264164,,,,
20250903,006805,미래에셋증권우,8613,-20,27178,,,,
20250903,00680K,미래에셋증권2우B,8199,-10,272461,,,,
20250903,006840,AK홀딩스,11050,-180,3543,,,,
20250903,006880,신송홀딩스,6860,70,21896,,,,
20250903,006890,태경케미컬,9190,-210,53470,,,,
20250903,006980,우성,16900,40,1064,,,,
20250903,007070,GS리테일,16290,60,66349,,,,
20250903,007110,일신석재,2065,25,734817,,,,
20250903,007120,미래아이앤지,936,12,50943,,,,
20250903,007160,사조산업,50200,-1700,7089,,,,
20250903,007210,벽산,2075,-20,57137,,,,
20250903,007280,한국특강,3054,-44,43565,,,,
20250903,007310,오뚜기,394000,2000,5523,,,,
20250903,007340,DN오토모티브,26100,400,97015,,,,
20250903,007460,에이프로젠,688,6,1446826,,,,
20250903,007540,샘표,49100,-650,5255,,,,
20250903,007570,일양약품,13872,112,18272,,,,
20250903,007575,일양약품우,15001,306,438,,,,
20250903,007590,동방아그로,6200,-20,7174,,,,
20250903,007610,선도전기,3000,0,0,,,,
20250903,007660,이수페타시스,64100,-900,724457,,,,
20250903,007690,국도화학,35800,350,7503,,,,
20250903,007700,F&F홀딩스,19980,730,79318,,,,
20250903,007810,코리아써키트,12150,-110,27474,,,,
20250903,007815,코리아써우,6100,-30,22,,,,
20250903,00781K,코리아써키트2우B,6230,-40,122,,,,
20250903,007860,서연,9270,230,42086,,,,
20250903,007980,TP,1748,11,1138841,,,,
20250903,008040,사조동아원,1120,0,102670,,,,
20250903,008060,대덕,7950,50,71019,,,,
20250903,00806K,대덕1우,8070,80,745,,,,
20250903,008250,이건산업,4885,-30,13266,,,,
20250903,008260,NI스틸,3550,20,26928,,,,
20250903,008350,남선알미늄,1143,7,178594,,,,
20250903,008355,남선알미우,12990,190,159,,,,
20250903,008420,문배철강,2175,5,12629,,,,
20250903,008490,서흥,29050,-350,107686,,,,
20250903,008600,윌비스,3671,0,6747,,,,
20250903,008700,아남전자,1318,2,174141,,,,
20250903,008730,율촌화학,29950,900,164383,,,,
20250903,008770,호텔신라,45900,300,102259,,,,
20250903,008775,호텔신라우,39950,50,1537,,,,
20250903,008870,금비,55300,-100,131,,,,
20250903,008930,한미사이언스,39850,-1350,167431,,,,
20250903,008970,KBI동양철관,2629,0,0,,,,
20250903,009070,KCTC,5580,80,168686,,,,
20250903,009140,경인전자,20400,-50,3621,,,,
20250903,009150,삼성전기,174200,4300,793926,,,,
20250903,009155,삼성전기우,79100,3100,48283,,,,
20250903,009160,SIMPAC,4260,10,100741,,,,
20250903,009180,한솔로지스틱스,2775,65,88440,,,,
20250903,009190,대양금속,1609,1,148784,,,,
20250903,009200,무림페이퍼,2050,0,25869,,,,
20250903,009240,한샘,42200,300,14104,,,,
20250903,009270,신원,1728,28,791047,,,,
20250903,009290,광동제약,6000,0,25559,,,,
20250903,009310,참엔지니어링,1275,5,39696,,,,
20250903,009320,아진전자부품,1078,2,48592,,,,
20250903,009410,태영건설,1801,53,169035,,,,
20250903,009415,태영건설우,4875,-85,1093,,,,
20250903,009420,한올바이오파마,31500,1150,377882,,,,
20250903,009440,KC그린홀딩스,756,0,0,,,,
20250903,009450,경동나비엔,78700,1500,75273,,,,
20250903,009460,한창제지,3225,10,6380,,,,
20250903,009470,삼화전기,26050,1800,215906,,,,
20250903,009540,HD한국조선해양,411000,-3500,205138,,,,
20250903,009580,무림P&P,2610,15,24966,,,,
20250903,009680,모토닉,10690,140,67070,,,,
20250903,009770,삼정펄프,27200,-100,13037,,,,
20250903,009810,MDS스피어,3375,10,24041,,,,
20250903,009830,한화솔루션,26693,47,522137,,,,
20250903,009835,한화솔루션우,19734,90,2567,,,,
20250903,009900,명신산업,8750,100,60332,,,,
20250903,009970,영원무역홀딩스,129800,1100,14310,,,,
20250903,010040,한국내화,2170,-15,8105,,,,
20250903,010060,OCI홀딩스,88000,1000,70101,,,,
20250903,010100,한국무브넥스,4340,-45,195396,,,,
20250903,010120,LS ELECTRIC,58500,3700,1398265,,,,
20250903,010130,고려아연,900000,76000,72546,,,,
20250903,010140,삼성중공업,21050,0,3071506,,,,
20250903,010400,우진아이엔에스,2880,35,11183,,,,
20250903,010580,에스엠벡셀,1515,10,64672,,,,
20250903,010640,진양폴리,3401,8,19025,,,,
20250903,010660,화천기계,4535,35,287757,,,,
20250903,010690,화신,8800,110,296213,,,,
20250903,010770,평화홀딩스,4035,-15,127424,,,,
20250903,010780,아이에스동서,19270,-280,12025,,,,
20250903,010820,퍼스텍,4295,-100,523652,,,,
20250903,010950,S-Oil,59600,700,90483,,,,
20250903,010955,S-Oil우,38350,100,6039,,,,
20250903,010960,삼호개발,3400,5,53025,,,,
20250903,011000,진원생명과학,11400,225,66995,,,,
20250903,011070,LG이노텍,171800,3300,213230,,,,
20250903,011090,에넥스,2995,0,14828,,,,
20250903,011150,CJ씨푸드,2870,0,67869,,,,
20250903,011155,CJ씨푸드1우,17010,10,34,,,,
20250903,011170,롯데케미칼,62100,300,65656,,,,
20250903,011200,HMM,22250,-100,831062,,,,
20250903,011210,현대위아,54400,3000,339122,,,,
20250903,011230,삼화전자,3810,40,105353,,,,
20250903,011280,태림포장,1991,-9,11179,,,,
20250903,011300,우성머티리얼스,4330,220,637742,,,,
20250903,011330,유니켐,16230,220,10440,,,,
20250903,011390,부산산업,85100,-1800,2876,,,,
20250903,011420,갤럭시아에스엠,2225,-15,84532,,,,
20250903,011500,한농화성,13980,-20,23133,,,,
20250903,011690,와이투솔루션,3280,-20,340687,,,,
20250903,011700,한신기계,3605,95,366350,,,,
20250903,011760,현대코퍼레이션,22000,0,17751,,,,
20250903,011780,금호석유화학,106600,-100,69125,,,,
20250903,011785,금호석유화학우,55400,0,5419,,,,
20250903,011790,SKC,86944,1128,197231,,,,
20250903,011810,STX,3530,0,0,,,,
20250903,011930,신성이엔지,15510,-40,108488,,,,
20250903,012030,DB,1537,48,16246661,,,,
20250903,012160,영흥,2875,-105,53089,,,,
20250903,012170,아센디오,2380,290,6899514,,,,
20250903,012200,계양전기,1361,6,20017,,,,
20250903,012205,계양전기우,3316,49,69,,,,
20250903,012280,영화금속,912,-26,82484,,,,
20250903,012320,경동인베스트,56600,300,3843,,,,
20250903,012330,현대모비스,324500,1000,145348,,,,
20250903,012450,한화에어로스페이스,941000,8000,152150,,,,
20250903,012610,경인양행,3160,15,10969,,,,
20250903,012630,HDC,20200,-750,188664,,,,
20250903,012690,모나리자,2470,-10,12354,,,,
20250903,012750,에스원,81300,1600,27610,,,,
20250903,012800,대창,1300,0,326225,,,,
20250903,013000,세우글로벌,1046,13,27033,,,,
20250903,013360,일성건설,1403,-15,73459,,,,
20250903,013520,화승코퍼레이션,1948,-4,68915,,,,
20250903,013570,디와이,4330,25,39211,,,,
20250903,013580,계룡건설,19990,-10,20712,,,,
20250903,013700,까뮤이앤씨,1157,0,67340,,,,
20250903,013870,지엠비코리아,4035,-15,4164,,,,
20250903,013890,지누스,16650,50,33644,,,,
20250903,014130,한익스프레스,3285,-35,18061,,,,
20250903,014160,대영포장,1131,3,369796,,,,
20250903,014280,금강공업,4250,5,14816,,,,
20250903,014285,금강공업우,6820,-160,435,,,,
20250903,014440,영보화학,4270,0,13436,,,,
20250903,014530,극동유화,3330,25,30390,,,,
20250903,014580,태경비케이,4915,45,63208,,,,
20250903,014680,한솔케미칼,162300,1100,58691,,,,
20250903,014710,사조씨푸드,9160,50,37766,,,,
20250903,014790,HL D&I,2455,-35,16574,,,,
20250903,014820,동원시스템즈,28750,250,16533,,,,
20250903,014825,동원시스템즈우,17360,-140,147,,,,
20250903,014830,유니드,73900,-200,15320,,,,
20250903,014910,성문전자,1208,19,20626,,,,
20250903,014915,성문전자우,4210,10,10020,,,,
20250903,014990,인디에프,5690,0,119247,,,,
20250903,015020,이스타코,1256,-22,60450,,,,
20250903,015230,대창단조,6140,-10,112657,,,,
20250903,015260,에이엔피,618,142,12099839,,,,
20250903,015360,INVENI,12760,100,23295,,,,
20250903,015590,DKME,2575,0,0,,,,
20250903,015760,한국전력,36800,0,1396436,,,,
20250903,015860,일진홀딩스,5430,30,89864,,,,
20250903,015890,태경산업,5300,-80,88463,,,,
20250903,016090,대현,1808,1,21394,,,,
20250903,016360,삼성증권,68500,400,105938,,,,
20250903,016380,KG스틸,5250,30,78553,,,,
20250903,016450,한세예스24홀딩스,3920,120,12628,,,,
20250903,016580,환인제약,10430,150,34743,,,,
20250903,016590,신대양제지,10780,380,32094,,,,
20250903,016610,DB증권,8430,-140,61229,,,,
20250903,016710,대성홀딩스,8560,40,16078,,,,
20250903,016740,두올,3350,45,26701,,,,
20250903,016800,퍼시스,44300,150,290,,,,
20250903,016880,웅진,4805,115,1016494,,,,
20250903,017040,광명전기,1096,1,255540,,,,
20250903,017180,명문제약,1762,45,78382,,,,
20250903,017370,우신시스템,6790,20,7395,,,,
20250903,017390,서울가스,62700,300,5062,,,,
20250903,017550,수산세보틱스,1858,-4,80911,,,,
20250903,017670,SK텔레콤,54400,-300,405659,,,,
20250903,017800,현대엘리베이터,77300,600,70596,,,,
20250903,017810,풀무원,13750,-150,162469,,,,
20250903,017860,DS단석,20103,-50,54182,,,,
20250903,017900,광전자,1888,30,20921,,,,
20250903,017940,E1,74500,-1100,10752,,,,
20250903,017960,한국카본,33750,1950,1260806,,,,
20250903,018250,애경산업,15970,40,37336,,,,
20250903,018260,삼성에스디에스,146300,400,66602,,,,
20250903,018470,조일알미늄,1430,-1,423664,,,,
20250903,018500,동원모빌리티,1396,-9,76433,,,,
20250903,018670,SK가스,246000,-2000,7970,,,,
20250903,018880,한온시스템,3234,-75,1062658,,,,
20250903,019170,신풍제약,12540,300,439601,,,,
20250903,019175,신풍제약우,23100,900,5901,,,,
20250903,019180,티에이치엔,5060,40,577275,,,,
20250903,019490,엑시큐어하이트론,694,4,162862,,,,
20250903,019680,대교,2240,-35,25519,,,,
20250903,019685,대교우B,1284,6,2638,,,,
20250903,020000,한섬,15020,140,24067,,,,
20250903,020120,키다리스튜디오,3840,5,70685,,,,
20250903,020150,롯데에너지머티리얼즈,24150,200,45503,,,,
20250903,020560,아시아나항공,9420,20,24557,,,,
20250903,020760,일진디스플,880,-20,208450,,,,
20250903,021050,서원,1182,4,58537,,,,
20250903,021240,코웨이,101300,1300,92707,,,,
20250903,021820,세원정공,9780,-50,15405,,,,
20250903,022100,포스코DX,21850,100,117622,,,,
20250903,023000,삼원강재,2490,20,7028,,,,
20250903,023150,MH에탄올,5270,-20,1899,,,,
20250903,023350,한국종합기술,4945,20,7339,,,,
20250903,023450,동남합성,31550,-150,51,,,,
20250903,023530,롯데쇼핑,65100,400,44199,,,,
20250903,023590,다우기술,33900,250,38629,,,,
20250903,023800,인지컨트롤스,5540,40,12438,,,,
20250903,023810,인팩,6850,60,16456,,,,
20250903,023960,에쓰씨엔지니어링,1169,-18,61254,,,,
20250903,024070,WISCOM,2045,5,8152,,,,
20250903,024090,디씨엠,12430,30,4027,,,,
20250903,024110,기업은행,19100,10,432075,,,,
20250903,024720,콜마홀딩스,13020,80,244567,,,,
20250903,024890,대원화성,4355,-5,1071,,,,
20250903,024900,디와이덕양,2320,0,29419,,,,
20250903,025000,KPX케미칼,47353,-283,9264,,,,
20250903,025530,SJM홀딩스,3505,-45,6415,,,,
20250903,025540,한국단자,61800,-100,5022,,,,
20250903,025560,미래산업,2084,10,32685,,,,
20250903,025620,차AI헬스케어,7740,-360,54159,,,,
20250903,025750,한솔홈데코,3425,-5,20468,,,,
20250903,025820,이구산업,4525,30,94481,,,,
20250903,025860,남해화학,6890,-20,45333,,,,
20250903,025890,한국주강,1796,-14,15400,,,,
20250903,026890,스틱인베스트먼트,10000,-60,23231,,,,
20250903,026940,부국철강,2385,25,46778,,,,
20250903,026960,동서,27100,-250,50407,,,,
20250903,027410,BGF,3905,-15,28453,,,,
20250903,027740,마니커,1658,6,16118,,,,
20250903,027970,한국제지,4045,60,9614,,,,
20250903,028050,삼성E&A,28650,-200,542808,,,,
20250903,028100,동아지질,15050,-100,7766,,,,
20250903,028260,삼성물산,171300,3300,251919,,,,
20250903,02826K,삼성물산우B,117800,500,4890,,,,
20250903,028670,팬오션,3875,15,990842,,,,
20250903,029460,케이씨,21650,350,16963,,,,
20250903,029530,신도리코,44050,100,14618,,,,
20250903,029780,삼성카드,50700,-600,35136,,,,
20250903,030000,제일기획,19590,-80,147495,,,,
20250903,030190,NICE평가정보,15780,110,46170,,,,
20250903,030200,KT,52300,200,220317,,,,
20250903,030210,다올투자증권,3440,0,44457,,,,
20250903,030610,교보증권,8650,-80,42171,,,,
20250903,030720,동원수산,6100,40,6940,,,,
20250903,031210,서울보증보험,44150,-700,73227,,,,
20250903,031430,신세계인터내셔날,10180,100,40607,,,,
20250903,031820,아이티센씨티에스,6010,0,8398,,,,
20250903,032350,롯데관광개발,15570,310,778801,,,,
20250903,032560,황금에스티,5630,0,5000,,,,
20250903,032640,LG유플러스,14390,490,1688841,,,,
20250903,032830,삼성생명,149000,-2700,364546,,,,
20250903,033240,자화전자,19000,560,53227,,,,
20250903,033250,체시스,5450,-50,15010,,,,
20250903,033270,유나이티드제약,20300,-150,21994,,,,
20250903,033530,SJG세종,5990,10,124791,,,,
20250903,033780,KT&G,135500,-100,241907,,,,
20250903,033920,무학,7900,-30,15610,,,,
20250903,034020,두산에너빌리티,62400,2000,5684184,,,,
20250903,034120,SBS,20100,-400,101449,,,,
20250903,034220,LG디스플레이,12000,260,1717536,,,,
20250903,034230,파라다이스,21100,1630,2299116,,,,
20250903,034310,NICE,13070,0,27487,,,,
20250903,034590,인천도시가스,26100,100,2096,,,,
20250903,034730,SK,203000,-1000,76784,,,,
20250903,03473K,SK우,155100,-1000,895,,,,
20250903,034830,한국토지신탁,1247,-12,180782,,,,
20250903,035000,HS애드,8810,10,7916,,,,
20250903,035150,백산,14830,-50,30907,,,,
20250903,035250,강원랜드,17880,20,281307,,,,
20250903,035420,NAVER,221000,-4000,711207,,,,
20250903,035510,신세계 I&C,14660,-130,40959,,,,
20250903,035720,카카오,58900,-400,1641908,,,,
20250903,036420,콘텐트리중앙,9760,-180,55792,,,,
20250903,036460,한국가스공사,39450,150,171329,,,,
20250903,036530,SNT홀딩스,66800,2000,34942,,,,
20250903,036570,NC,191500,1900,61290,,,,
20250903,036580,팜스코,2650,-30,22607,,,,
20250903,037270,YG PLUS,8860,-100,1063592,,,,
20250903,037560,LG헬로비전,2820,-20,110791,,,,
20250903,037710,광주신세계,30000,-150,5255,,,,
20250903,039130,하나투어,50800,200,52974,,,,
20250903,039490,키움증권,202000,1000,52725,,,,
20250903,039570,HDC랩스,8470,-10,10347,,,,
20250903,041650,상신브레이크,2840,-5,9319,,,,
20250903,042660,한화오션,117700,-5500,3438865,,,,
20250903,042700,한미반도체,83600,700,260080,,,,
20250903,044380,주연테크,2590,15,28960,,,,
20250903,044450,KSS해운,9330,70,32397,,,,
20250903,044820,코스맥스비티아이,18640,-180,17338,,,,
20250903,047040,대우건설,3655,-25,922429,,,,
20250903,047050,포스코인터내셔널,48500,200,238330,,,,
20250903,047400,유니온머티리얼,1402,0,137739,,,,
20250903,047810,한국항공우주,96500,-500,344410,,,,
20250903,049800,우진플라임,2195,-5,29142,,,,
20250903,051600,한전KPS,50800,300,97769,,,,
20250903,051630,진양화학,1949,-25,83564,,,,
20250903,051900,LG생활건강,293500,1500,24667,,,,
20250903,051905,LG생활건강우,114100,-500,10777,,,,
20250903,051910,LG화학,270000,500,94431,,,,
20250903,051915,LG화학우,132500,600,17448,,,,
20250903,052690,한전기술,91000,600,214511,,,,
20250903,053210,스카이라이프,5260,20,9958,,,,
20250903,053690,한미글로벌,21150,0,125112,,,,
20250903,055490,테이팩스,15190,0,5188,,,,
20250903,055550,신한지주,65600,700,803871,,,,
20250903,058430,포스코스틸리온,3685,40,36900,,,,
20250903,058650,세아홀딩스,125600,-1300,1379,,,,
20250903,058730,다스코,2910,-10,19325,,,,
20250903,058850,KTcs,2865,-15,65023,,,,
20250903,058860,KTis,2940,-10,77246,,,,
20250903,060980,HL홀딩스,39250,-400,9771,,,,
20250903,062040,산일전기,104400,-1500,467061,,,,
20250903,063160,종근당바이오,23100,450,12593,,,,
20250903,064350,현대로템,203500,4700,927694,,,,
20250903,064400,LG씨엔에스,66100,-600,223160,,,,
20250903,064960,SNT모티브,36900,700,60463,,,,
20250903,066570,LG전자,74400,1500,309645,,,,
20250903,066575,LG전자우,36700,400,70971,,,,
20250903,066970,엘앤에프,61300,-3100,844736,,,,
20250903,067830,세이브존I&C,2630,10,7709,,,,
20250903,068270,셀트리온,163468,286,206787,,,,
20250903,068290,삼성출판사,16030,-170,7505,,,,
20250903,069260,TKG휴켐스,17370,90,34980,,,,
20250903,069460,대호에이엘,8700,-5,29289,,,,
20250903,069620,대웅제약,144000,6900,84337,,,,
20250903,069640,한세엠케이,1658,0,30896,,,,
20250903,069730,DSR제강,3815,15,19998,,,,
20250903,069960,현대백화점,69800,-100,51798,,,,
20250903,070960,모나용평,4100,20,55582,,,,
20250903,071050,한국금융지주,131300,2400,147931,,,,
20250903,071055,한국금융지주우,92600,1200,17888,,,,
20250903,071090,하이스틸,4405,15,399453,,,,
20250903,071320,지역난방공사,80900,200,15016,,,,
20250903,071840,롯데하이마트,8520,0,45911,,,,
20250903,071950,코아스,8300,470,65879,,,,
20250903,071970,HD현대마린엔진,93500,200,254299,,,,
20250903,072130,유엔젤,5370,0,55865,,,,
20250903,072710,농심홀딩스,80800,100,5773,,,,
20250903,073240,금호타이어,4970,25,394750,,,,
20250903,074610,이엔플러스,5110,0,0,,,,
20250903,075180,새론오토모티브,3135,0,7166,,,,
20250903,075580,세진중공업,18670,160,5336347,,,,
20250903,077500,유니퀘스트,5960,130,54242,,,,
20250903,077970,STX엔진,43500,100,752072,,,,
20250903,078000,텔코웨어,14700,-280,38266,,,,
20250903,078520,에이블씨엔씨,14680,-400,449221,,,,
20250903,078930,GS,44750,-100,150615,,,,
20250903,078935,GS우,42000,-150,2476,,,,
20250903,079160,CJ CGV,4520,-30,362492,,,,
20250903,079430,현대리바트,7130,10,9902,,,,
20250903,079550,LIG디펜스앤에어로스페이스,500000,-2000,82184,,,,
20250903,079900,전진건설로봇,47950,-800,33030,,,,
20250903,079980,휴비스,2945,-55,71204,,,,
20250903,081000,일진다이아,12300,20,4897,,,,
20250903,081660,미스토홀딩스,40300,-400,85189,,,,
20250903,082640,동양생명,7100,-430,574932,,,,
20250903,082740,한화엔진,44850,-450,2048476,,,,
20250903,083420,그린케미칼,7110,30,23548,,,,
20250903,084010,대한제강,10435,-21,33852,,,,
20250903,084670,동양고속,8240,50,504,,,,
20250903,084680,이월드,1467,14,143180,,,,
20250903,084690,대상홀딩스,9360,-10,39425,,,,
20250903,084695,대상홀딩스우,12790,70,4098,,,,
20250903,084870,TBH글로벌,1438,-15,54935,,,,
20250903,085310,엔케이,12440,-420,310766,,,,
20250903,085620,미래에셋생명,7460,-210,150009,,,,
20250903,086280,현대글로비스,187400,-2700,209364,,,,
20250903,086790,하나금융지주,83100,900,684753,,,,
20250903,088260,이리츠코크렙,4510,15,23998,,,,
20250903,088350,한화생명,3090,-35,996678,,,,
20250903,088790,진도,1894,-1,30677,,,,
20250903,088980,맥쿼리인프라,11600,-30,753556,,,,
20250903,089470,HDC현대EP,4055,60,21018,,,,
20250903,089590,제주항공,6470,40,28755,,,,
20250903,089860,롯데렌탈,29100,500,27072,,,,
20250903,090080,평화산업,1004,-4,117697,,,,
20250903,090350,노루페인트,9210,-140,57367,,,,
20250903,090355,노루페인트우,12660,-150,2626,,,,
20250903,090370,메타랩스,1273,-4,28240,,,,
20250903,090430,아모레퍼시픽,117300,-800,197321,,,,
20250903,090435,아모레퍼시픽우,40100,-850,18015,,,,
20250903,090460,비에이치,18910,400,739239,,,,
20250903,091810,트리니티항공,1765,21,167083,,,,
20250903,092200,디아이씨,4700,105,1282756,,,,
20250903,092220,KEC,3490,80,71699,,,,
20250903,092230,KPX홀딩스,66900,-400,823,,,,
20250903,092440,기신정기,2455,15,17771,,,,
20250903,092780,DYP,4030,-10,3033,,,,
20250903,092790,넥스틸,12630,40,159448,,,,
20250903,093050,LF,17920,-360,62824,,,,
20250903,093240,형지엘리트,1470,23,777496,,,,
20250903,093370,후성,5600,-190,580795,,,,
20250903,094280,효성ITX,12850,50,4336,,,,
20250903,094800,맵스리얼티,4690,-35,18030,,,,
20250903,095570,AJ네트웍스,4335,-5,122622,,,,
20250903,095720,웅진씽크빅,3418,-20,89922,,,,
20250903,096760,JW홀딩스,3295,20,39117,,,,
20250903,096770,SK이노베이션,101400,500,151901,,,,
20250903,096775,SK이노베이션우,68600,200,745,,,,
20250903,097230,HJ중공업,23400,2600,32441362,,,,
20250903,097520,엠씨넥스,29300,650,33747,,,,
20250903,097950,CJ제일제당,230000,-1500,91788,,,,
20250903,097955,CJ제일제당 우,140200,800,4223,,,,
20250903,100090,SK오션플랜트,20100,1200,3070601,,,,
20250903,100220,비상교육,5310,30,10636,,,,
20250903,100250,진양홀딩스,3123,15,14929,,,,
20250903,100840,SNT에너지,62000,1900,203313,,,,
20250903,101140,인바이오젠,12470,110,10793,,,,
20250903,101530,해태제과식품,6530,40,21028,,,,
20250903,102260,동성케미컬,4102,0,50502,,,,
20250903,102460,이연제약,10830,60,4663,,,,
20250903,103140,풍산,121000,400,444517,,,,
20250903,103590,일진전기,36250,500,586242,,,,
20250903,104700,한국철강,9880,-10,18260,,,,
20250903,105560,KB금융,110200,1400,561813,,,,
20250903,105630,한세실업,9220,130,63356,,,,
20250903,105840,우진,11150,420,288943,,,,
20250903,107590,미원홀딩스,71400,-600,54,,,,
20250903,108320,LX세미콘,52300,0,27697,,,,
20250903,108670,LX하우시스,28200,100,10795,,,,
20250903,108675,LX하우시스우,17330,-60,1601,,,,
20250903,109070,주성코퍼레이션,861,-8,93734,,,,
20250903,111110,호전실업,6950,-40,16413,,,,
20250903,111380,동인기연,13730,240,8395,,,,
20250903,111770,영원무역,58700,0,28787,,,,
20250903,112610,씨에스윈드,41850,250,75239,,,,
20250903,114090,GKL,16500,870,235135,,,,
20250903,117580,대성에너지,8020,30,16594,,,,
20250903,118000,메타케어,3240,70,38449,,,,
20250903,119650,KC코트렐,918,0,0,,,,
20250903,120030,조선선재,104200,-500,2682,,,,
20250903,120110,코오롱인더,37950,1950,303880,,,,
20250903,120115,코오롱인더우,22700,300,4445,,,,
20250903,122900,아이마켓코리아,8180,-70,10019,,,,
20250903,123690,한국화장품,9270,-60,67417,,,,
20250903,123700,SJM,3480,-65,34802,,,,
20250903,123890,한국자산신탁,2370,-5,44791,,,,
20250903,126560,현대퓨처넷,3250,10,10132,,,,
20250903,126720,수산인더스트리,22400,250,9262,,,,
20250903,128820,대성산업,3980,-15,97508,,,,
20250903,128940,한미약품,305000,-4000,68324,,,,
20250903,129260,인터지스,2635,10,58053,,,,
20250903,130660,한전산업,12260,140,131386,,,,
20250903,133820,화인베스틸,1972,-8,688676,,,,
20250903,134380,미원화학,8400,150,4360,,,,
20250903,134790,시디즈,25400,200,1402,,,,
20250903,136490,선진,11370,-80,36979,,,,
20250903,137310,에스디바이오센서,9920,20,92871,,,,
20250903,138040,메리츠금융지주,124600,-1200,170120,,,,
20250903,138930,BNK금융지주,14640,-70,616861,,,,
20250903,139130,iM금융지주,13710,-80,487088,,,,
20250903,139480,이마트,74000,2400,290942,,,,
20250903,139990,아주스틸,3825,25,5779,,,,
20250903,143210,핸즈코퍼레이션,1660,1,9551,,,,
20250903,145210,다이나믹디자인,7690,0,2489,,,,
20250903,145270,케이탑리츠,954,-9,162527,,,,
20250903,145720,덴티움,55700,200,32274,,,,
20250903,145990,삼양사,48500,250,5256,,,,
20250903,145995,삼양사우,34550,450,122,,,,
20250903,155660,DSR,3705,15,8743,,,,
20250903,161000,애경케미칼,10590,60,91726,,,,
20250903,161390,한국타이어앤테크놀로지,39650,-600,216610,,,,
20250903,161890,한국콜마,74600,-800,154149,,,,
20250903,163560,동일고무벨트,6960,10,18058,,,,
20250903,170900,동아에스티,41296,286,14358,,,,
20250903,175330,JB금융지주,23600,-300,303032,,,,
20250903,178920,PI첨단소재,16940,-110,51492,,,,
20250903,180640,한진칼,109400,-100,22174,,,,
20250903,18064K,한진칼우,36950,-300,1101,,,,
20250903,181710,NHN,24800,-150,24236,,,,
20250903,183190,아세아시멘트,13190,-200,65121,,,,
20250903,185750,종근당,80400,1300,19210,,,,
20250903,192080,더블유게임즈,52200,800,38012,,,,
20250903,192400,쿠쿠홀딩스,32000,100,26536,,,,
20250903,192650,드림텍,6440,90,118096,,,,
20250903,192820,코스맥스,211000,4000,112140,,,,
20250903,194370,제이에스코퍼레이션,10740,630,294716,,,,
20250903,195870,해성디에스,22200,50,49086,,,,
20250903,200880,서연이화,11820,130,51559,,,,
20250903,204320,HL만도,35500,300,90818,,,,
20250903,207940,삼성바이오로직스,1489405,22076,31732,,,,
20250903,210540,디와이파워,12150,-170,49595,,,,
20250903,210980,SK디앤디,9940,-60,41312,,,,
20250903,213500,한솔제지,8580,40,20124,,,,
20250903,214320,이노션,18400,-150,415984,,,,
20250903,214330,금호에이치티,16592,870,55842,,,,
20250903,214390,경보제약,4905,50,4766,,,,
20250903,214420,토니모리,10000,220,196888,,,,
20250903,226320,잇츠한불,12160,-300,22256,,,,
20250903,227840,현대코퍼레이션홀딩스,12050,-70,1476,,,,
20250903,229640,LS에코에너지,38950,550,85848,,,,
20250903,234080,JW생명과학,11630,150,21775,,,,
20250903,241560,두산밥캣,52700,-100,120336,,,,
20250903,241590,화승엔터프라이즈,6790,20,44304,,,,
20250903,244920,에이플러스에셋,7060,40,108682,,,,
20250903,248070,솔루엠,17200,510,365634,,,,
20250903,248170,샘표식품,26050,-100,3566,,,,
20250903,249420,일동제약,22800,0,1015369,,,,
20250903,251270,넷마블,59400,500,114317,,,,
20250903,259960,크래프톤,329000,-1000,77851,,,,
20250903,264900,크라운제과,9370,0,8058,,,,
20250903,26490K,크라운제과우,9560,20,589,,,,
20250903,267250,HD현대,136400,200,156417,,,,
20250903,267260,HD현대일렉트릭,501000,6500,101264,,,,
20250903,267270,HD건설기계,87600,300,73039,,,,
20250903,267290,경동도시가스,20050,-100,3485,,,,
20250903,267850,아시아나IDT,11550,-10,9895,,,,
20250903,268280,미원에스씨,137800,-800,337,,,,
20250903,271560,오리온,108200,500,55344,,,,
20250903,271940,일진하이솔루스,18000,630,40290,,,,
20250903,271980,제일약품,13000,40,15910,,,,
20250903,272210,한화시스템,53100,-1300,1436453,,,,
20250903,272450,진에어,8290,-80,43883,,,,
20250903,272550,삼양패키징,13090,-30,9080,,,,
20250903,278470,에이피알,212000,-8000,772679,,,,
20250903,280360,롯데웰푸드,114000,-900,9481,,,,
20250903,281820,케이씨텍,31400,-100,63218,,,,
20250903,282330,BGF리테일,110800,-1000,70412,,,,
20250903,284740,쿠쿠홈시스,26400,-100,15309,,,,
20250903,285130,SK케미칼,58200,-300,41005,,,,
20250903,28513K,SK케미칼우,25550,-50,6539,,,,
20250903,286940,롯데이노베이트,20600,-250,7510,,,,
20250903,293480,하나제약,11790,-40,6978,,,,
20250903,293940,신한알파리츠,5600,30,182905,,,,
20250903,294870,IPARK현대산업개발,19650,-70,141673,,,,
20250903,298000,효성화학,77800,0,0,,,,
20250903,298020,효성티앤씨,216500,500,3612,,,,
20250903,298040,효성중공업,1258000,25000,46264,,,,
20250903,298050,HS효성첨단소재,189600,300,3419,,,,
20250903,298690,에어부산,1978,-1,51758,,,,
20250903,300720,한일시멘트,18900,-240,54586,,,,
20250903,302440,SK바이오사이언스,49150,2200,272111,,,,
20250903,306200,세아제강,132900,1100,4948,,,,
20250903,307950,현대오토에버,167400,700,57028,,,,
20250903,308170,씨티알모빌리티,5170,30,2800,,,,
20250903,316140,우리금융지주,24750,0,451899,,,,
20250903,317400,자이에스앤디,3355,-15,11823,,,,
20250903,322000,HD현대에너지솔루션,43400,450,33212,,,,
20250903,323410,카카오뱅크,23850,-400,660156,,,,
20250903,326030,SK바이오팜,105000,4700,401609,,,,
20250903,329180,HD현대중공업,505000,-9000,141079,,,,
20250903,330590,롯데리츠,3890,-5,275254,,,,
20250903,334890,이지스밸류플러스리츠,4080,-182,820946,,,,
20250903,336260,두산퓨얼셀,25250,-700,803536,,,,
20250903,33626K,두산퓨얼셀1우,6840,80,51500,,,,
20250903,33626L,두산퓨얼셀2우B,10870,-10,3848,,,,
20250903,336370,솔루스첨단소재,7510,130,95649,,,,
20250903,33637K,솔루스첨단소재1우,1630,19,17783,,,,
20250903,33637L,솔루스첨단소재2우B,3580,115,4052,,,,
20250903,338100,NH프라임리츠,4535,35,60360,,,,
20250903,339770,교촌에프앤비,4740,-60,104680,,,,
20250903,344820,KCC글라스,29300,-50,16875,,,,
20250903,348950,제이알글로벌리츠,2800,0,417036,,,,
20250903,350520,이지스레지던스리츠,3940,-10,48605,,,,
20250903,352820,하이브,281500,-2500,217496,,,,
20250903,353200,대덕전자,23250,-350,669767,,,,
20250903,35320K,대덕전자1우,8820,-40,1190,,,,
20250903,357120,코람코라이프인프라리츠,4360,100,290312,,,,
20250903,357250,미래에셋맵스리츠,2640,20,15905,,,,
20250903,357430,마스턴프리미어리츠,1525,-2,51165,,,,
20250903,361610,SK아이이테크놀로지,27150,100,72962,,,,
20250903,363280,티와이홀딩스,2965,-180,137639,,,,
20250903,36328K,티와이홀딩스우,5230,-140,4076,,,,
20250903,365550,ESR켄달스퀘어리츠,4495,-25,283135,,,,
20250903,372910,한컴라이프케어,2710,5,23036,,,,
20250903,373220,LG에너지솔루션,348500,-1500,222771,,,,
20250903,375500,DL이앤씨,42350,100,200516,,,,
20250903,37550K,DL이앤씨우,18900,-70,5186,,,,
20250903,37550L,DL이앤씨2우(전환),29350,-50,1380,,,,
20250903,377190,디앤디플랫폼리츠,3270,25,41761,,,,
20250903,377300,카카오페이,52000,-5800,6516548,,,,
20250903,377740,바이오노트,5570,-50,22278,,,,
20250903,378850,화승알앤에이,3000,45,17641,,,,
20250903,381970,케이카,15680,20,25692,,,,
20250903,383220,F&F,65900,500,37372,,,,
20250903,383800,LX홀딩스,7760,-20,129519,,,,
20250903,38380K,LX홀딩스1우,8660,-20,547,,,,
20250903,395400,SK리츠,5100,20,254299,,,,
20250903,396690,미래에셋글로벌리츠,2725,5,25185,,,,
20250903,400760,NH올원리츠,3175,5,57435,,,,
20250903,402340,SK스퀘어,143900,300,211578,,,,
20250903,403550,쏘카,11450,-180,15537,,,,
20250903,404990,신한서부티엔디리츠,3370,-20,59433,,,,
20250903,415640,KB발해인프라,8650,-110,217924,,,,
20250903,417310,코람코더원리츠,5670,-10,84939,,,,
20250903,432320,KB스타리츠,3875,20,51171,,,,
20250903,439260,대한조선,82100,500,288337,,,,
20250903,443060,HD현대마린솔루션,202500,-4000,65051,,,,
20250903,446070,유니드비티플러스,3895,5,5737,,,,
20250903,448730,삼성FN리츠,4315,35,58948,,,,
20250903,450080,에코프로머티,49300,-50,173697,,,,
20250903,451800,한화리츠,3945,25,139979,,,,
20250903,452260,한화갤러리아,1123,6,282687,,,,
20250903,45226K,한화갤러리아우,2190,0,875,,,,
20250903,453340,현대그린푸드,15790,-20,24131,,,,
20250903,454910,두산로보틱스,61100,-900,124209,,,,
20250903,456040,OCI,53100,300,12713,,,,
20250903,457190,이수스페셜티케미컬,44200,700,135092,,,,
20250903,460850,동국씨엠,5460,120,39044,,,,
20250903,460860,동국제강,9200,120,96272,,,,
20250903,462520,조선내화,13500,-120,6736,,,,
20250903,462870,시프트업,40500,-100,81825,,,,
20250903,465770,STX그린로지스,7850,100,36504,,,,
20250903,475150,SK이터닉스,20150,-100,280970,,,,
20250903,475560,더본코리아,26200,2000,485828,,,,
20250903,480370,씨케이솔루션,3243,-10,23592,,,,
20250903,481850,신한글로벌액티브리츠,1411,-2,50720,,,,
20250903,483650,달바글로벌,164300,-6900,247605,,,,
20250903,484870,엠앤씨솔루션,71333,1667,129279,,,,
20250903,487570,HS효성,56200,-100,4452,,,,
20250903,489790,한화비전,55700,4200,1211816,,,,
20250903,499790,GS피앤엘,50000,2550,318737,,,,
20250903,900140,엘브이엠씨홀딩스,1776,0,260642,,,,
20250903,950210,프레스티지바이오파마,14960,1350,482263,,,,
20250904,000020,동화약품,6440,120,59392,,,,
20250904,000040,KR모터스,2765,60,57510,,,,
20250904,000050,경방,7100,20,9522,,,,
20250904,000070,삼양홀딩스,57187,0,11120,,,,
20250904,000080,하이트진로,19160,80,109290,,,,
20250904,000087,하이트진로2우B,15510,10,941,,,,
20250904,000100,유한양행,118100,0,230510,,,,
20250904,000105,유한양행우,104800,-500,1441,,,,
20250904,000120,CJ대한통운,82500,600,60672,,,,
20250904,000140,하이트진로홀딩스,10110,10,10660,,,,
20250904,000145,하이트진로홀딩스우,11900,-20,38,,,,
20250904,000150,두산,536000,2000,106577,,,,
20250904,000155,두산우,333000,500,13534,,,,
20250904,000157,두산2우B,354000,2000,1037,,,,
20250904,000180,성창기업지주,8650,40,11872,,,,
20250904,000210,DL,38100,200,36917,,,,
20250904,000215,DL우,22550,0,5454,,,,
20250904,000220,유유제약,4340,35,7275,,,,
20250904,000225,유유제약1우,4820,-20,2042,,,,
20250904,000227,유유제약2우B,10400,-60,189,,,,
20250904,000230,일동홀딩스,8720,120,18217,,,,
20250904,000240,한국앤컴퍼니,23950,200,24984,,,,
20250904,000270,기아,107000,0,563510,,,,
20250904,000300,DH오토넥스,4200,0,0,,,,
20250904,000320,노루홀딩스,33450,-1950,111215,,,,
20250904,000325,노루홀딩스우,33600,-450,511,,,,
20250904,000370,한화손해보험,5470,-80,437796,,,,
20250904,000390,SP삼화,6050,0,12222,,,,
20250904,000400,롯데손해보험,1591,-2,276084,,,,
20250904,000430,대원강업,4000,-30,45338,,,,
20250904,000480,CR홀딩스,4990,5,9510,,,,
20250904,000490,대동,9860,100,62035,,,,
20250904,000500,가온전선,32896,-56,59155,,,,
20250904,000520,삼일제약,10880,430,481756,,,,
20250904,000540,흥국화재,4060,-20,46965,,,,
20250904,000545,흥국화재우,7460,-30,3318,,,,
20250904,000590,CS홀딩스,88200,-600,241,,,,
20250904,000640,동아쏘시오홀딩스,106736,0,7444,,,,
20250904,000650,천일고속,41000,-700,75,,,,
20250904,000660,SK하이닉스,265500,3000,2189959,,,,
20250904,000670,영풍,37795,-146,25081,,,,
20250904,000680,LS네트웍스,3975,30,74235,,,,
20250904,000700,유수홀딩스,5730,0,4435,,,,
20250904,000720,현대건설,59900,100,755304,,,,
20250904,000725,현대건설우,53000,0,1048,,,,
20250904,000760,이화산업,12090,-100,20641,,,,
20250904,000810,삼성화재,453000,-4000,72896,,,,
20250904,000815,삼성화재우,336000,2500,4625,,,,
20250904,000850,화천기공,30300,-50,4375,,,,
20250904,000860,강남제비스코,11870,-110,20616,,,,
20250904,000880,한화,101800,360,92070,,,,
20250904,00088K,한화3우B,36044,-302,13035,,,,
20250904,000890,보해양조,2250,-15,35984,,,,
20250904,000910,유니온,4550,-15,43709,,,,
20250904,000950,전방,32650,-350,352,,,,
20250904,000970,한국주철관,6970,70,23969,,,,
20250904,000990,DB하이텍,44700,200,92706,,,,
20250904,001020,페이퍼코리아,3655,70,1426,,,,
20250904,001040,CJ,165500,3800,127717,,,,
20250904,001045,CJ우,89500,0,6303,,,,
20250904,00104K,CJ4우(전환),138400,3600,11711,,,,
20250904,001060,JW중외제약,22000,-300,29088,,,,
20250904,001065,JW중외제약우,28950,200,78,,,,
20250904,001067,JW중외제약2우B,59900,0,16,,,,
20250904,001070,대한방직,6430,-30,7830,,,,
20250904,001080,만호제강,2825,75,5580,,,,
20250904,001120,LX인터내셔널,29850,100,63351,,,,
20250904,001130,대한제분,14270,50,11190,,,,
20250904,001200,유진투자증권,3340,25,320791,,,,
20250904,001210,금호전기,4995,-35,32898,,,,
20250904,001230,동국홀딩스,1654,16,79858,,,,
20250904,001250,GS글로벌,2545,10,180094,,,,
20250904,001260,남광토건,8930,-70,10796,,,,
20250904,001270,부국증권,65300,-1600,74466,,,,
20250904,001275,부국증권우,26350,150,912,,,,
20250904,001290,상상인증권,674,5,244389,,,,
20250904,001340,PKC,5820,50,25536,,,,
20250904,001360,삼성제약,1610,19,199280,,,,
20250904,001380,SG글로벌,3277,20,72834,,,,
20250904,001390,KG케미칼,4495,15,130993,,,,
20250904,001420,태원물산,3520,-10,22801,,,,
20250904,001430,세아베스틸지주,27050,550,75969,,,,
20250904,001440,대한전선,15160,-130,598219,,,,
20250904,001450,현대해상,27750,200,227722,,,,
20250904,001460,BYC,39950,-450,1533,,,,
20250904,001465,BYC우,26250,-100,1749,,,,
20250904,001470,삼부토건,347,0,0,,,,
20250904,001500,현대차증권,7850,90,50073,,,,
20250904,001510,SK증권,1265,0,342676,,,,
20250904,001515,SK증권우,4030,0,336,,,,
20250904,001520,동양,1272,10,31936,,,,
20250904,001525,동양우,8260,-90,37,,,,
20250904,001527,동양2우B,16960,-200,62,,,,
20250904,001530,DI동일,33953,-2762,131431,,,,
20250904,001550,조비,12800,-20,15731,,,,
20250904,001560,제일연마,10790,140,8056,,,,
20250904,001570,금양,9900,0,0,,,,
20250904,001620,케이비아이동국실업,2420,-5,3117,,,,
20250904,001630,종근당홀딩스,47700,-100,5246,,,,
20250904,001680,대상,22500,150,35299,,,,
20250904,001685,대상우,16840,90,5637,,,,
20250904,001720,신영증권,136500,-3000,25867,,,,
20250904,001740,SK네트웍스,4365,45,146452,,,,
20250904,001750,한양증권,16950,-50,19180,,,,
20250904,001755,한양증권우,16630,60,980,,,,
20250904,001770,SHD,18040,400,2142,,,,
20250904,001780,알루코,2155,10,158746,,,,
20250904,001790,대한제당,2955,10,129069,,,,
20250904,001795,대한제당우,2450,20,10665,,,,
20250904,001800,오리온홀딩스,20650,50,36030,,,,
20250904,001820,삼화콘덴서,31200,-450,561779,,,,
20250904,001940,KISCO홀딩스,25750,100,2292,,,,
20250904,002020,코오롱,45000,400,187953,,,,
20250904,002025,코오롱우,21400,50,2471,,,,
20250904,002030,아세아,347000,500,690,,,,
20250904,002070,비비안,15064,79,5405,,,,
20250904,002100,경농,9610,-20,6661,,,,
20250904,002140,고려산업,2685,35,34676,,,,
20250904,002150,도화엔지니어링,6500,20,9579,,,,
20250904,002170,SYTS,53900,-400,953,,,,
20250904,002200,한국수출포장,2905,10,13155,,,,
20250904,002210,동성제약,1946,0,0,,,,
20250904,002220,한일철강,2770,-140,160926,,,,
20250904,002240,고려제강,17530,90,5672,,,,
20250904,002310,아세아제지,7970,20,43318,,,,
20250904,002320,한진,21100,300,16908,,,,
20250904,002350,넥센타이어,5840,20,20964,,,,
20250904,002355,넥센타이어1우B,3255,0,4598,,,,
20250904,002360,SH에너지화학,4380,-10,8988,,,,
20250904,002380,KCC,392000,500,13291,,,,
20250904,002390,한독,11830,60,10910,,,,
20250904,002410,범양건영,1935,0,0,,,,
20250904,002420,세기상사,5390,70,478,,,,
20250904,002450,삼익악기,1265,-3,63970,,,,
20250904,002460,HS화성,10210,30,9422,,,,
20250904,002600,조흥,151700,500,30,,,,
20250904,002620,제일파마홀딩스,8830,150,97138,,,,
20250904,002630,오리엔트바이오,1200,6,274149,,,,
20250904,002690,동일제강,1586,-7,3645,,,,
20250904,002700,신일전자,1320,0,227120,,,,
20250904,002710,TCC스틸,17030,180,275952,,,,
20250904,002720,국제약품,4795,5,43786,,,,
20250904,002760,보락,1035,-5,56457,,,,
20250904,002780,진흥기업,719,4,97992,,,,
20250904,002785,진흥기업우B,3320,0,3263,,,,
20250904,002787,진흥기업2우B,7570,-130,1940,,,,
20250904,002790,아모레퍼시픽홀딩스,26650,250,54995,,,,
20250904,002795,아모레퍼시픽홀딩스우,11060,200,3374,,,,
20250904,00279K,아모레퍼시픽홀딩스3우C,21000,300,2295,,,,
20250904,002810,삼영무역,15810,-60,11487,,,,
20250904,002820,SUN&L,2680,-20,20545,,,,
20250904,002840,미원상사,151800,6400,3304,,,,
20250904,002870,신풍,1038,-29,185045,,,,
20250904,002880,디와이에이,1103,-7,53928,,,,
20250904,002900,TYM,5980,230,300933,,,,
20250904,002920,유성기업,2100,5,8262,,,,
20250904,002960,한국쉘석유,429000,-1000,441,,,,
20250904,002990,금호건설,3675,-90,71331,,,,
20250904,002995,금호건설우,11620,30,220,,,,
20250904,003000,부광약품,3485,55,560517,,,,
20250904,003010,혜인,5330,90,66649,,,,
20250904,003030,세아제강지주,177600,-400,4953,,,,
20250904,003060,에이프로젠바이오로직스,614,8,246725,,,,
20250904,003070,코오롱글로벌,8940,0,4187,,,,
20250904,003075,코오롱글로벌우,14450,-230,2399,,,,
20250904,003080,SB성보,2810,0,5257,,,,
20250904,003090,대웅,24250,200,120408,,,,
20250904,0030R0,대신밸류리츠,4300,-35,74042,,,,
20250904,003120,일성아이에스,24600,300,6562,,,,
20250904,003160,디아이,13700,1080,506968,,,,
20250904,003200,일신방직,9970,40,4046,,,,
20250904,003220,대원제약,12970,-30,22344,,,,
20250904,003230,삼양식품,1561000,5000,17881,,,,
20250904,003240,태광산업,858000,2000,694,,,,
20250904,003280,흥아해운,1651,26,560481,,,,
20250904,003300,한일홀딩스,17460,-20,9952,,,,
20250904,003350,한국화장품제조,11900,-100,140380,,,,
20250904,003460,유화증권,2695,0,117988,,,,
20250904,003465,유화증권우,2690,90,2187,,,,
20250904,003470,유안타증권,3365,5,176655,,,,
20250904,003475,유안타증권우,3495,25,15425,,,,
20250904,003480,한진중공업홀딩스,4715,35,47555,,,,
20250904,003490,대한항공,23600,150,858190,,,,
20250904,003495,대한항공우,23650,150,1349,,,,
20250904,003520,영진약품,2055,25,112662,,,,
20250904,003530,한화투자증권,5440,40,743696,,,,
20250904,003535,한화투자증권우,7560,270,5864,,,,
20250904,003540,대신증권,27250,-200,163247,,,,
20250904,003545,대신증권우,20850,-250,37193,,,,
20250904,003547,대신증권2우B,19530,-50,21349,,,,
20250904,003550,LG,75500,300,150461,,,,
20250904,003555,LG우,62600,300,5039,,,,
20250904,003570,SNT다이내믹스,60500,-2800,111419,,,,
20250904,003580,HLB글로벌,2275,-5,72674,,,,
20250904,003610,방림,4700,55,51174,,,,
20250904,003620,KG모빌리티,3355,40,93332,,,,
20250904,003650,미창석유,110300,600,827,,,,
20250904,003670,포스코퓨처엠,135200,800,228246,,,,
20250904,003680,한성기업,5620,-30,67394,,,,
20250904,003690,코리안리,10860,-20,147697,,,,
20250904,003720,삼영,5250,220,884367,,,,
20250904,003780,진양산업,6270,10,74145,,,,
20250904,003830,대한화섬,117400,-1200,81,,,,
20250904,003850,보령,8430,50,57272,,,,
20250904,003920,남양유업,56700,400,1455,,,,
20250904,003925,남양유업우,34900,0,4656,,,,
20250904,003960,사조대림,41800,150,3753,,,,
20250904,004000,롯데정밀화학,44450,1050,113624,,,,
20250904,004020,현대제철,33350,600,752884,,,,
20250904,004060,SG세계물산,3190,30,16464,,,,
20250904,004080,신흥,13890,0,1959,,,,
20250904,004090,한국석유,13800,0,30236,,,,
20250904,004100,태양금속,2090,10,58797,,,,
20250904,004105,태양금속우,3130,30,10373,,,,
20250904,004140,동방,2975,30,544421,,,,
20250904,004150,한솔홀딩스,3100,25,60874,,,,
20250904,004170,신세계,169400,7200,56558,,,,
20250904,004250,NPC,4100,60,41139,,,,
20250904,004255,NPC우,2420,25,1321,,,,
20250904,004270,남성,8196,24,2842,,,,
20250904,004310,현대약품,3980,55,180966,,,,
20250904,004360,세방,13670,-50,39250,,,,
20250904,004365,세방우,8830,0,6105,,,,
20250904,004370,농심,427000,500,31213,,,,
20250904,004380,삼익THK,13000,0,0,,,,
20250904,004410,서울식품,1550,10,127900,,,,
20250904,004415,서울식품우,12360,-120,109,,,,
20250904,004430,송원산업,10170,-10,17058,,,,
20250904,004440,삼일씨엔에스,4945,95,5338,,,,
20250904,004450,삼화왕관,35100,300,502,,,,
20250904,004490,세방전지,62000,0,11345,,,,
20250904,004540,깨끗한나라,2100,5,61530,,,,
20250904,004545,깨끗한나라우,11720,-90,25,,,,
20250904,004560,현대비앤지스틸,11600,90,19027,,,,
20250904,004690,삼천리,128100,500,4625,,,,
20250904,004700,조광피혁,65000,400,2835,,,,
20250904,004710,한솔테크닉스,5409,0,0,,,,
20250904,004720,팜젠사이언스,4325,-10,44194,,,,
20250904,004770,써니전자,1631,15,116499,,,,
20250904,004800,효성,83200,-1800,21048,,,,
20250904,004830,덕성,5490,-10,430402,,,,
20250904,004835,덕성우,7500,-60,5993,,,,
20250904,004840,DRB동일,5070,40,1720,,,,
20250904,004870,티웨이홀딩스,2659,15,9006,,,,
20250904,004890,동일산업,40500,350,588,,,,
20250904,004910,조광페인트,5650,130,40242,,,,
20250904,004920,씨아이테크,1155,-4,95812,,,,
20250904,004960,한신공영,7870,210,17285,,,,
20250904,004970,신라교역,9080,-20,10687,,,,
20250904,004980,성신양회,10370,240,32608,,,,
20250904,004985,성신양회우,11490,30,777,,,,
20250904,004990,롯데지주,29700,100,157662,,,,
20250904,00499K,롯데지주우,31750,250,125,,,,
20250904,005010,휴스틸,4120,70,122261,,,,
20250904,005030,부산주공,486,0,0,,,,
20250904,005070,코스모신소재,41500,-500,397344,,,,
20250904,005090,SGC에너지,22900,200,8297,,,,
20250904,005110,한창,1254,0,0,,,,
20250904,005180,빙그레,71900,1100,17407,,,,
20250904,005250,녹십자홀딩스,15450,300,33272,,,,
20250904,005257,녹십자홀딩스2우,27400,-300,638,,,,
20250904,005300,롯데칠성,118400,500,25650,,,,
20250904,005305,롯데칠성우,71100,300,249,,,,
20250904,005320,온타이드,1070,2,96250,,,,
20250904,005360,모나미,2230,-40,429051,,,,
20250904,005380,현대차,221500,0,249504,,,,
20250904,005385,현대차우,169400,-1300,69023,,,,
20250904,005387,현대차2우B,173100,-1400,52977,,,,
20250904,005389,현대차3우B,169000,-900,9122,,,,
20250904,005420,코스모화학,16030,30,77486,,,,
20250904,005430,한국공항,70500,2000,19074,,,,
20250904,005440,현대지에프홀딩스,7580,120,114827,,,,
20250904,005490,POSCO홀딩스,284000,4000,179969,,,,
20250904,005500,삼진제약,19010,-30,13901,,,,
20250904,005610,삼립,54700,200,4072,,,,
20250904,005680,삼영전자,10580,160,20272,,,,
20250904,005690,파미셀,10700,160,575460,,,,
20250904,005720,넥센,5750,60,18508,,,,
20250904,005725,넥센우,4405,-85,747,,,,
20250904,005740,크라운해태홀딩스,7240,30,11223,,,,
20250904,005745,크라운해태홀딩스우,8200,-20,442,,,,
20250904,005750,대림바스,4540,20,9756,,,,
20250904,005800,신영와코루,14300,0,2595,,,,
20250904,005810,풍산홀딩스,40450,50,12941,,,,
20250904,005820,원림,13870,-10,1308,,,,
20250904,005830,DB손해보험,137400,800,111174,,,,
20250904,005850,에스엘,33850,0,57127,,,,
20250904,005870,휴니드,8400,90,55167,,,,
20250904,005880,대한해운,1740,30,1050406,,,,
20250904,005930,삼성전자,70100,300,12284414,,,,
20250904,005935,삼성전자우,57200,0,1097310,,,,
20250904,005940,NH투자증권,19290,100,455561,,,,
20250904,005945,NH투자증권우,17170,40,14646,,,,
20250904,005950,이수화학,5550,0,12315,,,,
20250904,005960,동부건설,5540,-30,16714,,,,
20250904,005965,동부건설우,18800,20,284,,,,
20250904,006040,동원산업,45000,2850,87591,,,,
20250904,006060,화승인더,4280,80,22013,,,,
20250904,006090,사조오양,10180,200,13246,,,,
20250904,006110,삼아알미늄,23000,850,128356,,,,
20250904,006120,SK디스커버리,51700,700,4613,,,,
20250904,006125,SK디스커버리우,35700,250,2624,,,,
20250904,006200,한국전자홀딩스,3530,-5,4786,,,,
20250904,006220,제주은행,13900,130,189925,,,,
20250904,006260,LS,175200,-300,88702,,,,
20250904,006280,녹십자,131900,800,17763,,,,
20250904,006340,대원전선,2790,20,372221,,,,
20250904,006345,대원전선우,3575,5,11932,,,,
20250904,006360,GS건설,18800,730,494753,,,,
20250904,006370,대구백화점,6530,-60,39385,,,,
20250904,006380,카프로,3660,0,0,,,,
20250904,006400,삼성SDI,202500,1000,260018,,,,
20250904,006405,삼성SDI우,128000,2900,4878,,,,
20250904,006490,프리티,3890,10,107465,,,,
20250904,006570,대림통상,2640,-20,6143,,,,
20250904,006650,대한유화,121000,1500,41473,,,,
20250904,006660,삼성공조,13150,190,15113,,,,
20250904,006740,블루산업개발,2413,107,813405,,,,
20250904,006800,미래에셋증권,19027,587,1234143,,,,
20250904,006805,미래에셋증권우,8791,178,41493,,,,
20250904,00680K,미래에셋증권2우B,8336,137,455034,,,,
20250904,006840,AK홀딩스,11130,80,2344,,,,
20250904,006880,신송홀딩스,6980,120,53235,,,,
20250904,006890,태경케미컬,9190,0,25148,,,,
20250904,006980,우성,17180,280,610,,,,
20250904,007070,GS리테일,16500,210,90835,,,,
20250904,007110,일신석재,2065,0,353801,,,,
20250904,007120,미래아이앤지,937,1,36052,,,,
20250904,007160,사조산업,50200,0,7287,,,,
20250904,007210,벽산,2145,70,546867,,,,
20250904,007280,한국특강,3039,-15,12804,,,,
20250904,007310,오뚜기,394000,0,4303,,,,
20250904,007340,DN오토모티브,25600,-500,45969,,,,
20250904,007460,에이프로젠,705,17,3356310,,,,
20250904,007540,샘표,48950,-150,2775,,,,
20250904,007570,일양약품,14432,560,58014,,,,
20250904,007575,일양약품우,15165,164,415,,,,
20250904,007590,동방아그로,6190,-10,5587,,,,
20250904,007610,선도전기,3000,0,0,,,,
20250904,007660,이수페타시스,64200,100,1140524,,,,
20250904,007690,국도화학,36100,300,8302,,,,
20250904,007700,F&F홀딩스,19730,-250,29966,,,,
20250904,007810,코리아써키트,12200,50,67356,,,,
20250904,007815,코리아써우,6140,40,117,,,,
20250904,00781K,코리아써키트2우B,6230,0,836,,,,
20250904,007860,서연,9260,-10,27855,,,,
20250904,007980,TP,1787,39,1000388,,,,
20250904,008040,사조동아원,1117,-3,60639,,,,
20250904,008060,대덕,8030,80,52396,,,,
20250904,00806K,대덕1우,8070,0,3211,,,,
20250904,008250,이건산업,4910,25,12329,,,,
20250904,008260,NI스틸,3615,65,31497,,,,
20250904,008350,남선알미늄,1141,-2,242292,,,,
20250904,008355,남선알미우,12890,-100,184,,,,
20250904,008420,문배철강,2195,20,26162,,,,
20250904,008490,서흥,29500,450,81610,,,,
20250904,008600,윌비스,3650,-21,14977,,,,
20250904,008700,아남전자,1339,21,119486,,,,
20250904,008730,율촌화학,30450,500,130865,,,,
20250904,008770,호텔신라,47950,2050,358418,,,,
20250904,008775,호텔신라우,40750,800,2066,,,,
20250904,008870,금비,55900,600,249,,,,
20250904,008930,한미사이언스,40000,150,86272,,,,
20250904,008970,KBI동양철관,2629,0,0,,,,
20250904,009070,KCTC,5580,0,437980,,,,
20250904,009140,경인전자,20450,50,1269,,,,
20250904,009150,삼성전기,178400,4200,696996,,,,
20250904,009155,삼성전기우,81000,1900,50059,,,,
20250904,009160,SIMPAC,4315,55,49253,,,,
20250904,009180,한솔로지스틱스,2850,75,81317,,,,
20250904,009190,대양금속,1620,11,283269,,,,
20250904,009200,무림페이퍼,2055,5,52203,,,,
20250904,009240,한샘,41900,-300,19174,,,,
20250904,009270,신원,1711,-17,708326,,,,
20250904,009290,광동제약,6040,40,21271,,,,
20250904,009310,참엔지니어링,1280,5,27582,,,,
20250904,009320,아진전자부품,1078,0,43456,,,,
20250904,009410,태영건설,1832,31,157842,,,,
20250904,009415,태영건설우,4995,120,203,,,,
20250904,009420,한올바이오파마,32450,950,1552138,,,,
20250904,009440,KC그린홀딩스,756,0,0,,,,
20250904,009450,경동나비엔,78400,-300,26992,,,,
20250904,009460,한창제지,3215,-10,9842,,,,
20250904,009470,삼화전기,26050,0,38000,,,,
20250904,009540,HD한국조선해양,422000,11000,330948,,,,
20250904,009580,무림P&P,2630,20,54622,,,,
20250904,009680,모토닉,10620,-70,43380,,,,
20250904,009770,삼정펄프,27250,50,2207,,,,
20250904,009810,MDS스피어,3395,20,11052,,,,
20250904,009830,한화솔루션,26976,283,439108,,,,
20250904,009835,한화솔루션우,20141,407,7083,,,,
20250904,009900,명신산업,8820,70,85499,,,,
20250904,009970,영원무역홀딩스,130900,1100,7956,,,,
20250904,010040,한국내화,2235,65,90050,,,,
20250904,010060,OCI홀딩스,88300,300,63110,,,,
20250904,010100,한국무브넥스,4320,-20,126718,,,,
20250904,010120,LS ELECTRIC,58200,-300,563375,,,,
20250904,010130,고려아연,902000,2000,25561,,,,
20250904,010140,삼성중공업,20950,-100,3658360,,,,
20250904,010400,우진아이엔에스,2810,-70,5674,,,,
20250904,010580,에스엠벡셀,1582,67,1079324,,,,
20250904,010640,진양폴리,3406,5,9699,,,,
20250904,010660,화천기계,4500,-35,523983,,,,
20250904,010690,화신,8810,10,125208,,,,
20250904,010770,평화홀딩스,4100,65,98134,,,,
20250904,010780,아이에스동서,19500,230,15456,,,,
20250904,010820,퍼스텍,4360,65,707263,,,,
20250904,010950,S-Oil,60500,900,140856,,,,
20250904,010955,S-Oil우,38700,350,1897,,,,
20250904,010960,삼호개발,3410,10,26129,,,,
20250904,011000,진원생명과학,11700,300,61093,,,,
20250904,011070,LG이노텍,172500,700,175625,,,,
20250904,011090,에넥스,3010,15,5821,,,,
20250904,011150,CJ씨푸드,2885,15,128516,,,,
20250904,011155,CJ씨푸드1우,16900,-110,93,,,,
20250904,011170,롯데케미칼,63200,1100,55643,,,,
20250904,011200,HMM,22500,250,1126537,,,,
20250904,011210,현대위아,53900,-500,79075,,,,
20250904,011230,삼화전자,3780,-30,39454,,,,
20250904,011280,태림포장,2000,9,16236,,,,
20250904,011300,우성머티리얼스,4590,260,404465,,,,
20250904,011330,유니켐,16280,50,11409,,,,
20250904,011390,부산산업,84000,-1100,2784,,,,
20250904,011420,갤럭시아에스엠,2270,45,283428,,,,
20250904,011500,한농화성,14150,170,37759,,,,
20250904,011690,와이투솔루션,3500,220,960677,,,,
20250904,011700,한신기계,3675,70,456001,,,,
20250904,011760,현대코퍼레이션,22200,200,43624,,,,
20250904,011780,금호석유화학,106700,100,70122,,,,
20250904,011785,금호석유화학우,55500,100,2979,,,,
20250904,011790,SKC,88260,1316,111378,,,,
20250904,011810,STX,3530,0,0,,,,
20250904,011930,신성이엔지,15900,390,169722,,,,
20250904,012030,DB,1580,43,5664272,,,,
20250904,012160,영흥,2880,5,54262,,,,
20250904,012170,아센디오,2285,-95,848057,,,,
20250904,012200,계양전기,1360,-1,33071,,,,
20250904,012205,계양전기우,3384,68,436,,,,
20250904,012280,영화금속,912,0,31725,,,,
20250904,012320,경동인베스트,58300,1700,7471,,,,
20250904,012330,현대모비스,320500,-4000,210607,,,,
20250904,012450,한화에어로스페이스,931000,-10000,147466,,,,
20250904,012610,경인양행,3170,10,16685,,,,
20250904,012630,HDC,20350,150,88389,,,,
20250904,012690,모나리자,2480,10,24447,,,,
20250904,012750,에스원,79700,-1600,35629,,,,
20250904,012800,대창,1314,14,260238,,,,
20250904,013000,세우글로벌,1050,4,23058,,,,
20250904,013360,일성건설,1430,27,171351,,,,
20250904,013520,화승코퍼레이션,1942,-6,28768,,,,
20250904,013570,디와이,4330,0,11082,,,,
20250904,013580,계룡건설,20750,760,54560,,,,
20250904,013700,까뮤이앤씨,1172,15,237396,,,,
20250904,013870,지엠비코리아,4005,-30,10176,,,,
20250904,013890,지누스,16820,170,49796,,,,
20250904,014130,한익스프레스,3295,10,25996,,,,
20250904,014160,대영포장,1142,11,380112,,,,
20250904,014280,금강공업,4360,110,60024,,,,
20250904,014285,금강공업우,6850,30,244,,,,
20250904,014440,영보화학,4325,55,25010,,,,
20250904,014530,극동유화,3330,0,64650,,,,
20250904,014580,태경비케이,4950,35,76358,,,,
20250904,014680,한솔케미칼,165500,3200,37906,,,,
20250904,014710,사조씨푸드,9120,-40,12448,,,,
20250904,014790,HL D&I,2450,-5,23401,,,,
20250904,014820,동원시스템즈,29200,450,15735,,,,
20250904,014825,동원시스템즈우,17580,220,136,,,,
20250904,014830,유니드,74300,400,11308,,,,
20250904,014910,성문전자,1183,-25,16910,,,,
20250904,014915,성문전자우,4240,30,108,,,,
20250904,014990,인디에프,5745,55,40959,,,,
20250904,015020,이스타코,1248,-8,46576,,,,
20250904,015230,대창단조,6250,110,77183,,,,
20250904,015260,에이엔피,559,-59,10008880,,,,
20250904,015360,INVENI,12500,-260,48325,,,,
20250904,015590,DKME,2575,0,0,,,,
20250904,015760,한국전력,37500,700,1568733,,,,
20250904,015860,일진홀딩스,5420,-10,61420,,,,
20250904,015890,태경산업,5350,50,37613,,,,
20250904,016090,대현,1817,9,65021,,,,
20250904,016360,삼성증권,68300,-200,177448,,,,
20250904,016380,KG스틸,5280,30,107503,,,,
20250904,016450,한세예스24홀딩스,3880,-40,17193,,,,
20250904,016580,환인제약,10490,60,24468,,,,
20250904,016590,신대양제지,10790,10,19877,,,,
20250904,016610,DB증권,8460,30,40496,,,,
20250904,016710,대성홀딩스,8600,40,6615,,,,
20250904,016740,두올,3390,40,14665,,,,
20250904,016800,퍼시스,44600,300,446,,,,
20250904,016880,웅진,4820,15,1247210,,,,
20250904,017040,광명전기,1109,13,164988,,,,
20250904,017180,명문제약,1750,-12,94368,,,,
20250904,017370,우신시스템,6800,10,7217,,,,
20250904,017390,서울가스,62000,-700,5094,,,,
20250904,017550,수산세보틱스,1883,25,69363,,,,
20250904,017670,SK텔레콤,54700,300,280404,,,,
20250904,017800,현대엘리베이터,78500,1200,113339,,,,
20250904,017810,풀무원,13850,100,127386,,,,
20250904,017860,DS단석,20450,347,63597,,,,
20250904,017900,광전자,1887,-1,5577,,,,
20250904,017940,E1,75100,600,6670,,,,
20250904,017960,한국카본,33950,200,467316,,,,
20250904,018250,애경산업,16170,200,32399,,,,
20250904,018260,삼성에스디에스,150100,3800,172930,,,,
20250904,018470,조일알미늄,1442,12,359144,,,,
20250904,018500,동원모빌리티,1385,-11,102317,,,,
20250904,018670,SK가스,245000,-1000,7779,,,,
20250904,018880,한온시스템,3248,14,456391,,,,
20250904,019170,신풍제약,12700,160,189112,,,,
20250904,019175,신풍제약우,24000,900,7743,,,,
20250904,019180,티에이치엔,4800,-260,721182,,,,
20250904,019490,엑시큐어하이트론,683,-11,166124,,,,
20250904,019680,대교,2225,-15,8150,,,,
20250904,019685,대교우B,1289,5,893,,,,
20250904,020000,한섬,15300,280,35263,,,,
20250904,020120,키다리스튜디오,3835,-5,65159,,,,
20250904,020150,롯데에너지머티리얼즈,24250,100,40992,,,,
20250904,020560,아시아나항공,9580,160,29667,,,,
20250904,020760,일진디스플,901,21,87668,,,,
20250904,021050,서원,1185,3,58708,,,,
20250904,021240,코웨이,102800,1500,107928,,,,
20250904,021820,세원정공,9870,90,4476,,,,
20250904,022100,포스코DX,21900,50,116025,,,,
20250904,023000,삼원강재,2480,-10,3585,,,,
20250904,023150,MH에탄올,5240,-30,2073,,,,
20250904,023350,한국종합기술,4915,-30,11236,,,,
20250904,023450,동남합성,31600,50,105,,,,
20250904,023530,롯데쇼핑,66600,1500,33585,,,,
20250904,023590,다우기술,33950,50,41893,,,,
20250904,023800,인지컨트롤스,5560,20,11418,,,,
20250904,023810,인팩,6850,0,19167,,,,
20250904,023960,에쓰씨엔지니어링,1190,21,1497553,,,,
20250904,024070,WISCOM,2015,-30,20449,,,,
20250904,024090,디씨엠,12430,0,3207,,,,
20250904,024110,기업은행,19040,-60,538217,,,,
20250904,024720,콜마홀딩스,13200,180,273497,,,,
20250904,024890,대원화성,4320,-35,2848,,,,
20250904,024900,디와이덕양,2305,-15,44178,,,,
20250904,025000,KPX케미칼,47070,-283,7857,,,,
20250904,025530,SJM홀딩스,3535,30,15577,,,,
20250904,025540,한국단자,62000,200,4704,,,,
20250904,025560,미래산업,2108,24,90065,,,,
20250904,025620,차AI헬스케어,7720,-20,37657,,,,
20250904,025750,한솔홈데코,3440,15,15796,,,,
20250904,025820,이구산업,4585,60,104802,,,,
20250904,025860,남해화학,6940,50,23164,,,,
20250904,025890,한국주강,1792,-4,28089,,,,
20250904,026890,스틱인베스트먼트,10110,110,49941,,,,
20250904,026940,부국철강,2380,-5,13976,,,,
20250904,026960,동서,27550,450,40610,,,,
20250904,027410,BGF,3930,25,57059,,,,
20250904,027740,마니커,1670,12,52881,,,,
20250904,027970,한국제지,4050,5,1726,,,,
20250904,028050,삼성E&A,27750,-900,1525474,,,,
20250904,028100,동아지질,14840,-210,12728,,,,
20250904,028260,삼성물산,174300,3000,420913,,,,
20250904,02826K,삼성물산우B,119300,1500,7372,,,,
20250904,028670,팬오션,4005,130,1560249,,,,
20250904,029460,케이씨,21950,300,9692,,,,
20250904,029530,신도리코,44300,250,3911,,,,
20250904,029780,삼성카드,50800,100,30300,,,,
20250904,030000,제일기획,19640,50,97881,,,,
20250904,030190,NICE평가정보,15700,-80,44257,,,,
20250904,030200,KT,52900,600,215236,,,,
20250904,030210,다올투자증권,3440,0,39377,,,,
20250904,030610,교보증권,8650,0,101327,,,,
20250904,030720,동원수산,6210,110,22361,,,,
20250904,031210,서울보증보험,43400,-750,54697,,,,
20250904,031430,신세계인터내셔날,10350,170,37336,,,,
20250904,031820,아이티센씨티에스,6200,190,19498,,,,
20250904,032350,롯데관광개발,16110,540,905944,,,,
20250904,032560,황금에스티,5690,60,5484,,,,
20250904,032640,LG유플러스,14530,140,834914,,,,
20250904,032830,삼성생명,149000,0,196003,,,,
20250904,033240,자화전자,19070,70,32016,,,,
20250904,033250,체시스,5505,55,12278,,,,
20250904,033270,유나이티드제약,20150,-150,44403,,,,
20250904,033530,SJG세종,5870,-120,206401,,,,
20250904,033780,KT&G,136200,700,333047,,,,
20250904,033920,무학,7920,20,16597,,,,
20250904,034020,두산에너빌리티,62800,400,5423711,,,,
20250904,034120,SBS,20150,50,55371,,,,
20250904,034220,LG디스플레이,12060,60,1149639,,,,
20250904,034230,파라다이스,21150,50,1480640,,,,
20250904,034310,NICE,13370,300,33456,,,,
20250904,034590,인천도시가스,25950,-150,1473,,,,
20250904,034730,SK,204500,1500,107187,,,,
20250904,03473K,SK우,155400,300,2722,,,,
20250904,034830,한국토지신탁,1262,15,362117,,,,
20250904,035000,HS애드,8790,-20,14306,,,,
20250904,035150,백산,14760,-70,33085,,,,
20250904,035250,강원랜드,17830,-50,259645,,,,
20250904,035420,NAVER,227000,6000,971838,,,,
20250904,035510,신세계 I&C,14900,240,42155,,,,
20250904,035720,카카오,58500,-400,2592577,,,,
20250904,036420,콘텐트리중앙,9970,210,16827,,,,
20250904,036460,한국가스공사,39300,-150,322395,,,,
20250904,036530,SNT홀딩스,69000,2200,49619,,,,
20250904,036570,NC,195400,3900,74552,,,,
20250904,036580,팜스코,2675,25,12293,,,,
20250904,037270,YG PLUS,8960,100,798294,,,,
20250904,037560,LG헬로비전,2835,15,94470,,,,
20250904,037710,광주신세계,30050,50,6803,,,,
20250904,039130,하나투어,51700,900,45124,,,,
20250904,039490,키움증권,205500,3500,91310,,,,
20250904,039570,HDC랩스,8620,150,7294,,,,
20250904,041650,상신브레이크,2795,-45,53051,,,,
20250904,042660,한화오션,118900,1200,2091765,,,,
20250904,042700,한미반도체,82600,-1000,467618,,,,
20250904,044380,주연테크,2665,75,57022,,,,
20250904,044450,KSS해운,9380,50,19369,,,,
20250904,044820,코스맥스비티아이,18760,120,7343,,,,
20250904,047040,대우건설,3805,150,2043267,,,,
20250904,047050,포스코인터내셔널,49000,500,187514,,,,
20250904,047400,유니온머티리얼,1421,19,101984,,,,
20250904,047810,한국항공우주,95700,-800,201676,,,,
20250904,049800,우진플라임,2160,-35,13016,,,,
20250904,051600,한전KPS,51600,800,146752,,,,
20250904,051630,진양화학,1939,-10,31710,,,,
20250904,051900,LG생활건강,294000,500,33444,,,,
20250904,051905,LG생활건강우,114200,100,8082,,,,
20250904,051910,LG화학,278000,8000,152241,,,,
20250904,051915,LG화학우,135700,3200,17120,,,,
20250904,052690,한전기술,93400,2400,411484,,,,
20250904,053210,스카이라이프,5240,-20,9359,,,,
20250904,053690,한미글로벌,21250,100,131304,,,,
20250904,055490,테이팩스,15350,160,11662,,,,
20250904,055550,신한지주,64500,-1100,874183,,,,
20250904,058430,포스코스틸리온,3710,25,43290,,,,
20250904,058650,세아홀딩스,127400,1800,634,,,,
20250904,058730,다스코,3000,90,22565,,,,
20250904,058850,KTcs,2865,0,103694,,,,
20250904,058860,KTis,2940,0,87829,,,,
20250904,060980,HL홀딩스,40200,950,24935,,,,
20250904,062040,산일전기,103300,-1100,380141,,,,
20250904,063160,종근당바이오,23100,0,11219,,,,
20250904,064350,현대로템,204500,1000,543745,,,,
20250904,064400,LG씨엔에스,67300,1200,259557,,,,
20250904,064960,SNT모티브,36550,-350,72647,,,,
20250904,066570,LG전자,75300,900,531146,,,,
20250904,066575,LG전자우,37200,500,29196,,,,
20250904,066970,엘앤에프,61300,0,322868,,,,
20250904,067830,세이브존I&C,2655,25,21210,,,,
20250904,068270,셀트리온,162228,-1240,243308,,,,
20250904,068290,삼성출판사,16100,70,6827,,,,
20250904,069260,TKG휴켐스,17560,190,31976,,,,
20250904,069460,대호에이엘,8680,-20,54953,,,,
20250904,069620,대웅제약,142100,-1900,24472,,,,
20250904,069640,한세엠케이,1696,38,44715,,,,
20250904,069730,DSR제강,3805,-10,4567,,,,
20250904,069960,현대백화점,74300,4500,159334,,,,
20250904,070960,모나용평,4085,-15,37815,,,,
20250904,071050,한국금융지주,130600,-700,163790,,,,
20250904,071055,한국금융지주우,93100,500,14160,,,,
20250904,071090,하이스틸,4395,-10,404101,,,,
20250904,071320,지역난방공사,80500,-400,7479,,,,
20250904,071840,롯데하이마트,8530,10,62959,,,,
20250904,071950,코아스,8880,580,267821,,,,
20250904,071970,HD현대마린엔진,93100,-400,219244,,,,
20250904,072130,유엔젤,5330,-40,89765,,,,
20250904,072710,농심홀딩스,80400,-400,6168,,,,
20250904,073240,금호타이어,4970,0,295883,,,,
20250904,074610,이엔플러스,5110,0,0,,,,
20250904,075180,새론오토모티브,3130,-5,12935,,,,
20250904,075580,세진중공업,18900,230,2743725,,,,
20250904,077500,유니퀘스트,5970,10,57781,,,,
20250904,077970,STX엔진,44500,1000,801761,,,,
20250904,078000,텔코웨어,14190,-510,10431,,,,
20250904,078520,에이블씨엔씨,14010,-670,656797,,,,
20250904,078930,GS,45350,600,93270,,,,
20250904,078935,GS우,42350,350,2735,,,,
20250904,079160,CJ CGV,4660,140,274990,,,,
20250904,079430,현대리바트,7250,120,7237,,,,
20250904,079550,LIG디펜스앤에어로스페이스,494000,-6000,96581,,,,
20250904,079900,전진건설로봇,48550,600,33835,,,,
20250904,079980,휴비스,2965,20,28849,,,,
20250904,081000,일진다이아,12240,-60,4437,,,,
20250904,081660,미스토홀딩스,40400,100,90998,,,,
20250904,082640,동양생명,7040,-60,135356,,,,
20250904,082740,한화엔진,44900,50,1719165,,,,
20250904,083420,그린케미칼,7320,210,43888,,,,
20250904,084010,대한제강,10369,-66,25979,,,,
20250904,084670,동양고속,8250,10,8314,,,,
20250904,084680,이월드,1473,6,105601,,,,
20250904,084690,대상홀딩스,9430,70,19504,,,,
20250904,084695,대상홀딩스우,12830,40,5251,,,,
20250904,084870,TBH글로벌,1425,-13,26460,,,,
20250904,085310,엔케이,12560,120,975266,,,,
20250904,085620,미래에셋생명,7570,110,76729,,,,
20250904,086280,현대글로비스,184000,-3400,198379,,,,
20250904,086790,하나금융지주,81600,-1500,627540,,,,
20250904,088260,이리츠코크렙,4585,75,71853,,,,
20250904,088350,한화생명,3115,25,658296,,,,
20250904,088790,진도,1894,0,7174,,,,
20250904,088980,맥쿼리인프라,11600,0,423968,,,,
20250904,089470,HDC현대EP,4060,5,16534,,,,
20250904,089590,제주항공,6600,130,35933,,,,
20250904,089860,롯데렌탈,29250,150,22002,,,,
20250904,090080,평화산업,1012,8,141192,,,,
20250904,090350,노루페인트,9220,10,47564,,,,
20250904,090355,노루페인트우,12650,-10,2419,,,,
20250904,090370,메타랩스,1271,-2,15953,,,,
20250904,090430,아모레퍼시픽,118700,1400,107883,,,,
20250904,090435,아모레퍼시픽우,40250,150,15572,,,,
20250904,090460,비에이치,19130,220,985708,,,,
20250904,091810,트리니티항공,1779,14,300678,,,,
20250904,092200,디아이씨,4670,-30,345119,,,,
20250904,092220,KEC,3495,5,93572,,,,
20250904,092230,KPX홀딩스,67000,100,579,,,,
20250904,092440,기신정기,2475,20,14178,,,,
20250904,092780,DYP,4015,-15,6137,,,,
20250904,092790,넥스틸,12750,120,309945,,,,
20250904,093050,LF,18220,300,25022,,,,
20250904,093240,형지엘리트,1531,61,1108957,,,,
20250904,093370,후성,5580,-20,435355,,,,
20250904,094280,효성ITX,12850,0,5406,,,,
20250904,094800,맵스리얼티,4730,40,23637,,,,
20250904,095570,AJ네트웍스,4350,15,66984,,,,
20250904,095720,웅진씽크빅,3374,-44,124735,,,,
20250904,096760,JW홀딩스,3345,50,38018,,,,
20250904,096770,SK이노베이션,106400,5000,453804,,,,
20250904,096775,SK이노베이션우,70600,2000,966,,,,
20250904,097230,HJ중공업,24350,950,17706922,,,,
20250904,097520,엠씨넥스,29350,50,21729,,,,
20250904,097950,CJ제일제당,232000,2000,36143,,,,
20250904,097955,CJ제일제당 우,141300,1100,4261,,,,
20250904,100090,SK오션플랜트,22750,2650,5694393,,,,
20250904,100220,비상교육,5320,10,25969,,,,
20250904,100250,진양홀딩스,3123,0,19368,,,,
20250904,100840,SNT에너지,61000,-1000,129603,,,,
20250904,101140,인바이오젠,12640,170,6516,,,,
20250904,101530,해태제과식품,6610,80,18225,,,,
20250904,102260,동성케미컬,4112,10,43789,,,,
20250904,102460,이연제약,11010,180,13612,,,,
20250904,103140,풍산,119000,-2000,127999,,,,
20250904,103590,일진전기,36000,-250,370448,,,,
20250904,104700,한국철강,9940,60,14804,,,,
20250904,105560,KB금융,108500,-1700,579726,,,,
20250904,105630,한세실업,9380,160,41876,,,,
20250904,105840,우진,11430,280,417846,,,,
20250904,107590,미원홀딩스,71200,-200,129,,,,
20250904,108320,LX세미콘,52800,500,28507,,,,
20250904,108670,LX하우시스,28200,0,11741,,,,
20250904,108675,LX하우시스우,17300,-30,1722,,,,
20250904,109070,주성코퍼레이션,885,24,150624,,,,
20250904,111110,호전실업,6960,10,43475,,,,
20250904,111380,동인기연,13950,220,4921,,,,
20250904,111770,영원무역,59600,900,31153,,,,
20250904,112610,씨에스윈드,42550,700,132926,,,,
20250904,114090,GKL,16730,230,279729,,,,
20250904,117580,대성에너지,8020,0,10426,,,,
20250904,118000,메타케어,3240,0,20806,,,,
20250904,119650,KC코트렐,918,0,0,,,,
20250904,120030,조선선재,106300,2100,6499,,,,
20250904,120110,코오롱인더,38200,250,107458,,,,
20250904,120115,코오롱인더우,22750,50,4121,,,,
20250904,122900,아이마켓코리아,8210,30,35556,,,,
20250904,123690,한국화장품,9360,90,72653,,,,
20250904,123700,SJM,3555,75,258711,,,,
20250904,123890,한국자산신탁,2370,0,120141,,,,
20250904,126560,현대퓨처넷,3225,-25,39355,,,,
20250904,126720,수산인더스트리,22900,500,33073,,,,
20250904,128820,대성산업,4005,25,64955,,,,
20250904,128940,한미약품,304500,-500,44036,,,,
20250904,129260,인터지스,2660,25,51746,,,,
20250904,130660,한전산업,12410,150,215505,,,,
20250904,133820,화인베스틸,2100,128,1422947,,,,
20250904,134380,미원화학,8510,110,11610,,,,
20250904,134790,시디즈,25450,50,2491,,,,
20250904,136490,선진,11350,-20,29202,,,,
20250904,137310,에스디바이오센서,10130,210,106836,,,,
20250904,138040,메리츠금융지주,123400,-1200,166948,,,,
20250904,138930,BNK금융지주,14520,-120,559222,,,,
20250904,139130,iM금융지주,13570,-140,566328,,,,
20250904,139480,이마트,77200,3200,297568,,,,
20250904,139990,아주스틸,3840,15,7484,,,,
20250904,143210,핸즈코퍼레이션,1660,0,3321,,,,
20250904,145210,다이나믹디자인,7570,-120,5143,,,,
20250904,145270,케이탑리츠,955,1,30631,,,,
20250904,145720,덴티움,56100,400,20947,,,,
20250904,145990,삼양사,48550,50,4873,,,,
20250904,145995,삼양사우,34650,100,140,,,,
20250904,155660,DSR,3715,10,4063,,,,
20250904,161000,애경케미칼,10830,240,195021,,,,
20250904,161390,한국타이어앤테크놀로지,39600,-50,206077,,,,
20250904,161890,한국콜마,75900,1300,188669,,,,
20250904,163560,동일고무벨트,6970,10,26114,,,,
20250904,170900,동아에스티,42536,1240,23569,,,,
20250904,175330,JB금융지주,23300,-300,310218,,,,
20250904,178920,PI첨단소재,17350,410,127333,,,,
20250904,180640,한진칼,110800,1400,31359,,,,
20250904,18064K,한진칼우,36850,-100,1953,,,,
20250904,181710,NHN,25000,200,18271,,,,
20250904,183190,아세아시멘트,13370,180,21794,,,,
20250904,185750,종근당,81100,700,15961,,,,
20250904,192080,더블유게임즈,52300,100,20174,,,,
20250904,192400,쿠쿠홀딩스,33000,1000,48752,,,,
20250904,192650,드림텍,6520,80,145877,,,,
20250904,192820,코스맥스,215500,4500,71878,,,,
20250904,194370,제이에스코퍼레이션,11150,410,335686,,,,
20250904,195870,해성디에스,22400,200,36188,,,,
20250904,200880,서연이화,11820,0,18337,,,,
20250904,204320,HL만도,35800,300,78421,,,,
20250904,207940,삼성바이오로직스,1496764,7359,35461,,,,
20250904,210540,디와이파워,12250,100,15086,,,,
20250904,210980,SK디앤디,9830,-110,42060,,,,
20250904,213500,한솔제지,8630,50,21368,,,,
20250904,214320,이노션,18280,-120,137134,,,,
20250904,214330,금호에이치티,16511,-81,13803,,,,
20250904,214390,경보제약,4940,35,12630,,,,
20250904,214420,토니모리,10160,160,134798,,,,
20250904,226320,잇츠한불,12250,90,5271,,,,
20250904,227840,현대코퍼레이션홀딩스,12140,90,3787,,,,
20250904,229640,LS에코에너지,38700,-250,54822,,,,
20250904,234080,JW생명과학,11690,60,17703,,,,
20250904,241560,두산밥캣,52900,200,203188,,,,
20250904,241590,화승엔터프라이즈,6800,10,69512,,,,
20250904,244920,에이플러스에셋,6910,-150,57738,,,,
20250904,248070,솔루엠,16420,-780,243408,,,,
20250904,248170,샘표식품,26100,50,9266,,,,
20250904,249420,일동제약,23450,650,1682553,,,,
20250904,251270,넷마블,60300,900,95377,,,,
20250904,259960,크래프톤,332500,3500,103632,,,,
20250904,264900,크라운제과,9430,60,14885,,,,
20250904,26490K,크라운제과우,9610,50,227,,,,
20250904,267250,HD현대,138000,1600,127012,,,,
20250904,267260,HD현대일렉트릭,493000,-8000,98511,,,,
20250904,267270,HD건설기계,89200,1600,134229,,,,
20250904,267290,경동도시가스,20200,150,4695,,,,
20250904,267850,아시아나IDT,11560,10,5464,,,,
20250904,268280,미원에스씨,140600,2800,323,,,,
20250904,271560,오리온,107400,-800,94095,,,,
20250904,271940,일진하이솔루스,17080,-920,56742,,,,
20250904,271980,제일약품,13500,500,75915,,,,
20250904,272210,한화시스템,53300,200,581838,,,,
20250904,272450,진에어,8380,90,31214,,,,
20250904,272550,삼양패키징,13280,190,8976,,,,
20250904,278470,에이피알,217500,5500,391877,,,,
20250904,280360,롯데웰푸드,114300,300,9911,,,,
20250904,281820,케이씨텍,32000,600,62373,,,,
20250904,282330,BGF리테일,111000,200,89863,,,,
20250904,284740,쿠쿠홈시스,27000,600,11591,,,,
20250904,285130,SK케미칼,61400,3200,64362,,,,
20250904,28513K,SK케미칼우,26650,1100,7878,,,,
20250904,286940,롯데이노베이트,20650,50,5346,,,,
20250904,293480,하나제약,11790,0,15294,,,,
20250904,293940,신한알파리츠,5590,-10,176249,,,,
20250904,294870,IPARK현대산업개발,20350,700,248147,,,,
20250904,298000,효성화학,77800,0,0,,,,
20250904,298020,효성티앤씨,216500,0,6234,,,,
20250904,298040,효성중공업,1209000,-49000,62815,,,,
20250904,298050,HS효성첨단소재,191000,1400,3134,,,,
20250904,298690,에어부산,1993,15,68713,,,,
20250904,300720,한일시멘트,19580,680,80826,,,,
20250904,302440,SK바이오사이언스,50100,950,296923,,,,
20250904,306200,세아제강,132200,-700,4038,,,,
20250904,307950,현대오토에버,166400,-1000,45332,,,,
20250904,308170,씨티알모빌리티,5180,10,2105,,,,
20250904,316140,우리금융지주,24350,-400,1123215,,,,
20250904,317400,자이에스앤디,3400,45,53217,,,,
20250904,322000,HD현대에너지솔루션,44900,1500,112025,,,,
20250904,323410,카카오뱅크,23800,-50,558954,,,,
20250904,326030,SK바이오팜,107000,2000,298247,,,,
20250904,329180,HD현대중공업,510000,5000,135250,,,,
20250904,330590,롯데리츠,3900,10,522803,,,,
20250904,334890,이지스밸류플러스리츠,4100,20,282999,,,,
20250904,336260,두산퓨얼셀,24700,-550,756068,,,,
20250904,33626K,두산퓨얼셀1우,6860,20,40016,,,,
20250904,33626L,두산퓨얼셀2우B,10860,-10,5983,,,,
20250904,336370,솔루스첨단소재,7640,130,100697,,,,
20250904,33637K,솔루스첨단소재1우,1704,74,220812,,,,
20250904,33637L,솔루스첨단소재2우B,3700,120,10600,,,,
20250904,338100,NH프라임리츠,4555,20,34641,,,,
20250904,339770,교촌에프앤비,4870,130,74249,,,,
20250904,344820,KCC글라스,29300,0,19527,,,,
20250904,348950,제이알글로벌리츠,2870,70,690135,,,,
20250904,350520,이지스레지던스리츠,3950,10,10833,,,,
20250904,352820,하이브,283000,1500,84002,,,,
20250904,353200,대덕전자,22650,-600,576682,,,,
20250904,35320K,대덕전자1우,8830,10,76,,,,
20250904,357120,코람코라이프인프라리츠,4370,10,197922,,,,
20250904,357250,미래에셋맵스리츠,2640,0,36667,,,,
20250904,357430,마스턴프리미어리츠,1535,10,28063,,,,
20250904,361610,SK아이이테크놀로지,27650,500,103615,,,,
20250904,363280,티와이홀딩스,2985,20,59823,,,,
20250904,36328K,티와이홀딩스우,5300,70,1841,,,,
20250904,365550,ESR켄달스퀘어리츠,4490,-5,287549,,,,
20250904,372910,한컴라이프케어,2710,0,51631,,,,
20250904,373220,LG에너지솔루션,351000,2500,381451,,,,
20250904,375500,DL이앤씨,43400,1050,224525,,,,
20250904,37550K,DL이앤씨우,18900,0,5442,,,,
20250904,37550L,DL이앤씨2우(전환),29900,550,836,,,,
20250904,377190,디앤디플랫폼리츠,3290,20,84990,,,,
20250904,377300,카카오페이,51500,-500,922262,,,,
20250904,377740,바이오노트,5640,70,53594,,,,
20250904,378850,화승알앤에이,2985,-15,11822,,,,
20250904,381970,케이카,15880,200,75005,,,,
20250904,383220,F&F,66900,1000,24753,,,,
20250904,383800,LX홀딩스,7950,190,184688,,,,
20250904,38380K,LX홀딩스1우,8650,-10,351,,,,
20250904,395400,SK리츠,5080,-20,349738,,,,
20250904,396690,미래에셋글로벌리츠,2730,5,37428,,,,
20250904,400760,NH올원리츠,3225,50,163326,,,,
20250904,402340,SK스퀘어,149400,5500,311683,,,,
20250904,403550,쏘카,11610,160,4410,,,,
20250904,404990,신한서부티엔디리츠,3450,80,99001,,,,
20250904,415640,KB발해인프라,8760,110,85961,,,,
20250904,417310,코람코더원리츠,5660,-10,68363,,,,
20250904,432320,KB스타리츠,3915,40,37597,,,,
20250904,439260,대한조선,82000,-100,165655,,,,
20250904,443060,HD현대마린솔루션,204500,2000,95530,,,,
20250904,446070,유니드비티플러스,3895,0,6365,,,,
20250904,448730,삼성FN리츠,4315,0,81045,,,,
20250904,450080,에코프로머티,49900,600,186146,,,,
20250904,451800,한화리츠,3945,0,259508,,,,
20250904,452260,한화갤러리아,1132,9,201892,,,,
20250904,45226K,한화갤러리아우,2190,0,1462,,,,
20250904,453340,현대그린푸드,15890,100,14477,,,,
20250904,454910,두산로보틱스,61500,400,279607,,,,
20250904,456040,OCI,53600,500,10260,,,,
20250904,457190,이수스페셜티케미컬,44700,500,186064,,,,
20250904,460850,동국씨엠,5510,50,32267,,,,
20250904,460860,동국제강,9270,70,115235,,,,
20250904,462520,조선내화,13460,-40,3199,,,,
20250904,462870,시프트업,40700,200,46272,,,,
20250904,465770,STX그린로지스,7950,100,41344,,,,
20250904,475150,SK이터닉스,20400,250,418080,,,,
20250904,475560,더본코리아,25850,-350,54700,,,,
20250904,480370,씨케이솔루션,3371,128,918891,,,,
20250904,481850,신한글로벌액티브리츠,1430,19,77826,,,,
20250904,483650,달바글로벌,166600,2300,124536,,,,
20250904,484870,엠앤씨솔루션,71166,-167,151041,,,,
20250904,487570,HS효성,55800,-400,4129,,,,
20250904,489790,한화비전,56300,600,410974,,,,
20250904,499790,GS피앤엘,56200,6200,371704,,,,
20250904,900140,엘브이엠씨홀딩스,1776,0,213471,,,,
20250904,950210,프레스티지바이오파마,14540,-420,195444,,,,
20250905,000020,동화약품,6370,-70,29430,,,,
20250905,000040,KR모터스,2690,-75,52906,,,,
20250905,000050,경방,7070,-30,11659,,,,
20250905,000070,삼양홀딩스,56987,-200,14949,,,,
20250905,000080,하이트진로,19090,-70,112923,,,,
20250905,000087,하이트진로2우B,15480,-30,4575,,,,
20250905,000100,유한양행,119000,900,209073,,,,
20250905,000105,유한양행우,105500,700,1433,,,,
20250905,000120,CJ대한통운,83500,1000,81684,,,,
20250905,000140,하이트진로홀딩스,10100,-10,14302,,,,
20250905,000145,하이트진로홀딩스우,11860,-40,281,,,,
20250905,000150,두산,579000,43000,242993,,,,
20250905,000155,두산우,348000,15000,29130,,,,
20250905,000157,두산2우B,367500,13500,2528,,,,
20250905,000180,성창기업지주,8670,20,7715,,,,
20250905,000210,DL,38400,300,68683,,,,
20250905,000215,DL우,22600,50,6870,,,,
20250905,000220,유유제약,4320,-20,12034,,,,
20250905,000225,유유제약1우,4820,0,4304,,,,
20250905,000227,유유제약2우B,10490,90,63,,,,
20250905,000230,일동홀딩스,8780,60,20222,,,,
20250905,000240,한국앤컴퍼니,24100,150,68199,,,,
20250905,000270,기아,106600,-400,442357,,,,
20250905,000300,DH오토넥스,4200,0,0,,,,
20250905,000320,노루홀딩스,34700,1250,84551,,,,
20250905,000325,노루홀딩스우,34400,800,525,,,,
20250905,000370,한화손해보험,5460,-10,248216,,,,
20250905,000390,SP삼화,6050,0,25848,,,,
20250905,000400,롯데손해보험,1603,12,115456,,,,
20250905,000430,대원강업,3980,-20,57928,,,,
20250905,000480,CR홀딩스,4990,0,3968,,,,
20250905,000490,대동,9880,20,64782,,,,
20250905,000500,가온전선,32452,-444,50868,,,,
20250905,000520,삼일제약,11240,360,452335,,,,
20250905,000540,흥국화재,4035,-25,65054,,,,
20250905,000545,흥국화재우,7460,0,2114,,,,
20250905,000590,CS홀딩스,89000,800,791,,,,
20250905,000640,동아쏘시오홀딩스,107222,486,12639,,,,
20250905,000650,천일고속,41000,0,63,,,,
20250905,000660,SK하이닉스,273500,8000,3103427,,,,
20250905,000670,영풍,37941,146,31389,,,,
20250905,000680,LS네트웍스,3935,-40,119834,,,,
20250905,000700,유수홀딩스,5730,0,7234,,,,
20250905,000720,현대건설,59600,-300,614836,,,,
20250905,000725,현대건설우,52900,-100,2333,,,,
20250905,000760,이화산업,12180,90,529,,,,
20250905,000810,삼성화재,457500,4500,82698,,,,
20250905,000815,삼성화재우,336000,0,5360,,,,
20250905,000850,화천기공,30250,-50,3270,,,,
20250905,000860,강남제비스코,11890,20,19845,,,,
20250905,000880,한화,103361,1561,215745,,,,
20250905,00088K,한화3우B,36346,302,29842,,,,
20250905,000890,보해양조,2280,30,298211,,,,
20250905,000910,유니온,4595,45,56087,,,,
20250905,000950,전방,32600,-50,1404,,,,
20250905,000970,한국주철관,7040,70,16002,,,,
20250905,000990,DB하이텍,44800,100,83282,,,,
20250905,001020,페이퍼코리아,3695,40,3063,,,,
20250905,001040,CJ,175600,10100,1165082,,,,
20250905,001045,CJ우,94800,5300,26349,,,,
20250905,00104K,CJ4우(전환),145300,6900,37158,,,,
20250905,001060,JW중외제약,22250,250,35103,,,,
20250905,001065,JW중외제약우,28700,-250,215,,,,
20250905,001067,JW중외제약2우B,59900,0,36,,,,
20250905,001070,대한방직,6520,90,9032,,,,
20250905,001080,만호제강,2815,-10,8520,,,,
20250905,001120,LX인터내셔널,29800,-50,110030,,,,
20250905,001130,대한제분,14270,0,10700,,,,
20250905,001200,유진투자증권,3335,-5,282213,,,,
20250905,001210,금호전기,4980,-15,29586,,,,
20250905,001230,동국홀딩스,1649,-5,84973,,,,
20250905,001250,GS글로벌,2535,-10,252158,,,,
20250905,001260,남광토건,8850,-80,22639,,,,
20250905,001270,부국증권,65100,-200,73887,,,,
20250905,001275,부국증권우,25800,-550,2852,,,,
20250905,001290,상상인증권,666,-8,301847,,,,
20250905,001340,PKC,5830,10,29045,,,,
20250905,001360,삼성제약,1641,31,287369,,,,
20250905,001380,SG글로벌,3283,6,37892,,,,
20250905,001390,KG케미칼,4535,40,130645,,,,
20250905,001420,태원물산,3600,80,6072,,,,
20250905,001430,세아베스틸지주,27350,300,72459,,,,
20250905,001440,대한전선,15200,40,369802,,,,
20250905,001450,현대해상,27850,100,269962,,,,
20250905,001460,BYC,40100,150,2647,,,,
20250905,001465,BYC우,26450,200,3819,,,,
20250905,001470,삼부토건,347,0,0,,,,
20250905,001500,현대차증권,7810,-40,66511,,,,
20250905,001510,SK증권,1269,4,259283,,,,
20250905,001515,SK증권우,3970,-60,4990,,,,
20250905,001520,동양,1254,-18,179130,,,,
20250905,001525,동양우,8100,-160,208,,,,
20250905,001527,동양2우B,16720,-240,144,,,,
20250905,001530,DI동일,33286,-667,35730,,,,
20250905,001550,조비,12660,-140,10273,,,,
20250905,001560,제일연마,10470,-320,9594,,,,
20250905,001570,금양,9900,0,0,,,,
20250905,001620,케이비아이동국실업,2425,5,1311,,,,
20250905,001630,종근당홀딩스,47900,200,3348,,,,
20250905,001680,대상,22400,-100,41966,,,,
20250905,001685,대상우,16790,-50,5126,,,,
20250905,001720,신영증권,137100,600,19920,,,,
20250905,001740,SK네트웍스,4380,15,183790,,,,
20250905,001750,한양증권,17000,50,11803,,,,
20250905,001755,한양증권우,16620,-10,1442,,,,
20250905,001770,SHD,18040,0,3358,,,,
20250905,001780,알루코,2180,25,135099,,,,
20250905,001790,대한제당,2950,-5,79863,,,,
20250905,001795,대한제당우,2470,20,12817,,,,
20250905,001800,오리온홀딩스,20600,-50,57246,,,,
20250905,001820,삼화콘덴서,32050,850,315333,,,,
20250905,001940,KISCO홀딩스,25850,100,5645,,,,
20250905,002020,코오롱,45550,550,234885,,,,
20250905,002025,코오롱우,22150,750,6815,,,,
20250905,002030,아세아,351000,4000,722,,,,
20250905,002070,비비안,14906,-158,3585,,,,
20250905,002100,경농,9540,-70,22482,,,,
20250905,002140,고려산업,2700,15,47311,,,,
20250905,002150,도화엔지니어링,6500,0,14323,,,,
20250905,002170,SYTS,54300,400,513,,,,
20250905,002200,한국수출포장,2915,10,148280,,,,
20250905,002210,동성제약,1946,0,0,,,,
20250905,002220,한일철강,3115,345,323166,,,,
20250905,002240,고려제강,17480,-50,9448,,,,
20250905,002310,아세아제지,7850,-120,126880,,,,
20250905,002320,한진,20850,-250,18315,,,,
20250905,002350,넥센타이어,6030,190,162312,,,,
20250905,002355,넥센타이어1우B,3260,5,2554,,,,
20250905,002360,SH에너지화학,4390,10,6968,,,,
20250905,002380,KCC,405000,13000,26327,,,,
20250905,002390,한독,11790,-40,77427,,,,
20250905,002410,범양건영,1935,0,0,,,,
20250905,002420,세기상사,5320,-70,4788,,,,
20250905,002450,삼익악기,1266,1,68629,,,,
20250905,002460,HS화성,10210,0,6251,,,,
20250905,002600,조흥,151200,-500,16,,,,
20250905,002620,제일파마홀딩스,8890,60,9347,,,,
20250905,002630,오리엔트바이오,1214,14,3140298,,,,
20250905,002690,동일제강,1588,2,7036,,,,
20250905,002700,신일전자,1320,0,142109,,,,
20250905,002710,TCC스틸,16780,-250,96928,,,,
20250905,002720,국제약품,4530,-265,426306,,,,
20250905,002760,보락,1035,0,57822,,,,
20250905,002780,진흥기업,718,-1,199063,,,,
20250905,002785,진흥기업우B,3330,10,2,,,,
20250905,002787,진흥기업2우B,7580,10,4,,,,
20250905,002790,아모레퍼시픽홀딩스,27000,350,126381,,,,
20250905,002795,아모레퍼시픽홀딩스우,11060,0,3604,,,,
20250905,00279K,아모레퍼시픽홀딩스3우C,21150,150,2868,,,,
20250905,002810,삼영무역,15800,-10,5177,,,,
20250905,002820,SUN&L,2640,-40,2365,,,,
20250905,002840,미원상사,152700,900,2003,,,,
20250905,002870,신풍,1049,11,117255,,,,
20250905,002880,디와이에이,1090,-13,39179,,,,
20250905,002900,TYM,5990,10,199996,,,,
20250905,002920,유성기업,2145,45,13070,,,,
20250905,002960,한국쉘석유,428500,-500,259,,,,
20250905,002990,금호건설,3730,55,40471,,,,
20250905,002995,금호건설우,11670,50,155,,,,
20250905,003000,부광약품,3500,15,230162,,,,
20250905,003010,혜인,5380,50,29810,,,,
20250905,003030,세아제강지주,176200,-1400,6279,,,,
20250905,003060,에이프로젠바이오로직스,623,9,281092,,,,
20250905,003070,코오롱글로벌,8940,0,13375,,,,
20250905,003075,코오롱글로벌우,14350,-100,2213,,,,
20250905,003080,SB성보,2810,0,18392,,,,
20250905,003090,대웅,24400,150,134208,,,,
20250905,0030R0,대신밸류리츠,4280,-20,89011,,,,
20250905,003120,일성아이에스,24700,100,4004,,,,
20250905,003160,디아이,13480,-220,160832,,,,
20250905,003200,일신방직,10000,30,3420,,,,
20250905,003220,대원제약,12950,-20,14273,,,,
20250905,003230,삼양식품,1552000,-9000,15364,,,,
20250905,003240,태광산업,861000,3000,461,,,,
20250905,003280,흥아해운,1637,-14,905703,,,,
20250905,003300,한일홀딩스,17470,10,9314,,,,
20250905,003350,한국화장품제조,11880,-20,122265,,,,
20250905,003460,유화증권,2695,0,66112,,,,
20250905,003465,유화증권우,2640,-50,569,,,,
20250905,003470,유안타증권,3360,-5,159537,,,,
20250905,003475,유안타증권우,3490,-5,11265,,,,
20250905,003480,한진중공업홀딩스,4720,5,59455,,,,
20250905,003490,대한항공,23650,50,775323,,,,
20250905,003495,대한항공우,23700,50,1384,,,,
20250905,003520,영진약품,2040,-15,90139,,,,
20250905,003530,한화투자증권,5540,100,1285455,,,,
20250905,003535,한화투자증권우,7600,40,4168,,,,
20250905,003540,대신증권,26950,-300,83350,,,,
20250905,003545,대신증권우,20750,-100,40738,,,,
20250905,003547,대신증권2우B,19400,-130,25178,,,,
20250905,003550,LG,75600,100,160256,,,,
20250905,003555,LG우,62800,200,5246,,,,
20250905,003570,SNT다이내믹스,57300,-3200,121563,,,,
20250905,003580,HLB글로벌,2305,30,252225,,,,
20250905,003610,방림,4720,20,75730,,,,
20250905,003620,KG모빌리티,3300,-55,192231,,,,
20250905,003650,미창석유,108500,-1800,688,,,,
20250905,003670,포스코퓨처엠,131600,-3600,294913,,,,
20250905,003680,한성기업,5610,-10,98994,,,,
20250905,003690,코리안리,10910,50,242503,,,,
20250905,003720,삼영,5150,-100,352042,,,,
20250905,003780,진양산업,6500,230,236117,,,,
20250905,003830,대한화섬,122300,4900,365,,,,
20250905,003850,보령,8590,160,147953,,,,
20250905,003920,남양유업,57200,500,3105,,,,
20250905,003925,남양유업우,34450,-450,2492,,,,
20250905,003960,사조대림,42000,200,6593,,,,
20250905,004000,롯데정밀화학,44650,200,78884,,,,
20250905,004020,현대제철,34800,1450,1016660,,,,
20250905,004060,SG세계물산,3210,20,27420,,,,
20250905,004080,신흥,13890,0,1652,,,,
20250905,004090,한국석유,13770,-30,32340,,,,
20250905,004100,태양금속,2070,-20,139039,,,,
20250905,004105,태양금속우,3130,0,10410,,,,
20250905,004140,동방,2985,10,747385,,,,
20250905,004150,한솔홀딩스,3155,55,27183,,,,
20250905,004170,신세계,169900,500,29514,,,,
20250905,004250,NPC,4115,15,9701,,,,
20250905,004255,NPC우,2425,5,4534,,,,
20250905,004270,남성,8141,-55,1944,,,,
20250905,004310,현대약품,3980,0,125240,,,,
20250905,004360,세방,13700,30,27679,,,,
20250905,004365,세방우,8870,40,900,,,,
20250905,004370,농심,424000,-3000,27583,,,,
20250905,004380,삼익THK,13000,0,0,,,,
20250905,004410,서울식품,1550,0,57920,,,,
20250905,004415,서울식품우,12240,-120,160,,,,
20250905,004430,송원산업,10200,30,14400,,,,
20250905,004440,삼일씨엔에스,4945,0,5919,,,,
20250905,004450,삼화왕관,35100,0,118,,,,
20250905,004490,세방전지,62200,200,28431,,,,
20250905,004540,깨끗한나라,2105,5,46025,,,,
20250905,004545,깨끗한나라우,11740,20,2,,,,
20250905,004560,현대비앤지스틸,11630,30,23182,,,,
20250905,004690,삼천리,128700,600,3959,,,,
20250905,004700,조광피혁,64600,-400,1948,,,,
20250905,004710,한솔테크닉스,5409,0,0,,,,
20250905,004720,팜젠사이언스,4395,70,61391,,,,
20250905,004770,써니전자,1629,-2,137485,,,,
20250905,004800,효성,84500,1300,24351,,,,
20250905,004830,덕성,5510,20,181310,,,,
20250905,004835,덕성우,7490,-10,11125,,,,
20250905,004840,DRB동일,5130,60,15012,,,,
20250905,004870,티웨이홀딩스,2621,-38,9589,,,,
20250905,004890,동일산업,41200,700,807,,,,
20250905,004910,조광페인트,5620,-30,22051,,,,
20250905,004920,씨아이테크,1151,-4,30081,,,,
20250905,004960,한신공영,7780,-90,14539,,,,
20250905,004970,신라교역,9130,50,61190,,,,
20250905,004980,성신양회,10350,-20,38714,,,,
20250905,004985,성신양회우,11440,-50,420,,,,
20250905,004990,롯데지주,29850,150,182587,,,,
20250905,00499K,롯데지주우,31800,50,261,,,,
20250905,005010,휴스틸,4085,-35,143085,,,,
20250905,005030,부산주공,486,0,0,,,,
20250905,005070,코스모신소재,41150,-350,255726,,,,
20250905,005090,SGC에너지,23250,350,11649,,,,
20250905,005110,한창,1254,0,0,,,,
20250905,005180,빙그레,71700,-200,22167,,,,
20250905,005250,녹십자홀딩스,15290,-160,26643,,,,
20250905,005257,녹십자홀딩스2우,27300,-100,388,,,,
20250905,005300,롯데칠성,118500,100,10777,,,,
20250905,005305,롯데칠성우,71500,400,362,,,,
20250905,005320,온타이드,1056,-14,89901,,,,
20250905,005360,모나미,2210,-20,457645,,,,
20250905,005380,현대차,220000,-1500,245652,,,,
20250905,005385,현대차우,167500,-1900,67763,,,,
20250905,005387,현대차2우B,170900,-2200,86134,,,,
20250905,005389,현대차3우B,167500,-1500,10798,,,,
20250905,005420,코스모화학,15990,-40,77525,,,,
20250905,005430,한국공항,70500,0,14249,,,,
20250905,005440,현대지에프홀딩스,7690,110,97684,,,,
20250905,005490,POSCO홀딩스,276500,-7500,535992,,,,
20250905,005500,삼진제약,19000,-10,9770,,,,
20250905,005610,삼립,53900,-800,3107,,,,
20250905,005680,삼영전자,10600,20,8602,,,,
20250905,005690,파미셀,11350,650,2567240,,,,
20250905,005720,넥센,5780,30,18086,,,,
20250905,005725,넥센우,4405,0,988,,,,
20250905,005740,크라운해태홀딩스,7220,-20,12809,,,,
20250905,005745,크라운해태홀딩스우,8150,-50,761,,,,
20250905,005750,대림바스,4545,5,12689,,,,
20250905,005800,신영와코루,14260,-40,5709,,,,
20250905,005810,풍산홀딩스,40350,-100,18272,,,,
20250905,005820,원림,14050,180,486,,,,
20250905,005830,DB손해보험,138600,1200,157810,,,,
20250905,005850,에스엘,33700,-150,85602,,,,
20250905,005870,휴니드,8290,-110,38149,,,,
20250905,005880,대한해운,1729,-11,1438250,,,,
20250905,005930,삼성전자,69500,-600,11526724,,,,
20250905,005935,삼성전자우,57100,-100,1149742,,,,
20250905,005940,NH투자증권,19240,-50,307359,,,,
20250905,005945,NH투자증권우,17110,-60,21235,,,,
20250905,005950,이수화학,5620,70,25447,,,,
20250905,005960,동부건설,5680,140,57490,,,,
20250905,005965,동부건설우,18880,80,17,,,,
20250905,006040,동원산업,45000,0,137980,,,,
20250905,006060,화승인더,4235,-45,46120,,,,
20250905,006090,사조오양,10200,20,6332,,,,
20250905,006110,삼아알미늄,22600,-400,50584,,,,
20250905,006120,SK디스커버리,52200,500,8898,,,,
20250905,006125,SK디스커버리우,36050,350,706,,,,
20250905,006200,한국전자홀딩스,3515,-15,3475,,,,
20250905,006220,제주은행,13760,-140,157717,,,,
20250905,006260,LS,178900,3700,178188,,,,
20250905,006280,녹십자,131000,-900,21247,,,,
20250905,006340,대원전선,2795,5,454615,,,,
20250905,006345,대원전선우,3615,40,8456,,,,
20250905,006360,GS건설,18740,-60,189757,,,,
20250905,006370,대구백화점,6530,0,79519,,,,
20250905,006380,카프로,3660,0,0,,,,
20250905,006400,삼성SDI,199500,-3000,303237,,,,
20250905,006405,삼성SDI우,127700,-300,2173,,,,
20250905,006490,프리티,3780,-110,95049,,,,
20250905,006570,대림통상,2670,30,5048,,,,
20250905,006650,대한유화,122200,1200,23133,,,,
20250905,006660,삼성공조,13300,150,19740,,,,
20250905,006740,블루산업개발,2406,-7,103030,,,,
20250905,006800,미래에셋증권,18927,-100,934335,,,,
20250905,006805,미래에셋증권우,8712,-79,40396,,,,
20250905,00680K,미래에셋증권2우B,8228,-108,243547,,,,
20250905,006840,AK홀딩스,11170,40,2698,,,,
20250905,006880,신송홀딩스,6950,-30,31067,,,,
20250905,006890,태경케미컬,9180,-10,27334,,,,
20250905,006980,우성,17200,20,1292,,,,
20250905,007070,GS리테일,16520,20,112616,,,,
20250905,007110,일신석재,2030,-35,711176,,,,
20250905,007120,미래아이앤지,950,13,34092,,,,
20250905,007160,사조산업,51300,1100,6495,,,,
20250905,007210,벽산,2140,-5,43484,,,,
20250905,007280,한국특강,3072,33,13323,,,,
20250905,007310,오뚜기,395000,1000,4070,,,,
20250905,007340,DN오토모티브,25200,-400,106844,,,,
20250905,007460,에이프로젠,702,-3,1451402,,,,
20250905,007540,샘표,48950,0,5862,,,,
20250905,007570,일양약품,14387,-45,8066,,,,
20250905,007575,일양약품우,15001,-164,392,,,,
20250905,007590,동방아그로,6180,-10,4393,,,,
20250905,007610,선도전기,3000,0,0,,,,
20250905,007660,이수페타시스,63200,-1000,1479178,,,,
20250905,007690,국도화학,37000,900,17247,,,,
20250905,007700,F&F홀딩스,20100,370,53468,,,,
20250905,007810,코리아써키트,12830,630,199357,,,,
20250905,007815,코리아써우,6150,10,1121,,,,
20250905,00781K,코리아써키트2우B,6190,-40,430,,,,
20250905,007860,서연,9210,-50,33478,,,,
20250905,007980,TP,1741,-46,779109,,,,
20250905,008040,사조동아원,1108,-9,441639,,,,
20250905,008060,대덕,8040,10,67503,,,,
20250905,00806K,대덕1우,8050,-20,1825,,,,
20250905,008250,이건산업,4920,10,15114,,,,
20250905,008260,NI스틸,3650,35,49326,,,,
20250905,008350,남선알미늄,1132,-9,246364,,,,
20250905,008355,남선알미우,12890,0,83,,,,
20250905,008420,문배철강,2210,15,15178,,,,
20250905,008490,서흥,28850,-650,96060,,,,
20250905,008600,윌비스,3650,0,24520,,,,
20250905,008700,아남전자,1334,-5,76029,,,,
20250905,008730,율촌화학,30500,50,86313,,,,
20250905,008770,호텔신라,47900,-50,83888,,,,
20250905,008775,호텔신라우,41450,700,833,,,,
20250905,008870,금비,56000,100,207,,,,
20250905,008930,한미사이언스,39300,-700,210892,,,,
20250905,008970,KBI동양철관,2629,0,0,,,,
20250905,009070,KCTC,5500,-80,1273099,,,,
20250905,009140,경인전자,20600,150,2916,,,,
20250905,009150,삼성전기,178200,-200,400194,,,,
20250905,009155,삼성전기우,80000,-1000,21928,,,,
20250905,009160,SIMPAC,4420,105,108438,,,,
20250905,009180,한솔로지스틱스,2850,0,47905,,,,
20250905,009190,대양금속,1644,24,220787,,,,
20250905,009200,무림페이퍼,2040,-15,60354,,,,
20250905,009240,한샘,42350,450,20560,,,,
20250905,009270,신원,1663,-48,1291703,,,,
20250905,009290,광동제약,6070,30,36154,,,,
20250905,009310,참엔지니어링,1285,5,40102,,,,
20250905,009320,아진전자부품,1080,2,67056,,,,
20250905,009410,태영건설,1802,-30,237454,,,,
20250905,009415,태영건설우,4865,-130,837,,,,
20250905,009420,한올바이오파마,31950,-500,534974,,,,
20250905,009440,KC그린홀딩스,756,0,0,,,,
20250905,009450,경동나비엔,79400,1000,39604,,,,
20250905,009460,한창제지,3205,-10,4072,,,,
20250905,009470,삼화전기,27000,950,53220,,,,
20250905,009540,HD한국조선해양,428500,6500,384775,,,,
20250905,009580,무림P&P,2620,-10,22778,,,,
20250905,009680,모토닉,10550,-70,29188,,,,
20250905,009770,삼정펄프,27100,-150,4095,,,,
20250905,009810,MDS스피어,3335,-60,64646,,,,
20250905,009830,한화솔루션,27071,95,618818,,,,
20250905,009835,한화솔루션우,20186,45,3628,,,,
20250905,009900,명신산업,8690,-130,123265,,,,
20250905,009970,영원무역홀딩스,131700,800,9572,,,,
20250905,010040,한국내화,2235,0,10441,,,,
20250905,010060,OCI홀딩스,92000,3700,172079,,,,
20250905,010100,한국무브넥스,4350,30,136009,,,,
20250905,010120,LS ELECTRIC,58600,400,569565,,,,
20250905,010130,고려아연,901000,-1000,16261,,,,
20250905,010140,삼성중공업,21100,150,4068688,,,,
20250905,010400,우진아이엔에스,2740,-70,18829,,,,
20250905,010580,에스엠벡셀,1583,1,122574,,,,
20250905,010640,진양폴리,3440,34,69744,,,,
20250905,010660,화천기계,4710,210,813371,,,,
20250905,010690,화신,8770,-40,163768,,,,
20250905,010770,평화홀딩스,4035,-65,78898,,,,
20250905,010780,아이에스동서,19600,100,9959,,,,
20250905,010820,퍼스텍,4325,-35,374091,,,,
20250905,010950,S-Oil,60600,100,90703,,,,
20250905,010955,S-Oil우,39150,450,2841,,,,
20250905,010960,삼호개발,3410,0,23197,,,,
20250905,011000,진원생명과학,12300,600,676740,,,,
20250905,011070,LG이노텍,170500,-2000,121219,,,,
20250905,011090,에넥스,3010,0,8237,,,,
20250905,011150,CJ씨푸드,2875,-10,112911,,,,
20250905,011155,CJ씨푸드1우,16900,0,1045,,,,
20250905,011170,롯데케미칼,63600,400,58361,,,,
20250905,011200,HMM,22950,450,5127767,,,,
20250905,011210,현대위아,52700,-1200,73798,,,,
20250905,011230,삼화전자,3890,110,56675,,,,
20250905,011280,태림포장,2005,5,16452,,,,
20250905,011300,우성머티리얼스,4450,-140,62716,,,,
20250905,011330,유니켐,16180,-100,14453,,,,
20250905,011390,부산산업,83200,-800,2592,,,,
20250905,011420,갤럭시아에스엠,2250,-20,77842,,,,
20250905,011500,한농화성,14110,-40,16700,,,,
20250905,011690,와이투솔루션,3690,190,2358611,,,,
20250905,011700,한신기계,3750,75,286194,,,,
20250905,011760,현대코퍼레이션,22100,-100,46571,,,,
20250905,011780,금호석유화학,107800,1100,53822,,,,
20250905,011785,금호석유화학우,55500,0,3102,,,,
20250905,011790,SKC,91831,3571,589600,,,,
20250905,011810,STX,3530,0,0,,,,
20250905,011930,신성이엔지,15900,0,90703,,,,
20250905,012030,DB,1635,55,27309394,,,,
20250905,012160,영흥,2875,-5,57142,,,,
20250905,012170,아센디오,2215,-70,372775,,,,
20250905,012200,계양전기,1358,-2,17840,,,,
20250905,012205,계양전기우,3379,-5,306,,,,
20250905,012280,영화금속,913,1,45642,,,,
20250905,012320,경동인베스트,58800,500,3877,,,,
20250905,012330,현대모비스,323000,2500,149648,,,,
20250905,012450,한화에어로스페이스,920000,-11000,193204,,,,
20250905,012610,경인양행,3145,-25,18643,,,,
20250905,012630,HDC,20350,0,69654,,,,
20250905,012690,모나리자,2475,-5,19748,,,,
20250905,012750,에스원,80700,1000,28234,,,,
20250905,012800,대창,1334,20,660834,,,,
20250905,013000,세우글로벌,1051,1,15078,,,,
20250905,013360,일성건설,1417,-13,186280,,,,
20250905,013520,화승코퍼레이션,1934,-8,63281,,,,
20250905,013570,디와이,4315,-15,16124,,,,
20250905,013580,계룡건설,20700,-50,43034,,,,
20250905,013700,까뮤이앤씨,1162,-10,29336,,,,
20250905,013870,지엠비코리아,4030,25,25090,,,,
20250905,013890,지누스,17000,180,48602,,,,
20250905,014130,한익스프레스,3295,0,5851,,,,
20250905,014160,대영포장,1150,8,396771,,,,
20250905,014280,금강공업,4340,-20,43712,,,,
20250905,014285,금강공업우,6690,-160,230,,,,
20250905,014440,영보화학,4345,20,37257,,,,
20250905,014530,극동유화,3330,0,106003,,,,
20250905,014580,태경비케이,4905,-45,76311,,,,
20250905,014680,한솔케미칼,169300,3800,28982,,,,
20250905,014710,사조씨푸드,9040,-80,19754,,,,
20250905,014790,HL D&I,2460,10,9911,,,,
20250905,014820,동원시스템즈,29150,-50,11358,,,,
20250905,014825,동원시스템즈우,17600,20,19,,,,
20250905,014830,유니드,74900,600,9648,,,,
20250905,014910,성문전자,1180,-3,13865,,,,
20250905,014915,성문전자우,4215,-25,8394,,,,
20250905,014990,인디에프,5505,-240,203751,,,,
20250905,015020,이스타코,1256,8,40168,,,,
20250905,015230,대창단조,6490,240,209940,,,,
20250905,015260,에이엔피,534,-25,1683595,,,,
20250905,015360,INVENI,12560,60,30715,,,,
20250905,015590,DKME,2575,0,0,,,,
20250905,015760,한국전력,36750,-750,1693935,,,,
20250905,015860,일진홀딩스,5540,120,150273,,,,
20250905,015890,태경산업,5310,-40,29655,,,,
20250905,016090,대현,1816,-1,42153,,,,
20250905,016360,삼성증권,68400,100,103305,,,,
20250905,016380,KG스틸,5270,-10,104870,,,,
20250905,016450,한세예스24홀딩스,3880,0,8993,,,,
20250905,016580,환인제약,10490,0,23510,,,,
20250905,016590,신대양제지,10790,0,8527,,,,
20250905,016610,DB증권,8540,80,73287,,,,
20250905,016710,대성홀딩스,8560,-40,8594,,,,
20250905,016740,두올,3650,260,6499710,,,,
20250905,016800,퍼시스,44400,-200,324,,,,
20250905,016880,웅진,4680,-140,670791,,,,
20250905,017040,광명전기,1115,6,415276,,,,
20250905,017180,명문제약,1753,3,70380,,,,
20250905,017370,우신시스템,6830,30,15390,,,,
20250905,017390,서울가스,62000,0,2654,,,,
20250905,017550,수산세보틱스,1911,28,109168,,,,
20250905,017670,SK텔레콤,54800,100,244775,,,,
20250905,017800,현대엘리베이터,78700,200,106757,,,,
20250905,017810,풀무원,14070,220,247058,,,,
20250905,017860,DS단석,20499,49,39865,,,,
20250905,017900,광전자,1889,2,21427,,,,
20250905,017940,E1,75600,500,12554,,,,
20250905,017960,한국카본,33150,-800,395881,,,,
20250905,018250,애경산업,16260,90,33787,,,,
20250905,018260,삼성에스디에스,151500,1400,144234,,,,
20250905,018470,조일알미늄,1423,-19,480955,,,,
20250905,018500,동원모빌리티,1374,-11,230493,,,,
20250905,018670,SK가스,248000,3000,9224,,,,
20250905,018880,한온시스템,3234,-14,562756,,,,
20250905,019170,신풍제약,12520,-180,163308,,,,
20250905,019175,신풍제약우,23550,-450,2896,,,,
20250905,019180,티에이치엔,5240,440,1425306,,,,
20250905,019490,엑시큐어하이트론,675,-8,320195,,,,
20250905,019680,대교,2290,65,54912,,,,
20250905,019685,대교우B,1287,-2,1683,,,,
20250905,020000,한섬,15310,10,27573,,,,
20250905,020120,키다리스튜디오,3820,-15,63363,,,,
20250905,020150,롯데에너지머티리얼즈,24350,100,46389,,,,
20250905,020560,아시아나항공,9560,-20,37420,,,,
20250905,020760,일진디스플,936,35,170557,,,,
20250905,021050,서원,1182,-3,67803,,,,
20250905,021240,코웨이,102500,-300,79517,,,,
20250905,021820,세원정공,9920,50,5513,,,,
20250905,022100,포스코DX,21850,-50,104225,,,,
20250905,023000,삼원강재,2490,10,15686,,,,
20250905,023150,MH에탄올,5230,-10,1265,,,,
20250905,023350,한국종합기술,4915,0,14217,,,,
20250905,023450,동남합성,31750,150,330,,,,
20250905,023530,롯데쇼핑,66900,300,46917,,,,
20250905,023590,다우기술,33950,0,38625,,,,
20250905,023800,인지컨트롤스,5660,100,25025,,,,
20250905,023810,인팩,6920,70,27748,,,,
20250905,023960,에쓰씨엔지니어링,1183,-7,230281,,,,
20250905,024070,WISCOM,1952,-63,47262,,,,
20250905,024090,디씨엠,12470,40,5163,,,,
20250905,024110,기업은행,19010,-30,419479,,,,
20250905,024720,콜마홀딩스,13180,-20,179492,,,,
20250905,024890,대원화성,4270,-50,11853,,,,
20250905,024900,디와이덕양,2305,0,25635,,,,
20250905,025000,KPX케미칼,47022,-48,2819,,,,
20250905,025530,SJM홀딩스,3525,-10,3937,,,,
20250905,025540,한국단자,61700,-300,9794,,,,
20250905,025560,미래산업,2116,8,60915,,,,
20250905,025620,차AI헬스케어,7910,190,20487,,,,
20250905,025750,한솔홈데코,3445,5,9928,,,,
20250905,025820,이구산업,4605,20,123491,,,,
20250905,025860,남해화학,6890,-50,74005,,,,
20250905,025890,한국주강,1806,14,14477,,,,
20250905,026890,스틱인베스트먼트,10320,210,73141,,,,
20250905,026940,부국철강,2370,-10,22794,,,,
20250905,026960,동서,27500,-50,55580,,,,
20250905,027410,BGF,3910,-20,34352,,,,
20250905,027740,마니커,1670,0,27229,,,,
20250905,027970,한국제지,4025,-25,3853,,,,
20250905,028050,삼성E&A,28250,500,593196,,,,
20250905,028100,동아지질,14800,-40,5774,,,,
20250905,028260,삼성물산,175000,700,193402,,,,
20250905,02826K,삼성물산우B,119600,300,2703,,,,
20250905,028670,팬오션,3975,-30,847217,,,,
20250905,029460,케이씨,22100,150,13420,,,,
20250905,029530,신도리코,44550,250,6261,,,,
20250905,029780,삼성카드,50600,-200,30791,,,,
20250905,030000,제일기획,19700,60,139794,,,,
20250905,030190,NICE평가정보,15550,-150,44280,,,,
20250905,030200,KT,53500,600,147208,,,,
20250905,030210,다올투자증권,3435,-5,44205,,,,
20250905,030610,교보증권,8620,-30,40543,,,,
20250905,030720,동원수산,6210,0,9073,,,,
20250905,031210,서울보증보험,44750,1350,83217,,,,
20250905,031430,신세계인터내셔날,10410,60,36916,,,,
20250905,031820,아이티센씨티에스,6110,-90,9668,,,,
20250905,032350,롯데관광개발,16080,-30,684744,,,,
20250905,032560,황금에스티,5630,-60,33214,,,,
20250905,032640,LG유플러스,14370,-160,1270423,,,,
20250905,032830,삼성생명,149900,900,235180,,,,
20250905,033240,자화전자,18690,-380,38506,,,,
20250905,033250,체시스,5510,5,13956,,,,
20250905,033270,유나이티드제약,19950,-200,89192,,,,
20250905,033530,SJG세종,6090,220,209620,,,,
20250905,033780,KT&G,135200,-1000,374890,,,,
20250905,033920,무학,7900,-20,33375,,,,
20250905,034020,두산에너빌리티,61800,-1000,2993213,,,,
20250905,034120,SBS,20050,-100,43967,,,,
20250905,034220,LG디스플레이,11990,-70,822905,,,,
20250905,034230,파라다이스,20700,-450,675545,,,,
20250905,034310,NICE,13410,40,33420,,,,
20250905,034590,인천도시가스,25950,0,960,,,,
20250905,034730,SK,206500,2000,116413,,,,
20250905,03473K,SK우,155500,100,3740,,,,
20250905,034830,한국토지신탁,1295,33,1454428,,,,
20250905,035000,HS애드,8800,10,15272,,,,
20250905,035150,백산,14730,-30,26126,,,,
20250905,035250,강원랜드,17800,-30,240003,,,,
20250905,035420,NAVER,229000,2000,941824,,,,
20250905,035510,신세계 I&C,15110,210,47414,,,,
20250905,035720,카카오,58500,0,1536092,,,,
20250905,036420,콘텐트리중앙,10430,460,93948,,,,
20250905,036460,한국가스공사,39300,0,282477,,,,
20250905,036530,SNT홀딩스,72600,3600,34494,,,,
20250905,036570,NC,198000,2600,76157,,,,
20250905,036580,팜스코,2685,10,36239,,,,
20250905,037270,YG PLUS,9110,150,1594080,,,,
20250905,037560,LG헬로비전,2815,-20,130224,,,,
20250905,037710,광주신세계,29950,-100,5249,,,,
20250905,039130,하나투어,51800,100,38921,,,,
20250905,039490,키움증권,206500,1000,49504,,,,
20250905,039570,HDC랩스,8740,120,11182,,,,
20250905,041650,상신브레이크,2805,10,27370,,,,
20250905,042660,한화오션,112500,-6400,19178685,,,,
20250905,042700,한미반도체,82900,300,262184,,,,
20250905,044380,주연테크,2680,15,44813,,,,
20250905,044450,KSS해운,9500,120,27713,,,,
20250905,044820,코스맥스비티아이,18390,-370,17429,,,,
20250905,047040,대우건설,3770,-35,1179791,,,,
20250905,047050,포스코인터내셔널,48650,-350,300804,,,,
20250905,047400,유니온머티리얼,1436,15,59772,,,,
20250905,047810,한국항공우주,94400,-1300,265803,,,,
20250905,049800,우진플라임,2175,15,41202,,,,
20250905,051600,한전KPS,51400,-200,99663,,,,
20250905,051630,진양화학,1974,35,33002,,,,
20250905,051900,LG생활건강,296500,2500,38329,,,,
20250905,051905,LG생활건강우,117000,2800,6572,,,,
20250905,051910,LG화학,274500,-3500,136324,,,,
20250905,051915,LG화학우,134800,-900,31080,,,,
20250905,052690,한전기술,90900,-2500,248676,,,,
20250905,053210,스카이라이프,5200,-40,21350,,,,
20250905,053690,한미글로벌,21200,-50,173826,,,,
20250905,055490,테이팩스,15140,-210,9647,,,,
20250905,055550,신한지주,64600,100,736413,,,,
20250905,058430,포스코스틸리온,3735,25,36120,,,,
20250905,058650,세아홀딩스,125800,-1600,1222,,,,
20250905,058730,다스코,2995,-5,7467,,,,
20250905,058850,KTcs,2875,10,150931,,,,
20250905,058860,KTis,2920,-20,95050,,,,
20250905,060980,HL홀딩스,40350,150,10739,,,,
20250905,062040,산일전기,106700,3400,581317,,,,
20250905,063160,종근당바이오,23450,350,17987,,,,
20250905,064350,현대로템,205000,500,473609,,,,
20250905,064400,LG씨엔에스,67800,500,158203,,,,
20250905,064960,SNT모티브,36200,-350,42963,,,,
20250905,066570,LG전자,75100,-200,226879,,,,
20250905,066575,LG전자우,37000,-200,44192,,,,
20250905,066970,엘앤에프,62700,1400,852191,,,,
20250905,067830,세이브존I&C,2665,10,10451,,,,
20250905,068270,셀트리온,161085,-1143,213391,,,,
20250905,068290,삼성출판사,16080,-20,4481,,,,
20250905,069260,TKG휴켐스,17580,20,26256,,,,
20250905,069460,대호에이엘,8700,20,57017,,,,
20250905,069620,대웅제약,144300,2200,57321,,,,
20250905,069640,한세엠케이,1678,-18,17998,,,,
20250905,069730,DSR제강,3810,5,4328,,,,
20250905,069960,현대백화점,75800,1500,105089,,,,
20250905,070960,모나용평,4045,-40,202195,,,,
20250905,071050,한국금융지주,131200,600,131763,,,,
20250905,071055,한국금융지주우,94200,1100,14861,,,,
20250905,071090,하이스틸,4315,-80,441860,,,,
20250905,071320,지역난방공사,80000,-500,10381,,,,
20250905,071840,롯데하이마트,8650,120,47751,,,,
20250905,071950,코아스,9350,470,2431032,,,,
20250905,071970,HD현대마린엔진,91000,-2100,315073,,,,
20250905,072130,유엔젤,5290,-40,162354,,,,
20250905,072710,농심홀딩스,80100,-300,6562,,,,
20250905,073240,금호타이어,4895,-75,563810,,,,
20250905,074610,이엔플러스,5110,0,0,,,,
20250905,075180,새론오토모티브,3115,-15,27084,,,,
20250905,075580,세진중공업,19300,400,3397109,,,,
20250905,077500,유니퀘스트,5990,20,37441,,,,
20250905,077970,STX엔진,46000,1500,2852409,,,,
20250905,078000,텔코웨어,14300,110,4454,,,,
20250905,078520,에이블씨엔씨,14030,20,530228,,,,
20250905,078930,GS,45450,100,98727,,,,
20250905,078935,GS우,42250,-100,4580,,,,
20250905,079160,CJ CGV,4800,140,356249,,,,
20250905,079430,현대리바트,7210,-40,12163,,,,
20250905,079550,LIG디펜스앤에어로스페이스,476000,-18000,199430,,,,
20250905,079900,전진건설로봇,48500,-50,17722,,,,
20250905,079980,휴비스,2965,0,14713,,,,
20250905,081000,일진다이아,12160,-80,9521,,,,
20250905,081660,미스토홀딩스,40450,50,122852,,,,
20250905,082640,동양생명,7450,410,201530,,,,
20250905,082740,한화엔진,45600,700,2280711,,,,
20250905,083420,그린케미칼,7310,-10,16964,,,,
20250905,084010,대한제강,10536,167,42562,,,,
20250905,084670,동양고속,8160,-90,4753,,,,
20250905,084680,이월드,1485,12,52197,,,,
20250905,084690,대상홀딩스,9360,-70,34855,,,,
20250905,084695,대상홀딩스우,12780,-50,2255,,,,
20250905,084870,TBH글로벌,1428,3,13436,,,,
20250905,085310,엔케이,13000,440,569526,,,,
20250905,085620,미래에셋생명,7730,160,87634,,,,
20250905,086280,현대글로비스,185800,1800,143012,,,,
20250905,086790,하나금융지주,81200,-400,519782,,,,
20250905,088260,이리츠코크렙,4670,85,71878,,,,
20250905,088350,한화생명,3110,-5,895110,,,,
20250905,088790,진도,1909,15,9304,,,,
20250905,088980,맥쿼리인프라,11570,-30,583075,,,,
20250905,089470,HDC현대EP,4170,110,70235,,,,
20250905,089590,제주항공,6550,-50,34840,,,,
20250905,089860,롯데렌탈,29300,50,12700,,,,
20250905,090080,평화산업,1004,-8,110882,,,,
20250905,090350,노루페인트,9290,70,39527,,,,
20250905,090355,노루페인트우,12930,280,785,,,,
20250905,090370,메타랩스,1279,8,16802,,,,
20250905,090430,아모레퍼시픽,118200,-500,82429,,,,
20250905,090435,아모레퍼시픽우,40200,-50,6092,,,,
20250905,090460,비에이치,18910,-220,502302,,,,
20250905,091810,트리니티항공,1772,-7,150009,,,,
20250905,092200,디아이씨,4690,20,262935,,,,
20250905,092220,KEC,3555,60,80883,,,,
20250905,092230,KPX홀딩스,67000,0,324,,,,
20250905,092440,기신정기,2495,20,14592,,,,
20250905,092780,DYP,4000,-15,13530,,,,
20250905,092790,넥스틸,12670,-80,181019,,,,
20250905,093050,LF,18400,180,35182,,,,
20250905,093240,형지엘리트,1473,-58,1135422,,,,
20250905,093370,후성,5520,-60,329097,,,,
20250905,094280,효성ITX,12860,10,4498,,,,
20250905,094800,맵스리얼티,4760,30,38510,,,,
20250905,095570,AJ네트웍스,4320,-30,120311,,,,
20250905,095720,웅진씽크빅,3346,-28,52886,,,,
20250905,096760,JW홀딩스,3375,30,25867,,,,
20250905,096770,SK이노베이션,105400,-1000,201450,,,,
20250905,096775,SK이노베이션우,71100,500,1709,,,,
20250905,097230,HJ중공업,27600,3250,24654894,,,,
20250905,097520,엠씨넥스,29350,0,22773,,,,
20250905,097950,CJ제일제당,232500,500,27981,,,,
20250905,097955,CJ제일제당 우,142000,700,2665,,,,
20250905,100090,SK오션플랜트,25600,2850,12224141,,,,
20250905,100220,비상교육,5460,140,41739,,,,
20250905,100250,진양홀딩스,3118,-5,11061,,,,
20250905,100840,SNT에너지,60500,-500,144964,,,,
20250905,101140,인바이오젠,12450,-190,6378,,,,
20250905,101530,해태제과식품,6720,110,24337,,,,
20250905,102260,동성케미컬,4122,10,20326,,,,
20250905,102460,이연제약,11000,-10,5544,,,,
20250905,103140,풍산,118200,-800,110197,,,,
20250905,103590,일진전기,36250,250,412325,,,,
20250905,104700,한국철강,9960,20,29683,,,,
20250905,105560,KB금융,108600,100,473392,,,,
20250905,105630,한세실업,9400,20,37676,,,,
20250905,105840,우진,11430,0,206038,,,,
20250905,107590,미원홀딩스,71000,-200,227,,,,
20250905,108320,LX세미콘,52100,-700,49279,,,,
20250905,108670,LX하우시스,28200,0,16535,,,,
20250905,108675,LX하우시스우,17240,-60,3058,,,,
20250905,109070,주성코퍼레이션,891,6,128169,,,,
20250905,111110,호전실업,6990,30,26615,,,,
20250905,111380,동인기연,14080,130,5461,,,,
20250905,111770,영원무역,59800,200,37029,,,,
20250905,112610,씨에스윈드,42550,0,155412,,,,
20250905,114090,GKL,16890,160,184468,,,,
20250905,117580,대성에너지,8030,10,19200,,,,
20250905,118000,메타케어,3170,-70,21961,,,,
20250905,119650,KC코트렐,918,0,0,,,,
20250905,120030,조선선재,106200,-100,2608,,,,
20250905,120110,코오롱인더,38150,-50,71182,,,,
20250905,120115,코오롱인더우,22900,150,2527,,,,
20250905,122900,아이마켓코리아,8190,-20,11023,,,,
20250905,123690,한국화장품,9450,90,96726,,,,
20250905,123700,SJM,3505,-50,30751,,,,
20250905,123890,한국자산신탁,2370,0,42260,,,,
20250905,126560,현대퓨처넷,3220,-5,36406,,,,
20250905,126720,수산인더스트리,22750,-150,14623,,,,
20250905,128820,대성산업,4030,25,65752,,,,
20250905,128940,한미약품,305500,1000,31553,,,,
20250905,129260,인터지스,2680,20,51004,,,,
20250905,130660,한전산업,12240,-170,80604,,,,
20250905,133820,화인베스틸,2170,70,3344408,,,,
20250905,134380,미원화학,8450,-60,40,,,,
20250905,134790,시디즈,25650,200,2232,,,,
20250905,136490,선진,11210,-140,85143,,,,
20250905,137310,에스디바이오센서,10140,10,98472,,,,
20250905,138040,메리츠금융지주,123100,-300,112078,,,,
20250905,138930,BNK금융지주,14490,-30,493842,,,,
20250905,139130,iM금융지주,13590,20,468089,,,,
20250905,139480,이마트,78000,800,206917,,,,
20250905,139990,아주스틸,3845,5,6928,,,,
20250905,143210,핸즈코퍼레이션,1660,0,2166,,,,
20250905,145210,다이나믹디자인,7560,-10,6821,,,,
20250905,145270,케이탑리츠,955,0,80604,,,,
20250905,145720,덴티움,55700,-400,43916,,,,
20250905,145990,삼양사,48400,-150,7225,,,,
20250905,145995,삼양사우,34700,50,103,,,,
20250905,155660,DSR,3690,-25,12488,,,,
20250905,161000,애경케미칼,10880,50,83295,,,,
20250905,161390,한국타이어앤테크놀로지,39300,-300,239069,,,,
20250905,161890,한국콜마,75800,-100,110237,,,,
20250905,163560,동일고무벨트,6980,10,4898,,,,
20250905,170900,동아에스티,42536,0,16308,,,,
20250905,175330,JB금융지주,23550,250,193024,,,,
20250905,178920,PI첨단소재,17270,-80,55872,,,,
20250905,180640,한진칼,109200,-1600,39551,,,,
20250905,18064K,한진칼우,36800,-50,1108,,,,
20250905,181710,NHN,24900,-100,33189,,,,
20250905,183190,아세아시멘트,13330,-40,30795,,,,
20250905,185750,종근당,81200,100,15473,,,,
20250905,192080,더블유게임즈,52800,500,37071,,,,
20250905,192400,쿠쿠홀딩스,34600,1600,81697,,,,
20250905,192650,드림텍,6500,-20,85323,,,,
20250905,192820,코스맥스,214000,-1500,47957,,,,
20250905,194370,제이에스코퍼레이션,10920,-230,136697,,,,
20250905,195870,해성디에스,22450,50,68313,,,,
20250905,200880,서연이화,11750,-70,37365,,,,
20250905,204320,HL만도,35250,-550,134296,,,,
20250905,207940,삼성바이오로직스,1515896,19132,35657,,,,
20250905,210540,디와이파워,12690,440,46544,,,,
20250905,210980,SK디앤디,10180,350,87733,,,,
20250905,213500,한솔제지,8630,0,18103,,,,
20250905,214320,이노션,18300,20,74271,,,,
20250905,214330,금호에이치티,16456,-55,8099,,,,
20250905,214390,경보제약,4935,-5,6876,,,,
20250905,214420,토니모리,10110,-50,99983,,,,
20250905,226320,잇츠한불,12260,10,12314,,,,
20250905,227840,현대코퍼레이션홀딩스,12400,260,13411,,,,
20250905,229640,LS에코에너지,39100,400,80240,,,,
20250905,234080,JW생명과학,11730,40,12529,,,,
20250905,241560,두산밥캣,53700,800,193169,,,,
20250905,241590,화승엔터프라이즈,6790,-10,56478,,,,
20250905,244920,에이플러스에셋,6940,30,34122,,,,
20250905,248070,솔루엠,19120,2700,4497655,,,,
20250905,248170,샘표식품,26250,150,5776,,,,
20250905,249420,일동제약,22500,-950,866002,,,,
20250905,251270,넷마블,60800,500,166985,,,,
20250905,259960,크래프톤,326000,-6500,84009,,,,
20250905,264900,크라운제과,9440,10,11059,,,,
20250905,26490K,크라운제과우,9630,20,596,,,,
20250905,267250,HD현대,144700,6700,350045,,,,
20250905,267260,HD현대일렉트릭,517000,24000,205971,,,,
20250905,267270,HD건설기계,92800,3600,297639,,,,
20250905,267290,경동도시가스,20050,-150,8650,,,,
20250905,267850,아시아나IDT,11520,-40,2528,,,,
20250905,268280,미원에스씨,140200,-400,343,,,,
20250905,271560,오리온,108400,1000,74522,,,,
20250905,271940,일진하이솔루스,16890,-190,39019,,,,
20250905,271980,제일약품,13750,250,23094,,,,
20250905,272210,한화시스템,52400,-900,510761,,,,
20250905,272450,진에어,8360,-20,28314,,,,
20250905,272550,삼양패키징,13280,0,7835,,,,
20250905,278470,에이피알,215500,-2000,253444,,,,
20250905,280360,롯데웰푸드,112700,-1600,22144,,,,
20250905,281820,케이씨텍,31850,-150,59879,,,,
20250905,282330,BGF리테일,110700,-300,27162,,,,
20250905,284740,쿠쿠홈시스,27100,100,10151,,,,
20250905,285130,SK케미칼,60500,-900,18448,,,,
20250905,28513K,SK케미칼우,26350,-300,915,,,,
20250905,286940,롯데이노베이트,20700,50,5242,,,,
20250905,293480,하나제약,11790,0,11928,,,,
20250905,293940,신한알파리츠,5590,0,199444,,,,
20250905,294870,IPARK현대산업개발,20450,100,182769,,,,
20250905,298000,효성화학,77800,0,0,,,,
20250905,298020,효성티앤씨,218000,1500,7877,,,,
20250905,298040,효성중공업,1232000,23000,41341,,,,
20250905,298050,HS효성첨단소재,193300,2300,6937,,,,
20250905,298690,에어부산,1994,1,79606,,,,
20250905,300720,한일시멘트,19550,-30,65402,,,,
20250905,302440,SK바이오사이언스,50100,0,130700,,,,
20250905,306200,세아제강,130800,-1400,4947,,,,
20250905,307950,현대오토에버,166200,-200,41327,,,,
20250905,308170,씨티알모빌리티,5180,0,4925,,,,
20250905,316140,우리금융지주,24300,-50,898346,,,,
20250905,317400,자이에스앤디,3435,35,25075,,,,
20250905,322000,HD현대에너지솔루션,47500,2600,167012,,,,
20250905,323410,카카오뱅크,23550,-250,502974,,,,
20250905,326030,SK바이오팜,109200,2200,220776,,,,
20250905,329180,HD현대중공업,513000,3000,163949,,,,
20250905,330590,롯데리츠,3950,50,448615,,,,
20250905,334890,이지스밸류플러스리츠,4100,0,113697,,,,
20250905,336260,두산퓨얼셀,25050,350,718824,,,,
20250905,33626K,두산퓨얼셀1우,6800,-60,21702,,,,
20250905,33626L,두산퓨얼셀2우B,10830,-30,2766,,,,
20250905,336370,솔루스첨단소재,7630,-10,90350,,,,
20250905,33637K,솔루스첨단소재1우,1726,22,28464,,,,
20250905,33637L,솔루스첨단소재2우B,3700,0,2991,,,,
20250905,338100,NH프라임리츠,4625,70,30558,,,,
20250905,339770,교촌에프앤비,4875,5,41219,,,,
20250905,344820,KCC글라스,28900,-400,53713,,,,
20250905,348950,제이알글로벌리츠,2875,5,500998,,,,
20250905,350520,이지스레지던스리츠,3980,30,31849,,,,
20250905,352820,하이브,290500,7500,206995,,,,
20250905,353200,대덕전자,23400,750,1006445,,,,
20250905,35320K,대덕전자1우,8870,40,6108,,,,
20250905,357120,코람코라이프인프라리츠,4375,5,112765,,,,
20250905,357250,미래에셋맵스리츠,2690,50,162466,,,,
20250905,357430,마스턴프리미어리츠,1545,10,23850,,,,
20250905,361610,SK아이이테크놀로지,27550,-100,69714,,,,
20250905,363280,티와이홀딩스,2975,-10,60651,,,,
20250905,36328K,티와이홀딩스우,5360,60,2166,,,,
20250905,365550,ESR켄달스퀘어리츠,4540,50,466208,,,,
20250905,372910,한컴라이프케어,2690,-20,76333,,,,
20250905,373220,LG에너지솔루션,343000,-8000,199629,,,,
20250905,375500,DL이앤씨,43250,-150,154911,,,,
20250905,37550K,DL이앤씨우,18960,60,10341,,,,
20250905,37550L,DL이앤씨2우(전환),29900,0,638,,,,
20250905,377190,디앤디플랫폼리츠,3285,-5,189645,,,,
20250905,377300,카카오페이,51400,-100,811684,,,,
20250905,377740,바이오노트,5670,30,21125,,,,
20250905,378850,화승알앤에이,3000,15,18758,,,,
20250905,381970,케이카,16080,200,66098,,,,
20250905,383220,F&F,69100,2200,75021,,,,
20250905,383800,LX홀딩스,7950,0,187344,,,,
20250905,38380K,LX홀딩스1우,8620,-30,401,,,,
20250905,395400,SK리츠,5090,10,269834,,,,
20250905,396690,미래에셋글로벌리츠,2755,25,45405,,,,
20250905,400760,NH올원리츠,3300,75,235644,,,,
20250905,402340,SK스퀘어,152800,3400,350950,,,,
20250905,403550,쏘카,11920,310,8892,,,,
20250905,404990,신한서부티엔디리츠,3465,15,72443,,,,
20250905,415640,KB발해인프라,8880,120,145261,,,,
20250905,417310,코람코더원리츠,5700,40,55698,,,,
20250905,432320,KB스타리츠,3905,-10,92946,,,,
20250905,439260,대한조선,80400,-1600,201047,,,,
20250905,443060,HD현대마린솔루션,220000,15500,221488,,,,
20250905,446070,유니드비티플러스,3890,-5,20748,,,,
20250905,448730,삼성FN리츠,4320,5,94531,,,,
20250905,450080,에코프로머티,49800,-100,124905,,,,
20250905,451800,한화리츠,3960,15,223656,,,,
20250905,452260,한화갤러리아,1130,-2,242709,,,,
20250905,45226K,한화갤러리아우,2185,-5,1014,,,,
20250905,453340,현대그린푸드,15990,100,11170,,,,
20250905,454910,두산로보틱스,61500,0,108878,,,,
20250905,456040,OCI,53900,300,10998,,,,
20250905,457190,이수스페셜티케미컬,44200,-500,131811,,,,
20250905,460850,동국씨엠,5430,-80,24278,,,,
20250905,460860,동국제강,9350,80,87948,,,,
20250905,462520,조선내화,13370,-90,8156,,,,
20250905,462870,시프트업,42350,1650,110937,,,,
20250905,465770,STX그린로지스,7730,-220,22023,,,,
20250905,475150,SK이터닉스,20700,300,434354,,,,
20250905,475560,더본코리아,25550,-300,28172,,,,
20250905,480370,씨케이솔루션,3452,81,159706,,,,
20250905,481850,신한글로벌액티브리츠,1434,4,40902,,,,
20250905,483650,달바글로벌,161900,-4700,214807,,,,
20250905,484870,엠앤씨솔루션,68333,-2833,75651,,,,
20250905,487570,HS효성,55700,-100,8421,,,,
20250905,489790,한화비전,57700,1400,721881,,,,
20250905,499790,GS피앤엘,55700,-500,208103,,,,
20250905,900140,엘브이엠씨홀딩스,1776,0,420592,,,,
20250905,950210,프레스티지바이오파마,14770,230,85026,,,,
20250908,000020,동화약품,6390,20,38747,,,,
20250908,000040,KR모터스,2680,-10,69562,,,,
20250908,000050,경방,7170,100,11350,,,,
20250908,000070,삼양홀딩스,57187,200,16703,,,,
20250908,000080,하이트진로,19180,90,73882,,,,
20250908,000087,하이트진로2우B,15560,80,4009,,,,
20250908,000100,유한양행,121700,2700,827670,,,,
20250908,000105,유한양행우,107800,2300,7667,,,,
20250908,000120,CJ대한통운,83100,-400,32443,,,,
20250908,000140,하이트진로홀딩스,10100,0,9987,,,,
20250908,000145,하이트진로홀딩스우,11780,-80,133,,,,
20250908,000150,두산,596000,17000,131785,,,,
20250908,000155,두산우,352500,4500,27320,,,,
20250908,000157,두산2우B,372000,4500,2863,,,,
20250908,000180,성창기업지주,8580,-90,6487,,,,
20250908,000210,DL,38350,-50,71996,,,,
20250908,000215,DL우,22600,0,4057,,,,
20250908,000220,유유제약,4330,10,21458,,,,
20250908,000225,유유제약1우,4785,-35,3908,,,,
20250908,000227,유유제약2우B,10460,-30,173,,,,
20250908,000230,일동홀딩스,8740,-40,12612,,,,
20250908,000240,한국앤컴퍼니,23900,-200,22458,,,,
20250908,000270,기아,104900,-1700,713309,,,,
20250908,000300,DH오토넥스,4200,0,0,,,,
20250908,000320,노루홀딩스,35050,350,56637,,,,
20250908,000325,노루홀딩스우,34300,-100,529,,,,
20250908,000370,한화손해보험,5470,10,425963,,,,
20250908,000390,SP삼화,6160,110,68079,,,,
20250908,000400,롯데손해보험,1600,-3,81853,,,,
20250908,000430,대원강업,3995,15,55754,,,,
20250908,000480,CR홀딩스,4990,0,13814,,,,
20250908,000490,대동,9940,60,25583,,,,
20250908,000500,가온전선,32674,222,50604,,,,
20250908,000520,삼일제약,11570,330,376394,,,,
20250908,000540,흥국화재,4070,35,37277,,,,
20250908,000545,흥국화재우,7360,-100,1871,,,,
20250908,000590,CS홀딩스,90100,1100,711,,,,
20250908,000640,동아쏘시오홀딩스,107513,291,7958,,,,
20250908,000650,천일고속,40500,-500,95,,,,
20250908,000660,SK하이닉스,277000,3500,2018299,,,,
20250908,000670,영풍,37698,-243,24672,,,,
20250908,000680,LS네트웍스,3905,-30,211022,,,,
20250908,000700,유수홀딩스,5730,0,13323,,,,
20250908,000720,현대건설,60100,500,524491,,,,
20250908,000725,현대건설우,53200,300,1831,,,,
20250908,000760,이화산업,12150,-30,526,,,,
20250908,000810,삼성화재,460000,2500,93912,,,,
20250908,000815,삼성화재우,344500,8500,10242,,,,
20250908,000850,화천기공,30250,0,2435,,,,
20250908,000860,강남제비스코,12030,140,9091,,,,
20250908,000880,한화,102760,-601,137977,,,,
20250908,00088K,한화3우B,35742,-604,28638,,,,
20250908,000890,보해양조,2295,15,66474,,,,
20250908,000910,유니온,4555,-40,38071,,,,
20250908,000950,전방,32900,300,562,,,,
20250908,000970,한국주철관,7050,10,38571,,,,
20250908,000990,DB하이텍,45100,300,81338,,,,
20250908,001020,페이퍼코리아,3665,-30,1141,,,,
20250908,001040,CJ,187400,11800,402363,,,,
20250908,001045,CJ우,98700,3900,23816,,,,
20250908,00104K,CJ4우(전환),155800,10500,33344,,,,
20250908,001060,JW중외제약,22500,250,113186,,,,
20250908,001065,JW중외제약우,28700,0,6,,,,
20250908,001067,JW중외제약2우B,58700,-1200,18,,,,
20250908,001070,대한방직,6560,40,3725,,,,
20250908,001080,만호제강,2920,105,19620,,,,
20250908,001120,LX인터내셔널,30100,300,103421,,,,
20250908,001130,대한제분,14370,100,4350,,,,
20250908,001200,유진투자증권,3400,65,514433,,,,
20250908,001210,금호전기,4630,-350,165601,,,,
20250908,001230,동국홀딩스,1667,18,84413,,,,
20250908,001250,GS글로벌,2545,10,258826,,,,
20250908,001260,남광토건,8950,100,33501,,,,
20250908,001270,부국증권,69800,4700,172475,,,,
20250908,001275,부국증권우,26000,200,8101,,,,
20250908,001290,상상인증권,681,15,296535,,,,
20250908,001340,PKC,5790,-40,28690,,,,
20250908,001360,삼성제약,1680,39,394055,,,,
20250908,001380,SG글로벌,3306,23,56416,,,,
20250908,001390,KG케미칼,4730,195,287647,,,,
20250908,001420,태원물산,3535,-65,9300,,,,
20250908,001430,세아베스틸지주,27900,550,60115,,,,
20250908,001440,대한전선,14840,-360,1197261,,,,
20250908,001450,현대해상,27650,-200,173244,,,,
20250908,001460,BYC,40300,200,5186,,,,
20250908,001465,BYC우,25600,-850,3152,,,,
20250908,001470,삼부토건,347,0,0,,,,
20250908,001500,현대차증권,8360,550,552623,,,,
20250908,001510,SK증권,1297,28,1122599,,,,
20250908,001515,SK증권우,4040,70,645,,,,
20250908,001520,동양,1270,16,113920,,,,
20250908,001525,동양우,8140,40,298,,,,
20250908,001527,동양2우B,16560,-160,313,,,,
20250908,001530,DI동일,33286,0,20264,,,,
20250908,001550,조비,12560,-100,7904,,,,
20250908,001560,제일연마,10490,20,13017,,,,
20250908,001570,금양,9900,0,0,,,,
20250908,001620,케이비아이동국실업,2430,5,8457,,,,
20250908,001630,종근당홀딩스,48600,700,2698,,,,
20250908,001680,대상,22550,150,37066,,,,
20250908,001685,대상우,16710,-80,14100,,,,
20250908,001720,신영증권,143000,5900,35003,,,,
20250908,001740,SK네트웍스,4395,15,132059,,,,
20250908,001750,한양증권,17320,320,29869,,,,
20250908,001755,한양증권우,16840,220,1201,,,,
20250908,001770,SHD,17330,-710,1644,,,,
20250908,001780,알루코,2190,10,151132,,,,
20250908,001790,대한제당,2950,0,83451,,,,
20250908,001795,대한제당우,2465,-5,4054,,,,
20250908,001800,오리온홀딩스,20650,50,43321,,,,
20250908,001820,삼화콘덴서,32800,750,205748,,,,
20250908,001940,KISCO홀딩스,25950,100,13699,,,,
20250908,002020,코오롱,44100,-1450,380060,,,,
20250908,002025,코오롱우,22050,-100,3503,,,,
20250908,002030,아세아,354500,3500,461,,,,
20250908,002070,비비안,15301,395,16440,,,,
20250908,002100,경농,9460,-80,15195,,,,
20250908,002140,고려산업,2725,25,40147,,,,
20250908,002150,도화엔지니어링,6570,70,10963,,,,
20250908,002170,SYTS,54500,200,484,,,,
20250908,002200,한국수출포장,2910,-5,51975,,,,
20250908,002210,동성제약,1946,0,0,,,,
20250908,002220,한일철강,3055,-60,155669,,,,
20250908,002240,고려제강,17540,60,8580,,,,
20250908,002310,아세아제지,7900,50,62536,,,,
20250908,002320,한진,20700,-150,7089,,,,
20250908,002350,넥센타이어,6190,160,192703,,,,
20250908,002355,넥센타이어1우B,3255,-5,8666,,,,
20250908,002360,SH에너지화학,4320,-70,40065,,,,
20250908,002380,KCC,411000,6000,19734,,,,
20250908,002390,한독,11800,10,15136,,,,
20250908,002410,범양건영,1935,0,0,,,,
20250908,002420,세기상사,5350,30,6270,,,,
20250908,002450,삼익악기,1260,-6,84486,,,,
20250908,002460,HS화성,10200,-10,11413,,,,
20250908,002600,조흥,154400,3200,285,,,,
20250908,002620,제일파마홀딩스,8800,-90,11882,,,,
20250908,002630,오리엔트바이오,1246,32,2125274,,,,
20250908,002690,동일제강,1597,9,21723,,,,
20250908,002700,신일전자,1326,6,232896,,,,
20250908,002710,TCC스틸,16770,-10,81649,,,,
20250908,002720,국제약품,4565,35,54819,,,,
20250908,002760,보락,1039,4,30356,,,,
20250908,002780,진흥기업,734,16,704247,,,,
20250908,002785,진흥기업우B,3335,5,52,,,,
20250908,002787,진흥기업2우B,7680,100,273,,,,
20250908,002790,아모레퍼시픽홀딩스,27250,250,69069,,,,
20250908,002795,아모레퍼시픽홀딩스우,11230,170,15432,,,,
20250908,00279K,아모레퍼시픽홀딩스3우C,21300,150,2558,,,,
20250908,002810,삼영무역,15830,30,22346,,,,
20250908,002820,SUN&L,2570,-70,26351,,,,
20250908,002840,미원상사,149300,-3400,1303,,,,
20250908,002870,신풍,1048,-1,47743,,,,
20250908,002880,디와이에이,1091,1,16118,,,,
20250908,002900,TYM,5970,-20,191944,,,,
20250908,002920,유성기업,2150,5,31628,,,,
20250908,002960,한국쉘석유,421000,-7500,3083,,,,
20250908,002990,금호건설,4080,350,942070,,,,
20250908,002995,금호건설우,11900,230,4267,,,,
20250908,003000,부광약품,3540,40,413804,,,,
20250908,003010,혜인,5410,30,51653,,,,
20250908,003030,세아제강지주,177200,1000,5933,,,,
20250908,003060,에이프로젠바이오로직스,647,24,1860719,,,,
20250908,003070,코오롱글로벌,9230,290,13161,,,,
20250908,003075,코오롱글로벌우,14590,240,1367,,,,
20250908,003080,SB성보,2805,-5,5200,,,,
20250908,003090,대웅,24100,-300,79286,,,,
20250908,0030R0,대신밸류리츠,4275,-5,395751,,,,
20250908,003120,일성아이에스,25000,300,7512,,,,
20250908,003160,디아이,13580,100,159662,,,,
20250908,003200,일신방직,10010,10,26688,,,,
20250908,003220,대원제약,13040,90,22650,,,,
20250908,003230,삼양식품,1550000,-2000,17825,,,,
20250908,003240,태광산업,862000,1000,1832,,,,
20250908,003280,흥아해운,1640,3,771868,,,,
20250908,003300,한일홀딩스,17600,130,15996,,,,
20250908,003350,한국화장품제조,11860,-20,71280,,,,
20250908,003460,유화증권,2730,35,31046,,,,
20250908,003465,유화증권우,2600,-40,330,,,,
20250908,003470,유안타증권,3435,75,358417,,,,
20250908,003475,유안타증권우,3500,10,40271,,,,
20250908,003480,한진중공업홀딩스,4800,80,99867,,,,
20250908,003490,대한항공,23550,-100,732006,,,,
20250908,003495,대한항공우,23900,200,1715,,,,
20250908,003520,영진약품,2040,0,93767,,,,
20250908,003530,한화투자증권,5720,180,1763304,,,,
20250908,003535,한화투자증권우,7650,50,9132,,,,
20250908,003540,대신증권,27300,350,171210,,,,
20250908,003545,대신증권우,21050,300,86933,,,,
20250908,003547,대신증권2우B,19470,70,30387,,,,
20250908,003550,LG,75900,300,97090,,,,
20250908,003555,LG우,63500,700,15143,,,,
20250908,003570,SNT다이내믹스,59600,2300,99718,,,,
20250908,003580,HLB글로벌,2205,-100,176330,,,,
20250908,003610,방림,4775,55,169527,,,,
20250908,003620,KG모빌리티,3265,-35,186859,,,,
20250908,003650,미창석유,107300,-1200,649,,,,
20250908,003670,포스코퓨처엠,132800,1200,246393,,,,
20250908,003680,한성기업,5550,-60,64568,,,,
20250908,003690,코리안리,11000,90,231620,,,,
20250908,003720,삼영,5250,100,378935,,,,
20250908,003780,진양산업,6650,150,145649,,,,
20250908,003830,대한화섬,124500,2200,46,,,,
20250908,003850,보령,8660,70,117072,,,,
20250908,003920,남양유업,56300,-900,1599,,,,
20250908,003925,남양유업우,34050,-400,2134,,,,
20250908,003960,사조대림,41200,-800,13435,,,,
20250908,004000,롯데정밀화학,45350,700,80605,,,,
20250908,004020,현대제철,35450,650,461874,,,,
20250908,004060,SG세계물산,3220,10,20302,,,,
20250908,004080,신흥,13900,10,5300,,,,
20250908,004090,한국석유,13810,40,30480,,,,
20250908,004100,태양금속,2130,60,202016,,,,
20250908,004105,태양금속우,3130,0,8688,,,,
20250908,004140,동방,3205,220,5817690,,,,
20250908,004150,한솔홀딩스,3155,0,39125,,,,
20250908,004170,신세계,170600,700,23803,,,,
20250908,004250,NPC,4180,65,31824,,,,
20250908,004255,NPC우,2445,20,1064,,,,
20250908,004270,남성,8157,16,3892,,,,
20250908,004310,현대약품,3995,15,136438,,,,
20250908,004360,세방,13750,50,29225,,,,
20250908,004365,세방우,8860,-10,2522,,,,
20250908,004370,농심,413000,-11000,56915,,,,
20250908,004380,삼익THK,13000,0,0,,,,
20250908,004410,서울식품,1550,0,106234,,,,
20250908,004415,서울식품우,12310,70,952,,,,
20250908,004430,송원산업,10200,0,7259,,,,
20250908,004440,삼일씨엔에스,4965,20,3596,,,,
20250908,004450,삼화왕관,35350,250,771,,,,
20250908,004490,세방전지,62200,0,13208,,,,
20250908,004540,깨끗한나라,2085,-20,48393,,,,
20250908,004545,깨끗한나라우,11630,-110,742,,,,
20250908,004560,현대비앤지스틸,11620,-10,10084,,,,
20250908,004690,삼천리,128700,0,7009,,,,
20250908,004700,조광피혁,65500,900,2021,,,,
20250908,004710,한솔테크닉스,5409,0,0,,,,
20250908,004720,팜젠사이언스,4510,115,156306,,,,
20250908,004770,써니전자,1619,-10,128850,,,,
20250908,004800,효성,84500,0,16935,,,,
20250908,004830,덕성,5530,20,151476,,,,
20250908,004835,덕성우,7510,20,5606,,,,
20250908,004840,DRB동일,5000,-130,50939,,,,
20250908,004870,티웨이홀딩스,2782,161,188224,,,,
20250908,004890,동일산업,41700,500,863,,,,
20250908,004910,조광페인트,6040,420,430680,,,,
20250908,004920,씨아이테크,1160,9,89445,,,,
20250908,004960,한신공영,8140,360,76630,,,,
20250908,004970,신라교역,9200,70,8213,,,,
20250908,004980,성신양회,10490,140,176019,,,,
20250908,004985,성신양회우,11510,70,3887,,,,
20250908,004990,롯데지주,30300,450,177997,,,,
20250908,00499K,롯데지주우,31700,-100,507,,,,
20250908,005010,휴스틸,4155,70,141146,,,,
20250908,005030,부산주공,486,0,0,,,,
20250908,005070,코스모신소재,40950,-200,248554,,,,
20250908,005090,SGC에너지,23100,-150,9422,,,,
20250908,005110,한창,1254,0,0,,,,
20250908,005180,빙그레,71700,0,29127,,,,
20250908,005250,녹십자홀딩스,15550,260,36711,,,,
20250908,005257,녹십자홀딩스2우,27300,0,518,,,,
20250908,005300,롯데칠성,118000,-500,12002,,,,
20250908,005305,롯데칠성우,71300,-200,219,,,,
20250908,005320,온타이드,1064,8,73348,,,,
20250908,005360,모나미,2180,-30,348320,,,,
20250908,005380,현대차,218500,-1500,382254,,,,
20250908,005385,현대차우,167000,-500,68153,,,,
20250908,005387,현대차2우B,170500,-400,67974,,,,
20250908,005389,현대차3우B,167000,-500,9411,,,,
20250908,005420,코스모화학,15930,-60,61540,,,,
20250908,005430,한국공항,70800,300,6964,,,,
20250908,005440,현대지에프홀딩스,7850,160,130827,,,,
20250908,005490,POSCO홀딩스,279500,3000,232900,,,,
20250908,005500,삼진제약,18970,-30,9477,,,,
20250908,005610,삼립,54000,100,4142,,,,
20250908,005680,삼영전자,10600,0,12511,,,,
20250908,005690,파미셀,11380,30,1453647,,,,
20250908,005720,넥센,5930,150,13259,,,,
20250908,005725,넥센우,4495,90,1495,,,,
20250908,005740,크라운해태홀딩스,7140,-80,43888,,,,
20250908,005745,크라운해태홀딩스우,8140,-10,994,,,,
20250908,005750,대림바스,4535,-10,13038,,,,
20250908,005800,신영와코루,14360,100,1652,,,,
20250908,005810,풍산홀딩스,40150,-200,7940,,,,
20250908,005820,원림,14010,-40,1235,,,,
20250908,005830,DB손해보험,139100,500,124315,,,,
20250908,005850,에스엘,33300,-400,104045,,,,
20250908,005870,휴니드,8330,40,65220,,,,
20250908,005880,대한해운,1746,17,787446,,,,
20250908,005930,삼성전자,70100,600,9263135,,,,
20250908,005935,삼성전자우,57500,400,535518,,,,
20250908,005940,NH투자증권,19350,110,326471,,,,
20250908,005945,NH투자증권우,17220,110,40273,,,,
20250908,005950,이수화학,5600,-20,13887,,,,
20250908,005960,동부건설,6290,610,448609,,,,
20250908,005965,동부건설우,19580,700,702,,,,
20250908,006040,동원산업,44100,-900,57920,,,,
20250908,006060,화승인더,4335,100,102655,,,,
20250908,006090,사조오양,10190,-10,3664,,,,
20250908,006110,삼아알미늄,22600,0,45767,,,,
20250908,006120,SK디스커버리,52700,500,12377,,,,
20250908,006125,SK디스커버리우,36300,250,3371,,,,
20250908,006200,한국전자홀딩스,3500,-15,4052,,,,
20250908,006220,제주은행,13620,-140,162956,,,,
20250908,006260,LS,177400,-1500,91543,,,,
20250908,006280,녹십자,133800,2800,31407,,,,
20250908,006340,대원전선,2805,10,378238,,,,
20250908,006345,대원전선우,3620,5,5149,,,,
20250908,006360,GS건설,19170,430,272218,,,,
20250908,006370,대구백화점,6700,170,108089,,,,
20250908,006380,카프로,3660,0,0,,,,
20250908,006400,삼성SDI,199900,400,207896,,,,
20250908,006405,삼성SDI우,129500,1800,5366,,,,
20250908,006490,프리티,3750,-30,151554,,,,
20250908,006570,대림통상,2645,-25,12324,,,,
20250908,006650,대한유화,123300,1100,21287,,,,
20250908,006660,삼성공조,13260,-40,13428,,,,
20250908,006740,블루산업개발,2408,2,56620,,,,
20250908,006800,미래에셋증권,19614,687,2330124,,,,
20250908,006805,미래에셋증권우,8929,217,56826,,,,
20250908,00680K,미래에셋증권2우B,8482,254,678767,,,,
20250908,006840,AK홀딩스,11520,350,14633,,,,
20250908,006880,신송홀딩스,6950,0,17255,,,,
20250908,006890,태경케미컬,9300,120,35157,,,,
20250908,006980,우성,17380,180,1896,,,,
20250908,007070,GS리테일,16550,30,47991,,,,
20250908,007110,일신석재,2025,-5,392302,,,,
20250908,007120,미래아이앤지,925,-25,118711,,,,
20250908,007160,사조산업,49500,-1800,15124,,,,
20250908,007210,벽산,2300,160,743097,,,,
20250908,007280,한국특강,3066,-6,8675,,,,
20250908,007310,오뚜기,390000,-5000,4818,,,,
20250908,007340,DN오토모티브,25000,-200,37361,,,,
20250908,007460,에이프로젠,745,43,18104800,,,,
20250908,007540,샘표,50400,1450,6608,,,,
20250908,007570,일양약품,14723,336,40501,,,,
20250908,007575,일양약품우,15001,0,922,,,,
20250908,007590,동방아그로,6190,10,1480,,,,
20250908,007610,선도전기,3000,0,0,,,,
20250908,007660,이수페타시스,69100,5900,4574250,,,,
20250908,007690,국도화학,36900,-100,10195,,,,
20250908,007700,F&F홀딩스,20350,250,37730,,,,
20250908,007810,코리아써키트,13100,270,241197,,,,
20250908,007815,코리아써우,6150,0,83,,,,
20250908,00781K,코리아써키트2우B,6170,-20,1056,,,,
20250908,007860,서연,9120,-90,26445,,,,
20250908,007980,TP,1740,-1,583309,,,,
20250908,008040,사조동아원,1105,-3,160701,,,,
20250908,008060,대덕,8090,50,53413,,,,
20250908,00806K,대덕1우,8130,80,889,,,,
20250908,008250,이건산업,4920,0,12260,,,,
20250908,008260,NI스틸,3700,50,109178,,,,
20250908,008350,남선알미늄,1133,1,195663,,,,
20250908,008355,남선알미우,12980,90,57,,,,
20250908,008420,문배철강,2210,0,17417,,,,
20250908,008490,서흥,28950,100,51114,,,,
20250908,008600,윌비스,3588,-62,19332,,,,
20250908,008700,아남전자,1334,0,98267,,,,
20250908,008730,율촌화학,30250,-250,58082,,,,
20250908,008770,호텔신라,48500,600,97081,,,,
20250908,008775,호텔신라우,41600,150,1271,,,,
20250908,008870,금비,57400,1400,1045,,,,
20250908,008930,한미사이언스,39250,-50,88603,,,,
20250908,008970,KBI동양철관,2629,0,0,,,,
20250908,009070,KCTC,5640,140,775463,,,,
20250908,009140,경인전자,20800,200,2176,,,,
20250908,009150,삼성전기,178700,500,334713,,,,
20250908,009155,삼성전기우,80400,400,13115,,,,
20250908,009160,SIMPAC,4480,60,183103,,,,
20250908,009180,한솔로지스틱스,2810,-40,78857,,,,
20250908,009190,대양금속,1633,-11,251999,,,,
20250908,009200,무림페이퍼,2060,20,51849,,,,
20250908,009240,한샘,42650,300,14703,,,,
20250908,009270,신원,1640,-23,1098288,,,,
20250908,009290,광동제약,6120,50,43614,,,,
20250908,009310,참엔지니어링,1269,-16,16722,,,,
20250908,009320,아진전자부품,1063,-17,73459,,,,
20250908,009410,태영건설,1835,33,1837312,,,,
20250908,009415,태영건설우,5080,215,485,,,,
20250908,009420,한올바이오파마,33900,1950,698784,,,,
20250908,009440,KC그린홀딩스,756,0,0,,,,
20250908,009450,경동나비엔,82500,3100,80032,,,,
20250908,009460,한창제지,3220,15,3884,,,,
20250908,009470,삼화전기,26900,-100,33083,,,,
20250908,009540,HD한국조선해양,424500,-4000,267661,,,,
20250908,009580,무림P&P,2625,5,47758,,,,
20250908,009680,모토닉,10420,-130,33779,,,,
20250908,009770,삼정펄프,27150,50,3050,,,,
20250908,009810,MDS스피어,3345,10,26365,,,,
20250908,009830,한화솔루션,27495,424,790931,,,,
20250908,009835,한화솔루션우,20276,90,6674,,,,
20250908,009900,명신산업,8780,90,58345,,,,
20250908,009970,영원무역홀딩스,132500,800,9831,,,,
20250908,010040,한국내화,2230,-5,24802,,,,
20250908,010060,OCI홀딩스,97600,5600,267475,,,,
20250908,010100,한국무브넥스,4340,-10,143505,,,,
20250908,010120,LS ELECTRIC,57500,-1100,366115,,,,
20250908,010130,고려아연,891000,-10000,12796,,,,
20250908,010140,삼성중공업,21250,150,3793240,,,,
20250908,010400,우진아이엔에스,2820,80,11874,,,,
20250908,010580,에스엠벡셀,1564,-19,58497,,,,
20250908,010640,진양폴리,3478,38,90650,,,,
20250908,010660,화천기계,4565,-145,476525,,,,
20250908,010690,화신,8530,-240,364187,,,,
20250908,010770,평화홀딩스,4075,40,63448,,,,
20250908,010780,아이에스동서,19750,150,19718,,,,
20250908,010820,퍼스텍,4420,95,602060,,,,
20250908,010950,S-Oil,60000,-600,197903,,,,
20250908,010955,S-Oil우,39200,50,4620,,,,
20250908,010960,삼호개발,3500,90,134030,,,,
20250908,011000,진원생명과학,12300,0,166139,,,,
20250908,011070,LG이노텍,168000,-2500,133500,,,,
20250908,011090,에넥스,3240,230,265956,,,,
20250908,011150,CJ씨푸드,2870,-5,159805,,,,
20250908,011155,CJ씨푸드1우,16900,0,87,,,,
20250908,011170,롯데케미칼,63200,-400,54955,,,,
20250908,011200,HMM,23050,100,1440410,,,,
20250908,011210,현대위아,52000,-700,93554,,,,
20250908,011230,삼화전자,4170,280,143208,,,,
20250908,011280,태림포장,2005,0,11625,,,,
20250908,011300,우성머티리얼스,4440,-10,65415,,,,
20250908,011330,유니켐,16390,210,15687,,,,
20250908,011390,부산산업,81500,-1700,4877,,,,
20250908,011420,갤럭시아에스엠,2240,-10,98164,,,,
20250908,011500,한농화성,14120,10,18080,,,,
20250908,011690,와이투솔루션,3795,105,1229756,,,,
20250908,011700,한신기계,3655,-95,198211,,,,
20250908,011760,현대코퍼레이션,22300,200,51291,,,,
20250908,011780,금호석유화학,108900,1100,46151,,,,
20250908,011785,금호석유화학우,55700,200,3890,,,,
20250908,011790,SKC,91455,-376,157191,,,,
20250908,011810,STX,3530,0,0,,,,
20250908,011930,신성이엔지,16500,600,433490,,,,
20250908,012030,DB,1620,-15,3513553,,,,
20250908,012160,영흥,2930,55,79876,,,,
20250908,012170,아센디오,2240,25,355010,,,,
20250908,012200,계양전기,1358,0,18794,,,,
20250908,012205,계양전기우,3287,-92,1894,,,,
20250908,012280,영화금속,920,7,74268,,,,
20250908,012320,경동인베스트,59300,500,4141,,,,
20250908,012330,현대모비스,323000,0,185042,,,,
20250908,012450,한화에어로스페이스,951000,31000,176069,,,,
20250908,012610,경인양행,3120,-25,20903,,,,
20250908,012630,HDC,21450,1100,135603,,,,
20250908,012690,모나리자,2480,5,19400,,,,
20250908,012750,에스원,79400,-1300,33433,,,,
20250908,012800,대창,1315,-19,704624,,,,
20250908,013000,세우글로벌,1046,-5,42801,,,,
20250908,013360,일성건설,1522,105,7436417,,,,
20250908,013520,화승코퍼레이션,2005,71,6072316,,,,
20250908,013570,디와이,4315,0,24815,,,,
20250908,013580,계룡건설,20750,50,65220,,,,
20250908,013700,까뮤이앤씨,1160,-2,93881,,,,
20250908,013870,지엠비코리아,4065,35,16804,,,,
20250908,013890,지누스,16880,-120,31147,,,,
20250908,014130,한익스프레스,3275,-20,6016,,,,
20250908,014160,대영포장,1153,3,203958,,,,
20250908,014280,금강공업,4985,645,8202980,,,,
20250908,014285,금강공업우,7210,520,7242,,,,
20250908,014440,영보화학,4390,45,32587,,,,
20250908,014530,극동유화,3330,0,91027,,,,
20250908,014580,태경비케이,4950,45,69415,,,,
20250908,014680,한솔케미칼,169100,-200,25467,,,,
20250908,014710,사조씨푸드,9040,0,14370,,,,
20250908,014790,HL D&I,2575,115,148717,,,,
20250908,014820,동원시스템즈,29100,-50,9457,,,,
20250908,014825,동원시스템즈우,17600,0,19,,,,
20250908,014830,유니드,75000,100,12436,,,,
20250908,014910,성문전자,1157,-23,64682,,,,
20250908,014915,성문전자우,4250,35,3962,,,,
20250908,014990,인디에프,5305,-200,179737,,,,
20250908,015020,이스타코,1322,66,835148,,,,
20250908,015230,대창단조,6690,200,241273,,,,
20250908,015260,에이엔피,530,-4,1588134,,,,
20250908,015360,INVENI,12360,-200,14870,,,,
20250908,015590,DKME,2575,0,0,,,,
20250908,015760,한국전력,37600,850,2164044,,,,
20250908,015860,일진홀딩스,5480,-60,57482,,,,
20250908,015890,태경산업,5390,80,57413,,,,
20250908,016090,대현,1819,3,35854,,,,
20250908,016360,삼성증권,69500,1100,184201,,,,
20250908,016380,KG스틸,5320,50,83423,,,,
20250908,016450,한세예스24홀딩스,3920,40,25864,,,,
20250908,016580,환인제약,10540,50,81840,,,,
20250908,016590,신대양제지,10980,190,35173,,,,
20250908,016610,DB증권,8800,260,115270,,,,
20250908,016710,대성홀딩스,8560,0,28784,,,,
20250908,016740,두올,3655,5,507294,,,,
20250908,016800,퍼시스,43550,-850,226,,,,
20250908,016880,웅진,4740,60,621402,,,,
20250908,017040,광명전기,1105,-10,243126,,,,
20250908,017180,명문제약,1755,2,69082,,,,
20250908,017370,우신시스템,6860,30,23018,,,,
20250908,017390,서울가스,62600,600,3627,,,,
20250908,017550,수산세보틱스,1910,-1,94701,,,,
20250908,017670,SK텔레콤,54100,-700,605744,,,,
20250908,017800,현대엘리베이터,78900,200,56423,,,,
20250908,017810,풀무원,13970,-100,81634,,,,
20250908,017860,DS단석,21242,743,90642,,,,
20250908,017900,광전자,1880,-9,16940,,,,
20250908,017940,E1,76200,600,11915,,,,
20250908,017960,한국카본,35550,2400,818418,,,,
20250908,018250,애경산업,16220,-40,300742,,,,
20250908,018260,삼성에스디에스,154300,2800,218782,,,,
20250908,018470,조일알미늄,1416,-7,406484,,,,
20250908,018500,동원모빌리티,1371,-3,132085,,,,
20250908,018670,SK가스,242000,-6000,13495,,,,
20250908,018880,한온시스템,3206,-28,495953,,,,
20250908,019170,신풍제약,12620,100,119518,,,,
20250908,019175,신풍제약우,23200,-350,5661,,,,
20250908,019180,티에이치엔,4990,-250,818849,,,,
20250908,019490,엑시큐어하이트론,673,-2,360100,,,,
20250908,019680,대교,2315,25,38165,,,,
20250908,019685,대교우B,1277,-10,7759,,,,
20250908,020000,한섬,15220,-90,37245,,,,
20250908,020120,키다리스튜디오,3785,-35,99258,,,,
20250908,020150,롯데에너지머티리얼즈,24100,-250,38443,,,,
20250908,020560,아시아나항공,9510,-50,40670,,,,
20250908,020760,일진디스플,905,-31,120301,,,,
20250908,021050,서원,1181,-1,67571,,,,
20250908,021240,코웨이,102000,-500,81007,,,,
20250908,021820,세원정공,10000,80,11176,,,,
20250908,022100,포스코DX,21950,100,125362,,,,
20250908,023000,삼원강재,2445,-45,41842,,,,
20250908,023150,MH에탄올,5220,-10,979,,,,
20250908,023350,한국종합기술,4925,10,13133,,,,
20250908,023450,동남합성,31900,150,731,,,,
20250908,023530,롯데쇼핑,67100,200,43520,,,,
20250908,023590,다우기술,34400,450,63936,,,,
20250908,023800,인지컨트롤스,5940,280,222506,,,,
20250908,023810,인팩,6800,-120,18103,,,,
20250908,023960,에쓰씨엔지니어링,1188,5,163350,,,,
20250908,024070,WISCOM,1947,-5,16950,,,,
20250908,024090,디씨엠,12540,70,1838,,,,
20250908,024110,기업은행,19000,-10,644316,,,,
20250908,024720,콜마홀딩스,13620,440,402809,,,,
20250908,024890,대원화성,4275,5,3922,,,,
20250908,024900,디와이덕양,2345,40,60048,,,,
20250908,025000,KPX케미칼,47636,614,7637,,,,
20250908,025530,SJM홀딩스,3555,30,2235,,,,
20250908,025540,한국단자,60700,-1000,31101,,,,
20250908,025560,미래산업,2158,42,683600,,,,
20250908,025620,차AI헬스케어,8500,590,156985,,,,
20250908,025750,한솔홈데코,3455,10,21067,,,,
20250908,025820,이구산업,4605,0,119553,,,,
20250908,025860,남해화학,6880,-10,49525,,,,
20250908,025890,한국주강,1804,-2,7172,,,,
20250908,026890,스틱인베스트먼트,10670,350,77352,,,,
20250908,026940,부국철강,2370,0,16370,,,,
20250908,026960,동서,27450,-50,43663,,,,
20250908,027410,BGF,3940,30,34263,,,,
20250908,027740,마니커,1652,-18,33358,,,,
20250908,027970,한국제지,4025,0,12612,,,,
20250908,028050,삼성E&A,28000,-250,681785,,,,
20250908,028100,동아지질,14600,-200,21625,,,,
20250908,028260,삼성물산,175200,200,208552,,,,
20250908,02826K,삼성물산우B,120000,400,2974,,,,
20250908,028670,팬오션,3985,10,328847,,,,
20250908,029460,케이씨,22500,400,19247,,,,
20250908,029530,신도리코,45750,1200,9148,,,,
20250908,029780,삼성카드,50800,200,28294,,,,
20250908,030000,제일기획,19770,70,116389,,,,
20250908,030190,NICE평가정보,15750,200,90075,,,,
20250908,030200,KT,53100,-400,240419,,,,
20250908,030210,다올투자증권,3490,55,135368,,,,
20250908,030610,교보증권,9300,680,656817,,,,
20250908,030720,동원수산,6180,-30,14505,,,,
20250908,031210,서울보증보험,44200,-550,49469,,,,
20250908,031430,신세계인터내셔날,10350,-60,20143,,,,
20250908,031820,아이티센씨티에스,6150,40,10209,,,,
20250908,032350,롯데관광개발,16370,290,597291,,,,
20250908,032560,황금에스티,5660,30,5519,,,,
20250908,032640,LG유플러스,14450,80,447558,,,,
20250908,032830,삼성생명,150400,500,156076,,,,
20250908,033240,자화전자,18770,80,46511,,,,
20250908,033250,체시스,5465,-45,22422,,,,
20250908,033270,유나이티드제약,20200,250,45964,,,,
20250908,033530,SJG세종,6090,0,178130,,,,
20250908,033780,KT&G,134700,-500,340062,,,,
20250908,033920,무학,7920,20,15213,,,,
20250908,034020,두산에너빌리티,60900,-900,2969015,,,,
20250908,034120,SBS,20000,-50,77504,,,,
20250908,034220,LG디스플레이,11910,-80,1326778,,,,
20250908,034230,파라다이스,21650,950,1097208,,,,
20250908,034310,NICE,13830,420,63793,,,,
20250908,034590,인천도시가스,25900,-50,1241,,,,
20250908,034730,SK,212000,5500,189598,,,,
20250908,03473K,SK우,165600,10100,11012,,,,
20250908,034830,한국토지신탁,1406,111,6407758,,,,
20250908,035000,HS애드,8870,70,19055,,,,
20250908,035150,백산,14600,-130,42956,,,,
20250908,035250,강원랜드,17770,-30,324166,,,,
20250908,035420,NAVER,228000,-1000,716688,,,,
20250908,035510,신세계 I&C,15290,180,48881,,,,
20250908,035720,카카오,59200,700,1665995,,,,
20250908,036420,콘텐트리중앙,10570,140,32556,,,,
20250908,036460,한국가스공사,39650,350,195800,,,,
20250908,036530,SNT홀딩스,73000,400,40791,,,,
20250908,036570,NC,197800,-200,39061,,,,
20250908,036580,팜스코,2680,-5,52017,,,,
20250908,037270,YG PLUS,8950,-160,1240371,,,,
20250908,037560,LG헬로비전,2850,35,181875,,,,
20250908,037710,광주신세계,30000,50,7371,,,,
20250908,039130,하나투어,52200,400,25914,,,,
20250908,039490,키움증권,212500,6000,116365,,,,
20250908,039570,HDC랩스,8730,-10,30484,,,,
20250908,041650,상신브레이크,2820,15,22174,,,,
20250908,042660,한화오션,110900,-1600,2083291,,,,
20250908,042700,한미반도체,82800,-100,175900,,,,
20250908,044380,주연테크,2725,45,70678,,,,
20250908,044450,KSS해운,9480,-20,22507,,,,
20250908,044820,코스맥스비티아이,18970,580,26137,,,,
20250908,047040,대우건설,3830,60,1213818,,,,
20250908,047050,포스코인터내셔널,48600,-50,201274,,,,
20250908,047400,유니온머티리얼,1430,-6,43661,,,,
20250908,047810,한국항공우주,97100,2700,339704,,,,
20250908,049800,우진플라임,2165,-10,21547,,,,
20250908,051600,한전KPS,51000,-400,83148,,,,
20250908,051630,진양화학,1989,15,66115,,,,
20250908,051900,LG생활건강,293500,-3000,43163,,,,
20250908,051905,LG생활건강우,117000,0,4435,,,,
20250908,051910,LG화학,275500,1000,98768,,,,
20250908,051915,LG화학우,134800,0,10657,,,,
20250908,052690,한전기술,91400,500,227167,,,,
20250908,053210,스카이라이프,5270,70,27134,,,,
20250908,053690,한미글로벌,21550,350,140772,,,,
20250908,055490,테이팩스,14960,-180,6273,,,,
20250908,055550,신한지주,64400,-200,647824,,,,
20250908,058430,포스코스틸리온,3745,10,27130,,,,
20250908,058650,세아홀딩스,124500,-1300,1279,,,,
20250908,058730,다스코,3000,5,26823,,,,
20250908,058850,KTcs,2900,25,158189,,,,
20250908,058860,KTis,2910,-10,107194,,,,
20250908,060980,HL홀딩스,40500,150,6913,,,,
20250908,062040,산일전기,103300,-3400,556013,,,,
20250908,063160,종근당바이오,23700,250,26299,,,,
20250908,064350,현대로템,210500,5500,787674,,,,
20250908,064400,LG씨엔에스,68200,400,185932,,,,
20250908,064960,SNT모티브,35950,-250,79103,,,,
20250908,066570,LG전자,75200,100,183302,,,,
20250908,066575,LG전자우,36800,-200,16275,,,,
20250908,066970,엘앤에프,62400,-300,413943,,,,
20250908,067830,세이브존I&C,2680,15,29750,,,,
20250908,068270,셀트리온,162038,953,256195,,,,
20250908,068290,삼성출판사,16150,70,4459,,,,
20250908,069260,TKG휴켐스,17670,90,40583,,,,
20250908,069460,대호에이엘,8725,25,36971,,,,
20250908,069620,대웅제약,144800,500,28800,,,,
20250908,069640,한세엠케이,1688,10,18373,,,,
20250908,069730,DSR제강,3850,40,13408,,,,
20250908,069960,현대백화점,75200,-600,62365,,,,
20250908,070960,모나용평,4060,15,56703,,,,
20250908,071050,한국금융지주,132500,1300,157383,,,,
20250908,071055,한국금융지주우,95600,1400,21028,,,,
20250908,071090,하이스틸,4335,20,375779,,,,
20250908,071320,지역난방공사,81400,1400,12914,,,,
20250908,071840,롯데하이마트,8470,-180,15399,,,,
20250908,071950,코아스,8480,-870,689425,,,,
20250908,071970,HD현대마린엔진,90900,-100,209194,,,,
20250908,072130,유엔젤,5280,-10,159167,,,,
20250908,072710,농심홀딩스,80100,0,5831,,,,
20250908,073240,금호타이어,4890,-5,293287,,,,
20250908,074610,이엔플러스,5110,0,0,,,,
20250908,075180,새론오토모티브,3140,25,3688,,,,
20250908,075580,세진중공업,23500,4200,10749135,,,,
20250908,077500,유니퀘스트,5940,-50,42407,,,,
20250908,077970,STX엔진,47550,1550,1346007,,,,
20250908,078000,텔코웨어,14590,290,30821,,,,
20250908,078520,에이블씨엔씨,14310,280,342865,,,,
20250908,078930,GS,45600,150,78143,,,,
20250908,078935,GS우,42300,50,4228,,,,
20250908,079160,CJ CGV,4735,-65,206307,,,,
20250908,079430,현대리바트,7260,50,17451,,,,
20250908,079550,LIG디펜스앤에어로스페이스,481000,5000,110348,,,,
20250908,079900,전진건설로봇,48750,250,32054,,,,
20250908,079980,휴비스,2940,-25,45054,,,,
20250908,081000,일진다이아,12130,-30,10520,,,,
20250908,081660,미스토홀딩스,41100,650,152184,,,,
20250908,082640,동양생명,7450,0,89039,,,,
20250908,082740,한화엔진,45100,-500,1381044,,,,
20250908,083420,그린케미칼,7430,120,35241,,,,
20250908,084010,대한제강,10782,246,30652,,,,
20250908,084670,동양고속,8130,-30,852,,,,
20250908,084680,이월드,1460,-25,80964,,,,
20250908,084690,대상홀딩스,9390,30,30678,,,,
20250908,084695,대상홀딩스우,12620,-160,3253,,,,
20250908,084870,TBH글로벌,1404,-24,32333,,,,
20250908,085310,엔케이,13900,900,5212646,,,,
20250908,085620,미래에셋생명,7660,-70,120595,,,,
20250908,086280,현대글로비스,185900,100,167653,,,,
20250908,086790,하나금융지주,81500,300,532836,,,,
20250908,088260,이리츠코크렙,4690,20,44642,,,,
20250908,088350,한화생명,3115,5,933591,,,,
20250908,088790,진도,1901,-8,23894,,,,
20250908,088980,맥쿼리인프라,11530,-40,1187358,,,,
20250908,089470,HDC현대EP,4125,-45,31101,,,,
20250908,089590,제주항공,6550,0,20316,,,,
20250908,089860,롯데렌탈,29150,-150,11659,,,,
20250908,090080,평화산업,1001,-3,165485,,,,
20250908,090350,노루페인트,9490,200,136554,,,,
20250908,090355,노루페인트우,13170,240,8209,,,,
20250908,090370,메타랩스,1277,-2,14076,,,,
20250908,090430,아모레퍼시픽,119200,1000,210561,,,,
20250908,090435,아모레퍼시픽우,40150,-50,8303,,,,
20250908,090460,비에이치,18610,-300,561765,,,,
20250908,091810,트리니티항공,1788,16,348540,,,,
20250908,092200,디아이씨,4720,30,319536,,,,
20250908,092220,KEC,3545,-10,65628,,,,
20250908,092230,KPX홀딩스,67600,600,527,,,,
20250908,092440,기신정기,2490,-5,22325,,,,
20250908,092780,DYP,4075,75,28739,,,,
20250908,092790,넥스틸,12800,130,228087,,,,
20250908,093050,LF,18250,-150,62202,,,,
20250908,093240,형지엘리트,1485,12,646248,,,,
20250908,093370,후성,5480,-40,220017,,,,
20250908,094280,효성ITX,12900,40,4829,,,,
20250908,094800,맵스리얼티,4825,65,103831,,,,
20250908,095570,AJ네트웍스,4320,0,123824,,,,
20250908,095720,웅진씽크빅,3362,16,54877,,,,
20250908,096760,JW홀딩스,3395,20,41754,,,,
20250908,096770,SK이노베이션,105800,400,129120,,,,
20250908,096775,SK이노베이션우,70500,-600,792,,,,
20250908,097230,HJ중공업,29200,1600,18617380,,,,
20250908,097520,엠씨넥스,29650,300,65119,,,,
20250908,097950,CJ제일제당,232500,0,29207,,,,
20250908,097955,CJ제일제당 우,142000,0,2587,,,,
20250908,100090,SK오션플랜트,25400,-200,6754976,,,,
20250908,100220,비상교육,5380,-80,24240,,,,
20250908,100250,진양홀딩스,3132,14,19933,,,,
20250908,100840,SNT에너지,59900,-600,199403,,,,
20250908,101140,인바이오젠,12450,0,9481,,,,
20250908,101530,해태제과식품,6670,-50,24997,,,,
20250908,102260,동성케미컬,4191,69,78173,,,,
20250908,102460,이연제약,11240,240,24276,,,,
20250908,103140,풍산,120500,2300,107942,,,,
20250908,103590,일진전기,36100,-150,370407,,,,
20250908,104700,한국철강,10000,40,50155,,,,
20250908,105560,KB금융,106700,-1900,1060961,,,,
20250908,105630,한세실업,9500,100,60255,,,,
20250908,105840,우진,11270,-160,97039,,,,
20250908,107590,미원홀딩스,70900,-100,369,,,,
20250908,108320,LX세미콘,51800,-300,31361,,,,
20250908,108670,LX하우시스,28850,650,56363,,,,
20250908,108675,LX하우시스우,17310,70,3268,,,,
20250908,109070,주성코퍼레이션,882,-9,71922,,,,
20250908,111110,호전실업,7010,20,20644,,,,
20250908,111380,동인기연,14230,150,4473,,,,
20250908,111770,영원무역,58700,-1100,25684,,,,
20250908,112610,씨에스윈드,43100,550,131916,,,,
20250908,114090,GKL,17290,400,253257,,,,
20250908,117580,대성에너지,8020,-10,8770,,,,
20250908,118000,메타케어,3230,60,16273,,,,
20250908,119650,KC코트렐,918,0,0,,,,
20250908,120030,조선선재,109100,2900,11527,,,,
20250908,120110,코오롱인더,38100,-50,53036,,,,
20250908,120115,코오롱인더우,22850,-50,5093,,,,
20250908,122900,아이마켓코리아,8190,0,19220,,,,
20250908,123690,한국화장품,9650,200,74264,,,,
20250908,123700,SJM,3580,75,34593,,,,
20250908,123890,한국자산신탁,2440,70,248554,,,,
20250908,126560,현대퓨처넷,3235,15,39486,,,,
20250908,126720,수산인더스트리,22850,100,40812,,,,
20250908,128820,대성산업,4025,-5,46736,,,,
20250908,128940,한미약품,306000,500,42738,,,,
20250908,129260,인터지스,2710,30,170946,,,,
20250908,130660,한전산업,12200,-40,73756,,,,
20250908,133820,화인베스틸,2415,245,4095539,,,,
20250908,134380,미원화학,8500,50,12850,,,,
20250908,134790,시디즈,25450,-200,1646,,,,
20250908,136490,선진,11230,20,28696,,,,
20250908,137310,에스디바이오센서,10410,270,179357,,,,
20250908,138040,메리츠금융지주,122400,-700,114116,,,,
20250908,138930,BNK금융지주,14560,70,443350,,,,
20250908,139130,iM금융지주,13660,70,268265,,,,
20250908,139480,이마트,76600,-1400,130213,,,,
20250908,139990,아주스틸,3880,35,21028,,,,
20250908,143210,핸즈코퍼레이션,1615,-45,13677,,,,
20250908,145210,다이나믹디자인,7430,-130,19497,,,,
20250908,145270,케이탑리츠,961,6,48848,,,,
20250908,145720,덴티움,56300,600,31197,,,,
20250908,145990,삼양사,49050,650,6608,,,,
20250908,145995,삼양사우,34950,250,1031,,,,
20250908,155660,DSR,3685,-5,41844,,,,
20250908,161000,애경케미칼,10780,-100,138563,,,,
20250908,161390,한국타이어앤테크놀로지,39300,0,175005,,,,
20250908,161890,한국콜마,76800,1000,150729,,,,
20250908,163560,동일고무벨트,6980,0,16155,,,,
20250908,170900,동아에스티,43680,1144,26888,,,,
20250908,175330,JB금융지주,23700,150,246285,,,,
20250908,178920,PI첨단소재,17370,100,43428,,,,
20250908,180640,한진칼,109400,200,33303,,,,
20250908,18064K,한진칼우,36550,-250,2040,,,,
20250908,181710,NHN,25450,550,34312,,,,
20250908,183190,아세아시멘트,13710,380,130006,,,,
20250908,185750,종근당,81400,200,15760,,,,
20250908,192080,더블유게임즈,53200,400,33628,,,,
20250908,192400,쿠쿠홀딩스,34450,-150,23759,,,,
20250908,192650,드림텍,6460,-40,77175,,,,
20250908,192820,코스맥스,212000,-2000,42144,,,,
20250908,194370,제이에스코퍼레이션,11100,180,89929,,,,
20250908,195870,해성디에스,22600,150,51247,,,,
20250908,200880,서연이화,11630,-120,57796,,,,
20250908,204320,HL만도,34200,-1050,428361,,,,
20250908,207940,삼성바이오로직스,1517368,1472,22239,,,,
20250908,210540,디와이파워,12650,-40,29041,,,,
20250908,210980,SK디앤디,10170,-10,126575,,,,
20250908,213500,한솔제지,8630,0,21551,,,,
20250908,214320,이노션,18270,-30,35219,,,,
20250908,214330,금호에이치티,16484,28,9895,,,,
20250908,214390,경보제약,4990,55,17976,,,,
20250908,214420,토니모리,10440,330,210196,,,,
20250908,226320,잇츠한불,12530,270,10408,,,,
20250908,227840,현대코퍼레이션홀딩스,12540,140,11800,,,,
20250908,229640,LS에코에너지,39000,-100,74940,,,,
20250908,234080,JW생명과학,11870,140,21265,,,,
20250908,241560,두산밥캣,54000,300,145099,,,,
20250908,241590,화승엔터프라이즈,6930,140,129228,,,,
20250908,244920,에이플러스에셋,7150,210,86297,,,,
20250908,248070,솔루엠,19350,230,817354,,,,
20250908,248170,샘표식품,26700,450,7121,,,,
20250908,249420,일동제약,21700,-800,1180831,,,,
20250908,251270,넷마블,64400,3600,395570,,,,
20250908,259960,크래프톤,324500,-1500,66412,,,,
20250908,264900,크라운제과,9410,-30,11191,,,,
20250908,26490K,크라운제과우,9550,-80,888,,,,
20250908,267250,HD현대,143300,-1400,117801,,,,
20250908,267260,HD현대일렉트릭,509000,-8000,91563,,,,
20250908,267270,HD건설기계,93600,800,144327,,,,
20250908,267290,경동도시가스,20050,0,4524,,,,
20250908,267850,아시아나IDT,11610,90,9737,,,,
20250908,268280,미원에스씨,139400,-800,447,,,,
20250908,271560,오리온,106200,-2200,105437,,,,
20250908,271940,일진하이솔루스,16910,20,26198,,,,
20250908,271980,제일약품,13840,90,20102,,,,
20250908,272210,한화시스템,51900,-500,548561,,,,
20250908,272450,진에어,8370,10,33543,,,,
20250908,272550,삼양패키징,13250,-30,6799,,,,
20250908,278470,에이피알,223000,7500,270657,,,,
20250908,280360,롯데웰푸드,112600,-100,8370,,,,
20250908,281820,케이씨텍,33500,1650,97890,,,,
20250908,282330,BGF리테일,110000,-700,23966,,,,
20250908,284740,쿠쿠홈시스,27100,0,19310,,,,
20250908,285130,SK케미칼,60700,200,29435,,,,
20250908,28513K,SK케미칼우,26050,-300,5916,,,,
20250908,286940,롯데이노베이트,21150,450,11544,,,,
20250908,293480,하나제약,11770,-20,9434,,,,
20250908,293940,신한알파리츠,5650,60,276406,,,,
20250908,294870,IPARK현대산업개발,20400,-50,326822,,,,
20250908,298000,효성화학,77800,0,0,,,,
20250908,298020,효성티앤씨,214500,-3500,9722,,,,
20250908,298040,효성중공업,1204000,-28000,50917,,,,
20250908,298050,HS효성첨단소재,191600,-1700,5206,,,,
20250908,298690,에어부산,1991,-3,58621,,,,
20250908,300720,한일시멘트,20500,950,118939,,,,
20250908,302440,SK바이오사이언스,49350,-750,128322,,,,
20250908,306200,세아제강,131300,500,3037,,,,
20250908,307950,현대오토에버,169100,2900,63076,,,,
20250908,308170,씨티알모빌리티,5160,-20,1603,,,,
20250908,316140,우리금융지주,24250,-50,1234920,,,,
20250908,317400,자이에스앤디,3520,85,64341,,,,
20250908,322000,HD현대에너지솔루션,52400,4900,587662,,,,
20250908,323410,카카오뱅크,23550,0,468525,,,,
20250908,326030,SK바이오팜,109500,300,181413,,,,
20250908,329180,HD현대중공업,511000,-2000,130154,,,,
20250908,330590,롯데리츠,4045,95,817835,,,,
20250908,334890,이지스밸류플러스리츠,4135,35,201726,,,,
20250908,336260,두산퓨얼셀,25150,100,454041,,,,
20250908,33626K,두산퓨얼셀1우,6610,-190,22641,,,,
20250908,33626L,두산퓨얼셀2우B,11000,170,5215,,,,
20250908,336370,솔루스첨단소재,7780,150,85285,,,,
20250908,33637K,솔루스첨단소재1우,1748,22,14975,,,,
20250908,33637L,솔루스첨단소재2우B,3590,-110,9650,,,,
20250908,338100,NH프라임리츠,4660,35,35895,,,,
20250908,339770,교촌에프앤비,4830,-45,10850,,,,
20250908,344820,KCC글라스,29500,600,56620,,,,
20250908,348950,제이알글로벌리츠,3000,125,1480379,,,,
20250908,350520,이지스레지던스리츠,4010,30,68639,,,,
20250908,352820,하이브,292000,1500,101589,,,,
20250908,353200,대덕전자,23650,250,449980,,,,
20250908,35320K,대덕전자1우,8880,10,6549,,,,
20250908,357120,코람코라이프인프라리츠,4395,20,172433,,,,
20250908,357250,미래에셋맵스리츠,2755,65,142057,,,,
20250908,357430,마스턴프리미어리츠,1548,3,39220,,,,
20250908,361610,SK아이이테크놀로지,27400,-150,56662,,,,
20250908,363280,티와이홀딩스,3025,50,71682,,,,
20250908,36328K,티와이홀딩스우,5360,0,1073,,,,
20250908,365550,ESR켄달스퀘어리츠,4600,60,521834,,,,
20250908,372910,한컴라이프케어,2710,20,69880,,,,
20250908,373220,LG에너지솔루션,343500,500,185815,,,,
20250908,375500,DL이앤씨,43700,450,94343,,,,
20250908,37550K,DL이앤씨우,19500,540,6766,,,,
20250908,37550L,DL이앤씨2우(전환),30050,150,1467,,,,
20250908,377190,디앤디플랫폼리츠,3320,35,96852,,,,
20250908,377300,카카오페이,51600,200,647961,,,,
20250908,377740,바이오노트,6100,430,260781,,,,
20250908,378850,화승알앤에이,3900,900,11738910,,,,
20250908,381970,케이카,16110,30,52455,,,,
20250908,383220,F&F,68800,-300,38550,,,,
20250908,383800,LX홀딩스,7990,40,199002,,,,
20250908,38380K,LX홀딩스1우,8620,0,746,,,,
20250908,395400,SK리츠,5180,90,415510,,,,
20250908,396690,미래에셋글로벌리츠,2780,25,105346,,,,
20250908,400760,NH올원리츠,3345,45,138754,,,,
20250908,402340,SK스퀘어,153600,800,190095,,,,
20250908,403550,쏘카,12460,540,18285,,,,
20250908,404990,신한서부티엔디리츠,3475,10,123098,,,,
20250908,415640,KB발해인프라,8880,0,116180,,,,
20250908,417310,코람코더원리츠,5720,20,76459,,,,
20250908,432320,KB스타리츠,3925,20,87787,,,,
20250908,439260,대한조선,78200,-2200,262863,,,,
20250908,443060,HD현대마린솔루션,220000,0,82164,,,,
20250908,446070,유니드비티플러스,3900,10,20724,,,,
20250908,448730,삼성FN리츠,4355,35,91752,,,,
20250908,450080,에코프로머티,49400,-400,173700,,,,
20250908,451800,한화리츠,4025,65,404370,,,,
20250908,452260,한화갤러리아,1130,0,268673,,,,
20250908,45226K,한화갤러리아우,2210,25,1365,,,,
20250908,453340,현대그린푸드,15900,-90,9564,,,,
20250908,454910,두산로보틱스,61700,200,111473,,,,
20250908,456040,OCI,54200,300,15894,,,,
20250908,457190,이수스페셜티케미컬,44300,100,188144,,,,
20250908,460850,동국씨엠,5580,150,45929,,,,
20250908,460860,동국제강,9600,250,162865,,,,
20250908,462520,조선내화,13410,40,2208,,,,
20250908,462870,시프트업,41700,-650,80749,,,,
20250908,465770,STX그린로지스,7750,20,29199,,,,
20250908,475150,SK이터닉스,21900,1200,1143052,,,,
20250908,475560,더본코리아,25500,-50,27691,,,,
20250908,480370,씨케이솔루션,3408,-44,49579,,,,
20250908,481850,신한글로벌액티브리츠,1440,6,53826,,,,
20250908,483650,달바글로벌,163000,1100,117322,,,,
20250908,484870,엠앤씨솔루션,69333,1000,48030,,,,
20250908,487570,HS효성,55900,200,8546,,,,
20250908,489790,한화비전,57700,0,272454,,,,
20250908,499790,GS피앤엘,54500,-1200,118331,,,,
20250908,900140,엘브이엠씨홀딩스,1751,-25,372942,,,,
20250908,950210,프레스티지바이오파마,14770,0,162228,,,,
20250909,000020,동화약품,6390,0,27482,,,,
20250909,000040,KR모터스,2635,-45,71500,,,,
20250909,000050,경방,7390,220,50111,,,,
20250909,000070,삼양홀딩스,58122,935,17214,,,,
20250909,000080,하이트진로,19240,60,116692,,,,
20250909,000087,하이트진로2우B,15590,30,11790,,,,
20250909,000100,유한양행,119900,-1800,296329,,,,
20250909,000105,유한양행우,106700,-1100,2107,,,,
20250909,000120,CJ대한통운,83500,400,32965,,,,
20250909,000140,하이트진로홀딩스,10220,120,10815,,,,
20250909,000145,하이트진로홀딩스우,11840,60,11,,,,
20250909,000150,두산,608000,12000,132318,,,,
20250909,000155,두산우,360500,8000,26595,,,,
20250909,000157,두산2우B,376000,4000,2100,,,,
20250909,000180,성창기업지주,8505,-75,10493,,,,
20250909,000210,DL,38800,450,65999,,,,
20250909,000215,DL우,22750,150,2951,,,,
20250909,000220,유유제약,4325,-5,19328,,,,
20250909,000225,유유제약1우,4790,5,1816,,,,
20250909,000227,유유제약2우B,10420,-40,145,,,,
20250909,000230,일동홀딩스,8750,10,37662,,,,
20250909,000240,한국앤컴퍼니,24250,350,55540,,,,
20250909,000270,기아,105500,600,599237,,,,
20250909,000300,DH오토넥스,4200,0,0,,,,
20250909,000320,노루홀딩스,34900,-150,73785,,,,
20250909,000325,노루홀딩스우,34850,550,260,,,,
20250909,000370,한화손해보험,5690,220,625694,,,,
20250909,000390,SP삼화,6200,40,71439,,,,
20250909,000400,롯데손해보험,1619,19,133981,,,,
20250909,000430,대원강업,3940,-55,58005,,,,
20250909,000480,CR홀딩스,5010,20,21706,,,,
20250909,000490,대동,9890,-50,64674,,,,
20250909,000500,가온전선,32174,-500,36490,,,,
20250909,000520,삼일제약,11700,130,190791,,,,
20250909,000540,흥국화재,4195,125,155544,,,,
20250909,000545,흥국화재우,7440,80,5380,,,,
20250909,000590,CS홀딩스,92500,2400,15789,,,,
20250909,000640,동아쏘시오홀딩스,107805,292,9689,,,,
20250909,000650,천일고속,40550,50,25,,,,
20250909,000660,SK하이닉스,288000,11000,4158342,,,,
20250909,000670,영풍,38184,486,27025,,,,
20250909,000680,LS네트웍스,3915,10,275723,,,,
20250909,000700,유수홀딩스,5730,0,26108,,,,
20250909,000720,현대건설,59100,-1000,553406,,,,
20250909,000725,현대건설우,53400,200,2654,,,,
20250909,000760,이화산업,12470,320,203,,,,
20250909,000810,삼성화재,465500,5500,112792,,,,
20250909,000815,삼성화재우,352500,8000,10668,,,,
20250909,000850,화천기공,30350,100,3010,,,,
20250909,000860,강남제비스코,12140,110,34398,,,,
20250909,000880,한화,103361,601,200134,,,,
20250909,00088K,한화3우B,36246,504,38826,,,,
20250909,000890,보해양조,2305,10,68630,,,,
20250909,000910,유니온,4535,-20,35768,,,,
20250909,000950,전방,33300,400,1311,,,,
20250909,000970,한국주철관,7110,60,13778,,,,
20250909,000990,DB하이텍,46400,1300,173816,,,,
20250909,001020,페이퍼코리아,3665,0,2168,,,,
20250909,001040,CJ,187400,0,197013,,,,
20250909,001045,CJ우,99000,300,4854,,,,
20250909,00104K,CJ4우(전환),157500,1700,19045,,,,
20250909,001060,JW중외제약,22550,50,50176,,,,
20250909,001065,JW중외제약우,28500,-200,369,,,,
20250909,001067,JW중외제약2우B,58400,-300,73,,,,
20250909,001070,대한방직,6530,-30,11100,,,,
20250909,001080,만호제강,2915,-5,9120,,,,
20250909,001120,LX인터내셔널,30050,-50,92194,,,,
20250909,001130,대한제분,14490,120,22080,,,,
20250909,001200,유진투자증권,3520,120,1346948,,,,
20250909,001210,금호전기,4360,-270,318817,,,,
20250909,001230,동국홀딩스,1694,27,125328,,,,
20250909,001250,GS글로벌,2550,5,264927,,,,
20250909,001260,남광토건,8870,-80,20000,,,,
20250909,001270,부국증권,75400,5600,1066581,,,,
20250909,001275,부국증권우,26550,550,13825,,,,
20250909,001290,상상인증권,824,143,28823826,,,,
20250909,001340,PKC,5850,60,27888,,,,
20250909,001360,삼성제약,1764,84,1130884,,,,
20250909,001380,SG글로벌,3257,-49,87866,,,,
20250909,001390,KG케미칼,4790,60,200995,,,,
20250909,001420,태원물산,3460,-75,4692,,,,
20250909,001430,세아베스틸지주,27650,-250,64444,,,,
20250909,001440,대한전선,15410,570,1508424,,,,
20250909,001450,현대해상,27650,0,433223,,,,
20250909,001460,BYC,40550,250,3368,,,,
20250909,001465,BYC우,26200,600,3119,,,,
20250909,001470,삼부토건,347,0,0,,,,
20250909,001500,현대차증권,8580,220,454128,,,,
20250909,001510,SK증권,1351,54,4759180,,,,
20250909,001515,SK증권우,4060,20,2922,,,,
20250909,001520,동양,1278,8,64034,,,,
20250909,001525,동양우,8100,-40,29,,,,
20250909,001527,동양2우B,16700,140,124,,,,
20250909,001530,DI동일,33524,238,29978,,,,
20250909,001550,조비,12650,90,10137,,,,
20250909,001560,제일연마,10550,60,10860,,,,
20250909,001570,금양,9900,0,0,,,,
20250909,001620,케이비아이동국실업,2410,-20,36864,,,,
20250909,001630,종근당홀딩스,49000,400,3284,,,,
20250909,001680,대상,22650,100,76611,,,,
20250909,001685,대상우,16750,40,9624,,,,
20250909,001720,신영증권,146300,3300,149477,,,,
20250909,001740,SK네트웍스,4440,45,145361,,,,
20250909,001750,한양증권,17870,550,96880,,,,
20250909,001755,한양증권우,16910,70,7883,,,,
20250909,001770,SHD,17150,-180,1195,,,,
20250909,001780,알루코,2200,10,180896,,,,
20250909,001790,대한제당,2975,25,91146,,,,
20250909,001795,대한제당우,2475,10,9364,,,,
20250909,001800,오리온홀딩스,20800,150,75525,,,,
20250909,001820,삼화콘덴서,32800,0,206285,,,,
20250909,001940,KISCO홀딩스,26300,350,8550,,,,
20250909,002020,코오롱,45850,1750,295966,,,,
20250909,002025,코오롱우,22450,400,6275,,,,
20250909,002030,아세아,352500,-2000,1487,,,,
20250909,002070,비비안,15103,-198,5009,,,,
20250909,002100,경농,9430,-30,13054,,,,
20250909,002140,고려산업,2725,0,41435,,,,
20250909,002150,도화엔지니어링,6580,10,14042,,,,
20250909,002170,SYTS,54800,300,1040,,,,
20250909,002200,한국수출포장,2905,-5,16743,,,,
20250909,002210,동성제약,1946,0,0,,,,
20250909,002220,한일철강,3220,165,238231,,,,
20250909,002240,고려제강,17610,70,5646,,,,
20250909,002310,아세아제지,8050,150,91537,,,,
20250909,002320,한진,20800,100,4986,,,,
20250909,002350,넥센타이어,6150,-40,205971,,,,
20250909,002355,넥센타이어1우B,3250,-5,3498,,,,
20250909,002360,SH에너지화학,4330,10,18996,,,,
20250909,002380,KCC,413000,2000,22448,,,,
20250909,002390,한독,11780,-20,11649,,,,
20250909,002410,범양건영,1935,0,0,,,,
20250909,002420,세기상사,5290,-60,1858,,,,
20250909,002450,삼익악기,1256,-4,77688,,,,
20250909,002460,HS화성,10320,120,11491,,,,
20250909,002600,조흥,155500,1100,106,,,,
20250909,002620,제일파마홀딩스,8810,10,2737,,,,
20250909,002630,오리엔트바이오,1300,54,2532211,,,,
20250909,002690,동일제강,1605,8,13494,,,,
20250909,002700,신일전자,1327,1,200520,,,,
20250909,002710,TCC스틸,17110,340,123977,,,,
20250909,002720,국제약품,4550,-15,45177,,,,
20250909,002760,보락,1036,-3,87706,,,,
20250909,002780,진흥기업,731,-3,150093,,,,
20250909,002785,진흥기업우B,3365,30,16,,,,
20250909,002787,진흥기업2우B,7610,-70,294,,,,
20250909,002790,아모레퍼시픽홀딩스,27400,150,59075,,,,
20250909,002795,아모레퍼시픽홀딩스우,11250,20,7896,,,,
20250909,00279K,아모레퍼시픽홀딩스3우C,21550,250,9667,,,,
20250909,002810,삼영무역,15930,100,13796,,,,
20250909,002820,SUN&L,2580,10,24401,,,,
20250909,002840,미원상사,149300,0,2281,,,,
20250909,002870,신풍,1062,14,112113,,,,
20250909,002880,디와이에이,1092,1,28668,,,,
20250909,002900,TYM,6100,130,551820,,,,
20250909,002920,유성기업,2135,-15,12546,,,,
20250909,002960,한국쉘석유,418500,-2500,1557,,,,
20250909,002990,금호건설,4010,-70,175167,,,,
20250909,002995,금호건설우,11680,-220,2363,,,,
20250909,003000,부광약품,3550,10,348371,,,,
20250909,003010,혜인,5430,20,127588,,,,
20250909,003030,세아제강지주,178500,1300,9190,,,,
20250909,003060,에이프로젠바이오로직스,623,-24,566354,,,,
20250909,003070,코오롱글로벌,9210,-20,7317,,,,
20250909,003075,코오롱글로벌우,14530,-60,1541,,,,
20250909,003080,SB성보,2805,0,9962,,,,
20250909,003090,대웅,24450,350,137867,,,,
20250909,0030R0,대신밸류리츠,4350,75,50422,,,,
20250909,003120,일성아이에스,25500,500,36796,,,,
20250909,003160,디아이,14060,480,430375,,,,
20250909,003200,일신방직,10020,10,11480,,,,
20250909,003220,대원제약,13020,-20,12803,,,,
20250909,003230,삼양식품,1542000,-8000,28137,,,,
20250909,003240,태광산업,874000,12000,729,,,,
20250909,003280,흥아해운,1650,10,906758,,,,
20250909,003300,한일홀딩스,17540,-60,14702,,,,
20250909,003350,한국화장품제조,11980,120,197005,,,,
20250909,003460,유화증권,2770,40,156119,,,,
20250909,003465,유화증권우,2670,70,6168,,,,
20250909,003470,유안타증권,3595,160,1129366,,,,
20250909,003475,유안타증권우,3600,100,34168,,,,
20250909,003480,한진중공업홀딩스,4860,60,113313,,,,
20250909,003490,대한항공,23600,50,905888,,,,
20250909,003495,대한항공우,23850,-50,1185,,,,
20250909,003520,영진약품,2015,-25,452133,,,,
20250909,003530,한화투자증권,6020,300,5247998,,,,
20250909,003535,한화투자증권우,7980,330,25748,,,,
20250909,003540,대신증권,28950,1650,584007,,,,
20250909,003545,대신증권우,21550,500,127686,,,,
20250909,003547,대신증권2우B,19860,390,38974,,,,
20250909,003550,LG,77200,1300,136280,,,,
20250909,003555,LG우,64000,500,23163,,,,
20250909,003570,SNT다이내믹스,58400,-1200,80617,,,,
20250909,003580,HLB글로벌,2155,-50,99377,,,,
20250909,003610,방림,4870,95,57196,,,,
20250909,003620,KG모빌리티,3300,35,161391,,,,
20250909,003650,미창석유,107100,-200,535,,,,
20250909,003670,포스코퓨처엠,133000,200,258758,,,,
20250909,003680,한성기업,5600,50,44604,,,,
20250909,003690,코리안리,11140,140,260980,,,,
20250909,003720,삼영,5250,0,284690,,,,
20250909,003780,진양산업,6660,10,101651,,,,
20250909,003830,대한화섬,124800,300,55,,,,
20250909,003850,보령,8670,10,65996,,,,
20250909,003920,남양유업,56400,100,2235,,,,
20250909,003925,남양유업우,34250,200,3009,,,,
20250909,003960,사조대림,41200,0,17786,,,,
20250909,004000,롯데정밀화학,46000,650,85620,,,,
20250909,004020,현대제철,36000,550,522051,,,,
20250909,004060,SG세계물산,3210,-10,44241,,,,
20250909,004080,신흥,13900,0,971,,,,
20250909,004090,한국석유,13810,0,22434,,,,
20250909,004100,태양금속,2120,-10,96352,,,,
20250909,004105,태양금속우,3105,-25,5511,,,,
20250909,004140,동방,3270,65,11115810,,,,
20250909,004150,한솔홀딩스,3200,45,163771,,,,
20250909,004170,신세계,173100,2500,34842,,,,
20250909,004250,NPC,4145,-35,22329,,,,
20250909,004255,NPC우,2470,25,2415,,,,
20250909,004270,남성,8172,15,1099,,,,
20250909,004310,현대약품,3960,-35,141687,,,,
20250909,004360,세방,13880,130,32779,,,,
20250909,004365,세방우,8900,40,14386,,,,
20250909,004370,농심,408000,-5000,27743,,,,
20250909,004380,삼익THK,13000,0,0,,,,
20250909,004410,서울식품,1550,0,64956,,,,
20250909,004415,서울식품우,12490,180,116,,,,
20250909,004430,송원산업,10230,30,16678,,,,
20250909,004440,삼일씨엔에스,4970,5,4428,,,,
20250909,004450,삼화왕관,35000,-350,1443,,,,
20250909,004490,세방전지,62600,400,20312,,,,
20250909,004540,깨끗한나라,2070,-15,53297,,,,
20250909,004545,깨끗한나라우,11840,210,409,,,,
20250909,004560,현대비앤지스틸,11600,-20,23553,,,,
20250909,004690,삼천리,131000,2300,8830,,,,
20250909,004700,조광피혁,67000,1500,10741,,,,
20250909,004710,한솔테크닉스,5409,0,0,,,,
20250909,004720,팜젠사이언스,4500,-10,48459,,,,
20250909,004770,써니전자,1626,7,129559,,,,
20250909,004800,효성,87600,3100,44455,,,,
20250909,004830,덕성,5510,-20,137440,,,,
20250909,004835,덕성우,7470,-40,20241,,,,
20250909,004840,DRB동일,4990,-10,60375,,,,
20250909,004870,티웨이홀딩스,2754,-28,63771,,,,
20250909,004890,동일산업,41700,0,428,,,,
20250909,004910,조광페인트,6010,-30,297511,,,,
20250909,004920,씨아이테크,1150,-10,48759,,,,
20250909,004960,한신공영,8040,-100,24037,,,,
20250909,004970,신라교역,9290,90,7859,,,,
20250909,004980,성신양회,10660,170,113049,,,,
20250909,004985,성신양회우,11650,140,570,,,,
20250909,004990,롯데지주,31150,850,414372,,,,
20250909,00499K,롯데지주우,32250,550,306,,,,
20250909,005010,휴스틸,4200,45,256207,,,,
20250909,005030,부산주공,486,0,0,,,,
20250909,005070,코스모신소재,41350,400,175575,,,,
20250909,005090,SGC에너지,23300,200,10220,,,,
20250909,005110,한창,1254,0,0,,,,
20250909,005180,빙그레,71100,-600,26241,,,,
20250909,005250,녹십자홀딩스,15570,20,36481,,,,
20250909,005257,녹십자홀딩스2우,27000,-300,1569,,,,
20250909,005300,롯데칠성,117700,-300,12504,,,,
20250909,005305,롯데칠성우,71800,500,348,,,,
20250909,005320,온타이드,1076,12,75061,,,,
20250909,005360,모나미,2170,-10,381262,,,,
20250909,005380,현대차,219000,500,407652,,,,
20250909,005385,현대차우,168700,1700,57525,,,,
20250909,005387,현대차2우B,173000,2500,68887,,,,
20250909,005389,현대차3우B,168300,1300,10089,,,,
20250909,005420,코스모화학,15910,-20,87627,,,,
20250909,005430,한국공항,71500,700,10058,,,,
20250909,005440,현대지에프홀딩스,7850,0,141359,,,,
20250909,005490,POSCO홀딩스,284000,4500,276809,,,,
20250909,005500,삼진제약,19150,180,26555,,,,
20250909,005610,삼립,54500,500,5565,,,,
20250909,005680,삼영전자,10580,-20,14285,,,,
20250909,005690,파미셀,11440,60,734636,,,,
20250909,005720,넥센,6090,160,41850,,,,
20250909,005725,넥센우,4570,75,3654,,,,
20250909,005740,크라운해태홀딩스,7210,70,41068,,,,
20250909,005745,크라운해태홀딩스우,8140,0,369,,,,
20250909,005750,대림바스,4650,115,138816,,,,
20250909,005800,신영와코루,14370,10,2005,,,,
20250909,005810,풍산홀딩스,40050,-100,24011,,,,
20250909,005820,원림,14060,50,210,,,,
20250909,005830,DB손해보험,139600,500,175759,,,,
20250909,005850,에스엘,33450,150,88936,,,,
20250909,005870,휴니드,8260,-70,39271,,,,
20250909,005880,대한해운,1750,4,907038,,,,
20250909,005930,삼성전자,71500,1400,14870245,,,,
20250909,005935,삼성전자우,58400,900,1557757,,,,
20250909,005940,NH투자증권,20200,850,1378024,,,,
20250909,005945,NH투자증권우,17690,470,108248,,,,
20250909,005950,이수화학,5600,0,15395,,,,
20250909,005960,동부건설,6310,20,327845,,,,
20250909,005965,동부건설우,19310,-270,669,,,,
20250909,006040,동원산업,47300,3200,117187,,,,
20250909,006060,화승인더,4460,125,75613,,,,
20250909,006090,사조오양,9950,-240,10662,,,,
20250909,006110,삼아알미늄,22850,250,35305,,,,
20250909,006120,SK디스커버리,54300,1600,16567,,,,
20250909,006125,SK디스커버리우,36900,600,1868,,,,
20250909,006200,한국전자홀딩스,3505,5,7563,,,,
20250909,006220,제주은행,13990,370,250127,,,,
20250909,006260,LS,179400,2000,113199,,,,
20250909,006280,녹십자,132600,-1200,21906,,,,
20250909,006340,대원전선,2840,35,730416,,,,
20250909,006345,대원전선우,3620,0,5002,,,,
20250909,006360,GS건설,19200,30,248490,,,,
20250909,006370,대구백화점,6670,-30,29136,,,,
20250909,006380,카프로,3660,0,0,,,,
20250909,006400,삼성SDI,201500,1600,307287,,,,
20250909,006405,삼성SDI우,131200,1700,2899,,,,
20250909,006490,프리티,4275,525,1495259,,,,
20250909,006570,대림통상,2670,25,5441,,,,
20250909,006650,대한유화,124200,900,30756,,,,
20250909,006660,삼성공조,13500,240,52642,,,,
20250909,006740,블루산업개발,2396,-12,41905,,,,
20250909,006800,미래에셋증권,21905,2291,7336940,,,,
20250909,006805,미래에셋증권우,9678,749,301275,,,,
20250909,00680K,미래에셋증권2우B,9049,567,1405239,,,,
20250909,006840,AK홀딩스,11340,-180,4934,,,,
20250909,006880,신송홀딩스,6920,-30,42879,,,,
20250909,006890,태경케미컬,9560,260,33804,,,,
20250909,006980,우성,17400,20,492,,,,
20250909,007070,GS리테일,16400,-150,80838,,,,
20250909,007110,일신석재,2035,10,366205,,,,
20250909,007120,미래아이앤지,925,0,37096,,,,
20250909,007160,사조산업,49350,-150,11934,,,,
20250909,007210,벽산,2210,-90,182684,,,,
20250909,007280,한국특강,3062,-4,29164,,,,
20250909,007310,오뚜기,391000,1000,2993,,,,
20250909,007340,DN오토모티브,25050,50,44884,,,,
20250909,007460,에이프로젠,700,-45,6792440,,,,
20250909,007540,샘표,49100,-1300,7314,,,,
20250909,007570,일양약품,14588,-135,22452,,,,
20250909,007575,일양약품우,15095,94,97,,,,
20250909,007590,동방아그로,6190,0,3273,,,,
20250909,007610,선도전기,3000,0,0,,,,
20250909,007660,이수페타시스,72300,3200,5705955,,,,
20250909,007690,국도화학,37400,500,10607,,,,
20250909,007700,F&F홀딩스,20500,150,34578,,,,
20250909,007810,코리아써키트,15130,2030,1392291,,,,
20250909,007815,코리아써우,6580,430,81327,,,,
20250909,00781K,코리아써키트2우B,6340,170,1064,,,,
20250909,007860,서연,9280,160,32315,,,,
20250909,007980,TP,1735,-5,618307,,,,
20250909,008040,사조동아원,1102,-3,166518,,,,
20250909,008060,대덕,8140,50,66956,,,,
20250909,00806K,대덕1우,8240,110,5980,,,,
20250909,008250,이건산업,4925,5,16641,,,,
20250909,008260,NI스틸,3785,85,194070,,,,
20250909,008350,남선알미늄,1144,11,305641,,,,
20250909,008355,남선알미우,12610,-370,903,,,,
20250909,008420,문배철강,2315,105,4264079,,,,
20250909,008490,서흥,29100,150,78666,,,,
20250909,008600,윌비스,3619,31,21988,,,,
20250909,008700,아남전자,1331,-3,169392,,,,
20250909,008730,율촌화학,30550,300,42620,,,,
20250909,008770,호텔신라,49050,550,251180,,,,
20250909,008775,호텔신라우,41950,350,810,,,,
20250909,008870,금비,59300,1900,18929,,,,
20250909,008930,한미사이언스,38700,-550,317689,,,,
20250909,008970,KBI동양철관,2629,0,0,,,,
20250909,009070,KCTC,5660,20,1243747,,,,
20250909,009140,경인전자,20350,-450,2129,,,,
20250909,009150,삼성전기,180300,1600,336513,,,,
20250909,009155,삼성전기우,81500,1100,21644,,,,
20250909,009160,SIMPAC,4470,-10,66139,,,,
20250909,009180,한솔로지스틱스,2855,45,83451,,,,
20250909,009190,대양금속,1630,-3,323110,,,,
20250909,009200,무림페이퍼,2060,0,246689,,,,
20250909,009240,한샘,42950,300,18477,,,,
20250909,009270,신원,1639,-1,673116,,,,
20250909,009290,광동제약,6070,-50,54806,,,,
20250909,009310,참엔지니어링,1270,1,10561,,,,
20250909,009320,아진전자부품,1068,5,44981,,,,
20250909,009410,태영건설,1800,-35,610744,,,,
20250909,009415,태영건설우,4990,-90,114,,,,
20250909,009420,한올바이오파마,33400,-500,411124,,,,
20250909,009440,KC그린홀딩스,756,0,0,,,,
20250909,009450,경동나비엔,80300,-2200,82680,,,,
20250909,009460,한창제지,3220,0,16559,,,,
20250909,009470,삼화전기,27150,250,40459,,,,
20250909,009540,HD한국조선해양,414000,-10500,265438,,,,
20250909,009580,무림P&P,2625,0,84175,,,,
20250909,009680,모토닉,10470,50,23204,,,,
20250909,009770,삼정펄프,27200,50,1162,,,,
20250909,009810,MDS스피어,3385,40,13017,,,,
20250909,009830,한화솔루션,27306,-189,580311,,,,
20250909,009835,한화솔루션우,19870,-406,11258,,,,
20250909,009900,명신산업,9030,250,123439,,,,
20250909,009970,영원무역홀딩스,133400,900,10803,,,,
20250909,010040,한국내화,2270,40,14884,,,,
20250909,010060,OCI홀딩스,97800,200,106711,,,,
20250909,010100,한국무브넥스,4370,30,151243,,,,
20250909,010120,LS ELECTRIC,58500,1000,443255,,,,
20250909,010130,고려아연,891000,0,11992,,,,
20250909,010140,삼성중공업,21050,-200,3711621,,,,
20250909,010400,우진아이엔에스,2840,20,7812,,,,
20250909,010580,에스엠벡셀,1553,-11,23535,,,,
20250909,010640,진양폴리,3482,4,49745,,,,
20250909,010660,화천기계,4670,105,443125,,,,
20250909,010690,화신,8520,-10,245372,,,,
20250909,010770,평화홀딩스,4070,-5,76859,,,,
20250909,010780,아이에스동서,20150,400,18072,,,,
20250909,010820,퍼스텍,4380,-40,462318,,,,
20250909,010950,S-Oil,59700,-300,168967,,,,
20250909,010955,S-Oil우,39250,50,1971,,,,
20250909,010960,삼호개발,3575,75,110583,,,,
20250909,011000,진원생명과학,12450,150,70232,,,,
20250909,011070,LG이노텍,169700,1700,114697,,,,
20250909,011090,에넥스,3185,-55,41641,,,,
20250909,011150,CJ씨푸드,2890,20,185750,,,,
20250909,011155,CJ씨푸드1우,16540,-360,636,,,,
20250909,011170,롯데케미칼,66100,2900,227822,,,,
20250909,011200,HMM,23050,0,1737477,,,,
20250909,011210,현대위아,51700,-300,116893,,,,
20250909,011230,삼화전자,4660,490,349266,,,,
20250909,011280,태림포장,2005,0,59172,,,,
20250909,011300,우성머티리얼스,4340,-100,33915,,,,
20250909,011330,유니켐,15990,-400,70786,,,,
20250909,011390,부산산업,81500,0,1709,,,,
20250909,011420,갤럭시아에스엠,2245,5,210722,,,,
20250909,011500,한농화성,14260,140,44805,,,,
20250909,011690,와이투솔루션,3705,-90,632169,,,,
20250909,011700,한신기계,3750,95,587793,,,,
20250909,011760,현대코퍼레이션,22300,0,33832,,,,
20250909,011780,금호석유화학,109800,900,57406,,,,
20250909,011785,금호석유화학우,57000,1300,4404,,,,
20250909,011790,SKC,91925,470,121806,,,,
20250909,011810,STX,3530,0,0,,,,
20250909,011930,신성이엔지,16580,80,245973,,,,
20250909,012030,DB,1605,-15,2448131,,,,
20250909,012160,영흥,2880,-50,97923,,,,
20250909,012170,아센디오,2230,-10,260832,,,,
20250909,012200,계양전기,1365,7,54665,,,,
20250909,012205,계양전기우,3238,-49,2741,,,,
20250909,012280,영화금속,925,5,56667,,,,
20250909,012320,경동인베스트,59200,-100,6607,,,,
20250909,012330,현대모비스,315500,-7500,212611,,,,
20250909,012450,한화에어로스페이스,945000,-6000,164915,,,,
20250909,012610,경인양행,3160,40,17755,,,,
20250909,012630,HDC,21050,-400,95596,,,,
20250909,012690,모나리자,2475,-5,18293,,,,
20250909,012750,에스원,79200,-200,53125,,,,
20250909,012800,대창,1312,-3,279331,,,,
20250909,013000,세우글로벌,1070,24,38926,,,,
20250909,013360,일성건설,1477,-45,815435,,,,
20250909,013520,화승코퍼레이션,1942,-63,709918,,,,
20250909,013570,디와이,4350,35,24200,,,,
20250909,013580,계룡건설,20750,0,62622,,,,
20250909,013700,까뮤이앤씨,1152,-8,99689,,,,
20250909,013870,지엠비코리아,4025,-40,15415,,,,
20250909,013890,지누스,16820,-60,42775,,,,
20250909,014130,한익스프레스,3260,-15,24664,,,,
20250909,014160,대영포장,1166,13,594246,,,,
20250909,014280,금강공업,5630,645,9711810,,,,
20250909,014285,금강공업우,7400,190,3304,,,,
20250909,014440,영보화학,4425,35,31274,,,,
20250909,014530,극동유화,3345,15,56195,,,,
20250909,014580,태경비케이,5000,50,104525,,,,
20250909,014680,한솔케미칼,172500,3400,37773,,,,
20250909,014710,사조씨푸드,9060,20,12228,,,,
20250909,014790,HL D&I,2540,-35,71945,,,,
20250909,014820,동원시스템즈,29300,200,11967,,,,
20250909,014825,동원시스템즈우,17600,0,333,,,,
20250909,014830,유니드,75400,400,15982,,,,
20250909,014910,성문전자,1153,-4,34811,,,,
20250909,014915,성문전자우,4100,-150,9427,,,,
20250909,014990,인디에프,5335,30,79584,,,,
20250909,015020,이스타코,1330,8,118588,,,,
20250909,015230,대창단조,6670,-20,205185,,,,
20250909,015260,에이엔피,535,5,570669,,,,
20250909,015360,INVENI,12600,240,20990,,,,
20250909,015590,DKME,2575,0,0,,,,
20250909,015760,한국전력,38100,500,1468531,,,,
20250909,015860,일진홀딩스,5630,150,109099,,,,
20250909,015890,태경산업,5380,-10,57440,,,,
20250909,016090,대현,1821,2,19387,,,,
20250909,016360,삼성증권,72600,3100,716808,,,,
20250909,016380,KG스틸,5380,60,123184,,,,
20250909,016450,한세예스24홀딩스,4000,80,31207,,,,
20250909,016580,환인제약,10790,250,43375,,,,
20250909,016590,신대양제지,11260,280,21646,,,,
20250909,016610,DB증권,9000,200,186533,,,,
20250909,016710,대성홀딩스,8680,120,16495,,,,
20250909,016740,두올,3580,-75,296344,,,,
20250909,016800,퍼시스,43650,100,502,,,,
20250909,016880,웅진,5000,260,934745,,,,
20250909,017040,광명전기,1099,-6,264320,,,,
20250909,017180,명문제약,1754,-1,47259,,,,
20250909,017370,우신시스템,6880,20,9795,,,,
20250909,017390,서울가스,63000,400,5206,,,,
20250909,017550,수산세보틱스,1903,-7,68363,,,,
20250909,017670,SK텔레콤,54200,100,522785,,,,
20250909,017800,현대엘리베이터,79600,700,133493,,,,
20250909,017810,풀무원,13970,0,101546,,,,
20250909,017860,DS단석,21539,297,81434,,,,
20250909,017900,광전자,1879,-1,12176,,,,
20250909,017940,E1,77100,900,11903,,,,
20250909,017960,한국카본,33250,-2300,835866,,,,
20250909,018250,애경산업,15830,-390,123867,,,,
20250909,018260,삼성에스디에스,161300,7000,369091,,,,
20250909,018470,조일알미늄,1425,9,247987,,,,
20250909,018500,동원모빌리티,1368,-3,233692,,,,
20250909,018670,SK가스,239500,-2500,17163,,,,
20250909,018880,한온시스템,3197,-9,390681,,,,
20250909,019170,신풍제약,12680,60,154430,,,,
20250909,019175,신풍제약우,23150,-50,3274,,,,
20250909,019180,티에이치엔,4830,-160,657489,,,,
20250909,019490,엑시큐어하이트론,683,10,588307,,,,
20250909,019680,대교,2310,-5,43081,,,,
20250909,019685,대교우B,1276,-1,1482,,,,
20250909,020000,한섬,15390,170,23421,,,,
20250909,020120,키다리스튜디오,3805,20,59173,,,,
20250909,020150,롯데에너지머티리얼즈,24300,200,81199,,,,
20250909,020560,아시아나항공,9500,-10,24652,,,,
20250909,020760,일진디스플,903,-2,135720,,,,
20250909,021050,서원,1185,4,67102,,,,
20250909,021240,코웨이,100000,-2000,197928,,,,
20250909,021820,세원정공,10100,100,4590,,,,
20250909,022100,포스코DX,22050,100,125993,,,,
20250909,023000,삼원강재,2440,-5,11426,,,,
20250909,023150,MH에탄올,5180,-40,3924,,,,
20250909,023350,한국종합기술,4880,-45,21343,,,,
20250909,023450,동남합성,31600,-300,904,,,,
20250909,023530,롯데쇼핑,67800,700,51718,,,,
20250909,023590,다우기술,36400,2000,133578,,,,
20250909,023800,인지컨트롤스,5930,-10,63402,,,,
20250909,023810,인팩,6900,100,28476,,,,
20250909,023960,에쓰씨엔지니어링,1169,-19,194460,,,,
20250909,024070,WISCOM,2000,53,9702,,,,
20250909,024090,디씨엠,12580,40,2546,,,,
20250909,024110,기업은행,19150,150,1074932,,,,
20250909,024720,콜마홀딩스,13570,-50,199559,,,,
20250909,024890,대원화성,4295,20,1900,,,,
20250909,024900,디와이덕양,2320,-25,78509,,,,
20250909,025000,KPX케미칼,47541,-95,3063,,,,
20250909,025530,SJM홀딩스,3600,45,7015,,,,
20250909,025540,한국단자,61300,600,10804,,,,
20250909,025560,미래산업,2180,22,256665,,,,
20250909,025620,차AI헬스케어,8190,-310,27474,,,,
20250909,025750,한솔홈데코,3470,15,23377,,,,
20250909,025820,이구산업,4615,10,109825,,,,
20250909,025860,남해화학,6900,20,28954,,,,
20250909,025890,한국주강,2095,291,2888617,,,,
20250909,026890,스틱인베스트먼트,10650,-20,61832,,,,
20250909,026940,부국철강,2425,55,351115,,,,
20250909,026960,동서,27500,50,53204,,,,
20250909,027410,BGF,3960,20,59319,,,,
20250909,027740,마니커,1664,12,44099,,,,
20250909,027970,한국제지,4025,0,11013,,,,
20250909,028050,삼성E&A,28000,0,656717,,,,
20250909,028100,동아지질,14600,0,11859,,,,
20250909,028260,삼성물산,178500,3300,478063,,,,
20250909,02826K,삼성물산우B,121600,1600,8389,,,,
20250909,028670,팬오션,3980,-5,1023202,,,,
20250909,029460,케이씨,23050,550,21890,,,,
20250909,029530,신도리코,46050,300,9122,,,,
20250909,029780,삼성카드,51900,1100,58663,,,,
20250909,030000,제일기획,19810,40,196413,,,,
20250909,030190,NICE평가정보,15390,-360,90559,,,,
20250909,030200,KT,51800,-1300,479655,,,,
20250909,030210,다올투자증권,3640,150,230436,,,,
20250909,030610,교보증권,9680,380,446412,,,,
20250909,030720,동원수산,6030,-150,21059,,,,
20250909,031210,서울보증보험,44300,100,59331,,,,
20250909,031430,신세계인터내셔날,10510,160,77382,,,,
20250909,031820,아이티센씨티에스,6230,80,13243,,,,
20250909,032350,롯데관광개발,16220,-150,434119,,,,
20250909,032560,황금에스티,5740,80,21344,,,,
20250909,032640,LG유플러스,14360,-90,856762,,,,
20250909,032830,삼성생명,157500,7100,381389,,,,
20250909,033240,자화전자,18870,100,43978,,,,
20250909,033250,체시스,5450,-15,29457,,,,
20250909,033270,유나이티드제약,20350,150,28356,,,,
20250909,033530,SJG세종,6270,180,713790,,,,
20250909,033780,KT&G,131900,-2800,520769,,,,
20250909,033920,무학,8020,100,55752,,,,
20250909,034020,두산에너빌리티,62200,1300,4166491,,,,
20250909,034120,SBS,20250,250,30778,,,,
20250909,034220,LG디스플레이,11850,-60,1974260,,,,
20250909,034230,파라다이스,21450,-200,875082,,,,
20250909,034310,NICE,13910,80,38219,,,,
20250909,034590,인천도시가스,26000,100,2640,,,,
20250909,034730,SK,222000,10000,387191,,,,
20250909,03473K,SK우,169500,3900,5115,,,,
20250909,034830,한국토지신탁,1387,-19,3078649,,,,
20250909,035000,HS애드,9070,200,38961,,,,
20250909,035150,백산,14600,0,16817,,,,
20250909,035250,강원랜드,17700,-70,310774,,,,
20250909,035420,NAVER,231000,3000,929473,,,,
20250909,035510,신세계 I&C,15260,-30,46296,,,,
20250909,035720,카카오,59600,400,1361280,,,,
20250909,036420,콘텐트리중앙,10540,-30,53433,,,,
20250909,036460,한국가스공사,39850,200,171154,,,,
20250909,036530,SNT홀딩스,78000,5000,40424,,,,
20250909,036570,NC,200000,2200,59843,,,,
20250909,036580,팜스코,2685,5,19493,,,,
20250909,037270,YG PLUS,8820,-130,992500,,,,
20250909,037560,LG헬로비전,2870,20,120982,,,,
20250909,037710,광주신세계,30250,250,7134,,,,
20250909,039130,하나투어,52000,-200,26865,,,,
20250909,039490,키움증권,231000,18500,256746,,,,
20250909,039570,HDC랩스,8750,20,9477,,,,
20250909,041650,상신브레이크,2830,10,14612,,,,
20250909,042660,한화오션,110000,-900,1777225,,,,
20250909,042700,한미반도체,84000,1200,454764,,,,
20250909,044380,주연테크,2710,-15,200730,,,,
20250909,044450,KSS해운,9570,90,23272,,,,
20250909,044820,코스맥스비티아이,19010,40,27512,,,,
20250909,047040,대우건설,3825,-5,752978,,,,
20250909,047050,포스코인터내셔널,48550,-50,261832,,,,
20250909,047400,유니온머티리얼,1433,3,75045,,,,
20250909,047810,한국항공우주,95100,-2000,360129,,,,
20250909,049800,우진플라임,2130,-35,18388,,,,
20250909,051600,한전KPS,51200,200,77813,,,,
20250909,051630,진양화학,1996,7,35784,,,,
20250909,051900,LG생활건강,293000,-500,40905,,,,
20250909,051905,LG생활건강우,117800,800,6803,,,,
20250909,051910,LG화학,293000,17500,510456,,,,
20250909,051915,LG화학우,141600,6800,41429,,,,
20250909,052690,한전기술,92400,1000,162946,,,,
20250909,053210,스카이라이프,5250,-20,11156,,,,
20250909,053690,한미글로벌,21500,-50,147937,,,,
20250909,055490,테이팩스,15160,200,3646,,,,
20250909,055550,신한지주,65300,900,1327669,,,,
20250909,058430,포스코스틸리온,3755,10,64130,,,,
20250909,058650,세아홀딩스,126700,2200,1376,,,,
20250909,058730,다스코,3000,0,12932,,,,
20250909,058850,KTcs,2900,0,157420,,,,
20250909,058860,KTis,2915,5,100924,,,,
20250909,060980,HL홀딩스,40800,300,22083,,,,
20250909,062040,산일전기,104800,1500,389218,,,,
20250909,063160,종근당바이오,23650,-50,6985,,,,
20250909,064350,현대로템,207500,-3000,488618,,,,
20250909,064400,LG씨엔에스,69500,1300,326020,,,,
20250909,064960,SNT모티브,35600,-350,33672,,,,
20250909,066570,LG전자,75600,400,268395,,,,
20250909,066575,LG전자우,36800,0,47631,,,,
20250909,066970,엘앤에프,62400,0,225090,,,,
20250909,067830,세이브존I&C,2690,10,28983,,,,
20250909,068270,셀트리온,161561,-477,269186,,,,
20250909,068290,삼성출판사,16200,50,4689,,,,
20250909,069260,TKG휴켐스,17690,20,37444,,,,
20250909,069460,대호에이엘,8695,-30,48702,,,,
20250909,069620,대웅제약,143300,-1500,35379,,,,
20250909,069640,한세엠케이,1688,0,19841,,,,
20250909,069730,DSR제강,3910,60,26420,,,,
20250909,069960,현대백화점,77300,2100,109619,,,,
20250909,070960,모나용평,4065,5,66549,,,,
20250909,071050,한국금융지주,141500,9000,392308,,,,
20250909,071055,한국금융지주우,100700,5100,82726,,,,
20250909,071090,하이스틸,4455,120,2595009,,,,
20250909,071320,지역난방공사,81800,400,7739,,,,
20250909,071840,롯데하이마트,8500,30,10787,,,,
20250909,071950,코아스,7870,-610,1345857,,,,
20250909,071970,HD현대마린엔진,88300,-2600,440488,,,,
20250909,072130,유엔젤,5280,0,284965,,,,
20250909,072710,농심홀딩스,80800,700,6900,,,,
20250909,073240,금호타이어,4850,-40,301963,,,,
20250909,074610,이엔플러스,5110,0,0,,,,
20250909,075180,새론오토모티브,3150,10,412,,,,
20250909,075580,세진중공업,23050,-450,5394755,,,,
20250909,077500,유니퀘스트,6380,440,367544,,,,
20250909,077970,STX엔진,44000,-3550,1812958,,,,
20250909,078000,텔코웨어,14680,90,37804,,,,
20250909,078520,에이블씨엔씨,14670,360,528234,,,,
20250909,078930,GS,45950,350,206418,,,,
20250909,078935,GS우,42650,350,5091,,,,
20250909,079160,CJ CGV,4630,-105,377154,,,,
20250909,079430,현대리바트,7240,-20,10050,,,,
20250909,079550,LIG디펜스앤에어로스페이스,473500,-7500,144894,,,,
20250909,079900,전진건설로봇,48300,-450,24790,,,,
20250909,079980,휴비스,2945,5,28109,,,,
20250909,081000,일진다이아,12020,-110,19335,,,,
20250909,081660,미스토홀딩스,41100,0,115789,,,,
20250909,082640,동양생명,7470,20,116123,,,,
20250909,082740,한화엔진,42850,-2250,3704016,,,,
20250909,083420,그린케미칼,7570,140,49365,,,,
20250909,084010,대한제강,10796,14,10005,,,,
20250909,084670,동양고속,8180,50,240,,,,
20250909,084680,이월드,1494,34,94975,,,,
20250909,084690,대상홀딩스,9440,50,38586,,,,
20250909,084695,대상홀딩스우,12550,-70,3176,,,,
20250909,084870,TBH글로벌,1410,6,34949,,,,
20250909,085310,엔케이,13950,50,4692532,,,,
20250909,085620,미래에셋생명,7820,160,538581,,,,
20250909,086280,현대글로비스,185800,-100,224146,,,,
20250909,086790,하나금융지주,83300,1800,683273,,,,
20250909,088260,이리츠코크렙,4725,35,59544,,,,
20250909,088350,한화생명,3240,125,1840650,,,,
20250909,088790,진도,1902,1,28390,,,,
20250909,088980,맥쿼리인프라,11540,10,506104,,,,
20250909,089470,HDC현대EP,4180,55,49749,,,,
20250909,089590,제주항공,6560,10,36130,,,,
20250909,089860,롯데렌탈,29550,400,29091,,,,
20250909,090080,평화산업,1000,-1,181090,,,,
20250909,090350,노루페인트,9930,440,527949,,,,
20250909,090355,노루페인트우,13630,460,3278,,,,
20250909,090370,메타랩스,1271,-6,38480,,,,
20250909,090430,아모레퍼시픽,119600,400,213436,,,,
20250909,090435,아모레퍼시픽우,41300,1150,12737,,,,
20250909,090460,비에이치,18600,-10,412302,,,,
20250909,091810,트리니티항공,1821,33,598601,,,,
20250909,092200,디아이씨,4785,65,382169,,,,
20250909,092220,KEC,3600,55,106348,,,,
20250909,092230,KPX홀딩스,68500,900,2413,,,,
20250909,092440,기신정기,2520,30,75541,,,,
20250909,092780,DYP,4005,-70,20463,,,,
20250909,092790,넥스틸,13090,290,376202,,,,
20250909,093050,LF,18650,400,49772,,,,
20250909,093240,형지엘리트,1487,2,713782,,,,
20250909,093370,후성,5550,70,348459,,,,
20250909,094280,효성ITX,12930,30,7218,,,,
20250909,094800,맵스리얼티,4900,75,108693,,,,
20250909,095570,AJ네트웍스,4310,-10,167038,,,,
20250909,095720,웅진씽크빅,3372,10,93506,,,,
20250909,096760,JW홀딩스,3395,0,24360,,,,
20250909,096770,SK이노베이션,106600,800,201764,,,,
20250909,096775,SK이노베이션우,71300,800,1777,,,,
20250909,097230,HJ중공업,27250,-1950,15633146,,,,
20250909,097520,엠씨넥스,29700,50,19177,,,,
20250909,097950,CJ제일제당,233000,500,47252,,,,
20250909,097955,CJ제일제당 우,141900,-100,3087,,,,
20250909,100090,SK오션플랜트,23900,-1500,4112353,,,,
20250909,100220,비상교육,5430,50,18372,,,,
20250909,100250,진양홀딩스,3132,0,38439,,,,
20250909,100840,SNT에너지,60100,200,166491,,,,
20250909,101140,인바이오젠,12540,90,5327,,,,
20250909,101530,해태제과식품,6690,20,29483,,,,
20250909,102260,동성케미컬,4271,80,120299,,,,
20250909,102460,이연제약,11850,610,100879,,,,
20250909,103140,풍산,120700,200,149355,,,,
20250909,103590,일진전기,36200,100,455026,,,,
20250909,104700,한국철강,10010,10,50856,,,,
20250909,105560,KB금융,109900,3200,969437,,,,
20250909,105630,한세실업,9810,310,203970,,,,
20250909,105840,우진,11350,80,115709,,,,
20250909,107590,미원홀딩스,71000,100,295,,,,
20250909,108320,LX세미콘,52300,500,34964,,,,
20250909,108670,LX하우시스,29300,450,22315,,,,
20250909,108675,LX하우시스우,17460,150,698,,,,
20250909,109070,주성코퍼레이션,873,-9,99261,,,,
20250909,111110,호전실업,7020,10,27004,,,,
20250909,111380,동인기연,14290,60,4861,,,,
20250909,111770,영원무역,58000,-700,44209,,,,
20250909,112610,씨에스윈드,42950,-150,124132,,,,
20250909,114090,GKL,16900,-390,202148,,,,
20250909,117580,대성에너지,8030,10,23601,,,,
20250909,118000,메타케어,3190,-40,42499,,,,
20250909,119650,KC코트렐,918,0,0,,,,
20250909,120030,조선선재,131500,22400,363506,,,,
20250909,120110,코오롱인더,38000,-100,68635,,,,
20250909,120115,코오롱인더우,23200,350,7751,,,,
20250909,122900,아이마켓코리아,8240,50,37130,,,,
20250909,123690,한국화장품,9960,310,156636,,,,
20250909,123700,SJM,3580,0,75907,,,,
20250909,123890,한국자산신탁,2445,5,181140,,,,
20250909,126560,현대퓨처넷,3225,-10,91888,,,,
20250909,126720,수산인더스트리,22800,-50,38425,,,,
20250909,128820,대성산업,4045,20,116938,,,,
20250909,128940,한미약품,290500,-15500,155663,,,,
20250909,129260,인터지스,2715,5,119288,,,,
20250909,130660,한전산업,12300,100,108271,,,,
20250909,133820,화인베스틸,2700,285,7988120,,,,
20250909,134380,미원화학,8550,50,17180,,,,
20250909,134790,시디즈,25400,-50,2147,,,,
20250909,136490,선진,11180,-50,35425,,,,
20250909,137310,에스디바이오센서,10290,-120,86051,,,,
20250909,138040,메리츠금융지주,125900,3500,236285,,,,
20250909,138930,BNK금융지주,15000,440,1033961,,,,
20250909,139130,iM금융지주,13850,190,374476,,,,
20250909,139480,이마트,77400,800,119341,,,,
20250909,139990,아주스틸,3880,0,10119,,,,
20250909,143210,핸즈코퍼레이션,1636,21,13485,,,,
20250909,145210,다이나믹디자인,7540,110,21466,,,,
20250909,145270,케이탑리츠,962,1,37823,,,,
20250909,145720,덴티움,56900,600,39579,,,,
20250909,145990,삼양사,49550,500,17375,,,,
20250909,145995,삼양사우,35000,50,1329,,,,
20250909,155660,DSR,3730,45,14048,,,,
20250909,161000,애경케미칼,10680,-100,212622,,,,
20250909,161390,한국타이어앤테크놀로지,39400,100,164763,,,,
20250909,161890,한국콜마,78200,1400,236907,,,,
20250909,163560,동일고무벨트,6950,-30,19860,,,,
20250909,170900,동아에스티,44205,525,23959,,,,
20250909,175330,JB금융지주,24250,550,418593,,,,
20250909,178920,PI첨단소재,17260,-110,54706,,,,
20250909,180640,한진칼,110600,1200,47496,,,,
20250909,18064K,한진칼우,36550,0,1190,,,,
20250909,181710,NHN,26100,650,26027,,,,
20250909,183190,아세아시멘트,13650,-60,67620,,,,
20250909,185750,종근당,81500,100,19155,,,,
20250909,192080,더블유게임즈,53700,500,38205,,,,
20250909,192400,쿠쿠홀딩스,34100,-350,17873,,,,
20250909,192650,드림텍,6490,30,97670,,,,
20250909,192820,코스맥스,216500,4500,59359,,,,
20250909,194370,제이에스코퍼레이션,11420,320,213118,,,,
20250909,195870,해성디에스,23900,1300,138712,,,,
20250909,200880,서연이화,11650,20,50006,,,,
20250909,204320,HL만도,34550,350,125291,,,,
20250909,207940,삼성바이오로직스,1532085,14717,50881,,,,
20250909,210540,디와이파워,12690,40,34599,,,,
20250909,210980,SK디앤디,10180,10,68551,,,,
20250909,213500,한솔제지,8630,0,30134,,,,
20250909,214320,이노션,18370,100,50787,,,,
20250909,214330,금호에이치티,16456,-28,3050,,,,
20250909,214390,경보제약,5030,40,8104,,,,
20250909,214420,토니모리,10600,160,186403,,,,
20250909,226320,잇츠한불,12640,110,18172,,,,
20250909,227840,현대코퍼레이션홀딩스,12670,130,19024,,,,
20250909,229640,LS에코에너지,38850,-150,81102,,,,
20250909,234080,JW생명과학,11870,0,21988,,,,
20250909,241560,두산밥캣,54100,100,104138,,,,
20250909,241590,화승엔터프라이즈,7050,120,114620,,,,
20250909,244920,에이플러스에셋,7160,10,44659,,,,
20250909,248070,솔루엠,18250,-1100,561208,,,,
20250909,248170,샘표식품,26800,100,10256,,,,
20250909,249420,일동제약,21650,-50,1350341,,,,
20250909,251270,넷마블,62700,-1700,218821,,,,
20250909,259960,크래프톤,322500,-2000,120874,,,,
20250909,264900,크라운제과,9400,-10,9745,,,,
20250909,26490K,크라운제과우,9590,40,1870,,,,
20250909,267250,HD현대,147000,3700,195918,,,,
20250909,267260,HD현대일렉트릭,516000,7000,117845,,,,
20250909,267270,HD건설기계,94900,1300,162876,,,,
20250909,267290,경동도시가스,20350,300,9387,,,,
20250909,267850,아시아나IDT,11710,100,7208,,,,
20250909,268280,미원에스씨,137600,-1800,631,,,,
20250909,271560,오리온,107900,1700,122989,,,,
20250909,271940,일진하이솔루스,17100,190,44482,,,,
20250909,271980,제일약품,14160,320,12350,,,,
20250909,272210,한화시스템,51700,-200,521760,,,,
20250909,272450,진에어,8500,130,75845,,,,
20250909,272550,삼양패키징,13190,-60,12146,,,,
20250909,278470,에이피알,230000,7000,358740,,,,
20250909,280360,롯데웰푸드,112500,-100,16766,,,,
20250909,281820,케이씨텍,34550,1050,116029,,,,
20250909,282330,BGF리테일,109600,-400,34275,,,,
20250909,284740,쿠쿠홈시스,27150,50,15705,,,,
20250909,285130,SK케미칼,62100,1400,50272,,,,
20250909,28513K,SK케미칼우,26300,250,4327,,,,
20250909,286940,롯데이노베이트,21650,500,11815,,,,
20250909,293480,하나제약,11860,90,15808,,,,
20250909,293940,신한알파리츠,5640,-10,172563,,,,
20250909,294870,IPARK현대산업개발,20400,0,253207,,,,
20250909,298000,효성화학,77800,0,0,,,,
20250909,298020,효성티앤씨,216000,1500,8824,,,,
20250909,298040,효성중공업,1252000,48000,65968,,,,
20250909,298050,HS효성첨단소재,193800,2200,6141,,,,
20250909,298690,에어부산,2000,9,114438,,,,
20250909,300720,한일시멘트,20350,-150,60128,,,,
20250909,302440,SK바이오사이언스,48900,-450,145496,,,,
20250909,306200,세아제강,133000,1700,5376,,,,
20250909,307950,현대오토에버,170400,1300,54441,,,,
20250909,308170,씨티알모빌리티,5020,-140,8138,,,,
20250909,316140,우리금융지주,24700,450,1335898,,,,
20250909,317400,자이에스앤디,3590,70,30194,,,,
20250909,322000,HD현대에너지솔루션,51100,-1300,152842,,,,
20250909,323410,카카오뱅크,23950,400,731939,,,,
20250909,326030,SK바이오팜,109400,-100,136687,,,,
20250909,329180,HD현대중공업,504000,-7000,163868,,,,
20250909,330590,롯데리츠,3975,-70,620878,,,,
20250909,334890,이지스밸류플러스리츠,4125,-10,168217,,,,
20250909,336260,두산퓨얼셀,25200,50,571693,,,,
20250909,33626K,두산퓨얼셀1우,6650,40,14776,,,,
20250909,33626L,두산퓨얼셀2우B,10980,-20,1119,,,,
20250909,336370,솔루스첨단소재,7800,20,92053,,,,
20250909,33637K,솔루스첨단소재1우,1797,49,45016,,,,
20250909,33637L,솔루스첨단소재2우B,3640,50,2602,,,,
20250909,338100,NH프라임리츠,4660,0,57752,,,,
20250909,339770,교촌에프앤비,4860,30,28633,,,,
20250909,344820,KCC글라스,29400,-100,33019,,,,
20250909,348950,제이알글로벌리츠,3050,50,1077583,,,,
20250909,350520,이지스레지던스리츠,4005,-5,50416,,,,
20250909,352820,하이브,290000,-2000,155832,,,,
20250909,353200,대덕전자,25300,1650,2838707,,,,
20250909,35320K,대덕전자1우,9100,220,13015,,,,
20250909,357120,코람코라이프인프라리츠,4330,-65,210924,,,,
20250909,357250,미래에셋맵스리츠,2805,50,214868,,,,
20250909,357430,마스턴프리미어리츠,1558,10,57562,,,,
20250909,361610,SK아이이테크놀로지,27550,150,78861,,,,
20250909,363280,티와이홀딩스,3015,-10,55358,,,,
20250909,36328K,티와이홀딩스우,5260,-100,3126,,,,
20250909,365550,ESR켄달스퀘어리츠,4605,5,310622,,,,
20250909,372910,한컴라이프케어,2720,10,49697,,,,
20250909,373220,LG에너지솔루션,347000,3500,169345,,,,
20250909,375500,DL이앤씨,43850,150,129355,,,,
20250909,37550K,DL이앤씨우,19570,70,4334,,,,
20250909,37550L,DL이앤씨2우(전환),30100,50,851,,,,
20250909,377190,디앤디플랫폼리츠,3350,30,100137,,,,
20250909,377300,카카오페이,52300,700,748228,,,,
20250909,377740,바이오노트,6190,90,153589,,,,
20250909,378850,화승알앤에이,3715,-185,5199516,,,,
20250909,381970,케이카,16210,100,49732,,,,
20250909,383220,F&F,69100,300,45064,,,,
20250909,383800,LX홀딩스,8100,110,172240,,,,
20250909,38380K,LX홀딩스1우,8640,20,438,,,,
20250909,395400,SK리츠,5150,-30,382845,,,,
20250909,396690,미래에셋글로벌리츠,2795,15,53248,,,,
20250909,400760,NH올원리츠,3325,-20,95764,,,,
20250909,402340,SK스퀘어,162000,8400,668427,,,,
20250909,403550,쏘카,12350,-110,13789,,,,
20250909,404990,신한서부티엔디리츠,3435,-40,182458,,,,
20250909,415640,KB발해인프라,8860,-20,134103,,,,
20250909,417310,코람코더원리츠,5760,40,59675,,,,
20250909,432320,KB스타리츠,3885,-40,127625,,,,
20250909,439260,대한조선,80500,2300,845825,,,,
20250909,443060,HD현대마린솔루션,215000,-5000,109216,,,,
20250909,446070,유니드비티플러스,3930,30,5046,,,,
20250909,448730,삼성FN리츠,4345,-10,95686,,,,
20250909,450080,에코프로머티,49450,50,155884,,,,
20250909,451800,한화리츠,3965,-60,393962,,,,
20250909,452260,한화갤러리아,1135,5,366633,,,,
20250909,45226K,한화갤러리아우,2215,5,3013,,,,
20250909,453340,현대그린푸드,15910,10,24593,,,,
20250909,454910,두산로보틱스,61400,-300,124237,,,,
20250909,456040,OCI,54300,100,14256,,,,
20250909,457190,이수스페셜티케미컬,44950,650,158487,,,,
20250909,460850,동국씨엠,5670,90,45147,,,,
20250909,460860,동국제강,9700,100,162384,,,,
20250909,462520,조선내화,13810,400,19828,,,,
20250909,462870,시프트업,41250,-450,105333,,,,
20250909,465770,STX그린로지스,7720,-30,23467,,,,
20250909,475150,SK이터닉스,22250,350,633611,,,,
20250909,475560,더본코리아,25700,200,16395,,,,
20250909,480370,씨케이솔루션,3530,122,646605,,,,
20250909,481850,신한글로벌액티브리츠,1449,9,119131,,,,
20250909,483650,달바글로벌,169000,6000,222078,,,,
20250909,484870,엠앤씨솔루션,68500,-833,43995,,,,
20250909,487570,HS효성,60000,4100,33207,,,,
20250909,489790,한화비전,58400,700,272849,,,,
20250909,499790,GS피앤엘,56300,1800,134294,,,,
20250909,900140,엘브이엠씨홀딩스,1752,1,252438,,,,
20250909,950210,프레스티지바이오파마,15000,230,126381,,,,
20250910,000020,동화약품,6420,30,36113,,,,
20250910,000040,KR모터스,2645,10,72903,,,,
20250910,000050,경방,7390,0,10960,,,,
20250910,000070,삼양홀딩스,58255,133,19048,,,,
20250910,000080,하이트진로,19230,-10,115744,,,,
20250910,000087,하이트진로2우B,15580,-10,11079,,,,
20250910,000100,유한양행,119500,-400,281044,,,,
20250910,000105,유한양행우,106300,-400,1959,,,,
20250910,000120,CJ대한통운,83500,0,47848,,,,
20250910,000140,하이트진로홀딩스,10380,160,41412,,,,
20250910,000145,하이트진로홀딩스우,12290,450,170,,,,
20250910,000150,두산,644000,36000,179009,,,,
20250910,000155,두산우,373000,12500,32221,,,,
20250910,000157,두산2우B,386000,10000,3664,,,,
20250910,000180,성창기업지주,8735,230,19264,,,,
20250910,000210,DL,38950,150,73072,,,,
20250910,000215,DL우,22650,-100,1685,,,,
20250910,000220,유유제약,4340,15,19805,,,,
20250910,000225,유유제약1우,4820,30,5207,,,,
20250910,000227,유유제약2우B,10420,0,373,,,,
20250910,000230,일동홀딩스,9320,570,327061,,,,
20250910,000240,한국앤컴퍼니,23950,-300,77584,,,,
20250910,000270,기아,106000,500,704159,,,,
20250910,000300,DH오토넥스,4200,0,0,,,,
20250910,000320,노루홀딩스,34100,-800,231433,,,,
20250910,000325,노루홀딩스우,34800,-50,368,,,,
20250910,000370,한화손해보험,5850,160,683775,,,,
20250910,000390,SP삼화,6230,30,68427,,,,
20250910,000400,롯데손해보험,1633,14,226644,,,,
20250910,000430,대원강업,3975,35,42593,,,,
20250910,000480,CR홀딩스,5040,30,40712,,,,
20250910,000490,대동,9950,60,45476,,,,
20250910,000500,가온전선,33452,1278,113297,,,,
20250910,000520,삼일제약,11230,-470,235915,,,,
20250910,000540,흥국화재,4290,95,121634,,,,
20250910,000545,흥국화재우,7450,10,8732,,,,
20250910,000590,CS홀딩스,91400,-1100,1819,,,,
20250910,000640,동아쏘시오홀딩스,108484,679,22167,,,,
20250910,000650,천일고속,40700,150,145,,,,
20250910,000660,SK하이닉스,304000,16000,5265553,,,,
20250910,000670,영풍,40179,1995,80901,,,,
20250910,000680,LS네트웍스,3980,65,140755,,,,
20250910,000700,유수홀딩스,5770,40,23378,,,,
20250910,000720,현대건설,59900,800,578864,,,,
20250910,000725,현대건설우,54400,1000,2549,,,,
20250910,000760,이화산업,12330,-140,966,,,,
20250910,000810,삼성화재,472000,6500,151215,,,,
20250910,000815,삼성화재우,354500,2000,5661,,,,
20250910,000850,화천기공,31000,650,5839,,,,
20250910,000860,강남제비스코,12310,170,34934,,,,
20250910,000880,한화,106242,2881,378880,,,,
20250910,00088K,한화3우B,37202,956,56808,,,,
20250910,000890,보해양조,2300,-5,67379,,,,
20250910,000910,유니온,4565,30,29729,,,,
20250910,000950,전방,33000,-300,1034,,,,
20250910,000970,한국주철관,7090,-20,43655,,,,
20250910,000990,DB하이텍,50400,4000,954753,,,,
20250910,001020,페이퍼코리아,3640,-25,1916,,,,
20250910,001040,CJ,185900,-1500,222437,,,,
20250910,001045,CJ우,97600,-1400,9298,,,,
20250910,00104K,CJ4우(전환),157000,-500,11939,,,,
20250910,001060,JW중외제약,22700,150,42854,,,,
20250910,001065,JW중외제약우,28000,-500,301,,,,
20250910,001067,JW중외제약2우B,58100,-300,1,,,,
20250910,001070,대한방직,6630,100,12326,,,,
20250910,001080,만호제강,2930,15,9510,,,,
20250910,001120,LX인터내셔널,30700,650,125830,,,,
20250910,001130,대한제분,14650,160,18480,,,,
20250910,001200,유진투자증권,3740,220,2513116,,,,
20250910,001210,금호전기,4250,-110,229274,,,,
20250910,001230,동국홀딩스,1727,33,535329,,,,
20250910,001250,GS글로벌,2570,20,281774,,,,
20250910,001260,남광토건,8680,-190,120403,,,,
20250910,001270,부국증권,79900,4500,786713,,,,
20250910,001275,부국증권우,27000,450,16728,,,,
20250910,001290,상상인증권,807,-17,10636752,,,,
20250910,001340,PKC,5860,10,39720,,,,
20250910,001360,삼성제약,1764,0,388519,,,,
20250910,001380,SG글로벌,3261,4,22435,,,,
20250910,001390,KG케미칼,4840,50,218213,,,,
20250910,001420,태원물산,3395,-65,12285,,,,
20250910,001430,세아베스틸지주,27400,-250,169186,,,,
20250910,001440,대한전선,16170,760,2201837,,,,
20250910,001450,현대해상,28150,500,350045,,,,
20250910,001460,BYC,40550,0,5256,,,,
20250910,001465,BYC우,26250,50,965,,,,
20250910,001470,삼부토건,347,0,0,,,,
20250910,001500,현대차증권,9090,510,392870,,,,
20250910,001510,SK증권,1403,52,3297763,,,,
20250910,001515,SK증권우,4040,-20,8181,,,,
20250910,001520,동양,1290,12,99405,,,,
20250910,001525,동양우,8070,-30,230,,,,
20250910,001527,동양2우B,17780,1080,248,,,,
20250910,001530,DI동일,34143,619,28734,,,,
20250910,001550,조비,12710,60,9699,,,,
20250910,001560,제일연마,10840,290,22289,,,,
20250910,001570,금양,9900,0,0,,,,
20250910,001620,케이비아이동국실업,2435,25,5242,,,,
20250910,001630,종근당홀딩스,49100,100,4374,,,,
20250910,001680,대상,22850,200,76082,,,,
20250910,001685,대상우,16840,90,3426,,,,
20250910,001720,신영증권,151800,5500,96048,,,,
20250910,001740,SK네트웍스,4490,50,184202,,,,
20250910,001750,한양증권,18490,620,104714,,,,
20250910,001755,한양증권우,16980,70,2602,,,,
20250910,001770,SHD,17460,310,5596,,,,
20250910,001780,알루코,2195,-5,191927,,,,
20250910,001790,대한제당,2980,5,148043,,,,
20250910,001795,대한제당우,2500,25,75596,,,,
20250910,001800,오리온홀딩스,21100,300,124357,,,,
20250910,001820,삼화콘덴서,32300,-500,149596,,,,
20250910,001940,KISCO홀딩스,26400,100,13149,,,,
20250910,002020,코오롱,45550,-300,194213,,,,
20250910,002025,코오롱우,22100,-350,5513,,,,
20250910,002030,아세아,356000,3500,849,,,,
20250910,002070,비비안,15103,0,6663,,,,
20250910,002100,경농,9500,70,32732,,,,
20250910,002140,고려산업,2725,0,31308,,,,
20250910,002150,도화엔지니어링,6580,0,28241,,,,
20250910,002170,SYTS,54600,-200,779,,,,
20250910,002200,한국수출포장,2905,0,169682,,,,
20250910,002210,동성제약,1946,0,0,,,,
20250910,002220,한일철강,3220,0,141122,,,,
20250910,002240,고려제강,17680,70,9141,,,,
20250910,002310,아세아제지,8100,50,68933,,,,
20250910,002320,한진,21100,300,25990,,,,
20250910,002350,넥센타이어,6280,130,167274,,,,
20250910,002355,넥센타이어1우B,3290,40,4284,,,,
20250910,002360,SH에너지화학,4340,10,14004,,,,
20250910,002380,KCC,418000,5000,30622,,,,
20250910,002390,한독,11850,70,10740,,,,
20250910,002410,범양건영,1935,0,0,,,,
20250910,002420,세기상사,5330,40,4727,,,,
20250910,002450,삼익악기,1278,22,128410,,,,
20250910,002460,HS화성,10610,290,14455,,,,
20250910,002600,조흥,158000,2500,128,,,,
20250910,002620,제일파마홀딩스,8790,-20,6661,,,,
20250910,002630,오리엔트바이오,1284,-16,836719,,,,
20250910,002690,동일제강,1614,9,25044,,,,
20250910,002700,신일전자,1333,6,270528,,,,
20250910,002710,TCC스틸,17200,90,98873,,,,
20250910,002720,국제약품,4600,50,74299,,,,
20250910,002760,보락,1040,4,67354,,,,
20250910,002780,진흥기업,729,-2,212645,,,,
20250910,002785,진흥기업우B,3390,25,11,,,,
20250910,002787,진흥기업2우B,7740,130,356,,,,
20250910,002790,아모레퍼시픽홀딩스,27300,-100,139169,,,,
20250910,002795,아모레퍼시픽홀딩스우,11270,20,13376,,,,
20250910,00279K,아모레퍼시픽홀딩스3우C,21450,-100,3668,,,,
20250910,002810,삼영무역,16020,90,16318,,,,
20250910,002820,SUN&L,2625,45,12728,,,,
20250910,002840,미원상사,152200,2900,2169,,,,
20250910,002870,신풍,1043,-19,87137,,,,
20250910,002880,디와이에이,1096,4,35762,,,,
20250910,002900,TYM,6140,40,289907,,,,
20250910,002920,유성기업,2140,5,44129,,,,
20250910,002960,한국쉘석유,421000,2500,889,,,,
20250910,002990,금호건설,4005,-5,100174,,,,
20250910,002995,금호건설우,11720,40,1114,,,,
20250910,003000,부광약품,3520,-30,304989,,,,
20250910,003010,혜인,5440,10,66860,,,,
20250910,003030,세아제강지주,182200,3700,5936,,,,
20250910,003060,에이프로젠바이오로직스,653,30,841282,,,,
20250910,003070,코오롱글로벌,9190,-20,8276,,,,
20250910,003075,코오롱글로벌우,14790,260,2092,,,,
20250910,003080,SB성보,2830,25,121863,,,,
20250910,003090,대웅,24600,150,135198,,,,
20250910,0030R0,대신밸류리츠,4310,-40,49634,,,,
20250910,003120,일성아이에스,25150,-350,13578,,,,
20250910,003160,디아이,14270,210,247070,,,,
20250910,003200,일신방직,10080,60,17902,,,,
20250910,003220,대원제약,13050,30,18145,,,,
20250910,003230,삼양식품,1549000,7000,30127,,,,
20250910,003240,태광산업,890000,16000,2038,,,,
20250910,003280,흥아해운,1685,35,1189437,,,,
20250910,003300,한일홀딩스,17800,260,9855,,,,
20250910,003350,한국화장품제조,12080,100,160210,,,,
20250910,003460,유화증권,2870,100,128925,,,,
20250910,003465,유화증권우,2665,-5,13367,,,,
20250910,003470,유안타증권,3740,145,925019,,,,
20250910,003475,유안타증권우,3690,90,78029,,,,
20250910,003480,한진중공업홀딩스,5800,940,8024647,,,,
20250910,003490,대한항공,23900,300,1020622,,,,
20250910,003495,대한항공우,23950,100,3960,,,,
20250910,003520,영진약품,2030,15,257549,,,,
20250910,003530,한화투자증권,6160,140,3647166,,,,
20250910,003535,한화투자증권우,8090,110,26460,,,,
20250910,003540,대신증권,28900,-50,532885,,,,
20250910,003545,대신증권우,21550,0,80902,,,,
20250910,003547,대신증권2우B,20000,140,23330,,,,
20250910,003550,LG,77700,500,225159,,,,
20250910,003555,LG우,64200,200,31839,,,,
20250910,003570,SNT다이내믹스,58400,0,89588,,,,
20250910,003580,HLB글로벌,2155,0,76617,,,,
20250910,003610,방림,4835,-35,31528,,,,
20250910,003620,KG모빌리티,3320,20,148119,,,,
20250910,003650,미창석유,108000,900,704,,,,
20250910,003670,포스코퓨처엠,129600,-3400,587686,,,,
20250910,003680,한성기업,5610,10,62999,,,,
20250910,003690,코리안리,11190,50,599650,,,,
20250910,003720,삼영,5300,50,383547,,,,
20250910,003780,진양산업,6670,10,104562,,,,
20250910,003830,대한화섬,124600,-200,191,,,,
20250910,003850,보령,8610,-60,46534,,,,
20250910,003920,남양유업,56400,0,1468,,,,
20250910,003925,남양유업우,34600,350,2006,,,,
20250910,003960,사조대림,41200,0,10971,,,,
20250910,004000,롯데정밀화학,45450,-550,44936,,,,
20250910,004020,현대제철,36950,950,769458,,,,
20250910,004060,SG세계물산,3220,10,23396,,,,
20250910,004080,신흥,13870,-30,1100,,,,
20250910,004090,한국석유,14130,320,108426,,,,
20250910,004100,태양금속,2170,50,97481,,,,
20250910,004105,태양금속우,3140,35,10652,,,,
20250910,004140,동방,3330,60,2448545,,,,
20250910,004150,한솔홀딩스,3295,95,125629,,,,
20250910,004170,신세계,174400,1300,19962,,,,
20250910,004250,NPC,4180,35,35550,,,,
20250910,004255,NPC우,2460,-10,6582,,,,
20250910,004270,남성,8141,-31,2689,,,,
20250910,004310,현대약품,3975,15,100921,,,,
20250910,004360,세방,13950,70,46398,,,,
20250910,004365,세방우,8990,90,4333,,,,
20250910,004370,농심,409500,1500,30481,,,,
20250910,004380,삼익THK,13000,0,0,,,,
20250910,004410,서울식품,1550,0,53190,,,,
20250910,004415,서울식품우,12470,-20,72,,,,
20250910,004430,송원산업,10260,30,32196,,,,
20250910,004440,삼일씨엔에스,5030,60,14982,,,,
20250910,004450,삼화왕관,34900,-100,609,,,,
20250910,004490,세방전지,63200,600,39173,,,,
20250910,004540,깨끗한나라,2095,25,37891,,,,
20250910,004545,깨끗한나라우,11820,-20,120,,,,
20250910,004560,현대비앤지스틸,11770,170,20269,,,,
20250910,004690,삼천리,133100,2100,10098,,,,
20250910,004700,조광피혁,66800,-200,8350,,,,
20250910,004710,한솔테크닉스,5409,0,0,,,,
20250910,004720,팜젠사이언스,4545,45,97224,,,,
20250910,004770,써니전자,1637,11,122175,,,,
20250910,004800,효성,89500,1900,66537,,,,
20250910,004830,덕성,5550,40,125196,,,,
20250910,004835,덕성우,7470,0,2869,,,,
20250910,004840,DRB동일,5030,40,37069,,,,
20250910,004870,티웨이홀딩스,2749,-5,28348,,,,
20250910,004890,동일산업,41900,200,836,,,,
20250910,004910,조광페인트,6170,160,155378,,,,
20250910,004920,씨아이테크,1163,13,62856,,,,
20250910,004960,한신공영,8120,80,22976,,,,
20250910,004970,신라교역,9290,0,19263,,,,
20250910,004980,성신양회,11110,450,212957,,,,
20250910,004985,성신양회우,11840,190,8471,,,,
20250910,004990,롯데지주,31500,350,343478,,,,
20250910,00499K,롯데지주우,32050,-200,1620,,,,
20250910,005010,휴스틸,4275,75,453282,,,,
20250910,005030,부산주공,486,0,0,,,,
20250910,005070,코스모신소재,40400,-950,424087,,,,
20250910,005090,SGC에너지,23350,50,16062,,,,
20250910,005110,한창,1254,0,0,,,,
20250910,005180,빙그레,70700,-400,29717,,,,
20250910,005250,녹십자홀딩스,15690,120,41203,,,,
20250910,005257,녹십자홀딩스2우,27050,50,1130,,,,
20250910,005300,롯데칠성,117400,-300,11987,,,,
20250910,005305,롯데칠성우,71800,0,554,,,,
20250910,005320,온타이드,1084,8,69933,,,,
20250910,005360,모나미,2160,-10,244033,,,,
20250910,005380,현대차,220500,1500,427432,,,,
20250910,005385,현대차우,169600,900,55164,,,,
20250910,005387,현대차2우B,173000,0,83600,,,,
20250910,005389,현대차3우B,168900,600,6861,,,,
20250910,005420,코스모화학,15850,-60,96844,,,,
20250910,005430,한국공항,71100,-400,8090,,,,
20250910,005440,현대지에프홀딩스,8010,160,249545,,,,
20250910,005490,POSCO홀딩스,284000,0,248568,,,,
20250910,005500,삼진제약,19190,40,20357,,,,
20250910,005610,삼립,54900,400,9510,,,,
20250910,005680,삼영전자,10560,-20,37535,,,,
20250910,005690,파미셀,12030,590,2485217,,,,
20250910,005720,넥센,6110,20,33959,,,,
20250910,005725,넥센우,4580,10,1571,,,,
20250910,005740,크라운해태홀딩스,7460,250,77424,,,,
20250910,005745,크라운해태홀딩스우,8440,300,967,,,,
20250910,005750,대림바스,4730,80,48934,,,,
20250910,005800,신영와코루,14360,-10,4040,,,,
20250910,005810,풍산홀딩스,40700,650,25835,,,,
20250910,005820,원림,14030,-30,1482,,,,
20250910,005830,DB손해보험,145500,5900,233204,,,,
20250910,005850,에스엘,33850,400,77016,,,,
20250910,005870,휴니드,8380,120,55553,,,,
20250910,005880,대한해운,1793,43,3069364,,,,
20250910,005930,삼성전자,72600,1100,21928565,,,,
20250910,005935,삼성전자우,59200,800,1491265,,,,
20250910,005940,NH투자증권,20750,550,796958,,,,
20250910,005945,NH투자증권우,18040,350,94388,,,,
20250910,005950,이수화학,5600,0,26703,,,,
20250910,005960,동부건설,6500,190,271004,,,,
20250910,005965,동부건설우,19300,-10,1089,,,,
20250910,006040,동원산업,46900,-400,57569,,,,
20250910,006060,화승인더,4470,10,68936,,,,
20250910,006090,사조오양,10020,70,7583,,,,
20250910,006110,삼아알미늄,23100,250,47468,,,,
20250910,006120,SK디스커버리,53800,-500,8593,,,,
20250910,006125,SK디스커버리우,37000,100,3141,,,,
20250910,006200,한국전자홀딩스,3535,30,2922,,,,
20250910,006220,제주은행,14700,710,473152,,,,
20250910,006260,LS,183400,4000,228863,,,,
20250910,006280,녹십자,133000,400,19580,,,,
20250910,006340,대원전선,2900,60,1263924,,,,
20250910,006345,대원전선우,3725,105,53806,,,,
20250910,006360,GS건설,19290,90,228095,,,,
20250910,006370,대구백화점,6830,160,37676,,,,
20250910,006380,카프로,3660,0,0,,,,
20250910,006400,삼성SDI,198100,-3400,689275,,,,
20250910,006405,삼성SDI우,130800,-400,4435,,,,
20250910,006490,프리티,4035,-240,250171,,,,
20250910,006570,대림통상,2665,-5,9436,,,,
20250910,006650,대한유화,124200,0,26768,,,,
20250910,006660,삼성공조,13860,360,42058,,,,
20250910,006740,블루산업개발,2445,49,562035,,,,
20250910,006800,미래에셋증권,22602,697,5432512,,,,
20250910,006805,미래에셋증권우,9954,276,189002,,,,
20250910,00680K,미래에셋증권2우B,9293,244,1110976,,,,
20250910,006840,AK홀딩스,11390,50,5958,,,,
20250910,006880,신송홀딩스,7000,80,49934,,,,
20250910,006890,태경케미컬,9430,-130,22695,,,,
20250910,006980,우성,17510,110,603,,,,
20250910,007070,GS리테일,16560,160,135501,,,,
20250910,007110,일신석재,2070,35,597707,,,,
20250910,007120,미래아이앤지,916,-9,43122,,,,
20250910,007160,사조산업,51500,2150,13850,,,,
20250910,007210,벽산,2190,-20,133342,,,,
20250910,007280,한국특강,3230,168,732949,,,,
20250910,007310,오뚜기,394500,3500,3909,,,,
20250910,007340,DN오토모티브,25900,850,77582,,,,
20250910,007460,에이프로젠,743,43,9903867,,,,
20250910,007540,샘표,49000,-100,3031,,,,
20250910,007570,일양약품,14600,12,20068,,,,
20250910,007575,일양약품우,15260,165,205,,,,
20250910,007590,동방아그로,6180,-10,3492,,,,
20250910,007610,선도전기,3000,0,0,,,,
20250910,007660,이수페타시스,74000,1700,2537064,,,,
20250910,007690,국도화학,37250,-150,10092,,,,
20250910,007700,F&F홀딩스,19880,-620,44269,,,,
20250910,007810,코리아써키트,16150,1020,1245464,,,,
20250910,007815,코리아써우,6720,140,15590,,,,
20250910,00781K,코리아써키트2우B,6450,110,1791,,,,
20250910,007860,서연,9470,190,41333,,,,
20250910,007980,TP,1776,41,1005617,,,,
20250910,008040,사조동아원,1110,8,256486,,,,
20250910,008060,대덕,8300,160,151304,,,,
20250910,00806K,대덕1우,8200,-40,2853,,,,
20250910,008250,이건산업,4935,10,14784,,,,
20250910,008260,NI스틸,3800,15,178454,,,,
20250910,008350,남선알미늄,1151,7,452174,,,,
20250910,008355,남선알미우,12630,20,3185,,,,
20250910,008420,문배철강,2615,300,14004180,,,,
20250910,008490,서흥,27900,-1200,158312,,,,
20250910,008600,윌비스,3599,-20,35908,,,,
20250910,008700,아남전자,1333,2,116265,,,,
20250910,008730,율촌화학,30300,-250,69276,,,,
20250910,008770,호텔신라,48850,-200,185348,,,,
20250910,008775,호텔신라우,42200,250,1073,,,,
20250910,008870,금비,60600,1300,2815,,,,
20250910,008930,한미사이언스,38850,150,103992,,,,
20250910,008970,KBI동양철관,2629,0,0,,,,
20250910,009070,KCTC,5680,20,558240,,,,
20250910,009140,경인전자,20600,250,1241,,,,
20250910,009150,삼성전기,180500,200,359528,,,,
20250910,009155,삼성전기우,81000,-500,14455,,,,
20250910,009160,SIMPAC,4545,75,118270,,,,
20250910,009180,한솔로지스틱스,2790,-65,491153,,,,
20250910,009190,대양금속,1605,-25,407947,,,,
20250910,009200,무림페이퍼,2060,0,82332,,,,
20250910,009240,한샘,43300,350,30214,,,,
20250910,009270,신원,1662,23,749684,,,,
20250910,009290,광동제약,6120,50,75002,,,,
20250910,009310,참엔지니어링,1273,3,14003,,,,
20250910,009320,아진전자부품,1062,-6,61171,,,,
20250910,009410,태영건설,1807,7,421413,,,,
20250910,009415,태영건설우,4940,-50,558,,,,
20250910,009420,한올바이오파마,33350,-50,306034,,,,
20250910,009440,KC그린홀딩스,756,0,0,,,,
20250910,009450,경동나비엔,79100,-1200,97458,,,,
20250910,009460,한창제지,3215,-5,24155,,,,
20250910,009470,삼화전기,28750,1600,101067,,,,
20250910,009540,HD한국조선해양,414500,500,281026,,,,
20250910,009580,무림P&P,2620,-5,54336,,,,
20250910,009680,모토닉,10620,150,33213,,,,
20250910,009770,삼정펄프,27100,-100,3169,,,,
20250910,009810,MDS스피어,3415,30,26747,,,,
20250910,009830,한화솔루션,27306,0,693009,,,,
20250910,009835,한화솔루션우,20096,226,3386,,,,
20250910,009900,명신산업,9080,50,130391,,,,
20250910,009970,영원무역홀딩스,133800,400,15404,,,,
20250910,010040,한국내화,2280,10,11739,,,,
20250910,010060,OCI홀딩스,95100,-2700,176061,,,,
20250910,010100,한국무브넥스,4355,-15,116470,,,,
20250910,010120,LS ELECTRIC,61700,3200,1285155,,,,
20250910,010130,고려아연,893000,2000,15629,,,,
20250910,010140,삼성중공업,21550,500,4851699,,,,
20250910,010400,우진아이엔에스,2865,25,2669,,,,
20250910,010580,에스엠벡셀,1548,-5,54476,,,,
20250910,010640,진양폴리,3474,-8,47486,,,,
20250910,010660,화천기계,4700,30,479845,,,,
20250910,010690,화신,8600,80,174832,,,,
20250910,010770,평화홀딩스,4045,-25,142408,,,,
20250910,010780,아이에스동서,20350,200,18828,,,,
20250910,010820,퍼스텍,4400,20,748961,,,,
20250910,010950,S-Oil,60000,300,187749,,,,
20250910,010955,S-Oil우,39250,0,3961,,,,
20250910,010960,삼호개발,3630,55,163467,,,,
20250910,011000,진원생명과학,12350,-100,74605,,,,
20250910,011070,LG이노텍,160800,-8900,581149,,,,
20250910,011090,에넥스,3200,15,35069,,,,
20250910,011150,CJ씨푸드,2900,10,145026,,,,
20250910,011155,CJ씨푸드1우,16500,-40,490,,,,
20250910,011170,롯데케미칼,66400,300,109395,,,,
20250910,011200,HMM,23750,700,2239788,,,,
20250910,011210,현대위아,52300,600,74352,,,,
20250910,011230,삼화전자,3845,-815,2131049,,,,
20250910,011280,태림포장,2010,5,37611,,,,
20250910,011300,우성머티리얼스,4230,-110,65260,,,,
20250910,011330,유니켐,15800,-190,23124,,,,
20250910,011390,부산산업,82800,1300,2062,,,,
20250910,011420,갤럭시아에스엠,2265,20,236973,,,,
20250910,011500,한농화성,14240,-20,29762,,,,
20250910,011690,와이투솔루션,3610,-95,778768,,,,
20250910,011700,한신기계,3745,-5,238874,,,,
20250910,011760,현대코퍼레이션,22800,500,51842,,,,
20250910,011780,금호석유화학,109600,-200,57080,,,,
20250910,011785,금호석유화학우,56400,-600,12192,,,,
20250910,011790,SKC,92771,846,222941,,,,
20250910,011810,STX,3530,0,0,,,,
20250910,011930,신성이엔지,16790,210,284928,,,,
20250910,012030,DB,1680,75,3932009,,,,
20250910,012160,영흥,2970,90,209966,,,,
20250910,012170,아센디오,2330,100,1059649,,,,
20250910,012200,계양전기,1366,1,27303,,,,
20250910,012205,계양전기우,3219,-19,4491,,,,
20250910,012280,영화금속,931,6,109534,,,,
20250910,012320,경동인베스트,59600,400,6124,,,,
20250910,012330,현대모비스,319000,3500,216004,,,,
20250910,012450,한화에어로스페이스,967000,22000,229210,,,,
20250910,012610,경인양행,3185,25,22870,,,,
20250910,012630,HDC,21350,300,128149,,,,
20250910,012690,모나리자,2470,-5,39773,,,,
20250910,012750,에스원,80200,1000,48431,,,,
20250910,012800,대창,1317,5,562024,,,,
20250910,013000,세우글로벌,1064,-6,12683,,,,
20250910,013360,일성건설,1462,-15,369621,,,,
20250910,013520,화승코퍼레이션,1921,-21,235876,,,,
20250910,013570,디와이,4375,25,23142,,,,
20250910,013580,계룡건설,20900,150,62865,,,,
20250910,013700,까뮤이앤씨,1147,-5,44540,,,,
20250910,013870,지엠비코리아,4045,20,3619,,,,
20250910,013890,지누스,17130,310,54265,,,,
20250910,014130,한익스프레스,3240,-20,53026,,,,
20250910,014160,대영포장,1186,20,2189564,,,,
20250910,014280,금강공업,5790,160,8018770,,,,
20250910,014285,금강공업우,7070,-330,4313,,,,
20250910,014440,영보화학,4435,10,20278,,,,
20250910,014530,극동유화,3345,0,129022,,,,
20250910,014580,태경비케이,5020,20,84103,,,,
20250910,014680,한솔케미칼,173500,1000,40461,,,,
20250910,014710,사조씨푸드,9050,-10,56491,,,,
20250910,014790,HL D&I,2545,5,58282,,,,
20250910,014820,동원시스템즈,29400,100,16217,,,,
20250910,014825,동원시스템즈우,17610,10,179,,,,
20250910,014830,유니드,77900,2500,27594,,,,
20250910,014910,성문전자,1170,17,33234,,,,
20250910,014915,성문전자우,4060,-40,9621,,,,
20250910,014990,인디에프,5600,265,103695,,,,
20250910,015020,이스타코,1336,6,73035,,,,
20250910,015230,대창단조,6640,-30,114434,,,,
20250910,015260,에이엔피,535,0,538626,,,,
20250910,015360,INVENI,12720,120,29715,,,,
20250910,015590,DKME,2575,0,0,,,,
20250910,015760,한국전력,38700,600,2494401,,,,
20250910,015860,일진홀딩스,5780,150,178961,,,,
20250910,015890,태경산업,5370,-10,50152,,,,
20250910,016090,대현,1819,-2,60241,,,,
20250910,016360,삼성증권,74200,1600,469801,,,,
20250910,016380,KG스틸,5490,110,126757,,,,
20250910,016450,한세예스24홀딩스,4045,45,36519,,,,
20250910,016580,환인제약,10800,10,28212,,,,
20250910,016590,신대양제지,11230,-30,42789,,,,
20250910,016610,DB증권,9440,440,281902,,,,
20250910,016710,대성홀딩스,8800,120,24402,,,,
20250910,016740,두올,3545,-35,150326,,,,
20250910,016800,퍼시스,43150,-500,739,,,,
20250910,016880,웅진,4810,-190,1137514,,,,
20250910,017040,광명전기,1125,26,629278,,,,
20250910,017180,명문제약,1768,14,87091,,,,
20250910,017370,우신시스템,6900,20,12821,,,,
20250910,017390,서울가스,63500,500,9511,,,,
20250910,017550,수산세보틱스,1926,23,155655,,,,
20250910,017670,SK텔레콤,54800,600,683214,,,,
20250910,017800,현대엘리베이터,79300,-300,164823,,,,
20250910,017810,풀무원,14080,110,125921,,,,
20250910,017860,DS단석,21737,198,178674,,,,
20250910,017900,광전자,1882,3,17974,,,,
20250910,017940,E1,78200,1100,12408,,,,
20250910,017960,한국카본,33900,650,426195,,,,
20250910,018250,애경산업,15500,-330,134308,,,,
20250910,018260,삼성에스디에스,161800,500,259700,,,,
20250910,018470,조일알미늄,1441,16,379690,,,,
20250910,018500,동원모빌리티,1369,1,199126,,,,
20250910,018670,SK가스,241000,1500,13515,,,,
20250910,018880,한온시스템,3230,33,504237,,,,
20250910,019170,신풍제약,12830,150,142896,,,,
20250910,019175,신풍제약우,23200,50,3211,,,,
20250910,019180,티에이치엔,5100,270,479987,,,,
20250910,019490,엑시큐어하이트론,673,-10,675298,,,,
20250910,019680,대교,2285,-25,51197,,,,
20250910,019685,대교우B,1279,3,6309,,,,
20250910,020000,한섬,15390,0,31437,,,,
20250910,020120,키다리스튜디오,3870,65,86666,,,,
20250910,020150,롯데에너지머티리얼즈,24150,-150,65591,,,,
20250910,020560,아시아나항공,9530,30,57440,,,,
20250910,020760,일진디스플,905,2,174679,,,,
20250910,021050,서원,1190,5,160486,,,,
20250910,021240,코웨이,99600,-400,198832,,,,
20250910,021820,세원정공,10160,60,4089,,,,
20250910,022100,포스코DX,22500,450,163670,,,,
20250910,023000,삼원강재,2470,30,3824,,,,
20250910,023150,MH에탄올,5150,-30,10679,,,,
20250910,023350,한국종합기술,4860,-20,20164,,,,
20250910,023450,동남합성,32000,400,1525,,,,
20250910,023530,롯데쇼핑,68100,300,33279,,,,
20250910,023590,다우기술,37450,1050,111914,,,,
20250910,023800,인지컨트롤스,5880,-50,31804,,,,
20250910,023810,인팩,6930,30,13588,,,,
20250910,023960,에쓰씨엔지니어링,1154,-15,328472,,,,
20250910,024070,WISCOM,1998,-2,11375,,,,
20250910,024090,디씨엠,12620,40,3986,,,,
20250910,024110,기업은행,19890,740,1513778,,,,
20250910,024720,콜마홀딩스,13490,-80,169761,,,,
20250910,024890,대원화성,4290,-5,5078,,,,
20250910,024900,디와이덕양,2310,-10,64994,,,,
20250910,025000,KPX케미칼,47353,-188,7147,,,,
20250910,025530,SJM홀딩스,3610,10,12841,,,,
20250910,025540,한국단자,61400,100,6437,,,,
20250910,025560,미래산업,2244,64,316130,,,,
20250910,025620,차AI헬스케어,8410,220,48156,,,,
20250910,025750,한솔홈데코,3495,25,23469,,,,
20250910,025820,이구산업,4645,30,123219,,,,
20250910,025860,남해화학,6940,40,29418,,,,
20250910,025890,한국주강,2160,65,635739,,,,
20250910,026890,스틱인베스트먼트,10780,130,71401,,,,
20250910,026940,부국철강,2540,115,3211522,,,,
20250910,026960,동서,27800,300,67591,,,,
20250910,027410,BGF,4025,65,85910,,,,
20250910,027740,마니커,1676,12,70115,,,,
20250910,027970,한국제지,4050,25,5810,,,,
20250910,028050,삼성E&A,28650,650,1024788,,,,
20250910,028100,동아지질,14740,140,9051,,,,
20250910,028260,삼성물산,182400,3900,486104,,,,
20250910,02826K,삼성물산우B,124600,3000,8082,,,,
20250910,028670,팬오션,4085,105,1311409,,,,
20250910,029460,케이씨,23000,-50,22592,,,,
20250910,029530,신도리코,46000,-50,4348,,,,
20250910,029780,삼성카드,53100,1200,65653,,,,
20250910,030000,제일기획,19900,90,211301,,,,
20250910,030190,NICE평가정보,15500,110,123395,,,,
20250910,030200,KT,51100,-700,898032,,,,
20250910,030210,다올투자증권,3770,130,193135,,,,
20250910,030610,교보증권,9780,100,285395,,,,
20250910,030720,동원수산,6120,90,14694,,,,
20250910,031210,서울보증보험,46600,2300,153223,,,,
20250910,031430,신세계인터내셔날,10520,10,38525,,,,
20250910,031820,아이티센씨티에스,6210,-20,24583,,,,
20250910,032350,롯데관광개발,16390,170,672638,,,,
20250910,032560,황금에스티,5750,10,16355,,,,
20250910,032640,LG유플러스,14520,160,1025422,,,,
20250910,032830,삼성생명,158600,1100,332293,,,,
20250910,033240,자화전자,18600,-270,97389,,,,
20250910,033250,체시스,5425,-25,29580,,,,
20250910,033270,유나이티드제약,20150,-200,49944,,,,
20250910,033530,SJG세종,6240,-30,273862,,,,
20250910,033780,KT&G,131400,-500,391917,,,,
20250910,033920,무학,8280,260,81963,,,,
20250910,034020,두산에너빌리티,62600,400,4417144,,,,
20250910,034120,SBS,20250,0,51046,,,,
20250910,034220,LG디스플레이,11640,-210,2434592,,,,
20250910,034230,파라다이스,21550,100,1047433,,,,
20250910,034310,NICE,13880,-30,23259,,,,
20250910,034590,인천도시가스,26050,50,2398,,,,
20250910,034730,SK,222500,500,215893,,,,
20250910,03473K,SK우,168300,-1200,7327,,,,
20250910,034830,한국토지신탁,1397,10,1920299,,,,
20250910,035000,HS애드,9000,-70,23870,,,,
20250910,035150,백산,14930,330,37343,,,,
20250910,035250,강원랜드,17710,10,374281,,,,
20250910,035420,NAVER,233500,2500,915806,,,,
20250910,035510,신세계 I&C,15270,10,58131,,,,
20250910,035720,카카오,59900,300,1665136,,,,
20250910,036420,콘텐트리중앙,10830,290,50842,,,,
20250910,036460,한국가스공사,40550,700,294880,,,,
20250910,036530,SNT홀딩스,81000,3000,36225,,,,
20250910,036570,NC,200500,500,53577,,,,
20250910,036580,팜스코,2705,20,30514,,,,
20250910,037270,YG PLUS,8850,30,976693,,,,
20250910,037560,LG헬로비전,2895,25,127663,,,,
20250910,037710,광주신세계,30600,350,8542,,,,
20250910,039130,하나투어,52500,500,40042,,,,
20250910,039490,키움증권,249000,18000,277757,,,,
20250910,039570,HDC랩스,8760,10,9037,,,,
20250910,041650,상신브레이크,2805,-25,23712,,,,
20250910,042660,한화오션,110700,700,2229298,,,,
20250910,042700,한미반도체,87300,3300,922065,,,,
20250910,044380,주연테크,2765,55,78504,,,,
20250910,044450,KSS해운,9600,30,47440,,,,
20250910,044820,코스맥스비티아이,18910,-100,48786,,,,
20250910,047040,대우건설,3785,-40,923251,,,,
20250910,047050,포스코인터내셔널,49000,450,272685,,,,
20250910,047400,유니온머티리얼,1442,9,46930,,,,
20250910,047810,한국항공우주,96800,1700,407975,,,,
20250910,049800,우진플라임,2130,0,24432,,,,
20250910,051600,한전KPS,51200,0,127536,,,,
20250910,051630,진양화학,2000,4,48608,,,,
20250910,051900,LG생활건강,292500,-500,56444,,,,
20250910,051905,LG생활건강우,117900,100,4122,,,,
20250910,051910,LG화학,287000,-6000,224616,,,,
20250910,051915,LG화학우,138800,-2800,25103,,,,
20250910,052690,한전기술,92600,200,174595,,,,
20250910,053210,스카이라이프,5260,10,31563,,,,
20250910,053690,한미글로벌,21600,100,109645,,,,
20250910,055490,테이팩스,15150,-10,8633,,,,
20250910,055550,신한지주,67500,2200,2320970,,,,
20250910,058430,포스코스틸리온,3800,45,133710,,,,
20250910,058650,세아홀딩스,126500,-200,1277,,,,
20250910,058730,다스코,2990,-10,20096,,,,
20250910,058850,KTcs,2870,-30,765174,,,,
20250910,058860,KTis,2880,-35,364936,,,,
20250910,060980,HL홀딩스,41900,1100,36871,,,,
20250910,062040,산일전기,112600,7800,1144777,,,,
20250910,063160,종근당바이오,23650,0,9830,,,,
20250910,064350,현대로템,208500,1000,502896,,,,
20250910,064400,LG씨엔에스,71300,1800,622328,,,,
20250910,064960,SNT모티브,35400,-200,47902,,,,
20250910,066570,LG전자,75800,200,332791,,,,
20250910,066575,LG전자우,37400,600,48428,,,,
20250910,066970,엘앤에프,63400,1000,526948,,,,
20250910,067830,세이브존I&C,2700,10,10903,,,,
20250910,068270,셀트리온,161752,191,263990,,,,
20250910,068290,삼성출판사,16440,240,5407,,,,
20250910,069260,TKG휴켐스,17720,30,43818,,,,
20250910,069460,대호에이엘,8650,-45,38864,,,,
20250910,069620,대웅제약,143900,600,26242,,,,
20250910,069640,한세엠케이,1688,0,23567,,,,
20250910,069730,DSR제강,4010,100,78589,,,,
20250910,069960,현대백화점,77700,400,77473,,,,
20250910,070960,모나용평,4125,60,75359,,,,
20250910,071050,한국금융지주,150200,8700,603460,,,,
20250910,071055,한국금융지주우,105000,4300,65354,,,,
20250910,071090,하이스틸,4730,275,5711435,,,,
20250910,071320,지역난방공사,83200,1400,15590,,,,
20250910,071840,롯데하이마트,8530,30,14735,,,,
20250910,071950,코아스,8210,340,1622877,,,,
20250910,071970,HD현대마린엔진,90400,2100,252617,,,,
20250910,072130,유엔젤,5310,30,148848,,,,
20250910,072710,농심홀딩스,81200,400,7601,,,,
20250910,073240,금호타이어,4885,35,336127,,,,
20250910,074610,이엔플러스,5110,0,0,,,,
20250910,075180,새론오토모티브,3185,35,1033,,,,
20250910,075580,세진중공업,26050,3000,10596307,,,,
20250910,077500,유니퀘스트,6530,150,399171,,,,
20250910,077970,STX엔진,45800,1800,1039235,,,,
20250910,078000,텔코웨어,14780,100,13371,,,,
20250910,078520,에이블씨엔씨,13680,-990,1470769,,,,
20250910,078930,GS,46350,400,155963,,,,
20250910,078935,GS우,43300,650,8842,,,,
20250910,079160,CJ CGV,4750,120,324311,,,,
20250910,079430,현대리바트,7340,100,20963,,,,
20250910,079550,LIG디펜스앤에어로스페이스,497000,23500,242701,,,,
20250910,079900,전진건설로봇,48500,200,25253,,,,
20250910,079980,휴비스,2965,20,37779,,,,
20250910,081000,일진다이아,12080,60,7798,,,,
20250910,081660,미스토홀딩스,41900,800,145044,,,,
20250910,082640,동양생명,7620,150,159330,,,,
20250910,082740,한화엔진,45700,2850,3959788,,,,
20250910,083420,그린케미칼,7590,20,47640,,,,
20250910,084010,대한제강,10902,106,28357,,,,
20250910,084670,동양고속,8210,30,5924,,,,
20250910,084680,이월드,1509,15,112629,,,,
20250910,084690,대상홀딩스,9500,60,41904,,,,
20250910,084695,대상홀딩스우,12820,270,4485,,,,
20250910,084870,TBH글로벌,1407,-3,21189,,,,
20250910,085310,엔케이,14550,600,1451484,,,,
20250910,085620,미래에셋생명,7950,130,232057,,,,
20250910,086280,현대글로비스,187500,1700,187879,,,,
20250910,086790,하나금융지주,87100,3800,1259410,,,,
20250910,088260,이리츠코크렙,4690,-35,54772,,,,
20250910,088350,한화생명,3310,70,1745716,,,,
20250910,088790,진도,1930,28,59235,,,,
20250910,088980,맥쿼리인프라,11600,60,730229,,,,
20250910,089470,HDC현대EP,4195,15,38164,,,,
20250910,089590,제주항공,6600,40,44711,,,,
20250910,089860,롯데렌탈,29900,350,36187,,,,
20250910,090080,평화산업,1007,7,182986,,,,
20250910,090350,노루페인트,9920,-10,156355,,,,
20250910,090355,노루페인트우,13680,50,1326,,,,
20250910,090370,메타랩스,1305,34,122381,,,,
20250910,090430,아모레퍼시픽,119600,0,195304,,,,
20250910,090435,아모레퍼시픽우,41450,150,13041,,,,
20250910,090460,비에이치,18830,230,891076,,,,
20250910,091810,트리니티항공,1811,-10,291859,,,,
20250910,092200,디아이씨,4950,165,1448057,,,,
20250910,092220,KEC,3670,70,105438,,,,
20250910,092230,KPX홀딩스,69400,900,1614,,,,
20250910,092440,기신정기,2580,60,85220,,,,
20250910,092780,DYP,4010,5,11526,,,,
20250910,092790,넥스틸,13220,130,411544,,,,
20250910,093050,LF,18800,150,23984,,,,
20250910,093240,형지엘리트,1460,-27,771279,,,,
20250910,093370,후성,5580,30,465414,,,,
20250910,094280,효성ITX,12950,20,9597,,,,
20250910,094800,맵스리얼티,4910,10,90376,,,,
20250910,095570,AJ네트웍스,4350,40,155468,,,,
20250910,095720,웅진씽크빅,3398,26,115057,,,,
20250910,096760,JW홀딩스,3390,-5,41516,,,,
20250910,096770,SK이노베이션,106500,-100,205511,,,,
20250910,096775,SK이노베이션우,71500,200,1051,,,,
20250910,097230,HJ중공업,33100,5850,35651926,,,,
20250910,097520,엠씨넥스,29850,150,21786,,,,
20250910,097950,CJ제일제당,234500,1500,57669,,,,
20250910,097955,CJ제일제당 우,142900,1000,3954,,,,
20250910,100090,SK오션플랜트,23850,-50,3139075,,,,
20250910,100220,비상교육,5410,-20,29031,,,,
20250910,100250,진양홀딩스,3151,19,41056,,,,
20250910,100840,SNT에너지,61400,1300,137733,,,,
20250910,101140,인바이오젠,12910,370,30425,,,,
20250910,101530,해태제과식품,6790,100,35776,,,,
20250910,102260,동성케미컬,4231,-40,133991,,,,
20250910,102460,이연제약,11780,-70,29871,,,,
20250910,103140,풍산,121600,900,199217,,,,
20250910,103590,일진전기,39000,2800,2159813,,,,
20250910,104700,한국철강,10060,50,52524,,,,
20250910,105560,KB금융,117600,7700,1549054,,,,
20250910,105630,한세실업,10330,520,283658,,,,
20250910,105840,우진,12010,660,636254,,,,
20250910,107590,미원홀딩스,71000,0,359,,,,
20250910,108320,LX세미콘,52600,300,35989,,,,
20250910,108670,LX하우시스,29350,50,19403,,,,
20250910,108675,LX하우시스우,17520,60,528,,,,
20250910,109070,주성코퍼레이션,892,19,155401,,,,
20250910,111110,호전실업,7010,-10,59618,,,,
20250910,111380,동인기연,14330,40,5546,,,,
20250910,111770,영원무역,58500,500,34938,,,,
20250910,112610,씨에스윈드,42850,-100,87406,,,,
20250910,114090,GKL,16630,-270,164636,,,,
20250910,117580,대성에너지,8170,140,42209,,,,
20250910,118000,메타케어,3210,20,14193,,,,
20250910,119650,KC코트렐,918,0,0,,,,
20250910,120030,조선선재,128200,-3300,69668,,,,
20250910,120110,코오롱인더,38050,50,83175,,,,
20250910,120115,코오롱인더우,23200,0,10164,,,,
20250910,122900,아이마켓코리아,8250,10,34243,,,,
20250910,123690,한국화장품,9970,10,65072,,,,
20250910,123700,SJM,3595,15,57988,,,,
20250910,123890,한국자산신탁,2455,10,147431,,,,
20250910,126560,현대퓨처넷,3260,35,62530,,,,
20250910,126720,수산인더스트리,23000,200,26128,,,,
20250910,128820,대성산업,4225,180,197390,,,,
20250910,128940,한미약품,291000,500,80802,,,,
20250910,129260,인터지스,2740,25,34583,,,,
20250910,130660,한전산업,12290,-10,104540,,,,
20250910,133820,화인베스틸,2585,-115,2386679,,,,
20250910,134380,미원화학,8560,10,18750,,,,
20250910,134790,시디즈,25900,500,2170,,,,
20250910,136490,선진,11170,-10,43762,,,,
20250910,137310,에스디바이오센서,10270,-20,64736,,,,
20250910,138040,메리츠금융지주,127800,1900,258335,,,,
20250910,138930,BNK금융지주,15460,460,1072332,,,,
20250910,139130,iM금융지주,14340,490,799183,,,,
20250910,139480,이마트,77000,-400,130146,,,,
20250910,139990,아주스틸,3875,-5,26710,,,,
20250910,143210,핸즈코퍼레이션,1638,2,1773,,,,
20250910,145210,다이나믹디자인,7450,-90,12408,,,,
20250910,145270,케이탑리츠,962,0,79951,,,,
20250910,145720,덴티움,58200,1300,51220,,,,
20250910,145990,삼양사,50000,450,11678,,,,
20250910,145995,삼양사우,35100,100,542,,,,
20250910,155660,DSR,3795,65,15775,,,,
20250910,161000,애경케미칼,10720,40,264362,,,,
20250910,161390,한국타이어앤테크놀로지,39400,0,212848,,,,
20250910,161890,한국콜마,78400,200,165488,,,,
20250910,163560,동일고무벨트,6960,10,16641,,,,
20250910,170900,동아에스티,44396,191,9547,,,,
20250910,175330,JB금융지주,24400,150,526605,,,,
20250910,178920,PI첨단소재,17350,90,53941,,,,
20250910,180640,한진칼,111200,600,72707,,,,
20250910,18064K,한진칼우,36950,400,3211,,,,
20250910,181710,NHN,26650,550,74215,,,,
20250910,183190,아세아시멘트,14380,730,163431,,,,
20250910,185750,종근당,81600,100,16626,,,,
20250910,192080,더블유게임즈,55400,1700,72799,,,,
20250910,192400,쿠쿠홀딩스,34000,-100,35884,,,,
20250910,192650,드림텍,6510,20,140202,,,,
20250910,192820,코스맥스,215500,-1000,55455,,,,
20250910,194370,제이에스코퍼레이션,11250,-170,156976,,,,
20250910,195870,해성디에스,24500,600,177780,,,,
20250910,200880,서연이화,11750,100,61004,,,,
20250910,204320,HL만도,35100,550,159560,,,,
20250910,207940,삼성바이오로직스,1521783,-10302,37295,,,,
20250910,210540,디와이파워,12820,130,55469,,,,
20250910,210980,SK디앤디,10200,20,43849,,,,
20250910,213500,한솔제지,8680,50,28989,,,,
20250910,214320,이노션,18450,80,70004,,,,
20250910,214330,금호에이치티,16456,0,6582,,,,
20250910,214390,경보제약,5320,290,70234,,,,
20250910,214420,토니모리,10590,-10,146157,,,,
20250910,226320,잇츠한불,12770,130,14067,,,,
20250910,227840,현대코퍼레이션홀딩스,12650,-20,17476,,,,
20250910,229640,LS에코에너지,38500,-350,135298,,,,
20250910,234080,JW생명과학,11980,110,39230,,,,
20250910,241560,두산밥캣,54500,400,135900,,,,
20250910,241590,화승엔터프라이즈,7050,0,120657,,,,
20250910,244920,에이플러스에셋,7190,30,133902,,,,
20250910,248070,솔루엠,18140,-110,284864,,,,
20250910,248170,샘표식품,26850,50,11489,,,,
20250910,249420,일동제약,23800,2150,6179428,,,,
20250910,251270,넷마블,62200,-500,186371,,,,
20250910,259960,크래프톤,323000,500,106648,,,,
20250910,264900,크라운제과,9410,10,16506,,,,
20250910,26490K,크라운제과우,9650,60,815,,,,
20250910,267250,HD현대,148600,1600,171959,,,,
20250910,267260,HD현대일렉트릭,560000,44000,362471,,,,
20250910,267270,HD건설기계,95100,200,139559,,,,
20250910,267290,경동도시가스,20400,50,15437,,,,
20250910,267850,아시아나IDT,11860,150,5184,,,,
20250910,268280,미원에스씨,138000,400,1648,,,,
20250910,271560,오리온,108300,400,89917,,,,
20250910,271940,일진하이솔루스,17620,520,60969,,,,
20250910,271980,제일약품,14140,-20,18098,,,,
20250910,272210,한화시스템,53600,1900,888960,,,,
20250910,272450,진에어,8500,0,42817,,,,
20250910,272550,삼양패키징,13310,120,6396,,,,
20250910,278470,에이피알,227500,-2500,352215,,,,
20250910,280360,롯데웰푸드,112100,-400,59865,,,,
20250910,281820,케이씨텍,34700,150,127807,,,,
20250910,282330,BGF리테일,109800,200,30931,,,,
20250910,284740,쿠쿠홈시스,27150,0,22200,,,,
20250910,285130,SK케미칼,60300,-1800,63360,,,,
20250910,28513K,SK케미칼우,26200,-100,3955,,,,
20250910,286940,롯데이노베이트,21750,100,16066,,,,
20250910,293480,하나제약,11880,20,10341,,,,
20250910,293940,신한알파리츠,5650,10,169739,,,,
20250910,294870,IPARK현대산업개발,20500,100,130857,,,,
20250910,298000,효성화학,77800,0,0,,,,
20250910,298020,효성티앤씨,220500,4500,10721,,,,
20250910,298040,효성중공업,1393000,141000,159889,,,,
20250910,298050,HS효성첨단소재,194700,900,11200,,,,
20250910,298690,에어부산,1993,-7,122588,,,,
20250910,300720,한일시멘트,20950,600,101306,,,,
20250910,302440,SK바이오사이언스,48850,-50,105706,,,,
20250910,306200,세아제강,135600,2600,4705,,,,
20250910,307950,현대오토에버,171200,800,41857,,,,
20250910,308170,씨티알모빌리티,5190,170,5588,,,,
20250910,316140,우리금융지주,25750,1050,2911094,,,,
20250910,317400,자이에스앤디,3540,-50,16562,,,,
20250910,322000,HD현대에너지솔루션,50700,-400,112019,,,,
20250910,323410,카카오뱅크,24650,700,1142035,,,,
20250910,326030,SK바이오팜,109500,100,158244,,,,
20250910,329180,HD현대중공업,504000,0,202893,,,,
20250910,330590,롯데리츠,4025,50,374199,,,,
20250910,334890,이지스밸류플러스리츠,4090,-35,125094,,,,
20250910,336260,두산퓨얼셀,26550,1350,1396214,,,,
20250910,33626K,두산퓨얼셀1우,6770,120,55098,,,,
20250910,33626L,두산퓨얼셀2우B,11190,210,6618,,,,
20250910,336370,솔루스첨단소재,7790,-10,68587,,,,
20250910,33637K,솔루스첨단소재1우,1846,49,32276,,,,
20250910,33637L,솔루스첨단소재2우B,3650,10,4787,,,,
20250910,338100,NH프라임리츠,4680,20,24910,,,,
20250910,339770,교촌에프앤비,4900,40,43645,,,,
20250910,344820,KCC글라스,29550,150,19171,,,,
20250910,348950,제이알글로벌리츠,2995,-55,638115,,,,
20250910,350520,이지스레지던스리츠,4010,5,26886,,,,
20250910,352820,하이브,291500,1500,185172,,,,
20250910,353200,대덕전자,25950,650,2365033,,,,
20250910,35320K,대덕전자1우,9210,110,12125,,,,
20250910,357120,코람코라이프인프라리츠,4385,55,84098,,,,
20250910,357250,미래에셋맵스리츠,2805,0,78041,,,,
20250910,357430,마스턴프리미어리츠,1567,9,45908,,,,
20250910,361610,SK아이이테크놀로지,27500,-50,116297,,,,
20250910,363280,티와이홀딩스,3010,-5,163040,,,,
20250910,36328K,티와이홀딩스우,5260,0,5658,,,,
20250910,365550,ESR켄달스퀘어리츠,4600,-5,322540,,,,
20250910,372910,한컴라이프케어,2775,55,147040,,,,
20250910,373220,LG에너지솔루션,340500,-6500,246196,,,,
20250910,375500,DL이앤씨,43600,-250,131850,,,,
20250910,37550K,DL이앤씨우,19790,220,4285,,,,
20250910,37550L,DL이앤씨2우(전환),30200,100,1542,,,,
20250910,377190,디앤디플랫폼리츠,3370,20,59018,,,,
20250910,377300,카카오페이,53100,800,834909,,,,
20250910,377740,바이오노트,6060,-130,121184,,,,
20250910,378850,화승알앤에이,3600,-115,1360753,,,,
20250910,381970,케이카,16210,0,50478,,,,
20250910,383220,F&F,68100,-1000,55912,,,,
20250910,383800,LX홀딩스,8160,60,205755,,,,
20250910,38380K,LX홀딩스1우,8510,-130,3521,,,,
20250910,395400,SK리츠,5120,-30,291397,,,,
20250910,396690,미래에셋글로벌리츠,2790,-5,49979,,,,
20250910,400760,NH올원리츠,3295,-30,105225,,,,
20250910,402340,SK스퀘어,174300,12300,948822,,,,
20250910,403550,쏘카,12260,-90,3625,,,,
20250910,404990,신한서부티엔디리츠,3385,-50,191380,,,,
20250910,415640,KB발해인프라,8850,-10,161421,,,,
20250910,417310,코람코더원리츠,5820,60,58271,,,,
20250910,432320,KB스타리츠,3865,-20,124071,,,,
20250910,439260,대한조선,81100,600,365465,,,,
20250910,443060,HD현대마린솔루션,217500,2500,52093,,,,
20250910,446070,유니드비티플러스,3970,40,17014,,,,
20250910,448730,삼성FN리츠,4345,0,75010,,,,
20250910,450080,에코프로머티,48750,-700,263315,,,,
20250910,451800,한화리츠,4025,60,329925,,,,
20250910,452260,한화갤러리아,1137,2,296738,,,,
20250910,45226K,한화갤러리아우,2235,20,2262,,,,
20250910,453340,현대그린푸드,15870,-40,23760,,,,
20250910,454910,두산로보틱스,62400,1000,331405,,,,
20250910,456040,OCI,54900,600,24029,,,,
20250910,457190,이수스페셜티케미컬,45050,100,174323,,,,
20250910,460850,동국씨엠,5670,0,46333,,,,
20250910,460860,동국제강,10040,340,279801,,,,
20250910,462520,조선내화,14080,270,12031,,,,
20250910,462870,시프트업,41450,200,99299,,,,
20250910,465770,STX그린로지스,7770,50,26460,,,,
20250910,475150,SK이터닉스,22350,100,624705,,,,
20250910,475560,더본코리아,25800,100,22026,,,,
20250910,480370,씨케이솔루션,3452,-78,79424,,,,
20250910,481850,신한글로벌액티브리츠,1449,0,127144,,,,
20250910,483650,달바글로벌,168700,-300,136047,,,,
20250910,484870,엠앤씨솔루션,66133,-2367,107838,,,,
20250910,487570,HS효성,60500,500,16858,,,,
20250910,489790,한화비전,59500,1100,583597,,,,
20250910,499790,GS피앤엘,53900,-2400,177182,,,,
20250910,900140,엘브이엠씨홀딩스,1750,-2,426031,,,,
20250910,950210,프레스티지바이오파마,14650,-350,115113,,,,
20250911,000020,동화약품,6390,-30,30802,,,,
20250911,000040,KR모터스,2715,70,231438,,,,
20250911,000050,경방,7370,-20,13189,,,,
20250911,000070,삼양홀딩스,58322,67,19000,,,,
20250911,000080,하이트진로,19510,280,213102,,,,
20250911,000087,하이트진로2우B,15610,30,1827,,,,
20250911,000100,유한양행,118900,-600,315657,,,,
20250911,000105,유한양행우,105300,-1000,2357,,,,
20250911,000120,CJ대한통운,83100,-400,79140,,,,
20250911,000140,하이트진로홀딩스,10290,-90,15369,,,,
20250911,000145,하이트진로홀딩스우,11880,-410,1236,,,,
20250911,000150,두산,623000,-21000,162694,,,,
20250911,000155,두산우,364500,-8500,18735,,,,
20250911,000157,두산2우B,373500,-12500,2051,,,,
20250911,000180,성창기업지주,8630,-105,5157,,,,
20250911,000210,DL,38700,-250,93475,,,,
20250911,000215,DL우,22700,50,2820,,,,
20250911,000220,유유제약,4330,-10,17968,,,,
20250911,000225,유유제약1우,4690,-130,4328,,,,
20250911,000227,유유제약2우B,10380,-40,698,,,,
20250911,000230,일동홀딩스,9100,-220,32593,,,,
20250911,000240,한국앤컴퍼니,24000,50,235617,,,,
20250911,000270,기아,106600,600,1118881,,,,
20250911,000300,DH오토넥스,4200,0,0,,,,
20250911,000320,노루홀딩스,34000,-100,44239,,,,
20250911,000325,노루홀딩스우,34700,-100,578,,,,
20250911,000370,한화손해보험,5740,-110,480964,,,,
20250911,000390,SP삼화,6200,-30,27481,,,,
20250911,000400,롯데손해보험,1612,-21,291409,,,,
20250911,000430,대원강업,3985,10,47518,,,,
20250911,000480,CR홀딩스,5020,-20,32468,,,,
20250911,000490,대동,9970,20,56138,,,,
20250911,000500,가온전선,34285,833,71245,,,,
20250911,000520,삼일제약,11170,-60,138091,,,,
20250911,000540,흥국화재,4215,-75,89526,,,,
20250911,000545,흥국화재우,7410,-40,5623,,,,
20250911,000590,CS홀딩스,89300,-2100,2108,,,,
20250911,000640,동아쏘시오홀딩스,105571,-2913,17267,,,,
20250911,000650,천일고속,41000,300,204,,,,
20250911,000660,SK하이닉스,307000,3000,5148088,,,,
20250911,000670,영풍,40811,632,30577,,,,
20250911,000680,LS네트웍스,4015,35,126698,,,,
20250911,000700,유수홀딩스,5760,-10,11194,,,,
20250911,000720,현대건설,58700,-1200,1099955,,,,
20250911,000725,현대건설우,54000,-400,3030,,,,
20250911,000760,이화산업,12260,-70,529,,,,
20250911,000810,삼성화재,473000,1000,150946,,,,
20250911,000815,삼성화재우,347000,-7500,11493,,,,
20250911,000850,화천기공,31350,350,3875,,,,
20250911,000860,강남제비스코,12360,50,14328,,,,
20250911,000880,한화,103961,-2281,563200,,,,
20250911,00088K,한화3우B,36900,-302,30532,,,,
20250911,000890,보해양조,2310,10,71633,,,,
20250911,000910,유니온,4560,-5,39807,,,,
20250911,000950,전방,33400,400,1533,,,,
20250911,000970,한국주철관,7100,10,19286,,,,
20250911,000990,DB하이텍,51300,900,717835,,,,
20250911,001020,페이퍼코리아,3605,-35,3430,,,,
20250911,001040,CJ,188400,2500,220775,,,,
20250911,001045,CJ우,97100,-500,5514,,,,
20250911,00104K,CJ4우(전환),158000,1000,6949,,,,
20250911,001060,JW중외제약,22550,-150,61356,,,,
20250911,001065,JW중외제약우,28000,0,128,,,,
20250911,001067,JW중외제약2우B,57200,-900,221,,,,
20250911,001070,대한방직,6560,-70,7461,,,,
20250911,001080,만호제강,3085,155,66740,,,,
20250911,001120,LX인터내셔널,30850,150,124248,,,,
20250911,001130,대한제분,14650,0,13630,,,,
20250911,001200,유진투자증권,3775,35,2182575,,,,
20250911,001210,금호전기,4225,-25,66641,,,,
20250911,001230,동국홀딩스,1730,3,172939,,,,
20250911,001250,GS글로벌,2570,0,394601,,,,
20250911,001260,남광토건,8530,-150,29695,,,,
20250911,001270,부국증권,76900,-3000,527259,,,,
20250911,001275,부국증권우,26600,-400,5206,,,,
20250911,001290,상상인증권,765,-42,6821157,,,,
20250911,001340,PKC,5900,40,47486,,,,
20250911,001360,삼성제약,1755,-9,313759,,,,
20250911,001380,SG글로벌,3259,-2,56755,,,,
20250911,001390,KG케미칼,4775,-65,140864,,,,
20250911,001420,태원물산,3395,0,6233,,,,
20250911,001430,세아베스틸지주,26900,-500,108595,,,,
20250911,001440,대한전선,16720,550,2296166,,,,
20250911,001450,현대해상,27450,-700,567157,,,,
20250911,001460,BYC,40900,350,3433,,,,
20250911,001465,BYC우,26150,-100,1910,,,,
20250911,001470,삼부토건,347,0,0,,,,
20250911,001500,현대차증권,8730,-360,974040,,,,
20250911,001510,SK증권,1393,-10,2923866,,,,
20250911,001515,SK증권우,3992,-48,1567,,,,
20250911,001520,동양,1322,32,203436,,,,
20250911,001525,동양우,8140,70,914,,,,
20250911,001527,동양2우B,17340,-440,61,,,,
20250911,001530,DI동일,34762,619,61674,,,,
20250911,001550,조비,12460,-250,21989,,,,
20250911,001560,제일연마,10620,-220,12147,,,,
20250911,001570,금양,9900,0,0,,,,
20250911,001620,케이비아이동국실업,2435,0,24461,,,,
20250911,001630,종근당홀딩스,49450,350,4217,,,,
20250911,001680,대상,23050,200,145540,,,,
20250911,001685,대상우,16800,-40,2294,,,,
20250911,001720,신영증권,149400,-2400,80619,,,,
20250911,001740,SK네트웍스,4445,-45,188449,,,,
20250911,001750,한양증권,18210,-280,58147,,,,
20250911,001755,한양증권우,17030,50,2725,,,,
20250911,001770,SHD,17690,230,4309,,,,
20250911,001780,알루코,2165,-30,351610,,,,
20250911,001790,대한제당,2980,0,97833,,,,
20250911,001795,대한제당우,2500,0,14892,,,,
20250911,001800,오리온홀딩스,21250,150,90403,,,,
20250911,001820,삼화콘덴서,31800,-500,457410,,,,
20250911,001940,KISCO홀딩스,26550,150,25867,,,,
20250911,002020,코오롱,42500,-3050,180903,,,,
20250911,002025,코오롱우,21550,-550,6697,,,,
20250911,002030,아세아,355000,-1000,1642,,,,
20250911,002070,비비안,15024,-79,16958,,,,
20250911,002100,경농,9460,-40,13327,,,,
20250911,002140,고려산업,2700,-25,48590,,,,
20250911,002150,도화엔지니어링,6580,0,19954,,,,
20250911,002170,SYTS,54800,200,669,,,,
20250911,002200,한국수출포장,2910,5,145377,,,,
20250911,002210,동성제약,1946,0,0,,,,
20250911,002220,한일철강,3205,-15,66838,,,,
20250911,002240,고려제강,17430,-250,37590,,,,
20250911,002310,아세아제지,8090,-10,74324,,,,
20250911,002320,한진,21500,400,29780,,,,
20250911,002350,넥센타이어,6140,-140,858737,,,,
20250911,002355,넥센타이어1우B,3360,70,49835,,,,
20250911,002360,SH에너지화학,4340,0,7974,,,,
20250911,002380,KCC,418000,0,30761,,,,
20250911,002390,한독,11740,-110,59494,,,,
20250911,002410,범양건영,1935,0,0,,,,
20250911,002420,세기상사,5330,0,3085,,,,
20250911,002450,삼익악기,1287,9,58770,,,,
20250911,002460,HS화성,10540,-70,17264,,,,
20250911,002600,조흥,156100,-1900,496,,,,
20250911,002620,제일파마홀딩스,8790,0,2949,,,,
20250911,002630,오리엔트바이오,1260,-24,442568,,,,
20250911,002690,동일제강,1638,24,45181,,,,
20250911,002700,신일전자,1337,4,181684,,,,
20250911,002710,TCC스틸,17170,-30,108583,,,,
20250911,002720,국제약품,4600,0,42095,,,,
20250911,002760,보락,1047,7,91450,,,,
20250911,002780,진흥기업,731,2,81032,,,,
20250911,002785,진흥기업우B,3420,30,40,,,,
20250911,002787,진흥기업2우B,7790,50,7,,,,
20250911,002790,아모레퍼시픽홀딩스,27250,-50,104934,,,,
20250911,002795,아모레퍼시픽홀딩스우,11190,-80,10553,,,,
20250911,00279K,아모레퍼시픽홀딩스3우C,21500,50,7475,,,,
20250911,002810,삼영무역,16200,180,29648,,,,
20250911,002820,SUN&L,2610,-15,10683,,,,
20250911,002840,미원상사,155000,2800,3462,,,,
20250911,002870,신풍,1051,8,107204,,,,
20250911,002880,디와이에이,1149,53,91465,,,,
20250911,002900,TYM,6100,-40,187579,,,,
20250911,002920,유성기업,2120,-20,12990,,,,
20250911,002960,한국쉘석유,422500,1500,2354,,,,
20250911,002990,금호건설,4075,70,91660,,,,
20250911,002995,금호건설우,11960,240,490,,,,
20250911,003000,부광약품,3485,-35,628692,,,,
20250911,003010,혜인,5850,410,1078531,,,,
20250911,003030,세아제강지주,176900,-5300,15296,,,,
20250911,003060,에이프로젠바이오로직스,658,5,2664015,,,,
20250911,003070,코오롱글로벌,9160,-30,4110,,,,
20250911,003075,코오롱글로벌우,14790,0,1142,,,,
20250911,003080,SB성보,2830,0,15979,,,,
20250911,003090,대웅,24050,-550,117352,,,,
20250911,0030R0,대신밸류리츠,4315,5,69719,,,,
20250911,003120,일성아이에스,24900,-250,13039,,,,
20250911,003160,디아이,14220,-50,582839,,,,
20250911,003200,일신방직,10260,180,21108,,,,
20250911,003220,대원제약,13010,-40,7856,,,,
20250911,003230,삼양식품,1630000,81000,76607,,,,
20250911,003240,태광산업,874000,-16000,1779,,,,
20250911,003280,흥아해운,1695,10,811271,,,,
20250911,003300,한일홀딩스,18130,330,51328,,,,
20250911,003350,한국화장품제조,12120,40,166200,,,,
20250911,003460,유화증권,2800,-70,78069,,,,
20250911,003465,유화증권우,2645,-20,1059,,,,
20250911,003470,유안타증권,3780,40,758031,,,,
20250911,003475,유안타증권우,3715,25,39964,,,,
20250911,003480,한진중공업홀딩스,6290,490,9308283,,,,
20250911,003490,대한항공,23750,-150,1277836,,,,
20250911,003495,대한항공우,23900,-50,1376,,,,
20250911,003520,영진약품,2015,-15,609917,,,,
20250911,003530,한화투자증권,6100,-60,2609655,,,,
20250911,003535,한화투자증권우,8080,-10,7311,,,,
20250911,003540,대신증권,28750,-150,390179,,,,
20250911,003545,대신증권우,21250,-300,97680,,,,
20250911,003547,대신증권2우B,19900,-100,39409,,,,
20250911,003550,LG,77000,-700,299737,,,,
20250911,003555,LG우,63000,-1200,12419,,,,
20250911,003570,SNT다이내믹스,59700,1300,92744,,,,
20250911,003580,HLB글로벌,2155,0,58206,,,,
20250911,003610,방림,4975,140,96160,,,,
20250911,003620,KG모빌리티,3370,50,345130,,,,
20250911,003650,미창석유,108900,900,700,,,,
20250911,003670,포스코퓨처엠,130800,1200,496400,,,,
20250911,003680,한성기업,5580,-30,69753,,,,
20250911,003690,코리안리,11200,10,569571,,,,
20250911,003720,삼영,5640,340,1901607,,,,
20250911,003780,진양산업,6810,140,84544,,,,
20250911,003830,대한화섬,124400,-200,183,,,,
20250911,003850,보령,8600,-10,57769,,,,
20250911,003920,남양유업,56400,0,2756,,,,
20250911,003925,남양유업우,34200,-400,2526,,,,
20250911,003960,사조대림,40800,-400,11415,,,,
20250911,004000,롯데정밀화학,45700,250,60405,,,,
20250911,004020,현대제철,37000,50,999115,,,,
20250911,004060,SG세계물산,3230,10,28991,,,,
20250911,004080,신흥,13900,30,5264,,,,
20250911,004090,한국석유,14010,-120,38785,,,,
20250911,004100,태양금속,2250,80,240632,,,,
20250911,004105,태양금속우,3160,20,24404,,,,
20250911,004140,동방,3310,-20,1163911,,,,
20250911,004150,한솔홀딩스,3315,20,166282,,,,
20250911,004170,신세계,174500,100,33067,,,,
20250911,004250,NPC,4160,-20,18534,,,,
20250911,004255,NPC우,2465,5,860,,,,
20250911,004270,남성,8133,-8,2737,,,,
20250911,004310,현대약품,3900,-75,115725,,,,
20250911,004360,세방,13990,40,43198,,,,
20250911,004365,세방우,9000,10,2271,,,,
20250911,004370,농심,488000,78500,278339,,,,
20250911,004380,삼익THK,13000,0,0,,,,
20250911,004410,서울식품,1560,10,87612,,,,
20250911,004415,서울식품우,12370,-100,74,,,,
20250911,004430,송원산업,10280,20,14656,,,,
20250911,004440,삼일씨엔에스,5020,-10,8319,,,,
20250911,004450,삼화왕관,34700,-200,107,,,,
20250911,004490,세방전지,63200,0,40896,,,,
20250911,004540,깨끗한나라,2085,-10,31803,,,,
20250911,004545,깨끗한나라우,11800,-20,209,,,,
20250911,004560,현대비앤지스틸,11530,-240,40212,,,,
20250911,004690,삼천리,132100,-1000,15174,,,,
20250911,004700,조광피혁,67900,1100,5377,,,,
20250911,004710,한솔테크닉스,5409,0,0,,,,
20250911,004720,팜젠사이언스,4570,25,84564,,,,
20250911,004770,써니전자,1639,2,115065,,,,
20250911,004800,효성,88600,-900,30263,,,,
20250911,004830,덕성,5560,10,131748,,,,
20250911,004835,덕성우,7540,70,2717,,,,
20250911,004840,DRB동일,5090,60,7220,,,,
20250911,004870,티웨이홀딩스,2744,-5,12727,,,,
20250911,004890,동일산업,41350,-550,810,,,,
20250911,004910,조광페인트,6210,40,89417,,,,
20250911,004920,씨아이테크,1153,-10,82850,,,,
20250911,004960,한신공영,8020,-100,18850,,,,
20250911,004970,신라교역,9300,10,11269,,,,
20250911,004980,성신양회,11070,-40,79596,,,,
20250911,004985,성신양회우,11830,-10,3375,,,,
20250911,004990,롯데지주,30450,-1050,445535,,,,
20250911,00499K,롯데지주우,32050,0,1119,,,,
20250911,005010,휴스틸,4280,5,209663,,,,
20250911,005030,부산주공,486,0,0,,,,
20250911,005070,코스모신소재,40000,-400,418911,,,,
20250911,005090,SGC에너지,23400,50,8599,,,,
20250911,005110,한창,1254,0,0,,,,
20250911,005180,빙그레,71200,500,35724,,,,
20250911,005250,녹십자홀딩스,15710,20,53332,,,,
20250911,005257,녹십자홀딩스2우,26850,-200,1476,,,,
20250911,005300,롯데칠성,119100,1700,43016,,,,
20250911,005305,롯데칠성우,72300,500,253,,,,
20250911,005320,온타이드,1112,28,154589,,,,
20250911,005360,모나미,2130,-30,241758,,,,
20250911,005380,현대차,223000,2500,569436,,,,
20250911,005385,현대차우,169500,-100,40230,,,,
20250911,005387,현대차2우B,172600,-400,54554,,,,
20250911,005389,현대차3우B,168900,0,5998,,,,
20250911,005420,코스모화학,16050,200,113930,,,,
20250911,005430,한국공항,70800,-300,4509,,,,
20250911,005440,현대지에프홀딩스,7990,-20,431426,,,,
20250911,005490,POSCO홀딩스,281500,-2500,328227,,,,
20250911,005500,삼진제약,19130,-60,16953,,,,
20250911,005610,삼립,55600,700,6830,,,,
20250911,005680,삼영전자,10560,0,18145,,,,
20250911,005690,파미셀,11840,-190,1285159,,,,
20250911,005720,넥센,6210,100,24391,,,,
20250911,005725,넥센우,4620,40,2573,,,,
20250911,005740,크라운해태홀딩스,7330,-130,52816,,,,
20250911,005745,크라운해태홀딩스우,8280,-160,637,,,,
20250911,005750,대림바스,4705,-25,27020,,,,
20250911,005800,신영와코루,14400,40,1674,,,,
20250911,005810,풍산홀딩스,40450,-250,43397,,,,
20250911,005820,원림,14220,190,51,,,,
20250911,005830,DB손해보험,145300,-200,205642,,,,
20250911,005850,에스엘,36200,2350,541365,,,,
20250911,005870,휴니드,8580,200,145581,,,,
20250911,005880,대한해운,1830,37,3362260,,,,
20250911,005930,삼성전자,73400,800,20793501,,,,
20250911,005935,삼성전자우,59300,100,1168928,,,,
20250911,005940,NH투자증권,20650,-100,1069468,,,,
20250911,005945,NH투자증권우,18170,130,110941,,,,
20250911,005950,이수화학,5670,70,63400,,,,
20250911,005960,동부건설,6780,280,395235,,,,
20250911,005965,동부건설우,19300,0,523,,,,
20250911,006040,동원산업,46950,50,27695,,,,
20250911,006060,화승인더,4380,-90,55528,,,,
20250911,006090,사조오양,10090,70,11164,,,,
20250911,006110,삼아알미늄,22750,-350,40202,,,,
20250911,006120,SK디스커버리,53300,-500,7806,,,,
20250911,006125,SK디스커버리우,37150,150,2338,,,,
20250911,006200,한국전자홀딩스,3545,10,12816,,,,
20250911,006220,제주은행,14470,-230,351215,,,,
20250911,006260,LS,183700,300,148968,,,,
20250911,006280,녹십자,133300,300,37714,,,,
20250911,006340,대원전선,2990,90,1985155,,,,
20250911,006345,대원전선우,3785,60,23635,,,,
20250911,006360,GS건설,19300,10,464294,,,,
20250911,006370,대구백화점,6790,-40,23080,,,,
20250911,006380,카프로,3660,0,0,,,,
20250911,006400,삼성SDI,198300,200,488743,,,,
20250911,006405,삼성SDI우,131900,1100,2862,,,,
20250911,006490,프리티,4070,35,126834,,,,
20250911,006570,대림통상,2615,-50,6854,,,,
20250911,006650,대한유화,122700,-1500,36071,,,,
20250911,006660,삼성공조,13900,40,26772,,,,
20250911,006740,블루산업개발,2431,-14,58300,,,,
20250911,006800,미래에셋증권,21656,-946,6653311,,,,
20250911,006805,미래에셋증권우,9737,-217,129761,,,,
20250911,00680K,미래에셋증권2우B,8981,-312,1043415,,,,
20250911,006840,AK홀딩스,11290,-100,4340,,,,
20250911,006880,신송홀딩스,7050,50,30765,,,,
20250911,006890,태경케미컬,9610,180,20995,,,,
20250911,006980,우성,17350,-160,384,,,,
20250911,007070,GS리테일,16380,-180,121639,,,,
20250911,007110,일신석재,2025,-45,652583,,,,
20250911,007120,미래아이앤지,919,3,52460,,,,
20250911,007160,사조산업,50700,-800,5046,,,,
20250911,007210,벽산,2180,-10,138738,,,,
20250911,007280,한국특강,3266,36,206481,,,,
20250911,007310,오뚜기,409000,14500,22216,,,,
20250911,007340,DN오토모티브,26600,700,110704,,,,
20250911,007460,에이프로젠,756,13,30712760,,,,
20250911,007540,샘표,48500,-500,5953,,,,
20250911,007570,일양약품,14600,0,0,,,,
20250911,007575,일양약품우,15260,0,0,,,,
20250911,007590,동방아그로,6210,30,6023,,,,
20250911,007610,선도전기,3000,0,0,,,,
20250911,007660,이수페타시스,74600,600,2346432,,,,
20250911,007690,국도화학,37450,200,11843,,,,
20250911,007700,F&F홀딩스,19910,30,53320,,,,
20250911,007810,코리아써키트,16580,430,519591,,,,
20250911,007815,코리아써우,6730,10,1215,,,,
20250911,00781K,코리아써키트2우B,6540,90,829,,,,
20250911,007860,서연,9400,-70,34944,,,,
20250911,007980,TP,1750,-26,803410,,,,
20250911,008040,사조동아원,1116,6,218096,,,,
20250911,008060,대덕,8310,10,87605,,,,
20250911,00806K,대덕1우,8140,-60,3223,,,,
20250911,008250,이건산업,4955,20,13086,,,,
20250911,008260,NI스틸,3820,20,73219,,,,
20250911,008350,남선알미늄,1163,12,452183,,,,
20250911,008355,남선알미우,12870,240,712,,,,
20250911,008420,문배철강,2545,-70,1379252,,,,
20250911,008490,서흥,26800,-1100,317141,,,,
20250911,008600,윌비스,3650,51,17476,,,,
20250911,008700,아남전자,1331,-2,89105,,,,
20250911,008730,율촌화학,30000,-300,91587,,,,
20250911,008770,호텔신라,49200,350,263523,,,,
20250911,008775,호텔신라우,42300,100,1019,,,,
20250911,008870,금비,59700,-900,5303,,,,
20250911,008930,한미사이언스,38700,-150,131386,,,,
20250911,008970,KBI동양철관,2629,0,0,,,,
20250911,009070,KCTC,5710,30,715506,,,,
20250911,009140,경인전자,20500,-100,1802,,,,
20250911,009150,삼성전기,188000,7500,931358,,,,
20250911,009155,삼성전기우,83800,2800,39584,,,,
20250911,009160,SIMPAC,4595,50,105477,,,,
20250911,009180,한솔로지스틱스,2885,95,157095,,,,
20250911,009190,대양금속,1606,1,296244,,,,
20250911,009200,무림페이퍼,2055,-5,105326,,,,
20250911,009240,한샘,43950,650,34295,,,,
20250911,009270,신원,1642,-20,1016709,,,,
20250911,009290,광동제약,6080,-40,77829,,,,
20250911,009310,참엔지니어링,1286,13,24280,,,,
20250911,009320,아진전자부품,1062,0,52013,,,,
20250911,009410,태영건설,1787,-20,237068,,,,
20250911,009415,태영건설우,5030,90,1218,,,,
20250911,009420,한올바이오파마,33400,50,362770,,,,
20250911,009440,KC그린홀딩스,756,0,0,,,,
20250911,009450,경동나비엔,79800,700,32679,,,,
20250911,009460,한창제지,3190,-25,20166,,,,
20250911,009470,삼화전기,31800,3050,565998,,,,
20250911,009540,HD한국조선해양,423000,8500,217148,,,,
20250911,009580,무림P&P,2620,0,40744,,,,
20250911,009680,모토닉,10630,10,28389,,,,
20250911,009770,삼정펄프,27000,-100,2405,,,,
20250911,009810,MDS스피어,3505,90,111474,,,,
20250911,009830,한화솔루션,27684,378,2563958,,,,
20250911,009835,한화솔루션우,20321,225,13115,,,,
20250911,009900,명신산업,9360,280,170926,,,,
20250911,009970,영원무역홀딩스,136800,3000,22341,,,,
20250911,010040,한국내화,2290,10,11367,,,,
20250911,010060,OCI홀딩스,95500,400,143113,,,,
20250911,010100,한국무브넥스,4625,270,2031331,,,,
20250911,010120,LS ELECTRIC,63200,1500,1236530,,,,
20250911,010130,고려아연,914000,21000,44933,,,,
20250911,010140,삼성중공업,22350,800,8745363,,,,
20250911,010400,우진아이엔에스,2870,5,6400,,,,
20250911,010580,에스엠벡셀,1571,23,36379,,,,
20250911,010640,진양폴리,3499,25,39956,,,,
20250911,010660,화천기계,4735,35,425307,,,,
20250911,010690,화신,8710,110,870796,,,,
20250911,010770,평화홀딩스,4035,-10,88922,,,,
20250911,010780,아이에스동서,20400,50,10919,,,,
20250911,010820,퍼스텍,4925,525,17905946,,,,
20250911,010950,S-Oil,60900,900,255588,,,,
20250911,010955,S-Oil우,39250,0,2414,,,,
20250911,010960,삼호개발,3595,-35,102183,,,,
20250911,011000,진원생명과학,12150,-200,56273,,,,
20250911,011070,LG이노텍,164000,3200,418308,,,,
20250911,011090,에넥스,3150,-50,20154,,,,
20250911,011150,CJ씨푸드,2890,-10,102976,,,,
20250911,011155,CJ씨푸드1우,16370,-130,1019,,,,
20250911,011170,롯데케미칼,65900,-500,136294,,,,
20250911,011200,HMM,23900,150,1948243,,,,
20250911,011210,현대위아,53100,800,135087,,,,
20250911,011230,삼화전자,3815,-30,507051,,,,
20250911,011280,태림포장,2000,-10,52579,,,,
20250911,011300,우성머티리얼스,4170,-60,33103,,,,
20250911,011330,유니켐,15450,-350,41003,,,,
20250911,011390,부산산업,81000,-1800,3865,,,,
20250911,011420,갤럭시아에스엠,2260,-5,193589,,,,
20250911,011500,한농화성,14260,20,21722,,,,
20250911,011690,와이투솔루션,3610,0,441227,,,,
20250911,011700,한신기계,3660,-85,318700,,,,
20250911,011760,현대코퍼레이션,22700,-100,48377,,,,
20250911,011780,금호석유화학,109500,-100,105117,,,,
20250911,011785,금호석유화학우,56500,100,6843,,,,
20250911,011790,SKC,95309,2538,495558,,,,
20250911,011810,STX,3530,0,0,,,,
20250911,011930,신성이엔지,16540,-250,634133,,,,
20250911,012030,DB,1640,-40,2155321,,,,
20250911,012160,영흥,2970,0,148982,,,,
20250911,012170,아센디오,2265,-65,354542,,,,
20250911,012200,계양전기,1369,3,24502,,,,
20250911,012205,계양전기우,3200,-19,4463,,,,
20250911,012280,영화금속,928,-3,89706,,,,
20250911,012320,경동인베스트,59700,100,5157,,,,
20250911,012330,현대모비스,316000,-3000,275234,,,,
20250911,012450,한화에어로스페이스,1005000,38000,298028,,,,
20250911,012610,경인양행,3190,5,15195,,,,
20250911,012630,HDC,21550,200,161569,,,,
20250911,012690,모나리자,2470,0,17305,,,,
20250911,012750,에스원,82200,2000,200403,,,,
20250911,012800,대창,1317,0,1004555,,,,
20250911,013000,세우글로벌,1061,-3,53060,,,,
20250911,013360,일성건설,1450,-12,327346,,,,
20250911,013520,화승코퍼레이션,1959,38,157835,,,,
20250911,013570,디와이,4410,35,24217,,,,
20250911,013580,계룡건설,20500,-400,63386,,,,
20250911,013700,까뮤이앤씨,1151,4,67099,,,,
20250911,013870,지엠비코리아,4055,10,6975,,,,
20250911,013890,지누스,17080,-50,69279,,,,
20250911,014130,한익스프레스,3235,-5,10348,,,,
20250911,014160,대영포장,1219,33,2119549,,,,
20250911,014280,금강공업,5730,-60,1149454,,,,
20250911,014285,금강공업우,6990,-80,1187,,,,
20250911,014440,영보화학,4430,-5,48860,,,,
20250911,014530,극동유화,3350,5,68813,,,,
20250911,014580,태경비케이,4960,-60,95580,,,,
20250911,014680,한솔케미칼,173700,200,52178,,,,
20250911,014710,사조씨푸드,8970,-80,15121,,,,
20250911,014790,HL D&I,2545,0,34879,,,,
20250911,014820,동원시스템즈,29850,450,37411,,,,
20250911,014825,동원시스템즈우,17400,-210,360,,,,
20250911,014830,유니드,78300,400,27711,,,,
20250911,014910,성문전자,1164,-6,15781,,,,
20250911,014915,성문전자우,4060,0,1082,,,,
20250911,014990,인디에프,5425,-175,98808,,,,
20250911,015020,이스타코,1326,-10,54565,,,,
20250911,015230,대창단조,6530,-110,89271,,,,
20250911,015260,에이엔피,522,-13,318579,,,,
20250911,015360,INVENI,12580,-140,30795,,,,
20250911,015590,DKME,2575,0,0,,,,
20250911,015760,한국전력,37550,-1150,2732701,,,,
20250911,015860,일진홀딩스,5710,-70,132282,,,,
20250911,015890,태경산업,5290,-80,91082,,,,
20250911,016090,대현,1821,2,65275,,,,
20250911,016360,삼성증권,73700,-500,673260,,,,
20250911,016380,KG스틸,5420,-70,168361,,,,
20250911,016450,한세예스24홀딩스,4100,55,31427,,,,
20250911,016580,환인제약,10870,70,22657,,,,
20250911,016590,신대양제지,11450,220,18063,,,,
20250911,016610,DB증권,9350,-90,156535,,,,
20250911,016710,대성홀딩스,8800,0,18376,,,,
20250911,016740,두올,3615,70,187328,,,,
20250911,016800,퍼시스,42700,-450,746,,,,
20250911,016880,웅진,5130,320,2013887,,,,
20250911,017040,광명전기,1126,1,278227,,,,
20250911,017180,명문제약,1751,-17,33716,,,,
20250911,017370,우신시스템,6940,40,9464,,,,
20250911,017390,서울가스,63400,-100,4534,,,,
20250911,017550,수산세보틱스,1931,5,66963,,,,
20250911,017670,SK텔레콤,54900,100,636267,,,,
20250911,017800,현대엘리베이터,79400,100,186137,,,,
20250911,017810,풀무원,14720,640,603765,,,,
20250911,017860,DS단석,21589,-148,67435,,,,
20250911,017900,광전자,1879,-3,8253,,,,
20250911,017940,E1,77900,-300,17283,,,,
20250911,017960,한국카본,34250,350,407705,,,,
20250911,018250,애경산업,15490,-10,72181,,,,
20250911,018260,삼성에스디에스,163500,1700,312481,,,,
20250911,018470,조일알미늄,1435,-6,315983,,,,
20250911,018500,동원모빌리티,1358,-11,257178,,,,
20250911,018670,SK가스,242000,1000,7522,,,,
20250911,018880,한온시스템,3304,74,1327225,,,,
20250911,019170,신풍제약,12700,-130,150676,,,,
20250911,019175,신풍제약우,22650,-550,3821,,,,
20250911,019180,티에이치엔,5010,-90,423207,,,,
20250911,019490,엑시큐어하이트론,660,-13,678026,,,,
20250911,019680,대교,2305,20,59988,,,,
20250911,019685,대교우B,1274,-5,4649,,,,
20250911,020000,한섬,15250,-140,31040,,,,
20250911,020120,키다리스튜디오,3860,-10,74352,,,,
20250911,020150,롯데에너지머티리얼즈,23800,-350,62222,,,,
20250911,020560,아시아나항공,9540,10,89557,,,,
20250911,020760,일진디스플,902,-3,141093,,,,
20250911,021050,서원,1192,2,120422,,,,
20250911,021240,코웨이,99800,200,196187,,,,
20250911,021820,세원정공,10050,-110,6098,,,,
20250911,022100,포스코DX,22800,300,342983,,,,
20250911,023000,삼원강재,2465,-5,5315,,,,
20250911,023150,MH에탄올,5150,0,7187,,,,
20250911,023350,한국종합기술,4865,5,15902,,,,
20250911,023450,동남합성,32000,0,373,,,,
20250911,023530,롯데쇼핑,68000,-100,49827,,,,
20250911,023590,다우기술,37050,-400,105629,,,,
20250911,023800,인지컨트롤스,5890,10,17177,,,,
20250911,023810,인팩,6960,30,20228,,,,
20250911,023960,에쓰씨엔지니어링,1157,3,99154,,,,
20250911,024070,WISCOM,2010,12,6979,,,,
20250911,024090,디씨엠,12520,-100,6582,,,,
20250911,024110,기업은행,19730,-160,1278979,,,,
20250911,024720,콜마홀딩스,13300,-190,253419,,,,
20250911,024890,대원화성,4425,135,19412,,,,
20250911,024900,디와이덕양,2340,30,67956,,,,
20250911,025000,KPX케미칼,47541,188,8069,,,,
20250911,025530,SJM홀딩스,3590,-20,18991,,,,
20250911,025540,한국단자,62100,700,16154,,,,
20250911,025560,미래산업,2190,-54,153740,,,,
20250911,025620,차AI헬스케어,8740,330,111660,,,,
20250911,025750,한솔홈데코,3505,10,22835,,,,
20250911,025820,이구산업,4620,-25,126878,,,,
20250911,025860,남해화학,6900,-40,66268,,,,
20250911,025890,한국주강,2215,55,548126,,,,
20250911,026890,스틱인베스트먼트,10840,60,83866,,,,
20250911,026940,부국철강,2530,-10,342422,,,,
20250911,026960,동서,27950,150,99638,,,,
20250911,027410,BGF,4030,5,118630,,,,
20250911,027740,마니커,1692,16,66794,,,,
20250911,027970,한국제지,4060,10,3807,,,,
20250911,028050,삼성E&A,28900,250,1118622,,,,
20250911,028100,동아지질,14830,90,14592,,,,
20250911,028260,삼성물산,186500,4100,614829,,,,
20250911,02826K,삼성물산우B,125100,500,5831,,,,
20250911,028670,팬오션,4100,15,1369787,,,,
20250911,029460,케이씨,22750,-250,17132,,,,
20250911,029530,신도리코,45400,-600,7094,,,,
20250911,029780,삼성카드,53700,600,170478,,,,
20250911,030000,제일기획,20200,300,331529,,,,
20250911,030190,NICE평가정보,15510,10,28057,,,,
20250911,030200,KT,52200,1100,671592,,,,
20250911,030210,다올투자증권,3720,-50,159932,,,,
20250911,030610,교보증권,9620,-160,539456,,,,
20250911,030720,동원수산,6070,-50,7323,,,,
20250911,031210,서울보증보험,49500,2900,339285,,,,
20250911,031430,신세계인터내셔날,10520,0,25167,,,,
20250911,031820,아이티센씨티에스,6210,0,23252,,,,
20250911,032350,롯데관광개발,16680,290,736360,,,,
20250911,032560,황금에스티,5760,10,7321,,,,
20250911,032640,LG유플러스,15270,750,1307674,,,,
20250911,032830,삼성생명,160900,2300,346442,,,,
20250911,033240,자화전자,18520,-80,59436,,,,
20250911,033250,체시스,5375,-50,27863,,,,
20250911,033270,유나이티드제약,20150,0,72365,,,,
20250911,033530,SJG세종,6210,-30,194585,,,,
20250911,033780,KT&G,132700,1300,526644,,,,
20250911,033920,무학,8190,-90,34803,,,,
20250911,034020,두산에너빌리티,61000,-1600,5153511,,,,
20250911,034120,SBS,20150,-100,60332,,,,
20250911,034220,LG디스플레이,11750,110,2307251,,,,
20250911,034230,파라다이스,21350,-200,735849,,,,
20250911,034310,NICE,13900,20,67199,,,,
20250911,034590,인천도시가스,26000,-50,1154,,,,
20250911,034730,SK,220500,-2000,214364,,,,
20250911,03473K,SK우,167800,-500,3335,,,,
20250911,034830,한국토지신탁,1424,27,2883357,,,,
20250911,035000,HS애드,9030,30,27199,,,,
20250911,035150,백산,14910,-20,19229,,,,
20250911,035250,강원랜드,17700,-10,473817,,,,
20250911,035420,NAVER,233000,-500,808213,,,,
20250911,035510,신세계 I&C,15400,130,49380,,,,
20250911,035720,카카오,59900,0,1793242,,,,
20250911,036420,콘텐트리중앙,11290,460,155214,,,,
20250911,036460,한국가스공사,40300,-250,228193,,,,
20250911,036530,SNT홀딩스,88200,7200,119958,,,,
20250911,036570,NC,202000,1500,89887,,,,
20250911,036580,팜스코,2695,-10,10324,,,,
20250911,037270,YG PLUS,8510,-340,1522789,,,,
20250911,037560,LG헬로비전,2945,50,499924,,,,
20250911,037710,광주신세계,30550,-50,8427,,,,
20250911,039130,하나투어,52000,-500,93647,,,,
20250911,039490,키움증권,249500,500,313403,,,,
20250911,039570,HDC랩스,8780,20,9653,,,,
20250911,041650,상신브레이크,2810,5,93187,,,,
20250911,042660,한화오션,112600,1900,2813669,,,,
20250911,042700,한미반도체,90000,2700,928193,,,,
20250911,044380,주연테크,2610,-155,67247,,,,
20250911,044450,KSS해운,9550,-50,26615,,,,
20250911,044820,코스맥스비티아이,18450,-460,34925,,,,
20250911,047040,대우건설,3780,-5,1130380,,,,
20250911,047050,포스코인터내셔널,49600,600,304631,,,,
20250911,047400,유니온머티리얼,1450,8,60793,,,,
20250911,047810,한국항공우주,102000,5200,1887983,,,,
20250911,049800,우진플라임,2145,15,23516,,,,
20250911,051600,한전KPS,51200,0,207909,,,,
20250911,051630,진양화학,2065,65,141072,,,,
20250911,051900,LG생활건강,294000,1500,120036,,,,
20250911,051905,LG생활건강우,119200,1300,6977,,,,
20250911,051910,LG화학,290000,3000,230401,,,,
20250911,051915,LG화학우,138900,100,11757,,,,
20250911,052690,한전기술,91200,-1400,450507,,,,
20250911,053210,스카이라이프,5260,0,20932,,,,
20250911,053690,한미글로벌,21700,100,121685,,,,
20250911,055490,테이팩스,15000,-150,8405,,,,
20250911,055550,신한지주,67800,300,2324459,,,,
20250911,058430,포스코스틸리온,3795,-5,59910,,,,
20250911,058650,세아홀딩스,124500,-2000,1889,,,,
20250911,058730,다스코,2990,0,17219,,,,
20250911,058850,KTcs,2840,-30,196773,,,,
20250911,058860,KTis,2875,-5,119520,,,,
20250911,060980,HL홀딩스,42150,250,13377,,,,
20250911,062040,산일전기,117100,4500,931434,,,,
20250911,063160,종근당바이오,23500,-150,12659,,,,
20250911,064350,현대로템,212500,4000,875528,,,,
20250911,064400,LG씨엔에스,70500,-800,330717,,,,
20250911,064960,SNT모티브,35950,550,69831,,,,
20250911,066570,LG전자,75900,100,473494,,,,
20250911,066575,LG전자우,37600,200,34165,,,,
20250911,066970,엘앤에프,63300,-100,379544,,,,
20250911,067830,세이브존I&C,2705,5,22767,,,,
20250911,068270,셀트리온,163944,2192,435062,,,,
20250911,068290,삼성출판사,16360,-80,4596,,,,
20250911,069260,TKG휴켐스,17660,-60,66355,,,,
20250911,069460,대호에이엘,8650,0,105389,,,,
20250911,069620,대웅제약,144200,300,52401,,,,
20250911,069640,한세엠케이,1680,-8,19085,,,,
20250911,069730,DSR제강,3920,-90,49627,,,,
20250911,069960,현대백화점,79500,1800,145976,,,,
20250911,070960,모나용평,4085,-40,70963,,,,
20250911,071050,한국금융지주,147600,-2600,495974,,,,
20250911,071055,한국금융지주우,104700,-300,37739,,,,
20250911,071090,하이스틸,4740,10,1014018,,,,
20250911,071320,지역난방공사,81200,-2000,23416,,,,
20250911,071840,롯데하이마트,8510,-20,8987,,,,
20250911,071950,코아스,7300,-910,650255,,,,
20250911,071970,HD현대마린엔진,95000,4600,387941,,,,
20250911,072130,유엔젤,5480,170,228379,,,,
20250911,072710,농심홀딩스,84200,3000,55049,,,,
20250911,073240,금호타이어,4960,75,656878,,,,
20250911,074610,이엔플러스,5110,0,0,,,,
20250911,075180,새론오토모티브,3205,20,12272,,,,
20250911,075580,세진중공업,26100,50,2440442,,,,
20250911,077500,유니퀘스트,6510,-20,200986,,,,
20250911,077970,STX엔진,47000,1200,784895,,,,
20250911,078000,텔코웨어,14500,-280,27911,,,,
20250911,078520,에이블씨엔씨,13400,-280,1037620,,,,
20250911,078930,GS,46550,200,284423,,,,
20250911,078935,GS우,43250,-50,5160,,,,
20250911,079160,CJ CGV,5100,350,2618994,,,,
20250911,079430,현대리바트,7300,-40,15972,,,,
20250911,079550,LIG디펜스앤에어로스페이스,503000,6000,206149,,,,
20250911,079900,전진건설로봇,48100,-400,40505,,,,
20250911,079980,휴비스,2975,10,61765,,,,
20250911,081000,일진다이아,12100,20,15982,,,,
20250911,081660,미스토홀딩스,42100,200,157331,,,,
20250911,082640,동양생명,7540,-80,154484,,,,
20250911,082740,한화엔진,46100,400,1788960,,,,
20250911,083420,그린케미칼,7710,120,70648,,,,
20250911,084010,대한제강,11336,434,52134,,,,
20250911,084670,동양고속,8230,20,2037,,,,
20250911,084680,이월드,1510,1,74881,,,,
20250911,084690,대상홀딩스,9500,0,43901,,,,
20250911,084695,대상홀딩스우,12830,10,4921,,,,
20250911,084870,TBH글로벌,1415,8,14797,,,,
20250911,085310,엔케이,15310,760,2834043,,,,
20250911,085620,미래에셋생명,7770,-180,166963,,,,
20250911,086280,현대글로비스,186600,-900,343886,,,,
20250911,086790,하나금융지주,87700,600,1806435,,,,
20250911,088260,이리츠코크렙,4715,25,38870,,,,
20250911,088350,한화생명,3320,10,2044886,,,,
20250911,088790,진도,1918,-12,41219,,,,
20250911,088980,맥쿼리인프라,11590,-10,649604,,,,
20250911,089470,HDC현대EP,4185,-10,25999,,,,
20250911,089590,제주항공,6550,-50,45151,,,,
20250911,089860,롯데렌탈,30000,100,26228,,,,
20250911,090080,평화산업,1000,-7,170948,,,,
20250911,090350,노루페인트,9820,-100,139158,,,,
20250911,090355,노루페인트우,13900,220,743,,,,
20250911,090370,메타랩스,1312,7,25524,,,,
20250911,090430,아모레퍼시픽,119900,300,246067,,,,
20250911,090435,아모레퍼시픽우,41950,500,19033,,,,
20250911,090460,비에이치,17720,-1110,1476778,,,,
20250911,091810,트리니티항공,1842,31,480339,,,,
20250911,092200,디아이씨,4820,-130,522907,,,,
20250911,092220,KEC,3770,100,205995,,,,
20250911,092230,KPX홀딩스,69000,-400,1244,,,,
20250911,092440,기신정기,2615,35,30267,,,,
20250911,092780,DYP,4015,5,24998,,,,
20250911,092790,넥스틸,13210,-10,251356,,,,
20250911,093050,LF,18600,-200,42963,,,,
20250911,093240,형지엘리트,1422,-38,1052561,,,,
20250911,093370,후성,5590,10,415332,,,,
20250911,094280,효성ITX,13010,60,6386,,,,
20250911,094800,맵스리얼티,4980,70,81230,,,,
20250911,095570,AJ네트웍스,4365,15,81811,,,,
20250911,095720,웅진씽크빅,3396,-2,87068,,,,
20250911,096760,JW홀딩스,3400,10,34515,,,,
20250911,096770,SK이노베이션,108500,2000,675159,,,,
20250911,096775,SK이노베이션우,71600,100,2302,,,,
20250911,097230,HJ중공업,33350,250,9936875,,,,
20250911,097520,엠씨넥스,30200,350,52403,,,,
20250911,097950,CJ제일제당,237500,3000,110796,,,,
20250911,097955,CJ제일제당 우,143200,300,5623,,,,
20250911,100090,SK오션플랜트,29100,5250,21045561,,,,
20250911,100220,비상교육,5420,10,46124,,,,
20250911,100250,진양홀딩스,3132,-19,27754,,,,
20250911,100840,SNT에너지,64100,2700,502499,,,,
20250911,101140,인바이오젠,13000,90,15202,,,,
20250911,101530,해태제과식품,6810,20,34101,,,,
20250911,102260,동성케미컬,4275,44,53355,,,,
20250911,102460,이연제약,11820,40,20139,,,,
20250911,103140,풍산,120700,-900,302826,,,,
20250911,103590,일진전기,38800,-200,1267194,,,,
20250911,104700,한국철강,9900,-160,84671,,,,
20250911,105560,KB금융,117600,0,1307952,,,,
20250911,105630,한세실업,10360,30,136493,,,,
20250911,105840,우진,11730,-280,267122,,,,
20250911,107590,미원홀딩스,71600,600,105,,,,
20250911,108320,LX세미콘,53100,500,86926,,,,
20250911,108670,LX하우시스,29500,150,12611,,,,
20250911,108675,LX하우시스우,17500,-20,1026,,,,
20250911,109070,주성코퍼레이션,884,-8,65317,,,,
20250911,111110,호전실업,7250,240,127261,,,,
20250911,111380,동인기연,14360,30,19670,,,,
20250911,111770,영원무역,60300,1800,74218,,,,
20250911,112610,씨에스윈드,44500,1650,545633,,,,
20250911,114090,GKL,16640,10,135841,,,,
20250911,117580,대성에너지,8170,0,28813,,,,
20250911,118000,메타케어,3180,-30,16845,,,,
20250911,119650,KC코트렐,918,0,0,,,,
20250911,120030,조선선재,129000,800,103154,,,,
20250911,120110,코오롱인더,38250,200,173575,,,,
20250911,120115,코오롱인더우,23300,100,3334,,,,
20250911,122900,아이마켓코리아,8290,40,22059,,,,
20250911,123690,한국화장품,9900,-70,117446,,,,
20250911,123700,SJM,3605,10,31884,,,,
20250911,123890,한국자산신탁,2475,20,206401,,,,
20250911,126560,현대퓨처넷,3255,-5,27621,,,,
20250911,126720,수산인더스트리,23000,0,19360,,,,
20250911,128820,대성산업,4485,260,395945,,,,
20250911,128940,한미약품,292000,1000,104973,,,,
20250911,129260,인터지스,2765,25,117375,,,,
20250911,130660,한전산업,12150,-140,220366,,,,
20250911,133820,화인베스틸,2670,85,2965523,,,,
20250911,134380,미원화학,8600,40,28590,,,,
20250911,134790,시디즈,25500,-400,4000,,,,
20250911,136490,선진,11160,-10,113705,,,,
20250911,137310,에스디바이오센서,10180,-90,148084,,,,
20250911,138040,메리츠금융지주,126800,-1000,309212,,,,
20250911,138930,BNK금융지주,15400,-60,1336231,,,,
20250911,139130,iM금융지주,14210,-130,690129,,,,
20250911,139480,이마트,76700,-300,183282,,,,
20250911,139990,아주스틸,3955,80,32116,,,,
20250911,143210,핸즈코퍼레이션,1631,-7,5352,,,,
20250911,145210,다이나믹디자인,7360,-90,6248,,,,
20250911,145270,케이탑리츠,960,-2,23969,,,,
20250911,145720,덴티움,57800,-400,61490,,,,
20250911,145990,삼양사,49350,-650,15224,,,,
20250911,145995,삼양사우,35100,0,54,,,,
20250911,155660,DSR,3900,105,48933,,,,
20250911,161000,애경케미칼,10340,-380,669913,,,,
20250911,161390,한국타이어앤테크놀로지,39900,500,360215,,,,
20250911,161890,한국콜마,79000,600,261093,,,,
20250911,163560,동일고무벨트,6980,20,18017,,,,
20250911,170900,동아에스티,44300,-96,10287,,,,
20250911,175330,JB금융지주,24850,450,601153,,,,
20250911,178920,PI첨단소재,17370,20,90829,,,,
20250911,180640,한진칼,111200,0,110059,,,,
20250911,18064K,한진칼우,36550,-400,1444,,,,
20250911,181710,NHN,27450,800,98055,,,,
20250911,183190,아세아시멘트,14300,-80,88403,,,,
20250911,185750,종근당,82000,400,26158,,,,
20250911,192080,더블유게임즈,56200,800,35068,,,,
20250911,192400,쿠쿠홀딩스,34000,0,20348,,,,
20250911,192650,드림텍,6630,120,273159,,,,
20250911,192820,코스맥스,222500,7000,106779,,,,
20250911,194370,제이에스코퍼레이션,11460,210,115633,,,,
20250911,195870,해성디에스,24550,50,311646,,,,
20250911,200880,서연이화,11780,30,285361,,,,
20250911,204320,HL만도,35850,750,291051,,,,
20250911,207940,삼성바이오로직스,1524727,2944,70995,,,,
20250911,210540,디와이파워,12780,-40,28891,,,,
20250911,210980,SK디앤디,10230,30,55963,,,,
20250911,213500,한솔제지,8670,-10,18888,,,,
20250911,214320,이노션,18490,40,127509,,,,
20250911,214330,금호에이치티,16456,0,5757,,,,
20250911,214390,경보제약,5440,120,66980,,,,
20250911,214420,토니모리,10580,-10,155092,,,,
20250911,226320,잇츠한불,12730,-40,12045,,,,
20250911,227840,현대코퍼레이션홀딩스,12660,10,20945,,,,
20250911,229640,LS에코에너지,38950,450,129848,,,,
20250911,234080,JW생명과학,12000,20,28924,,,,
20250911,241560,두산밥캣,54000,-500,215337,,,,
20250911,241590,화승엔터프라이즈,7040,-10,85167,,,,
20250911,244920,에이플러스에셋,7240,50,119162,,,,
20250911,248070,솔루엠,18200,60,225026,,,,
20250911,248170,샘표식품,26950,100,7653,,,,
20250911,249420,일동제약,23150,-650,1077235,,,,
20250911,251270,넷마블,61700,-500,294599,,,,
20250911,259960,크래프톤,324500,1500,113540,,,,
20250911,264900,크라운제과,9430,20,8987,,,,
20250911,26490K,크라운제과우,9660,10,1514,,,,
20250911,267250,HD현대,149800,1200,242606,,,,
20250911,267260,HD현대일렉트릭,585000,25000,311805,,,,
20250911,267270,HD건설기계,95100,0,103769,,,,
20250911,267290,경동도시가스,20400,0,8212,,,,
20250911,267850,아시아나IDT,11840,-20,3669,,,,
20250911,268280,미원에스씨,142900,4900,1660,,,,
20250911,271560,오리온,110400,2100,147627,,,,
20250911,271940,일진하이솔루스,18500,880,166836,,,,
20250911,271980,제일약품,13980,-160,12231,,,,
20250911,272210,한화시스템,54600,1000,1124752,,,,
20250911,272450,진에어,8600,100,43022,,,,
20250911,272550,삼양패키징,13260,-50,10462,,,,
20250911,278470,에이피알,229500,2000,784241,,,,
20250911,280360,롯데웰푸드,112800,700,21776,,,,
20250911,281820,케이씨텍,35550,850,139138,,,,
20250911,282330,BGF리테일,110100,300,38018,,,,
20250911,284740,쿠쿠홈시스,26650,-500,52195,,,,
20250911,285130,SK케미칼,60500,200,43492,,,,
20250911,28513K,SK케미칼우,26150,-50,7515,,,,
20250911,286940,롯데이노베이트,21550,-200,11397,,,,
20250911,293480,하나제약,11790,-90,12697,,,,
20250911,293940,신한알파리츠,5670,20,204395,,,,
20250911,294870,IPARK현대산업개발,20650,150,214158,,,,
20250911,298000,효성화학,77800,0,0,,,,
20250911,298020,효성티앤씨,224500,4000,23863,,,,
20250911,298040,효성중공업,1386000,-7000,79680,,,,
20250911,298050,HS효성첨단소재,198600,3900,18306,,,,
20250911,298690,에어부산,1992,-1,120452,,,,
20250911,300720,한일시멘트,20950,0,95046,,,,
20250911,302440,SK바이오사이언스,49200,350,277020,,,,
20250911,306200,세아제강,134100,-1500,6514,,,,
20250911,307950,현대오토에버,170000,-1200,51798,,,,
20250911,308170,씨티알모빌리티,5180,-10,2677,,,,
20250911,316140,우리금융지주,25450,-300,2241200,,,,
20250911,317400,자이에스앤디,3540,0,21870,,,,
20250911,322000,HD현대에너지솔루션,50300,-400,457725,,,,
20250911,323410,카카오뱅크,24650,0,1176194,,,,
20250911,326030,SK바이오팜,110500,1000,211723,,,,
20250911,329180,HD현대중공업,517000,13000,187621,,,,
20250911,330590,롯데리츠,4020,-5,250493,,,,
20250911,334890,이지스밸류플러스리츠,4145,55,103769,,,,
20250911,336260,두산퓨얼셀,30750,4200,11242390,,,,
20250911,33626K,두산퓨얼셀1우,7180,410,185375,,,,
20250911,33626L,두산퓨얼셀2우B,11540,350,63779,,,,
20250911,336370,솔루스첨단소재,7730,-60,101777,,,,
20250911,33637K,솔루스첨단소재1우,1854,8,26613,,,,
20250911,33637L,솔루스첨단소재2우B,3715,65,2398,,,,
20250911,338100,NH프라임리츠,4655,-25,25801,,,,
20250911,339770,교촌에프앤비,4860,-40,66397,,,,
20250911,344820,KCC글라스,29700,150,22681,,,,
20250911,348950,제이알글로벌리츠,3020,25,274307,,,,
20250911,350520,이지스레지던스리츠,3990,-20,22174,,,,
20250911,352820,하이브,285500,-6000,260643,,,,
20250911,353200,대덕전자,25650,-300,1195399,,,,
20250911,35320K,대덕전자1우,9170,-40,4334,,,,
20250911,357120,코람코라이프인프라리츠,4395,10,115398,,,,
20250911,357250,미래에셋맵스리츠,2805,0,71987,,,,
20250911,357430,마스턴프리미어리츠,1566,-1,44179,,,,
20250911,361610,SK아이이테크놀로지,27850,350,205737,,,,
20250911,363280,티와이홀딩스,3005,-5,62579,,,,
20250911,36328K,티와이홀딩스우,5230,-30,4021,,,,
20250911,365550,ESR켄달스퀘어리츠,4600,0,423233,,,,
20250911,372910,한컴라이프케어,2745,-30,142969,,,,
20250911,373220,LG에너지솔루션,350000,9500,381294,,,,
20250911,375500,DL이앤씨,43850,250,228945,,,,
20250911,37550K,DL이앤씨우,19830,40,3162,,,,
20250911,37550L,DL이앤씨2우(전환),30500,300,1845,,,,
20250911,377190,디앤디플랫폼리츠,3365,-5,63489,,,,
20250911,377300,카카오페이,52900,-200,855794,,,,
20250911,377740,바이오노트,6040,-20,57160,,,,
20250911,378850,화승알앤에이,3735,135,8347687,,,,
20250911,381970,케이카,16170,-40,57635,,,,
20250911,383220,F&F,69000,900,90539,,,,
20250911,383800,LX홀딩스,8080,-80,176055,,,,
20250911,38380K,LX홀딩스1우,8590,80,452,,,,
20250911,395400,SK리츠,5120,0,332293,,,,
20250911,396690,미래에셋글로벌리츠,2810,20,45233,,,,
20250911,400760,NH올원리츠,3305,10,102647,,,,
20250911,402340,SK스퀘어,182100,7800,672306,,,,
20250911,403550,쏘카,12320,60,4178,,,,
20250911,404990,신한서부티엔디리츠,3410,25,63880,,,,
20250911,415640,KB발해인프라,8830,-20,104358,,,,
20250911,417310,코람코더원리츠,5910,90,57481,,,,
20250911,432320,KB스타리츠,3850,-15,70706,,,,
20250911,439260,대한조선,87400,6300,1881765,,,,
20250911,443060,HD현대마린솔루션,219500,2000,45635,,,,
20250911,446070,유니드비티플러스,3960,-10,19988,,,,
20250911,448730,삼성FN리츠,4345,0,129214,,,,
20250911,450080,에코프로머티,49000,250,415279,,,,
20250911,451800,한화리츠,4030,5,231313,,,,
20250911,452260,한화갤러리아,1147,10,486113,,,,
20250911,45226K,한화갤러리아우,2230,-5,1380,,,,
20250911,453340,현대그린푸드,15800,-70,34865,,,,
20250911,454910,두산로보틱스,62800,400,217664,,,,
20250911,456040,OCI,55300,400,34465,,,,
20250911,457190,이수스페셜티케미컬,45300,250,172693,,,,
20250911,460850,동국씨엠,5670,0,38390,,,,
20250911,460860,동국제강,9700,-340,241599,,,,
20250911,462520,조선내화,13950,-130,7807,,,,
20250911,462870,시프트업,41550,100,188800,,,,
20250911,465770,STX그린로지스,7850,80,49722,,,,
20250911,475150,SK이터닉스,24600,2250,3670385,,,,
20250911,475560,더본코리아,25850,50,14074,,,,
20250911,480370,씨케이솔루션,3432,-20,32482,,,,
20250911,481850,신한글로벌액티브리츠,1444,-5,105398,,,,
20250911,483650,달바글로벌,167000,-1700,130901,,,,
20250911,484870,엠앤씨솔루션,71166,5033,124266,,,,
20250911,487570,HS효성,59400,-1100,15774,,,,
20250911,489790,한화비전,58600,-900,570304,,,,
20250911,499790,GS피앤엘,54000,100,176318,,,,
20250911,900140,엘브이엠씨홀딩스,1742,-8,531792,,,,
20250911,950210,프레스티지바이오파마,14470,-180,120524,,,,
20250912,000020,동화약품,6410,20,63703,,,,
20250912,000040,KR모터스,2685,-30,49918,,,,
20250912,000050,경방,7270,-100,11679,,,,
20250912,000070,삼양홀딩스,58188,-134,24368,,,,
20250912,000080,하이트진로,19450,-60,164250,,,,
20250912,000087,하이트진로2우B,15650,40,2503,,,,
20250912,000100,유한양행,119700,800,301384,,,,
20250912,000105,유한양행우,106500,1200,2390,,,,
20250912,000120,CJ대한통운,83700,600,62306,,,,
20250912,000140,하이트진로홀딩스,10290,0,19933,,,,
20250912,000145,하이트진로홀딩스우,11870,-10,319,,,,
20250912,000150,두산,612000,-11000,86884,,,,
20250912,000155,두산우,363000,-1500,17350,,,,
20250912,000157,두산2우B,382000,8500,2125,,,,
20250912,000180,성창기업지주,8505,-125,32991,,,,
20250912,000210,DL,39050,350,51165,,,,
20250912,000215,DL우,23500,800,10772,,,,
20250912,000220,유유제약,4355,25,20889,,,,
20250912,000225,유유제약1우,4690,0,3415,,,,
20250912,000227,유유제약2우B,10580,200,405,,,,
20250912,000230,일동홀딩스,9040,-60,21663,,,,
20250912,000240,한국앤컴퍼니,23650,-350,83313,,,,
20250912,000270,기아,105900,-700,906762,,,,
20250912,000300,DH오토넥스,4200,0,0,,,,
20250912,000320,노루홀딩스,34000,0,38806,,,,
20250912,000325,노루홀딩스우,35000,300,152,,,,
20250912,000370,한화손해보험,5880,140,1650710,,,,
20250912,000390,SP삼화,6190,-10,28020,,,,
20250912,000400,롯데손해보험,1925,313,18379781,,,,
20250912,000430,대원강업,3945,-40,55662,,,,
20250912,000480,CR홀딩스,5010,-10,34509,,,,
20250912,000490,대동,9960,-10,52897,,,,
20250912,000500,가온전선,34007,-278,50258,,,,
20250912,000520,삼일제약,11400,230,174687,,,,
20250912,000540,흥국화재,4280,65,220623,,,,
20250912,000545,흥국화재우,7360,-50,10554,,,,
20250912,000590,CS홀딩스,88200,-1100,2240,,,,
20250912,000640,동아쏘시오홀딩스,104988,-583,17327,,,,
20250912,000650,천일고속,40950,-50,108,,,,
20250912,000660,SK하이닉스,328500,21500,4242516,,,,
20250912,000670,영풍,42270,1459,45113,,,,
20250912,000680,LS네트웍스,4045,30,149932,,,,
20250912,000700,유수홀딩스,5760,0,35263,,,,
20250912,000720,현대건설,59400,700,871582,,,,
20250912,000725,현대건설우,54000,0,8107,,,,
20250912,000760,이화산업,12430,170,1091,,,,
20250912,000810,삼성화재,470000,-3000,80699,,,,
20250912,000815,삼성화재우,348500,1500,5287,,,,
20250912,000850,화천기공,31450,100,6824,,,,
20250912,000860,강남제비스코,12250,-110,16702,,,,
20250912,000880,한화,103000,-961,276255,,,,
20250912,00088K,한화3우B,37252,352,65437,,,,
20250912,000890,보해양조,2305,-5,94048,,,,
20250912,000910,유니온,4580,20,37830,,,,
20250912,000950,전방,33150,-250,1437,,,,
20250912,000970,한국주철관,7050,-50,31261,,,,
20250912,000990,DB하이텍,51500,200,359272,,,,
20250912,001020,페이퍼코리아,3610,5,3493,,,,
20250912,001040,CJ,186300,-2100,173407,,,,
20250912,001045,CJ우,96200,-900,6618,,,,
20250912,00104K,CJ4우(전환),158000,0,7956,,,,
20250912,001060,JW중외제약,22500,-50,60819,,,,
20250912,001065,JW중외제약우,28100,100,30,,,,
20250912,001067,JW중외제약2우B,57200,0,96,,,,
20250912,001070,대한방직,6650,90,4253,,,,
20250912,001080,만호제강,3700,615,224890,,,,
20250912,001120,LX인터내셔널,31300,450,133722,,,,
20250912,001130,대한제분,15180,530,243310,,,,
20250912,001200,유진투자증권,3755,-20,1224627,,,,
20250912,001210,금호전기,4235,10,68899,,,,
20250912,001230,동국홀딩스,1723,-7,112588,,,,
20250912,001250,GS글로벌,2575,5,372211,,,,
20250912,001260,남광토건,8290,-240,104071,,,,
20250912,001270,부국증권,73900,-3000,115786,,,,
20250912,001275,부국증권우,26950,350,1317,,,,
20250912,001290,상상인증권,768,3,1654297,,,,
20250912,001340,PKC,5900,0,39879,,,,
20250912,001360,삼성제약,1723,-32,227351,,,,
20250912,001380,SG글로벌,3265,6,44537,,,,
20250912,001390,KG케미칼,4800,25,165637,,,,
20250912,001420,태원물산,3420,25,6596,,,,
20250912,001430,세아베스틸지주,26700,-200,117048,,,,
20250912,001440,대한전선,16470,-250,1201314,,,,
20250912,001450,현대해상,27900,450,381276,,,,
20250912,001460,BYC,40250,-650,3911,,,,
20250912,001465,BYC우,26200,50,2114,,,,
20250912,001470,삼부토건,347,0,0,,,,
20250912,001500,현대차증권,8820,90,168017,,,,
20250912,001510,SK증권,1373,-20,1390460,,,,
20250912,001515,SK증권우,3980,-12,4126,,,,
20250912,001520,동양,1324,2,190061,,,,
20250912,001525,동양우,8370,230,21,,,,
20250912,001527,동양2우B,17560,220,64,,,,
20250912,001530,DI동일,35429,667,51447,,,,
20250912,001550,조비,12450,-10,22154,,,,
20250912,001560,제일연마,10640,20,12767,,,,
20250912,001570,금양,9900,0,0,,,,
20250912,001620,케이비아이동국실업,2435,0,6349,,,,
20250912,001630,종근당홀딩스,49350,-100,4713,,,,
20250912,001680,대상,23500,450,191891,,,,
20250912,001685,대상우,16920,120,5758,,,,
20250912,001720,신영증권,145300,-4100,68049,,,,
20250912,001740,SK네트웍스,4490,45,176435,,,,
20250912,001750,한양증권,18200,-10,23896,,,,
20250912,001755,한양증권우,17060,30,1780,,,,
20250912,001770,SHD,17880,190,1598,,,,
20250912,001780,알루코,2195,30,161778,,,,
20250912,001790,대한제당,3000,20,461353,,,,
20250912,001795,대한제당우,2525,25,46939,,,,
20250912,001800,오리온홀딩스,21500,250,124676,,,,
20250912,001820,삼화콘덴서,32000,200,122116,,,,
20250912,001940,KISCO홀딩스,26500,-50,16751,,,,
20250912,002020,코오롱,42450,-50,104297,,,,
20250912,002025,코오롱우,22250,700,3317,,,,
20250912,002030,아세아,352000,-3000,1066,,,,
20250912,002070,비비안,15083,59,9156,,,,
20250912,002100,경농,9540,80,19556,,,,
20250912,002140,고려산업,2700,0,108598,,,,
20250912,002150,도화엔지니어링,6580,0,76655,,,,
20250912,002170,SYTS,54700,-100,338,,,,
20250912,002200,한국수출포장,2925,15,47896,,,,
20250912,002210,동성제약,1946,0,0,,,,
20250912,002220,한일철강,3090,-115,55709,,,,
20250912,002240,고려제강,17760,330,24994,,,,
20250912,002310,아세아제지,8200,110,116834,,,,
20250912,002320,한진,21050,-450,21908,,,,
20250912,002350,넥센타이어,6010,-130,234459,,,,
20250912,002355,넥센타이어1우B,3330,-30,51320,,,,
20250912,002360,SH에너지화학,4340,0,8894,,,,
20250912,002380,KCC,418000,0,24575,,,,
20250912,002390,한독,11770,30,27110,,,,
20250912,002410,범양건영,1935,0,0,,,,
20250912,002420,세기상사,5330,0,6896,,,,
20250912,002450,삼익악기,1296,9,66367,,,,
20250912,002460,HS화성,10500,-40,33352,,,,
20250912,002600,조흥,156400,300,80,,,,
20250912,002620,제일파마홀딩스,8800,10,3522,,,,
20250912,002630,오리엔트바이오,1248,-12,437853,,,,
20250912,002690,동일제강,1640,2,98083,,,,
20250912,002700,신일전자,1339,2,204312,,,,
20250912,002710,TCC스틸,17550,380,112348,,,,
20250912,002720,국제약품,4630,30,121352,,,,
20250912,002760,보락,1046,-1,129806,,,,
20250912,002780,진흥기업,735,4,173858,,,,
20250912,002785,진흥기업우B,3410,-10,801,,,,
20250912,002787,진흥기업2우B,7790,0,84,,,,
20250912,002790,아모레퍼시픽홀딩스,27500,250,124531,,,,
20250912,002795,아모레퍼시픽홀딩스우,11320,130,12202,,,,
20250912,00279K,아모레퍼시픽홀딩스3우C,21500,0,6031,,,,
20250912,002810,삼영무역,16350,150,7651,,,,
20250912,002820,SUN&L,2605,-5,3984,,,,
20250912,002840,미원상사,154600,-400,2573,,,,
20250912,002870,신풍,1051,0,77950,,,,
20250912,002880,디와이에이,1170,21,79725,,,,
20250912,002900,TYM,6110,10,217677,,,,
20250912,002920,유성기업,2130,10,31393,,,,
20250912,002960,한국쉘석유,421500,-1000,1832,,,,
20250912,002990,금호건설,3975,-100,171897,,,,
20250912,002995,금호건설우,11820,-140,552,,,,
20250912,003000,부광약품,3555,70,338927,,,,
20250912,003010,혜인,5740,-110,1019132,,,,
20250912,003030,세아제강지주,174700,-2200,8214,,,,
20250912,003060,에이프로젠바이오로직스,653,-5,355541,,,,
20250912,003070,코오롱글로벌,9200,40,10858,,,,
20250912,003075,코오롱글로벌우,14960,170,4778,,,,
20250912,003080,SB성보,2840,10,107393,,,,
20250912,003090,대웅,24050,0,100630,,,,
20250912,0030R0,대신밸류리츠,4330,15,57517,,,,
20250912,003120,일성아이에스,24800,-100,11083,,,,
20250912,003160,디아이,14600,380,567804,,,,
20250912,003200,일신방직,10200,-60,15779,,,,
20250912,003220,대원제약,13080,70,27169,,,,
20250912,003230,삼양식품,1616000,-14000,30592,,,,
20250912,003240,태광산업,927000,53000,3764,,,,
20250912,003280,흥아해운,1695,0,983414,,,,
20250912,003300,한일홀딩스,17990,-140,55574,,,,
20250912,003350,한국화장품제조,11960,-160,254980,,,,
20250912,003460,유화증권,2790,-10,75338,,,,
20250912,003465,유화증권우,2640,-5,3790,,,,
20250912,003470,유안타증권,3750,-30,351170,,,,
20250912,003475,유안타증권우,3750,35,27683,,,,
20250912,003480,한진중공업홀딩스,5930,-360,1086828,,,,
20250912,003490,대한항공,23900,150,1152258,,,,
20250912,003495,대한항공우,24000,100,1953,,,,
20250912,003520,영진약품,2030,15,165988,,,,
20250912,003530,한화투자증권,6110,10,1518472,,,,
20250912,003535,한화투자증권우,8130,50,14598,,,,
20250912,003540,대신증권,28750,0,191748,,,,
20250912,003545,대신증권우,21250,0,51784,,,,
20250912,003547,대신증권2우B,19880,-20,23546,,,,
20250912,003550,LG,75800,-1200,259803,,,,
20250912,003555,LG우,62300,-700,7792,,,,
20250912,003570,SNT다이내믹스,62600,2900,87838,,,,
20250912,003580,HLB글로벌,2180,25,82421,,,,
20250912,003610,방림,4975,0,60811,,,,
20250912,003620,KG모빌리티,3370,0,131458,,,,
20250912,003650,미창석유,110000,1100,494,,,,
20250912,003670,포스코퓨처엠,133500,2700,279250,,,,
20250912,003680,한성기업,5880,300,287324,,,,
20250912,003690,코리안리,10990,-210,945542,,,,
20250912,003720,삼영,5300,-340,821267,,,,
20250912,003780,진양산업,6920,110,172568,,,,
20250912,003830,대한화섬,124700,300,49,,,,
20250912,003850,보령,8610,10,102914,,,,
20250912,003920,남양유업,56600,200,1553,,,,
20250912,003925,남양유업우,34700,500,6822,,,,
20250912,003960,사조대림,42150,1350,81272,,,,
20250912,004000,롯데정밀화학,45750,50,51626,,,,
20250912,004020,현대제철,36350,-650,597605,,,,
20250912,004060,SG세계물산,3210,-20,43519,,,,
20250912,004080,신흥,13940,40,4223,,,,
20250912,004090,한국석유,13910,-100,42680,,,,
20250912,004100,태양금속,2250,0,156231,,,,
20250912,004105,태양금속우,3160,0,12480,,,,
20250912,004140,동방,3225,-85,1109063,,,,
20250912,004150,한솔홀딩스,3285,-30,112720,,,,
20250912,004170,신세계,176600,2100,25261,,,,
20250912,004250,NPC,4150,-10,38146,,,,
20250912,004255,NPC우,2475,10,2010,,,,
20250912,004270,남성,8141,8,3214,,,,
20250912,004310,현대약품,3890,-10,148474,,,,
20250912,004360,세방,13980,-10,40350,,,,
20250912,004365,세방우,9040,40,1555,,,,
20250912,004370,농심,522000,34000,493545,,,,
20250912,004380,삼익THK,13000,0,0,,,,
20250912,004410,서울식품,1590,30,607176,,,,
20250912,004415,서울식품우,12360,-10,394,,,,
20250912,004430,송원산업,10300,20,29162,,,,
20250912,004440,삼일씨엔에스,5050,30,44423,,,,
20250912,004450,삼화왕관,34450,-250,1216,,,,
20250912,004490,세방전지,63100,-100,38590,,,,
20250912,004540,깨끗한나라,2100,15,58960,,,,
20250912,004545,깨끗한나라우,11860,60,30,,,,
20250912,004560,현대비앤지스틸,11760,230,24447,,,,
20250912,004690,삼천리,133500,1400,9717,,,,
20250912,004700,조광피혁,67200,-700,31792,,,,
20250912,004710,한솔테크닉스,5409,0,0,,,,
20250912,004720,팜젠사이언스,4500,-70,79728,,,,
20250912,004770,써니전자,1651,12,139001,,,,
20250912,004800,효성,89200,600,23912,,,,
20250912,004830,덕성,5590,30,160442,,,,
20250912,004835,덕성우,7540,0,6744,,,,
20250912,004840,DRB동일,5080,-10,3594,,,,
20250912,004870,티웨이홀딩스,2721,-23,29092,,,,
20250912,004890,동일산업,41800,450,651,,,,
20250912,004910,조광페인트,6020,-190,64788,,,,
20250912,004920,씨아이테크,1158,5,56197,,,,
20250912,004960,한신공영,8100,80,22645,,,,
20250912,004970,신라교역,9300,0,17947,,,,
20250912,004980,성신양회,11080,10,128542,,,,
20250912,004985,성신양회우,11940,110,7413,,,,
20250912,004990,롯데지주,30650,200,210701,,,,
20250912,00499K,롯데지주우,31800,-250,483,,,,
20250912,005010,휴스틸,4290,10,212947,,,,
20250912,005030,부산주공,486,0,0,,,,
20250912,005070,코스모신소재,41750,1750,696928,,,,
20250912,005090,SGC에너지,23700,300,20027,,,,
20250912,005110,한창,1254,0,0,,,,
20250912,005180,빙그레,73000,1800,43256,,,,
20250912,005250,녹십자홀딩스,15690,-20,31061,,,,
20250912,005257,녹십자홀딩스2우,26900,50,785,,,,
20250912,005300,롯데칠성,120800,1700,21150,,,,
20250912,005305,롯데칠성우,71500,-800,3208,,,,
20250912,005320,온타이드,1112,0,91046,,,,
20250912,005360,모나미,2105,-25,353469,,,,
20250912,005380,현대차,223500,500,666184,,,,
20250912,005385,현대차우,170300,800,71085,,,,
20250912,005387,현대차2우B,173500,900,68877,,,,
20250912,005389,현대차3우B,169400,500,6234,,,,
20250912,005420,코스모화학,16440,390,183507,,,,
20250912,005430,한국공항,70200,-600,8501,,,,
20250912,005440,현대지에프홀딩스,8300,310,344110,,,,
20250912,005490,POSCO홀딩스,285000,3500,226701,,,,
20250912,005500,삼진제약,19170,40,11568,,,,
20250912,005610,삼립,55800,200,20730,,,,
20250912,005680,삼영전자,10920,360,140187,,,,
20250912,005690,파미셀,11750,-90,803802,,,,
20250912,005720,넥센,6180,-30,17768,,,,
20250912,005725,넥센우,4640,20,4877,,,,
20250912,005740,크라운해태홀딩스,7660,330,247983,,,,
20250912,005745,크라운해태홀딩스우,8390,110,1436,,,,
20250912,005750,대림바스,4740,35,13155,,,,
20250912,005800,신영와코루,14320,-80,2075,,,,
20250912,005810,풍산홀딩스,42000,1550,83754,,,,
20250912,005820,원림,14300,80,1144,,,,
20250912,005830,DB손해보험,145000,-300,254133,,,,
20250912,005850,에스엘,35900,-300,148460,,,,
20250912,005870,휴니드,8590,10,62660,,,,
20250912,005880,대한해운,1844,14,3006308,,,,
20250912,005930,삼성전자,75400,2000,28219678,,,,
20250912,005935,삼성전자우,60900,1600,2832529,,,,
20250912,005940,NH투자증권,20550,-100,601434,,,,
20250912,005945,NH투자증권우,18240,70,62549,,,,
20250912,005950,이수화학,5760,90,44820,,,,
20250912,005960,동부건설,6530,-250,164922,,,,
20250912,005965,동부건설우,19380,80,137,,,,
20250912,006040,동원산업,47450,500,95702,,,,
20250912,006060,화승인더,4340,-40,66689,,,,
20250912,006090,사조오양,10140,50,15130,,,,
20250912,006110,삼아알미늄,23000,250,67421,,,,
20250912,006120,SK디스커버리,53400,100,10172,,,,
20250912,006125,SK디스커버리우,37250,100,2089,,,,
20250912,006200,한국전자홀딩스,3585,40,17224,,,,
20250912,006220,제주은행,14380,-90,305067,,,,
20250912,006260,LS,182600,-1100,104672,,,,
20250912,006280,녹십자,134000,700,24595,,,,
20250912,006340,대원전선,2970,-20,1263178,,,,
20250912,006345,대원전선우,3760,-25,14696,,,,
20250912,006360,GS건설,19430,130,342581,,,,
20250912,006370,대구백화점,7000,210,54356,,,,
20250912,006380,카프로,3660,0,0,,,,
20250912,006400,삼성SDI,204000,5700,534562,,,,
20250912,006405,삼성SDI우,133300,1400,3968,,,,
20250912,006490,프리티,3980,-90,91675,,,,
20250912,006570,대림통상,2625,10,6855,,,,
20250912,006650,대한유화,119100,-3600,39777,,,,
20250912,006660,삼성공조,13940,40,22115,,,,
20250912,006740,블루산업개발,2420,-11,58295,,,,
20250912,006800,미래에셋증권,22004,348,2865050,,,,
20250912,006805,미래에셋증권우,9826,89,55771,,,,
20250912,00680K,미래에셋증권2우B,9225,244,690940,,,,
20250912,006840,AK홀딩스,11260,-30,10189,,,,
20250912,006880,신송홀딩스,7110,60,57995,,,,
20250912,006890,태경케미컬,9600,-10,19078,,,,
20250912,006980,우성,17360,10,1095,,,,
20250912,007070,GS리테일,16660,280,102778,,,,
20250912,007110,일신석재,2015,-10,562006,,,,
20250912,007120,미래아이앤지,915,-4,62129,,,,
20250912,007160,사조산업,51200,500,7712,,,,
20250912,007210,벽산,2210,30,74469,,,,
20250912,007280,한국특강,3238,-28,33201,,,,
20250912,007310,오뚜기,433000,24000,56097,,,,
20250912,007340,DN오토모티브,26050,-550,65634,,,,
20250912,007460,에이프로젠,741,-15,6266413,,,,
20250912,007540,샘표,49850,1350,9696,,,,
20250912,007570,일양약품,14600,0,0,,,,
20250912,007575,일양약품우,15260,0,0,,,,
20250912,007590,동방아그로,6220,10,2506,,,,
20250912,007610,선도전기,3000,0,0,,,,
20250912,007660,이수페타시스,71900,-2700,2321297,,,,
20250912,007690,국도화학,37800,350,15867,,,,
20250912,007700,F&F홀딩스,20400,490,47932,,,,
20250912,007810,코리아써키트,17410,830,780196,,,,
20250912,007815,코리아써우,6770,40,11743,,,,
20250912,00781K,코리아써키트2우B,6560,20,533,,,,
20250912,007860,서연,9430,30,34047,,,,
20250912,007980,TP,1757,7,629763,,,,
20250912,008040,사조동아원,1379,263,93482011,,,,
20250912,008060,대덕,8340,30,66265,,,,
20250912,00806K,대덕1우,8240,100,7022,,,,
20250912,008250,이건산업,4955,0,10743,,,,
20250912,008260,NI스틸,3835,15,75970,,,,
20250912,008350,남선알미늄,1163,0,330736,,,,
20250912,008355,남선알미우,12680,-190,729,,,,
20250912,008420,문배철강,2500,-45,893758,,,,
20250912,008490,서흥,25950,-850,249179,,,,
20250912,008600,윌비스,3723,73,26768,,,,
20250912,008700,아남전자,1332,1,125503,,,,
20250912,008730,율촌화학,32500,2500,314646,,,,
20250912,008770,호텔신라,50900,1700,430056,,,,
20250912,008775,호텔신라우,42550,250,3188,,,,
20250912,008870,금비,59600,-100,1961,,,,
20250912,008930,한미사이언스,39250,550,125365,,,,
20250912,008970,KBI동양철관,2987,358,17182948,,,,
20250912,009070,KCTC,5640,-70,331997,,,,
20250912,009140,경인전자,20750,250,693,,,,
20250912,009150,삼성전기,190400,2400,675115,,,,
20250912,009155,삼성전기우,85000,1200,40238,,,,
20250912,009160,SIMPAC,4560,-35,41995,,,,
20250912,009180,한솔로지스틱스,2905,20,78214,,,,
20250912,009190,대양금속,1603,-3,101394,,,,
20250912,009200,무림페이퍼,2055,0,165267,,,,
20250912,009240,한샘,43400,-550,25972,,,,
20250912,009270,신원,1653,11,492106,,,,
20250912,009290,광동제약,6110,30,32992,,,,
20250912,009310,참엔지니어링,1293,7,17011,,,,
20250912,009320,아진전자부품,1063,1,39068,,,,
20250912,009410,태영건설,1724,-63,2027172,,,,
20250912,009415,태영건설우,4990,-40,1313,,,,
20250912,009420,한올바이오파마,34000,600,491844,,,,
20250912,009440,KC그린홀딩스,756,0,0,,,,
20250912,009450,경동나비엔,80100,300,41417,,,,
20250912,009460,한창제지,3190,0,18762,,,,
20250912,009470,삼화전기,35750,3950,615337,,,,
20250912,009540,HD한국조선해양,416500,-6500,180170,,,,
20250912,009580,무림P&P,2585,-35,74803,,,,
20250912,009680,모토닉,10680,50,27572,,,,
20250912,009770,삼정펄프,27300,300,1873,,,,
20250912,009810,MDS스피어,3546,41,20671,,,,
20250912,009830,한화솔루션,28061,377,1634816,,,,
20250912,009835,한화솔루션우,20683,362,17856,,,,
20250912,009900,명신산업,9240,-120,179073,,,,
20250912,009970,영원무역홀딩스,136600,-200,11361,,,,
20250912,010040,한국내화,2280,-10,16306,,,,
20250912,010060,OCI홀딩스,96900,1400,131051,,,,
20250912,010100,한국무브넥스,4580,-45,641224,,,,
20250912,010120,LS ELECTRIC,63200,0,773135,,,,
20250912,010130,고려아연,1042000,128000,56037,,,,
20250912,010140,삼성중공업,22000,-350,5479298,,,,
20250912,010400,우진아이엔에스,2895,25,3761,,,,
20250912,010580,에스엠벡셀,1567,-4,98098,,,,
20250912,010640,진양폴리,3533,34,108422,,,,
20250912,010660,화천기계,4655,-80,547632,,,,
20250912,010690,화신,8640,-70,329758,,,,
20250912,010770,평화홀딩스,4050,15,131219,,,,
20250912,010780,아이에스동서,20400,0,9625,,,,
20250912,010820,퍼스텍,4860,-65,2772505,,,,
20250912,010950,S-Oil,59200,-1700,519613,,,,
20250912,010955,S-Oil우,39100,-150,4019,,,,
20250912,010960,삼호개발,3615,20,235835,,,,
20250912,011000,진원생명과학,12250,100,60500,,,,
20250912,011070,LG이노텍,167800,3800,270132,,,,
20250912,011090,에넥스,3090,-60,58898,,,,
20250912,011150,CJ씨푸드,2915,25,306897,,,,
20250912,011155,CJ씨푸드1우,16350,-20,1061,,,,
20250912,011170,롯데케미칼,66700,800,102627,,,,
20250912,011200,HMM,24300,400,2364519,,,,
20250912,011210,현대위아,52500,-600,85755,,,,
20250912,011230,삼화전자,3835,20,925867,,,,
20250912,011280,태림포장,1997,-3,51358,,,,
20250912,011300,우성머티리얼스,4070,-100,54485,,,,
20250912,011330,유니켐,15720,270,23629,,,,
20250912,011390,부산산업,82700,1700,2089,,,,
20250912,011420,갤럭시아에스엠,2275,15,137741,,,,
20250912,011500,한농화성,14410,150,66038,,,,
20250912,011690,와이투솔루션,3615,5,392307,,,,
20250912,011700,한신기계,3540,-120,485922,,,,
20250912,011760,현대코퍼레이션,22600,-100,58998,,,,
20250912,011780,금호석유화학,109500,0,66567,,,,
20250912,011785,금호석유화학우,57000,500,5767,,,,
20250912,011790,SKC,97847,2538,473089,,,,
20250912,011810,STX,3530,0,0,,,,
20250912,011930,신성이엔지,16740,200,792057,,,,
20250912,012030,DB,1636,-4,1229765,,,,
20250912,012160,영흥,3000,30,54929,,,,
20250912,012170,아센디오,2255,-10,183485,,,,
20250912,012200,계양전기,1369,0,41188,,,,
20250912,012205,계양전기우,3103,-97,2192,,,,
20250912,012280,영화금속,917,-11,58563,,,,
20250912,012320,경동인베스트,60400,700,9744,,,,
20250912,012330,현대모비스,313500,-2500,197547,,,,
20250912,012450,한화에어로스페이스,1002000,-3000,169241,,,,
20250912,012610,경인양행,3190,0,39189,,,,
20250912,012630,HDC,21350,-200,69413,,,,
20250912,012690,모나리자,2490,20,37393,,,,
20250912,012750,에스원,80500,-1700,64384,,,,
20250912,012800,대창,1333,16,535243,,,,
20250912,013000,세우글로벌,1070,9,18080,,,,
20250912,013360,일성건설,1442,-8,340568,,,,
20250912,013520,화승코퍼레이션,1950,-9,189375,,,,
20250912,013570,디와이,4465,55,51937,,,,
20250912,013580,계룡건설,20400,-100,31426,,,,
20250912,013700,까뮤이앤씨,1148,-3,60856,,,,
20250912,013870,지엠비코리아,4045,-10,48631,,,,
20250912,013890,지누스,17120,40,58901,,,,
20250912,014130,한익스프레스,3240,5,7392,,,,
20250912,014160,대영포장,1206,-13,846428,,,,
20250912,014280,금강공업,5360,-370,984121,,,,
20250912,014285,금강공업우,6850,-140,1266,,,,
20250912,014440,영보화학,4440,10,19428,,,,
20250912,014530,극동유화,3355,5,62262,,,,
20250912,014580,태경비케이,5030,70,136158,,,,
20250912,014680,한솔케미칼,186400,12700,115578,,,,
20250912,014710,사조씨푸드,9210,240,266868,,,,
20250912,014790,HL D&I,2555,10,43268,,,,
20250912,014820,동원시스템즈,29950,100,24971,,,,
20250912,014825,동원시스템즈우,17410,10,169,,,,
20250912,014830,유니드,78000,-300,19103,,,,
20250912,014910,성문전자,1185,21,345032,,,,
20250912,014915,성문전자우,4755,695,16749,,,,
20250912,014990,인디에프,5515,90,74670,,,,
20250912,015020,이스타코,1310,-16,57048,,,,
20250912,015230,대창단조,6480,-50,98243,,,,
20250912,015260,에이엔피,519,-3,259134,,,,
20250912,015360,INVENI,12560,-20,13775,,,,
20250912,015590,DKME,2575,0,0,,,,
20250912,015760,한국전력,36900,-650,2757346,,,,
20250912,015860,일진홀딩스,5650,-60,100102,,,,
20250912,015890,태경산업,5310,20,41590,,,,
20250912,016090,대현,1827,6,87711,,,,
20250912,016360,삼성증권,74000,300,244735,,,,
20250912,016380,KG스틸,5510,90,79149,,,,
20250912,016450,한세예스24홀딩스,4070,-30,30615,,,,
20250912,016580,환인제약,10900,30,23756,,,,
20250912,016590,신대양제지,11500,50,17999,,,,
20250912,016610,DB증권,9420,70,105987,,,,
20250912,016710,대성홀딩스,8870,70,28173,,,,
20250912,016740,두올,3520,-95,217188,,,,
20250912,016800,퍼시스,42500,-200,1398,,,,
20250912,016880,웅진,4950,-180,1287751,,,,
20250912,017040,광명전기,1134,8,302884,,,,
20250912,017180,명문제약,1736,-15,86185,,,,
20250912,017370,우신시스템,6910,-30,16870,,,,
20250912,017390,서울가스,63900,500,12376,,,,
20250912,017550,수산세보틱스,1915,-16,67751,,,,
20250912,017670,SK텔레콤,55100,200,653103,,,,
20250912,017800,현대엘리베이터,79300,-100,138966,,,,
20250912,017810,풀무원,14960,240,1658228,,,,
20250912,017860,DS단석,21638,49,181731,,,,
20250912,017900,광전자,1888,9,29878,,,,
20250912,017940,E1,79800,1900,29667,,,,
20250912,017960,한국카본,33000,-1250,521100,,,,
20250912,018250,애경산업,15520,30,68811,,,,
20250912,018260,삼성에스디에스,167100,3600,257147,,,,
20250912,018470,조일알미늄,1454,19,364851,,,,
20250912,018500,동원모빌리티,1365,7,292950,,,,
20250912,018670,SK가스,240500,-1500,9045,,,,
20250912,018880,한온시스템,3239,-65,914236,,,,
20250912,019170,신풍제약,12960,260,224787,,,,
20250912,019175,신풍제약우,23200,550,4146,,,,
20250912,019180,티에이치엔,5180,170,499517,,,,
20250912,019490,엑시큐어하이트론,651,-9,611406,,,,
20250912,019680,대교,2270,-35,22620,,,,
20250912,019685,대교우B,1271,-3,3226,,,,
20250912,020000,한섬,15310,60,23577,,,,
20250912,020120,키다리스튜디오,3935,75,90323,,,,
20250912,020150,롯데에너지머티리얼즈,24100,300,118383,,,,
20250912,020560,아시아나항공,9560,20,67820,,,,
20250912,020760,일진디스플,902,0,0,,,,
20250912,021050,서원,1198,6,100270,,,,
20250912,021240,코웨이,100100,300,212015,,,,
20250912,021820,세원정공,10060,10,14375,,,,
20250912,022100,포스코DX,22900,100,243962,,,,
20250912,023000,삼원강재,2450,-15,39576,,,,
20250912,023150,MH에탄올,5160,10,4778,,,,
20250912,023350,한국종합기술,4875,10,12469,,,,
20250912,023450,동남합성,31950,-50,628,,,,
20250912,023530,롯데쇼핑,68300,300,27844,,,,
20250912,023590,다우기술,36850,-200,42625,,,,
20250912,023800,인지컨트롤스,5880,-10,31243,,,,
20250912,023810,인팩,6930,-30,17868,,,,
20250912,023960,에쓰씨엔지니어링,1174,17,113233,,,,
20250912,024070,WISCOM,1999,-11,7010,,,,
20250912,024090,디씨엠,12510,-10,11791,,,,
20250912,024110,기업은행,19760,30,943900,,,,
20250912,024720,콜마홀딩스,13270,-30,222951,,,,
20250912,024890,대원화성,4335,-90,27873,,,,
20250912,024900,디와이덕양,2345,5,69657,,,,
20250912,025000,KPX케미칼,47164,-377,3643,,,,
20250912,025530,SJM홀딩스,3605,15,12523,,,,
20250912,025540,한국단자,62100,0,8823,,,,
20250912,025560,미래산업,2178,-12,166230,,,,
20250912,025620,차AI헬스케어,9010,270,102691,,,,
20250912,025750,한솔홈데코,3515,10,36022,,,,
20250912,025820,이구산업,4695,75,271969,,,,
20250912,025860,남해화학,6950,50,46642,,,,
20250912,025890,한국주강,2085,-130,276714,,,,
20250912,026890,스틱인베스트먼트,11620,780,611854,,,,
20250912,026940,부국철강,2500,-30,143867,,,,
20250912,026960,동서,28900,950,116839,,,,
20250912,027410,BGF,4020,-10,56259,,,,
20250912,027740,마니커,1692,0,94872,,,,
20250912,027970,한국제지,4085,25,16422,,,,
20250912,028050,삼성E&A,28400,-500,668540,,,,
20250912,028100,동아지질,15320,490,28407,,,,
20250912,028260,삼성물산,183000,-3500,337472,,,,
20250912,02826K,삼성물산우B,124500,-600,6727,,,,
20250912,028670,팬오션,4165,65,2005444,,,,
20250912,029460,케이씨,23250,500,39482,,,,
20250912,029530,신도리코,44900,-500,7987,,,,
20250912,029780,삼성카드,52800,-900,86173,,,,
20250912,030000,제일기획,20150,-50,252028,,,,
20250912,030190,NICE평가정보,15320,-190,82565,,,,
20250912,030200,KT,51300,-900,865184,,,,
20250912,030210,다올투자증권,3695,-25,69822,,,,
20250912,030610,교보증권,9660,40,147036,,,,
20250912,030720,동원수산,6060,-10,5256,,,,
20250912,031210,서울보증보험,51400,1900,247408,,,,
20250912,031430,신세계인터내셔날,10590,70,67234,,,,
20250912,031820,아이티센씨티에스,6240,30,17578,,,,
20250912,032350,롯데관광개발,17220,540,910011,,,,
20250912,032560,황금에스티,5770,10,11015,,,,
20250912,032640,LG유플러스,15160,-110,1009220,,,,
20250912,032830,삼성생명,159900,-1000,247275,,,,
20250912,033240,자화전자,19110,590,112276,,,,
20250912,033250,체시스,5400,25,19330,,,,
20250912,033270,유나이티드제약,20250,100,30897,,,,
20250912,033530,SJG세종,6100,-110,157123,,,,
20250912,033780,KT&G,133700,1000,337098,,,,
20250912,033920,무학,8260,70,45113,,,,
20250912,034020,두산에너빌리티,61000,0,6545777,,,,
20250912,034120,SBS,20300,150,20701,,,,
20250912,034220,LG디스플레이,12100,350,2009449,,,,
20250912,034230,파라다이스,21400,50,890415,,,,
20250912,034310,NICE,14050,150,52169,,,,
20250912,034590,인천도시가스,26050,50,1636,,,,
20250912,034730,SK,222500,2000,191358,,,,
20250912,03473K,SK우,168500,700,5031,,,,
20250912,034830,한국토지신탁,1393,-31,1746577,,,,
20250912,035000,HS애드,9000,-30,23717,,,,
20250912,035150,백산,14720,-190,43664,,,,
20250912,035250,강원랜드,18010,310,336376,,,,
20250912,035420,NAVER,236000,3000,1191699,,,,
20250912,035510,신세계 I&C,15580,180,56104,,,,
20250912,035720,카카오,65500,5600,6828797,,,,
20250912,036420,콘텐트리중앙,11200,-90,77138,,,,
20250912,036460,한국가스공사,40250,-50,137376,,,,
20250912,036530,SNT홀딩스,83400,-4800,40539,,,,
20250912,036570,NC,220000,18000,286401,,,,
20250912,036580,팜스코,2670,-25,58890,,,,
20250912,037270,YG PLUS,8460,-50,1123214,,,,
20250912,037560,LG헬로비전,2940,-5,214814,,,,
20250912,037710,광주신세계,30600,50,9912,,,,
20250912,039130,하나투어,52800,800,47844,,,,
20250912,039490,키움증권,249500,0,170406,,,,
20250912,039570,HDC랩스,8740,-40,27312,,,,
20250912,041650,상신브레이크,2785,-25,74661,,,,
20250912,042660,한화오션,113200,600,1929822,,,,
20250912,042700,한미반도체,90900,900,1779302,,,,
20250912,044380,주연테크,2585,-25,15993,,,,
20250912,044450,KSS해운,9570,20,17578,,,,
20250912,044820,코스맥스비티아이,18510,60,19935,,,,
20250912,047040,대우건설,3790,10,950172,,,,
20250912,047050,포스코인터내셔널,50300,700,366641,,,,
20250912,047400,유니온머티리얼,1449,-1,87505,,,,
20250912,047810,한국항공우주,99100,-2900,680347,,,,
20250912,049800,우진플라임,2145,0,38925,,,,
20250912,051600,한전KPS,49900,-1300,275643,,,,
20250912,051630,진양화학,2160,95,384914,,,,
20250912,051900,LG생활건강,294000,0,81456,,,,
20250912,051905,LG생활건강우,120200,1000,9460,,,,
20250912,051910,LG화학,290000,0,187098,,,,
20250912,051915,LG화학우,139500,600,22516,,,,
20250912,052690,한전기술,89700,-1500,359022,,,,
20250912,053210,스카이라이프,5190,-70,65197,,,,
20250912,053690,한미글로벌,21100,-600,250683,,,,
20250912,055490,테이팩스,15120,120,14343,,,,
20250912,055550,신한지주,69300,1500,1537108,,,,
20250912,058430,포스코스틸리온,3845,50,110310,,,,
20250912,058650,세아홀딩스,132500,8000,2778,,,,
20250912,058730,다스코,2990,0,22040,,,,
20250912,058850,KTcs,2830,-10,202189,,,,
20250912,058860,KTis,2850,-25,260016,,,,
20250912,060980,HL홀딩스,41700,-450,14379,,,,
20250912,062040,산일전기,118000,900,786764,,,,
20250912,063160,종근당바이오,23550,50,14060,,,,
20250912,064350,현대로템,215000,2500,457236,,,,
20250912,064400,LG씨엔에스,72300,1800,683176,,,,
20250912,064960,SNT모티브,36700,750,69547,,,,
20250912,066570,LG전자,77000,1100,476178,,,,
20250912,066575,LG전자우,38200,600,81835,,,,
20250912,066970,엘앤에프,65500,2200,467603,,,,
20250912,067830,세이브존I&C,2735,30,47400,,,,
20250912,068270,셀트리온,163658,-286,307394,,,,
20250912,068290,삼성출판사,16490,130,5220,,,,
20250912,069260,TKG휴켐스,17610,-50,42760,,,,
20250912,069460,대호에이엘,8610,-40,36341,,,,
20250912,069620,대웅제약,143200,-1000,33821,,,,
20250912,069640,한세엠케이,1676,-4,26434,,,,
20250912,069730,DSR제강,3895,-25,38457,,,,
20250912,069960,현대백화점,79900,400,85013,,,,
20250912,070960,모나용평,4090,5,105927,,,,
20250912,071050,한국금융지주,150000,2400,254652,,,,
20250912,071055,한국금융지주우,104800,100,28712,,,,
20250912,071090,하이스틸,4635,-105,1428936,,,,
20250912,071320,지역난방공사,81000,-200,9262,,,,
20250912,071840,롯데하이마트,8410,-100,32068,,,,
20250912,071950,코아스,6830,-470,426837,,,,
20250912,071970,HD현대마린엔진,92500,-2500,318443,,,,
20250912,072130,유엔젤,5450,-30,159682,,,,
20250912,072710,농심홀딩스,88000,3800,130818,,,,
20250912,073240,금호타이어,4980,20,1071694,,,,
20250912,074610,이엔플러스,5110,0,0,,,,
20250912,075180,새론오토모티브,3180,-25,17062,,,,
20250912,075580,세진중공업,25250,-850,1548360,,,,
20250912,077500,유니퀘스트,6700,190,401217,,,,
20250912,077970,STX엔진,45300,-1700,621806,,,,
20250912,078000,텔코웨어,14470,-30,19638,,,,
20250912,078520,에이블씨엔씨,13000,-400,638188,,,,
20250912,078930,GS,46450,-100,160411,,,,
20250912,078935,GS우,43300,50,5180,,,,
20250912,079160,CJ CGV,5150,50,955132,,,,
20250912,079430,현대리바트,7260,-40,23395,,,,
20250912,079550,LIG디펜스앤에어로스페이스,504000,1000,105933,,,,
20250912,079900,전진건설로봇,48300,200,34638,,,,
20250912,079980,휴비스,2990,15,45581,,,,
20250912,081000,일진다이아,12310,210,19692,,,,
20250912,081660,미스토홀딩스,40300,-1800,160655,,,,
20250912,082640,동양생명,7750,210,188623,,,,
20250912,082740,한화엔진,44650,-1450,1640127,,,,
20250912,083420,그린케미칼,7680,-30,57867,,,,
20250912,084010,대한제강,11096,-240,48160,,,,
20250912,084670,동양고속,8250,20,1950,,,,
20250912,084680,이월드,1516,6,80759,,,,
20250912,084690,대상홀딩스,9580,80,101251,,,,
20250912,084695,대상홀딩스우,12820,-10,10470,,,,
20250912,084870,TBH글로벌,1407,-8,13225,,,,
20250912,085310,엔케이,15150,-160,646968,,,,
20250912,085620,미래에셋생명,7930,160,149360,,,,
20250912,086280,현대글로비스,188100,1500,209707,,,,
20250912,086790,하나금융지주,88700,1000,968051,,,,
20250912,088260,이리츠코크렙,4710,-5,45148,,,,
20250912,088350,한화생명,3355,35,1415430,,,,
20250912,088790,진도,1938,20,106614,,,,
20250912,088980,맥쿼리인프라,11590,0,915706,,,,
20250912,089470,HDC현대EP,4140,-45,30902,,,,
20250912,089590,제주항공,6580,30,37460,,,,
20250912,089860,롯데렌탈,29800,-200,23675,,,,
20250912,090080,평화산업,1004,4,143752,,,,
20250912,090350,노루페인트,9660,-160,115036,,,,
20250912,090355,노루페인트우,13950,50,1136,,,,
20250912,090370,메타랩스,1350,38,70198,,,,
20250912,090430,아모레퍼시픽,122100,2200,198277,,,,
20250912,090435,아모레퍼시픽우,42350,400,23713,,,,
20250912,090460,비에이치,17810,90,626356,,,,
20250912,091810,트리니티항공,1850,8,442510,,,,
20250912,092200,디아이씨,4840,20,451735,,,,
20250912,092220,KEC,3885,115,306906,,,,
20250912,092230,KPX홀딩스,69300,300,2124,,,,
20250912,092440,기신정기,2595,-20,17748,,,,
20250912,092780,DYP,4020,5,23648,,,,
20250912,092790,넥스틸,13230,20,242594,,,,
20250912,093050,LF,18400,-200,52654,,,,
20250912,093240,형지엘리트,1451,29,826892,,,,
20250912,093370,후성,5600,10,388665,,,,
20250912,094280,효성ITX,13200,190,10858,,,,
20250912,094800,맵스리얼티,5000,20,142129,,,,
20250912,095570,AJ네트웍스,4350,-15,211660,,,,
20250912,095720,웅진씽크빅,3430,34,88517,,,,
20250912,096760,JW홀딩스,3415,15,34387,,,,
20250912,096770,SK이노베이션,107900,-600,288479,,,,
20250912,096775,SK이노베이션우,71400,-200,1497,,,,
20250912,097230,HJ중공업,31500,-1850,6558523,,,,
20250912,097520,엠씨넥스,30300,100,34738,,,,
20250912,097950,CJ제일제당,242000,4500,98565,,,,
20250912,097955,CJ제일제당 우,144200,1000,9780,,,,
20250912,100090,SK오션플랜트,30300,1200,17191396,,,,
20250912,100220,비상교육,5550,130,196772,,,,
20250912,100250,진양홀딩스,3123,-9,40021,,,,
20250912,100840,SNT에너지,59800,-4300,308274,,,,
20250912,101140,인바이오젠,13040,40,6888,,,,
20250912,101530,해태제과식품,6870,60,115411,,,,
20250912,102260,동성케미컬,4315,40,93931,,,,
20250912,102460,이연제약,12340,520,94919,,,,
20250912,103140,풍산,126500,5800,1022512,,,,
20250912,103590,일진전기,38200,-600,791853,,,,
20250912,104700,한국철강,10040,140,55675,,,,
20250912,105560,KB금융,119300,1700,1088302,,,,
20250912,105630,한세실업,10520,160,147715,,,,
20250912,105840,우진,11660,-70,460592,,,,
20250912,107590,미원홀딩스,71800,200,261,,,,
20250912,108320,LX세미콘,53700,600,39573,,,,
20250912,108670,LX하우시스,29650,150,18644,,,,
20250912,108675,LX하우시스우,17330,-170,6774,,,,
20250912,109070,주성코퍼레이션,887,3,127863,,,,
20250912,111110,호전실업,7290,40,88249,,,,
20250912,111380,동인기연,14300,-60,8195,,,,
20250912,111770,영원무역,59600,-700,41832,,,,
20250912,112610,씨에스윈드,45150,650,295241,,,,
20250912,114090,GKL,16580,-60,159897,,,,
20250912,117580,대성에너지,8180,10,44900,,,,
20250912,118000,메타케어,3180,0,10872,,,,
20250912,119650,KC코트렐,918,0,0,,,,
20250912,120030,조선선재,120100,-8900,33592,,,,
20250912,120110,코오롱인더,38500,250,86768,,,,
20250912,120115,코오롱인더우,23250,-50,6392,,,,
20250912,122900,아이마켓코리아,8270,-20,55970,,,,
20250912,123690,한국화장품,10130,230,115724,,,,
20250912,123700,SJM,3545,-60,101542,,,,
20250912,123890,한국자산신탁,2450,-25,198593,,,,
20250912,126560,현대퓨처넷,3260,5,55146,,,,
20250912,126720,수산인더스트리,22500,-500,43060,,,,
20250912,128820,대성산업,4515,30,275514,,,,
20250912,128940,한미약품,296000,4000,72822,,,,
20250912,129260,인터지스,2780,15,77865,,,,
20250912,130660,한전산업,12020,-130,167699,,,,
20250912,133820,화인베스틸,2345,-325,1495334,,,,
20250912,134380,미원화학,8610,10,2490,,,,
20250912,134790,시디즈,25150,-350,3744,,,,
20250912,136490,선진,11210,50,88401,,,,
20250912,137310,에스디바이오센서,10330,150,73773,,,,
20250912,138040,메리츠금융지주,126800,0,168329,,,,
20250912,138930,BNK금융지주,15510,110,797406,,,,
20250912,139130,iM금융지주,14290,80,412623,,,,
20250912,139480,이마트,76900,200,115014,,,,
20250912,139990,아주스틸,3975,20,18475,,,,
20250912,143210,핸즈코퍼레이션,1644,13,5814,,,,
20250912,145210,다이나믹디자인,7370,10,6100,,,,
20250912,145270,케이탑리츠,960,0,63418,,,,
20250912,145720,덴티움,58500,700,43068,,,,
20250912,145990,삼양사,50300,950,17875,,,,
20250912,145995,삼양사우,35500,400,150,,,,
20250912,155660,DSR,3850,-50,23328,,,,
20250912,161000,애경케미칼,10470,130,393377,,,,
20250912,161390,한국타이어앤테크놀로지,40750,850,494893,,,,
20250912,161890,한국콜마,79100,100,169555,,,,
20250912,163560,동일고무벨트,6920,-60,20210,,,,
20250912,170900,동아에스티,44634,334,16540,,,,
20250912,175330,JB금융지주,24900,50,276428,,,,
20250912,178920,PI첨단소재,17590,220,104113,,,,
20250912,180640,한진칼,110700,-500,65233,,,,
20250912,18064K,한진칼우,36600,50,2624,,,,
20250912,181710,NHN,27900,450,101523,,,,
20250912,183190,아세아시멘트,14130,-170,48932,,,,
20250912,185750,종근당,81900,-100,26684,,,,
20250912,192080,더블유게임즈,55400,-800,37817,,,,
20250912,192400,쿠쿠홀딩스,34400,400,10985,,,,
20250912,192650,드림텍,6680,50,212249,,,,
20250912,192820,코스맥스,219500,-3000,79046,,,,
20250912,194370,제이에스코퍼레이션,11570,110,132063,,,,
20250912,195870,해성디에스,25400,850,229625,,,,
20250912,200880,서연이화,11740,-40,59736,,,,
20250912,204320,HL만도,35350,-500,263753,,,,
20250912,207940,삼성바이오로직스,1527670,2943,53356,,,,
20250912,210540,디와이파워,12780,0,41747,,,,
20250912,210980,SK디앤디,10300,70,118678,,,,
20250912,213500,한솔제지,8670,0,30536,,,,
20250912,214320,이노션,18520,30,112938,,,,
20250912,214330,금호에이치티,16429,-27,9160,,,,
20250912,214390,경보제약,5470,30,18016,,,,
20250912,214420,토니모리,10780,200,266936,,,,
20250912,226320,잇츠한불,12600,-130,24451,,,,
20250912,227840,현대코퍼레이션홀딩스,12590,-70,13275,,,,
20250912,229640,LS에코에너지,38900,-50,147362,,,,
20250912,234080,JW생명과학,11950,-50,33844,,,,
20250912,241560,두산밥캣,54200,200,174257,,,,
20250912,241590,화승엔터프라이즈,6950,-90,203099,,,,
20250912,244920,에이플러스에셋,7400,160,98536,,,,
20250912,248070,솔루엠,19300,1100,399052,,,,
20250912,248170,샘표식품,27100,150,15772,,,,
20250912,249420,일동제약,22750,-400,782848,,,,
20250912,251270,넷마블,61900,200,103921,,,,
20250912,259960,크래프톤,322500,-2000,55516,,,,
20250912,264900,크라운제과,9490,60,26282,,,,
20250912,26490K,크라운제과우,9770,110,1775,,,,
20250912,267250,HD현대,148500,-1300,138853,,,,
20250912,267260,HD현대일렉트릭,595000,10000,141442,,,,
20250912,267270,HD건설기계,94300,-800,93647,,,,
20250912,267290,경동도시가스,20500,100,7725,,,,
20250912,267850,아시아나IDT,11820,-20,6720,,,,
20250912,268280,미원에스씨,141800,-1100,625,,,,
20250912,271560,오리온,109900,-500,141913,,,,
20250912,271940,일진하이솔루스,19690,1190,311507,,,,
20250912,271980,제일약품,13780,-200,23522,,,,
20250912,272210,한화시스템,54800,200,842810,,,,
20250912,272450,진에어,8520,-80,88458,,,,
20250912,272550,삼양패키징,13250,-10,8795,,,,
20250912,278470,에이피알,218000,-11500,775152,,,,
20250912,280360,롯데웰푸드,114800,2000,22292,,,,
20250912,281820,케이씨텍,35400,-150,145373,,,,
20250912,282330,BGF리테일,108900,-1200,81293,,,,
20250912,284740,쿠쿠홈시스,27350,700,56685,,,,
20250912,285130,SK케미칼,61600,1100,58684,,,,
20250912,28513K,SK케미칼우,26650,500,7714,,,,
20250912,286940,롯데이노베이트,21950,400,22041,,,,
20250912,293480,하나제약,11930,140,10585,,,,
20250912,293940,신한알파리츠,5690,20,163248,,,,
20250912,294870,IPARK현대산업개발,20500,-150,169498,,,,
20250912,298000,효성화학,77800,0,0,,,,
20250912,298020,효성티앤씨,223000,-1500,8669,,,,
20250912,298040,효성중공업,1445000,59000,76068,,,,
20250912,298050,HS효성첨단소재,198000,-600,9625,,,,
20250912,298690,에어부산,2010,18,130477,,,,
20250912,300720,한일시멘트,20800,-150,52584,,,,
20250912,302440,SK바이오사이언스,52400,3200,522465,,,,
20250912,306200,세아제강,134500,400,3788,,,,
20250912,307950,현대오토에버,173500,3500,65300,,,,
20250912,308170,씨티알모빌리티,5150,-30,6618,,,,
20250912,316140,우리금융지주,25650,200,1392772,,,,
20250912,317400,자이에스앤디,3530,-10,17792,,,,
20250912,322000,HD현대에너지솔루션,50800,500,150901,,,,
20250912,323410,카카오뱅크,25300,650,975490,,,,
20250912,326030,SK바이오팜,111000,500,124773,,,,
20250912,329180,HD현대중공업,510000,-7000,260502,,,,
20250912,330590,롯데리츠,4040,20,286766,,,,
20250912,334890,이지스밸류플러스리츠,4200,55,95861,,,,
20250912,336260,두산퓨얼셀,32750,2000,9217165,,,,
20250912,33626K,두산퓨얼셀1우,7570,390,136003,,,,
20250912,33626L,두산퓨얼셀2우B,11800,260,32889,,,,
20250912,336370,솔루스첨단소재,7770,40,102379,,,,
20250912,33637K,솔루스첨단소재1우,1854,0,21576,,,,
20250912,33637L,솔루스첨단소재2우B,3760,45,10491,,,,
20250912,338100,NH프라임리츠,4650,-5,30145,,,,
20250912,339770,교촌에프앤비,4825,-35,93138,,,,
20250912,344820,KCC글라스,29750,50,30336,,,,
20250912,348950,제이알글로벌리츠,3035,15,389265,,,,
20250912,350520,이지스레지던스리츠,3995,5,51832,,,,
20250912,352820,하이브,292000,6500,217067,,,,
20250912,353200,대덕전자,25950,300,1008054,,,,
20250912,35320K,대덕전자1우,9210,40,8956,,,,
20250912,357120,코람코라이프인프라리츠,4400,5,74648,,,,
20250912,357250,미래에셋맵스리츠,2815,10,39817,,,,
20250912,357430,마스턴프리미어리츠,1565,-1,12015,,,,
20250912,361610,SK아이이테크놀로지,28200,350,111588,,,,
20250912,363280,티와이홀딩스,3030,25,136200,,,,
20250912,36328K,티와이홀딩스우,5290,60,2420,,,,
20250912,365550,ESR켄달스퀘어리츠,4685,85,475247,,,,
20250912,372910,한컴라이프케어,2750,5,91320,,,,
20250912,373220,LG에너지솔루션,355500,5500,292617,,,,
20250912,375500,DL이앤씨,43350,-500,223204,,,,
20250912,37550K,DL이앤씨우,20050,220,11006,,,,
20250912,37550L,DL이앤씨2우(전환),30800,300,3595,,,,
20250912,377190,디앤디플랫폼리츠,3365,0,60084,,,,
20250912,377300,카카오페이,55600,2700,1909039,,,,
20250912,377740,바이오노트,6100,60,80706,,,,
20250912,378850,화승알앤에이,3575,-160,1214566,,,,
20250912,381970,케이카,16240,70,35166,,,,
20250912,383220,F&F,69700,700,88202,,,,
20250912,383800,LX홀딩스,8130,50,150916,,,,
20250912,38380K,LX홀딩스1우,8620,30,1829,,,,
20250912,395400,SK리츠,5120,0,275718,,,,
20250912,396690,미래에셋글로벌리츠,2815,5,39776,,,,
20250912,400760,NH올원리츠,3295,-10,133938,,,,
20250912,402340,SK스퀘어,197300,15200,820778,,,,
20250912,403550,쏘카,12600,280,9984,,,,
20250912,404990,신한서부티엔디리츠,3425,15,135025,,,,
20250912,415640,KB발해인프라,8840,10,74083,,,,
20250912,417310,코람코더원리츠,6110,200,116365,,,,
20250912,432320,KB스타리츠,3855,5,50971,,,,
20250912,439260,대한조선,85000,-2400,500511,,,,
20250912,443060,HD현대마린솔루션,215000,-4500,78982,,,,
20250912,446070,유니드비티플러스,3960,0,9583,,,,
20250912,448730,삼성FN리츠,4345,0,78404,,,,
20250912,450080,에코프로머티,50300,1300,362990,,,,
20250912,451800,한화리츠,4030,0,233566,,,,
20250912,452260,한화갤러리아,1156,9,310574,,,,
20250912,45226K,한화갤러리아우,2230,0,777,,,,
20250912,453340,현대그린푸드,16100,300,33583,,,,
20250912,454910,두산로보틱스,63300,500,329830,,,,
20250912,456040,OCI,56600,1300,51930,,,,
20250912,457190,이수스페셜티케미컬,45650,350,203712,,,,
20250912,460850,동국씨엠,5650,-20,46092,,,,
20250912,460860,동국제강,9600,-100,152182,,,,
20250912,462520,조선내화,13950,0,4083,,,,
20250912,462870,시프트업,42200,650,168837,,,,
20250912,465770,STX그린로지스,7820,-30,42253,,,,
20250912,475150,SK이터닉스,24600,0,2109965,,,,
20250912,475560,더본코리아,26150,300,22040,,,,
20250912,480370,씨케이솔루션,3445,13,37967,,,,
20250912,481850,신한글로벌액티브리츠,1442,-2,227954,,,,
20250912,483650,달바글로벌,162800,-4200,182497,,,,
20250912,484870,엠앤씨솔루션,69833,-1333,131679,,,,
20250912,487570,HS효성,58700,-700,13729,,,,
20250912,489790,한화비전,59900,1300,885932,,,,
20250912,499790,GS피앤엘,53100,-900,191689,,,,
20250912,900140,엘브이엠씨홀딩스,1793,51,515235,,,,
20250912,950210,프레스티지바이오파마,14680,210,120569,,,,
20250915,000020,동화약품,6420,10,63897,,,,
20250915,000040,KR모터스,2690,5,34027,,,,
20250915,000050,경방,7300,30,25478,,,,
20250915,000070,삼양홀딩스,60991,2803,74063,,,,
20250915,000080,하이트진로,19480,30,100565,,,,
20250915,000087,하이트진로2우B,15600,-50,779,,,,
20250915,000100,유한양행,119000,-700,204618,,,,
20250915,000105,유한양행우,105700,-800,3442,,,,
20250915,000120,CJ대한통운,86500,2800,108668,,,,
20250915,000140,하이트진로홀딩스,10400,110,88116,,,,
20250915,000145,하이트진로홀딩스우,11660,-210,1584,,,,
20250915,000150,두산,617000,5000,102342,,,,
20250915,000155,두산우,370000,7000,16581,,,,
20250915,000157,두산2우B,383500,1500,2187,,,,
20250915,000180,성창기업지주,8560,55,3214,,,,
20250915,000210,DL,39200,150,111349,,,,
20250915,000215,DL우,23750,250,7789,,,,
20250915,000220,유유제약,4340,-15,28615,,,,
20250915,000225,유유제약1우,4670,-20,5384,,,,
20250915,000227,유유제약2우B,10560,-20,170,,,,
20250915,000230,일동홀딩스,8970,-70,19808,,,,
20250915,000240,한국앤컴퍼니,23850,200,315318,,,,
20250915,000270,기아,101700,-4200,2334779,,,,
20250915,000300,DH오토넥스,4200,0,0,,,,
20250915,000320,노루홀딩스,33800,-200,41384,,,,
20250915,000325,노루홀딩스우,34650,-350,390,,,,
20250915,000370,한화손해보험,6270,390,3104429,,,,
20250915,000390,SP삼화,6150,-40,33626,,,,
20250915,000400,롯데손해보험,1789,-136,5028411,,,,
20250915,000430,대원강업,3875,-70,97841,,,,
20250915,000480,CR홀딩스,5010,0,30222,,,,
20250915,000490,대동,10020,60,60010,,,,
20250915,000500,가온전선,34007,0,35485,,,,
20250915,000520,삼일제약,10980,-420,282812,,,,
20250915,000540,흥국화재,4385,105,297955,,,,
20250915,000545,흥국화재우,7450,90,9715,,,,
20250915,000590,CS홀딩스,87500,-700,1076,,,,
20250915,000640,동아쏘시오홀딩스,110330,5342,11894,,,,
20250915,000650,천일고속,41100,150,27,,,,
20250915,000660,SK하이닉스,331000,2500,4221256,,,,
20250915,000670,영풍,42757,487,37128,,,,
20250915,000680,LS네트웍스,4115,70,357049,,,,
20250915,000700,유수홀딩스,5890,130,51791,,,,
20250915,000720,현대건설,60000,600,1030788,,,,
20250915,000725,현대건설우,54200,200,5941,,,,
20250915,000760,이화산업,12580,150,2568,,,,
20250915,000810,삼성화재,470000,0,92955,,,,
20250915,000815,삼성화재우,354500,6000,11300,,,,
20250915,000850,화천기공,31750,300,4355,,,,
20250915,000860,강남제비스코,12270,20,32342,,,,
20250915,000880,한화,111644,8644,1109631,,,,
20250915,00088K,한화3우B,39619,2367,123419,,,,
20250915,000890,보해양조,2295,-10,24583,,,,
20250915,000910,유니온,4480,-100,112302,,,,
20250915,000950,전방,34200,1050,1974,,,,
20250915,000970,한국주철관,7050,0,20620,,,,
20250915,000990,DB하이텍,52200,700,278996,,,,
20250915,001020,페이퍼코리아,3610,0,6321,,,,
20250915,001040,CJ,197000,10700,257187,,,,
20250915,001045,CJ우,102200,6000,13572,,,,
20250915,00104K,CJ4우(전환),168000,10000,26587,,,,
20250915,001060,JW중외제약,22400,-100,52938,,,,
20250915,001065,JW중외제약우,27700,-400,281,,,,
20250915,001067,JW중외제약2우B,57100,-100,31,,,,
20250915,001070,대한방직,6750,100,11412,,,,
20250915,001080,만호제강,3955,255,452780,,,,
20250915,001120,LX인터내셔널,31950,650,108459,,,,
20250915,001130,대한제분,15220,40,43230,,,,
20250915,001200,유진투자증권,3795,40,1908754,,,,
20250915,001210,금호전기,4240,5,40742,,,,
20250915,001230,동국홀딩스,1730,7,206472,,,,
20250915,001250,GS글로벌,2635,60,1509143,,,,
20250915,001260,남광토건,8010,-280,79230,,,,
20250915,001270,부국증권,75400,1500,245066,,,,
20250915,001275,부국증권우,27450,500,8461,,,,
20250915,001290,상상인증권,830,62,18579660,,,,
20250915,001340,PKC,5930,30,43239,,,,
20250915,001360,삼성제약,1708,-15,292874,,,,
20250915,001380,SG글로벌,3281,16,77111,,,,
20250915,001390,KG케미칼,5120,320,1522758,,,,
20250915,001420,태원물산,3375,-45,3834,,,,
20250915,001430,세아베스틸지주,26950,250,107584,,,,
20250915,001440,대한전선,16240,-230,814367,,,,
20250915,001450,현대해상,28300,400,351578,,,,
20250915,001460,BYC,40250,0,4427,,,,
20250915,001465,BYC우,26450,250,4482,,,,
20250915,001470,삼부토건,347,0,0,,,,
20250915,001500,현대차증권,9000,180,353230,,,,
20250915,001510,SK증권,1427,54,4034457,,,,
20250915,001515,SK증권우,3800,-180,31759,,,,
20250915,001520,동양,1334,10,97037,,,,
20250915,001525,동양우,8250,-120,3,,,,
20250915,001527,동양2우B,18160,600,261,,,,
20250915,001530,DI동일,35429,0,46358,,,,
20250915,001550,조비,12260,-190,16997,,,,
20250915,001560,제일연마,10480,-160,5116,,,,
20250915,001570,금양,9900,0,0,,,,
20250915,001620,케이비아이동국실업,2450,15,59821,,,,
20250915,001630,종근당홀딩스,49450,100,3367,,,,
20250915,001680,대상,23750,250,73633,,,,
20250915,001685,대상우,17080,160,3390,,,,
20250915,001720,신영증권,152600,7300,90296,,,,
20250915,001740,SK네트웍스,4545,55,277577,,,,
20250915,001750,한양증권,18630,430,64272,,,,
20250915,001755,한양증권우,17320,260,3583,,,,
20250915,001770,SHD,17510,-370,2972,,,,
20250915,001780,알루코,2180,-15,236130,,,,
20250915,001790,대한제당,3005,5,166175,,,,
20250915,001795,대한제당우,2505,-20,21608,,,,
20250915,001800,오리온홀딩스,22250,750,234468,,,,
20250915,001820,삼화콘덴서,32350,350,101385,,,,
20250915,001940,KISCO홀딩스,26750,250,12709,,,,
20250915,002020,코오롱,43600,1150,219022,,,,
20250915,002025,코오롱우,22700,450,7327,,,,
20250915,002030,아세아,353000,1000,897,,,,
20250915,002070,비비안,15142,59,9012,,,,
20250915,002100,경농,9610,70,25573,,,,
20250915,002140,고려산업,2695,-5,85181,,,,
20250915,002150,도화엔지니어링,6500,-80,29194,,,,
20250915,002170,SYTS,55000,300,1077,,,,
20250915,002200,한국수출포장,2940,15,151127,,,,
20250915,002210,동성제약,1946,0,0,,,,
20250915,002220,한일철강,3200,110,87566,,,,
20250915,002240,고려제강,17830,70,16812,,,,
20250915,002310,아세아제지,8180,-20,69724,,,,
20250915,002320,한진,20750,-300,46310,,,,
20250915,002350,넥센타이어,6060,50,83601,,,,
20250915,002355,넥센타이어1우B,3385,55,15950,,,,
20250915,002360,SH에너지화학,4310,-30,14643,,,,
20250915,002380,KCC,437500,19500,39309,,,,
20250915,002390,한독,11700,-70,24598,,,,
20250915,002410,범양건영,1935,0,0,,,,
20250915,002420,세기상사,5350,20,8212,,,,
20250915,002450,삼익악기,1319,23,69086,,,,
20250915,002460,HS화성,10580,80,18105,,,,
20250915,002600,조흥,157100,700,62,,,,
20250915,002620,제일파마홀딩스,8640,-160,12416,,,,
20250915,002630,오리엔트바이오,1216,-32,442973,,,,
20250915,002690,동일제강,1629,-11,38475,,,,
20250915,002700,신일전자,1327,-12,271800,,,,
20250915,002710,TCC스틸,17290,-260,110943,,,,
20250915,002720,국제약품,4625,-5,106266,,,,
20250915,002760,보락,1049,3,143755,,,,
20250915,002780,진흥기업,735,0,201855,,,,
20250915,002785,진흥기업우B,3360,-50,532,,,,
20250915,002787,진흥기업2우B,7760,-30,178,,,,
20250915,002790,아모레퍼시픽홀딩스,27800,300,112551,,,,
20250915,002795,아모레퍼시픽홀딩스우,11410,90,9906,,,,
20250915,00279K,아모레퍼시픽홀딩스3우C,21750,250,7892,,,,
20250915,002810,삼영무역,16800,450,23052,,,,
20250915,002820,SUN&L,2600,-5,17894,,,,
20250915,002840,미원상사,155300,700,1620,,,,
20250915,002870,신풍,1059,8,46164,,,,
20250915,002880,디와이에이,1192,22,188169,,,,
20250915,002900,TYM,6090,-20,160582,,,,
20250915,002920,유성기업,2065,-65,41165,,,,
20250915,002960,한국쉘석유,421000,-500,1381,,,,
20250915,002990,금호건설,3990,15,92050,,,,
20250915,002995,금호건설우,11680,-140,736,,,,
20250915,003000,부광약품,3570,15,428162,,,,
20250915,003010,혜인,5620,-120,219210,,,,
20250915,003030,세아제강지주,173400,-1300,11884,,,,
20250915,003060,에이프로젠바이오로직스,652,-1,322042,,,,
20250915,003070,코오롱글로벌,9180,-20,8113,,,,
20250915,003075,코오롱글로벌우,14900,-60,1331,,,,
20250915,003080,SB성보,2845,5,20256,,,,
20250915,003090,대웅,24450,400,153175,,,,
20250915,0030R0,대신밸류리츠,4375,45,61492,,,,
20250915,003120,일성아이에스,25450,650,21545,,,,
20250915,003160,디아이,15060,460,487291,,,,
20250915,003200,일신방직,10370,170,16639,,,,
20250915,003220,대원제약,13150,70,11148,,,,
20250915,003230,삼양식품,1598000,-18000,22416,,,,
20250915,003240,태광산업,932000,5000,1941,,,,
20250915,003280,흥아해운,1689,-6,859003,,,,
20250915,003300,한일홀딩스,17670,-320,23296,,,,
20250915,003350,한국화장품제조,11680,-280,152455,,,,
20250915,003460,유화증권,2845,55,126481,,,,
20250915,003465,유화증권우,2610,-30,138222,,,,
20250915,003470,유안타증권,3840,90,1076409,,,,
20250915,003475,유안타증권우,3840,90,37463,,,,
20250915,003480,한진중공업홀딩스,6140,210,1784249,,,,
20250915,003490,대한항공,23600,-300,1206768,,,,
20250915,003495,대한항공우,23950,-50,2652,,,,
20250915,003520,영진약품,2045,15,210716,,,,
20250915,003530,한화투자증권,6180,70,3003801,,,,
20250915,003535,한화투자증권우,8190,60,14634,,,,
20250915,003540,대신증권,28650,-100,427624,,,,
20250915,003545,대신증권우,21400,150,110404,,,,
20250915,003547,대신증권2우B,20000,120,54813,,,,
20250915,003550,LG,77600,1800,227876,,,,
20250915,003555,LG우,62700,400,5856,,,,
20250915,003570,SNT다이내믹스,63900,1300,116584,,,,
20250915,003580,HLB글로벌,2265,85,125003,,,,
20250915,003610,방림,5050,75,96964,,,,
20250915,003620,KG모빌리티,3345,-25,120074,,,,
20250915,003650,미창석유,108700,-1300,577,,,,
20250915,003670,포스코퓨처엠,132300,-1200,211457,,,,
20250915,003680,한성기업,5830,-50,125751,,,,
20250915,003690,코리안리,11170,180,880676,,,,
20250915,003720,삼영,5160,-140,542163,,,,
20250915,003780,진양산업,6890,-30,136525,,,,
20250915,003830,대한화섬,123700,-1000,120,,,,
20250915,003850,보령,8670,60,67814,,,,
20250915,003920,남양유업,59500,2900,9188,,,,
20250915,003925,남양유업우,38150,3450,34541,,,,
20250915,003960,사조대림,42400,250,9872,,,,
20250915,004000,롯데정밀화학,46400,650,54666,,,,
20250915,004020,현대제철,36950,600,450154,,,,
20250915,004060,SG세계물산,3220,10,30420,,,,
20250915,004080,신흥,13900,-40,3286,,,,
20250915,004090,한국석유,14020,110,30009,,,,
20250915,004100,태양금속,2240,-10,131112,,,,
20250915,004105,태양금속우,3125,-35,15123,,,,
20250915,004140,동방,3165,-60,727240,,,,
20250915,004150,한솔홀딩스,3380,95,217628,,,,
20250915,004170,신세계,180500,3900,28973,,,,
20250915,004250,NPC,4145,-5,28747,,,,
20250915,004255,NPC우,2495,20,8169,,,,
20250915,004270,남성,8164,23,2782,,,,
20250915,004310,현대약품,3930,40,114295,,,,
20250915,004360,세방,14860,880,248740,,,,
20250915,004365,세방우,9240,200,31565,,,,
20250915,004370,농심,511000,-11000,169120,,,,
20250915,004380,삼익THK,13000,0,0,,,,
20250915,004410,서울식품,1580,-10,207032,,,,
20250915,004415,서울식품우,12370,10,197,,,,
20250915,004430,송원산업,10340,40,24344,,,,
20250915,004440,삼일씨엔에스,4980,-70,14572,,,,
20250915,004450,삼화왕관,34450,0,279,,,,
20250915,004490,세방전지,63500,400,63337,,,,
20250915,004540,깨끗한나라,2090,-10,52057,,,,
20250915,004545,깨끗한나라우,11850,-10,473,,,,
20250915,004560,현대비앤지스틸,11810,50,20990,,,,
20250915,004690,삼천리,135700,2200,14487,,,,
20250915,004700,조광피혁,67900,700,11511,,,,
20250915,004710,한솔테크닉스,5409,0,0,,,,
20250915,004720,팜젠사이언스,4505,5,67695,,,,
20250915,004770,써니전자,1642,-9,157594,,,,
20250915,004800,효성,94000,4800,118084,,,,
20250915,004830,덕성,5550,-40,123983,,,,
20250915,004835,덕성우,7480,-60,3804,,,,
20250915,004840,DRB동일,5070,-10,13417,,,,
20250915,004870,티웨이홀딩스,2697,-24,21470,,,,
20250915,004890,동일산업,41250,-550,736,,,,
20250915,004910,조광페인트,5980,-40,61274,,,,
20250915,004920,씨아이테크,1232,74,460021,,,,
20250915,004960,한신공영,8120,20,13387,,,,
20250915,004970,신라교역,9450,150,23197,,,,
20250915,004980,성신양회,11180,100,104369,,,,
20250915,004985,성신양회우,11960,20,3735,,,,
20250915,004990,롯데지주,32300,1650,739256,,,,
20250915,00499K,롯데지주우,31400,-400,6549,,,,
20250915,005010,휴스틸,4250,-40,238652,,,,
20250915,005030,부산주공,486,0,0,,,,
20250915,005070,코스모신소재,41800,50,459205,,,,
20250915,005090,SGC에너지,23800,100,11518,,,,
20250915,005110,한창,1254,0,0,,,,
20250915,005180,빙그레,73200,200,33543,,,,
20250915,005250,녹십자홀딩스,16100,410,84242,,,,
20250915,005257,녹십자홀딩스2우,27200,300,362,,,,
20250915,005300,롯데칠성,120900,100,13616,,,,
20250915,005305,롯데칠성우,70700,-800,3201,,,,
20250915,005320,온타이드,1092,-20,208907,,,,
20250915,005360,모나미,2080,-25,362320,,,,
20250915,005380,현대차,215000,-8500,1712249,,,,
20250915,005385,현대차우,165300,-5000,238707,,,,
20250915,005387,현대차2우B,169100,-4400,285834,,,,
20250915,005389,현대차3우B,164400,-5000,43087,,,,
20250915,005420,코스모화학,16650,210,148029,,,,
20250915,005430,한국공항,69900,-300,10318,,,,
20250915,005440,현대지에프홀딩스,9290,990,1821153,,,,
20250915,005490,POSCO홀딩스,285000,0,201886,,,,
20250915,005500,삼진제약,19400,230,35018,,,,
20250915,005610,삼립,55800,0,14952,,,,
20250915,005680,삼영전자,10810,-110,43306,,,,
20250915,005690,파미셀,14380,2630,20083364,,,,
20250915,005720,넥센,6410,230,41426,,,,
20250915,005725,넥센우,4810,170,4173,,,,
20250915,005740,크라운해태홀딩스,7830,170,279642,,,,
20250915,005745,크라운해태홀딩스우,8400,10,378,,,,
20250915,005750,대림바스,4725,-15,16513,,,,
20250915,005800,신영와코루,14150,-170,6589,,,,
20250915,005810,풍산홀딩스,42950,950,48651,,,,
20250915,005820,원림,14480,180,258,,,,
20250915,005830,DB손해보험,144700,-300,166085,,,,
20250915,005850,에스엘,34500,-1400,310014,,,,
20250915,005870,휴니드,8500,-90,88751,,,,
20250915,005880,대한해운,1838,-6,2013527,,,,
20250915,005930,삼성전자,76500,1100,19908805,,,,
20250915,005935,삼성전자우,61900,1000,2240146,,,,
20250915,005940,NH투자증권,21650,1100,1310624,,,,
20250915,005945,NH투자증권우,18670,430,91963,,,,
20250915,005950,이수화학,5740,-20,25513,,,,
20250915,005960,동부건설,6560,30,96909,,,,
20250915,005965,동부건설우,19210,-170,90,,,,
20250915,006040,동원산업,48300,850,61172,,,,
20250915,006060,화승인더,4295,-45,67383,,,,
20250915,006090,사조오양,10170,30,12506,,,,
20250915,006110,삼아알미늄,22750,-250,44145,,,,
20250915,006120,SK디스커버리,54800,1400,25018,,,,
20250915,006125,SK디스커버리우,37500,250,7248,,,,
20250915,006200,한국전자홀딩스,3565,-20,16086,,,,
20250915,006220,제주은행,14320,-60,213629,,,,
20250915,006260,LS,187800,5200,249933,,,,
20250915,006280,녹십자,134700,700,27890,,,,
20250915,006340,대원전선,2985,15,914950,,,,
20250915,006345,대원전선우,3775,15,17657,,,,
20250915,006360,GS건설,19460,30,301077,,,,
20250915,006370,대구백화점,7000,0,56365,,,,
20250915,006380,카프로,3660,0,0,,,,
20250915,006400,삼성SDI,201500,-2500,592824,,,,
20250915,006405,삼성SDI우,134400,1100,4600,,,,
20250915,006490,프리티,3900,-80,106266,,,,
20250915,006570,대림통상,2630,5,428,,,,
20250915,006650,대한유화,118800,-300,28479,,,,
20250915,006660,삼성공조,14040,100,31074,,,,
20250915,006740,블루산업개발,2415,-5,32425,,,,
20250915,006800,미래에셋증권,22751,747,5391888,,,,
20250915,006805,미래에셋증권우,10220,394,262654,,,,
20250915,00680K,미래에셋증권2우B,9479,254,1082332,,,,
20250915,006840,AK홀딩스,11170,-90,8621,,,,
20250915,006880,신송홀딩스,7030,-80,31341,,,,
20250915,006890,태경케미컬,9540,-60,13613,,,,
20250915,006980,우성,17340,-20,2413,,,,
20250915,007070,GS리테일,16710,50,105174,,,,
20250915,007110,일신석재,1948,-67,1560231,,,,
20250915,007120,미래아이앤지,915,0,32005,,,,
20250915,007160,사조산업,53800,2600,19765,,,,
20250915,007210,벽산,2175,-35,103895,,,,
20250915,007280,한국특강,3234,-4,56733,,,,
20250915,007310,오뚜기,429000,-4000,16818,,,,
20250915,007340,DN오토모티브,26000,-50,50078,,,,
20250915,007460,에이프로젠,745,4,3895915,,,,
20250915,007540,샘표,50900,1050,16438,,,,
20250915,007570,일양약품,14600,0,0,,,,
20250915,007575,일양약품우,15260,0,0,,,,
20250915,007590,동방아그로,6210,-10,7514,,,,
20250915,007610,선도전기,3000,0,0,,,,
20250915,007660,이수페타시스,77000,5100,3639851,,,,
20250915,007690,국도화학,38200,400,16662,,,,
20250915,007700,F&F홀딩스,20100,-300,54598,,,,
20250915,007810,코리아써키트,17570,160,610052,,,,
20250915,007815,코리아써우,6780,10,2510,,,,
20250915,00781K,코리아써키트2우B,6580,20,477,,,,
20250915,007860,서연,9480,50,86448,,,,
20250915,007980,TP,1720,-37,958085,,,,
20250915,008040,사조동아원,1360,-19,17609642,,,,
20250915,008060,대덕,8440,100,58493,,,,
20250915,00806K,대덕1우,8300,60,2109,,,,
20250915,008250,이건산업,4905,-50,19972,,,,
20250915,008260,NI스틸,3835,0,71872,,,,
20250915,008350,남선알미늄,1162,-1,278101,,,,
20250915,008355,남선알미우,12830,150,70,,,,
20250915,008420,문배철강,2480,-20,340612,,,,
20250915,008490,서흥,26600,650,165731,,,,
20250915,008600,윌비스,3692,-31,18914,,,,
20250915,008700,아남전자,1336,4,153811,,,,
20250915,008730,율촌화학,33050,550,101979,,,,
20250915,008770,호텔신라,51000,100,139070,,,,
20250915,008775,호텔신라우,42650,100,1337,,,,
20250915,008870,금비,60300,700,5746,,,,
20250915,008930,한미사이언스,39350,100,76744,,,,
20250915,008970,KBI동양철관,2787,-200,4679629,,,,
20250915,009070,KCTC,5510,-130,482031,,,,
20250915,009140,경인전자,20750,0,1709,,,,
20250915,009150,삼성전기,189000,-1400,504841,,,,
20250915,009155,삼성전기우,85200,200,23531,,,,
20250915,009160,SIMPAC,4565,5,37373,,,,
20250915,009180,한솔로지스틱스,2895,-10,52494,,,,
20250915,009190,대양금속,1580,-23,116345,,,,
20250915,009200,무림페이퍼,2060,5,51829,,,,
20250915,009240,한샘,44350,950,37654,,,,
20250915,009270,신원,1630,-23,1452866,,,,
20250915,009290,광동제약,6140,30,78292,,,,
20250915,009310,참엔지니어링,1295,2,23369,,,,
20250915,009320,아진전자부품,1057,-6,88056,,,,
20250915,009410,태영건설,1727,3,363112,,,,
20250915,009415,태영건설우,4990,0,239,,,,
20250915,009420,한올바이오파마,33400,-600,302812,,,,
20250915,009440,KC그린홀딩스,756,0,0,,,,
20250915,009450,경동나비엔,79500,-600,50445,,,,
20250915,009460,한창제지,3195,5,42415,,,,
20250915,009470,삼화전기,35650,-100,225703,,,,
20250915,009540,HD한국조선해양,411500,-5000,160993,,,,
20250915,009580,무림P&P,2600,15,69547,,,,
20250915,009680,모토닉,10650,-30,43071,,,,
20250915,009770,삼정펄프,27950,650,22865,,,,
20250915,009810,MDS스피어,3525,-21,12580,,,,
20250915,009830,한화솔루션,28910,849,2534293,,,,
20250915,009835,한화솔루션우,21270,587,15521,,,,
20250915,009900,명신산업,9090,-150,94603,,,,
20250915,009970,영원무역홀딩스,143000,6400,15924,,,,
20250915,010040,한국내화,2270,-10,32844,,,,
20250915,010060,OCI홀딩스,100200,3300,170454,,,,
20250915,010100,한국무브넥스,4465,-115,574161,,,,
20250915,010120,LS ELECTRIC,62500,-700,492525,,,,
20250915,010130,고려아연,1053000,11000,35289,,,,
20250915,010140,삼성중공업,21600,-400,3308425,,,,
20250915,010400,우진아이엔에스,3060,165,10525,,,,
20250915,010580,에스엠벡셀,1530,-37,60324,,,,
20250915,010640,진양폴리,3521,-12,46924,,,,
20250915,010660,화천기계,4555,-100,405217,,,,
20250915,010690,화신,8270,-370,581450,,,,
20250915,010770,평화홀딩스,4000,-50,98462,,,,
20250915,010780,아이에스동서,20550,150,22137,,,,
20250915,010820,퍼스텍,4935,75,3940720,,,,
20250915,010950,S-Oil,59300,100,142068,,,,
20250915,010955,S-Oil우,38750,-350,15216,,,,
20250915,010960,삼호개발,3560,-55,105338,,,,
20250915,011000,진원생명과학,12600,350,95972,,,,
20250915,011070,LG이노텍,167900,100,124607,,,,
20250915,011090,에넥스,3010,-80,74972,,,,
20250915,011150,CJ씨푸드,2905,-10,150572,,,,
20250915,011155,CJ씨푸드1우,17400,1050,264,,,,
20250915,011170,롯데케미칼,66500,-200,111993,,,,
20250915,011200,HMM,23450,-850,1088519,,,,
20250915,011210,현대위아,51000,-1500,109303,,,,
20250915,011230,삼화전자,3705,-130,397670,,,,
20250915,011280,태림포장,1990,-7,47456,,,,
20250915,011300,우성머티리얼스,4050,-20,23906,,,,
20250915,011330,유니켐,15410,-310,98489,,,,
20250915,011390,부산산업,80100,-2600,5070,,,,
20250915,011420,갤럭시아에스엠,2315,40,273085,,,,
20250915,011500,한농화성,14490,80,40369,,,,
20250915,011690,와이투솔루션,3730,115,483719,,,,
20250915,011700,한신기계,3430,-110,379679,,,,
20250915,011760,현대코퍼레이션,23000,400,65287,,,,
20250915,011780,금호석유화학,112400,2900,118755,,,,
20250915,011785,금호석유화학우,58800,1800,10885,,,,
20250915,011790,SKC,96061,-1786,238660,,,,
20250915,011810,STX,3530,0,0,,,,
20250915,011930,신성이엔지,17390,650,903965,,,,
20250915,012030,DB,1637,1,1877688,,,,
20250915,012160,영흥,2920,-80,49294,,,,
20250915,012170,아센디오,2175,-80,229433,,,,
20250915,012200,계양전기,1370,1,26499,,,,
20250915,012205,계양전기우,3055,-48,3145,,,,
20250915,012280,영화금속,916,-1,53115,,,,
20250915,012320,경동인베스트,62000,1600,14614,,,,
20250915,012330,현대모비스,309500,-4000,145731,,,,
20250915,012450,한화에어로스페이스,986000,-16000,143445,,,,
20250915,012610,경인양행,3135,-55,32460,,,,
20250915,012630,HDC,21750,400,239438,,,,
20250915,012690,모나리자,2460,-30,74620,,,,
20250915,012750,에스원,80300,-200,36595,,,,
20250915,012800,대창,1340,7,413508,,,,
20250915,013000,세우글로벌,1062,-8,21238,,,,
20250915,013360,일성건설,1424,-18,352414,,,,
20250915,013520,화승코퍼레이션,1940,-10,129632,,,,
20250915,013570,디와이,4465,0,37336,,,,
20250915,013580,계룡건설,20150,-250,32528,,,,
20250915,013700,까뮤이앤씨,1149,1,77308,,,,
20250915,013870,지엠비코리아,4040,-5,21156,,,,
20250915,013890,지누스,17300,180,53973,,,,
20250915,014130,한익스프레스,3285,45,18300,,,,
20250915,014160,대영포장,1211,5,542773,,,,
20250915,014280,금강공업,5290,-70,531511,,,,
20250915,014285,금강공업우,6780,-70,894,,,,
20250915,014440,영보화학,4440,0,24783,,,,
20250915,014530,극동유화,3365,10,119767,,,,
20250915,014580,태경비케이,5000,-30,139942,,,,
20250915,014680,한솔케미칼,191900,5500,63189,,,,
20250915,014710,사조씨푸드,9400,190,31506,,,,
20250915,014790,HL D&I,2565,10,33928,,,,
20250915,014820,동원시스템즈,29450,-500,25618,,,,
20250915,014825,동원시스템즈우,17580,170,559,,,,
20250915,014830,유니드,78000,0,9051,,,,
20250915,014910,성문전자,1173,-12,47686,,,,
20250915,014915,성문전자우,4150,-605,26405,,,,
20250915,014990,인디에프,5400,-115,63688,,,,
20250915,015020,이스타코,1280,-30,51856,,,,
20250915,015230,대창단조,6450,-30,101309,,,,
20250915,015260,에이엔피,511,-8,221584,,,,
20250915,015360,INVENI,12940,380,64010,,,,
20250915,015590,DKME,2575,0,0,,,,
20250915,015760,한국전력,36800,-100,1583030,,,,
20250915,015860,일진홀딩스,5720,70,137554,,,,
20250915,015890,태경산업,5320,10,44478,,,,
20250915,016090,대현,1827,0,39926,,,,
20250915,016360,삼성증권,75500,1500,425887,,,,
20250915,016380,KG스틸,5540,30,144915,,,,
20250915,016450,한세예스24홀딩스,4075,5,31469,,,,
20250915,016580,환인제약,11020,120,21658,,,,
20250915,016590,신대양제지,11490,-10,11549,,,,
20250915,016610,DB증권,9790,370,369945,,,,
20250915,016710,대성홀딩스,8950,80,27174,,,,
20250915,016740,두올,3465,-55,161793,,,,
20250915,016800,퍼시스,43750,1250,968,,,,
20250915,016880,웅진,5020,70,1072747,,,,
20250915,017040,광명전기,1135,1,204574,,,,
20250915,017180,명문제약,1716,-20,31875,,,,
20250915,017370,우신시스템,7300,390,279787,,,,
20250915,017390,서울가스,64000,100,7609,,,,
20250915,017550,수산세보틱스,1884,-31,116440,,,,
20250915,017670,SK텔레콤,54500,-600,669445,,,,
20250915,017800,현대엘리베이터,78300,-1000,186377,,,,
20250915,017810,풀무원,14780,-180,328362,,,,
20250915,017860,DS단석,21589,-49,68800,,,,
20250915,017900,광전자,1890,2,11710,,,,
20250915,017940,E1,83000,3200,34788,,,,
20250915,017960,한국카본,32550,-450,333661,,,,
20250915,018250,애경산업,15590,70,99451,,,,
20250915,018260,삼성에스디에스,167600,500,143393,,,,
20250915,018470,조일알미늄,1439,-15,270791,,,,
20250915,018500,동원모빌리티,1347,-18,340212,,,,
20250915,018670,SK가스,246000,5500,8350,,,,
20250915,018880,한온시스템,3141,-98,774254,,,,
20250915,019170,신풍제약,13010,50,200324,,,,
20250915,019175,신풍제약우,23500,300,2443,,,,
20250915,019180,티에이치엔,5020,-160,406772,,,,
20250915,019490,엑시큐어하이트론,658,7,391002,,,,
20250915,019680,대교,2270,0,23855,,,,
20250915,019685,대교우B,1269,-2,27731,,,,
20250915,020000,한섬,15390,80,27347,,,,
20250915,020120,키다리스튜디오,3900,-35,58472,,,,
20250915,020150,롯데에너지머티리얼즈,23950,-150,89151,,,,
20250915,020560,아시아나항공,9550,-10,59653,,,,
20250915,020760,일진디스플,902,0,0,,,,
20250915,021050,서원,1200,2,113259,,,,
20250915,021240,코웨이,98400,-1700,110410,,,,
20250915,021820,세원정공,10020,-40,10296,,,,
20250915,022100,포스코DX,22950,50,170937,,,,
20250915,023000,삼원강재,2435,-15,7826,,,,
20250915,023150,MH에탄올,5150,-10,4353,,,,
20250915,023350,한국종합기술,4860,-15,23548,,,,
20250915,023450,동남합성,32750,800,5741,,,,
20250915,023530,롯데쇼핑,70000,1700,89343,,,,
20250915,023590,다우기술,38100,1250,110396,,,,
20250915,023800,인지컨트롤스,5830,-50,45020,,,,
20250915,023810,인팩,6790,-140,21207,,,,
20250915,023960,에쓰씨엔지니어링,1174,0,74730,,,,
20250915,024070,WISCOM,1952,-47,10612,,,,
20250915,024090,디씨엠,12450,-60,5824,,,,
20250915,024110,기업은행,19990,230,1105425,,,,
20250915,024720,콜마홀딩스,13510,240,522149,,,,
20250915,024890,대원화성,4340,5,5874,,,,
20250915,024900,디와이덕양,2320,-25,57754,,,,
20250915,025000,KPX케미칼,47353,189,8788,,,,
20250915,025530,SJM홀딩스,3660,55,35134,,,,
20250915,025540,한국단자,61700,-400,6502,,,,
20250915,025560,미래산업,2222,44,118170,,,,
20250915,025620,차AI헬스케어,8300,-710,88480,,,,
20250915,025750,한솔홈데코,3500,-15,20816,,,,
20250915,025820,이구산업,4715,20,252316,,,,
20250915,025860,남해화학,6870,-80,65595,,,,
20250915,025890,한국주강,2050,-35,99861,,,,
20250915,026890,스틱인베스트먼트,11730,110,150992,,,,
20250915,026940,부국철강,2455,-45,125642,,,,
20250915,026960,동서,28800,-100,75395,,,,
20250915,027410,BGF,4100,80,191611,,,,
20250915,027740,마니커,1720,28,167514,,,,
20250915,027970,한국제지,4080,-5,15603,,,,
20250915,028050,삼성E&A,28500,100,554679,,,,
20250915,028100,동아지질,15920,600,41885,,,,
20250915,028260,삼성물산,195900,12900,895258,,,,
20250915,02826K,삼성물산우B,131100,6600,26825,,,,
20250915,028670,팬오션,4145,-20,1403444,,,,
20250915,029460,케이씨,25100,1850,113098,,,,
20250915,029530,신도리코,45100,200,8802,,,,
20250915,029780,삼성카드,53300,500,62894,,,,
20250915,030000,제일기획,20200,50,289139,,,,
20250915,030190,NICE평가정보,15500,180,45139,,,,
20250915,030200,KT,51700,400,392521,,,,
20250915,030210,다올투자증권,3765,70,167511,,,,
20250915,030610,교보증권,10000,340,374482,,,,
20250915,030720,동원수산,6100,40,21325,,,,
20250915,031210,서울보증보험,53700,2300,279126,,,,
20250915,031430,신세계인터내셔날,10530,-60,53153,,,,
20250915,031820,아이티센씨티에스,6250,10,28076,,,,
20250915,032350,롯데관광개발,17390,170,1389447,,,,
20250915,032560,황금에스티,5740,-30,13246,,,,
20250915,032640,LG유플러스,14910,-250,590429,,,,
20250915,032830,삼성생명,160600,700,274333,,,,
20250915,033240,자화전자,18950,-160,34528,,,,
20250915,033250,체시스,5720,320,568651,,,,
20250915,033270,유나이티드제약,20350,100,17912,,,,
20250915,033530,SJG세종,6100,0,124756,,,,
20250915,033780,KT&G,136600,2900,444862,,,,
20250915,033920,무학,8270,10,59503,,,,
20250915,034020,두산에너빌리티,58800,-2200,6290788,,,,
20250915,034120,SBS,20300,0,36354,,,,
20250915,034220,LG디스플레이,12050,-50,1085627,,,,
20250915,034230,파라다이스,21050,-350,2776622,,,,
20250915,034310,NICE,14350,300,64455,,,,
20250915,034590,인천도시가스,26050,0,1730,,,,
20250915,034730,SK,233000,10500,484380,,,,
20250915,03473K,SK우,179500,11000,12097,,,,
20250915,034830,한국토지신탁,1401,8,944965,,,,
20250915,035000,HS애드,9020,20,28620,,,,
20250915,035150,백산,14610,-110,54852,,,,
20250915,035250,강원랜드,18000,-10,356546,,,,
20250915,035420,NAVER,234000,-2000,710904,,,,
20250915,035510,신세계 I&C,15600,20,40874,,,,
20250915,035720,카카오,64000,-1500,2370450,,,,
20250915,036420,콘텐트리중앙,11460,260,68063,,,,
20250915,036460,한국가스공사,40300,50,212370,,,,
20250915,036530,SNT홀딩스,80000,-3400,35759,,,,
20250915,036570,NC,227000,7000,129866,,,,
20250915,036580,팜스코,2685,15,44808,,,,
20250915,037270,YG PLUS,8400,-60,924699,,,,
20250915,037560,LG헬로비전,2940,0,133200,,,,
20250915,037710,광주신세계,30750,150,21542,,,,
20250915,039130,하나투어,52800,0,30506,,,,
20250915,039490,키움증권,267500,18000,397399,,,,
20250915,039570,HDC랩스,8710,-30,17162,,,,
20250915,041650,상신브레이크,2780,-5,61104,,,,
20250915,042660,한화오션,109500,-3700,1503737,,,,
20250915,042700,한미반도체,91100,200,622588,,,,
20250915,044380,주연테크,2665,80,44494,,,,
20250915,044450,KSS해운,9520,-50,24721,,,,
20250915,044820,코스맥스비티아이,18480,-30,16071,,,,
20250915,047040,대우건설,3800,10,899440,,,,
20250915,047050,포스코인터내셔널,50600,300,216497,,,,
20250915,047400,유니온머티리얼,1418,-31,80910,,,,
20250915,047810,한국항공우주,97600,-1500,482949,,,,
20250915,049800,우진플라임,2165,20,21283,,,,
20250915,051600,한전KPS,48800,-1100,271939,,,,
20250915,051630,진양화학,2145,-15,101869,,,,
20250915,051900,LG생활건강,291500,-2500,70885,,,,
20250915,051905,LG생활건강우,120300,100,8657,,,,
20250915,051910,LG화학,293500,3500,292193,,,,
20250915,051915,LG화학우,142000,2500,34569,,,,
20250915,052690,한전기술,87500,-2200,439157,,,,
20250915,053210,스카이라이프,5190,0,34258,,,,
20250915,053690,한미글로벌,20700,-400,128134,,,,
20250915,055490,테이팩스,15140,20,14660,,,,
20250915,055550,신한지주,69900,600,1474243,,,,
20250915,058430,포스코스틸리온,3845,0,73800,,,,
20250915,058650,세아홀딩스,132000,-500,1984,,,,
20250915,058730,다스코,2995,5,17570,,,,
20250915,058850,KTcs,2830,0,171026,,,,
20250915,058860,KTis,2850,0,115326,,,,
20250915,060980,HL홀딩스,41950,250,20590,,,,
20250915,062040,산일전기,122000,4000,780398,,,,
20250915,063160,종근당바이오,23800,250,11838,,,,
20250915,064350,현대로템,215000,0,472517,,,,
20250915,064400,LG씨엔에스,71000,-1300,407995,,,,
20250915,064960,SNT모티브,38050,1350,127044,,,,
20250915,066570,LG전자,77100,100,375754,,,,
20250915,066575,LG전자우,38000,-200,58923,,,,
20250915,066970,엘앤에프,67600,2100,458549,,,,
20250915,067830,세이브존I&C,2715,-20,76567,,,,
20250915,068270,셀트리온,162038,-1620,289748,,,,
20250915,068290,삼성출판사,16290,-200,8692,,,,
20250915,069260,TKG휴켐스,17590,-20,35716,,,,
20250915,069460,대호에이엘,8555,-55,46801,,,,
20250915,069620,대웅제약,140800,-2400,55913,,,,
20250915,069640,한세엠케이,1672,-4,9185,,,,
20250915,069730,DSR제강,3890,-5,35008,,,,
20250915,069960,현대백화점,80100,200,120203,,,,
20250915,070960,모나용평,4020,-70,108890,,,,
20250915,071050,한국금융지주,159000,9000,397821,,,,
20250915,071055,한국금융지주우,109900,5100,55252,,,,
20250915,071090,하이스틸,4535,-100,584854,,,,
20250915,071320,지역난방공사,81500,500,11468,,,,
20250915,071840,롯데하이마트,8450,40,22242,,,,
20250915,071950,코아스,6550,-280,246232,,,,
20250915,071970,HD현대마린엔진,91400,-1100,242266,,,,
20250915,072130,유엔젤,5460,10,129962,,,,
20250915,072710,농심홀딩스,114400,26400,1231259,,,,
20250915,073240,금호타이어,4990,10,429116,,,,
20250915,074610,이엔플러스,5110,0,0,,,,
20250915,075180,새론오토모티브,3155,-25,7579,,,,
20250915,075580,세진중공업,24600,-650,1444693,,,,
20250915,077500,유니퀘스트,6800,100,253736,,,,
20250915,077970,STX엔진,45850,550,603221,,,,
20250915,078000,텔코웨어,14510,40,4865,,,,
20250915,078520,에이블씨엔씨,12220,-780,1404118,,,,
20250915,078930,GS,48000,1550,366034,,,,
20250915,078935,GS우,43900,600,9511,,,,
20250915,079160,CJ CGV,5150,0,506143,,,,
20250915,079430,현대리바트,7250,-10,23990,,,,
20250915,079550,LIG디펜스앤에어로스페이스,495000,-9000,134173,,,,
20250915,079900,전진건설로봇,48200,-100,30716,,,,
20250915,079980,휴비스,3000,10,43101,,,,
20250915,081000,일진다이아,12350,40,16696,,,,
20250915,081660,미스토홀딩스,39500,-800,83499,,,,
20250915,082640,동양생명,7790,40,159361,,,,
20250915,082740,한화엔진,44600,-50,1425665,,,,
20250915,083420,그린케미칼,7650,-30,47711,,,,
20250915,084010,대한제강,11202,106,34162,,,,
20250915,084670,동양고속,8240,-10,643,,,,
20250915,084680,이월드,1550,34,168753,,,,
20250915,084690,대상홀딩스,9640,60,86772,,,,
20250915,084695,대상홀딩스우,12740,-80,8718,,,,
20250915,084870,TBH글로벌,1402,-5,17393,,,,
20250915,085310,엔케이,15010,-140,1508510,,,,
20250915,085620,미래에셋생명,7980,50,217694,,,,
20250915,086280,현대글로비스,183300,-4800,305607,,,,
20250915,086790,하나금융지주,90900,2200,1455570,,,,
20250915,088260,이리츠코크렙,4730,20,46371,,,,
20250915,088350,한화생명,3525,170,4103027,,,,
20250915,088790,진도,1965,27,263692,,,,
20250915,088980,맥쿼리인프라,11550,-40,827008,,,,
20250915,089470,HDC현대EP,4120,-20,43770,,,,
20250915,089590,제주항공,6610,30,67476,,,,
20250915,089860,롯데렌탈,29600,-200,26353,,,,
20250915,090080,평화산업,997,-7,211516,,,,
20250915,090350,노루페인트,9640,-20,87913,,,,
20250915,090355,노루페인트우,13940,-10,111,,,,
20250915,090370,메타랩스,1340,-10,29086,,,,
20250915,090430,아모레퍼시픽,122500,400,346970,,,,
20250915,090435,아모레퍼시픽우,43100,750,22637,,,,
20250915,090460,비에이치,18100,290,729526,,,,
20250915,091810,트리니티항공,1847,-3,500278,,,,
20250915,092200,디아이씨,4785,-55,421886,,,,
20250915,092220,KEC,3965,80,244373,,,,
20250915,092230,KPX홀딩스,70100,800,2849,,,,
20250915,092440,기신정기,2590,-5,31154,,,,
20250915,092780,DYP,4025,5,7918,,,,
20250915,092790,넥스틸,13100,-130,168984,,,,
20250915,093050,LF,18640,240,43384,,,,
20250915,093240,형지엘리트,1444,-7,684503,,,,
20250915,093370,후성,6730,1130,8198023,,,,
20250915,094280,효성ITX,13090,-110,9729,,,,
20250915,094800,맵스리얼티,5040,40,174192,,,,
20250915,095570,AJ네트웍스,4325,-25,205351,,,,
20250915,095720,웅진씽크빅,3392,-38,55714,,,,
20250915,096760,JW홀딩스,3385,-30,49288,,,,
20250915,096770,SK이노베이션,107000,-900,202945,,,,
20250915,096775,SK이노베이션우,70400,-1000,1796,,,,
20250915,097230,HJ중공업,33150,1650,7152139,,,,
20250915,097520,엠씨넥스,30050,-250,59767,,,,
20250915,097950,CJ제일제당,242000,0,51417,,,,
20250915,097955,CJ제일제당 우,143800,-400,5991,,,,
20250915,100090,SK오션플랜트,28550,-1750,8391943,,,,
20250915,100220,비상교육,5840,290,82440,,,,
20250915,100250,진양홀딩스,3123,0,59987,,,,
20250915,100840,SNT에너지,59400,-400,205179,,,,
20250915,101140,인바이오젠,12930,-110,10106,,,,
20250915,101530,해태제과식품,6800,-70,45155,,,,
20250915,102260,동성케미컬,4325,10,101687,,,,
20250915,102460,이연제약,12120,-220,38564,,,,
20250915,103140,풍산,130500,4000,592782,,,,
20250915,103590,일진전기,37500,-700,664850,,,,
20250915,104700,한국철강,10410,370,112592,,,,
20250915,105560,KB금융,119600,300,1016593,,,,
20250915,105630,한세실업,10610,90,89792,,,,
20250915,105840,우진,10950,-710,547637,,,,
20250915,107590,미원홀딩스,72400,600,231,,,,
20250915,108320,LX세미콘,53300,-400,71056,,,,
20250915,108670,LX하우시스,29300,-350,26200,,,,
20250915,108675,LX하우시스우,17360,30,701,,,,
20250915,109070,주성코퍼레이션,892,5,88101,,,,
20250915,111110,호전실업,7470,180,57250,,,,
20250915,111380,동인기연,14310,10,12059,,,,
20250915,111770,영원무역,62600,3000,52843,,,,
20250915,112610,씨에스윈드,44850,-300,129109,,,,
20250915,114090,GKL,16270,-310,375138,,,,
20250915,117580,대성에너지,8200,20,25581,,,,
20250915,118000,메타케어,3180,0,37004,,,,
20250915,119650,KC코트렐,918,0,0,,,,
20250915,120030,조선선재,114300,-5800,22728,,,,
20250915,120110,코오롱인더,38950,450,108807,,,,
20250915,120115,코오롱인더우,23650,400,7918,,,,
20250915,122900,아이마켓코리아,8280,10,37647,,,,
20250915,123690,한국화장품,9980,-150,72113,,,,
20250915,123700,SJM,3625,80,1597140,,,,
20250915,123890,한국자산신탁,2455,5,99220,,,,
20250915,126560,현대퓨처넷,3255,-5,47224,,,,
20250915,126720,수산인더스트리,21750,-750,38845,,,,
20250915,128820,대성산업,4490,-25,165494,,,,
20250915,128940,한미약품,299000,3000,41148,,,,
20250915,129260,인터지스,2740,-40,82802,,,,
20250915,130660,한전산업,11870,-150,156009,,,,
20250915,133820,화인베스틸,2230,-115,1181626,,,,
20250915,134380,미원화학,8640,30,21510,,,,
20250915,134790,시디즈,24850,-300,6056,,,,
20250915,136490,선진,11660,450,154961,,,,
20250915,137310,에스디바이오센서,10430,100,70833,,,,
20250915,138040,메리츠금융지주,126200,-600,159155,,,,
20250915,138930,BNK금융지주,15600,90,1186247,,,,
20250915,139130,iM금융지주,14860,570,643213,,,,
20250915,139480,이마트,77900,1000,128374,,,,
20250915,139990,아주스틸,3960,-15,18826,,,,
20250915,143210,핸즈코퍼레이션,1650,6,6627,,,,
20250915,145210,다이나믹디자인,7290,-80,14361,,,,
20250915,145270,케이탑리츠,961,1,47025,,,,
20250915,145720,덴티움,58200,-300,32998,,,,
20250915,145990,삼양사,52400,2100,39694,,,,
20250915,145995,삼양사우,36100,600,3307,,,,
20250915,155660,DSR,3795,-55,10427,,,,
20250915,161000,애경케미칼,10440,-30,365250,,,,
20250915,161390,한국타이어앤테크놀로지,39500,-1250,430240,,,,
20250915,161890,한국콜마,79100,0,204915,,,,
20250915,163560,동일고무벨트,6820,-100,29014,,,,
20250915,170900,동아에스티,44777,143,9993,,,,
20250915,175330,JB금융지주,24600,-300,389886,,,,
20250915,178920,PI첨단소재,17750,160,147026,,,,
20250915,180640,한진칼,119400,8700,116471,,,,
20250915,18064K,한진칼우,38550,1950,19648,,,,
20250915,181710,NHN,27450,-450,41708,,,,
20250915,183190,아세아시멘트,14240,110,120482,,,,
20250915,185750,종근당,82600,700,21779,,,,
20250915,192080,더블유게임즈,55500,100,32679,,,,
20250915,192400,쿠쿠홀딩스,34750,350,54376,,,,
20250915,192650,드림텍,6710,30,137826,,,,
20250915,192820,코스맥스,217000,-2500,46378,,,,
20250915,194370,제이에스코퍼레이션,11250,-320,127381,,,,
20250915,195870,해성디에스,25800,400,182266,,,,
20250915,200880,서연이화,11450,-290,168117,,,,
20250915,204320,HL만도,34700,-650,185429,,,,
20250915,207940,삼성바이오로직스,1530614,2944,43678,,,,
20250915,210540,디와이파워,12610,-170,53915,,,,
20250915,210980,SK디앤디,10140,-160,43991,,,,
20250915,213500,한솔제지,8670,0,40423,,,,
20250915,214320,이노션,18580,60,109226,,,,
20250915,214330,금호에이치티,16375,-54,24379,,,,
20250915,214390,경보제약,5350,-120,20750,,,,
20250915,214420,토니모리,10730,-50,132972,,,,
20250915,226320,잇츠한불,12630,30,16703,,,,
20250915,227840,현대코퍼레이션홀딩스,13410,820,59856,,,,
20250915,229640,LS에코에너지,38950,50,120620,,,,
20250915,234080,JW생명과학,11950,0,37681,,,,
20250915,241560,두산밥캣,53400,-800,205556,,,,
20250915,241590,화승엔터프라이즈,6900,-50,130418,,,,
20250915,244920,에이플러스에셋,7290,-110,67548,,,,
20250915,248070,솔루엠,18830,-470,235545,,,,
20250915,248170,샘표식품,27200,100,9889,,,,
20250915,249420,일동제약,22850,100,600137,,,,
20250915,251270,넷마블,62200,300,162278,,,,
20250915,259960,크래프톤,321500,-1000,51818,,,,
20250915,264900,크라운제과,9480,-10,16162,,,,
20250915,26490K,크라운제과우,9620,-150,1709,,,,
20250915,267250,HD현대,164300,15800,424366,,,,
20250915,267260,HD현대일렉트릭,594000,-1000,117675,,,,
20250915,267270,HD건설기계,93300,-1000,94159,,,,
20250915,267290,경동도시가스,20700,200,11131,,,,
20250915,267850,아시아나IDT,11800,-20,4504,,,,
20250915,268280,미원에스씨,140500,-1300,363,,,,
20250915,271560,오리온,111200,1300,69402,,,,
20250915,271940,일진하이솔루스,19290,-400,99586,,,,
20250915,271980,제일약품,14140,360,11927,,,,
20250915,272210,한화시스템,55800,1000,2123487,,,,
20250915,272450,진에어,8420,-100,101089,,,,
20250915,272550,삼양패키징,13430,180,10973,,,,
20250915,278470,에이피알,215500,-2500,496225,,,,
20250915,280360,롯데웰푸드,116200,1400,18769,,,,
20250915,281820,케이씨텍,38300,2900,299927,,,,
20250915,282330,BGF리테일,109500,600,42884,,,,
20250915,284740,쿠쿠홈시스,27600,250,43158,,,,
20250915,285130,SK케미칼,62300,700,30818,,,,
20250915,28513K,SK케미칼우,26850,200,8141,,,,
20250915,286940,롯데이노베이트,21650,-300,7779,,,,
20250915,293480,하나제약,11870,-60,17287,,,,
20250915,293940,신한알파리츠,5700,10,197215,,,,
20250915,294870,IPARK현대산업개발,20700,200,169440,,,,
20250915,298000,효성화학,77800,0,0,,,,
20250915,298020,효성티앤씨,222500,-500,8510,,,,
20250915,298040,효성중공업,1424000,-21000,48813,,,,
20250915,298050,HS효성첨단소재,198500,500,6002,,,,
20250915,298690,에어부산,2015,5,349829,,,,
20250915,300720,한일시멘트,21000,200,148867,,,,
20250915,302440,SK바이오사이언스,51900,-500,152804,,,,
20250915,306200,세아제강,134600,100,5925,,,,
20250915,307950,현대오토에버,173600,100,81422,,,,
20250915,308170,씨티알모빌리티,5120,-30,3672,,,,
20250915,316140,우리금융지주,26450,800,1984146,,,,
20250915,317400,자이에스앤디,3500,-30,34185,,,,
20250915,322000,HD현대에너지솔루션,51500,700,113883,,,,
20250915,323410,카카오뱅크,25200,-100,667044,,,,
20250915,326030,SK바이오팜,111400,400,184363,,,,
20250915,329180,HD현대중공업,498500,-11500,143131,,,,
20250915,330590,롯데리츠,4035,-5,250266,,,,
20250915,334890,이지스밸류플러스리츠,4210,10,110327,,,,
20250915,336260,두산퓨얼셀,33100,350,2665108,,,,
20250915,33626K,두산퓨얼셀1우,7550,-20,68565,,,,
20250915,33626L,두산퓨얼셀2우B,11540,-260,10019,,,,
20250915,336370,솔루스첨단소재,7700,-70,120632,,,,
20250915,33637K,솔루스첨단소재1우,1856,2,30611,,,,
20250915,33637L,솔루스첨단소재2우B,3695,-65,5788,,,,
20250915,338100,NH프라임리츠,4650,0,55861,,,,
20250915,339770,교촌에프앤비,4735,-90,165422,,,,
20250915,344820,KCC글라스,29500,-250,20314,,,,
20250915,348950,제이알글로벌리츠,3055,20,467507,,,,
20250915,350520,이지스레지던스리츠,4020,25,69409,,,,
20250915,352820,하이브,286500,-5500,171210,,,,
20250915,353200,대덕전자,26700,750,1904433,,,,
20250915,35320K,대덕전자1우,9320,110,18216,,,,
20250915,357120,코람코라이프인프라리츠,4400,0,115064,,,,
20250915,357250,미래에셋맵스리츠,2830,15,54514,,,,
20250915,357430,마스턴프리미어리츠,1567,2,37376,,,,
20250915,361610,SK아이이테크놀로지,29000,800,161995,,,,
20250915,363280,티와이홀딩스,3145,115,162826,,,,
20250915,36328K,티와이홀딩스우,5380,90,6115,,,,
20250915,365550,ESR켄달스퀘어리츠,4670,-15,313169,,,,
20250915,372910,한컴라이프케어,2730,-20,85632,,,,
20250915,373220,LG에너지솔루션,355500,0,211120,,,,
20250915,375500,DL이앤씨,43900,550,190044,,,,
20250915,37550K,DL이앤씨우,20350,300,8458,,,,
20250915,37550L,DL이앤씨2우(전환),30800,0,2429,,,,
20250915,377190,디앤디플랫폼리츠,3415,50,157058,,,,
20250915,377300,카카오페이,54400,-1200,413444,,,,
20250915,377740,바이오노트,6140,40,101903,,,,
20250915,378850,화승알앤에이,3615,40,620614,,,,
20250915,381970,케이카,16190,-50,44048,,,,
20250915,383220,F&F,69400,-300,72675,,,,
20250915,383800,LX홀딩스,8410,280,519544,,,,
20250915,38380K,LX홀딩스1우,8760,140,2578,,,,
20250915,395400,SK리츠,5160,40,301116,,,,
20250915,396690,미래에셋글로벌리츠,2815,0,50843,,,,
20250915,400760,NH올원리츠,3285,-10,173942,,,,
20250915,402340,SK스퀘어,200500,3200,548068,,,,
20250915,403550,쏘카,12780,180,14403,,,,
20250915,404990,신한서부티엔디리츠,3450,25,63508,,,,
20250915,415640,KB발해인프라,8800,-40,142594,,,,
20250915,417310,코람코더원리츠,6190,80,75066,,,,
20250915,432320,KB스타리츠,3875,20,50853,,,,
20250915,439260,대한조선,81700,-3300,271392,,,,
20250915,443060,HD현대마린솔루션,209500,-5500,75553,,,,
20250915,446070,유니드비티플러스,3960,0,18552,,,,
20250915,448730,삼성FN리츠,4380,35,120853,,,,
20250915,450080,에코프로머티,51100,800,290524,,,,
20250915,451800,한화리츠,4045,15,240973,,,,
20250915,452260,한화갤러리아,1150,-6,358745,,,,
20250915,45226K,한화갤러리아우,2220,-10,2407,,,,
20250915,453340,현대그린푸드,15980,-120,24950,,,,
20250915,454910,두산로보틱스,64600,1300,525549,,,,
20250915,456040,OCI,57200,600,26453,,,,
20250915,457190,이수스페셜티케미컬,45300,-350,156575,,,,
20250915,460850,동국씨엠,5640,-10,35532,,,,
20250915,460860,동국제강,9690,90,130644,,,,
20250915,462520,조선내화,13980,30,5493,,,,
20250915,462870,시프트업,42400,200,75432,,,,
20250915,465770,STX그린로지스,7710,-110,28662,,,,
20250915,475150,SK이터닉스,24200,-400,976615,,,,
20250915,475560,더본코리아,26100,-50,16120,,,,
20250915,480370,씨케이솔루션,3422,-23,58371,,,,
20250915,481850,신한글로벌액티브리츠,1454,12,159677,,,,
20250915,483650,달바글로벌,165900,3100,124904,,,,
20250915,484870,엠앤씨솔루션,70000,167,69675,,,,
20250915,487570,HS효성,63400,4700,99312,,,,
20250915,489790,한화비전,61000,1100,494368,,,,
20250915,499790,GS피앤엘,53100,0,176629,,,,
20250915,900140,엘브이엠씨홀딩스,1760,-33,488457,,,,
20250915,950210,프레스티지바이오파마,14600,-80,149465,,,,
20250916,000020,동화약품,6380,-40,41144,,,,
20250916,000040,KR모터스,2650,-40,50160,,,,
20250916,000050,경방,7320,20,15951,,,,
20250916,000070,삼양홀딩스,61125,134,42847,,,,
20250916,000080,하이트진로,19320,-160,153077,,,,
20250916,000087,하이트진로2우B,15560,-40,1016,,,,
20250916,000100,유한양행,119300,300,252527,,,,
20250916,000105,유한양행우,105900,200,2779,,,,
20250916,000120,CJ대한통운,85400,-1100,42042,,,,
20250916,000140,하이트진로홀딩스,10270,-130,49416,,,,
20250916,000145,하이트진로홀딩스우,11520,-140,606,,,,
20250916,000150,두산,639000,22000,122436,,,,
20250916,000155,두산우,371000,1000,13910,,,,
20250916,000157,두산2우B,383500,0,1515,,,,
20250916,000180,성창기업지주,8575,15,4398,,,,
20250916,000210,DL,38350,-850,87824,,,,
20250916,000215,DL우,24400,650,8469,,,,
20250916,000220,유유제약,4340,0,24078,,,,
20250916,000225,유유제약1우,4685,15,2083,,,,
20250916,000227,유유제약2우B,10550,-10,2353,,,,
20250916,000230,일동홀딩스,9650,680,1372914,,,,
20250916,000240,한국앤컴퍼니,24000,150,59562,,,,
20250916,000270,기아,101400,-300,1317017,,,,
20250916,000300,DH오토넥스,4200,0,0,,,,
20250916,000320,노루홀딩스,33050,-750,39128,,,,
20250916,000325,노루홀딩스우,34600,-50,458,,,,
20250916,000370,한화손해보험,6350,80,1140318,,,,
20250916,000390,SP삼화,6140,-10,28029,,,,
20250916,000400,롯데손해보험,1763,-26,1306655,,,,
20250916,000430,대원강업,3895,20,57670,,,,
20250916,000480,CR홀딩스,5000,-10,32637,,,,
20250916,000490,대동,9830,-190,104944,,,,
20250916,000500,가온전선,33674,-333,69215,,,,
20250916,000520,삼일제약,10690,-290,207806,,,,
20250916,000540,흥국화재,4390,5,123786,,,,
20250916,000545,흥국화재우,7390,-60,6973,,,,
20250916,000590,CS홀딩스,86000,-1500,1701,,,,
20250916,000640,동아쏘시오홀딩스,108096,-2234,13488,,,,
20250916,000650,천일고속,40500,-600,213,,,,
20250916,000660,SK하이닉스,348000,17000,5841135,,,,
20250916,000670,영풍,41833,-924,31868,,,,
20250916,000680,LS네트웍스,4130,15,210992,,,,
20250916,000700,유수홀딩스,5890,0,15002,,,,
20250916,000720,현대건설,61500,1500,1412668,,,,
20250916,000725,현대건설우,54300,100,3316,,,,
20250916,000760,이화산업,12470,-110,406,,,,
20250916,000810,삼성화재,464500,-5500,93652,,,,
20250916,000815,삼성화재우,351000,-3500,6882,,,,
20250916,000850,화천기공,31850,100,4720,,,,
20250916,000860,강남제비스코,12170,-100,20424,,,,
20250916,000880,한화,113325,1681,349303,,,,
20250916,00088K,한화3우B,40223,604,77405,,,,
20250916,000890,보해양조,2280,-15,40445,,,,
20250916,000910,유니온,4480,0,54725,,,,
20250916,000950,전방,35600,1400,2159,,,,
20250916,000970,한국주철관,7030,-20,14891,,,,
20250916,000990,DB하이텍,57000,4800,1233553,,,,
20250916,001020,페이퍼코리아,3620,10,4415,,,,
20250916,001040,CJ,196600,-400,194303,,,,
20250916,001045,CJ우,102000,-200,9402,,,,
20250916,00104K,CJ4우(전환),168000,0,10583,,,,
20250916,001060,JW중외제약,22300,-100,30927,,,,
20250916,001065,JW중외제약우,27900,200,26,,,,
20250916,001067,JW중외제약2우B,57300,200,28,,,,
20250916,001070,대한방직,6640,-110,9052,,,,
20250916,001080,만호제강,3570,-385,68930,,,,
20250916,001120,LX인터내셔널,31750,-200,131078,,,,
20250916,001130,대한제분,15450,230,67930,,,,
20250916,001200,유진투자증권,3765,-30,806382,,,,
20250916,001210,금호전기,4250,10,36432,,,,
20250916,001230,동국홀딩스,1707,-23,164204,,,,
20250916,001250,GS글로벌,2635,0,420907,,,,
20250916,001260,남광토건,7940,-70,42750,,,,
20250916,001270,부국증권,72500,-2900,93200,,,,
20250916,001275,부국증권우,27400,-50,3407,,,,
20250916,001290,상상인증권,812,-18,1410525,,,,
20250916,001340,PKC,5930,0,69013,,,,
20250916,001360,삼성제약,1720,12,258183,,,,
20250916,001380,SG글로벌,3398,117,162139,,,,
20250916,001390,KG케미칼,4975,-145,341797,,,,
20250916,001420,태원물산,3350,-25,8248,,,,
20250916,001430,세아베스틸지주,26400,-550,92555,,,,
20250916,001440,대한전선,16290,50,916331,,,,
20250916,001450,현대해상,28500,200,545332,,,,
20250916,001460,BYC,40100,-150,4261,,,,
20250916,001465,BYC우,26250,-200,961,,,,
20250916,001470,삼부토건,347,0,0,,,,
20250916,001500,현대차증권,8920,-80,107129,,,,
20250916,001510,SK증권,1407,-20,1353690,,,,
20250916,001515,SK증권우,3726,-74,14655,,,,
20250916,001520,동양,1326,-8,175300,,,,
20250916,001525,동양우,8180,-70,631,,,,
20250916,001527,동양2우B,16520,-1640,1839,,,,
20250916,001530,DI동일,35143,-286,32193,,,,
20250916,001550,조비,12350,90,14994,,,,
20250916,001560,제일연마,10400,-80,11224,,,,
20250916,001570,금양,9900,0,0,,,,
20250916,001620,케이비아이동국실업,2430,-20,13849,,,,
20250916,001630,종근당홀딩스,49650,200,12511,,,,
20250916,001680,대상,23500,-250,107344,,,,
20250916,001685,대상우,17090,10,10852,,,,
20250916,001720,신영증권,147100,-5500,47015,,,,
20250916,001740,SK네트웍스,4560,15,308387,,,,
20250916,001750,한양증권,18540,-90,30126,,,,
20250916,001755,한양증권우,17360,40,515,,,,
20250916,001770,SHD,17310,-200,1637,,,,
20250916,001780,알루코,2145,-35,331351,,,,
20250916,001790,대한제당,2985,-20,247399,,,,
20250916,001795,대한제당우,2510,5,38269,,,,
20250916,001800,오리온홀딩스,21750,-500,190630,,,,
20250916,001820,삼화콘덴서,32000,-350,220299,,,,
20250916,001940,KISCO홀딩스,26750,0,7573,,,,
20250916,002020,코오롱,43700,100,96140,,,,
20250916,002025,코오롱우,22400,-300,2662,,,,
20250916,002030,아세아,354000,1000,1032,,,,
20250916,002070,비비안,15004,-138,5049,,,,
20250916,002100,경농,9740,130,31199,,,,
20250916,002140,고려산업,2680,-15,66044,,,,
20250916,002150,도화엔지니어링,6420,-80,95532,,,,
20250916,002170,SYTS,55100,100,564,,,,
20250916,002200,한국수출포장,2930,-10,110661,,,,
20250916,002210,동성제약,1946,0,0,,,,
20250916,002220,한일철강,3185,-15,51006,,,,
20250916,002240,고려제강,17800,-30,18857,,,,
20250916,002310,아세아제지,8180,0,75846,,,,
20250916,002320,한진,20750,0,13430,,,,
20250916,002350,넥센타이어,6010,-50,68811,,,,
20250916,002355,넥센타이어1우B,3360,-25,2666,,,,
20250916,002360,SH에너지화학,4270,-40,22094,,,,
20250916,002380,KCC,433000,-4500,17122,,,,
20250916,002390,한독,11620,-80,31306,,,,
20250916,002410,범양건영,1935,0,0,,,,
20250916,002420,세기상사,5420,70,11832,,,,
20250916,002450,삼익악기,1312,-7,102914,,,,
20250916,002460,HS화성,10600,20,36746,,,,
20250916,002600,조흥,158500,1400,92,,,,
20250916,002620,제일파마홀딩스,8630,-10,1954,,,,
20250916,002630,오리엔트바이오,1202,-14,254530,,,,
20250916,002690,동일제강,1635,6,19720,,,,
20250916,002700,신일전자,1313,-14,366415,,,,
20250916,002710,TCC스틸,16960,-330,125081,,,,
20250916,002720,국제약품,4630,5,75083,,,,
20250916,002760,보락,1050,1,181631,,,,
20250916,002780,진흥기업,732,-3,117322,,,,
20250916,002785,진흥기업우B,3375,15,16,,,,
20250916,002787,진흥기업2우B,7700,-60,6,,,,
20250916,002790,아모레퍼시픽홀딩스,27100,-700,158368,,,,
20250916,002795,아모레퍼시픽홀딩스우,11350,-60,4885,,,,
20250916,00279K,아모레퍼시픽홀딩스3우C,21500,-250,4952,,,,
20250916,002810,삼영무역,16240,-560,38821,,,,
20250916,002820,SUN&L,2600,0,24769,,,,
20250916,002840,미원상사,155500,200,1197,,,,
20250916,002870,신풍,1058,-1,61459,,,,
20250916,002880,디와이에이,1176,-16,102444,,,,
20250916,002900,TYM,5970,-120,171365,,,,
20250916,002920,유성기업,2100,35,29980,,,,
20250916,002960,한국쉘석유,418500,-2500,4197,,,,
20250916,002990,금호건설,4010,20,85316,,,,
20250916,002995,금호건설우,11700,20,66,,,,
20250916,003000,부광약품,3575,5,267876,,,,
20250916,003010,혜인,5610,-10,219191,,,,
20250916,003030,세아제강지주,171700,-1700,19428,,,,
20250916,003060,에이프로젠바이오로직스,628,-24,659073,,,,
20250916,003070,코오롱글로벌,9200,20,9510,,,,
20250916,003075,코오롱글로벌우,14870,-30,1982,,,,
20250916,003080,SB성보,2850,5,78344,,,,
20250916,003090,대웅,25150,700,216852,,,,
20250916,0030R0,대신밸류리츠,4365,-10,52441,,,,
20250916,003120,일성아이에스,25050,-400,8202,,,,
20250916,003160,디아이,14980,-80,319835,,,,
20250916,003200,일신방직,10140,-230,40596,,,,
20250916,003220,대원제약,13050,-100,37478,,,,
20250916,003230,삼양식품,1574000,-24000,36088,,,,
20250916,003240,태광산업,911000,-21000,1518,,,,
20250916,003280,흥아해운,1676,-13,706833,,,,
20250916,003300,한일홀딩스,17360,-310,24401,,,,
20250916,003350,한국화장품제조,11420,-260,199970,,,,
20250916,003460,유화증권,2825,-20,29025,,,,
20250916,003465,유화증권우,2600,-10,19006,,,,
20250916,003470,유안타증권,3820,-20,342931,,,,
20250916,003475,유안타증권우,3810,-30,41396,,,,
20250916,003480,한진중공업홀딩스,5800,-340,742921,,,,
20250916,003490,대한항공,23350,-250,1253499,,,,
20250916,003495,대한항공우,23950,0,2109,,,,
20250916,003520,영진약품,2020,-25,145718,,,,
20250916,003530,한화투자증권,6130,-50,1874551,,,,
20250916,003535,한화투자증권우,8070,-120,11906,,,,
20250916,003540,대신증권,28150,-500,250508,,,,
20250916,003545,대신증권우,21200,-200,97755,,,,
20250916,003547,대신증권2우B,19900,-100,16608,,,,
20250916,003550,LG,75700,-1900,244712,,,,
20250916,003555,LG우,62100,-600,6667,,,,
20250916,003570,SNT다이내믹스,66200,2300,129553,,,,
20250916,003580,HLB글로벌,2340,75,167994,,,,
20250916,003610,방림,4970,-80,84478,,,,
20250916,003620,KG모빌리티,3270,-75,259365,,,,
20250916,003650,미창석유,107800,-900,1465,,,,
20250916,003670,포스코퓨처엠,131900,-400,236546,,,,
20250916,003680,한성기업,5860,30,126792,,,,
20250916,003690,코리안리,11040,-130,370506,,,,
20250916,003720,삼영,5110,-50,251577,,,,
20250916,003780,진양산업,7120,230,142849,,,,
20250916,003830,대한화섬,122600,-1100,332,,,,
20250916,003850,보령,8720,50,55382,,,,
20250916,003920,남양유업,59400,-100,4754,,,,
20250916,003925,남양유업우,39300,1150,12689,,,,
20250916,003960,사조대림,42300,-100,15757,,,,
20250916,004000,롯데정밀화학,45900,-500,49653,,,,
20250916,004020,현대제철,36100,-850,390338,,,,
20250916,004060,SG세계물산,3210,-10,19691,,,,
20250916,004080,신흥,13850,-50,4221,,,,
20250916,004090,한국석유,14120,100,46351,,,,
20250916,004100,태양금속,2200,-40,121499,,,,
20250916,004105,태양금속우,3130,5,11904,,,,
20250916,004140,동방,3185,20,617900,,,,
20250916,004150,한솔홀딩스,3380,0,74725,,,,
20250916,004170,신세계,186800,6300,76107,,,,
20250916,004250,NPC,4140,-5,37601,,,,
20250916,004255,NPC우,2510,15,7977,,,,
20250916,004270,남성,8085,-79,3406,,,,
20250916,004310,현대약품,3995,65,2241237,,,,
20250916,004360,세방,14830,-30,64275,,,,
20250916,004365,세방우,9220,-20,2840,,,,
20250916,004370,농심,490000,-21000,141536,,,,
20250916,004380,삼익THK,13000,0,0,,,,
20250916,004410,서울식품,1560,-20,178944,,,,
20250916,004415,서울식품우,12420,50,74,,,,
20250916,004430,송원산업,10320,-20,31326,,,,
20250916,004440,삼일씨엔에스,4900,-80,19537,,,,
20250916,004450,삼화왕관,34600,150,93,,,,
20250916,004490,세방전지,64100,600,36158,,,,
20250916,004540,깨끗한나라,2095,5,41656,,,,
20250916,004545,깨끗한나라우,11820,-30,45,,,,
20250916,004560,현대비앤지스틸,11830,20,19342,,,,
20250916,004690,삼천리,135900,200,8814,,,,
20250916,004700,조광피혁,66800,-1100,7778,,,,
20250916,004710,한솔테크닉스,5409,0,0,,,,
20250916,004720,팜젠사이언스,4535,30,70648,,,,
20250916,004770,써니전자,1631,-11,93602,,,,
20250916,004800,효성,92700,-1300,37195,,,,
20250916,004830,덕성,5570,20,118211,,,,
20250916,004835,덕성우,7460,-20,3681,,,,
20250916,004840,DRB동일,5000,-70,40124,,,,
20250916,004870,티웨이홀딩스,2630,-67,46864,,,,
20250916,004890,동일산업,40300,-950,1278,,,,
20250916,004910,조광페인트,5870,-110,54707,,,,
20250916,004920,씨아이테크,1281,49,347417,,,,
20250916,004960,한신공영,8120,0,21755,,,,
20250916,004970,신라교역,9440,-10,5535,,,,
20250916,004980,성신양회,10800,-380,112482,,,,
20250916,004985,성신양회우,11800,-160,1498,,,,
20250916,004990,롯데지주,32200,-100,240741,,,,
20250916,00499K,롯데지주우,31000,-400,1874,,,,
20250916,005010,휴스틸,4220,-30,108343,,,,
20250916,005030,부산주공,486,0,0,,,,
20250916,005070,코스모신소재,41800,0,321537,,,,
20250916,005090,SGC에너지,23750,-50,9047,,,,
20250916,005110,한창,1254,0,0,,,,
20250916,005180,빙그레,74100,900,62764,,,,
20250916,005250,녹십자홀딩스,15920,-180,49712,,,,
20250916,005257,녹십자홀딩스2우,26900,-300,502,,,,
20250916,005300,롯데칠성,121000,100,18310,,,,
20250916,005305,롯데칠성우,70400,-300,3370,,,,
20250916,005320,온타이드,1068,-24,108304,,,,
20250916,005360,모나미,2100,20,154737,,,,
20250916,005380,현대차,215000,0,492855,,,,
20250916,005385,현대차우,165500,200,87743,,,,
20250916,005387,현대차2우B,169100,0,93786,,,,
20250916,005389,현대차3우B,164700,300,15051,,,,
20250916,005420,코스모화학,16440,-210,127645,,,,
20250916,005430,한국공항,69900,0,9111,,,,
20250916,005440,현대지에프홀딩스,8960,-330,717776,,,,
20250916,005490,POSCO홀딩스,282000,-3000,260808,,,,
20250916,005500,삼진제약,19310,-90,12796,,,,
20250916,005610,삼립,56000,200,10854,,,,
20250916,005680,삼영전자,10700,-110,50790,,,,
20250916,005690,파미셀,13000,-1380,8040020,,,,
20250916,005720,넥센,6410,0,29708,,,,
20250916,005725,넥센우,4985,175,3266,,,,
20250916,005740,크라운해태홀딩스,7700,-130,90440,,,,
20250916,005745,크라운해태홀딩스우,8460,60,718,,,,
20250916,005750,대림바스,4700,-25,24231,,,,
20250916,005800,신영와코루,14160,10,3679,,,,
20250916,005810,풍산홀딩스,44200,1250,57745,,,,
20250916,005820,원림,14340,-140,135,,,,
20250916,005830,DB손해보험,142900,-1800,208476,,,,
20250916,005850,에스엘,35450,950,148681,,,,
20250916,005870,휴니드,8700,200,123837,,,,
20250916,005880,대한해운,1819,-19,1631628,,,,
20250916,005930,삼성전자,79400,2900,28218265,,,,
20250916,005935,삼성전자우,63800,1900,2354386,,,,
20250916,005940,NH투자증권,21250,-400,686742,,,,
20250916,005945,NH투자증권우,18690,20,69671,,,,
20250916,005950,이수화학,5670,-70,25388,,,,
20250916,005960,동부건설,6530,-30,88850,,,,
20250916,005965,동부건설우,19230,20,173,,,,
20250916,006040,동원산업,47500,-800,56664,,,,
20250916,006060,화승인더,4285,-10,68424,,,,
20250916,006090,사조오양,10230,60,7021,,,,
20250916,006110,삼아알미늄,22650,-100,26535,,,,
20250916,006120,SK디스커버리,54400,-400,22563,,,,
20250916,006125,SK디스커버리우,37950,450,2692,,,,
20250916,006200,한국전자홀딩스,3530,-35,8889,,,,
20250916,006220,제주은행,14190,-130,189648,,,,
20250916,006260,LS,189900,2100,136746,,,,
20250916,006280,녹십자,133200,-1500,20812,,,,
20250916,006340,대원전선,3030,45,1869611,,,,
20250916,006345,대원전선우,3810,35,16298,,,,
20250916,006360,GS건설,19570,110,414643,,,,
20250916,006370,대구백화점,7090,90,83361,,,,
20250916,006380,카프로,3660,0,0,,,,
20250916,006400,삼성SDI,204000,2500,398951,,,,
20250916,006405,삼성SDI우,134000,-400,3557,,,,
20250916,006490,프리티,3830,-70,85039,,,,
20250916,006570,대림통상,2620,-10,3241,,,,
20250916,006650,대한유화,113500,-5300,48077,,,,
20250916,006660,삼성공조,13920,-120,18123,,,,
20250916,006740,블루산업개발,2417,2,45365,,,,
20250916,006800,미래에셋증권,22552,-199,2463709,,,,
20250916,006805,미래에셋증권우,10220,0,74228,,,,
20250916,00680K,미래에셋증권2우B,9567,88,566638,,,,
20250916,006840,AK홀딩스,11040,-130,13343,,,,
20250916,006880,신송홀딩스,6920,-110,46777,,,,
20250916,006890,태경케미컬,9480,-60,15629,,,,
20250916,006980,우성,17020,-320,3359,,,,
20250916,007070,GS리테일,16570,-140,64456,,,,
20250916,007110,일신석재,1941,-7,526660,,,,
20250916,007120,미래아이앤지,909,-6,49492,,,,
20250916,007160,사조산업,52300,-1500,19122,,,,
20250916,007210,벽산,2150,-25,135268,,,,
20250916,007280,한국특강,3252,18,41746,,,,
20250916,007310,오뚜기,424000,-5000,12262,,,,
20250916,007340,DN오토모티브,24850,-1150,95815,,,,
20250916,007460,에이프로젠,724,-21,4605669,,,,
20250916,007540,샘표,50600,-300,9889,,,,
20250916,007570,일양약품,14600,0,0,,,,
20250916,007575,일양약품우,15260,0,0,,,,
20250916,007590,동방아그로,6210,0,6388,,,,
20250916,007610,선도전기,3000,0,0,,,,
20250916,007660,이수페타시스,76700,-300,1595953,,,,
20250916,007690,국도화학,37600,-600,21789,,,,
20250916,007700,F&F홀딩스,19910,-190,22133,,,,
20250916,007810,코리아써키트,17050,-520,365511,,,,
20250916,007815,코리아써우,6790,10,987,,,,
20250916,00781K,코리아써키트2우B,6620,40,619,,,,
20250916,007860,서연,9390,-90,42721,,,,
20250916,007980,TP,1709,-11,419235,,,,
20250916,008040,사조동아원,1397,37,53883660,,,,
20250916,008060,대덕,8450,10,55260,,,,
20250916,00806K,대덕1우,8280,-20,4691,,,,
20250916,008250,이건산업,4895,-10,17046,,,,
20250916,008260,NI스틸,3850,15,54535,,,,
20250916,008350,남선알미늄,1152,-10,302243,,,,
20250916,008355,남선알미우,12820,-10,76,,,,
20250916,008420,문배철강,2420,-60,223676,,,,
20250916,008490,서흥,27700,1100,175414,,,,
20250916,008600,윌비스,3630,-62,26345,,,,
20250916,008700,아남전자,1353,17,371293,,,,
20250916,008730,율촌화학,32200,-850,84787,,,,
20250916,008770,호텔신라,50900,-100,145932,,,,
20250916,008775,호텔신라우,42600,-50,1099,,,,
20250916,008870,금비,60300,0,1508,,,,
20250916,008930,한미사이언스,40000,650,197224,,,,
20250916,008970,KBI동양철관,2750,-37,2533742,,,,
20250916,009070,KCTC,5470,-40,331488,,,,
20250916,009140,경인전자,20650,-100,1047,,,,
20250916,009150,삼성전기,192900,3900,556664,,,,
20250916,009155,삼성전기우,86900,1700,35081,,,,
20250916,009160,SIMPAC,4600,35,29430,,,,
20250916,009180,한솔로지스틱스,2890,-5,67469,,,,
20250916,009190,대양금속,1642,62,349560,,,,
20250916,009200,무림페이퍼,2055,-5,83627,,,,
20250916,009240,한샘,44650,300,22927,,,,
20250916,009270,신원,1640,10,623692,,,,
20250916,009290,광동제약,6120,-20,137541,,,,
20250916,009310,참엔지니어링,1277,-18,17877,,,,
20250916,009320,아진전자부품,1046,-11,32296,,,,
20250916,009410,태영건설,1713,-14,246565,,,,
20250916,009415,태영건설우,4990,0,886,,,,
20250916,009420,한올바이오파마,32400,-1000,348504,,,,
20250916,009440,KC그린홀딩스,756,0,0,,,,
20250916,009450,경동나비엔,78800,-700,36678,,,,
20250916,009460,한창제지,3185,-10,19661,,,,
20250916,009470,삼화전기,39000,3350,524142,,,,
20250916,009540,HD한국조선해양,416000,4500,180011,,,,
20250916,009580,무림P&P,2600,0,60938,,,,
20250916,009680,모토닉,10670,20,85840,,,,
20250916,009770,삼정펄프,27650,-300,7411,,,,
20250916,009810,MDS스피어,3505,-20,22924,,,,
20250916,009830,한화솔루션,28344,-566,901865,,,,
20250916,009835,한화솔루션우,21044,-226,6583,,,,
20250916,009900,명신산업,9110,20,83251,,,,
20250916,009970,영원무역홀딩스,147700,4700,39647,,,,
20250916,010040,한국내화,2225,-45,24997,,,,
20250916,010060,OCI홀딩스,99100,-1100,78246,,,,
20250916,010100,한국무브넥스,4405,-60,351199,,,,
20250916,010120,LS ELECTRIC,61800,-700,531755,,,,
20250916,010130,고려아연,1027000,-26000,15715,,,,
20250916,010140,삼성중공업,21500,-100,2558149,,,,
20250916,010400,우진아이엔에스,3095,35,17986,,,,
20250916,010580,에스엠벡셀,1515,-15,72016,,,,
20250916,010640,진양폴리,3568,47,38852,,,,
20250916,010660,화천기계,4580,25,340096,,,,
20250916,010690,화신,8280,10,243637,,,,
20250916,010770,평화홀딩스,4050,50,70952,,,,
20250916,010780,아이에스동서,19960,-590,42513,,,,
20250916,010820,퍼스텍,4840,-95,1813301,,,,
20250916,010950,S-Oil,58600,-700,213756,,,,
20250916,010955,S-Oil우,38550,-200,5924,,,,
20250916,010960,삼호개발,3490,-70,106469,,,,
20250916,011000,진원생명과학,11925,-675,134187,,,,
20250916,011070,LG이노텍,179900,12000,476521,,,,
20250916,011090,에넥스,3020,10,24480,,,,
20250916,011150,CJ씨푸드,2900,-5,138362,,,,
20250916,011155,CJ씨푸드1우,16970,-430,312,,,,
20250916,011170,롯데케미칼,65400,-1100,129486,,,,
20250916,011200,HMM,23700,250,974019,,,,
20250916,011210,현대위아,50800,-200,78814,,,,
20250916,011230,삼화전자,3655,-50,205458,,,,
20250916,011280,태림포장,1974,-16,142870,,,,
20250916,011300,우성머티리얼스,4060,10,30993,,,,
20250916,011330,유니켐,15360,-50,26481,,,,
20250916,011390,부산산업,80900,800,1825,,,,
20250916,011420,갤럭시아에스엠,2235,-80,354673,,,,
20250916,011500,한농화성,14530,40,33035,,,,
20250916,011690,와이투솔루션,3485,-245,893494,,,,
20250916,011700,한신기계,3600,170,712523,,,,
20250916,011760,현대코퍼레이션,23050,50,45594,,,,
20250916,011780,금호석유화학,109400,-3000,109847,,,,
20250916,011785,금호석유화학우,58000,-800,9438,,,,
20250916,011790,SKC,99257,3196,676064,,,,
20250916,011810,STX,3530,0,0,,,,
20250916,011930,신성이엔지,17000,-390,354573,,,,
20250916,012030,DB,1694,57,4533906,,,,
20250916,012160,영흥,2875,-45,58625,,,,
20250916,012170,아센디오,2140,-35,213426,,,,
20250916,012200,계양전기,1373,3,43627,,,,
20250916,012205,계양전기우,3064,9,3748,,,,
20250916,012280,영화금속,906,-10,51589,,,,
20250916,012320,경동인베스트,61900,-100,7447,,,,
20250916,012330,현대모비스,309000,-500,150505,,,,
20250916,012450,한화에어로스페이스,1041000,55000,226446,,,,
20250916,012610,경인양행,3125,-10,41252,,,,
20250916,012630,HDC,20900,-850,131432,,,,
20250916,012690,모나리자,2475,15,28137,,,,
20250916,012750,에스원,81900,1600,43530,,,,
20250916,012800,대창,1320,-20,527199,,,,
20250916,013000,세우글로벌,1062,0,35527,,,,
20250916,013360,일성건설,1421,-3,246905,,,,
20250916,013520,화승코퍼레이션,1940,0,129477,,,,
20250916,013570,디와이,4420,-45,24564,,,,
20250916,013580,계룡건설,20400,250,153945,,,,
20250916,013700,까뮤이앤씨,1136,-13,59963,,,,
20250916,013870,지엠비코리아,4025,-15,5081,,,,
20250916,013890,지누스,17110,-190,39221,,,,
20250916,014130,한익스프레스,3275,-10,9438,,,,
20250916,014160,대영포장,1202,-9,606744,,,,
20250916,014280,금강공업,5180,-110,501723,,,,
20250916,014285,금강공업우,6800,20,127,,,,
20250916,014440,영보화학,4430,-10,28547,,,,
20250916,014530,극동유화,3355,-10,127638,,,,
20250916,014580,태경비케이,4960,-40,141492,,,,
20250916,014680,한솔케미칼,199400,7500,84498,,,,
20250916,014710,사조씨푸드,9350,-50,30871,,,,
20250916,014790,HL D&I,2535,-30,59957,,,,
20250916,014820,동원시스템즈,29450,0,29313,,,,
20250916,014825,동원시스템즈우,17590,10,43,,,,
20250916,014830,유니드,77200,-800,11383,,,,
20250916,014910,성문전자,1141,-32,70958,,,,
20250916,014915,성문전자우,4160,10,5115,,,,
20250916,014990,인디에프,5425,25,61166,,,,
20250916,015020,이스타코,1294,14,72589,,,,
20250916,015230,대창단조,6420,-30,98452,,,,
20250916,015260,에이엔피,502,-9,336010,,,,
20250916,015360,INVENI,12780,-160,28630,,,,
20250916,015590,DKME,2575,0,0,,,,
20250916,015760,한국전력,36800,0,1293909,,,,
20250916,015860,일진홀딩스,5700,-20,85007,,,,
20250916,015890,태경산업,5300,-20,69158,,,,
20250916,016090,대현,1827,0,37900,,,,
20250916,016360,삼성증권,75500,0,278584,,,,
20250916,016380,KG스틸,5410,-130,101792,,,,
20250916,016450,한세예스24홀딩스,4095,20,76573,,,,
20250916,016580,환인제약,11150,130,51731,,,,
20250916,016590,신대양제지,11350,-140,14657,,,,
20250916,016610,DB증권,9700,-90,125710,,,,
20250916,016710,대성홀딩스,8890,-60,16773,,,,
20250916,016740,두올,3455,-10,77617,,,,
20250916,016800,퍼시스,43600,-150,504,,,,
20250916,016880,웅진,5020,0,523263,,,,
20250916,017040,광명전기,1122,-13,304929,,,,
20250916,017180,명문제약,1725,9,58663,,,,
20250916,017370,우신시스템,7400,100,222662,,,,
20250916,017390,서울가스,62800,-1200,11356,,,,
20250916,017550,수산세보틱스,1886,2,91068,,,,
20250916,017670,SK텔레콤,54500,0,504582,,,,
20250916,017800,현대엘리베이터,77500,-800,228963,,,,
20250916,017810,풀무원,14970,190,480314,,,,
20250916,017860,DS단석,21539,-50,41381,,,,
20250916,017900,광전자,1904,14,32903,,,,
20250916,017940,E1,81600,-1400,16582,,,,
20250916,017960,한국카본,33800,1250,1380019,,,,
20250916,018250,애경산업,15590,0,43334,,,,
20250916,018260,삼성에스디에스,166600,-1000,117489,,,,
20250916,018470,조일알미늄,1418,-21,483354,,,,
20250916,018500,동원모빌리티,1346,-1,350727,,,,
20250916,018670,SK가스,242500,-3500,7926,,,,
20250916,018880,한온시스템,3090,-51,985412,,,,
20250916,019170,신풍제약,12980,-30,166947,,,,
20250916,019175,신풍제약우,23250,-250,3705,,,,
20250916,019180,티에이치엔,5670,650,5707955,,,,
20250916,019490,엑시큐어하이트론,664,6,295596,,,,
20250916,019680,대교,2200,-70,73687,,,,
20250916,019685,대교우B,1246,-23,79204,,,,
20250916,020000,한섬,15450,60,24241,,,,
20250916,020120,키다리스튜디오,4080,180,2939377,,,,
20250916,020150,롯데에너지머티리얼즈,23550,-400,94212,,,,
20250916,020560,아시아나항공,9470,-80,112042,,,,
20250916,020760,일진디스플,902,0,0,,,,
20250916,021050,서원,1196,-4,57070,,,,
20250916,021240,코웨이,99300,900,86255,,,,
20250916,021820,세원정공,10650,630,61458,,,,
20250916,022100,포스코DX,22850,-100,174833,,,,
20250916,023000,삼원강재,2450,15,8082,,,,
20250916,023150,MH에탄올,5120,-30,10849,,,,
20250916,023350,한국종합기술,4850,-10,36364,,,,
20250916,023450,동남합성,32950,200,2571,,,,
20250916,023530,롯데쇼핑,70300,300,59409,,,,
20250916,023590,다우기술,37300,-800,75695,,,,
20250916,023800,인지컨트롤스,5770,-60,25697,,,,
20250916,023810,인팩,6510,-280,56583,,,,
20250916,023960,에쓰씨엔지니어링,1218,44,237872,,,,
20250916,024070,WISCOM,1963,11,4809,,,,
20250916,024090,디씨엠,12240,-210,8474,,,,
20250916,024110,기업은행,19870,-120,761256,,,,
20250916,024720,콜마홀딩스,13310,-200,290384,,,,
20250916,024890,대원화성,4310,-30,10279,,,,
20250916,024900,디와이덕양,2305,-15,45434,,,,
20250916,025000,KPX케미칼,47164,-189,5114,,,,
20250916,025530,SJM홀딩스,3665,5,11128,,,,
20250916,025540,한국단자,61600,-100,10714,,,,
20250916,025560,미래산업,2254,32,328485,,,,
20250916,025620,차AI헬스케어,8270,-30,35593,,,,
20250916,025750,한솔홈데코,3505,5,16735,,,,
20250916,025820,이구산업,4740,25,243557,,,,
20250916,025860,남해화학,6900,30,35041,,,,
20250916,025890,한국주강,2010,-40,67008,,,,
20250916,026890,스틱인베스트먼트,11510,-220,130187,,,,
20250916,026940,부국철강,2450,-5,56989,,,,
20250916,026960,동서,28500,-300,54394,,,,
20250916,027410,BGF,4070,-30,76763,,,,
20250916,027740,마니커,1708,-12,77720,,,,
20250916,027970,한국제지,4080,0,14212,,,,
20250916,028050,삼성E&A,28250,-250,745834,,,,
20250916,028100,동아지질,15850,-70,17017,,,,
20250916,028260,삼성물산,195900,0,358816,,,,
20250916,02826K,삼성물산우B,131400,300,6537,,,,
20250916,028670,팬오션,4095,-50,1009021,,,,
20250916,029460,케이씨,25050,-50,59304,,,,
20250916,029530,신도리코,44700,-400,8409,,,,
20250916,029780,삼성카드,53800,500,75334,,,,
20250916,030000,제일기획,20000,-200,336739,,,,
20250916,030190,NICE평가정보,14990,-510,119745,,,,
20250916,030200,KT,51300,-400,496399,,,,
20250916,030210,다올투자증권,3695,-70,119652,,,,
20250916,030610,교보증권,9990,-10,184101,,,,
20250916,030720,동원수산,6130,30,11853,,,,
20250916,031210,서울보증보험,53400,-300,224688,,,,
20250916,031430,신세계인터내셔날,10470,-60,42655,,,,
20250916,031820,아이티센씨티에스,6280,30,14474,,,,
20250916,032350,롯데관광개발,17390,0,599862,,,,
20250916,032560,황금에스티,5710,-30,22830,,,,
20250916,032640,LG유플러스,14790,-120,792831,,,,
20250916,032830,삼성생명,160100,-500,196724,,,,
20250916,033240,자화전자,19750,800,152800,,,,
20250916,033250,체시스,5580,-140,107980,,,,
20250916,033270,유나이티드제약,20000,-350,63398,,,,
20250916,033530,SJG세종,6280,180,468739,,,,
20250916,033780,KT&G,135100,-1500,305389,,,,
20250916,033920,무학,8270,0,40125,,,,
20250916,034020,두산에너빌리티,63300,4500,10211386,,,,
20250916,034120,SBS,20050,-250,99161,,,,
20250916,034220,LG디스플레이,13310,1260,21340091,,,,
20250916,034230,파라다이스,21300,250,963767,,,,
20250916,034310,NICE,14190,-160,43819,,,,
20250916,034590,인천도시가스,25950,-100,2092,,,,
20250916,034730,SK,233000,0,173286,,,,
20250916,03473K,SK우,179700,200,4592,,,,
20250916,034830,한국토지신탁,1401,0,944726,,,,
20250916,035000,HS애드,8980,-40,25850,,,,
20250916,035150,백산,14510,-100,53492,,,,
20250916,035250,강원랜드,17900,-100,364438,,,,
20250916,035420,NAVER,235000,1000,923864,,,,
20250916,035510,신세계 I&C,15350,-250,56566,,,,
20250916,035720,카카오,62900,-1100,2130735,,,,
20250916,036420,콘텐트리중앙,11400,-60,51134,,,,
20250916,036460,한국가스공사,40800,500,295557,,,,
20250916,036530,SNT홀딩스,79000,-1000,17631,,,,
20250916,036570,NC,227000,0,70102,,,,
20250916,036580,팜스코,2690,5,35775,,,,
20250916,037270,YG PLUS,8380,-20,736834,,,,
20250916,037560,LG헬로비전,2900,-40,84542,,,,
20250916,037710,광주신세계,30650,-100,17567,,,,
20250916,039130,하나투어,52700,-100,46556,,,,
20250916,039490,키움증권,266500,-1000,132386,,,,
20250916,039570,HDC랩스,8640,-70,7849,,,,
20250916,041650,상신브레이크,2755,-25,58632,,,,
20250916,042660,한화오션,110800,1300,1261066,,,,
20250916,042700,한미반도체,93300,2200,1045730,,,,
20250916,044380,주연테크,2660,-5,26267,,,,
20250916,044450,KSS해운,9490,-30,58757,,,,
20250916,044820,코스맥스비티아이,18670,190,32114,,,,
20250916,047040,대우건설,3760,-40,1824214,,,,
20250916,047050,포스코인터내셔널,49950,-650,300259,,,,
20250916,047400,유니온머티리얼,1402,-16,93721,,,,
20250916,047810,한국항공우주,100200,2600,530200,,,,
20250916,049800,우진플라임,2185,20,19415,,,,
20250916,051600,한전KPS,50100,1300,220360,,,,
20250916,051630,진양화학,2155,10,70479,,,,
20250916,051900,LG생활건강,291000,-500,42953,,,,
20250916,051905,LG생활건강우,120000,-300,5466,,,,
20250916,051910,LG화학,288000,-5500,320132,,,,
20250916,051915,LG화학우,140500,-1500,39413,,,,
20250916,052690,한전기술,90100,2600,319361,,,,
20250916,053210,스카이라이프,5190,0,30604,,,,
20250916,053690,한미글로벌,21350,650,115860,,,,
20250916,055490,테이팩스,14870,-270,13705,,,,
20250916,055550,신한지주,70900,1000,1419816,,,,
20250916,058430,포스코스틸리온,3800,-45,84950,,,,
20250916,058650,세아홀딩스,129900,-2100,1502,,,,
20250916,058730,다스코,2955,-40,30916,,,,
20250916,058850,KTcs,2810,-20,161655,,,,
20250916,058860,KTis,2850,0,82910,,,,
20250916,060980,HL홀딩스,41650,-300,13939,,,,
20250916,062040,산일전기,121100,-900,467229,,,,
20250916,063160,종근당바이오,23450,-350,12442,,,,
20250916,064350,현대로템,223000,8000,768916,,,,
20250916,064400,LG씨엔에스,71300,300,353292,,,,
20250916,064960,SNT모티브,38600,550,139733,,,,
20250916,066570,LG전자,77000,-100,375476,,,,
20250916,066575,LG전자우,38200,200,39054,,,,
20250916,066970,엘앤에프,70700,3100,609986,,,,
20250916,067830,세이브존I&C,2710,-5,16440,,,,
20250916,068270,셀트리온,160799,-1239,317247,,,,
20250916,068290,삼성출판사,16560,270,7916,,,,
20250916,069260,TKG휴켐스,18370,780,225135,,,,
20250916,069460,대호에이엘,8535,-20,114329,,,,
20250916,069620,대웅제약,141500,700,39842,,,,
20250916,069640,한세엠케이,1682,10,5818,,,,
20250916,069730,DSR제강,3830,-60,33260,,,,
20250916,069960,현대백화점,81300,1200,130399,,,,
20250916,070960,모나용평,3970,-50,158056,,,,
20250916,071050,한국금융지주,158300,-700,310864,,,,
20250916,071055,한국금융지주우,111900,2000,35240,,,,
20250916,071090,하이스틸,4510,-25,350145,,,,
20250916,071320,지역난방공사,81500,0,10750,,,,
20250916,071840,롯데하이마트,8490,40,13821,,,,
20250916,071950,코아스,6470,-80,102612,,,,
20250916,071970,HD현대마린엔진,89500,-1900,210291,,,,
20250916,072130,유엔젤,5480,20,158598,,,,
20250916,072710,농심홀딩스,121900,7500,2217007,,,,
20250916,073240,금호타이어,4920,-70,652935,,,,
20250916,074610,이엔플러스,5110,0,0,,,,
20250916,075180,새론오토모티브,3195,40,3592,,,,
20250916,075580,세진중공업,24000,-600,1463791,,,,
20250916,077500,유니퀘스트,7410,610,2627811,,,,
20250916,077970,STX엔진,45300,-550,520721,,,,
20250916,078000,텔코웨어,14460,-50,2220,,,,
20250916,078520,에이블씨엔씨,12030,-190,711771,,,,
20250916,078930,GS,47250,-750,181523,,,,
20250916,078935,GS우,43750,-150,6454,,,,
20250916,079160,CJ CGV,5140,-10,281275,,,,
20250916,079430,현대리바트,7190,-60,40114,,,,
20250916,079550,LIG디펜스앤에어로스페이스,542000,47000,316829,,,,
20250916,079900,전진건설로봇,48350,150,30555,,,,
20250916,079980,휴비스,2995,-5,27447,,,,
20250916,081000,일진다이아,12150,-200,18176,,,,
20250916,081660,미스토홀딩스,41800,2300,241281,,,,
20250916,082640,동양생명,7700,-90,161078,,,,
20250916,082740,한화엔진,44600,0,1623658,,,,
20250916,083420,그린케미칼,7650,0,70943,,,,
20250916,084010,대한제강,11209,7,14049,,,,
20250916,084670,동양고속,8230,-10,1291,,,,
20250916,084680,이월드,1530,-20,119880,,,,
20250916,084690,대상홀딩스,9610,-30,65533,,,,
20250916,084695,대상홀딩스우,12550,-190,21524,,,,
20250916,084870,TBH글로벌,1397,-5,8010,,,,
20250916,085310,엔케이,15920,910,3804665,,,,
20250916,085620,미래에셋생명,7920,-60,125393,,,,
20250916,086280,현대글로비스,184800,1500,221945,,,,
20250916,086790,하나금융지주,90800,-100,758402,,,,
20250916,088260,이리츠코크렙,4725,-5,44757,,,,
20250916,088350,한화생명,3450,-75,1686846,,,,
20250916,088790,진도,1944,-21,151221,,,,
20250916,088980,맥쿼리인프라,11520,-30,1156761,,,,
20250916,089470,HDC현대EP,4095,-25,17210,,,,
20250916,089590,제주항공,6620,10,45886,,,,
20250916,089860,롯데렌탈,29600,0,20808,,,,
20250916,090080,평화산업,1003,6,190777,,,,
20250916,090350,노루페인트,9570,-70,102025,,,,
20250916,090355,노루페인트우,13800,-140,95,,,,
20250916,090370,메타랩스,1333,-7,90647,,,,
20250916,090430,아모레퍼시픽,121300,-1200,167585,,,,
20250916,090435,아모레퍼시픽우,42500,-600,24995,,,,
20250916,090460,비에이치,17880,-220,2251547,,,,
20250916,091810,트리니티항공,1812,-35,401976,,,,
20250916,092200,디아이씨,4785,0,341191,,,,
20250916,092220,KEC,4000,35,182189,,,,
20250916,092230,KPX홀딩스,69700,-400,1534,,,,
20250916,092440,기신정기,2575,-15,16713,,,,
20250916,092780,DYP,3970,-55,24411,,,,
20250916,092790,넥스틸,12850,-250,288403,,,,
20250916,093050,LF,18350,-290,33118,,,,
20250916,093240,형지엘리트,1410,-34,747518,,,,
20250916,093370,후성,6260,-470,1709883,,,,
20250916,094280,효성ITX,13060,-30,4617,,,,
20250916,094800,맵스리얼티,4990,-50,137891,,,,
20250916,095570,AJ네트웍스,4300,-25,173724,,,,
20250916,095720,웅진씽크빅,3392,0,107086,,,,
20250916,096760,JW홀딩스,3375,-10,31177,,,,
20250916,096770,SK이노베이션,105000,-2000,293946,,,,
20250916,096775,SK이노베이션우,69800,-600,2522,,,,
20250916,097230,HJ중공업,33050,-100,6473380,,,,
20250916,097520,엠씨넥스,30000,-50,29993,,,,
20250916,097950,CJ제일제당,241000,-1000,61462,,,,
20250916,097955,CJ제일제당 우,144200,400,8975,,,,
20250916,100090,SK오션플랜트,28550,0,7198962,,,,
20250916,100220,비상교육,5800,-40,85691,,,,
20250916,100250,진양홀딩스,3132,9,45413,,,,
20250916,100840,SNT에너지,59700,300,172826,,,,
20250916,101140,인바이오젠,12280,-650,19703,,,,
20250916,101530,해태제과식품,6770,-30,25460,,,,
20250916,102260,동성케미컬,4246,-79,67913,,,,
20250916,102460,이연제약,11630,-490,37908,,,,
20250916,103140,풍산,137800,7300,878264,,,,
20250916,103590,일진전기,37350,-150,597660,,,,
20250916,104700,한국철강,10370,-40,62759,,,,
20250916,105560,KB금융,117800,-1800,961524,,,,
20250916,105630,한세실업,10690,80,205363,,,,
20250916,105840,우진,12180,1230,1587582,,,,
20250916,107590,미원홀딩스,72100,-300,186,,,,
20250916,108320,LX세미콘,54700,1400,90994,,,,
20250916,108670,LX하우시스,29000,-300,32562,,,,
20250916,108675,LX하우시스우,17370,10,2626,,,,
20250916,109070,주성코퍼레이션,890,-2,174979,,,,
20250916,111110,호전실업,7440,-30,48034,,,,
20250916,111380,동인기연,14310,0,20541,,,,
20250916,111770,영원무역,61800,-800,47646,,,,
20250916,112610,씨에스윈드,44100,-750,182483,,,,
20250916,114090,GKL,16190,-80,125463,,,,
20250916,117580,대성에너지,8160,-40,21840,,,,
20250916,118000,메타케어,3190,10,11920,,,,
20250916,119650,KC코트렐,918,0,0,,,,
20250916,120030,조선선재,115400,1100,20370,,,,
20250916,120110,코오롱인더,38300,-650,68757,,,,
20250916,120115,코오롱인더우,23750,100,4806,,,,
20250916,122900,아이마켓코리아,8280,0,20402,,,,
20250916,123690,한국화장품,9900,-80,79797,,,,
20250916,123700,SJM,3610,-15,128832,,,,
20250916,123890,한국자산신탁,2445,-10,156992,,,,
20250916,126560,현대퓨처넷,3255,0,40274,,,,
20250916,126720,수산인더스트리,22000,250,24382,,,,
20250916,128820,대성산업,4670,180,833334,,,,
20250916,128940,한미약품,319000,20000,227223,,,,
20250916,129260,인터지스,2745,5,43947,,,,
20250916,130660,한전산업,12070,200,165572,,,,
20250916,133820,화인베스틸,2225,-5,883311,,,,
20250916,134380,미원화학,8680,40,29630,,,,
20250916,134790,시디즈,24800,-50,2070,,,,
20250916,136490,선진,11240,-420,152280,,,,
20250916,137310,에스디바이오센서,10170,-260,117628,,,,
20250916,138040,메리츠금융지주,123600,-2600,196672,,,,
20250916,138930,BNK금융지주,15350,-250,738811,,,,
20250916,139130,iM금융지주,14680,-180,469181,,,,
20250916,139480,이마트,77400,-500,121900,,,,
20250916,139990,아주스틸,3990,30,25001,,,,
20250916,143210,핸즈코퍼레이션,1670,20,3035,,,,
20250916,145210,다이나믹디자인,7120,-170,12131,,,,
20250916,145270,케이탑리츠,962,1,29373,,,,
20250916,145720,덴티움,58000,-200,37758,,,,
20250916,145990,삼양사,51700,-700,19049,,,,
20250916,145995,삼양사우,36000,-100,1553,,,,
20250916,155660,DSR,3770,-25,10910,,,,
20250916,161000,애경케미칼,10130,-310,435665,,,,
20250916,161390,한국타이어앤테크놀로지,39100,-400,604338,,,,
20250916,161890,한국콜마,78400,-700,192985,,,,
20250916,163560,동일고무벨트,6830,10,24431,,,,
20250916,170900,동아에스티,44587,-190,12967,,,,
20250916,175330,JB금융지주,24600,0,267450,,,,
20250916,178920,PI첨단소재,17760,10,81081,,,,
20250916,180640,한진칼,116700,-2700,67529,,,,
20250916,18064K,한진칼우,37600,-950,4150,,,,
20250916,181710,NHN,26900,-550,64872,,,,
20250916,183190,아세아시멘트,13550,-690,221943,,,,
20250916,185750,종근당,83300,700,48996,,,,
20250916,192080,더블유게임즈,54500,-1000,34842,,,,
20250916,192400,쿠쿠홀딩스,33950,-800,51854,,,,
20250916,192650,드림텍,6690,-20,116137,,,,
20250916,192820,코스맥스,216000,-1000,39238,,,,
20250916,194370,제이에스코퍼레이션,11000,-250,169574,,,,
20250916,195870,해성디에스,26950,1150,217638,,,,
20250916,200880,서연이화,11370,-80,74306,,,,
20250916,204320,HL만도,34850,150,135009,,,,
20250916,207940,삼성바이오로직스,1524727,-5887,33485,,,,
20250916,210540,디와이파워,12710,100,29633,,,,
20250916,210980,SK디앤디,10040,-100,51799,,,,
20250916,213500,한솔제지,8640,-30,51542,,,,
20250916,214320,이노션,18710,130,125431,,,,
20250916,214330,금호에이치티,16266,-109,9584,,,,
20250916,214390,경보제약,5440,90,27675,,,,
20250916,214420,토니모리,10510,-220,163261,,,,
20250916,226320,잇츠한불,12480,-150,25584,,,,
20250916,227840,현대코퍼레이션홀딩스,13200,-210,20989,,,,
20250916,229640,LS에코에너지,39750,800,193053,,,,
20250916,234080,JW생명과학,11930,-20,23973,,,,
20250916,241560,두산밥캣,53700,300,243713,,,,
20250916,241590,화승엔터프라이즈,6800,-100,180624,,,,
20250916,244920,에이플러스에셋,7050,-240,155113,,,,
20250916,248070,솔루엠,19000,170,151255,,,,
20250916,248170,샘표식품,26900,-300,5607,,,,
20250916,249420,일동제약,25900,3050,9975459,,,,
20250916,251270,넷마블,63500,1300,261911,,,,
20250916,259960,크래프톤,318500,-3000,74129,,,,
20250916,264900,크라운제과,9500,20,14742,,,,
20250916,26490K,크라운제과우,9660,40,705,,,,
20250916,267250,HD현대,160400,-3900,180172,,,,
20250916,267260,HD현대일렉트릭,594000,0,130441,,,,
20250916,267270,HD건설기계,94200,900,139636,,,,
20250916,267290,경동도시가스,20600,-100,14099,,,,
20250916,267850,아시아나IDT,11770,-30,2716,,,,
20250916,268280,미원에스씨,139400,-1100,566,,,,
20250916,271560,오리온,108800,-2400,95375,,,,
20250916,271940,일진하이솔루스,18340,-950,103704,,,,
20250916,271980,제일약품,13870,-270,14876,,,,
20250916,272210,한화시스템,59600,3800,3234495,,,,
20250916,272450,진에어,8420,0,60395,,,,
20250916,272550,삼양패키징,13410,-20,11484,,,,
20250916,278470,에이피알,213000,-2500,467174,,,,
20250916,280360,롯데웰푸드,114800,-1400,16924,,,,
20250916,281820,케이씨텍,37850,-450,207910,,,,
20250916,282330,BGF리테일,108900,-600,34734,,,,
20250916,284740,쿠쿠홈시스,27300,-300,22534,,,,
20250916,285130,SK케미칼,64400,2100,111283,,,,
20250916,28513K,SK케미칼우,27150,300,7333,,,,
20250916,286940,롯데이노베이트,21700,50,18463,,,,
20250916,293480,하나제약,11910,40,11323,,,,
20250916,293940,신한알파리츠,5650,-50,159886,,,,
20250916,294870,IPARK현대산업개발,21200,500,358537,,,,
20250916,298000,효성화학,77800,0,0,,,,
20250916,298020,효성티앤씨,219000,-3500,13601,,,,
20250916,298040,효성중공업,1381000,-43000,58722,,,,
20250916,298050,HS효성첨단소재,192300,-6200,11325,,,,
20250916,298690,에어부산,2015,0,251094,,,,
20250916,300720,한일시멘트,19950,-1050,143940,,,,
20250916,302440,SK바이오사이언스,50300,-1600,151096,,,,
20250916,306200,세아제강,133100,-1500,6270,,,,
20250916,307950,현대오토에버,172300,-1300,34562,,,,
20250916,308170,씨티알모빌리티,5100,-20,2220,,,,
20250916,316140,우리금융지주,26750,300,2606875,,,,
20250916,317400,자이에스앤디,3500,0,46553,,,,
20250916,322000,HD현대에너지솔루션,50500,-1000,83845,,,,
20250916,323410,카카오뱅크,24700,-500,583761,,,,
20250916,326030,SK바이오팜,110700,-700,267908,,,,
20250916,329180,HD현대중공업,503000,4500,112061,,,,
20250916,330590,롯데리츠,3985,-50,347396,,,,
20250916,334890,이지스밸류플러스리츠,4200,-10,89239,,,,
20250916,336260,두산퓨얼셀,31900,-1200,1644010,,,,
20250916,33626K,두산퓨얼셀1우,7440,-110,34569,,,,
20250916,33626L,두산퓨얼셀2우B,11660,120,10084,,,,
20250916,336370,솔루스첨단소재,7680,-20,165779,,,,
20250916,33637K,솔루스첨단소재1우,1861,5,75106,,,,
20250916,33637L,솔루스첨단소재2우B,3675,-20,14292,,,,
20250916,338100,NH프라임리츠,4640,-10,36132,,,,
20250916,339770,교촌에프앤비,4640,-95,140316,,,,
20250916,344820,KCC글라스,29300,-200,41209,,,,
20250916,348950,제이알글로벌리츠,3045,-10,482838,,,,
20250916,350520,이지스레지던스리츠,3995,-25,72624,,,,
20250916,352820,하이브,289000,2500,156450,,,,
20250916,353200,대덕전자,27300,600,1563513,,,,
20250916,35320K,대덕전자1우,9350,30,8502,,,,
20250916,357120,코람코라이프인프라리츠,4395,-5,108522,,,,
20250916,357250,미래에셋맵스리츠,2835,5,23034,,,,
20250916,357430,마스턴프리미어리츠,1565,-2,28461,,,,
20250916,361610,SK아이이테크놀로지,28300,-700,86034,,,,
20250916,363280,티와이홀딩스,3060,-85,113976,,,,
20250916,36328K,티와이홀딩스우,5300,-80,5794,,,,
20250916,365550,ESR켄달스퀘어리츠,4555,-115,512332,,,,
20250916,372910,한컴라이프케어,2755,25,122914,,,,
20250916,373220,LG에너지솔루션,349500,-6000,293554,,,,
20250916,375500,DL이앤씨,44150,250,248252,,,,
20250916,37550K,DL이앤씨우,20300,-50,8980,,,,
20250916,37550L,DL이앤씨2우(전환),31150,350,8700,,,,
20250916,377190,디앤디플랫폼리츠,3415,0,90825,,,,
20250916,377300,카카오페이,54500,100,400699,,,,
20250916,377740,바이오노트,6100,-40,50783,,,,
20250916,378850,화승알앤에이,3465,-150,466113,,,,
20250916,381970,케이카,16070,-120,53861,,,,
20250916,383220,F&F,68900,-500,31720,,,,
20250916,383800,LX홀딩스,8280,-130,306910,,,,
20250916,38380K,LX홀딩스1우,8600,-160,2569,,,,
20250916,395400,SK리츠,5120,-40,310240,,,,
20250916,396690,미래에셋글로벌리츠,2810,-5,40216,,,,
20250916,400760,NH올원리츠,3290,5,116615,,,,
20250916,402340,SK스퀘어,206000,5500,594560,,,,
20250916,403550,쏘카,12580,-200,4241,,,,
20250916,404990,신한서부티엔디리츠,3455,5,50012,,,,
20250916,415640,KB발해인프라,8790,-10,147231,,,,
20250916,417310,코람코더원리츠,6280,90,140514,,,,
20250916,432320,KB스타리츠,3900,25,87043,,,,
20250916,439260,대한조선,81500,-200,167879,,,,
20250916,443060,HD현대마린솔루션,210500,1000,52899,,,,
20250916,446070,유니드비티플러스,3960,0,5531,,,,
20250916,448730,삼성FN리츠,4360,-20,100617,,,,
20250916,450080,에코프로머티,51000,-100,197043,,,,
20250916,451800,한화리츠,4040,-5,208428,,,,
20250916,452260,한화갤러리아,1139,-11,329908,,,,
20250916,45226K,한화갤러리아우,2220,0,981,,,,
20250916,453340,현대그린푸드,15730,-250,56710,,,,
20250916,454910,두산로보틱스,64700,100,285495,,,,
20250916,456040,OCI,56900,-300,23473,,,,
20250916,457190,이수스페셜티케미컬,45450,150,226292,,,,
20250916,460850,동국씨엠,5570,-70,40784,,,,
20250916,460860,동국제강,9620,-70,123904,,,,
20250916,462520,조선내화,14230,250,12092,,,,
20250916,462870,시프트업,41400,-1000,148450,,,,
20250916,465770,STX그린로지스,7740,30,24211,,,,
20250916,475150,SK이터닉스,23700,-500,700054,,,,
20250916,475560,더본코리아,25900,-200,16999,,,,
20250916,480370,씨케이솔루션,3418,-4,37015,,,,
20250916,481850,신한글로벌액티브리츠,1452,-2,61193,,,,
20250916,483650,달바글로벌,169700,3800,251241,,,,
20250916,484870,엠앤씨솔루션,72666,2666,74856,,,,
20250916,487570,HS효성,64000,600,52436,,,,
20250916,489790,한화비전,61300,300,352328,,,,
20250916,499790,GS피앤엘,55100,2000,174165,,,,
20250916,900140,엘브이엠씨홀딩스,1717,-43,695012,,,,
20250916,950210,프레스티지바이오파마,14290,-310,111598,,,,
20250917,000020,동화약품,6370,-10,108435,,,,
20250917,000040,KR모터스,2585,-65,59276,,,,
20250917,000050,경방,7220,-100,20899,,,,
20250917,000070,삼양홀딩스,60591,-534,16644,,,,
20250917,000080,하이트진로,19260,-60,101873,,,,
20250917,000087,하이트진로2우B,15560,0,2050,,,,
20250917,000100,유한양행,116200,-3100,267463,,,,
20250917,000105,유한양행우,103700,-2200,2432,,,,
20250917,000120,CJ대한통운,85100,-300,39828,,,,
20250917,000140,하이트진로홀딩스,10150,-120,16768,,,,
20250917,000145,하이트진로홀딩스우,11530,10,2045,,,,
20250917,000150,두산,614000,-25000,78322,,,,
20250917,000155,두산우,357000,-14000,13770,,,,
20250917,000157,두산2우B,370500,-13000,1870,,,,
20250917,000180,성창기업지주,8565,-10,8387,,,,
20250917,000210,DL,37950,-400,52031,,,,
20250917,000215,DL우,23800,-600,2305,,,,
20250917,000220,유유제약,4355,15,20654,,,,
20250917,000225,유유제약1우,4695,10,2965,,,,
20250917,000227,유유제약2우B,10590,40,644,,,,
20250917,000230,일동홀딩스,9490,-160,151475,,,,
20250917,000240,한국앤컴퍼니,23300,-700,63489,,,,
20250917,000270,기아,101000,-400,1005177,,,,
20250917,000300,DH오토넥스,4200,0,0,,,,
20250917,000320,노루홀딩스,31800,-1250,150006,,,,
20250917,000325,노루홀딩스우,34400,-200,210,,,,
20250917,000370,한화손해보험,6040,-310,914512,,,,
20250917,000390,SP삼화,6120,-20,21756,,,,
20250917,000400,롯데손해보험,1740,-23,628051,,,,
20250917,000430,대원강업,3870,-25,34647,,,,
20250917,000480,CR홀딩스,5000,0,29876,,,,
20250917,000490,대동,9930,100,55422,,,,
20250917,000500,가온전선,32840,-834,38192,,,,
20250917,000520,삼일제약,10800,110,157119,,,,
20250917,000540,흥국화재,4270,-120,105984,,,,
20250917,000545,흥국화재우,7350,-40,4005,,,,
20250917,000590,CS홀딩스,86200,200,1450,,,,
20250917,000640,동아쏘시오홀딩스,107222,-874,12093,,,,
20250917,000650,천일고속,40550,50,82,,,,
20250917,000660,SK하이닉스,333500,-14500,4498866,,,,
20250917,000670,영풍,42319,486,34410,,,,
20250917,000680,LS네트웍스,4070,-60,147832,,,,
20250917,000700,유수홀딩스,5870,-20,4006,,,,
20250917,000720,현대건설,57900,-3600,1647349,,,,
20250917,000725,현대건설우,53300,-1000,4369,,,,
20250917,000760,이화산업,12300,-170,1065,,,,
20250917,000810,삼성화재,449000,-15500,158487,,,,
20250917,000815,삼성화재우,343500,-7500,12379,,,,
20250917,000850,화천기공,31800,-50,2415,,,,
20250917,000860,강남제비스코,12100,-70,11947,,,,
20250917,000880,한화,110323,-3002,226180,,,,
20250917,00088K,한화3우B,39870,-353,43858,,,,
20250917,000890,보해양조,2250,-30,135883,,,,
20250917,000910,유니온,4565,85,94610,,,,
20250917,000950,전방,37800,2200,4329,,,,
20250917,000970,한국주철관,6990,-40,35478,,,,
20250917,000990,DB하이텍,56800,-200,473352,,,,
20250917,001020,페이퍼코리아,3635,15,1687,,,,
20250917,001040,CJ,198100,1500,138631,,,,
20250917,001045,CJ우,102000,0,3706,,,,
20250917,00104K,CJ4우(전환),168900,900,8558,,,,
20250917,001060,JW중외제약,22000,-300,49967,,,,
20250917,001065,JW중외제약우,27900,0,180,,,,
20250917,001067,JW중외제약2우B,58000,700,40,,,,
20250917,001070,대한방직,6780,140,16495,,,,
20250917,001080,만호제강,3915,345,40180,,,,
20250917,001120,LX인터내셔널,31950,200,75742,,,,
20250917,001130,대한제분,15410,-40,27580,,,,
20250917,001200,유진투자증권,3700,-65,612657,,,,
20250917,001210,금호전기,4505,255,123909,,,,
20250917,001230,동국홀딩스,1703,-4,158417,,,,
20250917,001250,GS글로벌,2610,-25,324748,,,,
20250917,001260,남광토건,7980,40,24643,,,,
20250917,001270,부국증권,70300,-2200,74646,,,,
20250917,001275,부국증권우,27250,-150,1318,,,,
20250917,001290,상상인증권,802,-10,1347413,,,,
20250917,001340,PKC,5870,-60,57566,,,,
20250917,001360,삼성제약,1706,-14,201372,,,,
20250917,001380,SG글로벌,3404,6,91916,,,,
20250917,001390,KG케미칼,4845,-130,272018,,,,
20250917,001420,태원물산,3380,30,6614,,,,
20250917,001430,세아베스틸지주,26450,50,97946,,,,
20250917,001440,대한전선,16000,-290,766140,,,,
20250917,001450,현대해상,28600,100,339186,,,,
20250917,001460,BYC,39300,-800,1269,,,,
20250917,001465,BYC우,26050,-200,1260,,,,
20250917,001470,삼부토건,347,0,0,,,,
20250917,001500,현대차증권,8740,-180,102156,,,,
20250917,001510,SK증권,1375,-32,950937,,,,
20250917,001515,SK증권우,3770,44,4724,,,,
20250917,001520,동양,1324,-2,78775,,,,
20250917,001525,동양우,8200,20,450,,,,
20250917,001527,동양2우B,16220,-300,728,,,,
20250917,001530,DI동일,35143,0,18231,,,,
20250917,001550,조비,12160,-190,14621,,,,
20250917,001560,제일연마,10460,60,9301,,,,
20250917,001570,금양,9900,0,0,,,,
20250917,001620,케이비아이동국실업,2425,-5,13457,,,,
20250917,001630,종근당홀딩스,49300,-350,6552,,,,
20250917,001680,대상,23400,-100,107260,,,,
20250917,001685,대상우,17130,40,6893,,,,
20250917,001720,신영증권,144300,-2800,30376,,,,
20250917,001740,SK네트웍스,4590,30,312766,,,,
20250917,001750,한양증권,18240,-300,20387,,,,
20250917,001755,한양증권우,17350,-10,2698,,,,
20250917,001770,SHD,17870,560,3680,,,,
20250917,001780,알루코,2145,0,223492,,,,
20250917,001790,대한제당,2980,-5,259579,,,,
20250917,001795,대한제당우,2520,10,10520,,,,
20250917,001800,오리온홀딩스,21400,-350,85313,,,,
20250917,001820,삼화콘덴서,31700,-300,87892,,,,
20250917,001940,KISCO홀딩스,26700,-50,7205,,,,
20250917,002020,코오롱,41900,-1800,117289,,,,
20250917,002025,코오롱우,22200,-200,4103,,,,
20250917,002030,아세아,348500,-5500,1508,,,,
20250917,002070,비비안,15083,79,3914,,,,
20250917,002100,경농,9740,0,18290,,,,
20250917,002140,고려산업,2680,0,52373,,,,
20250917,002150,도화엔지니어링,6350,-70,58978,,,,
20250917,002170,SYTS,55100,0,875,,,,
20250917,002200,한국수출포장,2930,0,109790,,,,
20250917,002210,동성제약,1946,0,0,,,,
20250917,002220,한일철강,3145,-40,81692,,,,
20250917,002240,고려제강,17740,-60,12223,,,,
20250917,002310,아세아제지,8290,110,105200,,,,
20250917,002320,한진,20550,-200,15148,,,,
20250917,002350,넥센타이어,6010,0,79907,,,,
20250917,002355,넥센타이어1우B,3360,0,6197,,,,
20250917,002360,SH에너지화학,4290,20,29565,,,,
20250917,002380,KCC,423000,-10000,16363,,,,
20250917,002390,한독,11550,-70,4792,,,,
20250917,002410,범양건영,1935,0,0,,,,
20250917,002420,세기상사,5500,80,9379,,,,
20250917,002450,삼익악기,1300,-12,46404,,,,
20250917,002460,HS화성,10640,40,42734,,,,
20250917,002600,조흥,161000,2500,292,,,,
20250917,002620,제일파마홀딩스,8830,200,240869,,,,
20250917,002630,오리엔트바이오,1200,-2,425268,,,,
20250917,002690,동일제강,1635,0,13423,,,,
20250917,002700,신일전자,1308,-5,280684,,,,
20250917,002710,TCC스틸,17080,120,85964,,,,
20250917,002720,국제약품,4560,-70,43395,,,,
20250917,002760,보락,1047,-3,56921,,,,
20250917,002780,진흥기업,731,-1,116170,,,,
20250917,002785,진흥기업우B,3375,0,2,,,,
20250917,002787,진흥기업2우B,7760,60,2,,,,
20250917,002790,아모레퍼시픽홀딩스,27550,450,97871,,,,
20250917,002795,아모레퍼시픽홀딩스우,11240,-110,11877,,,,
20250917,00279K,아모레퍼시픽홀딩스3우C,21700,200,8472,,,,
20250917,002810,삼영무역,16230,-10,21266,,,,
20250917,002820,SUN&L,2620,20,8852,,,,
20250917,002840,미원상사,155900,400,1366,,,,
20250917,002870,신풍,1045,-13,78543,,,,
20250917,002880,디와이에이,1172,-4,87591,,,,
20250917,002900,TYM,5920,-50,201320,,,,
20250917,002920,유성기업,2100,0,62969,,,,
20250917,002960,한국쉘석유,415500,-3000,743,,,,
20250917,002990,금호건설,3985,-25,123578,,,,
20250917,002995,금호건설우,11520,-180,898,,,,
20250917,003000,부광약품,3790,215,3818490,,,,
20250917,003010,혜인,5660,50,141195,,,,
20250917,003030,세아제강지주,170500,-1200,14360,,,,
20250917,003060,에이프로젠바이오로직스,626,-2,382627,,,,
20250917,003070,코오롱글로벌,9420,220,22949,,,,
20250917,003075,코오롱글로벌우,15320,450,9410,,,,
20250917,003080,SB성보,2850,0,10889,,,,
20250917,003090,대웅,25300,150,177934,,,,
20250917,0030R0,대신밸류리츠,4350,-15,50162,,,,
20250917,003120,일성아이에스,24400,-650,12289,,,,
20250917,003160,디아이,14780,-200,211430,,,,
20250917,003200,일신방직,10170,30,9977,,,,
20250917,003220,대원제약,13240,190,37623,,,,
20250917,003230,삼양식품,1578000,4000,34685,,,,
20250917,003240,태광산업,900000,-11000,1431,,,,
20250917,003280,흥아해운,1669,-7,1823572,,,,
20250917,003300,한일홀딩스,17080,-280,14670,,,,
20250917,003350,한국화장품제조,11720,300,124975,,,,
20250917,003460,유화증권,2780,-45,48012,,,,
20250917,003465,유화증권우,2605,5,7842,,,,
20250917,003470,유안타증권,3750,-70,346049,,,,
20250917,003475,유안타증권우,3720,-90,34306,,,,
20250917,003480,한진중공업홀딩스,5650,-150,363406,,,,
20250917,003490,대한항공,23750,400,1143674,,,,
20250917,003495,대한항공우,23900,-50,1231,,,,
20250917,003520,영진약품,2015,-5,177992,,,,
20250917,003530,한화투자증권,6100,-30,912710,,,,
20250917,003535,한화투자증권우,7950,-120,8392,,,,
20250917,003540,대신증권,28000,-150,198826,,,,
20250917,003545,대신증권우,21250,50,57708,,,,
20250917,003547,대신증권2우B,19730,-170,23192,,,,
20250917,003550,LG,75200,-500,151087,,,,
20250917,003555,LG우,62100,0,5697,,,,
20250917,003570,SNT다이내믹스,63600,-2600,92430,,,,
20250917,003580,HLB글로벌,2290,-50,73136,,,,
20250917,003610,방림,5140,170,91929,,,,
20250917,003620,KG모빌리티,3280,10,120307,,,,
20250917,003650,미창석유,106900,-900,762,,,,
20250917,003670,포스코퓨처엠,133500,1600,282592,,,,
20250917,003680,한성기업,5780,-80,60546,,,,
20250917,003690,코리안리,10830,-210,440972,,,,
20250917,003720,삼영,5150,40,306016,,,,
20250917,003780,진양산업,7190,70,72570,,,,
20250917,003830,대한화섬,118900,-3700,342,,,,
20250917,003850,보령,8660,-60,54856,,,,
20250917,003920,남양유업,59200,-200,7075,,,,
20250917,003925,남양유업우,39200,-100,10898,,,,
20250917,003960,사조대림,41250,-1050,21296,,,,
20250917,004000,롯데정밀화학,45750,-150,62358,,,,
20250917,004020,현대제철,37100,1000,505708,,,,
20250917,004060,SG세계물산,3210,0,30518,,,,
20250917,004080,신흥,13770,-80,1870,,,,
20250917,004090,한국석유,14290,170,697498,,,,
20250917,004100,태양금속,2180,-20,107894,,,,
20250917,004105,태양금속우,3160,30,8193,,,,
20250917,004140,동방,3140,-45,458186,,,,
20250917,004150,한솔홀딩스,3360,-20,56826,,,,
20250917,004170,신세계,191300,4500,56267,,,,
20250917,004250,NPC,4160,20,9533,,,,
20250917,004255,NPC우,2495,-15,1800,,,,
20250917,004270,남성,8093,8,1428,,,,
20250917,004310,현대약품,3985,-10,302061,,,,
20250917,004360,세방,14500,-330,77560,,,,
20250917,004365,세방우,9230,10,6609,,,,
20250917,004370,농심,473500,-16500,147056,,,,
20250917,004380,삼익THK,13000,0,0,,,,
20250917,004410,서울식품,1590,30,518752,,,,
20250917,004415,서울식품우,12370,-50,669,,,,
20250917,004430,송원산업,10260,-60,23553,,,,
20250917,004440,삼일씨엔에스,4900,0,8330,,,,
20250917,004450,삼화왕관,34000,-600,1086,,,,
20250917,004490,세방전지,63900,-200,35658,,,,
20250917,004540,깨끗한나라,2090,-5,27192,,,,
20250917,004545,깨끗한나라우,11820,0,18,,,,
20250917,004560,현대비앤지스틸,11730,-100,19696,,,,
20250917,004690,삼천리,134100,-1800,16650,,,,
20250917,004700,조광피혁,66400,-400,22535,,,,
20250917,004710,한솔테크닉스,5409,0,0,,,,
20250917,004720,팜젠사이언스,4485,-50,50581,,,,
20250917,004770,써니전자,1624,-7,129293,,,,
20250917,004800,효성,91500,-1200,33248,,,,
20250917,004830,덕성,5540,-30,76703,,,,
20250917,004835,덕성우,7450,-10,4040,,,,
20250917,004840,DRB동일,5020,20,19205,,,,
20250917,004870,티웨이홀딩스,2687,57,61949,,,,
20250917,004890,동일산업,40250,-50,684,,,,
20250917,004910,조광페인트,5770,-100,39016,,,,
20250917,004920,씨아이테크,1281,0,248673,,,,
20250917,004960,한신공영,8040,-80,15276,,,,
20250917,004970,신라교역,9430,-10,4472,,,,
20250917,004980,성신양회,10900,100,80498,,,,
20250917,004985,성신양회우,11790,-10,1595,,,,
20250917,004990,롯데지주,31500,-700,220478,,,,
20250917,00499K,롯데지주우,30950,-50,332,,,,
20250917,005010,휴스틸,4150,-70,200226,,,,
20250917,005030,부산주공,486,0,0,,,,
20250917,005070,코스모신소재,43900,2100,803450,,,,
20250917,005090,SGC에너지,23550,-200,13819,,,,
20250917,005110,한창,1254,0,0,,,,
20250917,005180,빙그레,76200,2100,97403,,,,
20250917,005250,녹십자홀딩스,15760,-160,40308,,,,
20250917,005257,녹십자홀딩스2우,26450,-450,1198,,,,
20250917,005300,롯데칠성,120700,-300,12649,,,,
20250917,005305,롯데칠성우,70100,-300,1001,,,,
20250917,005320,온타이드,1080,12,86850,,,,
20250917,005360,모나미,2070,-30,979943,,,,
20250917,005380,현대차,216000,1000,412548,,,,
20250917,005385,현대차우,165200,-300,80991,,,,
20250917,005387,현대차2우B,169000,-100,81517,,,,
20250917,005389,현대차3우B,164600,-100,7344,,,,
20250917,005420,코스모화학,16520,80,125031,,,,
20250917,005430,한국공항,71300,1400,10808,,,,
20250917,005440,현대지에프홀딩스,8690,-270,378612,,,,
20250917,005490,POSCO홀딩스,283500,1500,206125,,,,
20250917,005500,삼진제약,19400,90,20551,,,,
20250917,005610,삼립,56100,100,9508,,,,
20250917,005680,삼영전자,10700,0,19013,,,,
20250917,005690,파미셀,12600,-400,2224369,,,,
20250917,005720,넥센,6290,-120,42805,,,,
20250917,005725,넥센우,4950,-35,5774,,,,
20250917,005740,크라운해태홀딩스,7600,-100,44367,,,,
20250917,005745,크라운해태홀딩스우,8450,-10,545,,,,
20250917,005750,대림바스,4675,-25,10212,,,,
20250917,005800,신영와코루,14270,110,4561,,,,
20250917,005810,풍산홀딩스,42250,-1950,64677,,,,
20250917,005820,원림,14610,270,986,,,,
20250917,005830,DB손해보험,141600,-1300,227754,,,,
20250917,005850,에스엘,35450,0,75136,,,,
20250917,005870,휴니드,8630,-70,73438,,,,
20250917,005880,대한해운,1810,-9,1544525,,,,
20250917,005930,삼성전자,78200,-1200,20856317,,,,
20250917,005935,삼성전자우,62800,-1000,1945545,,,,
20250917,005940,NH투자증권,20500,-750,764596,,,,
20250917,005945,NH투자증권우,18320,-370,66767,,,,
20250917,005950,이수화학,5630,-40,23493,,,,
20250917,005960,동부건설,6300,-230,85282,,,,
20250917,005965,동부건설우,19230,0,89,,,,
20250917,006040,동원산업,47450,-50,34804,,,,
20250917,006060,화승인더,4200,-85,114018,,,,
20250917,006090,사조오양,10110,-120,4994,,,,
20250917,006110,삼아알미늄,23750,1100,129860,,,,
20250917,006120,SK디스커버리,54800,400,15327,,,,
20250917,006125,SK디스커버리우,37850,-100,2072,,,,
20250917,006200,한국전자홀딩스,3590,60,6141,,,,
20250917,006220,제주은행,13920,-270,170283,,,,
20250917,006260,LS,187500,-2400,106179,,,,
20250917,006280,녹십자,131700,-1500,20533,,,,
20250917,006340,대원전선,2975,-55,595067,,,,
20250917,006345,대원전선우,3725,-85,6071,,,,
20250917,006360,GS건설,19000,-570,449724,,,,
20250917,006370,대구백화점,6930,-160,64118,,,,
20250917,006380,카프로,3660,0,0,,,,
20250917,006400,삼성SDI,204000,0,342331,,,,
20250917,006405,삼성SDI우,131900,-2100,4743,,,,
20250917,006490,프리티,3925,95,162246,,,,
20250917,006570,대림통상,2615,-5,1157,,,,
20250917,006650,대한유화,112700,-800,27204,,,,
20250917,006660,삼성공조,13900,-20,21326,,,,
20250917,006740,블루산업개발,2392,-25,32535,,,,
20250917,006800,미래에셋증권,21905,-647,2204593,,,,
20250917,006805,미래에셋증권우,9904,-316,85851,,,,
20250917,00680K,미래에셋증권2우B,9342,-225,700000,,,,
20250917,006840,AK홀딩스,11060,20,6071,,,,
20250917,006880,신송홀딩스,6900,-20,47636,,,,
20250917,006890,태경케미컬,9330,-150,20446,,,,
20250917,006980,우성,16900,-120,3065,,,,
20250917,007070,GS리테일,16480,-90,71309,,,,
20250917,007110,일신석재,1937,-4,809506,,,,
20250917,007120,미래아이앤지,906,-3,24186,,,,
20250917,007160,사조산업,51100,-1200,8382,,,,
20250917,007210,벽산,2135,-15,94460,,,,
20250917,007280,한국특강,3266,14,40193,,,,
20250917,007310,오뚜기,429000,5000,19105,,,,
20250917,007340,DN오토모티브,24750,-100,49104,,,,
20250917,007460,에이프로젠,722,-2,2405720,,,,
20250917,007540,샘표,49700,-900,3969,,,,
20250917,007570,일양약품,14600,0,0,,,,
20250917,007575,일양약품우,15260,0,0,,,,
20250917,007590,동방아그로,6200,-10,2173,,,,
20250917,007610,선도전기,3000,0,0,,,,
20250917,007660,이수페타시스,77300,600,1662520,,,,
20250917,007690,국도화학,37350,-250,20306,,,,
20250917,007700,F&F홀딩스,19880,-30,15885,,,,
20250917,007810,코리아써키트,16520,-530,330468,,,,
20250917,007815,코리아써우,6690,-100,337,,,,
20250917,00781K,코리아써키트2우B,6600,-20,1214,,,,
20250917,007860,서연,9390,0,34759,,,,
20250917,007980,TP,1721,12,408095,,,,
20250917,008040,사조동아원,1363,-34,9837330,,,,
20250917,008060,대덕,8470,20,72106,,,,
20250917,00806K,대덕1우,8290,10,2549,,,,
20250917,008250,이건산업,4900,5,32597,,,,
20250917,008260,NI스틸,3800,-50,51371,,,,
20250917,008350,남선알미늄,1145,-7,302670,,,,
20250917,008355,남선알미우,12740,-80,143,,,,
20250917,008420,문배철강,2415,-5,208055,,,,
20250917,008490,서흥,26850,-850,70101,,,,
20250917,008600,윌비스,3578,-52,17141,,,,
20250917,008700,아남전자,1335,-18,131355,,,,
20250917,008730,율촌화학,31700,-500,77641,,,,
20250917,008770,호텔신라,52500,1600,442874,,,,
20250917,008775,호텔신라우,43300,700,4038,,,,
20250917,008870,금비,60700,400,8883,,,,
20250917,008930,한미사이언스,39200,-800,102653,,,,
20250917,008970,KBI동양철관,2661,-89,2031815,,,,
20250917,009070,KCTC,5510,40,254786,,,,
20250917,009140,경인전자,20650,0,1501,,,,
20250917,009150,삼성전기,192100,-800,462395,,,,
20250917,009155,삼성전기우,87200,300,23913,,,,
20250917,009160,SIMPAC,4730,130,123818,,,,
20250917,009180,한솔로지스틱스,2895,5,65028,,,,
20250917,009190,대양금속,1687,45,370700,,,,
20250917,009200,무림페이퍼,2040,-15,81452,,,,
20250917,009240,한샘,44750,100,16451,,,,
20250917,009270,신원,1646,6,461413,,,,
20250917,009290,광동제약,6050,-70,66210,,,,
20250917,009310,참엔지니어링,1287,10,24175,,,,
20250917,009320,아진전자부품,1037,-9,42544,,,,
20250917,009410,태영건설,1705,-8,255624,,,,
20250917,009415,태영건설우,4945,-45,257,,,,
20250917,009420,한올바이오파마,32200,-200,189134,,,,
20250917,009440,KC그린홀딩스,756,0,0,,,,
20250917,009450,경동나비엔,77800,-1000,47276,,,,
20250917,009460,한창제지,3170,-15,11152,,,,
20250917,009470,삼화전기,39600,600,240450,,,,
20250917,009540,HD한국조선해양,416000,0,115767,,,,
20250917,009580,무림P&P,2580,-20,61017,,,,
20250917,009680,모토닉,10460,-210,34552,,,,
20250917,009770,삼정펄프,27650,0,1475,,,,
20250917,009810,MDS스피어,3415,-90,35135,,,,
20250917,009830,한화솔루션,28250,-94,475950,,,,
20250917,009835,한화솔루션우,21179,135,11903,,,,
20250917,009900,명신산업,9150,40,60053,,,,
20250917,009970,영원무역홀딩스,143600,-4100,29565,,,,
20250917,010040,한국내화,2180,-45,51445,,,,
20250917,010060,OCI홀딩스,101300,2200,125327,,,,
20250917,010100,한국무브넥스,4310,-95,371607,,,,
20250917,010120,LS ELECTRIC,60700,-1100,568615,,,,
20250917,010130,고려아연,1013000,-14000,12934,,,,
20250917,010140,삼성중공업,21550,50,2625089,,,,
20250917,010400,우진아이엔에스,3095,0,10103,,,,
20250917,010580,에스엠벡셀,1523,8,256944,,,,
20250917,010640,진양폴리,3819,251,463780,,,,
20250917,010660,화천기계,4545,-35,529606,,,,
20250917,010690,화신,8130,-150,227965,,,,
20250917,010770,평화홀딩스,4015,-35,58690,,,,
20250917,010780,아이에스동서,19840,-120,24002,,,,
20250917,010820,퍼스텍,4725,-115,1116184,,,,
20250917,010950,S-Oil,58800,200,166846,,,,
20250917,010955,S-Oil우,38650,100,2575,,,,
20250917,010960,삼호개발,3490,0,58790,,,,
20250917,011000,진원생명과학,11925,0,51605,,,,
20250917,011070,LG이노텍,173900,-6000,199918,,,,
20250917,011090,에넥스,3010,-10,12071,,,,
20250917,011150,CJ씨푸드,2885,-15,117756,,,,
20250917,011155,CJ씨푸드1우,17000,30,113,,,,
20250917,011170,롯데케미칼,65600,200,60708,,,,
20250917,011200,HMM,23500,-200,1321926,,,,
20250917,011210,현대위아,50900,100,45470,,,,
20250917,011230,삼화전자,3635,-20,115978,,,,
20250917,011280,태림포장,1961,-13,82006,,,,
20250917,011300,우성머티리얼스,4050,-10,26382,,,,
20250917,011330,유니켐,15570,210,19240,,,,
20250917,011390,부산산업,81000,100,1911,,,,
20250917,011420,갤럭시아에스엠,2210,-25,185942,,,,
20250917,011500,한농화성,14340,-190,93611,,,,
20250917,011690,와이투솔루션,3585,100,746604,,,,
20250917,011700,한신기계,3495,-105,246099,,,,
20250917,011760,현대코퍼레이션,22500,-550,49911,,,,
20250917,011780,금호석유화학,107800,-1600,80285,,,,
20250917,011785,금호석유화학우,56600,-1400,10756,,,,
20250917,011790,SKC,96813,-2444,186231,,,,
20250917,011810,STX,3530,0,0,,,,
20250917,011930,신성이엔지,17780,780,3250593,,,,
20250917,012030,DB,1605,-89,2278391,,,,
20250917,012160,영흥,2935,60,23133,,,,
20250917,012170,아센디오,2140,0,87651,,,,
20250917,012200,계양전기,1373,0,36788,,,,
20250917,012205,계양전기우,3064,0,3467,,,,
20250917,012280,영화금속,903,-3,45324,,,,
20250917,012320,경동인베스트,62200,300,7225,,,,
20250917,012330,현대모비스,311000,2000,103522,,,,
20250917,012450,한화에어로스페이스,1030000,-11000,202933,,,,
20250917,012610,경인양행,3100,-25,64761,,,,
20250917,012630,HDC,20700,-200,148290,,,,
20250917,012690,모나리자,2480,5,20103,,,,
20250917,012750,에스원,84800,2900,65631,,,,
20250917,012800,대창,1311,-9,369755,,,,
20250917,013000,세우글로벌,1071,9,36024,,,,
20250917,013360,일성건설,1407,-14,225111,,,,
20250917,013520,화승코퍼레이션,1959,19,99312,,,,
20250917,013570,디와이,4410,-10,26831,,,,
20250917,013580,계룡건설,20600,200,57019,,,,
20250917,013700,까뮤이앤씨,1134,-2,75166,,,,
20250917,013870,지엠비코리아,4030,5,9958,,,,
20250917,013890,지누스,16910,-200,30798,,,,
20250917,014130,한익스프레스,3270,-5,5405,,,,
20250917,014160,대영포장,1194,-8,373374,,,,
20250917,014280,금강공업,5140,-40,277507,,,,
20250917,014285,금강공업우,6900,100,762,,,,
20250917,014440,영보화학,4410,-20,28425,,,,
20250917,014530,극동유화,3385,30,329132,,,,
20250917,014580,태경비케이,4920,-40,101223,,,,
20250917,014680,한솔케미칼,197500,-1900,54065,,,,
20250917,014710,사조씨푸드,9050,-300,17095,,,,
20250917,014790,HL D&I,2510,-25,31589,,,,
20250917,014820,동원시스템즈,29000,-450,31604,,,,
20250917,014825,동원시스템즈우,17590,0,50,,,,
20250917,014830,유니드,77000,-200,13728,,,,
20250917,014910,성문전자,1139,-2,65680,,,,
20250917,014915,성문전자우,4095,-65,3589,,,,
20250917,014990,인디에프,5510,85,69850,,,,
20250917,015020,이스타코,1288,-6,40761,,,,
20250917,015230,대창단조,6280,-140,67473,,,,
20250917,015260,에이엔피,502,0,360888,,,,
20250917,015360,INVENI,12540,-240,24800,,,,
20250917,015590,DKME,2575,0,0,,,,
20250917,015760,한국전력,36750,-50,1147371,,,,
20250917,015860,일진홀딩스,5590,-110,56343,,,,
20250917,015890,태경산업,5220,-80,47901,,,,
20250917,016090,대현,1825,-2,55942,,,,
20250917,016360,삼성증권,74500,-1000,245627,,,,
20250917,016380,KG스틸,5400,-10,98377,,,,
20250917,016450,한세예스24홀딩스,4070,-25,15221,,,,
20250917,016580,환인제약,10940,-210,44231,,,,
20250917,016590,신대양제지,11490,140,14351,,,,
20250917,016610,DB증권,9650,-50,93160,,,,
20250917,016710,대성홀딩스,8800,-90,16458,,,,
20250917,016740,두올,3510,55,70460,,,,
20250917,016800,퍼시스,43850,250,294,,,,
20250917,016880,웅진,4860,-160,884381,,,,
20250917,017040,광명전기,1123,1,231911,,,,
20250917,017180,명문제약,1707,-18,34638,,,,
20250917,017370,우신시스템,7380,-20,41579,,,,
20250917,017390,서울가스,62700,-100,5032,,,,
20250917,017550,수산세보틱스,1870,-16,73089,,,,
20250917,017670,SK텔레콤,55400,900,840509,,,,
20250917,017800,현대엘리베이터,78000,500,155713,,,,
20250917,017810,풀무원,14720,-250,230181,,,,
20250917,017860,DS단석,21539,0,51044,,,,
20250917,017900,광전자,1896,-8,13172,,,,
20250917,017940,E1,81400,-200,11632,,,,
20250917,017960,한국카본,33500,-300,292619,,,,
20250917,018250,애경산업,15480,-110,38465,,,,
20250917,018260,삼성에스디에스,164000,-2600,127730,,,,
20250917,018470,조일알미늄,1421,3,444734,,,,
20250917,018500,동원모빌리티,1342,-4,200271,,,,
20250917,018670,SK가스,245000,2500,4060,,,,
20250917,018880,한온시스템,3100,10,888070,,,,
20250917,019170,신풍제약,13100,120,292733,,,,
20250917,019175,신풍제약우,23500,250,2914,,,,
20250917,019180,티에이치엔,6050,380,2663341,,,,
20250917,019490,엑시큐어하이트론,657,-7,244101,,,,
20250917,019680,대교,2195,-5,61215,,,,
20250917,019685,대교우B,1248,2,8676,,,,
20250917,020000,한섬,15640,190,58398,,,,
20250917,020120,키다리스튜디오,4170,90,1289676,,,,
20250917,020150,롯데에너지머티리얼즈,24250,700,89508,,,,
20250917,020560,아시아나항공,9490,20,68308,,,,
20250917,020760,일진디스플,902,0,0,,,,
20250917,021050,서원,1179,-17,79403,,,,
20250917,021240,코웨이,99700,400,84620,,,,
20250917,021820,세원정공,10650,0,14816,,,,
20250917,022100,포스코DX,22800,-50,135302,,,,
20250917,023000,삼원강재,2445,-5,4636,,,,
20250917,023150,MH에탄올,5090,-30,2624,,,,
20250917,023350,한국종합기술,4805,-45,19994,,,,
20250917,023450,동남합성,33050,100,1443,,,,
20250917,023530,롯데쇼핑,71500,1200,62058,,,,
20250917,023590,다우기술,36950,-350,81061,,,,
20250917,023800,인지컨트롤스,5830,60,21184,,,,
20250917,023810,인팩,6510,0,14202,,,,
20250917,023960,에쓰씨엔지니어링,1202,-16,68698,,,,
20250917,024070,WISCOM,1975,12,1931,,,,
20250917,024090,디씨엠,12000,-240,13658,,,,
20250917,024110,기업은행,19820,-50,617194,,,,
20250917,024720,콜마홀딩스,13130,-180,303681,,,,
20250917,024890,대원화성,4335,25,9470,,,,
20250917,024900,디와이덕양,2300,-5,86612,,,,
20250917,025000,KPX케미칼,47258,94,4781,,,,
20250917,025530,SJM홀딩스,3625,-40,11759,,,,
20250917,025540,한국단자,61900,300,13422,,,,
20250917,025560,미래산업,2186,-68,190655,,,,
20250917,025620,차AI헬스케어,8530,260,33575,,,,
20250917,025750,한솔홈데코,3520,15,21189,,,,
20250917,025820,이구산업,4680,-60,134821,,,,
20250917,025860,남해화학,6870,-30,67827,,,,
20250917,025890,한국주강,1974,-36,100769,,,,
20250917,026890,스틱인베스트먼트,11390,-120,77781,,,,
20250917,026940,부국철강,2475,25,89979,,,,
20250917,026960,동서,28550,50,81088,,,,
20250917,027410,BGF,4050,-20,64320,,,,
20250917,027740,마니커,1712,4,76647,,,,
20250917,027970,한국제지,4075,-5,12106,,,,
20250917,028050,삼성E&A,28050,-200,537438,,,,
20250917,028100,동아지질,15740,-110,12765,,,,
20250917,028260,삼성물산,193000,-2900,319257,,,,
20250917,02826K,삼성물산우B,129700,-1700,5982,,,,
20250917,028670,팬오션,4110,15,969429,,,,
20250917,029460,케이씨,24900,-150,26416,,,,
20250917,029530,신도리코,44450,-250,6054,,,,
20250917,029780,삼성카드,53100,-700,54080,,,,
20250917,030000,제일기획,20100,100,185148,,,,
20250917,030190,NICE평가정보,15060,70,57541,,,,
20250917,030200,KT,51000,-300,360626,,,,
20250917,030210,다올투자증권,3660,-35,53833,,,,
20250917,030610,교보증권,9660,-330,139016,,,,
20250917,030720,동원수산,6070,-60,10493,,,,
20250917,031210,서울보증보험,52800,-600,149224,,,,
20250917,031430,신세계인터내셔날,10550,80,56690,,,,
20250917,031820,아이티센씨티에스,6280,0,11746,,,,
20250917,032350,롯데관광개발,18500,1110,4226898,,,,
20250917,032560,황금에스티,5630,-80,18361,,,,
20250917,032640,LG유플러스,14680,-110,706634,,,,
20250917,032830,삼성생명,155200,-4900,329091,,,,
20250917,033240,자화전자,22400,2650,671877,,,,
20250917,033250,체시스,5575,-5,41805,,,,
20250917,033270,유나이티드제약,19990,-10,30731,,,,
20250917,033530,SJG세종,6400,120,420041,,,,
20250917,033780,KT&G,136800,1700,233972,,,,
20250917,033920,무학,8200,-70,35690,,,,
20250917,034020,두산에너빌리티,61300,-2000,4251068,,,,
20250917,034120,SBS,20100,50,27532,,,,
20250917,034220,LG디스플레이,12880,-430,2964653,,,,
20250917,034230,파라다이스,22650,1350,6070820,,,,
20250917,034310,NICE,14160,-30,42292,,,,
20250917,034590,인천도시가스,25900,-50,2187,,,,
20250917,034730,SK,227000,-6000,149578,,,,
20250917,03473K,SK우,176500,-3200,2897,,,,
20250917,034830,한국토지신탁,1426,25,1218751,,,,
20250917,035000,HS애드,9000,20,23096,,,,
20250917,035150,백산,14270,-240,70194,,,,
20250917,035250,강원랜드,18150,250,493319,,,,
20250917,035420,NAVER,233500,-1500,2083776,,,,
20250917,035510,신세계 I&C,15030,-320,43775,,,,
20250917,035720,카카오,62500,-400,992359,,,,
20250917,036420,콘텐트리중앙,11260,-140,46796,,,,
20250917,036460,한국가스공사,40150,-650,288350,,,,
20250917,036530,SNT홀딩스,75000,-4000,27520,,,,
20250917,036570,NC,240000,13000,192579,,,,
20250917,036580,팜스코,2660,-30,31511,,,,
20250917,037270,YG PLUS,8510,130,886237,,,,
20250917,037560,LG헬로비전,2895,-5,61342,,,,
20250917,037710,광주신세계,30600,-50,16441,,,,
20250917,039130,하나투어,52500,-200,85951,,,,
20250917,039490,키움증권,265500,-1000,158273,,,,
20250917,039570,HDC랩스,8590,-50,21715,,,,
20250917,041650,상신브레이크,2805,50,65135,,,,
20250917,042660,한화오션,113000,2200,2359178,,,,
20250917,042700,한미반도체,91000,-2300,495932,,,,
20250917,044380,주연테크,2735,75,38108,,,,
20250917,044450,KSS해운,9530,40,18448,,,,
20250917,044820,코스맥스비티아이,18730,60,10278,,,,
20250917,047040,대우건설,3710,-50,1044228,,,,
20250917,047050,포스코인터내셔널,49800,-150,210395,,,,
20250917,047400,유니온머티리얼,1422,20,197197,,,,
20250917,047810,한국항공우주,115000,14800,4499169,,,,
20250917,049800,우진플라임,2175,-10,19552,,,,
20250917,051600,한전KPS,49650,-450,93041,,,,
20250917,051630,진양화학,2220,65,270480,,,,
20250917,051900,LG생활건강,291500,500,16379,,,,
20250917,051905,LG생활건강우,119600,-400,2318,,,,
20250917,051910,LG화학,292000,4000,142980,,,,
20250917,051915,LG화학우,141900,1400,19579,,,,
20250917,052690,한전기술,88300,-1800,138733,,,,
20250917,053210,스카이라이프,5180,-10,18905,,,,
20250917,053690,한미글로벌,20650,-700,80217,,,,
20250917,055490,테이팩스,14880,10,6747,,,,
20250917,055550,신한지주,69700,-1200,1201636,,,,
20250917,058430,포스코스틸리온,3770,-30,37260,,,,
20250917,058650,세아홀딩스,127100,-2800,1562,,,,
20250917,058730,다스코,2975,20,27336,,,,
20250917,058850,KTcs,3035,225,19829518,,,,
20250917,058860,KTis,2895,45,975030,,,,
20250917,060980,HL홀딩스,41350,-300,25211,,,,
20250917,062040,산일전기,120400,-700,447564,,,,
20250917,063160,종근당바이오,23600,150,51255,,,,
20250917,064350,현대로템,211500,-11500,810761,,,,
20250917,064400,LG씨엔에스,69600,-1700,403386,,,,
20250917,064960,SNT모티브,37700,-900,137661,,,,
20250917,066570,LG전자,77900,900,703739,,,,
20250917,066575,LG전자우,38100,-100,101030,,,,
20250917,066970,엘앤에프,77300,6600,1408191,,,,
20250917,067830,세이브존I&C,2635,-75,67918,,,,
20250917,068270,셀트리온,160513,-286,253327,,,,
20250917,068290,삼성출판사,17050,490,9092,,,,
20250917,069260,TKG휴켐스,18300,-70,66559,,,,
20250917,069460,대호에이엘,8545,10,67113,,,,
20250917,069620,대웅제약,140100,-1400,18536,,,,
20250917,069640,한세엠케이,1670,-12,27370,,,,
20250917,069730,DSR제강,3775,-55,11779,,,,
20250917,069960,현대백화점,84500,3200,146164,,,,
20250917,070960,모나용평,3960,-10,63910,,,,
20250917,071050,한국금융지주,154400,-3900,241416,,,,
20250917,071055,한국금융지주우,110500,-1400,35607,,,,
20250917,071090,하이스틸,4435,-75,298566,,,,
20250917,071320,지역난방공사,84000,2500,28596,,,,
20250917,071840,롯데하이마트,8490,0,7538,,,,
20250917,071950,코아스,6090,-380,180556,,,,
20250917,071970,HD현대마린엔진,88700,-800,166092,,,,
20250917,072130,유엔젤,5800,320,572060,,,,
20250917,072710,농심홀딩스,122500,600,1022612,,,,
20250917,073240,금호타이어,4920,0,333090,,,,
20250917,074610,이엔플러스,5110,0,0,,,,
20250917,075180,새론오토모티브,3210,15,2793,,,,
20250917,075580,세진중공업,24150,150,1150094,,,,
20250917,077500,유니퀘스트,6990,-420,1049075,,,,
20250917,077970,STX엔진,44000,-1300,364699,,,,
20250917,078000,텔코웨어,14310,-150,28121,,,,
20250917,078520,에이블씨엔씨,11870,-160,356471,,,,
20250917,078930,GS,46700,-550,175156,,,,
20250917,078935,GS우,43500,-250,2947,,,,
20250917,079160,CJ CGV,5170,30,428846,,,,
20250917,079430,현대리바트,7240,50,36440,,,,
20250917,079550,LIG디펜스앤에어로스페이스,517000,-25000,133524,,,,
20250917,079900,전진건설로봇,47850,-500,24174,,,,
20250917,079980,휴비스,2980,-15,25804,,,,
20250917,081000,일진다이아,12100,-50,7950,,,,
20250917,081660,미스토홀딩스,41500,-300,102899,,,,
20250917,082640,동양생명,7700,0,106344,,,,
20250917,082740,한화엔진,43750,-850,1078766,,,,
20250917,083420,그린케미칼,7510,-140,32526,,,,
20250917,084010,대한제강,10982,-227,16632,,,,
20250917,084670,동양고속,8160,-70,1087,,,,
20250917,084680,이월드,1524,-6,79039,,,,
20250917,084690,대상홀딩스,9510,-100,43765,,,,
20250917,084695,대상홀딩스우,12640,90,4691,,,,
20250917,084870,TBH글로벌,1396,-1,13167,,,,
20250917,085310,엔케이,15330,-590,738507,,,,
20250917,085620,미래에셋생명,7890,-30,108108,,,,
20250917,086280,현대글로비스,184500,-300,224856,,,,
20250917,086790,하나금융지주,90000,-800,531569,,,,
20250917,088260,이리츠코크렙,4720,-5,25652,,,,
20250917,088350,한화생명,3375,-75,1287918,,,,
20250917,088790,진도,1937,-7,86890,,,,
20250917,088980,맥쿼리인프라,11490,-30,666251,,,,
20250917,089470,HDC현대EP,4090,-5,12176,,,,
20250917,089590,제주항공,6650,30,59383,,,,
20250917,089860,롯데렌탈,29900,300,33746,,,,
20250917,090080,평화산업,999,-4,160328,,,,
20250917,090350,노루페인트,9400,-170,116526,,,,
20250917,090355,노루페인트우,13790,-10,41,,,,
20250917,090370,메타랩스,1378,45,107678,,,,
20250917,090430,아모레퍼시픽,123800,2500,184261,,,,
20250917,090435,아모레퍼시픽우,43500,1000,20910,,,,
20250917,090460,비에이치,17690,-190,368791,,,,
20250917,091810,트리니티항공,1824,12,294770,,,,
20250917,092200,디아이씨,4805,20,396935,,,,
20250917,092220,KEC,3995,-5,184229,,,,
20250917,092230,KPX홀딩스,69100,-600,1469,,,,
20250917,092440,기신정기,2595,20,33573,,,,
20250917,092780,DYP,3970,0,10498,,,,
20250917,092790,넥스틸,12680,-170,193255,,,,
20250917,093050,LF,18330,-20,37502,,,,
20250917,093240,형지엘리트,1421,11,313995,,,,
20250917,093370,후성,6190,-70,1216176,,,,
20250917,094280,효성ITX,12940,-120,18703,,,,
20250917,094800,맵스리얼티,4950,-40,66168,,,,
20250917,095570,AJ네트웍스,4315,15,129908,,,,
20250917,095720,웅진씽크빅,3354,-38,61578,,,,
20250917,096760,JW홀딩스,3335,-40,47765,,,,
20250917,096770,SK이노베이션,106300,1300,162397,,,,
20250917,096775,SK이노베이션우,70000,200,2226,,,,
20250917,097230,HJ중공업,31650,-1400,5257562,,,,
20250917,097520,엠씨넥스,30050,50,23466,,,,
20250917,097950,CJ제일제당,237500,-3500,42245,,,,
20250917,097955,CJ제일제당 우,142000,-2200,5879,,,,
20250917,100090,SK오션플랜트,28000,-550,3946068,,,,
20250917,100220,비상교육,5790,-10,41830,,,,
20250917,100250,진양홀딩스,3113,-19,57572,,,,
20250917,100840,SNT에너지,57500,-2200,116129,,,,
20250917,101140,인바이오젠,12230,-50,4798,,,,
20250917,101530,해태제과식품,6870,100,45241,,,,
20250917,102260,동성케미컬,4181,-65,107321,,,,
20250917,102460,이연제약,11720,90,11139,,,,
20250917,103140,풍산,132100,-5700,353685,,,,
20250917,103590,일진전기,36150,-1200,722668,,,,
20250917,104700,한국철강,10360,-10,31409,,,,
20250917,105560,KB금융,118300,500,645617,,,,
20250917,105630,한세실업,10770,80,152913,,,,
20250917,105840,우진,12000,-180,429894,,,,
20250917,107590,미원홀딩스,71900,-200,741,,,,
20250917,108320,LX세미콘,53600,-1100,45625,,,,
20250917,108670,LX하우시스,29050,50,17400,,,,
20250917,108675,LX하우시스우,17350,-20,509,,,,
20250917,109070,주성코퍼레이션,886,-4,42503,,,,
20250917,111110,호전실업,7390,-50,57278,,,,
20250917,111380,동인기연,14290,-20,8358,,,,
20250917,111770,영원무역,61100,-700,59491,,,,
20250917,112610,씨에스윈드,44150,50,98114,,,,
20250917,114090,GKL,17350,1160,633860,,,,
20250917,117580,대성에너지,8290,130,162259,,,,
20250917,118000,메타케어,3150,-40,47303,,,,
20250917,119650,KC코트렐,918,0,0,,,,
20250917,120030,조선선재,112000,-3400,15032,,,,
20250917,120110,코오롱인더,38250,-50,69688,,,,
20250917,120115,코오롱인더우,23900,150,3697,,,,
20250917,122900,아이마켓코리아,8270,-10,10915,,,,
20250917,123690,한국화장품,10150,250,224852,,,,
20250917,123700,SJM,3550,-60,38380,,,,
20250917,123890,한국자산신탁,2420,-25,200629,,,,
20250917,126560,현대퓨처넷,3235,-20,46487,,,,
20250917,126720,수산인더스트리,21600,-400,47595,,,,
20250917,128820,대성산업,4595,-75,301033,,,,
20250917,128940,한미약품,312000,-7000,68584,,,,
20250917,129260,인터지스,2730,-15,48941,,,,
20250917,130660,한전산업,11950,-120,73428,,,,
20250917,133820,화인베스틸,2105,-120,1959368,,,,
20250917,134380,미원화학,8710,30,23780,,,,
20250917,134790,시디즈,24650,-150,2581,,,,
20250917,136490,선진,11600,360,478491,,,,
20250917,137310,에스디바이오센서,10320,150,81276,,,,
20250917,138040,메리츠금융지주,122900,-700,199765,,,,
20250917,138930,BNK금융지주,15120,-230,731886,,,,
20250917,139130,iM금융지주,14290,-390,437315,,,,
20250917,139480,이마트,78500,1100,125738,,,,
20250917,139990,아주스틸,3975,-15,14987,,,,
20250917,143210,핸즈코퍼레이션,1645,-25,4865,,,,
20250917,145210,다이나믹디자인,6860,-260,17067,,,,
20250917,145270,케이탑리츠,960,-2,43726,,,,
20250917,145720,덴티움,58500,500,43041,,,,
20250917,145990,삼양사,51100,-600,9586,,,,
20250917,145995,삼양사우,35750,-250,239,,,,
20250917,155660,DSR,3780,10,7112,,,,
20250917,161000,애경케미칼,10060,-70,230370,,,,
20250917,161390,한국타이어앤테크놀로지,38350,-750,485501,,,,
20250917,161890,한국콜마,78900,500,162244,,,,
20250917,163560,동일고무벨트,6810,-20,14614,,,,
20250917,170900,동아에스티,44587,0,15469,,,,
20250917,175330,JB금융지주,24150,-450,229532,,,,
20250917,178920,PI첨단소재,17650,-110,60673,,,,
20250917,180640,한진칼,116500,-200,53968,,,,
20250917,18064K,한진칼우,38200,600,2291,,,,
20250917,181710,NHN,27350,450,40410,,,,
20250917,183190,아세아시멘트,13390,-160,64873,,,,
20250917,185750,종근당,85400,2100,87958,,,,
20250917,192080,더블유게임즈,54600,100,41283,,,,
20250917,192400,쿠쿠홀딩스,33650,-300,50122,,,,
20250917,192650,드림텍,6580,-110,133036,,,,
20250917,192820,코스맥스,222500,6500,110814,,,,
20250917,194370,제이에스코퍼레이션,11120,120,92003,,,,
20250917,195870,해성디에스,26650,-300,86456,,,,
20250917,200880,서연이화,11350,-20,43126,,,,
20250917,204320,HL만도,35100,250,112273,,,,
20250917,207940,삼성바이오로직스,1501179,-23548,48967,,,,
20250917,210540,디와이파워,12790,80,42491,,,,
20250917,210980,SK디앤디,9940,-100,89874,,,,
20250917,213500,한솔제지,8630,-10,59209,,,,
20250917,214320,이노션,18500,-210,139854,,,,
20250917,214330,금호에이치티,16212,-54,6749,,,,
20250917,214390,경보제약,5500,60,64592,,,,
20250917,214420,토니모리,10530,20,161938,,,,
20250917,226320,잇츠한불,12530,50,10637,,,,
20250917,227840,현대코퍼레이션홀딩스,12910,-290,18979,,,,
20250917,229640,LS에코에너지,39000,-750,120530,,,,
20250917,234080,JW생명과학,11850,-80,30171,,,,
20250917,241560,두산밥캣,54200,500,231989,,,,
20250917,241590,화승엔터프라이즈,6740,-60,216044,,,,
20250917,244920,에이플러스에셋,7140,90,87393,,,,
20250917,248070,솔루엠,19000,0,365902,,,,
20250917,248170,샘표식품,26900,0,9698,,,,
20250917,249420,일동제약,26900,1000,3268623,,,,
20250917,251270,넷마블,68000,4500,503895,,,,
20250917,259960,크래프톤,319500,1000,67356,,,,
20250917,264900,크라운제과,9540,40,17213,,,,
20250917,26490K,크라운제과우,9630,-30,1390,,,,
20250917,267250,HD현대,161800,1400,134127,,,,
20250917,267260,HD현대일렉트릭,588000,-6000,120068,,,,
20250917,267270,HD건설기계,96500,2300,239576,,,,
20250917,267290,경동도시가스,20750,150,8075,,,,
20250917,267850,아시아나IDT,11790,20,3801,,,,
20250917,268280,미원에스씨,139300,-100,442,,,,
20250917,271560,오리온,108000,-800,90378,,,,
20250917,271940,일진하이솔루스,18170,-170,76945,,,,
20250917,271980,제일약품,14580,710,1220661,,,,
20250917,272210,한화시스템,57600,-2000,1325331,,,,
20250917,272450,진에어,8450,30,77306,,,,
20250917,272550,삼양패키징,13350,-60,15309,,,,
20250917,278470,에이피알,217000,4000,350065,,,,
20250917,280360,롯데웰푸드,114700,-100,15000,,,,
20250917,281820,케이씨텍,37100,-750,98422,,,,
20250917,282330,BGF리테일,109700,800,34819,,,,
20250917,284740,쿠쿠홈시스,27300,0,26941,,,,
20250917,285130,SK케미칼,64000,-400,36014,,,,
20250917,28513K,SK케미칼우,26900,-250,3055,,,,
20250917,286940,롯데이노베이트,21750,50,8059,,,,
20250917,293480,하나제약,11930,20,8411,,,,
20250917,293940,신한알파리츠,5680,30,172137,,,,
20250917,294870,IPARK현대산업개발,21000,-200,237593,,,,
20250917,298000,효성화학,77800,0,0,,,,
20250917,298020,효성티앤씨,218500,-500,9482,,,,
20250917,298040,효성중공업,1375000,-6000,42964,,,,
20250917,298050,HS효성첨단소재,191500,-800,6076,,,,
20250917,298690,에어부산,2020,5,95383,,,,
20250917,300720,한일시멘트,20100,150,75580,,,,
20250917,302440,SK바이오사이언스,49400,-900,105046,,,,
20250917,306200,세아제강,131100,-2000,4873,,,,
20250917,307950,현대오토에버,170700,-1600,24995,,,,
20250917,308170,씨티알모빌리티,5130,30,3708,,,,
20250917,316140,우리금융지주,26200,-550,1381231,,,,
20250917,317400,자이에스앤디,3440,-60,36650,,,,
20250917,322000,HD현대에너지솔루션,51200,700,107861,,,,
20250917,323410,카카오뱅크,24550,-150,500401,,,,
20250917,326030,SK바이오팜,107400,-3300,192313,,,,
20250917,329180,HD현대중공업,506000,3000,128724,,,,
20250917,330590,롯데리츠,4020,35,240809,,,,
20250917,334890,이지스밸류플러스리츠,4135,-65,170433,,,,
20250917,336260,두산퓨얼셀,32300,400,2642718,,,,
20250917,33626K,두산퓨얼셀1우,7430,-10,77048,,,,
20250917,33626L,두산퓨얼셀2우B,11580,-80,7141,,,,
20250917,336370,솔루스첨단소재,8000,320,272171,,,,
20250917,33637K,솔루스첨단소재1우,1862,1,30665,,,,
20250917,33637L,솔루스첨단소재2우B,3740,65,1460,,,,
20250917,338100,NH프라임리츠,4615,-25,55848,,,,
20250917,339770,교촌에프앤비,4580,-60,130383,,,,
20250917,344820,KCC글라스,28950,-350,55064,,,,
20250917,348950,제이알글로벌리츠,3045,0,250207,,,,
20250917,350520,이지스레지던스리츠,3965,-30,60708,,,,
20250917,352820,하이브,289000,0,190791,,,,
20250917,353200,대덕전자,26750,-550,715855,,,,
20250917,35320K,대덕전자1우,9340,-10,3675,,,,
20250917,357120,코람코라이프인프라리츠,4400,5,116524,,,,
20250917,357250,미래에셋맵스리츠,2820,-15,22075,,,,
20250917,357430,마스턴프리미어리츠,1563,-2,53527,,,,
20250917,361610,SK아이이테크놀로지,28700,400,96618,,,,
20250917,363280,티와이홀딩스,3000,-60,56694,,,,
20250917,36328K,티와이홀딩스우,5330,30,888,,,,
20250917,365550,ESR켄달스퀘어리츠,4600,45,313607,,,,
20250917,372910,한컴라이프케어,2735,-20,111726,,,,
20250917,373220,LG에너지솔루션,350000,500,184541,,,,
20250917,375500,DL이앤씨,42900,-1250,180780,,,,
20250917,37550K,DL이앤씨우,20000,-300,4973,,,,
20250917,37550L,DL이앤씨2우(전환),30950,-200,3102,,,,
20250917,377190,디앤디플랫폼리츠,3405,-10,38306,,,,
20250917,377300,카카오페이,54200,-300,279809,,,,
20250917,377740,바이오노트,6100,0,36677,,,,
20250917,378850,화승알앤에이,3480,15,297268,,,,
20250917,381970,케이카,16050,-20,51512,,,,
20250917,383220,F&F,68600,-300,25425,,,,
20250917,383800,LX홀딩스,8230,-50,178494,,,,
20250917,38380K,LX홀딩스1우,8750,150,535,,,,
20250917,395400,SK리츠,5190,70,286607,,,,
20250917,396690,미래에셋글로벌리츠,2815,5,45567,,,,
20250917,400760,NH올원리츠,3270,-20,158984,,,,
20250917,402340,SK스퀘어,200500,-5500,719626,,,,
20250917,403550,쏘카,12580,0,3399,,,,
20250917,404990,신한서부티엔디리츠,3450,-5,67212,,,,
20250917,415640,KB발해인프라,8790,0,102116,,,,
20250917,417310,코람코더원리츠,6480,200,304379,,,,
20250917,432320,KB스타리츠,3915,15,30480,,,,
20250917,439260,대한조선,81400,-100,166087,,,,
20250917,443060,HD현대마린솔루션,211000,500,71759,,,,
20250917,446070,유니드비티플러스,3960,0,16457,,,,
20250917,448730,삼성FN리츠,4335,-25,81957,,,,
20250917,450080,에코프로머티,51000,0,277272,,,,
20250917,451800,한화리츠,4055,15,203433,,,,
20250917,452260,한화갤러리아,1142,3,197828,,,,
20250917,45226K,한화갤러리아우,2215,-5,829,,,,
20250917,453340,현대그린푸드,15680,-50,56476,,,,
20250917,454910,두산로보틱스,62900,-1800,194273,,,,
20250917,456040,OCI,57000,100,19892,,,,
20250917,457190,이수스페셜티케미컬,46400,950,352693,,,,
20250917,460850,동국씨엠,5560,-10,23967,,,,
20250917,460860,동국제강,9680,60,98238,,,,
20250917,462520,조선내화,14160,-70,6027,,,,
20250917,462870,시프트업,41950,550,72059,,,,
20250917,465770,STX그린로지스,7710,-30,26293,,,,
20250917,475150,SK이터닉스,23400,-300,471544,,,,
20250917,475560,더본코리아,26100,200,11434,,,,
20250917,480370,씨케이솔루션,3398,-20,37744,,,,
20250917,481850,신한글로벌액티브리츠,1451,-1,88515,,,,
20250917,483650,달바글로벌,168600,-1100,78734,,,,
20250917,484870,엠앤씨솔루션,71833,-833,36903,,,,
20250917,487570,HS효성,62500,-1500,21358,,,,
20250917,489790,한화비전,61500,200,588592,,,,
20250917,499790,GS피앤엘,56400,1300,254356,,,,
20250917,900140,엘브이엠씨홀딩스,1740,23,466507,,,,
20250917,950210,프레스티지바이오파마,14660,370,116276,,,,
20250918,000020,동화약품,6400,30,39366,,,,
20250918,000040,KR모터스,2585,0,37462,,,,
20250918,000050,경방,7240,20,17309,,,,
20250918,000070,삼양홀딩스,60858,267,20549,,,,
20250918,000080,하이트진로,19180,-80,191693,,,,
20250918,000087,하이트진로2우B,15560,0,1482,,,,
20250918,000100,유한양행,117000,800,197583,,,,
20250918,000105,유한양행우,103900,200,3309,,,,
20250918,000120,CJ대한통운,85500,400,34581,,,,
20250918,000140,하이트진로홀딩스,10170,20,33543,,,,
20250918,000145,하이트진로홀딩스우,11500,-30,414,,,,
20250918,000150,두산,596000,-18000,119447,,,,
20250918,000155,두산우,352500,-4500,11547,,,,
20250918,000157,두산2우B,370500,0,1808,,,,
20250918,000180,성창기업지주,8460,-105,7412,,,,
20250918,000210,DL,38100,150,40060,,,,
20250918,000215,DL우,23800,0,1672,,,,
20250918,000220,유유제약,4380,25,29442,,,,
20250918,000225,유유제약1우,4700,5,2989,,,,
20250918,000227,유유제약2우B,10640,50,75,,,,
20250918,000230,일동홀딩스,9490,0,126426,,,,
20250918,000240,한국앤컴퍼니,23650,350,65482,,,,
20250918,000270,기아,102100,1100,1143276,,,,
20250918,000300,DH오토넥스,4200,0,0,,,,
20250918,000320,노루홀딩스,30450,-1350,73555,,,,
20250918,000325,노루홀딩스우,34700,300,337,,,,
20250918,000370,한화손해보험,6130,90,968743,,,,
20250918,000390,SP삼화,6120,0,18483,,,,
20250918,000400,롯데손해보험,1821,81,12079439,,,,
20250918,000430,대원강업,3900,30,27414,,,,
20250918,000480,CR홀딩스,5000,0,20308,,,,
20250918,000490,대동,9990,60,114758,,,,
20250918,000500,가온전선,33118,278,64210,,,,
20250918,000520,삼일제약,10810,10,169087,,,,
20250918,000540,흥국화재,4260,-10,73253,,,,
20250918,000545,흥국화재우,7340,-10,5709,,,,
20250918,000590,CS홀딩스,88600,2400,1814,,,,
20250918,000640,동아쏘시오홀딩스,107319,97,6033,,,,
20250918,000650,천일고속,41150,600,40,,,,
20250918,000660,SK하이닉스,353000,19500,4526286,,,,
20250918,000670,영풍,41589,-730,23560,,,,
20250918,000680,LS네트웍스,4075,5,93885,,,,
20250918,000700,유수홀딩스,5920,50,6380,,,,
20250918,000720,현대건설,58000,100,566468,,,,
20250918,000725,현대건설우,53300,0,3058,,,,
20250918,000760,이화산업,12360,60,501,,,,
20250918,000810,삼성화재,455000,6000,82936,,,,
20250918,000815,삼성화재우,343500,0,6997,,,,
20250918,000850,화천기공,31950,150,3043,,,,
20250918,000860,강남제비스코,12100,0,16200,,,,
20250918,000880,한화,110563,240,188425,,,,
20250918,00088K,한화3우B,39669,-201,33578,,,,
20250918,000890,보해양조,2255,5,55469,,,,
20250918,000910,유니온,4620,55,88863,,,,
20250918,000950,전방,39200,1400,3882,,,,
20250918,000970,한국주철관,7020,30,29505,,,,
20250918,000990,DB하이텍,57200,400,382122,,,,
20250918,001020,페이퍼코리아,3635,0,2236,,,,
20250918,001040,CJ,205500,7400,180395,,,,
20250918,001045,CJ우,103500,1500,6798,,,,
20250918,00104K,CJ4우(전환),174600,5700,17336,,,,
20250918,001060,JW중외제약,22150,150,43173,,,,
20250918,001065,JW중외제약우,27750,-150,156,,,,
20250918,001067,JW중외제약2우B,58900,900,11,,,,
20250918,001070,대한방직,6650,-130,3621,,,,
20250918,001080,만호제강,4100,185,56660,,,,
20250918,001120,LX인터내셔널,31900,-50,83373,,,,
20250918,001130,대한제분,15500,90,41930,,,,
20250918,001200,유진투자증권,3760,60,514251,,,,
20250918,001210,금호전기,4445,-60,150559,,,,
20250918,001230,동국홀딩스,1721,18,127366,,,,
20250918,001250,GS글로벌,2610,0,377408,,,,
20250918,001260,남광토건,7910,-70,18684,,,,
20250918,001270,부국증권,71600,1300,80538,,,,
20250918,001275,부국증권우,27350,100,4359,,,,
20250918,001290,상상인증권,816,14,1031681,,,,
20250918,001340,PKC,5900,30,85653,,,,
20250918,001360,삼성제약,1694,-12,263672,,,,
20250918,001380,SG글로벌,3462,58,160499,,,,
20250918,001390,KG케미칼,5050,205,397852,,,,
20250918,001420,태원물산,3390,10,3272,,,,
20250918,001430,세아베스틸지주,26100,-350,85411,,,,
20250918,001440,대한전선,15870,-130,910496,,,,
20250918,001450,현대해상,28800,200,318383,,,,
20250918,001460,BYC,39350,50,5282,,,,
20250918,001465,BYC우,26000,-50,2334,,,,
20250918,001470,삼부토건,347,0,0,,,,
20250918,001500,현대차증권,8970,230,98842,,,,
20250918,001510,SK증권,1411,36,1062770,,,,
20250918,001515,SK증권우,3860,90,5392,,,,
20250918,001520,동양,1326,2,102230,,,,
20250918,001525,동양우,8160,-40,22,,,,
20250918,001527,동양2우B,16120,-100,198,,,,
20250918,001530,DI동일,35238,95,29535,,,,
20250918,001550,조비,12130,-30,21744,,,,
20250918,001560,제일연마,10440,-20,5130,,,,
20250918,001570,금양,9900,0,0,,,,
20250918,001620,케이비아이동국실업,2420,-5,21726,,,,
20250918,001630,종근당홀딩스,49300,0,9361,,,,
20250918,001680,대상,23300,-100,40403,,,,
20250918,001685,대상우,17050,-80,1487,,,,
20250918,001720,신영증권,146000,1700,23494,,,,
20250918,001740,SK네트웍스,4590,0,176910,,,,
20250918,001750,한양증권,19010,770,58819,,,,
20250918,001755,한양증권우,17640,290,3627,,,,
20250918,001770,SHD,17690,-180,3829,,,,
20250918,001780,알루코,2165,20,205161,,,,
20250918,001790,대한제당,3015,35,399739,,,,
20250918,001795,대한제당우,2525,5,20757,,,,
20250918,001800,오리온홀딩스,21200,-200,125608,,,,
20250918,001820,삼화콘덴서,33500,1800,286644,,,,
20250918,001940,KISCO홀딩스,26700,0,17693,,,,
20250918,002020,코오롱,42100,200,68868,,,,
20250918,002025,코오롱우,22250,50,2540,,,,
20250918,002030,아세아,349000,500,1870,,,,
20250918,002070,비비안,15123,40,7528,,,,
20250918,002100,경농,9790,50,33903,,,,
20250918,002140,고려산업,2690,10,74080,,,,
20250918,002150,도화엔지니어링,6280,-70,79723,,,,
20250918,002170,SYTS,55300,200,468,,,,
20250918,002200,한국수출포장,2935,5,28485,,,,
20250918,002210,동성제약,1946,0,0,,,,
20250918,002220,한일철강,3240,95,137505,,,,
20250918,002240,고려제강,17740,0,10542,,,,
20250918,002310,아세아제지,8240,-50,81788,,,,
20250918,002320,한진,20700,150,18907,,,,
20250918,002350,넥센타이어,6030,20,65469,,,,
20250918,002355,넥센타이어1우B,3350,-10,2377,,,,
20250918,002360,SH에너지화학,4320,30,24237,,,,
20250918,002380,KCC,428500,5500,17913,,,,
20250918,002390,한독,11650,100,15743,,,,
20250918,002410,범양건영,1935,0,0,,,,
20250918,002420,세기상사,5540,40,6881,,,,
20250918,002450,삼익악기,1300,0,140529,,,,
20250918,002460,HS화성,10460,-180,28583,,,,
20250918,002600,조흥,162300,1300,46,,,,
20250918,002620,제일파마홀딩스,8570,-260,32989,,,,
20250918,002630,오리엔트바이오,1216,16,439786,,,,
20250918,002690,동일제강,1638,3,15390,,,,
20250918,002700,신일전자,1323,15,256828,,,,
20250918,002710,TCC스틸,17290,210,102418,,,,
20250918,002720,국제약품,4600,40,44758,,,,
20250918,002760,보락,1054,7,237484,,,,
20250918,002780,진흥기업,731,0,122319,,,,
20250918,002785,진흥기업우B,3425,50,65,,,,
20250918,002787,진흥기업2우B,7790,30,1,,,,
20250918,002790,아모레퍼시픽홀딩스,28000,450,107214,,,,
20250918,002795,아모레퍼시픽홀딩스우,11270,30,11829,,,,
20250918,00279K,아모레퍼시픽홀딩스3우C,21700,0,7520,,,,
20250918,002810,삼영무역,16310,80,9092,,,,
20250918,002820,SUN&L,2640,20,3108,,,,
20250918,002840,미원상사,157000,1100,2198,,,,
20250918,002870,신풍,1052,7,42320,,,,
20250918,002880,디와이에이,1171,-1,38629,,,,
20250918,002900,TYM,5950,30,135665,,,,
20250918,002920,유성기업,2060,-40,17451,,,,
20250918,002960,한국쉘석유,411000,-4500,4010,,,,
20250918,002990,금호건설,3990,5,99482,,,,
20250918,002995,금호건설우,11550,30,231,,,,
20250918,003000,부광약품,3690,-100,943431,,,,
20250918,003010,혜인,5600,-60,118912,,,,
20250918,003030,세아제강지주,168100,-2400,8004,,,,
20250918,003060,에이프로젠바이오로직스,632,6,362545,,,,
20250918,003070,코오롱글로벌,9340,-80,13569,,,,
20250918,003075,코오롱글로벌우,15340,20,4509,,,,
20250918,003080,SB성보,2860,10,11576,,,,
20250918,003090,대웅,24150,-1150,178771,,,,
20250918,0030R0,대신밸류리츠,4355,5,62125,,,,
20250918,003120,일성아이에스,24450,50,4161,,,,
20250918,003160,디아이,15760,980,1148261,,,,
20250918,003200,일신방직,10410,240,15493,,,,
20250918,003220,대원제약,13290,50,22622,,,,
20250918,003230,삼양식품,1585000,7000,28303,,,,
20250918,003240,태광산업,906000,6000,1386,,,,
20250918,003280,흥아해운,1683,14,630537,,,,
20250918,003300,한일홀딩스,17000,-80,12066,,,,
20250918,003350,한국화장품제조,11980,260,363670,,,,
20250918,003460,유화증권,2830,50,26329,,,,
20250918,003465,유화증권우,2605,0,3666,,,,
20250918,003470,유안타증권,3775,25,576728,,,,
20250918,003475,유안타증권우,3780,60,28118,,,,
20250918,003480,한진중공업홀딩스,5420,-230,388837,,,,
20250918,003490,대한항공,23600,-150,885255,,,,
20250918,003495,대한항공우,24000,100,3336,,,,
20250918,003520,영진약품,2015,0,274527,,,,
20250918,003530,한화투자증권,6160,60,1335494,,,,
20250918,003535,한화투자증권우,7920,-30,10316,,,,
20250918,003540,대신증권,28000,0,179715,,,,
20250918,003545,대신증권우,21100,-150,43766,,,,
20250918,003547,대신증권2우B,19750,20,11944,,,,
20250918,003550,LG,77000,1800,256689,,,,
20250918,003555,LG우,62900,800,3907,,,,
20250918,003570,SNT다이내믹스,66200,2600,183732,,,,
20250918,003580,HLB글로벌,2220,-70,304680,,,,
20250918,003610,방림,5190,50,31595,,,,
20250918,003620,KG모빌리티,3330,50,232930,,,,
20250918,003650,미창석유,110100,3200,1343,,,,
20250918,003670,포스코퓨처엠,139600,6100,579735,,,,
20250918,003680,한성기업,5750,-30,41655,,,,
20250918,003690,코리안리,10880,50,211918,,,,
20250918,003720,삼영,5200,50,199591,,,,
20250918,003780,진양산업,7370,180,123461,,,,
20250918,003830,대한화섬,118600,-300,53,,,,
20250918,003850,보령,8650,-10,58105,,,,
20250918,003920,남양유업,59100,-100,3986,,,,
20250918,003925,남양유업우,39800,600,7100,,,,
20250918,003960,사조대림,41450,200,11668,,,,
20250918,004000,롯데정밀화학,48900,3150,241179,,,,
20250918,004020,현대제철,37000,-100,284529,,,,
20250918,004060,SG세계물산,3240,30,13974,,,,
20250918,004080,신흥,13920,150,2274,,,,
20250918,004090,한국석유,14080,-210,82540,,,,
20250918,004100,태양금속,2205,25,109515,,,,
20250918,004105,태양금속우,3210,50,12420,,,,
20250918,004140,동방,3165,25,426310,,,,
20250918,004150,한솔홀딩스,3360,0,35160,,,,
20250918,004170,신세계,194900,3600,70086,,,,
20250918,004250,NPC,4205,45,26109,,,,
20250918,004255,NPC우,2510,15,5212,,,,
20250918,004270,남성,8109,16,2887,,,,
20250918,004310,현대약품,3970,-15,335536,,,,
20250918,004360,세방,14480,-20,66136,,,,
20250918,004365,세방우,9230,0,3179,,,,
20250918,004370,농심,481500,8000,65931,,,,
20250918,004380,삼익THK,13000,0,0,,,,
20250918,004410,서울식품,1580,-10,122446,,,,
20250918,004415,서울식품우,12360,-10,16,,,,
20250918,004430,송원산업,10290,30,15676,,,,
20250918,004440,삼일씨엔에스,4950,50,23191,,,,
20250918,004450,삼화왕관,34000,0,219,,,,
20250918,004490,세방전지,64200,300,39898,,,,
20250918,004540,깨끗한나라,2115,25,62644,,,,
20250918,004545,깨끗한나라우,11800,-20,44,,,,
20250918,004560,현대비앤지스틸,11800,70,13678,,,,
20250918,004690,삼천리,133100,-1000,8740,,,,
20250918,004700,조광피혁,66900,500,11870,,,,
20250918,004710,한솔테크닉스,5409,0,0,,,,
20250918,004720,팜젠사이언스,4500,15,55821,,,,
20250918,004770,써니전자,1628,4,151906,,,,
20250918,004800,효성,90700,-800,28106,,,,
20250918,004830,덕성,5590,50,99704,,,,
20250918,004835,덕성우,7500,50,3040,,,,
20250918,004840,DRB동일,5080,60,10577,,,,
20250918,004870,티웨이홀딩스,2711,24,27323,,,,
20250918,004890,동일산업,40250,0,466,,,,
20250918,004910,조광페인트,5770,0,26790,,,,
20250918,004920,씨아이테크,1282,1,132103,,,,
20250918,004960,한신공영,8070,30,37717,,,,
20250918,004970,신라교역,9410,-20,15675,,,,
20250918,004980,성신양회,10930,30,43514,,,,
20250918,004985,성신양회우,11710,-80,2050,,,,
20250918,004990,롯데지주,32450,950,352328,,,,
20250918,00499K,롯데지주우,30900,-50,1363,,,,
20250918,005010,휴스틸,4220,70,191863,,,,
20250918,005030,부산주공,486,0,0,,,,
20250918,005070,코스모신소재,45150,1250,627085,,,,
20250918,005090,SGC에너지,23600,50,7033,,,,
20250918,005110,한창,1254,0,0,,,,
20250918,005180,빙그레,75400,-800,37310,,,,
20250918,005250,녹십자홀딩스,15590,-170,46048,,,,
20250918,005257,녹십자홀딩스2우,26400,-50,894,,,,
20250918,005300,롯데칠성,120400,-300,13402,,,,
20250918,005305,롯데칠성우,70100,0,1083,,,,
20250918,005320,온타이드,1066,-14,101747,,,,
20250918,005360,모나미,2080,10,190413,,,,
20250918,005380,현대차,218500,2500,652885,,,,
20250918,005385,현대차우,166000,800,70629,,,,
20250918,005387,현대차2우B,169600,600,81096,,,,
20250918,005389,현대차3우B,165300,700,9768,,,,
20250918,005420,코스모화학,16780,260,136193,,,,
20250918,005430,한국공항,69700,-1600,4309,,,,
20250918,005440,현대지에프홀딩스,8650,-40,214231,,,,
20250918,005490,POSCO홀딩스,284500,1000,235997,,,,
20250918,005500,삼진제약,19460,60,23363,,,,
20250918,005610,삼립,55700,-400,5507,,,,
20250918,005680,삼영전자,10820,120,16018,,,,
20250918,005690,파미셀,12510,-90,1959100,,,,
20250918,005720,넥센,6350,60,31032,,,,
20250918,005725,넥센우,4960,10,5110,,,,
20250918,005740,크라운해태홀딩스,7600,0,51458,,,,
20250918,005745,크라운해태홀딩스우,8370,-80,847,,,,
20250918,005750,대림바스,4730,55,19196,,,,
20250918,005800,신영와코루,14320,50,13160,,,,
20250918,005810,풍산홀딩스,41750,-500,25539,,,,
20250918,005820,원림,14730,120,619,,,,
20250918,005830,DB손해보험,138900,-2700,167373,,,,
20250918,005850,에스엘,36050,600,152646,,,,
20250918,005870,휴니드,8510,-120,49940,,,,
20250918,005880,대한해운,1809,-1,1247656,,,,
20250918,005930,삼성전자,80500,2300,25619035,,,,
20250918,005935,삼성전자우,64500,1700,2128192,,,,
20250918,005940,NH투자증권,20800,300,698747,,,,
20250918,005945,NH투자증권우,18380,60,53264,,,,
20250918,005950,이수화학,5720,90,19625,,,,
20250918,005960,동부건설,6180,-120,68419,,,,
20250918,005965,동부건설우,19280,50,7,,,,
20250918,006040,동원산업,47500,50,31925,,,,
20250918,006060,화승인더,4160,-40,132737,,,,
20250918,006090,사조오양,10110,0,1553,,,,
20250918,006110,삼아알미늄,23850,100,65573,,,,
20250918,006120,SK디스커버리,54600,-200,13163,,,,
20250918,006125,SK디스커버리우,37600,-250,1102,,,,
20250918,006200,한국전자홀딩스,3625,35,15443,,,,
20250918,006220,제주은행,13970,50,115454,,,,
20250918,006260,LS,186500,-1000,136870,,,,
20250918,006280,녹십자,131800,100,32343,,,,
20250918,006340,대원전선,3005,30,587272,,,,
20250918,006345,대원전선우,3740,15,4490,,,,
20250918,006360,GS건설,19180,180,380837,,,,
20250918,006370,대구백화점,7090,160,39902,,,,
20250918,006380,카프로,3660,0,0,,,,
20250918,006400,삼성SDI,209000,5000,374497,,,,
20250918,006405,삼성SDI우,134400,2500,4431,,,,
20250918,006490,프리티,3870,-55,61491,,,,
20250918,006570,대림통상,2585,-30,8774,,,,
20250918,006650,대한유화,115500,2800,46681,,,,
20250918,006660,삼성공조,14070,170,37152,,,,
20250918,006740,블루산업개발,2392,0,53070,,,,
20250918,006800,미래에셋증권,22502,597,2537279,,,,
20250918,006805,미래에셋증권우,10200,296,49806,,,,
20250918,00680K,미래에셋증권2우B,9665,323,915299,,,,
20250918,006840,AK홀딩스,11070,10,5391,,,,
20250918,006880,신송홀딩스,6950,50,14608,,,,
20250918,006890,태경케미컬,9350,20,21224,,,,
20250918,006980,우성,16820,-80,2685,,,,
20250918,007070,GS리테일,16740,260,111402,,,,
20250918,007110,일신석재,1949,12,484148,,,,
20250918,007120,미래아이앤지,906,0,43947,,,,
20250918,007160,사조산업,51200,100,4777,,,,
20250918,007210,벽산,2125,-10,69319,,,,
20250918,007280,한국특강,3274,8,15489,,,,
20250918,007310,오뚜기,429500,500,8284,,,,
20250918,007340,DN오토모티브,24450,-300,84444,,,,
20250918,007460,에이프로젠,729,7,2238791,,,,
20250918,007540,샘표,50500,800,10624,,,,
20250918,007570,일양약품,14600,0,0,,,,
20250918,007575,일양약품우,15260,0,0,,,,
20250918,007590,동방아그로,6200,0,3327,,,,
20250918,007610,선도전기,3000,0,0,,,,
20250918,007660,이수페타시스,78100,800,1055183,,,,
20250918,007690,국도화학,38300,950,39753,,,,
20250918,007700,F&F홀딩스,19990,110,26094,,,,
20250918,007810,코리아써키트,17600,1080,603467,,,,
20250918,007815,코리아써우,6770,80,1648,,,,
20250918,00781K,코리아써키트2우B,6580,-20,754,,,,
20250918,007860,서연,9540,150,44633,,,,
20250918,007980,TP,1718,-3,421587,,,,
20250918,008040,사조동아원,1320,-43,4326107,,,,
20250918,008060,대덕,8490,20,92743,,,,
20250918,00806K,대덕1우,8410,120,1739,,,,
20250918,008250,이건산업,4885,-15,17041,,,,
20250918,008260,NI스틸,3850,50,25943,,,,
20250918,008350,남선알미늄,1152,7,261102,,,,
20250918,008355,남선알미우,12840,100,213,,,,
20250918,008420,문배철강,2425,10,101171,,,,
20250918,008490,서흥,26850,0,45648,,,,
20250918,008600,윌비스,3619,41,9770,,,,
20250918,008700,아남전자,1361,26,212184,,,,
20250918,008730,율촌화학,32200,500,83953,,,,
20250918,008770,호텔신라,53000,500,294500,,,,
20250918,008775,호텔신라우,43350,50,1179,,,,
20250918,008870,금비,60700,0,1319,,,,
20250918,008930,한미사이언스,40300,1100,190031,,,,
20250918,008970,KBI동양철관,2522,-139,6038653,,,,
20250918,009070,KCTC,5660,150,296651,,,,
20250918,009140,경인전자,20750,100,346,,,,
20250918,009150,삼성전기,194500,2400,359269,,,,
20250918,009155,삼성전기우,88600,1400,21290,,,,
20250918,009160,SIMPAC,4675,-55,77895,,,,
20250918,009180,한솔로지스틱스,2920,25,71929,,,,
20250918,009190,대양금속,1680,-7,324408,,,,
20250918,009200,무림페이퍼,2050,10,104066,,,,
20250918,009240,한샘,45200,450,21184,,,,
20250918,009270,신원,1647,1,628914,,,,
20250918,009290,광동제약,6060,10,60096,,,,
20250918,009310,참엔지니어링,1294,7,29317,,,,
20250918,009320,아진전자부품,1040,3,72486,,,,
20250918,009410,태영건설,1690,-15,268569,,,,
20250918,009415,태영건설우,4945,0,1106,,,,
20250918,009420,한올바이오파마,32350,150,211844,,,,
20250918,009440,KC그린홀딩스,756,0,0,,,,
20250918,009450,경동나비엔,78200,400,35156,,,,
20250918,009460,한창제지,3155,-15,5248,,,,
20250918,009470,삼화전기,43100,3500,491885,,,,
20250918,009540,HD한국조선해양,412000,-4000,131087,,,,
20250918,009580,무림P&P,2600,20,75087,,,,
20250918,009680,모토닉,10250,-210,53466,,,,
20250918,009770,삼정펄프,27650,0,2588,,,,
20250918,009810,MDS스피어,3405,-10,23187,,,,
20250918,009830,한화솔루션,28580,330,786946,,,,
20250918,009835,한화솔루션우,21044,-135,7233,,,,
20250918,009900,명신산업,9250,100,97904,,,,
20250918,009970,영원무역홀딩스,142500,-1100,12177,,,,
20250918,010040,한국내화,2150,-30,37869,,,,
20250918,010060,OCI홀딩스,100200,-1100,74248,,,,
20250918,010100,한국무브넥스,4460,150,431084,,,,
20250918,010120,LS ELECTRIC,60700,0,685990,,,,
20250918,010130,고려아연,970000,-43000,26583,,,,
20250918,010140,삼성중공업,21450,-100,3531716,,,,
20250918,010400,우진아이엔에스,3120,25,6401,,,,
20250918,010580,에스엠벡셀,1533,10,47313,,,,
20250918,010640,진양폴리,3926,107,317236,,,,
20250918,010660,화천기계,4590,45,160609,,,,
20250918,010690,화신,8270,140,166691,,,,
20250918,010770,평화홀딩스,4000,-15,54167,,,,
20250918,010780,아이에스동서,19600,-240,53282,,,,
20250918,010820,퍼스텍,4685,-40,966040,,,,
20250918,010950,S-Oil,58700,-100,173495,,,,
20250918,010955,S-Oil우,38450,-200,11253,,,,
20250918,010960,삼호개발,3555,65,45555,,,,
20250918,011000,진원생명과학,11950,25,55236,,,,
20250918,011070,LG이노텍,176700,2800,183651,,,,
20250918,011090,에넥스,2985,-25,41574,,,,
20250918,011150,CJ씨푸드,2890,5,124969,,,,
20250918,011155,CJ씨푸드1우,16660,-340,363,,,,
20250918,011170,롯데케미칼,67900,2300,237896,,,,
20250918,011200,HMM,23000,-500,2435127,,,,
20250918,011210,현대위아,51200,300,62605,,,,
20250918,011230,삼화전자,3645,10,169632,,,,
20250918,011280,태림포장,1952,-9,64542,,,,
20250918,011300,우성머티리얼스,4100,50,21055,,,,
20250918,011330,유니켐,15360,-210,17036,,,,
20250918,011390,부산산업,80600,-400,2237,,,,
20250918,011420,갤럭시아에스엠,2245,35,145209,,,,
20250918,011500,한농화성,14510,170,33206,,,,
20250918,011690,와이투솔루션,3645,60,4420359,,,,
20250918,011700,한신기계,3490,-5,172410,,,,
20250918,011760,현대코퍼레이션,22450,-50,63748,,,,
20250918,011780,금호석유화학,109100,1300,72672,,,,
20250918,011785,금호석유화학우,57000,400,5018,,,,
20250918,011790,SKC,99633,2820,251808,,,,
20250918,011810,STX,3530,0,0,,,,
20250918,011930,신성이엔지,17890,110,719947,,,,
20250918,012030,DB,1623,18,1263699,,,,
20250918,012160,영흥,2935,0,23416,,,,
20250918,012170,아센디오,2135,-5,99761,,,,
20250918,012200,계양전기,1373,0,23118,,,,
20250918,012205,계양전기우,2963,-101,4322,,,,
20250918,012280,영화금속,911,8,43604,,,,
20250918,012320,경동인베스트,65000,2800,18282,,,,
20250918,012330,현대모비스,317000,6000,167612,,,,
20250918,012450,한화에어로스페이스,1023000,-7000,209665,,,,
20250918,012610,경인양행,3140,40,31086,,,,
20250918,012630,HDC,19670,-1030,614245,,,,
20250918,012690,모나리자,2495,15,33415,,,,
20250918,012750,에스원,80900,-3900,67488,,,,
20250918,012800,대창,1319,8,313789,,,,
20250918,013000,세우글로벌,1077,6,40511,,,,
20250918,013360,일성건설,1407,0,154955,,,,
20250918,013520,화승코퍼레이션,2000,41,297840,,,,
20250918,013570,디와이,4430,20,23953,,,,
20250918,013580,계룡건설,20750,150,96179,,,,
20250918,013700,까뮤이앤씨,1134,0,36240,,,,
20250918,013870,지엠비코리아,4010,-20,8260,,,,
20250918,013890,지누스,16990,80,22531,,,,
20250918,014130,한익스프레스,3300,30,12539,,,,
20250918,014160,대영포장,1206,12,462637,,,,
20250918,014280,금강공업,5130,-10,196361,,,,
20250918,014285,금강공업우,6800,-100,1156,,,,
20250918,014440,영보화학,4420,10,16884,,,,
20250918,014530,극동유화,3375,-10,127648,,,,
20250918,014580,태경비케이,4930,10,64643,,,,
20250918,014680,한솔케미칼,203500,6000,80697,,,,
20250918,014710,사조씨푸드,8990,-60,23529,,,,
20250918,014790,HL D&I,2505,-5,40331,,,,
20250918,014820,동원시스템즈,29100,100,21105,,,,
20250918,014825,동원시스템즈우,17590,0,915,,,,
20250918,014830,유니드,76700,-300,19764,,,,
20250918,014910,성문전자,1176,37,48099,,,,
20250918,014915,성문전자우,4155,60,13208,,,,
20250918,014990,인디에프,5510,0,55136,,,,
20250918,015020,이스타코,1326,38,70191,,,,
20250918,015230,대창단조,6330,50,85106,,,,
20250918,015260,에이엔피,509,7,184025,,,,
20250918,015360,INVENI,12460,-80,65815,,,,
20250918,015590,DKME,2575,0,0,,,,
20250918,015760,한국전력,36500,-250,2732742,,,,
20250918,015860,일진홀딩스,5670,80,68545,,,,
20250918,015890,태경산업,5230,10,47917,,,,
20250918,016090,대현,1825,0,32065,,,,
20250918,016360,삼성증권,75400,900,333185,,,,
20250918,016380,KG스틸,5420,20,101035,,,,
20250918,016450,한세예스24홀딩스,4100,30,35538,,,,
20250918,016580,환인제약,10990,50,19712,,,,
20250918,016590,신대양제지,11450,-40,24758,,,,
20250918,016610,DB증권,9910,260,130356,,,,
20250918,016710,대성홀딩스,8790,-10,12840,,,,
20250918,016740,두올,3505,-5,83307,,,,
20250918,016800,퍼시스,43850,0,179,,,,
20250918,016880,웅진,5010,150,1202314,,,,
20250918,017040,광명전기,1124,1,313638,,,,
20250918,017180,명문제약,1730,23,74352,,,,
20250918,017370,우신시스템,7400,20,100067,,,,
20250918,017390,서울가스,63000,300,7464,,,,
20250918,017550,수산세보틱스,1874,4,102907,,,,
20250918,017670,SK텔레콤,55700,300,449138,,,,
20250918,017800,현대엘리베이터,78400,400,147861,,,,
20250918,017810,풀무원,14600,-120,187902,,,,
20250918,017860,DS단석,22331,792,129289,,,,
20250918,017900,광전자,1950,54,47800,,,,
20250918,017940,E1,79900,-1500,10814,,,,
20250918,017960,한국카본,32900,-600,321882,,,,
20250918,018250,애경산업,15500,20,45729,,,,
20250918,018260,삼성에스디에스,166000,2000,113613,,,,
20250918,018470,조일알미늄,1424,3,255705,,,,
20250918,018500,동원모빌리티,1348,6,93210,,,,
20250918,018670,SK가스,241500,-3500,9582,,,,
20250918,018880,한온시스템,3151,51,653704,,,,
20250918,019170,신풍제약,13160,60,1538244,,,,
20250918,019175,신풍제약우,24200,700,14381,,,,
20250918,019180,티에이치엔,7100,1050,4851840,,,,
20250918,019490,엑시큐어하이트론,658,1,388298,,,,
20250918,019680,대교,2215,20,23125,,,,
20250918,019685,대교우B,1275,27,11104,,,,
20250918,020000,한섬,15720,80,50443,,,,
20250918,020120,키다리스튜디오,4395,225,1343816,,,,
20250918,020150,롯데에너지머티리얼즈,24550,300,67264,,,,
20250918,020560,아시아나항공,9490,0,62163,,,,
20250918,020760,일진디스플,902,0,0,,,,
20250918,021050,서원,1182,3,51799,,,,
20250918,021240,코웨이,107700,8000,239819,,,,
20250918,021820,세원정공,10810,160,16791,,,,
20250918,022100,포스코DX,22950,150,208651,,,,
20250918,023000,삼원강재,2445,0,3362,,,,
20250918,023150,MH에탄올,5100,10,7168,,,,
20250918,023350,한국종합기술,4820,15,23778,,,,
20250918,023450,동남합성,33450,400,1900,,,,
20250918,023530,롯데쇼핑,72600,1100,74018,,,,
20250918,023590,다우기술,36850,-100,76811,,,,
20250918,023800,인지컨트롤스,6000,170,42456,,,,
20250918,023810,인팩,6560,50,12412,,,,
20250918,023960,에쓰씨엔지니어링,1202,0,101794,,,,
20250918,024070,WISCOM,1950,-25,7948,,,,
20250918,024090,디씨엠,11900,-100,9403,,,,
20250918,024110,기업은행,19750,-70,669159,,,,
20250918,024720,콜마홀딩스,13250,120,253637,,,,
20250918,024890,대원화성,4340,5,17582,,,,
20250918,024900,디와이덕양,2310,10,80292,,,,
20250918,025000,KPX케미칼,47117,-141,7238,,,,
20250918,025530,SJM홀딩스,3625,0,15576,,,,
20250918,025540,한국단자,63100,1200,26680,,,,
20250918,025560,미래산업,2260,74,221645,,,,
20250918,025620,차AI헬스케어,8460,-70,58243,,,,
20250918,025750,한솔홈데코,3525,5,21379,,,,
20250918,025820,이구산업,4720,40,170664,,,,
20250918,025860,남해화학,6840,-30,50103,,,,
20250918,025890,한국주강,1970,-4,47700,,,,
20250918,026890,스틱인베스트먼트,11300,-90,92099,,,,
20250918,026940,부국철강,2495,20,78915,,,,
20250918,026960,동서,28500,-50,60938,,,,
20250918,027410,BGF,4020,-30,64152,,,,
20250918,027740,마니커,1712,0,35437,,,,
20250918,027970,한국제지,4080,5,2650,,,,
20250918,028050,삼성E&A,28150,100,1104800,,,,
20250918,028100,동아지질,15730,-10,20388,,,,
20250918,028260,삼성물산,196700,3700,460586,,,,
20250918,02826K,삼성물산우B,130100,400,6787,,,,
20250918,028670,팬오션,4160,50,1412225,,,,
20250918,029460,케이씨,25350,450,45415,,,,
20250918,029530,신도리코,43850,-600,9108,,,,
20250918,029780,삼성카드,53200,100,51771,,,,
20250918,030000,제일기획,19950,-150,330625,,,,
20250918,030190,NICE평가정보,14800,-260,89940,,,,
20250918,030200,KT,51400,400,235259,,,,
20250918,030210,다올투자증권,3705,45,78652,,,,
20250918,030610,교보증권,9760,100,148297,,,,
20250918,030720,동원수산,6100,30,16373,,,,
20250918,031210,서울보증보험,53200,400,85439,,,,
20250918,031430,신세계인터내셔날,10570,20,53276,,,,
20250918,031820,아이티센씨티에스,6280,0,11202,,,,
20250918,032350,롯데관광개발,19390,890,2958369,,,,
20250918,032560,황금에스티,5670,40,13535,,,,
20250918,032640,LG유플러스,14860,180,1098967,,,,
20250918,032830,삼성생명,154900,-300,271319,,,,
20250918,033240,자화전자,21800,-600,178340,,,,
20250918,033250,체시스,5595,20,42881,,,,
20250918,033270,유나이티드제약,20200,210,34728,,,,
20250918,033530,SJG세종,6680,280,535113,,,,
20250918,033780,KT&G,139300,2500,437640,,,,
20250918,033920,무학,8290,90,31354,,,,
20250918,034020,두산에너빌리티,60600,-700,4347323,,,,
20250918,034120,SBS,20400,300,76421,,,,
20250918,034220,LG디스플레이,13090,210,1950432,,,,
20250918,034230,파라다이스,22700,50,3543229,,,,
20250918,034310,NICE,14250,90,31175,,,,
20250918,034590,인천도시가스,26000,100,2069,,,,
20250918,034730,SK,230000,3000,145890,,,,
20250918,03473K,SK우,178900,2400,3614,,,,
20250918,034830,한국토지신탁,1414,-12,846988,,,,
20250918,035000,HS애드,9090,90,45387,,,,
20250918,035150,백산,14250,-20,49443,,,,
20250918,035250,강원랜드,18170,20,332592,,,,
20250918,035420,NAVER,238500,5000,1004507,,,,
20250918,035510,신세계 I&C,16100,1070,1883168,,,,
20250918,035720,카카오,64700,2200,2541491,,,,
20250918,036420,콘텐트리중앙,11500,240,49813,,,,
20250918,036460,한국가스공사,40350,200,269645,,,,
20250918,036530,SNT홀딩스,77400,2400,14670,,,,
20250918,036570,NC,239000,-1000,72818,,,,
20250918,036580,팜스코,2710,50,50912,,,,
20250918,037270,YG PLUS,8840,330,1881895,,,,
20250918,037560,LG헬로비전,2855,-40,138915,,,,
20250918,037710,광주신세계,30800,200,12308,,,,
20250918,039130,하나투어,52600,100,83992,,,,
20250918,039490,키움증권,277000,11500,191146,,,,
20250918,039570,HDC랩스,8580,-10,5730,,,,
20250918,041650,상신브레이크,2790,-15,27894,,,,
20250918,042660,한화오션,111000,-2000,1438433,,,,
20250918,042700,한미반도체,94300,3300,1130724,,,,
20250918,044380,주연테크,2815,80,44561,,,,
20250918,044450,KSS해운,9570,40,37512,,,,
20250918,044820,코스맥스비티아이,19220,490,35688,,,,
20250918,047040,대우건설,3725,15,752628,,,,
20250918,047050,포스코인터내셔널,49350,-450,343859,,,,
20250918,047400,유니온머티리얼,1476,54,184434,,,,
20250918,047810,한국항공우주,107400,-7600,1692488,,,,
20250918,049800,우진플라임,2185,10,14035,,,,
20250918,051600,한전KPS,49100,-550,154354,,,,
20250918,051630,진양화학,2400,180,916341,,,,
20250918,051900,LG생활건강,292500,1000,40762,,,,
20250918,051905,LG생활건강우,119900,300,2340,,,,
20250918,051910,LG화학,301000,9000,301884,,,,
20250918,051915,LG화학우,146400,4500,36542,,,,
20250918,052690,한전기술,87100,-1200,191337,,,,
20250918,053210,스카이라이프,5210,30,15017,,,,
20250918,053690,한미글로벌,20050,-600,210377,,,,
20250918,055490,테이팩스,14880,0,11510,,,,
20250918,055550,신한지주,69000,-700,1305008,,,,
20250918,058430,포스코스틸리온,3800,30,39810,,,,
20250918,058650,세아홀딩스,127000,-100,1642,,,,
20250918,058730,다스코,2980,5,21229,,,,
20250918,058850,KTcs,3105,70,1921660,,,,
20250918,058860,KTis,2930,35,242646,,,,
20250918,060980,HL홀딩스,41100,-250,13732,,,,
20250918,062040,산일전기,120100,-300,552417,,,,
20250918,063160,종근당바이오,23900,300,55693,,,,
20250918,064350,현대로템,211000,-500,536567,,,,
20250918,064400,LG씨엔에스,70700,1100,265978,,,,
20250918,064960,SNT모티브,37600,-100,35050,,,,
20250918,066570,LG전자,82200,4300,3742513,,,,
20250918,066575,LG전자우,40450,2350,347457,,,,
20250918,066970,엘앤에프,78000,700,539002,,,,
20250918,067830,세이브존I&C,2650,15,39836,,,,
20250918,068270,셀트리온,160608,95,287889,,,,
20250918,068290,삼성출판사,17240,190,17438,,,,
20250918,069260,TKG휴켐스,18150,-150,70856,,,,
20250918,069460,대호에이엘,8555,10,88762,,,,
20250918,069620,대웅제약,139500,-600,28223,,,,
20250918,069640,한세엠케이,1670,0,14246,,,,
20250918,069730,DSR제강,3760,-15,18864,,,,
20250918,069960,현대백화점,87200,2700,179144,,,,
20250918,070960,모나용평,3985,25,53795,,,,
20250918,071050,한국금융지주,157600,3200,250988,,,,
20250918,071055,한국금융지주우,114400,3900,33793,,,,
20250918,071090,하이스틸,4480,45,299856,,,,
20250918,071320,지역난방공사,87600,3600,28740,,,,
20250918,071840,롯데하이마트,8470,-20,41360,,,,
20250918,071950,코아스,5890,-200,82392,,,,
20250918,071970,HD현대마린엔진,87900,-800,234513,,,,
20250918,072130,유엔젤,5800,0,177685,,,,
20250918,072710,농심홀딩스,123600,1100,109777,,,,
20250918,073240,금호타이어,4925,5,352644,,,,
20250918,074610,이엔플러스,5110,0,0,,,,
20250918,075180,새론오토모티브,3220,10,11740,,,,
20250918,075580,세진중공업,23650,-500,1161544,,,,
20250918,077500,유니퀘스트,7300,310,632439,,,,
20250918,077970,STX엔진,43450,-550,342369,,,,
20250918,078000,텔코웨어,14430,120,18348,,,,
20250918,078520,에이블씨엔씨,11740,-130,579926,,,,
20250918,078930,GS,47000,300,160865,,,,
20250918,078935,GS우,43700,200,3422,,,,
20250918,079160,CJ CGV,5190,20,405383,,,,
20250918,079430,현대리바트,7270,30,29371,,,,
20250918,079550,LIG디펜스앤에어로스페이스,509000,-8000,117810,,,,
20250918,079900,전진건설로봇,48000,150,26543,,,,
20250918,079980,휴비스,3090,110,105034,,,,
20250918,081000,일진다이아,12160,60,9630,,,,
20250918,081660,미스토홀딩스,40900,-600,95657,,,,
20250918,082640,동양생명,7650,-50,221830,,,,
20250918,082740,한화엔진,42900,-850,1474323,,,,
20250918,083420,그린케미칼,7630,120,30194,,,,
20250918,084010,대한제강,10982,0,7088,,,,
20250918,084670,동양고속,8170,10,3053,,,,
20250918,084680,이월드,1553,29,334105,,,,
20250918,084690,대상홀딩스,9600,90,69431,,,,
20250918,084695,대상홀딩스우,12730,90,3579,,,,
20250918,084870,TBH글로벌,1399,3,23819,,,,
20250918,085310,엔케이,15230,-100,548190,,,,
20250918,085620,미래에셋생명,7880,-10,103885,,,,
20250918,086280,현대글로비스,187600,3100,206572,,,,
20250918,086790,하나금융지주,90600,600,753242,,,,
20250918,088260,이리츠코크렙,4725,5,51945,,,,
20250918,088350,한화생명,3380,5,1326183,,,,
20250918,088790,진도,1935,-2,29185,,,,
20250918,088980,맥쿼리인프라,11450,-40,1495858,,,,
20250918,089470,HDC현대EP,4125,35,46084,,,,
20250918,089590,제주항공,6660,10,39969,,,,
20250918,089860,롯데렌탈,29850,-50,33510,,,,
20250918,090080,평화산업,1001,2,148828,,,,
20250918,090350,노루페인트,9510,110,63783,,,,
20250918,090355,노루페인트우,13900,110,421,,,,
20250918,090370,메타랩스,1334,-44,68919,,,,
20250918,090430,아모레퍼시픽,125900,2100,229104,,,,
20250918,090435,아모레퍼시픽우,43500,0,41467,,,,
20250918,090460,비에이치,17660,-30,431661,,,,
20250918,091810,트리니티항공,1807,-17,299030,,,,
20250918,092200,디아이씨,4875,70,338992,,,,
20250918,092220,KEC,4135,140,376430,,,,
20250918,092230,KPX홀딩스,69800,700,1828,,,,
20250918,092440,기신정기,2605,10,25292,,,,
20250918,092780,DYP,3990,20,21563,,,,
20250918,092790,넥스틸,12700,20,108485,,,,
20250918,093050,LF,18350,20,36807,,,,
20250918,093240,형지엘리트,1416,-5,674189,,,,
20250918,093370,후성,6320,130,1209836,,,,
20250918,094280,효성ITX,13080,140,3984,,,,
20250918,094800,맵스리얼티,4970,20,90128,,,,
20250918,095570,AJ네트웍스,4445,130,547354,,,,
20250918,095720,웅진씽크빅,3410,56,27712,,,,
20250918,096760,JW홀딩스,3355,20,27554,,,,
20250918,096770,SK이노베이션,106700,400,197078,,,,
20250918,096775,SK이노베이션우,70100,100,1486,,,,
20250918,097230,HJ중공업,29000,-2650,7952912,,,,
20250918,097520,엠씨넥스,30450,400,41134,,,,
20250918,097950,CJ제일제당,239000,1500,33185,,,,
20250918,097955,CJ제일제당 우,142400,400,1893,,,,
20250918,100090,SK오션플랜트,25450,-2550,6754177,,,,
20250918,100220,비상교육,5850,60,74274,,,,
20250918,100250,진양홀딩스,3132,19,53434,,,,
20250918,100840,SNT에너지,56200,-1300,219521,,,,
20250918,101140,인바이오젠,12330,100,6423,,,,
20250918,101530,해태제과식품,6950,80,46864,,,,
20250918,102260,동성케미컬,4176,-5,107708,,,,
20250918,102460,이연제약,11680,-40,16982,,,,
20250918,103140,풍산,128400,-3700,322140,,,,
20250918,103590,일진전기,36250,100,523832,,,,
20250918,104700,한국철강,10380,20,16947,,,,
20250918,105560,KB금융,117400,-900,719010,,,,
20250918,105630,한세실업,10890,120,171388,,,,
20250918,105840,우진,11760,-240,321106,,,,
20250918,107590,미원홀딩스,72700,800,326,,,,
20250918,108320,LX세미콘,55100,1500,65011,,,,
20250918,108670,LX하우시스,29150,100,10462,,,,
20250918,108675,LX하우시스우,17420,70,725,,,,
20250918,109070,주성코퍼레이션,891,5,184700,,,,
20250918,111110,호전실업,7810,420,440615,,,,
20250918,111380,동인기연,14480,190,14292,,,,
20250918,111770,영원무역,62000,900,39461,,,,
20250918,112610,씨에스윈드,44550,400,144015,,,,
20250918,114090,GKL,17230,-120,455421,,,,
20250918,117580,대성에너지,8330,40,28697,,,,
20250918,118000,메타케어,3440,290,8741291,,,,
20250918,119650,KC코트렐,918,0,0,,,,
20250918,120030,조선선재,111000,-1000,14101,,,,
20250918,120110,코오롱인더,38700,450,85383,,,,
20250918,120115,코오롱인더우,24000,100,4620,,,,
20250918,122900,아이마켓코리아,8240,-30,19580,,,,
20250918,123690,한국화장품,10770,620,954801,,,,
20250918,123700,SJM,3570,20,44733,,,,
20250918,123890,한국자산신탁,2410,-10,218817,,,,
20250918,126560,현대퓨처넷,3250,15,38980,,,,
20250918,126720,수산인더스트리,21550,-50,41256,,,,
20250918,128820,대성산업,4575,-20,138301,,,,
20250918,128940,한미약품,332500,20500,189108,,,,
20250918,129260,인터지스,2740,10,56227,,,,
20250918,130660,한전산업,11890,-60,86874,,,,
20250918,133820,화인베스틸,2085,-20,469936,,,,
20250918,134380,미원화학,8700,-10,14460,,,,
20250918,134790,시디즈,24650,0,1436,,,,
20250918,136490,선진,11610,10,150956,,,,
20250918,137310,에스디바이오센서,10230,-90,64165,,,,
20250918,138040,메리츠금융지주,122100,-800,200270,,,,
20250918,138930,BNK금융지주,15180,60,844552,,,,
20250918,139130,iM금융지주,14310,20,288402,,,,
20250918,139480,이마트,80200,1700,211182,,,,
20250918,139990,아주스틸,3990,15,43901,,,,
20250918,143210,핸즈코퍼레이션,1649,4,2726,,,,
20250918,145210,다이나믹디자인,6810,-50,13124,,,,
20250918,145270,케이탑리츠,960,0,37830,,,,
20250918,145720,덴티움,58600,100,35934,,,,
20250918,145990,삼양사,51700,600,10906,,,,
20250918,145995,삼양사우,36000,250,5278,,,,
20250918,155660,DSR,3770,-10,7628,,,,
20250918,161000,애경케미칼,10100,40,203464,,,,
20250918,161390,한국타이어앤테크놀로지,38900,550,254149,,,,
20250918,161890,한국콜마,80300,1400,304715,,,,
20250918,163560,동일고무벨트,6840,30,16345,,,,
20250918,170900,동아에스티,45016,429,14814,,,,
20250918,175330,JB금융지주,24100,-50,427211,,,,
20250918,178920,PI첨단소재,17800,150,162691,,,,
20250918,180640,한진칼,113800,-2700,74598,,,,
20250918,18064K,한진칼우,37650,-550,1015,,,,
20250918,181710,NHN,27400,50,30864,,,,
20250918,183190,아세아시멘트,13180,-210,174759,,,,
20250918,185750,종근당,84000,-1400,302713,,,,
20250918,192080,더블유게임즈,54500,-100,27927,,,,
20250918,192400,쿠쿠홀딩스,33450,-200,43356,,,,
20250918,192650,드림텍,6680,100,110148,,,,
20250918,192820,코스맥스,231500,9000,125459,,,,
20250918,194370,제이에스코퍼레이션,11220,100,112935,,,,
20250918,195870,해성디에스,27100,450,169993,,,,
20250918,200880,서연이화,11460,110,43323,,,,
20250918,204320,HL만도,35550,450,170793,,,,
20250918,207940,삼성바이오로직스,1514425,13246,34835,,,,
20250918,210540,디와이파워,13030,240,51281,,,,
20250918,210980,SK디앤디,10010,70,37824,,,,
20250918,213500,한솔제지,8650,20,29916,,,,
20250918,214320,이노션,18330,-170,98101,,,,
20250918,214330,금호에이치티,16429,217,9444,,,,
20250918,214390,경보제약,5990,490,1104856,,,,
20250918,214420,토니모리,10740,210,464381,,,,
20250918,226320,잇츠한불,12640,110,31529,,,,
20250918,227840,현대코퍼레이션홀딩스,13210,300,22696,,,,
20250918,229640,LS에코에너지,39250,250,129082,,,,
20250918,234080,JW생명과학,11940,90,24819,,,,
20250918,241560,두산밥캣,54900,700,300352,,,,
20250918,241590,화승엔터프라이즈,6720,-20,207538,,,,
20250918,244920,에이플러스에셋,7230,90,85872,,,,
20250918,248070,솔루엠,19610,610,307144,,,,
20250918,248170,샘표식품,27100,200,5144,,,,
20250918,249420,일동제약,27850,950,2969950,,,,
20250918,251270,넷마블,67100,-900,241557,,,,
20250918,259960,크래프톤,319500,0,87149,,,,
20250918,264900,크라운제과,9570,30,17813,,,,
20250918,26490K,크라운제과우,9740,110,1888,,,,
20250918,267250,HD현대,161800,0,127240,,,,
20250918,267260,HD현대일렉트릭,594000,6000,110236,,,,
20250918,267270,HD건설기계,97700,1200,194323,,,,
20250918,267290,경동도시가스,20750,0,2782,,,,
20250918,267850,아시아나IDT,11780,-10,6640,,,,
20250918,268280,미원에스씨,140500,1200,536,,,,
20250918,271560,오리온,109600,1600,71180,,,,
20250918,271940,일진하이솔루스,18240,70,49865,,,,
20250918,271980,제일약품,14110,-470,89059,,,,
20250918,272210,한화시스템,59100,1500,2133285,,,,
20250918,272450,진에어,8440,-10,35337,,,,
20250918,272550,삼양패키징,13350,0,11879,,,,
20250918,278470,에이피알,217000,0,381967,,,,
20250918,280360,롯데웰푸드,114400,-300,9778,,,,
20250918,281820,케이씨텍,38500,1400,208214,,,,
20250918,282330,BGF리테일,109300,-400,43293,,,,
20250918,284740,쿠쿠홈시스,27850,550,18816,,,,
20250918,285130,SK케미칼,63900,-100,53165,,,,
20250918,28513K,SK케미칼우,26950,50,1991,,,,
20250918,286940,롯데이노베이트,22100,350,20023,,,,
20250918,293480,하나제약,12210,280,30065,,,,
20250918,293940,신한알파리츠,5680,0,191915,,,,
20250918,294870,IPARK현대산업개발,21000,0,250136,,,,
20250918,298000,효성화학,77800,0,0,,,,
20250918,298020,효성티앤씨,223000,4500,13253,,,,
20250918,298040,효성중공업,1390000,15000,44686,,,,
20250918,298050,HS효성첨단소재,193200,1700,6026,,,,
20250918,298690,에어부산,2025,5,126252,,,,
20250918,300720,한일시멘트,19880,-220,35056,,,,
20250918,302440,SK바이오사이언스,49400,0,110925,,,,
20250918,306200,세아제강,129500,-1600,8601,,,,
20250918,307950,현대오토에버,172100,1400,35618,,,,
20250918,308170,씨티알모빌리티,5160,30,7073,,,,
20250918,316140,우리금융지주,26100,-100,1309432,,,,
20250918,317400,자이에스앤디,3440,0,46947,,,,
20250918,322000,HD현대에너지솔루션,51200,0,132694,,,,
20250918,323410,카카오뱅크,24800,250,550647,,,,
20250918,326030,SK바이오팜,107900,500,123126,,,,
20250918,329180,HD현대중공업,499500,-6500,236988,,,,
20250918,330590,롯데리츠,4015,-5,362459,,,,
20250918,334890,이지스밸류플러스리츠,4075,-60,367825,,,,
20250918,336260,두산퓨얼셀,33450,1150,4563767,,,,
20250918,33626K,두산퓨얼셀1우,7520,90,58310,,,,
20250918,33626L,두산퓨얼셀2우B,11710,130,19844,,,,
20250918,336370,솔루스첨단소재,8140,140,115209,,,,
20250918,33637K,솔루스첨단소재1우,1867,5,14167,,,,
20250918,33637L,솔루스첨단소재2우B,3830,90,7226,,,,
20250918,338100,NH프라임리츠,4655,40,57759,,,,
20250918,339770,교촌에프앤비,4595,15,39957,,,,
20250918,344820,KCC글라스,29050,100,35448,,,,
20250918,348950,제이알글로벌리츠,2975,-70,981342,,,,
20250918,350520,이지스레지던스리츠,3955,-10,72525,,,,
20250918,352820,하이브,294000,5000,334193,,,,
20250918,353200,대덕전자,27100,350,926923,,,,
20250918,35320K,대덕전자1우,9390,50,8332,,,,
20250918,357120,코람코라이프인프라리츠,4400,0,123306,,,,
20250918,357250,미래에셋맵스리츠,2820,0,10350,,,,
20250918,357430,마스턴프리미어리츠,1563,0,28340,,,,
20250918,361610,SK아이이테크놀로지,28950,250,115170,,,,
20250918,363280,티와이홀딩스,2945,-55,143080,,,,
20250918,36328K,티와이홀딩스우,5380,50,6805,,,,
20250918,365550,ESR켄달스퀘어리츠,4585,-15,322925,,,,
20250918,372910,한컴라이프케어,2820,85,155874,,,,
20250918,373220,LG에너지솔루션,354500,4500,173795,,,,
20250918,375500,DL이앤씨,43150,250,124839,,,,
20250918,37550K,DL이앤씨우,19910,-90,3453,,,,
20250918,37550L,DL이앤씨2우(전환),31300,350,1354,,,,
20250918,377190,디앤디플랫폼리츠,3440,35,105540,,,,
20250918,377300,카카오페이,55000,800,516831,,,,
20250918,377740,바이오노트,6120,20,46504,,,,
20250918,378850,화승알앤에이,3495,15,210150,,,,
20250918,381970,케이카,16060,10,67599,,,,
20250918,383220,F&F,68700,100,45337,,,,
20250918,383800,LX홀딩스,8200,-30,195112,,,,
20250918,38380K,LX홀딩스1우,8700,-50,395,,,,
20250918,395400,SK리츠,5220,30,323035,,,,
20250918,396690,미래에셋글로벌리츠,2830,15,37879,,,,
20250918,400760,NH올원리츠,3270,0,612278,,,,
20250918,402340,SK스퀘어,208500,8000,591173,,,,
20250918,403550,쏘카,12420,-160,4159,,,,
20250918,404990,신한서부티엔디리츠,3445,-5,87848,,,,
20250918,415640,KB발해인프라,8810,20,195732,,,,
20250918,417310,코람코더원리츠,6500,20,271440,,,,
20250918,432320,KB스타리츠,3920,5,81458,,,,
20250918,439260,대한조선,80400,-1000,172166,,,,
20250918,443060,HD현대마린솔루션,209000,-2000,77372,,,,
20250918,446070,유니드비티플러스,3950,-10,11831,,,,
20250918,448730,삼성FN리츠,4380,45,186537,,,,
20250918,450080,에코프로머티,52600,1600,297688,,,,
20250918,451800,한화리츠,4100,45,449692,,,,
20250918,452260,한화갤러리아,1150,8,400753,,,,
20250918,45226K,한화갤러리아우,2215,0,4051,,,,
20250918,453340,현대그린푸드,15800,120,36846,,,,
20250918,454910,두산로보틱스,65000,2100,506972,,,,
20250918,456040,OCI,58500,1500,44483,,,,
20250918,457190,이수스페셜티케미컬,46800,400,216293,,,,
20250918,460850,동국씨엠,5620,60,52814,,,,
20250918,460860,동국제강,9570,-110,133045,,,,
20250918,462520,조선내화,14140,-20,4169,,,,
20250918,462870,시프트업,41500,-450,104411,,,,
20250918,465770,STX그린로지스,7700,-10,34780,,,,
20250918,475150,SK이터닉스,23650,250,733965,,,,
20250918,475560,더본코리아,26300,200,24509,,,,
20250918,480370,씨케이솔루션,3476,78,55835,,,,
20250918,481850,신한글로벌액티브리츠,1445,-6,108909,,,,
20250918,483650,달바글로벌,170900,2300,138291,,,,
20250918,484870,엠앤씨솔루션,72500,667,34941,,,,
20250918,487570,HS효성,63100,600,15774,,,,
20250918,489790,한화비전,61800,300,575215,,,,
20250918,499790,GS피앤엘,57600,1200,179996,,,,
20250918,900140,엘브이엠씨홀딩스,1745,5,302956,,,,
20250918,950210,프레스티지바이오파마,14500,-160,102211,,,,
20250919,000020,동화약품,6370,-30,65387,,,,
20250919,000040,KR모터스,2620,35,42796,,,,
20250919,000050,경방,7110,-130,43502,,,,
20250919,000070,삼양홀딩스,61725,867,34810,,,,
20250919,000080,하이트진로,19160,-20,164607,,,,
20250919,000087,하이트진로2우B,15510,-50,1053,,,,
20250919,000100,유한양행,118600,1600,379882,,,,
20250919,000105,유한양행우,104900,1000,2145,,,,
20250919,000120,CJ대한통운,84400,-1100,35332,,,,
20250919,000140,하이트진로홀딩스,10120,-50,17288,,,,
20250919,000145,하이트진로홀딩스우,11500,0,725,,,,
20250919,000150,두산,596000,0,197698,,,,
20250919,000155,두산우,349500,-3000,83068,,,,
20250919,000157,두산2우B,383500,13000,3510,,,,
20250919,000180,성창기업지주,8550,90,10914,,,,
20250919,000210,DL,37550,-550,63524,,,,
20250919,000215,DL우,23700,-100,2871,,,,
20250919,000220,유유제약,4375,-5,13864,,,,
20250919,000225,유유제약1우,4685,-15,3908,,,,
20250919,000227,유유제약2우B,10650,10,798,,,,
20250919,000230,일동홀딩스,9730,240,131844,,,,
20250919,000240,한국앤컴퍼니,22950,-700,70492,,,,
20250919,000270,기아,101600,-500,1545375,,,,
20250919,000300,DH오토넥스,4200,0,0,,,,
20250919,000320,노루홀딩스,30150,-300,48506,,,,
20250919,000325,노루홀딩스우,34550,-150,281,,,,
20250919,000370,한화손해보험,5920,-210,734251,,,,
20250919,000390,SP삼화,6080,-40,20266,,,,
20250919,000400,롯데손해보험,2095,274,22573284,,,,
20250919,000430,대원강업,3870,-30,56834,,,,
20250919,000480,CR홀딩스,4995,-5,16140,,,,
20250919,000490,대동,9960,-30,59220,,,,
20250919,000500,가온전선,32729,-389,36855,,,,
20250919,000520,삼일제약,10570,-240,120696,,,,
20250919,000540,흥국화재,4200,-60,47518,,,,
20250919,000545,흥국화재우,7310,-30,2439,,,,
20250919,000590,CS홀딩스,88100,-500,1121,,,,
20250919,000640,동아쏘시오홀딩스,112855,5536,31690,,,,
20250919,000650,천일고속,40500,-650,170,,,,
20250919,000660,SK하이닉스,353000,0,4385543,,,,
20250919,000670,영풍,40957,-632,26976,,,,
20250919,000680,LS네트웍스,4000,-75,134120,,,,
20250919,000700,유수홀딩스,5900,-20,3642,,,,
20250919,000720,현대건설,57000,-1000,1138688,,,,
20250919,000725,현대건설우,52300,-1000,4145,,,,
20250919,000760,이화산업,12320,-40,168,,,,
20250919,000810,삼성화재,454500,-500,146641,,,,
20250919,000815,삼성화재우,340500,-3000,8054,,,,
20250919,000850,화천기공,32100,150,3898,,,,
20250919,000860,강남제비스코,12060,-40,12239,,,,
20250919,000880,한화,109843,-720,215932,,,,
20250919,00088K,한화3우B,39921,252,130491,,,,
20250919,000890,보해양조,2240,-15,61126,,,,
20250919,000910,유니온,4625,5,74835,,,,
20250919,000950,전방,39750,550,4195,,,,
20250919,000970,한국주철관,6950,-70,55221,,,,
20250919,000990,DB하이텍,58400,1200,429332,,,,
20250919,001020,페이퍼코리아,3640,5,2588,,,,
20250919,001040,CJ,203000,-2500,140578,,,,
20250919,001045,CJ우,108000,4500,25344,,,,
20250919,00104K,CJ4우(전환),172000,-2600,13684,,,,
20250919,001060,JW중외제약,22350,200,43218,,,,
20250919,001065,JW중외제약우,27700,-50,104,,,,
20250919,001067,JW중외제약2우B,59500,600,217,,,,
20250919,001070,대한방직,6500,-150,17188,,,,
20250919,001080,만호제강,3955,-145,26780,,,,
20250919,001120,LX인터내셔널,32100,200,114794,,,,
20250919,001130,대한제분,15320,-180,23390,,,,
20250919,001200,유진투자증권,3705,-55,346045,,,,
20250919,001210,금호전기,4400,-45,52248,,,,
20250919,001230,동국홀딩스,1710,-11,169718,,,,
20250919,001250,GS글로벌,2590,-20,427978,,,,
20250919,001260,남광토건,7800,-110,39034,,,,
20250919,001270,부국증권,70500,-1100,47832,,,,
20250919,001275,부국증권우,27400,50,2114,,,,
20250919,001290,상상인증권,815,-1,790751,,,,
20250919,001340,PKC,5860,-40,60544,,,,
20250919,001360,삼성제약,1681,-13,166852,,,,
20250919,001380,SG글로벌,3454,-8,81247,,,,
20250919,001390,KG케미칼,5060,10,538086,,,,
20250919,001420,태원물산,3350,-40,4168,,,,
20250919,001430,세아베스틸지주,26100,0,109998,,,,
20250919,001440,대한전선,15930,60,727560,,,,
20250919,001450,현대해상,28150,-650,594781,,,,
20250919,001460,BYC,39300,-50,3832,,,,
20250919,001465,BYC우,25800,-200,1360,,,,
20250919,001470,삼부토건,347,0,0,,,,
20250919,001500,현대차증권,8770,-200,144665,,,,
20250919,001510,SK증권,1395,-16,806523,,,,
20250919,001515,SK증권우,3800,-60,2925,,,,
20250919,001520,동양,1320,-6,87071,,,,
20250919,001525,동양우,8160,0,142,,,,
20250919,001527,동양2우B,16120,0,343,,,,
20250919,001530,DI동일,34953,-285,85854,,,,
20250919,001550,조비,12050,-80,15546,,,,
20250919,001560,제일연마,10250,-190,5168,,,,
20250919,001570,금양,9900,0,0,,,,
20250919,001620,케이비아이동국실업,2410,-10,21133,,,,
20250919,001630,종근당홀딩스,49400,100,4995,,,,
20250919,001680,대상,23050,-250,56832,,,,
20250919,001685,대상우,17000,-50,4017,,,,
20250919,001720,신영증권,145500,-500,12303,,,,
20250919,001740,SK네트웍스,4595,5,327462,,,,
20250919,001750,한양증권,18680,-330,28968,,,,
20250919,001755,한양증권우,17660,20,1746,,,,
20250919,001770,SHD,17890,200,1771,,,,
20250919,001780,알루코,2150,-15,311208,,,,
20250919,001790,대한제당,2985,-30,208761,,,,
20250919,001795,대한제당우,2505,-20,16953,,,,
20250919,001800,오리온홀딩스,21100,-100,87976,,,,
20250919,001820,삼화콘덴서,33050,-450,131846,,,,
20250919,001940,KISCO홀딩스,26750,50,7846,,,,
20250919,002020,코오롱,41100,-1000,58889,,,,
20250919,002025,코오롱우,21600,-650,1377,,,,
20250919,002030,아세아,350000,1000,734,,,,
20250919,002070,비비안,14985,-138,8009,,,,
20250919,002100,경농,9650,-140,13757,,,,
20250919,002140,고려산업,2685,-5,67535,,,,
20250919,002150,도화엔지니어링,6280,0,31789,,,,
20250919,002170,SYTS,55400,100,583,,,,
20250919,002200,한국수출포장,2935,0,55196,,,,
20250919,002210,동성제약,1946,0,0,,,,
20250919,002220,한일철강,3205,-35,86714,,,,
20250919,002240,고려제강,17700,-40,18788,,,,
20250919,002310,아세아제지,8130,-110,78363,,,,
20250919,002320,한진,20200,-500,36822,,,,
20250919,002350,넥센타이어,5910,-120,94120,,,,
20250919,002355,넥센타이어1우B,3310,-40,2239,,,,
20250919,002360,SH에너지화학,4270,-50,31828,,,,
20250919,002380,KCC,428000,-500,14839,,,,
20250919,002390,한독,11670,20,5560,,,,
20250919,002410,범양건영,1935,0,0,,,,
20250919,002420,세기상사,5600,60,5678,,,,
20250919,002450,삼익악기,1295,-5,54429,,,,
20250919,002460,HS화성,10360,-100,24408,,,,
20250919,002600,조흥,155000,-7300,245,,,,
20250919,002620,제일파마홀딩스,8670,100,12574,,,,
20250919,002630,오리엔트바이오,1216,0,471842,,,,
20250919,002690,동일제강,1637,-1,15155,,,,
20250919,002700,신일전자,1322,-1,183695,,,,
20250919,002710,TCC스틸,17020,-270,121169,,,,
20250919,002720,국제약품,4610,10,50577,,,,
20250919,002760,보락,1058,4,161530,,,,
20250919,002780,진흥기업,730,-1,65975,,,,
20250919,002785,진흥기업우B,3400,-25,3,,,,
20250919,002787,진흥기업2우B,7790,0,1,,,,
20250919,002790,아모레퍼시픽홀딩스,27450,-550,96193,,,,
20250919,002795,아모레퍼시픽홀딩스우,11320,50,9123,,,,
20250919,00279K,아모레퍼시픽홀딩스3우C,21700,0,4341,,,,
20250919,002810,삼영무역,16120,-190,9137,,,,
20250919,002820,SUN&L,2715,75,2988,,,,
20250919,002840,미원상사,157000,0,907,,,,
20250919,002870,신풍,1050,-2,38347,,,,
20250919,002880,디와이에이,1158,-13,29632,,,,
20250919,002900,TYM,5930,-20,91153,,,,
20250919,002920,유성기업,2015,-45,29942,,,,
20250919,002960,한국쉘석유,417500,6500,1449,,,,
20250919,002990,금호건설,3935,-55,103708,,,,
20250919,002995,금호건설우,11350,-200,1699,,,,
20250919,003000,부광약품,3735,45,690614,,,,
20250919,003010,혜인,5510,-90,70370,,,,
20250919,003030,세아제강지주,166200,-1900,9016,,,,
20250919,003060,에이프로젠바이오로직스,624,-8,492167,,,,
20250919,003070,코오롱글로벌,9240,-100,9026,,,,
20250919,003075,코오롱글로벌우,15300,-40,1821,,,,
20250919,003080,SB성보,2860,0,14428,,,,
20250919,003090,대웅,23750,-400,131032,,,,
20250919,0030R0,대신밸류리츠,4345,-10,43861,,,,
20250919,003120,일성아이에스,24250,-200,6642,,,,
20250919,003160,디아이,15780,20,445536,,,,
20250919,003200,일신방직,10390,-20,25273,,,,
20250919,003220,대원제약,13290,0,31714,,,,
20250919,003230,삼양식품,1554000,-31000,91550,,,,
20250919,003240,태광산업,890000,-16000,1631,,,,
20250919,003280,흥아해운,1650,-33,1239304,,,,
20250919,003300,한일홀딩스,16810,-190,15404,,,,
20250919,003350,한국화장품제조,11860,-120,147325,,,,
20250919,003460,유화증권,2780,-50,114553,,,,
20250919,003465,유화증권우,2600,-5,3199,,,,
20250919,003470,유안타증권,3755,-20,283612,,,,
20250919,003475,유안타증권우,3775,-5,17559,,,,
20250919,003480,한진중공업홀딩스,5500,80,203152,,,,
20250919,003490,대한항공,23100,-500,2136208,,,,
20250919,003495,대한항공우,23800,-200,1738,,,,
20250919,003520,영진약품,2000,-15,666403,,,,
20250919,003530,한화투자증권,6100,-60,935766,,,,
20250919,003535,한화투자증권우,8000,80,12034,,,,
20250919,003540,대신증권,28100,100,136795,,,,
20250919,003545,대신증권우,21250,150,40164,,,,
20250919,003547,대신증권2우B,19710,-40,18738,,,,
20250919,003550,LG,75300,-1700,406783,,,,
20250919,003555,LG우,62500,-400,3760,,,,
20250919,003570,SNT다이내믹스,71300,5100,329200,,,,
20250919,003580,HLB글로벌,2205,-15,717261,,,,
20250919,003610,방림,5050,-140,49157,,,,
20250919,003620,KG모빌리티,3315,-15,174704,,,,
20250919,003650,미창석유,110100,0,761,,,,
20250919,003670,포스코퓨처엠,141300,1700,688320,,,,
20250919,003680,한성기업,5690,-60,32377,,,,
20250919,003690,코리안리,11300,420,497099,,,,
20250919,003720,삼영,5130,-70,217468,,,,
20250919,003780,진양산업,7020,-350,185868,,,,
20250919,003830,대한화섬,117300,-1300,189,,,,
20250919,003850,보령,8710,60,131840,,,,
20250919,003920,남양유업,58000,-1100,5289,,,,
20250919,003925,남양유업우,39150,-650,2987,,,,
20250919,003960,사조대림,40700,-750,14230,,,,
20250919,004000,롯데정밀화학,49400,500,100696,,,,
20250919,004020,현대제철,37500,500,473680,,,,
20250919,004060,SG세계물산,3220,-20,17558,,,,
20250919,004080,신흥,13890,-30,286,,,,
20250919,004090,한국석유,13930,-150,59164,,,,
20250919,004100,태양금속,2160,-45,151502,,,,
20250919,004105,태양금속우,3145,-65,14753,,,,
20250919,004140,동방,3115,-50,822138,,,,
20250919,004150,한솔홀딩스,3315,-45,105046,,,,
20250919,004170,신세계,205500,10600,151069,,,,
20250919,004250,NPC,4145,-60,17645,,,,
20250919,004255,NPC우,2465,-45,4397,,,,
20250919,004270,남성,8101,-8,2962,,,,
20250919,004310,현대약품,3955,-15,181789,,,,
20250919,004360,세방,14180,-300,65199,,,,
20250919,004365,세방우,9180,-50,2148,,,,
20250919,004370,농심,477000,-4500,44910,,,,
20250919,004380,삼익THK,13000,0,0,,,,
20250919,004410,서울식품,1590,10,151498,,,,
20250919,004415,서울식품우,12350,-10,311,,,,
20250919,004430,송원산업,10210,-80,22909,,,,
20250919,004440,삼일씨엔에스,4975,25,4239,,,,
20250919,004450,삼화왕관,33850,-150,611,,,,
20250919,004490,세방전지,63400,-800,44462,,,,
20250919,004540,깨끗한나라,2080,-35,65079,,,,
20250919,004545,깨끗한나라우,11810,10,406,,,,
20250919,004560,현대비앤지스틸,11600,-200,26043,,,,
20250919,004690,삼천리,131800,-1300,10836,,,,
20250919,004700,조광피혁,65700,-1200,4212,,,,
20250919,004710,한솔테크닉스,5409,0,0,,,,
20250919,004720,팜젠사이언스,4590,90,129596,,,,
20250919,004770,써니전자,1634,6,237271,,,,
20250919,004800,효성,89500,-1200,32329,,,,
20250919,004830,덕성,5500,-90,93650,,,,
20250919,004835,덕성우,7480,-20,1700,,,,
20250919,004840,DRB동일,4995,-85,16174,,,,
20250919,004870,티웨이홀딩스,2697,-14,13820,,,,
20250919,004890,동일산업,40400,150,5627,,,,
20250919,004910,조광페인트,5720,-50,32185,,,,
20250919,004920,씨아이테크,1266,-16,93562,,,,
20250919,004960,한신공영,8000,-70,13876,,,,
20250919,004970,신라교역,9390,-20,7311,,,,
20250919,004980,성신양회,10660,-270,85144,,,,
20250919,004985,성신양회우,11680,-30,907,,,,
20250919,004990,롯데지주,31500,-950,333747,,,,
20250919,00499K,롯데지주우,30800,-100,1325,,,,
20250919,005010,휴스틸,4160,-60,138213,,,,
20250919,005030,부산주공,486,0,0,,,,
20250919,005070,코스모신소재,43450,-1700,747508,,,,
20250919,005090,SGC에너지,23250,-350,25020,,,,
20250919,005110,한창,1254,0,0,,,,
20250919,005180,빙그레,73200,-2200,62753,,,,
20250919,005250,녹십자홀딩스,16750,1160,211182,,,,
20250919,005257,녹십자홀딩스2우,28350,1950,7361,,,,
20250919,005300,롯데칠성,120200,-200,20498,,,,
20250919,005305,롯데칠성우,69900,-200,1207,,,,
20250919,005320,온타이드,1068,2,56487,,,,
20250919,005360,모나미,2025,-55,231635,,,,
20250919,005380,현대차,214000,-4500,1301527,,,,
20250919,005385,현대차우,162100,-3900,256234,,,,
20250919,005387,현대차2우B,164500,-5100,335327,,,,
20250919,005389,현대차3우B,162600,-2700,26768,,,,
20250919,005420,코스모화학,16420,-360,111495,,,,
20250919,005430,한국공항,68700,-1000,11399,,,,
20250919,005440,현대지에프홀딩스,8530,-120,185521,,,,
20250919,005490,POSCO홀딩스,283000,-1500,411047,,,,
20250919,005500,삼진제약,19390,-70,11962,,,,
20250919,005610,삼립,55400,-300,3485,,,,
20250919,005680,삼영전자,10810,-10,31643,,,,
20250919,005690,파미셀,12450,-60,1511935,,,,
20250919,005720,넥센,6420,70,11373,,,,
20250919,005725,넥센우,4995,35,1382,,,,
20250919,005740,크라운해태홀딩스,7510,-90,32530,,,,
20250919,005745,크라운해태홀딩스우,8370,0,22,,,,
20250919,005750,대림바스,4710,-20,24053,,,,
20250919,005800,신영와코루,14270,-50,5308,,,,
20250919,005810,풍산홀딩스,41650,-100,19934,,,,
20250919,005820,원림,14490,-240,243,,,,
20250919,005830,DB손해보험,140800,1900,259656,,,,
20250919,005850,에스엘,34800,-1250,254851,,,,
20250919,005870,휴니드,8460,-50,43184,,,,
20250919,005880,대한해운,1797,-12,1648974,,,,
20250919,005930,삼성전자,79700,-800,20898386,,,,
20250919,005935,삼성전자우,64200,-300,2684607,,,,
20250919,005940,NH투자증권,20600,-200,476311,,,,
20250919,005945,NH투자증권우,18370,-10,24971,,,,
20250919,005950,이수화학,5650,-70,17227,,,,
20250919,005960,동부건설,6090,-90,44336,,,,
20250919,005965,동부건설우,19000,-280,339,,,,
20250919,006040,동원산업,46500,-1000,69709,,,,
20250919,006060,화승인더,4105,-55,135324,,,,
20250919,006090,사조오양,10020,-90,7423,,,,
20250919,006110,삼아알미늄,23150,-700,146156,,,,
20250919,006120,SK디스커버리,54100,-500,21965,,,,
20250919,006125,SK디스커버리우,37150,-450,5598,,,,
20250919,006200,한국전자홀딩스,3635,10,6472,,,,
20250919,006220,제주은행,13910,-60,585677,,,,
20250919,006260,LS,184200,-2300,82753,,,,
20250919,006280,녹십자,139000,7200,85288,,,,
20250919,006340,대원전선,2995,-10,440807,,,,
20250919,006345,대원전선우,3715,-25,5767,,,,
20250919,006360,GS건설,18900,-280,544210,,,,
20250919,006370,대구백화점,6950,-140,34996,,,,
20250919,006380,카프로,3660,0,0,,,,
20250919,006400,삼성SDI,203000,-6000,858121,,,,
20250919,006405,삼성SDI우,131000,-3400,6446,,,,
20250919,006490,프리티,3925,55,163102,,,,
20250919,006570,대림통상,2575,-10,5169,,,,
20250919,006650,대한유화,114000,-1500,16408,,,,
20250919,006660,삼성공조,14050,-20,22428,,,,
20250919,006740,블루산업개발,2392,0,30430,,,,
20250919,006800,미래에셋증권,21954,-548,2548888,,,,
20250919,006805,미래에셋증권우,10033,-167,136035,,,,
20250919,00680K,미래에셋증권2우B,9567,-98,5048455,,,,
20250919,006840,AK홀딩스,11120,50,4542,,,,
20250919,006880,신송홀딩스,6810,-140,78440,,,,
20250919,006890,태경케미컬,9240,-110,33576,,,,
20250919,006980,우성,16820,0,1344,,,,
20250919,007070,GS리테일,16610,-130,142918,,,,
20250919,007110,일신석재,1859,-90,1594122,,,,
20250919,007120,미래아이앤지,907,1,44863,,,,
20250919,007160,사조산업,49950,-1250,6093,,,,
20250919,007210,벽산,2100,-25,119756,,,,
20250919,007280,한국특강,3306,32,18196,,,,
20250919,007310,오뚜기,425500,-4000,7376,,,,
20250919,007340,DN오토모티브,23750,-700,117370,,,,
20250919,007460,에이프로젠,706,-23,2875293,,,,
20250919,007540,샘표,50300,-200,3471,,,,
20250919,007570,일양약품,14600,0,0,,,,
20250919,007575,일양약품우,15260,0,0,,,,
20250919,007590,동방아그로,6200,0,419,,,,
20250919,007610,선도전기,3000,0,0,,,,
20250919,007660,이수페타시스,77300,-800,1169500,,,,
20250919,007690,국도화학,37200,-1100,13754,,,,
20250919,007700,F&F홀딩스,19620,-370,38858,,,,
20250919,007810,코리아써키트,17550,-50,355923,,,,
20250919,007815,코리아써우,6780,10,1346,,,,
20250919,00781K,코리아써키트2우B,6470,-110,1794,,,,
20250919,007860,서연,9320,-220,68495,,,,
20250919,007980,TP,1702,-16,506583,,,,
20250919,008040,사조동아원,1283,-37,2791396,,,,
20250919,008060,대덕,8450,-40,61990,,,,
20250919,00806K,대덕1우,8330,-80,3496,,,,
20250919,008250,이건산업,4870,-15,11190,,,,
20250919,008260,NI스틸,3785,-65,27162,,,,
20250919,008350,남선알미늄,1132,-20,2037169,,,,
20250919,008355,남선알미우,12800,-40,60,,,,
20250919,008420,문배철강,2385,-40,104795,,,,
20250919,008490,서흥,26250,-600,61078,,,,
20250919,008600,윌비스,3640,21,16382,,,,
20250919,008700,아남전자,1350,-11,125091,,,,
20250919,008730,율촌화학,31700,-500,71262,,,,
20250919,008770,호텔신라,54700,1700,1815713,,,,
20250919,008775,호텔신라우,43650,300,11870,,,,
20250919,008870,금비,60900,200,1643,,,,
20250919,008930,한미사이언스,41600,1300,467135,,,,
20250919,008970,KBI동양철관,2448,-74,2983575,,,,
20250919,009070,KCTC,5570,-90,223962,,,,
20250919,009140,경인전자,20550,-200,815,,,,
20250919,009150,삼성전기,197700,3200,532083,,,,
20250919,009155,삼성전기우,88600,0,16140,,,,
20250919,009160,SIMPAC,4590,-85,163433,,,,
20250919,009180,한솔로지스틱스,2925,5,54357,,,,
20250919,009190,대양금속,1616,-64,157365,,,,
20250919,009200,무림페이퍼,2035,-15,48495,,,,
20250919,009240,한샘,46250,1050,42330,,,,
20250919,009270,신원,1641,-6,944418,,,,
20250919,009290,광동제약,5910,-150,235646,,,,
20250919,009310,참엔지니어링,1296,2,33491,,,,
20250919,009320,아진전자부품,1040,0,23689,,,,
20250919,009410,태영건설,1668,-22,284051,,,,
20250919,009415,태영건설우,4980,35,536,,,,
20250919,009420,한올바이오파마,32750,400,262743,,,,
20250919,009440,KC그린홀딩스,756,0,0,,,,
20250919,009450,경동나비엔,76800,-1400,43650,,,,
20250919,009460,한창제지,3140,-15,11011,,,,
20250919,009470,삼화전기,43200,100,168115,,,,
20250919,009540,HD한국조선해양,407500,-4500,127628,,,,
20250919,009580,무림P&P,2585,-15,38581,,,,
20250919,009680,모토닉,10260,10,63327,,,,
20250919,009770,삼정펄프,27500,-150,2839,,,,
20250919,009810,MDS스피어,3365,-40,17174,,,,
20250919,009830,한화솔루션,28014,-566,675914,,,,
20250919,009835,한화솔루션우,20728,-316,8133,,,,
20250919,009900,명신산업,9110,-140,115595,,,,
20250919,009970,영원무역홀딩스,147600,5100,15060,,,,
20250919,010040,한국내화,2180,30,15022,,,,
20250919,010060,OCI홀딩스,97200,-3000,180158,,,,
20250919,010100,한국무브넥스,4285,-175,379077,,,,
20250919,010120,LS ELECTRIC,59200,-1500,810145,,,,
20250919,010130,고려아연,940000,-30000,39844,,,,
20250919,010140,삼성중공업,21450,0,3944709,,,,
20250919,010400,우진아이엔에스,3070,-50,7750,,,,
20250919,010580,에스엠벡셀,1502,-31,85946,,,,
20250919,010640,진양폴리,3781,-145,134033,,,,
20250919,010660,화천기계,4730,140,473051,,,,
20250919,010690,화신,8110,-160,194764,,,,
20250919,010770,평화홀딩스,3990,-10,76309,,,,
20250919,010780,아이에스동서,19020,-580,45529,,,,
20250919,010820,퍼스텍,4700,15,694793,,,,
20250919,010950,S-Oil,57800,-900,286478,,,,
20250919,010955,S-Oil우,38000,-450,10619,,,,
20250919,010960,삼호개발,3525,-30,40536,,,,
20250919,011000,진원생명과학,12025,75,129457,,,,
20250919,011070,LG이노텍,176500,-200,154772,,,,
20250919,011090,에넥스,3000,15,33898,,,,
20250919,011150,CJ씨푸드,2900,10,74689,,,,
20250919,011155,CJ씨푸드1우,16880,220,30,,,,
20250919,011170,롯데케미칼,66100,-1800,136147,,,,
20250919,011200,HMM,22450,-550,2382968,,,,
20250919,011210,현대위아,50600,-600,90091,,,,
20250919,011230,삼화전자,3600,-45,143361,,,,
20250919,011280,태림포장,1950,-2,37252,,,,
20250919,011300,우성머티리얼스,4280,180,73632,,,,
20250919,011330,유니켐,15360,0,8872,,,,
20250919,011390,부산산업,80500,-100,2529,,,,
20250919,011420,갤럭시아에스엠,2250,5,275897,,,,
20250919,011500,한농화성,14390,-120,31549,,,,
20250919,011690,와이투솔루션,3570,-75,686237,,,,
20250919,011700,한신기계,3445,-45,267876,,,,
20250919,011760,현대코퍼레이션,22350,-100,36938,,,,
20250919,011780,금호석유화학,105700,-3400,157992,,,,
20250919,011785,금호석유화학우,56400,-600,3478,,,,
20250919,011790,SKC,97941,-1692,163887,,,,
20250919,011810,STX,3530,0,0,,,,
20250919,011930,신성이엔지,17730,-160,367790,,,,
20250919,012030,DB,1608,-15,996990,,,,
20250919,012160,영흥,2910,-25,33924,,,,
20250919,012170,아센디오,2080,-55,117541,,,,
20250919,012200,계양전기,1363,-10,39695,,,,
20250919,012205,계양전기우,2948,-15,2937,,,,
20250919,012280,영화금속,896,-15,96838,,,,
20250919,012320,경동인베스트,58500,-6500,149975,,,,
20250919,012330,현대모비스,308000,-9000,383684,,,,
20250919,012450,한화에어로스페이스,1022000,-1000,363904,,,,
20250919,012610,경인양행,3100,-40,44593,,,,
20250919,012630,HDC,19190,-480,348115,,,,
20250919,012690,모나리자,2515,20,36286,,,,
20250919,012750,에스원,86100,5200,163654,,,,
20250919,012800,대창,1298,-21,385791,,,,
20250919,013000,세우글로벌,1073,-4,31757,,,,
20250919,013360,일성건설,1385,-22,304598,,,,
20250919,013520,화승코퍼레이션,2025,25,153061,,,,
20250919,013570,디와이,4425,-5,25982,,,,
20250919,013580,계룡건설,20250,-500,53063,,,,
20250919,013700,까뮤이앤씨,1129,-5,32309,,,,
20250919,013870,지엠비코리아,4015,5,8248,,,,
20250919,013890,지누스,17060,70,56184,,,,
20250919,014130,한익스프레스,3280,-20,8637,,,,
20250919,014160,대영포장,1184,-22,507846,,,,
20250919,014280,금강공업,5060,-70,202528,,,,
20250919,014285,금강공업우,6820,20,19,,,,
20250919,014440,영보화학,4430,10,25283,,,,
20250919,014530,극동유화,3370,-5,101382,,,,
20250919,014580,태경비케이,4900,-30,69163,,,,
20250919,014680,한솔케미칼,205500,2000,53417,,,,
20250919,014710,사조씨푸드,8660,-330,28163,,,,
20250919,014790,HL D&I,2455,-50,53779,,,,
20250919,014820,동원시스템즈,28450,-650,49139,,,,
20250919,014825,동원시스템즈우,17600,10,298,,,,
20250919,014830,유니드,76300,-400,22520,,,,
20250919,014910,성문전자,1157,-19,77075,,,,
20250919,014915,성문전자우,4105,-50,9123,,,,
20250919,014990,인디에프,5465,-45,55941,,,,
20250919,015020,이스타코,1340,14,152387,,,,
20250919,015230,대창단조,6300,-30,61550,,,,
20250919,015260,에이엔피,501,-8,253322,,,,
20250919,015360,INVENI,12420,-40,19060,,,,
20250919,015590,DKME,2575,0,0,,,,
20250919,015760,한국전력,35550,-950,2634367,,,,
20250919,015860,일진홀딩스,5550,-120,65496,,,,
20250919,015890,태경산업,5210,-20,56395,,,,
20250919,016090,대현,1834,9,50773,,,,
20250919,016360,삼성증권,75400,0,269572,,,,
20250919,016380,KG스틸,5320,-100,169704,,,,
20250919,016450,한세예스24홀딩스,4100,0,14581,,,,
20250919,016580,환인제약,11220,230,96393,,,,
20250919,016590,신대양제지,11110,-340,21146,,,,
20250919,016610,DB증권,9900,-10,127709,,,,
20250919,016710,대성홀딩스,8720,-70,20195,,,,
20250919,016740,두올,3465,-40,56367,,,,
20250919,016800,퍼시스,44900,1050,708,,,,
20250919,016880,웅진,4840,-170,660423,,,,
20250919,017040,광명전기,1139,15,321169,,,,
20250919,017180,명문제약,1735,5,36143,,,,
20250919,017370,우신시스템,7250,-150,59224,,,,
20250919,017390,서울가스,62200,-800,8585,,,,
20250919,017550,수산세보틱스,1859,-15,68412,,,,
20250919,017670,SK텔레콤,55500,-200,997145,,,,
20250919,017800,현대엘리베이터,80200,1800,192215,,,,
20250919,017810,풀무원,14500,-100,131293,,,,
20250919,017860,DS단석,22034,-297,149150,,,,
20250919,017900,광전자,1933,-17,34358,,,,
20250919,017940,E1,78100,-1800,16355,,,,
20250919,017960,한국카본,32750,-150,323949,,,,
20250919,018250,애경산업,15190,-310,69522,,,,
20250919,018260,삼성에스디에스,163300,-2700,267988,,,,
20250919,018470,조일알미늄,1414,-10,360906,,,,
20250919,018500,동원모빌리티,1317,-31,373231,,,,
20250919,018670,SK가스,239000,-2500,10599,,,,
20250919,018880,한온시스템,3076,-75,838596,,,,
20250919,019170,신풍제약,14260,1100,4812914,,,,
20250919,019175,신풍제약우,28450,4250,52353,,,,
20250919,019180,티에이치엔,6530,-570,1555278,,,,
20250919,019490,엑시큐어하이트론,680,22,12272513,,,,
20250919,019680,대교,2215,0,24055,,,,
20250919,019685,대교우B,1269,-6,5721,,,,
20250919,020000,한섬,15590,-130,76313,,,,
20250919,020120,키다리스튜디오,4390,-5,308305,,,,
20250919,020150,롯데에너지머티리얼즈,24150,-400,169596,,,,
20250919,020560,아시아나항공,9580,90,359410,,,,
20250919,020760,일진디스플,902,0,0,,,,
20250919,021050,서원,1169,-13,113281,,,,
20250919,021240,코웨이,105600,-2100,312968,,,,
20250919,021820,세원정공,10990,180,19190,,,,
20250919,022100,포스코DX,22700,-250,201669,,,,
20250919,023000,삼원강재,2440,-5,21490,,,,
20250919,023150,MH에탄올,5120,20,6335,,,,
20250919,023350,한국종합기술,4800,-20,13400,,,,
20250919,023450,동남합성,33900,450,829,,,,
20250919,023530,롯데쇼핑,72500,-100,72647,,,,
20250919,023590,다우기술,36800,-50,55170,,,,
20250919,023800,인지컨트롤스,6040,40,26829,,,,
20250919,023810,인팩,6580,20,16564,,,,
20250919,023960,에쓰씨엔지니어링,1208,6,74422,,,,
20250919,024070,WISCOM,1949,-1,4891,,,,
20250919,024090,디씨엠,11920,20,2117,,,,
20250919,024110,기업은행,19760,10,2692714,,,,
20250919,024720,콜마홀딩스,13070,-180,237125,,,,
20250919,024890,대원화성,4300,-40,12514,,,,
20250919,024900,디와이덕양,2290,-20,42570,,,,
20250919,025000,KPX케미칼,46598,-519,8192,,,,
20250919,025530,SJM홀딩스,3590,-35,12875,,,,
20250919,025540,한국단자,62700,-400,16827,,,,
20250919,025560,미래산업,2298,38,535295,,,,
20250919,025620,차AI헬스케어,8120,-340,56760,,,,
20250919,025750,한솔홈데코,3510,-15,14588,,,,
20250919,025820,이구산업,4655,-65,157311,,,,
20250919,025860,남해화학,6790,-50,38789,,,,
20250919,025890,한국주강,1950,-20,38774,,,,
20250919,026890,스틱인베스트먼트,11330,30,199431,,,,
20250919,026940,부국철강,2440,-55,66034,,,,
20250919,026960,동서,28350,-150,56105,,,,
20250919,027410,BGF,4010,-10,97577,,,,
20250919,027740,마니커,1708,-4,22459,,,,
20250919,027970,한국제지,4040,-40,9908,,,,
20250919,028050,삼성E&A,28250,100,777233,,,,
20250919,028100,동아지질,15560,-170,26868,,,,
20250919,028260,삼성물산,196400,-300,617453,,,,
20250919,02826K,삼성물산우B,129600,-500,7790,,,,
20250919,028670,팬오션,4100,-60,877751,,,,
20250919,029460,케이씨,25300,-50,50608,,,,
20250919,029530,신도리코,43300,-550,5842,,,,
20250919,029780,삼성카드,51500,-1700,158160,,,,
20250919,030000,제일기획,20200,250,387067,,,,
20250919,030190,NICE평가정보,14360,-440,110864,,,,
20250919,030200,KT,50800,-600,868643,,,,
20250919,030210,다올투자증권,3635,-70,767290,,,,
20250919,030610,교보증권,9630,-130,92906,,,,
20250919,030720,동원수산,6070,-30,12068,,,,
20250919,031210,서울보증보험,54000,800,69717,,,,
20250919,031430,신세계인터내셔날,10460,-110,113461,,,,
20250919,031820,아이티센씨티에스,6180,-100,18923,,,,
20250919,032350,롯데관광개발,19700,310,1912784,,,,
20250919,032560,황금에스티,5700,30,11798,,,,
20250919,032640,LG유플러스,15180,320,1717913,,,,
20250919,032830,삼성생명,153400,-1500,287863,,,,
20250919,033240,자화전자,21250,-550,148765,,,,
20250919,033250,체시스,5545,-50,30387,,,,
20250919,033270,유나이티드제약,20100,-100,36039,,,,
20250919,033530,SJG세종,6280,-400,304378,,,,
20250919,033780,KT&G,140400,1100,357012,,,,
20250919,033920,무학,8200,-90,34313,,,,
20250919,034020,두산에너빌리티,60800,200,4819288,,,,
20250919,034120,SBS,20050,-350,31464,,,,
20250919,034220,LG디스플레이,13040,-50,2289628,,,,
20250919,034230,파라다이스,22900,200,1578555,,,,
20250919,034310,NICE,13670,-580,99473,,,,
20250919,034590,인천도시가스,25950,-50,857,,,,
20250919,034730,SK,227000,-3000,680127,,,,
20250919,03473K,SK우,174200,-4700,4407,,,,
20250919,034830,한국토지신탁,1405,-9,643707,,,,
20250919,035000,HS애드,8860,-230,50456,,,,
20250919,035150,백산,14310,60,39938,,,,
20250919,035250,강원랜드,18210,40,598611,,,,
20250919,035420,NAVER,234000,-4500,1585243,,,,
20250919,035510,신세계 I&C,15620,-480,198838,,,,
20250919,035720,카카오,67000,2300,5009911,,,,
20250919,036420,콘텐트리중앙,11350,-150,27662,,,,
20250919,036460,한국가스공사,39550,-800,347254,,,,
20250919,036530,SNT홀딩스,79500,2100,17419,,,,
20250919,036570,NC,238500,-500,114314,,,,
20250919,036580,팜스코,2665,-45,19270,,,,
20250919,037270,YG PLUS,8610,-230,1107534,,,,
20250919,037560,LG헬로비전,2845,-10,125252,,,,
20250919,037710,광주신세계,30700,-100,12731,,,,
20250919,039130,하나투어,52300,-300,109376,,,,
20250919,039490,키움증권,277500,500,186889,,,,
20250919,039570,HDC랩스,8620,40,8703,,,,
20250919,041650,상신브레이크,2795,5,26606,,,,
20250919,042660,한화오션,111700,700,1487037,,,,
20250919,042700,한미반도체,93300,-1000,1006274,,,,
20250919,044380,주연테크,2815,0,46192,,,,
20250919,044450,KSS해운,9470,-100,49586,,,,
20250919,044820,코스맥스비티아이,19270,50,13075,,,,
20250919,047040,대우건설,3740,15,1440412,,,,
20250919,047050,포스코인터내셔널,49050,-300,444075,,,,
20250919,047400,유니온머티리얼,1476,0,65879,,,,
20250919,047810,한국항공우주,109900,2500,1130698,,,,
20250919,049800,우진플라임,2180,-5,18507,,,,
20250919,051600,한전KPS,48900,-200,156732,,,,
20250919,051630,진양화학,2340,-60,278680,,,,
20250919,051900,LG생활건강,292000,-500,44250,,,,
20250919,051905,LG생활건강우,119900,0,4764,,,,
20250919,051910,LG화학,291000,-10000,343090,,,,
20250919,051915,LG화학우,142100,-4300,54360,,,,
20250919,052690,한전기술,86500,-600,213753,,,,
20250919,053210,스카이라이프,5190,-20,9908,,,,
20250919,053690,한미글로벌,20400,350,83173,,,,
20250919,055490,테이팩스,14900,20,5851,,,,
20250919,055550,신한지주,69800,800,2749337,,,,
20250919,058430,포스코스틸리온,3780,-20,27170,,,,
20250919,058650,세아홀딩스,125900,-1100,1216,,,,
20250919,058730,다스코,2965,-15,18692,,,,
20250919,058850,KTcs,3050,-55,808512,,,,
20250919,058860,KTis,2930,0,138215,,,,
20250919,060980,HL홀딩스,41100,0,9249,,,,
20250919,062040,산일전기,118900,-1200,816362,,,,
20250919,063160,종근당바이오,24500,600,57621,,,,
20250919,064350,현대로템,230000,19000,2629924,,,,
20250919,064400,LG씨엔에스,71300,600,2078817,,,,
20250919,064960,SNT모티브,35100,-2500,199716,,,,
20250919,066570,LG전자,79100,-3100,1177491,,,,
20250919,066575,LG전자우,38700,-1750,146839,,,,
20250919,066970,엘앤에프,74500,-3500,576783,,,,
20250919,067830,세이브존I&C,2650,0,22833,,,,
20250919,068270,셀트리온,162800,2192,480342,,,,
20250919,068290,삼성출판사,17070,-170,9001,,,,
20250919,069260,TKG휴켐스,17870,-280,58127,,,,
20250919,069460,대호에이엘,8520,-35,142597,,,,
20250919,069620,대웅제약,141500,2000,34286,,,,
20250919,069640,한세엠케이,1670,0,8369,,,,
20250919,069730,DSR제강,3770,10,11504,,,,
20250919,069960,현대백화점,89400,2200,139542,,,,
20250919,070960,모나용평,3955,-30,101111,,,,
20250919,071050,한국금융지주,157300,-300,235706,,,,
20250919,071055,한국금융지주우,114100,-300,24303,,,,
20250919,071090,하이스틸,4405,-75,361109,,,,
20250919,071320,지역난방공사,86500,-1100,18936,,,,
20250919,071840,롯데하이마트,8380,-90,38608,,,,
20250919,071950,코아스,5880,-10,72141,,,,
20250919,071970,HD현대마린엔진,86000,-1900,930337,,,,
20250919,072130,유엔젤,5710,-90,229213,,,,
20250919,072710,농심홀딩스,123900,300,101662,,,,
20250919,073240,금호타이어,4950,25,472082,,,,
20250919,074610,이엔플러스,5110,0,0,,,,
20250919,075180,새론오토모티브,3235,15,154374,,,,
20250919,075580,세진중공업,22850,-800,1065350,,,,
20250919,077500,유니퀘스트,7220,-80,852756,,,,
20250919,077970,STX엔진,42200,-1250,333282,,,,
20250919,078000,텔코웨어,14390,-40,12872,,,,
20250919,078520,에이블씨엔씨,11460,-280,428545,,,,
20250919,078930,GS,46000,-1000,177406,,,,
20250919,078935,GS우,43250,-450,4082,,,,
20250919,079160,CJ CGV,5220,30,340559,,,,
20250919,079430,현대리바트,7220,-50,26971,,,,
20250919,079550,LIG디펜스앤에어로스페이스,513000,4000,262876,,,,
20250919,079900,전진건설로봇,48200,200,32010,,,,
20250919,079980,휴비스,3115,25,51648,,,,
20250919,081000,일진다이아,11990,-170,14779,,,,
20250919,081660,미스토홀딩스,40400,-500,146320,,,,
20250919,082640,동양생명,8060,410,261979,,,,
20250919,082740,한화엔진,42850,-50,1058304,,,,
20250919,083420,그린케미칼,7610,-20,47566,,,,
20250919,084010,대한제강,11136,154,43860,,,,
20250919,084670,동양고속,8270,100,549,,,,
20250919,084680,이월드,1530,-23,162713,,,,
20250919,084690,대상홀딩스,9520,-80,53385,,,,
20250919,084695,대상홀딩스우,12590,-140,4237,,,,
20250919,084870,TBH글로벌,1400,1,14022,,,,
20250919,085310,엔케이,14660,-570,344082,,,,
20250919,085620,미래에셋생명,7790,-90,182367,,,,
20250919,086280,현대글로비스,178000,-9600,911265,,,,
20250919,086790,하나금융지주,90700,100,1036535,,,,
20250919,088260,이리츠코크렙,4720,-5,28438,,,,
20250919,088350,한화생명,3285,-95,1474111,,,,
20250919,088790,진도,1910,-25,90243,,,,
20250919,088980,맥쿼리인프라,11410,-40,1153838,,,,
20250919,089470,HDC현대EP,4125,0,49242,,,,
20250919,089590,제주항공,6630,-30,51856,,,,
20250919,089860,롯데렌탈,29900,50,39123,,,,
20250919,090080,평화산업,995,-6,276455,,,,
20250919,090350,노루페인트,9550,40,36920,,,,
20250919,090355,노루페인트우,13880,-20,167,,,,
20250919,090370,메타랩스,1326,-8,16977,,,,
20250919,090430,아모레퍼시픽,125600,-300,195588,,,,
20250919,090435,아모레퍼시픽우,42800,-700,15431,,,,
20250919,090460,비에이치,17830,170,369928,,,,
20250919,091810,트리니티항공,1805,-2,260351,,,,
20250919,092200,디아이씨,4750,-125,354381,,,,
20250919,092220,KEC,4205,70,318651,,,,
20250919,092230,KPX홀딩스,69600,-200,2380,,,,
20250919,092440,기신정기,2600,-5,18031,,,,
20250919,092780,DYP,3980,-10,15190,,,,
20250919,092790,넥스틸,12890,190,205661,,,,
20250919,093050,LF,17900,-450,36428,,,,
20250919,093240,형지엘리트,1412,-4,1230116,,,,
20250919,093370,후성,6230,-90,605183,,,,
20250919,094280,효성ITX,12980,-100,5502,,,,
20250919,094800,맵스리얼티,4935,-35,71402,,,,
20250919,095570,AJ네트웍스,4405,-40,355170,,,,
20250919,095720,웅진씽크빅,3376,-34,47493,,,,
20250919,096760,JW홀딩스,3350,-5,42738,,,,
20250919,096770,SK이노베이션,104000,-2700,375809,,,,
20250919,096775,SK이노베이션우,69500,-600,2873,,,,
20250919,097230,HJ중공업,29150,150,9185232,,,,
20250919,097520,엠씨넥스,29300,-1150,65773,,,,
20250919,097950,CJ제일제당,237500,-1500,56329,,,,
20250919,097955,CJ제일제당 우,142500,100,4082,,,,
20250919,100090,SK오션플랜트,25450,0,2975713,,,,
20250919,100220,비상교육,5750,-100,68111,,,,
20250919,100250,진양홀딩스,3127,-5,54691,,,,
20250919,100840,SNT에너지,55000,-1200,168909,,,,
20250919,101140,인바이오젠,12300,-30,14612,,,,
20250919,101530,해태제과식품,6850,-100,30150,,,,
20250919,102260,동성케미컬,4206,30,59057,,,,
20250919,102460,이연제약,11470,-210,16778,,,,
20250919,103140,풍산,128000,-400,207907,,,,
20250919,103590,일진전기,36150,-100,1054463,,,,
20250919,104700,한국철강,10430,50,49190,,,,
20250919,105560,KB금융,116500,-900,1313729,,,,
20250919,105630,한세실업,10780,-110,89747,,,,
20250919,105840,우진,11910,150,481072,,,,
20250919,107590,미원홀딩스,72800,100,71,,,,
20250919,108320,LX세미콘,56400,1300,90402,,,,
20250919,108670,LX하우시스,28650,-500,30879,,,,
20250919,108675,LX하우시스우,17380,-40,1227,,,,
20250919,109070,주성코퍼레이션,916,25,259391,,,,
20250919,111110,호전실업,7880,70,90201,,,,
20250919,111380,동인기연,14260,-220,12669,,,,
20250919,111770,영원무역,64300,2300,57861,,,,
20250919,112610,씨에스윈드,44550,0,162250,,,,
20250919,114090,GKL,17180,-50,444357,,,,
20250919,117580,대성에너지,8240,-90,34768,,,,
20250919,118000,메타케어,3330,-110,1036995,,,,
20250919,119650,KC코트렐,918,0,0,,,,
20250919,120030,조선선재,110400,-600,9221,,,,
20250919,120110,코오롱인더,38150,-550,130188,,,,
20250919,120115,코오롱인더우,24000,0,4371,,,,
20250919,122900,아이마켓코리아,8250,10,22667,,,,
20250919,123690,한국화장품,11050,280,458380,,,,
20250919,123700,SJM,3530,-40,57977,,,,
20250919,123890,한국자산신탁,2350,-60,1382199,,,,
20250919,126560,현대퓨처넷,3240,-10,49583,,,,
20250919,126720,수산인더스트리,21250,-300,19572,,,,
20250919,128820,대성산업,4525,-50,175825,,,,
20250919,128940,한미약품,360500,28000,305317,,,,
20250919,129260,인터지스,2750,10,87267,,,,
20250919,130660,한전산업,11850,-40,87925,,,,
20250919,133820,화인베스틸,2040,-45,700196,,,,
20250919,134380,미원화학,8840,140,23570,,,,
20250919,134790,시디즈,24700,50,1386,,,,
20250919,136490,선진,11460,-150,107726,,,,
20250919,137310,에스디바이오센서,10840,610,362079,,,,
20250919,138040,메리츠금융지주,119300,-2800,347687,,,,
20250919,138930,BNK금융지주,14880,-300,2064405,,,,
20250919,139130,iM금융지주,14270,-40,965695,,,,
20250919,139480,이마트,78500,-1700,124037,,,,
20250919,139990,아주스틸,4000,10,20594,,,,
20250919,143210,핸즈코퍼레이션,1671,22,1914,,,,
20250919,145210,다이나믹디자인,6580,-230,15995,,,,
20250919,145270,케이탑리츠,960,0,47059,,,,
20250919,145720,덴티움,58500,-100,38375,,,,
20250919,145990,삼양사,51500,-200,8504,,,,
20250919,145995,삼양사우,35800,-200,745,,,,
20250919,155660,DSR,3765,-5,9855,,,,
20250919,161000,애경케미칼,10150,50,407261,,,,
20250919,161390,한국타이어앤테크놀로지,38400,-500,370890,,,,
20250919,161890,한국콜마,79700,-600,117105,,,,
20250919,163560,동일고무벨트,6830,-10,8720,,,,
20250919,170900,동아에스티,45588,572,20459,,,,
20250919,175330,JB금융지주,24150,50,2375600,,,,
20250919,178920,PI첨단소재,17650,-150,66640,,,,
20250919,180640,한진칼,108500,-5300,374633,,,,
20250919,18064K,한진칼우,36550,-1100,3576,,,,
20250919,181710,NHN,27300,-100,53556,,,,
20250919,183190,아세아시멘트,12940,-240,105500,,,,
20250919,185750,종근당,83000,-1000,154855,,,,
20250919,192080,더블유게임즈,54400,-100,34154,,,,
20250919,192400,쿠쿠홀딩스,33050,-400,28435,,,,
20250919,192650,드림텍,6600,-80,111975,,,,
20250919,192820,코스맥스,234500,3000,102539,,,,
20250919,194370,제이에스코퍼레이션,11060,-160,124008,,,,
20250919,195870,해성디에스,27700,600,173376,,,,
20250919,200880,서연이화,11200,-260,116045,,,,
20250919,204320,HL만도,35550,0,186198,,,,
20250919,207940,삼성바이오로직스,1507066,-7359,61967,,,,
20250919,210540,디와이파워,12930,-100,25895,,,,
20250919,210980,SK디앤디,9930,-80,52968,,,,
20250919,213500,한솔제지,8670,20,36779,,,,
20250919,214320,이노션,18210,-120,230768,,,,
20250919,214330,금호에이치티,16266,-163,10514,,,,
20250919,214390,경보제약,5750,-240,71606,,,,
20250919,214420,토니모리,10580,-160,192832,,,,
20250919,226320,잇츠한불,12550,-90,15022,,,,
20250919,227840,현대코퍼레이션홀딩스,13100,-110,17359,,,,
20250919,229640,LS에코에너지,40950,1700,371409,,,,
20250919,234080,JW생명과학,12090,150,40068,,,,
20250919,241560,두산밥캣,56200,1300,347227,,,,
20250919,241590,화승엔터프라이즈,6590,-130,285459,,,,
20250919,244920,에이플러스에셋,7180,-50,74289,,,,
20250919,248070,솔루엠,19290,-320,317034,,,,
20250919,248170,샘표식품,26750,-350,8854,,,,
20250919,249420,일동제약,30050,2200,4143357,,,,
20250919,251270,넷마블,66100,-1000,391906,,,,
20250919,259960,크래프톤,316500,-3000,181185,,,,
20250919,264900,크라운제과,9560,-10,16584,,,,
20250919,26490K,크라운제과우,9690,-50,826,,,,
20250919,267250,HD현대,161300,-500,210092,,,,
20250919,267260,HD현대일렉트릭,582000,-12000,183897,,,,
20250919,267270,HD건설기계,102000,4300,217069,,,,
20250919,267290,경동도시가스,20500,-250,13989,,,,
20250919,267850,아시아나IDT,11760,-20,5267,,,,
20250919,268280,미원에스씨,139900,-600,529,,,,
20250919,271560,오리온,108500,-1100,123732,,,,
20250919,271940,일진하이솔루스,18250,10,65426,,,,
20250919,271980,제일약품,14350,240,55495,,,,
20250919,272210,한화시스템,59600,500,2745780,,,,
20250919,272450,진에어,8420,-20,47014,,,,
20250919,272550,삼양패키징,13340,-10,11748,,,,
20250919,278470,에이피알,223500,6500,537167,,,,
20250919,280360,롯데웰푸드,114700,300,12655,,,,
20250919,281820,케이씨텍,38650,150,129918,,,,
20250919,282330,BGF리테일,109900,600,69727,,,,
20250919,284740,쿠쿠홈시스,27300,-550,27446,,,,
20250919,285130,SK케미칼,64900,1000,69596,,,,
20250919,28513K,SK케미칼우,26800,-150,6715,,,,
20250919,286940,롯데이노베이트,22000,-100,5435,,,,
20250919,293480,하나제약,12210,0,20726,,,,
20250919,293940,신한알파리츠,5710,30,396078,,,,
20250919,294870,IPARK현대산업개발,20950,-50,123549,,,,
20250919,298000,효성화학,77800,0,0,,,,
20250919,298020,효성티앤씨,219000,-4000,16566,,,,
20250919,298040,효성중공업,1424000,34000,144336,,,,
20250919,298050,HS효성첨단소재,190200,-3000,9586,,,,
20250919,298690,에어부산,2015,-10,73960,,,,
20250919,300720,한일시멘트,19960,80,41037,,,,
20250919,302440,SK바이오사이언스,49450,50,118259,,,,
20250919,306200,세아제강,129300,-200,5462,,,,
20250919,307950,현대오토에버,168000,-4100,86430,,,,
20250919,308170,씨티알모빌리티,5110,-50,5843,,,,
20250919,316140,우리금융지주,26850,750,3726019,,,,
20250919,317400,자이에스앤디,3430,-10,19053,,,,
20250919,322000,HD현대에너지솔루션,51700,500,82141,,,,
20250919,323410,카카오뱅크,24750,-50,1401433,,,,
20250919,326030,SK바이오팜,113500,5600,492094,,,,
20250919,329180,HD현대중공업,493000,-6500,183243,,,,
20250919,330590,롯데리츠,4050,35,443131,,,,
20250919,334890,이지스밸류플러스리츠,4060,-15,112758,,,,
20250919,336260,두산퓨얼셀,32350,-1100,1525016,,,,
20250919,33626K,두산퓨얼셀1우,7290,-230,38288,,,,
20250919,33626L,두산퓨얼셀2우B,11230,-480,13787,,,,
20250919,336370,솔루스첨단소재,8170,30,109773,,,,
20250919,33637K,솔루스첨단소재1우,1850,-17,25579,,,,
20250919,33637L,솔루스첨단소재2우B,3765,-65,1711,,,,
20250919,338100,NH프라임리츠,4660,5,15912,,,,
20250919,339770,교촌에프앤비,4570,-25,82222,,,,
20250919,344820,KCC글라스,29250,200,48247,,,,
20250919,348950,제이알글로벌리츠,3065,90,1483539,,,,
20250919,350520,이지스레지던스리츠,3955,0,83046,,,,
20250919,352820,하이브,289500,-4500,247936,,,,
20250919,353200,대덕전자,27150,50,850032,,,,
20250919,35320K,대덕전자1우,9370,-20,1830,,,,
20250919,357120,코람코라이프인프라리츠,4395,-5,174365,,,,
20250919,357250,미래에셋맵스리츠,2830,10,45485,,,,
20250919,357430,마스턴프리미어리츠,1568,5,20313,,,,
20250919,361610,SK아이이테크놀로지,28700,-250,119895,,,,
20250919,363280,티와이홀딩스,2815,-130,176062,,,,
20250919,36328K,티와이홀딩스우,5380,0,3268,,,,
20250919,365550,ESR켄달스퀘어리츠,4570,-15,2606768,,,,
20250919,372910,한컴라이프케어,2820,0,210256,,,,
20250919,373220,LG에너지솔루션,349500,-5000,185906,,,,
20250919,375500,DL이앤씨,42400,-750,172738,,,,
20250919,37550K,DL이앤씨우,19790,-120,3127,,,,
20250919,37550L,DL이앤씨2우(전환),30700,-600,962,,,,
20250919,377190,디앤디플랫폼리츠,3450,10,92442,,,,
20250919,377300,카카오페이,56500,1500,1280822,,,,
20250919,377740,바이오노트,6210,90,65941,,,,
20250919,378850,화승알앤에이,3420,-75,226235,,,,
20250919,381970,케이카,15990,-70,40267,,,,
20250919,383220,F&F,67500,-1200,49891,,,,
20250919,383800,LX홀딩스,8150,-50,171707,,,,
20250919,38380K,LX홀딩스1우,8700,0,228,,,,
20250919,395400,SK리츠,5150,-70,975856,,,,
20250919,396690,미래에셋글로벌리츠,2830,0,38680,,,,
20250919,400760,NH올원리츠,3270,0,101743,,,,
20250919,402340,SK스퀘어,216500,8000,733301,,,,
20250919,403550,쏘카,12480,60,5159,,,,
20250919,404990,신한서부티엔디리츠,3410,-35,86719,,,,
20250919,415640,KB발해인프라,8790,-20,142143,,,,
20250919,417310,코람코더원리츠,6250,-250,129242,,,,
20250919,432320,KB스타리츠,3925,5,58199,,,,
20250919,439260,대한조선,80900,500,93885,,,,
20250919,443060,HD현대마린솔루션,210000,1000,40362,,,,
20250919,446070,유니드비티플러스,3935,-15,2369,,,,
20250919,448730,삼성FN리츠,4365,-15,105401,,,,
20250919,450080,에코프로머티,51600,-1000,231242,,,,
20250919,451800,한화리츠,4085,-15,1411483,,,,
20250919,452260,한화갤러리아,1136,-14,336609,,,,
20250919,45226K,한화갤러리아우,2220,5,2531,,,,
20250919,453340,현대그린푸드,15410,-390,60856,,,,
20250919,454910,두산로보틱스,66400,1400,790546,,,,
20250919,456040,OCI,58200,-300,24375,,,,
20250919,457190,이수스페셜티케미컬,45900,-900,132841,,,,
20250919,460850,동국씨엠,5590,-30,20883,,,,
20250919,460860,동국제강,9610,40,101856,,,,
20250919,462520,조선내화,13970,-170,5893,,,,
20250919,462870,시프트업,41250,-250,78355,,,,
20250919,465770,STX그린로지스,7570,-130,45273,,,,
20250919,475150,SK이터닉스,23450,-200,407889,,,,
20250919,475560,더본코리아,26500,200,19792,,,,
20250919,480370,씨케이솔루션,3425,-51,65047,,,,
20250919,481850,신한글로벌액티브리츠,1446,1,58610,,,,
20250919,483650,달바글로벌,167300,-3600,86084,,,,
20250919,484870,엠앤씨솔루션,71833,-667,26907,,,,
20250919,487570,HS효성,62400,-700,15007,,,,
20250919,489790,한화비전,59400,-2400,692209,,,,
20250919,499790,GS피앤엘,56200,-1400,107594,,,,
20250919,900140,엘브이엠씨홀딩스,1740,-5,460687,,,,
20250919,950210,프레스티지바이오파마,14690,190,178149,,,,
20250922,000020,동화약품,6320,-50,124667,,,,
20250922,000040,KR모터스,2575,-45,49725,,,,
20250922,000050,경방,7240,130,19322,,,,
20250922,000070,삼양홀딩스,62726,1001,27536,,,,
20250922,000080,하이트진로,19110,-50,114863,,,,
20250922,000087,하이트진로2우B,15470,-40,3004,,,,
20250922,000100,유한양행,123200,4600,625387,,,,
20250922,000105,유한양행우,108000,3100,6727,,,,
20250922,000120,CJ대한통운,83400,-1000,33564,,,,
20250922,000140,하이트진로홀딩스,10100,-20,27292,,,,
20250922,000145,하이트진로홀딩스우,11500,0,308,,,,
20250922,000150,두산,601000,5000,67993,,,,
20250922,000155,두산우,346000,-3500,17209,,,,
20250922,000157,두산2우B,378000,-5500,905,,,,
20250922,000180,성창기업지주,8490,-60,19691,,,,
20250922,000210,DL,37650,100,82237,,,,
20250922,000215,DL우,23700,0,2808,,,,
20250922,000220,유유제약,4355,-20,20369,,,,
20250922,000225,유유제약1우,4730,45,2122,,,,
20250922,000227,유유제약2우B,10650,0,109,,,,
20250922,000230,일동홀딩스,9430,-300,83734,,,,
20250922,000240,한국앤컴퍼니,22950,0,48766,,,,
20250922,000270,기아,101900,300,737975,,,,
20250922,000300,DH오토넥스,4200,0,0,,,,
20250922,000320,노루홀딩스,29250,-900,40631,,,,
20250922,000325,노루홀딩스우,34450,-100,133,,,,
20250922,000370,한화손해보험,6010,90,471595,,,,
20250922,000390,SP삼화,6070,-10,21012,,,,
20250922,000400,롯데손해보험,1949,-146,3353270,,,,
20250922,000430,대원강업,3845,-25,48334,,,,
20250922,000480,CR홀딩스,4975,-20,1058548,,,,
20250922,000490,대동,9790,-170,96543,,,,
20250922,000500,가온전선,32952,223,52285,,,,
20250922,000520,삼일제약,10810,240,256286,,,,
20250922,000540,흥국화재,4220,20,42100,,,,
20250922,000545,흥국화재우,7230,-80,10617,,,,
20250922,000590,CS홀딩스,86100,-2000,596,,,,
20250922,000640,동아쏘시오홀딩스,114603,1748,29570,,,,
20250922,000650,천일고속,40650,150,76,,,,
20250922,000660,SK하이닉스,351000,-2000,4377563,,,,
20250922,000670,영풍,41103,146,31781,,,,
20250922,000680,LS네트웍스,3915,-85,347297,,,,
20250922,000700,유수홀딩스,5860,-40,8006,,,,
20250922,000720,현대건설,56300,-700,641078,,,,
20250922,000725,현대건설우,52500,200,2658,,,,
20250922,000760,이화산업,12250,-70,383,,,,
20250922,000810,삼성화재,457500,3000,40968,,,,
20250922,000815,삼성화재우,344000,3500,7875,,,,
20250922,000850,화천기공,32150,50,3183,,,,
20250922,000860,강남제비스코,12240,180,26464,,,,
20250922,000880,한화,108643,-1200,166045,,,,
20250922,00088K,한화3우B,39266,-655,50572,,,,
20250922,000890,보해양조,2250,10,32910,,,,
20250922,000910,유니온,4580,-45,51717,,,,
20250922,000950,전방,39500,-250,2182,,,,
20250922,000970,한국주철관,6950,0,17876,,,,
20250922,000990,DB하이텍,58300,-100,752661,,,,
20250922,001020,페이퍼코리아,3650,10,564,,,,
20250922,001040,CJ,202500,-500,169046,,,,
20250922,001045,CJ우,106800,-1200,8263,,,,
20250922,00104K,CJ4우(전환),170300,-1700,13045,,,,
20250922,001060,JW중외제약,22150,-200,72314,,,,
20250922,001065,JW중외제약우,27750,50,113,,,,
20250922,001067,JW중외제약2우B,60200,700,4,,,,
20250922,001070,대한방직,6590,90,9033,,,,
20250922,001080,만호제강,3785,-170,50870,,,,
20250922,001120,LX인터내셔널,32300,200,65415,,,,
20250922,001130,대한제분,15100,-220,26360,,,,
20250922,001200,유진투자증권,3645,-60,978791,,,,
20250922,001210,금호전기,4295,-105,42366,,,,
20250922,001230,동국홀딩스,1696,-14,133113,,,,
20250922,001250,GS글로벌,2575,-15,356557,,,,
20250922,001260,남광토건,7870,70,25156,,,,
20250922,001270,부국증권,73000,2500,141380,,,,
20250922,001275,부국증권우,27400,0,2667,,,,
20250922,001290,상상인증권,810,-5,1143214,,,,
20250922,001340,PKC,5770,-90,86548,,,,
20250922,001360,삼성제약,1682,1,270051,,,,
20250922,001380,SG글로벌,3442,-12,60182,,,,
20250922,001390,KG케미칼,5040,-20,230792,,,,
20250922,001420,태원물산,3345,-5,2858,,,,
20250922,001430,세아베스틸지주,25900,-200,63648,,,,
20250922,001440,대한전선,15900,-30,952118,,,,
20250922,001450,현대해상,28850,700,338997,,,,
20250922,001460,BYC,38900,-400,3063,,,,
20250922,001465,BYC우,25450,-350,1900,,,,
20250922,001470,삼부토건,347,0,0,,,,
20250922,001500,현대차증권,8790,20,143299,,,,
20250922,001510,SK증권,1385,-10,701687,,,,
20250922,001515,SK증권우,3754,-46,12514,,,,
20250922,001520,동양,1306,-14,96478,,,,
20250922,001525,동양우,8150,-10,9,,,,
20250922,001527,동양2우B,16140,20,78,,,,
20250922,001530,DI동일,34905,-48,37747,,,,
20250922,001550,조비,12120,70,29144,,,,
20250922,001560,제일연마,10440,190,4324,,,,
20250922,001570,금양,9900,0,0,,,,
20250922,001620,케이비아이동국실업,2410,0,23642,,,,
20250922,001630,종근당홀딩스,48900,-500,11004,,,,
20250922,001680,대상,22900,-150,49318,,,,
20250922,001685,대상우,17010,10,2574,,,,
20250922,001720,신영증권,146000,500,26853,,,,
20250922,001740,SK네트웍스,4580,-15,229982,,,,
20250922,001750,한양증권,18820,140,22244,,,,
20250922,001755,한양증권우,17550,-110,2550,,,,
20250922,001770,SHD,17840,-50,749,,,,
20250922,001780,알루코,2130,-20,228500,,,,
20250922,001790,대한제당,2970,-15,188620,,,,
20250922,001795,대한제당우,2485,-20,64365,,,,
20250922,001800,오리온홀딩스,20950,-150,112868,,,,
20250922,001820,삼화콘덴서,34800,1750,580868,,,,
20250922,001940,KISCO홀딩스,26800,50,7068,,,,
20250922,002020,코오롱,41850,750,80892,,,,
20250922,002025,코오롱우,22050,450,2227,,,,
20250922,002030,아세아,350000,0,1508,,,,
20250922,002070,비비안,14985,0,10360,,,,
20250922,002100,경농,9630,-20,20850,,,,
20250922,002140,고려산업,2675,-10,69998,,,,
20250922,002150,도화엔지니어링,6270,-10,35043,,,,
20250922,002170,SYTS,55400,0,1058,,,,
20250922,002200,한국수출포장,2935,0,32055,,,,
20250922,002210,동성제약,1946,0,0,,,,
20250922,002220,한일철강,3165,-40,47372,,,,
20250922,002240,고려제강,17670,-30,9647,,,,
20250922,002310,아세아제지,8140,10,52515,,,,
20250922,002320,한진,20100,-100,18392,,,,
20250922,002350,넥센타이어,5980,70,31500,,,,
20250922,002355,넥센타이어1우B,3305,-5,61289,,,,
20250922,002360,SH에너지화학,4240,-30,29815,,,,
20250922,002380,KCC,425500,-2500,13919,,,,
20250922,002390,한독,11760,90,8820,,,,
20250922,002410,범양건영,1935,0,0,,,,
20250922,002420,세기상사,5670,70,1103,,,,
20250922,002450,삼익악기,1289,-6,43261,,,,
20250922,002460,HS화성,10290,-70,29476,,,,
20250922,002600,조흥,160200,5200,128,,,,
20250922,002620,제일파마홀딩스,8680,10,11450,,,,
20250922,002630,오리엔트바이오,1184,-32,424087,,,,
20250922,002690,동일제강,1614,-23,3456,,,,
20250922,002700,신일전자,1301,-21,463876,,,,
20250922,002710,TCC스틸,16730,-290,130199,,,,
20250922,002720,국제약품,4635,25,69017,,,,
20250922,002760,보락,1049,-9,187204,,,,
20250922,002780,진흥기업,729,-1,120096,,,,
20250922,002785,진흥기업우B,3375,-25,10,,,,
20250922,002787,진흥기업2우B,7770,-20,548,,,,
20250922,002790,아모레퍼시픽홀딩스,27150,-300,114732,,,,
20250922,002795,아모레퍼시픽홀딩스우,11380,60,5903,,,,
20250922,00279K,아모레퍼시픽홀딩스3우C,21700,0,4678,,,,
20250922,002810,삼영무역,15810,-310,38238,,,,
20250922,002820,SUN&L,2710,-5,5568,,,,
20250922,002840,미원상사,157200,200,815,,,,
20250922,002870,신풍,1078,28,116383,,,,
20250922,002880,디와이에이,1162,4,45501,,,,
20250922,002900,TYM,5820,-110,275010,,,,
20250922,002920,유성기업,2005,-10,28839,,,,
20250922,002960,한국쉘석유,411000,-6500,2055,,,,
20250922,002990,금호건설,3955,20,58897,,,,
20250922,002995,금호건설우,11290,-60,1963,,,,
20250922,003000,부광약품,3735,0,493861,,,,
20250922,003010,혜인,5430,-80,101581,,,,
20250922,003030,세아제강지주,164700,-1500,8465,,,,
20250922,003060,에이프로젠바이오로직스,620,-4,517782,,,,
20250922,003070,코오롱글로벌,9090,-150,20887,,,,
20250922,003075,코오롱글로벌우,15440,140,6446,,,,
20250922,003080,SB성보,2860,0,10542,,,,
20250922,003090,대웅,24800,1050,187228,,,,
20250922,0030R0,대신밸류리츠,4360,15,44382,,,,
20250922,003120,일성아이에스,24000,-250,9298,,,,
20250922,003160,디아이,16080,300,1225243,,,,
20250922,003200,일신방직,10400,10,18382,,,,
20250922,003220,대원제약,13250,-40,26210,,,,
20250922,003230,삼양식품,1542000,-12000,30004,,,,
20250922,003240,태광산업,883000,-7000,998,,,,
20250922,003280,흥아해운,1658,8,756460,,,,
20250922,003300,한일홀딩스,16670,-140,14642,,,,
20250922,003350,한국화장품제조,12040,180,184945,,,,
20250922,003460,유화증권,2775,-5,194624,,,,
20250922,003465,유화증권우,2620,20,2378,,,,
20250922,003470,유안타증권,3715,-40,316712,,,,
20250922,003475,유안타증권우,3780,5,28890,,,,
20250922,003480,한진중공업홀딩스,5430,-70,223075,,,,
20250922,003490,대한항공,23250,150,1644992,,,,
20250922,003495,대한항공우,23850,50,2138,,,,
20250922,003520,영진약품,2015,15,241556,,,,
20250922,003530,한화투자증권,5950,-150,1243664,,,,
20250922,003535,한화투자증권우,7880,-120,10844,,,,
20250922,003540,대신증권,28150,50,189062,,,,
20250922,003545,대신증권우,21050,-200,111645,,,,
20250922,003547,대신증권2우B,19820,110,53507,,,,
20250922,003550,LG,76000,700,210159,,,,
20250922,003555,LG우,62700,200,3392,,,,
20250922,003570,SNT다이내믹스,72300,1000,212185,,,,
20250922,003580,HLB글로벌,2235,30,112981,,,,
20250922,003610,방림,5100,50,30302,,,,
20250922,003620,KG모빌리티,3340,25,160950,,,,
20250922,003650,미창석유,110000,-100,429,,,,
20250922,003670,포스코퓨처엠,141400,100,340386,,,,
20250922,003680,한성기업,5660,-30,27686,,,,
20250922,003690,코리안리,11210,-90,261924,,,,
20250922,003720,삼영,5000,-130,319621,,,,
20250922,003780,진양산업,7000,-20,101496,,,,
20250922,003830,대한화섬,115500,-1800,127,,,,
20250922,003850,보령,8850,140,98080,,,,
20250922,003920,남양유업,58100,100,3391,,,,
20250922,003925,남양유업우,39000,-150,7379,,,,
20250922,003960,사조대림,40600,-100,9885,,,,
20250922,004000,롯데정밀화학,48600,-800,44162,,,,
20250922,004020,현대제철,36550,-950,339388,,,,
20250922,004060,SG세계물산,3240,20,24646,,,,
20250922,004080,신흥,13850,-40,3482,,,,
20250922,004090,한국석유,14250,320,91596,,,,
20250922,004100,태양금속,2120,-40,134767,,,,
20250922,004105,태양금속우,3105,-40,9945,,,,
20250922,004140,동방,3060,-55,569724,,,,
20250922,004150,한솔홀딩스,3280,-35,85816,,,,
20250922,004170,신세계,200500,-5000,35554,,,,
20250922,004250,NPC,4140,-5,18208,,,,
20250922,004255,NPC우,2475,10,2737,,,,
20250922,004270,남성,8013,-88,7497,,,,
20250922,004310,현대약품,4060,105,388742,,,,
20250922,004360,세방,14150,-30,32945,,,,
20250922,004365,세방우,9180,0,5482,,,,
20250922,004370,농심,462000,-15000,80219,,,,
20250922,004380,삼익THK,13000,0,0,,,,
20250922,004410,서울식품,1580,-10,126183,,,,
20250922,004415,서울식품우,12350,0,16,,,,
20250922,004430,송원산업,10180,-30,23283,,,,
20250922,004440,삼일씨엔에스,4875,-100,10207,,,,
20250922,004450,삼화왕관,34250,400,602,,,,
20250922,004490,세방전지,63500,100,29094,,,,
20250922,004540,깨끗한나라,2070,-10,51235,,,,
20250922,004545,깨끗한나라우,11820,10,152,,,,
20250922,004560,현대비앤지스틸,11480,-120,22581,,,,
20250922,004690,삼천리,132700,900,6167,,,,
20250922,004700,조광피혁,65000,-700,5197,,,,
20250922,004710,한솔테크닉스,5409,0,0,,,,
20250922,004720,팜젠사이언스,4570,-20,61534,,,,
20250922,004770,써니전자,1622,-12,185257,,,,
20250922,004800,효성,89600,100,22491,,,,
20250922,004830,덕성,5500,0,89756,,,,
20250922,004835,덕성우,7320,-160,8476,,,,
20250922,004840,DRB동일,4985,-10,11561,,,,
20250922,004870,티웨이홀딩스,2692,-5,33018,,,,
20250922,004890,동일산업,40600,200,2097,,,,
20250922,004910,조광페인트,5650,-70,35564,,,,
20250922,004920,씨아이테크,1218,-48,192555,,,,
20250922,004960,한신공영,7910,-90,21763,,,,
20250922,004970,신라교역,9460,70,5463,,,,
20250922,004980,성신양회,10020,-640,222540,,,,
20250922,004985,성신양회우,11470,-210,3109,,,,
20250922,004990,롯데지주,31200,-300,155755,,,,
20250922,00499K,롯데지주우,30900,100,1528,,,,
20250922,005010,휴스틸,4130,-30,201306,,,,
20250922,005030,부산주공,486,0,0,,,,
20250922,005070,코스모신소재,43900,450,468277,,,,
20250922,005090,SGC에너지,23250,0,15976,,,,
20250922,005110,한창,1254,0,0,,,,
20250922,005180,빙그레,73800,600,27352,,,,
20250922,005250,녹십자홀딩스,16500,-250,75903,,,,
20250922,005257,녹십자홀딩스2우,28300,-50,1083,,,,
20250922,005300,롯데칠성,119000,-1200,13631,,,,
20250922,005305,롯데칠성우,69800,-100,1125,,,,
20250922,005320,온타이드,1064,-4,107430,,,,
20250922,005360,모나미,2040,15,161544,,,,
20250922,005380,현대차,218000,4000,499195,,,,
20250922,005385,현대차우,164500,2400,96568,,,,
20250922,005387,현대차2우B,167400,2900,122811,,,,
20250922,005389,현대차3우B,164200,1600,15961,,,,
20250922,005420,코스모화학,16210,-210,145470,,,,
20250922,005430,한국공항,68100,-600,3060,,,,
20250922,005440,현대지에프홀딩스,8480,-50,221661,,,,
20250922,005490,POSCO홀딩스,280500,-2500,244009,,,,
20250922,005500,삼진제약,21100,1710,419830,,,,
20250922,005610,삼립,54700,-700,6700,,,,
20250922,005680,삼영전자,10830,20,22738,,,,
20250922,005690,파미셀,12580,130,1377325,,,,
20250922,005720,넥센,6370,-50,37160,,,,
20250922,005725,넥센우,4990,-5,586,,,,
20250922,005740,크라운해태홀딩스,7410,-100,60117,,,,
20250922,005745,크라운해태홀딩스우,8260,-110,272,,,,
20250922,005750,대림바스,4685,-25,28666,,,,
20250922,005800,신영와코루,14280,10,3091,,,,
20250922,005810,풍산홀딩스,41100,-550,26718,,,,
20250922,005820,원림,14480,-10,223,,,,
20250922,005830,DB손해보험,142500,1700,149985,,,,
20250922,005850,에스엘,36400,1600,271950,,,,
20250922,005870,휴니드,8420,-40,39532,,,,
20250922,005880,대한해운,1770,-27,1411726,,,,
20250922,005930,삼성전자,83500,3800,27529656,,,,
20250922,005935,삼성전자우,66700,2500,3083353,,,,
20250922,005940,NH투자증권,20650,50,432469,,,,
20250922,005945,NH투자증권우,18350,-20,46008,,,,
20250922,005950,이수화학,5590,-60,30712,,,,
20250922,005960,동부건설,6170,80,58297,,,,
20250922,005965,동부건설우,19020,20,10,,,,
20250922,006040,동원산업,47000,500,39849,,,,
20250922,006060,화승인더,4095,-10,89163,,,,
20250922,006090,사조오양,9930,-90,2534,,,,
20250922,006110,삼아알미늄,22450,-700,78987,,,,
20250922,006120,SK디스커버리,55500,1400,15318,,,,
20250922,006125,SK디스커버리우,37500,350,2720,,,,
20250922,006200,한국전자홀딩스,3660,25,9721,,,,
20250922,006220,제주은행,13710,-200,196132,,,,
20250922,006260,LS,186000,1800,103985,,,,
20250922,006280,녹십자,139500,500,37273,,,,
20250922,006340,대원전선,2980,-15,644821,,,,
20250922,006345,대원전선우,3690,-25,4030,,,,
20250922,006360,GS건설,18790,-110,313320,,,,
20250922,006370,대구백화점,6850,-100,38435,,,,
20250922,006380,카프로,3660,0,0,,,,
20250922,006400,삼성SDI,207500,4500,406999,,,,
20250922,006405,삼성SDI우,134700,3700,5838,,,,
20250922,006490,프리티,3810,-115,103101,,,,
20250922,006570,대림통상,2530,-45,7040,,,,
20250922,006650,대한유화,114200,200,35230,,,,
20250922,006660,삼성공조,13960,-90,26111,,,,
20250922,006740,블루산업개발,2362,-30,29495,,,,
20250922,006800,미래에셋증권,22054,100,1389658,,,,
20250922,006805,미래에셋증권우,10033,0,70376,,,,
20250922,00680K,미래에셋증권2우B,9567,0,445433,,,,
20250922,006840,AK홀딩스,10980,-140,9342,,,,
20250922,006880,신송홀딩스,6840,30,46549,,,,
20250922,006890,태경케미컬,9250,10,21313,,,,
20250922,006980,우성,16790,-30,1384,,,,
20250922,007070,GS리테일,17100,490,323003,,,,
20250922,007110,일신석재,1975,116,1980953,,,,
20250922,007120,미래아이앤지,909,2,73824,,,,
20250922,007160,사조산업,49750,-200,6275,,,,
20250922,007210,벽산,2080,-20,95258,,,,
20250922,007280,한국특강,3244,-62,23746,,,,
20250922,007310,오뚜기,419000,-6500,6153,,,,
20250922,007340,DN오토모티브,23350,-400,93429,,,,
20250922,007460,에이프로젠,691,-15,2395906,,,,
20250922,007540,샘표,49600,-700,5416,,,,
20250922,007570,일양약품,14600,0,0,,,,
20250922,007575,일양약품우,15260,0,0,,,,
20250922,007590,동방아그로,6180,-20,3097,,,,
20250922,007610,선도전기,3000,0,0,,,,
20250922,007660,이수페타시스,76700,-600,1043587,,,,
20250922,007690,국도화학,36850,-350,17377,,,,
20250922,007700,F&F홀딩스,19850,230,17482,,,,
20250922,007810,코리아써키트,18350,800,1399474,,,,
20250922,007815,코리아써우,6930,150,1933,,,,
20250922,00781K,코리아써키트2우B,6490,20,2256,,,,
20250922,007860,서연,9310,-10,23214,,,,
20250922,007980,TP,1757,55,1214448,,,,
20250922,008040,사조동아원,1293,10,3629801,,,,
20250922,008060,대덕,8660,210,222438,,,,
20250922,00806K,대덕1우,8640,310,10833,,,,
20250922,008250,이건산업,4865,-5,12125,,,,
20250922,008260,NI스틸,3755,-30,75574,,,,
20250922,008350,남선알미늄,1133,1,420263,,,,
20250922,008355,남선알미우,12760,-40,925,,,,
20250922,008420,문배철강,2380,-5,90713,,,,
20250922,008490,서흥,26150,-100,43365,,,,
20250922,008600,윌비스,3609,-31,15445,,,,
20250922,008700,아남전자,1334,-16,208955,,,,
20250922,008730,율촌화학,31200,-500,62098,,,,
20250922,008770,호텔신라,56400,1700,572424,,,,
20250922,008775,호텔신라우,43850,200,4565,,,,
20250922,008870,금비,60700,-200,1934,,,,
20250922,008930,한미사이언스,41300,-300,253425,,,,
20250922,008970,KBI동양철관,2420,-28,1974999,,,,
20250922,009070,KCTC,5600,30,135794,,,,
20250922,009140,경인전자,20550,0,1260,,,,
20250922,009150,삼성전기,207000,9300,719169,,,,
20250922,009155,삼성전기우,92800,4200,36634,,,,
20250922,009160,SIMPAC,4500,-90,36480,,,,
20250922,009180,한솔로지스틱스,2860,-65,68795,,,,
20250922,009190,대양금속,1597,-19,143617,,,,
20250922,009200,무림페이퍼,2025,-10,89766,,,,
20250922,009240,한샘,46100,-150,30846,,,,
20250922,009270,신원,1738,97,2466476,,,,
20250922,009290,광동제약,5980,70,87919,,,,
20250922,009310,참엔지니어링,1299,3,8384,,,,
20250922,009320,아진전자부품,1036,-4,29227,,,,
20250922,009410,태영건설,1616,-52,781705,,,,
20250922,009415,태영건설우,5100,120,1097,,,,
20250922,009420,한올바이오파마,33100,350,265960,,,,
20250922,009440,KC그린홀딩스,756,0,0,,,,
20250922,009450,경동나비엔,76400,-400,49532,,,,
20250922,009460,한창제지,3180,40,16448,,,,
20250922,009470,삼화전기,41900,-1300,430840,,,,
20250922,009540,HD한국조선해양,403000,-4500,142307,,,,
20250922,009580,무림P&P,2590,5,46030,,,,
20250922,009680,모토닉,10270,10,59243,,,,
20250922,009770,삼정펄프,27700,200,3356,,,,
20250922,009810,MDS스피어,3435,70,31966,,,,
20250922,009830,한화솔루션,28014,0,510341,,,,
20250922,009835,한화솔루션우,20954,226,6577,,,,
20250922,009900,명신산업,8990,-120,86507,,,,
20250922,009970,영원무역홀딩스,140500,-7100,17102,,,,
20250922,010040,한국내화,2155,-25,27999,,,,
20250922,010060,OCI홀딩스,96800,-400,82731,,,,
20250922,010100,한국무브넥스,4235,-50,285545,,,,
20250922,010120,LS ELECTRIC,58600,-600,527135,,,,
20250922,010130,고려아연,943000,3000,13980,,,,
20250922,010140,삼성중공업,21250,-200,2866130,,,,
20250922,010400,우진아이엔에스,2970,-100,8494,,,,
20250922,010580,에스엠벡셀,1526,24,233035,,,,
20250922,010640,진양폴리,3776,-5,64457,,,,
20250922,010660,화천기계,4720,-10,326858,,,,
20250922,010690,화신,8060,-50,176089,,,,
20250922,010770,평화홀딩스,3930,-60,94078,,,,
20250922,010780,아이에스동서,18850,-170,26201,,,,
20250922,010820,퍼스텍,4630,-70,569775,,,,
20250922,010950,S-Oil,58600,800,116100,,,,
20250922,010955,S-Oil우,37650,-350,15019,,,,
20250922,010960,삼호개발,3490,-35,92555,,,,
20250922,011000,진원생명과학,11925,-100,114892,,,,
20250922,011070,LG이노텍,193100,16600,696452,,,,
20250922,011090,에넥스,2995,-5,16620,,,,
20250922,011150,CJ씨푸드,2875,-25,136162,,,,
20250922,011155,CJ씨푸드1우,16630,-250,605,,,,
20250922,011170,롯데케미칼,65600,-500,103955,,,,
20250922,011200,HMM,21900,-550,2655834,,,,
20250922,011210,현대위아,50300,-300,50328,,,,
20250922,011230,삼화전자,3685,85,1494803,,,,
20250922,011280,태림포장,1939,-11,60151,,,,
20250922,011300,우성머티리얼스,4110,-170,50441,,,,
20250922,011330,유니켐,15410,50,12829,,,,
20250922,011390,부산산업,83600,3100,5489,,,,
20250922,011420,갤럭시아에스엠,2180,-70,463343,,,,
20250922,011500,한농화성,14190,-200,49590,,,,
20250922,011690,와이투솔루션,3705,135,426820,,,,
20250922,011700,한신기계,3475,30,450343,,,,
20250922,011760,현대코퍼레이션,22150,-200,38069,,,,
20250922,011780,금호석유화학,105700,0,67569,,,,
20250922,011785,금호석유화학우,56300,-100,3981,,,,
20250922,011790,SKC,98975,1034,192328,,,,
20250922,011810,STX,3530,0,0,,,,
20250922,011930,신성이엔지,18080,350,412887,,,,
20250922,012030,DB,1612,4,653070,,,,
20250922,012160,영흥,2875,-35,15356,,,,
20250922,012170,아센디오,2095,15,122006,,,,
20250922,012200,계양전기,1372,9,132042,,,,
20250922,012205,계양전기우,2900,-48,1700,,,,
20250922,012280,영화금속,891,-5,69636,,,,
20250922,012320,경동인베스트,58000,-500,23662,,,,
20250922,012330,현대모비스,312500,4500,130228,,,,
20250922,012450,한화에어로스페이스,1022000,0,137450,,,,
20250922,012610,경인양행,3050,-50,51429,,,,
20250922,012630,HDC,19100,-90,143972,,,,
20250922,012690,모나리자,2500,-15,56674,,,,
20250922,012750,에스원,83400,-2700,51456,,,,
20250922,012800,대창,1287,-11,642424,,,,
20250922,013000,세우글로벌,1075,2,26849,,,,
20250922,013360,일성건설,1365,-20,389804,,,,
20250922,013520,화승코퍼레이션,2025,0,105502,,,,
20250922,013570,디와이,4370,-55,23355,,,,
20250922,013580,계룡건설,20100,-150,48636,,,,
20250922,013700,까뮤이앤씨,1127,-2,37328,,,,
20250922,013870,지엠비코리아,4010,-5,11704,,,,
20250922,013890,지누스,16580,-480,80647,,,,
20250922,014130,한익스프레스,3230,-50,19835,,,,
20250922,014160,대영포장,1175,-9,465245,,,,
20250922,014280,금강공업,5010,-50,251029,,,,
20250922,014285,금강공업우,6700,-120,1087,,,,
20250922,014440,영보화학,4430,0,32666,,,,
20250922,014530,극동유화,3360,-10,70755,,,,
20250922,014580,태경비케이,4880,-20,72965,,,,
20250922,014680,한솔케미칼,204000,-1500,56698,,,,
20250922,014710,사조씨푸드,8920,260,22680,,,,
20250922,014790,HL D&I,2430,-25,57567,,,,
20250922,014820,동원시스템즈,28300,-150,19975,,,,
20250922,014825,동원시스템즈우,17370,-230,553,,,,
20250922,014830,유니드,75000,-1300,22881,,,,
20250922,014910,성문전자,1139,-18,28389,,,,
20250922,014915,성문전자우,4080,-25,4859,,,,
20250922,014990,인디에프,5890,425,216753,,,,
20250922,015020,이스타코,1318,-22,56063,,,,
20250922,015230,대창단조,6190,-110,52012,,,,
20250922,015260,에이엔피,498,-3,273400,,,,
20250922,015360,INVENI,12500,80,59745,,,,
20250922,015590,DKME,2575,0,0,,,,
20250922,015760,한국전력,35900,350,1403154,,,,
20250922,015860,일진홀딩스,5450,-100,85927,,,,
20250922,015890,태경산업,5210,0,39122,,,,
20250922,016090,대현,1835,1,57897,,,,
20250922,016360,삼성증권,76300,900,291432,,,,
20250922,016380,KG스틸,5390,70,86201,,,,
20250922,016450,한세예스24홀딩스,4200,100,51343,,,,
20250922,016580,환인제약,11100,-120,49499,,,,
20250922,016590,신대양제지,11150,40,11376,,,,
20250922,016610,DB증권,9930,30,121039,,,,
20250922,016710,대성홀딩스,8750,30,9415,,,,
20250922,016740,두올,3405,-60,67866,,,,
20250922,016800,퍼시스,44700,-200,429,,,,
20250922,016880,웅진,4610,-230,1396325,,,,
20250922,017040,광명전기,1182,43,1067392,,,,
20250922,017180,명문제약,1754,19,126654,,,,
20250922,017370,우신시스템,7110,-140,49832,,,,
20250922,017390,서울가스,63200,1000,9691,,,,
20250922,017550,수산세보틱스,1844,-15,105496,,,,
20250922,017670,SK텔레콤,55100,-400,363252,,,,
20250922,017800,현대엘리베이터,80800,600,151767,,,,
20250922,017810,풀무원,14390,-110,118916,,,,
20250922,017860,DS단석,21787,-247,67701,,,,
20250922,017900,광전자,1940,7,24587,,,,
20250922,017940,E1,78400,300,10959,,,,
20250922,017960,한국카본,31950,-800,478946,,,,
20250922,018250,애경산업,15040,-150,84259,,,,
20250922,018260,삼성에스디에스,164500,1200,109699,,,,
20250922,018470,조일알미늄,1405,-9,310895,,,,
20250922,018500,동원모빌리티,1304,-13,256169,,,,
20250922,018670,SK가스,239000,0,5165,,,,
20250922,018880,한온시스템,3048,-28,635835,,,,
20250922,019170,신풍제약,13800,-460,547823,,,,
20250922,019175,신풍제약우,27000,-1450,18128,,,,
20250922,019180,티에이치엔,5950,-580,1456024,,,,
20250922,019490,엑시큐어하이트론,669,-11,1116017,,,,
20250922,019680,대교,2195,-20,32583,,,,
20250922,019685,대교우B,1269,0,5097,,,,
20250922,020000,한섬,15510,-80,25596,,,,
20250922,020120,키다리스튜디오,4345,-45,221996,,,,
20250922,020150,롯데에너지머티리얼즈,23850,-300,65166,,,,
20250922,020560,아시아나항공,9360,-220,192295,,,,
20250922,020760,일진디스플,902,0,0,,,,
20250922,021050,서원,1159,-10,183151,,,,
20250922,021240,코웨이,104800,-800,93038,,,,
20250922,021820,세원정공,11300,310,27069,,,,
20250922,022100,포스코DX,22200,-500,217837,,,,
20250922,023000,삼원강재,2440,0,10404,,,,
20250922,023150,MH에탄올,5110,-10,6243,,,,
20250922,023350,한국종합기술,4760,-40,26718,,,,
20250922,023450,동남합성,33850,-50,996,,,,
20250922,023530,롯데쇼핑,71800,-700,53280,,,,
20250922,023590,다우기술,37500,700,68739,,,,
20250922,023800,인지컨트롤스,5960,-80,32689,,,,
20250922,023810,인팩,6720,140,26643,,,,
20250922,023960,에쓰씨엔지니어링,1200,-8,97760,,,,
20250922,024070,WISCOM,1958,9,11979,,,,
20250922,024090,디씨엠,11890,-30,7619,,,,
20250922,024110,기업은행,19760,0,514059,,,,
20250922,024720,콜마홀딩스,13150,80,141587,,,,
20250922,024890,대원화성,4295,-5,2715,,,,
20250922,024900,디와이덕양,2285,-5,52166,,,,
20250922,025000,KPX케미칼,47353,755,9367,,,,
20250922,025530,SJM홀딩스,3590,0,4334,,,,
20250922,025540,한국단자,62700,0,13243,,,,
20250922,025560,미래산업,2278,-20,122005,,,,
20250922,025620,차AI헬스케어,7910,-210,47715,,,,
20250922,025750,한솔홈데코,3495,-15,17425,,,,
20250922,025820,이구산업,4635,-20,168840,,,,
20250922,025860,남해화학,6820,30,42977,,,,
20250922,025890,한국주강,1964,14,68667,,,,
20250922,026890,스틱인베스트먼트,10970,-360,102064,,,,
20250922,026940,부국철강,2425,-15,67298,,,,
20250922,026960,동서,28000,-350,68462,,,,
20250922,027410,BGF,4020,10,67800,,,,
20250922,027740,마니커,1702,-6,33376,,,,
20250922,027970,한국제지,4035,-5,16684,,,,
20250922,028050,삼성E&A,27750,-500,490160,,,,
20250922,028100,동아지질,15270,-290,15641,,,,
20250922,028260,삼성물산,197700,1300,248291,,,,
20250922,02826K,삼성물산우B,131000,1400,10170,,,,
20250922,028670,팬오션,4020,-80,722499,,,,
20250922,029460,케이씨,26450,1150,159320,,,,
20250922,029530,신도리코,43250,-50,6841,,,,
20250922,029780,삼성카드,51800,300,54142,,,,
20250922,030000,제일기획,20350,150,274651,,,,
20250922,030190,NICE평가정보,14500,140,118924,,,,
20250922,030200,KT,49700,-1100,430568,,,,
20250922,030210,다올투자증권,3650,15,41733,,,,
20250922,030610,교보증권,9640,10,125514,,,,
20250922,030720,동원수산,6120,50,14785,,,,
20250922,031210,서울보증보험,53800,-200,83717,,,,
20250922,031430,신세계인터내셔날,10410,-50,44155,,,,
20250922,031820,아이티센씨티에스,6110,-70,28618,,,,
20250922,032350,롯데관광개발,19790,90,976854,,,,
20250922,032560,황금에스티,5740,40,26453,,,,
20250922,032640,LG유플러스,14830,-350,712156,,,,
20250922,032830,삼성생명,155800,2400,326891,,,,
20250922,033240,자화전자,21550,300,228109,,,,
20250922,033250,체시스,5535,-10,44814,,,,
20250922,033270,유나이티드제약,20050,-50,58432,,,,
20250922,033530,SJG세종,6520,240,222567,,,,
20250922,033780,KT&G,142600,2200,337932,,,,
20250922,033920,무학,8300,100,36786,,,,
20250922,034020,두산에너빌리티,62400,1600,6830285,,,,
20250922,034120,SBS,20350,300,28776,,,,
20250922,034220,LG디스플레이,13340,300,3381159,,,,
20250922,034230,파라다이스,22500,-400,1210863,,,,
20250922,034310,NICE,13900,230,42695,,,,
20250922,034590,인천도시가스,25950,0,7822,,,,
20250922,034730,SK,228500,1500,89102,,,,
20250922,03473K,SK우,174400,200,3752,,,,
20250922,034830,한국토지신탁,1409,4,526051,,,,
20250922,035000,HS애드,8880,20,14770,,,,
20250922,035150,백산,14310,0,38082,,,,
20250922,035250,강원랜드,18070,-140,241561,,,,
20250922,035420,NAVER,232000,-2000,1004689,,,,
20250922,035510,신세계 I&C,15330,-290,102735,,,,
20250922,035720,카카오,66400,-600,2276896,,,,
20250922,036420,콘텐트리중앙,11370,20,30906,,,,
20250922,036460,한국가스공사,39300,-250,324857,,,,
20250922,036530,SNT홀딩스,79000,-500,21652,,,,
20250922,036570,NC,235500,-3000,68637,,,,
20250922,036580,팜스코,2750,85,85521,,,,
20250922,037270,YG PLUS,8860,250,1702144,,,,
20250922,037560,LG헬로비전,2825,-20,229325,,,,
20250922,037710,광주신세계,30550,-150,8910,,,,
20250922,039130,하나투어,51600,-700,90405,,,,
20250922,039490,키움증권,278000,500,102681,,,,
20250922,039570,HDC랩스,8560,-60,2450,,,,
20250922,041650,상신브레이크,2770,-25,35331,,,,
20250922,042660,한화오션,109600,-2100,1182021,,,,
20250922,042700,한미반도체,93200,-100,590874,,,,
20250922,044380,주연테크,2770,-45,44864,,,,
20250922,044450,KSS해운,9370,-100,47584,,,,
20250922,044820,코스맥스비티아이,19290,20,20965,,,,
20250922,047040,대우건설,3685,-55,739179,,,,
20250922,047050,포스코인터내셔널,48750,-300,206887,,,,
20250922,047400,유니온머티리얼,1448,-28,59697,,,,
20250922,047810,한국항공우주,106500,-3400,742566,,,,
20250922,049800,우진플라임,2175,-5,26744,,,,
20250922,051600,한전KPS,49500,600,124902,,,,
20250922,051630,진양화학,2330,-10,118827,,,,
20250922,051900,LG생활건강,292000,0,36662,,,,
20250922,051905,LG생활건강우,119600,-300,4228,,,,
20250922,051910,LG화학,295000,4000,159506,,,,
20250922,051915,LG화학우,144500,2400,29550,,,,
20250922,052690,한전기술,86300,-200,204888,,,,
20250922,053210,스카이라이프,5160,-30,32061,,,,
20250922,053690,한미글로벌,20650,250,92343,,,,
20250922,055490,테이팩스,14680,-220,14291,,,,
20250922,055550,신한지주,69500,-300,818240,,,,
20250922,058430,포스코스틸리온,3725,-55,62130,,,,
20250922,058650,세아홀딩스,125000,-900,1597,,,,
20250922,058730,다스코,2930,-35,30273,,,,
20250922,058850,KTcs,3015,-35,605065,,,,
20250922,058860,KTis,2920,-10,69784,,,,
20250922,060980,HL홀딩스,40600,-500,8777,,,,
20250922,062040,산일전기,122200,3300,477908,,,,
20250922,063160,종근당바이오,24050,-450,26357,,,,
20250922,064350,현대로템,221000,-9000,931169,,,,
20250922,064400,LG씨엔에스,68600,-2700,1132239,,,,
20250922,064960,SNT모티브,35750,650,59749,,,,
20250922,066570,LG전자,79700,600,641705,,,,
20250922,066575,LG전자우,39500,800,136181,,,,
20250922,066970,엘앤에프,77900,3400,631505,,,,
20250922,067830,세이브존I&C,2650,0,16493,,,,
20250922,068270,셀트리온,161180,-1620,292282,,,,
20250922,068290,삼성출판사,16610,-460,122647,,,,
20250922,069260,TKG휴켐스,17830,-40,29697,,,,
20250922,069460,대호에이엘,8375,-145,93089,,,,
20250922,069620,대웅제약,144500,3000,49332,,,,
20250922,069640,한세엠케이,1652,-18,22916,,,,
20250922,069730,DSR제강,3815,45,9747,,,,
20250922,069960,현대백화점,89500,100,120189,,,,
20250922,070960,모나용평,4010,55,71412,,,,
20250922,071050,한국금융지주,158000,700,162600,,,,
20250922,071055,한국금융지주우,115000,900,24565,,,,
20250922,071090,하이스틸,4315,-90,433355,,,,
20250922,071320,지역난방공사,87900,1400,23956,,,,
20250922,071840,롯데하이마트,8270,-110,21268,,,,
20250922,071950,코아스,6120,240,244899,,,,
20250922,071970,HD현대마린엔진,84000,-2000,437981,,,,
20250922,072130,유엔젤,5690,-20,294470,,,,
20250922,072710,농심홀딩스,118300,-5600,133648,,,,
20250922,073240,금호타이어,4910,-40,371828,,,,
20250922,074610,이엔플러스,5110,0,0,,,,
20250922,075180,새론오토모티브,3230,-5,2814,,,,
20250922,075580,세진중공업,22000,-850,2057855,,,,
20250922,077500,유니퀘스트,7270,50,522165,,,,
20250922,077970,STX엔진,41800,-400,791832,,,,
20250922,078000,텔코웨어,14550,160,17592,,,,
20250922,078520,에이블씨엔씨,11310,-150,433224,,,,
20250922,078930,GS,46100,100,109065,,,,
20250922,078935,GS우,43000,-250,7790,,,,
20250922,079160,CJ CGV,5470,250,4474762,,,,
20250922,079430,현대리바트,7280,60,11900,,,,
20250922,079550,LIG디펜스앤에어로스페이스,496000,-17000,204438,,,,
20250922,079900,전진건설로봇,47850,-350,47765,,,,
20250922,079980,휴비스,3055,-60,37795,,,,
20250922,081000,일진다이아,11980,-10,10660,,,,
20250922,081660,미스토홀딩스,39750,-650,82365,,,,
20250922,082640,동양생명,7790,-270,195133,,,,
20250922,082740,한화엔진,42900,50,1122167,,,,
20250922,083420,그린케미칼,7500,-110,37240,,,,
20250922,084010,대한제강,10862,-274,18011,,,,
20250922,084670,동양고속,8210,-60,727,,,,
20250922,084680,이월드,1495,-35,284279,,,,
20250922,084690,대상홀딩스,9610,90,43451,,,,
20250922,084695,대상홀딩스우,12540,-50,6958,,,,
20250922,084870,TBH글로벌,1345,-55,87827,,,,
20250922,085310,엔케이,14180,-480,277740,,,,
20250922,085620,미래에셋생명,7940,150,174620,,,,
20250922,086280,현대글로비스,177700,-300,216914,,,,
20250922,086790,하나금융지주,90400,-300,540017,,,,
20250922,088260,이리츠코크렙,4710,-10,39140,,,,
20250922,088350,한화생명,3270,-15,772706,,,,
20250922,088790,진도,1913,3,160388,,,,
20250922,088980,맥쿼리인프라,11330,-80,1971486,,,,
20250922,089470,HDC현대EP,4095,-30,45442,,,,
20250922,089590,제주항공,6600,-30,39390,,,,
20250922,089860,롯데렌탈,29750,-150,32723,,,,
20250922,090080,평화산업,993,-2,167180,,,,
20250922,090350,노루페인트,9450,-100,90782,,,,
20250922,090355,노루페인트우,13800,-80,860,,,,
20250922,090370,메타랩스,1340,14,20948,,,,
20250922,090430,아모레퍼시픽,124200,-1400,272817,,,,
20250922,090435,아모레퍼시픽우,43000,200,15090,,,,
20250922,090460,비에이치,19160,1330,3717264,,,,
20250922,091810,트리니티항공,1794,-11,304151,,,,
20250922,092200,디아이씨,4665,-85,343725,,,,
20250922,092220,KEC,4265,60,462079,,,,
20250922,092230,KPX홀딩스,68900,-700,1330,,,,
20250922,092440,기신정기,2595,-5,32418,,,,
20250922,092780,DYP,3915,-65,25296,,,,
20250922,092790,넥스틸,12690,-200,237987,,,,
20250922,093050,LF,17960,60,40647,,,,
20250922,093240,형지엘리트,1432,20,536026,,,,
20250922,093370,후성,6110,-120,640576,,,,
20250922,094280,효성ITX,12970,-10,9823,,,,
20250922,094800,맵스리얼티,4945,10,81853,,,,
20250922,095570,AJ네트웍스,4425,20,194259,,,,
20250922,095720,웅진씽크빅,3342,-34,58960,,,,
20250922,096760,JW홀딩스,3330,-20,24565,,,,
20250922,096770,SK이노베이션,104200,200,186127,,,,
20250922,096775,SK이노베이션우,69100,-400,2863,,,,
20250922,097230,HJ중공업,29100,-50,8267908,,,,
20250922,097520,엠씨넥스,29500,200,48618,,,,
20250922,097950,CJ제일제당,236000,-1500,41955,,,,
20250922,097955,CJ제일제당 우,141300,-1200,5189,,,,
20250922,100090,SK오션플랜트,24750,-700,2818134,,,,
20250922,100220,비상교육,5630,-120,68130,,,,
20250922,100250,진양홀딩스,3123,-4,82688,,,,
20250922,100840,SNT에너지,54900,-100,196655,,,,
20250922,101140,인바이오젠,11890,-410,16840,,,,
20250922,101530,해태제과식품,6800,-50,43610,,,,
20250922,102260,동성케미컬,4211,5,63893,,,,
20250922,102460,이연제약,11400,-70,10349,,,,
20250922,103140,풍산,125400,-2600,258885,,,,
20250922,103590,일진전기,35100,-1050,749371,,,,
20250922,104700,한국철강,10440,10,26219,,,,
20250922,105560,KB금융,116900,400,629902,,,,
20250922,105630,한세실업,10860,80,110310,,,,
20250922,105840,우진,13020,1110,9779320,,,,
20250922,107590,미원홀딩스,73100,300,291,,,,
20250922,108320,LX세미콘,55700,-700,53544,,,,
20250922,108670,LX하우시스,28650,0,21296,,,,
20250922,108675,LX하우시스우,17400,20,2644,,,,
20250922,109070,주성코퍼레이션,1009,93,4959389,,,,
20250922,111110,호전실업,7760,-120,50932,,,,
20250922,111380,동인기연,14120,-140,6969,,,,
20250922,111770,영원무역,62400,-1900,42958,,,,
20250922,112610,씨에스윈드,43700,-850,180766,,,,
20250922,114090,GKL,16800,-380,306702,,,,
20250922,117580,대성에너지,8280,40,40077,,,,
20250922,118000,메타케어,3250,-80,261985,,,,
20250922,119650,KC코트렐,918,0,0,,,,
20250922,120030,조선선재,110300,-100,6585,,,,
20250922,120110,코오롱인더,37050,-1100,174273,,,,
20250922,120115,코오롱인더우,23900,-100,4728,,,,
20250922,122900,아이마켓코리아,8280,30,43599,,,,
20250922,123690,한국화장품,11010,-40,436308,,,,
20250922,123700,SJM,3530,0,46204,,,,
20250922,123890,한국자산신탁,2350,0,189669,,,,
20250922,126560,현대퓨처넷,3200,-40,90777,,,,
20250922,126720,수산인더스트리,21800,550,24412,,,,
20250922,128820,대성산업,4435,-90,159508,,,,
20250922,128940,한미약품,366000,5500,157927,,,,
20250922,129260,인터지스,2745,-5,89282,,,,
20250922,130660,한전산업,11960,110,131430,,,,
20250922,133820,화인베스틸,1837,-203,2295009,,,,
20250922,134380,미원화학,8600,-240,13370,,,,
20250922,134790,시디즈,24450,-250,2881,,,,
20250922,136490,선진,12320,860,418477,,,,
20250922,137310,에스디바이오센서,10800,-40,106979,,,,
20250922,138040,메리츠금융지주,118900,-400,170784,,,,
20250922,138930,BNK금융지주,14940,60,717506,,,,
20250922,139130,iM금융지주,14160,-110,363258,,,,
20250922,139480,이마트,77400,-1100,148090,,,,
20250922,139990,아주스틸,3940,-60,11959,,,,
20250922,143210,핸즈코퍼레이션,1671,0,1623,,,,
20250922,145210,다이나믹디자인,6480,-100,43290,,,,
20250922,145270,케이탑리츠,957,-3,34262,,,,
20250922,145720,덴티움,58700,200,22952,,,,
20250922,145990,삼양사,51600,100,11563,,,,
20250922,145995,삼양사우,36050,250,1496,,,,
20250922,155660,DSR,3800,35,5316,,,,
20250922,161000,애경케미칼,10220,70,168041,,,,
20250922,161390,한국타이어앤테크놀로지,38550,150,223457,,,,
20250922,161890,한국콜마,80700,1000,221871,,,,
20250922,163560,동일고무벨트,6760,-70,23496,,,,
20250922,170900,동아에스티,45922,334,13814,,,,
20250922,175330,JB금융지주,23950,-200,230794,,,,
20250922,178920,PI첨단소재,17910,260,111976,,,,
20250922,180640,한진칼,106500,-2000,74566,,,,
20250922,18064K,한진칼우,35750,-800,3273,,,,
20250922,181710,NHN,26700,-600,37070,,,,
20250922,183190,아세아시멘트,12620,-320,169612,,,,
20250922,185750,종근당,83100,100,47179,,,,
20250922,192080,더블유게임즈,53800,-600,29011,,,,
20250922,192400,쿠쿠홀딩스,32300,-750,32566,,,,
20250922,192650,드림텍,6600,0,76952,,,,
20250922,192820,코스맥스,243500,9000,157436,,,,
20250922,194370,제이에스코퍼레이션,10960,-100,150445,,,,
20250922,195870,해성디에스,30150,2450,473638,,,,
20250922,200880,서연이화,11270,70,48755,,,,
20250922,204320,HL만도,35050,-500,130381,,,,
20250922,207940,삼성바이오로직스,1510009,2943,34984,,,,
20250922,210540,디와이파워,12550,-380,41272,,,,
20250922,210980,SK디앤디,10030,100,104540,,,,
20250922,213500,한솔제지,8670,0,43821,,,,
20250922,214320,이노션,18270,60,60105,,,,
20250922,214330,금호에이치티,16348,82,8777,,,,
20250922,214390,경보제약,5880,130,58418,,,,
20250922,214420,토니모리,11000,420,721303,,,,
20250922,226320,잇츠한불,12700,150,18893,,,,
20250922,227840,현대코퍼레이션홀딩스,12880,-220,25987,,,,
20250922,229640,LS에코에너지,39950,-1000,202336,,,,
20250922,234080,JW생명과학,12360,270,77015,,,,
20250922,241560,두산밥캣,55700,-500,188859,,,,
20250922,241590,화승엔터프라이즈,6450,-140,406845,,,,
20250922,244920,에이플러스에셋,7600,420,312902,,,,
20250922,248070,솔루엠,18380,-910,357134,,,,
20250922,248170,샘표식품,26650,-100,3404,,,,
20250922,249420,일동제약,28100,-1950,3476769,,,,
20250922,251270,넷마블,66500,400,232423,,,,
20250922,259960,크래프톤,309000,-7500,124371,,,,
20250922,264900,크라운제과,9490,-70,11305,,,,
20250922,26490K,크라운제과우,9620,-70,1152,,,,
20250922,267250,HD현대,159100,-2200,128498,,,,
20250922,267260,HD현대일렉트릭,585000,3000,108671,,,,
20250922,267270,HD건설기계,98400,-3600,136930,,,,
20250922,267290,경동도시가스,20550,50,7188,,,,
20250922,267850,아시아나IDT,11710,-50,6531,,,,
20250922,268280,미원에스씨,141000,1100,813,,,,
20250922,271560,오리온,107100,-1400,103349,,,,
20250922,271940,일진하이솔루스,17940,-310,46027,,,,
20250922,271980,제일약품,14400,50,33118,,,,
20250922,272210,한화시스템,57500,-2100,1242277,,,,
20250922,272450,진에어,8360,-60,53092,,,,
20250922,272550,삼양패키징,13780,440,41913,,,,
20250922,278470,에이피알,225000,1500,504654,,,,
20250922,280360,롯데웰푸드,117000,2300,21185,,,,
20250922,281820,케이씨텍,39150,500,129120,,,,
20250922,282330,BGF리테일,109600,-300,40231,,,,
20250922,284740,쿠쿠홈시스,27200,-100,33743,,,,
20250922,285130,SK케미칼,63500,-1400,50628,,,,
20250922,28513K,SK케미칼우,26800,0,10780,,,,
20250922,286940,롯데이노베이트,22150,150,11655,,,,
20250922,293480,하나제약,12290,80,24529,,,,
20250922,293940,신한알파리츠,5670,-40,254413,,,,
20250922,294870,IPARK현대산업개발,20450,-500,221124,,,,
20250922,298000,효성화학,77800,0,0,,,,
20250922,298020,효성티앤씨,219000,0,7115,,,,
20250922,298040,효성중공업,1408000,-16000,41020,,,,
20250922,298050,HS효성첨단소재,188700,-1500,5622,,,,
20250922,298690,에어부산,1997,-18,114103,,,,
20250922,300720,한일시멘트,19860,-100,150917,,,,
20250922,302440,SK바이오사이언스,49750,300,106085,,,,
20250922,306200,세아제강,126800,-2500,9124,,,,
20250922,307950,현대오토에버,164500,-3500,59944,,,,
20250922,308170,씨티알모빌리티,5120,10,1357,,,,
20250922,316140,우리금융지주,26350,-500,1124793,,,,
20250922,317400,자이에스앤디,3390,-40,42968,,,,
20250922,322000,HD현대에너지솔루션,51300,-400,57462,,,,
20250922,323410,카카오뱅크,24850,100,626776,,,,
20250922,326030,SK바이오팜,111300,-2200,167640,,,,
20250922,329180,HD현대중공업,497500,4500,128819,,,,
20250922,330590,롯데리츠,4010,-40,416998,,,,
20250922,334890,이지스밸류플러스리츠,4090,30,145701,,,,
20250922,336260,두산퓨얼셀,30850,-1500,1592869,,,,
20250922,33626K,두산퓨얼셀1우,6990,-300,54678,,,,
20250922,33626L,두산퓨얼셀2우B,11070,-160,6719,,,,
20250922,336370,솔루스첨단소재,7930,-240,140448,,,,
20250922,33637K,솔루스첨단소재1우,1837,-13,55088,,,,
20250922,33637L,솔루스첨단소재2우B,3790,25,1142,,,,
20250922,338100,NH프라임리츠,4690,30,55175,,,,
20250922,339770,교촌에프앤비,4550,-20,92780,,,,
20250922,344820,KCC글라스,28650,-600,63192,,,,
20250922,348950,제이알글로벌리츠,2985,-80,635035,,,,
20250922,350520,이지스레지던스리츠,3935,-20,33389,,,,
20250922,352820,하이브,287000,-2500,164746,,,,
20250922,353200,대덕전자,28300,1150,1928640,,,,
20250922,35320K,대덕전자1우,9450,80,23428,,,,
20250922,357120,코람코라이프인프라리츠,4395,0,135688,,,,
20250922,357250,미래에셋맵스리츠,2820,-10,46685,,,,
20250922,357430,마스턴프리미어리츠,1561,-7,38411,,,,
20250922,361610,SK아이이테크놀로지,28750,50,150801,,,,
20250922,363280,티와이홀딩스,2885,70,46034,,,,
20250922,36328K,티와이홀딩스우,5340,-40,1929,,,,
20250922,365550,ESR켄달스퀘어리츠,4555,-15,504064,,,,
20250922,372910,한컴라이프케어,2860,40,203364,,,,
20250922,373220,LG에너지솔루션,349000,-500,137479,,,,
20250922,375500,DL이앤씨,42250,-150,153619,,,,
20250922,37550K,DL이앤씨우,19700,-90,5113,,,,
20250922,37550L,DL이앤씨2우(전환),30650,-50,1897,,,,
20250922,377190,디앤디플랫폼리츠,3445,-5,104955,,,,
20250922,377300,카카오페이,56500,0,545911,,,,
20250922,377740,바이오노트,6080,-130,86173,,,,
20250922,378850,화승알앤에이,3420,0,226757,,,,
20250922,381970,케이카,16030,40,48615,,,,
20250922,383220,F&F,66700,-800,42979,,,,
20250922,383800,LX홀딩스,8020,-130,161071,,,,
20250922,38380K,LX홀딩스1우,8600,-100,1440,,,,
20250922,395400,SK리츠,5060,-90,444080,,,,
20250922,396690,미래에셋글로벌리츠,2815,-15,83115,,,,
20250922,400760,NH올원리츠,3335,65,432351,,,,
20250922,402340,SK스퀘어,215500,-1000,454188,,,,
20250922,403550,쏘카,12550,70,2794,,,,
20250922,404990,신한서부티엔디리츠,3440,30,93711,,,,
20250922,415640,KB발해인프라,8820,30,123496,,,,
20250922,417310,코람코더원리츠,6560,310,1358612,,,,
20250922,432320,KB스타리츠,3960,35,101566,,,,
20250922,439260,대한조선,81200,300,868365,,,,
20250922,443060,HD현대마린솔루션,203500,-6500,91169,,,,
20250922,446070,유니드비티플러스,3915,-20,9888,,,,
20250922,448730,삼성FN리츠,4340,-25,131796,,,,
20250922,450080,에코프로머티,50900,-700,191560,,,,
20250922,451800,한화리츠,4115,30,411630,,,,
20250922,452260,한화갤러리아,1123,-13,506562,,,,
20250922,45226K,한화갤러리아우,2285,65,8775,,,,
20250922,453340,현대그린푸드,15300,-110,48467,,,,
20250922,454910,두산로보틱스,71200,4800,2704662,,,,
20250922,456040,OCI,58400,200,21057,,,,
20250922,457190,이수스페셜티케미컬,45600,-300,176002,,,,
20250922,460850,동국씨엠,5550,-40,30963,,,,
20250922,460860,동국제강,9370,-240,159836,,,,
20250922,462520,조선내화,13860,-110,4547,,,,
20250922,462870,시프트업,40850,-400,62940,,,,
20250922,465770,STX그린로지스,7520,-50,27239,,,,
20250922,475150,SK이터닉스,23400,-50,547948,,,,
20250922,475560,더본코리아,26650,150,25714,,,,
20250922,480370,씨케이솔루션,3381,-44,69836,,,,
20250922,481850,신한글로벌액티브리츠,1449,3,55871,,,,
20250922,483650,달바글로벌,165900,-1400,95108,,,,
20250922,484870,엠앤씨솔루션,68333,-3500,161982,,,,
20250922,487570,HS효성,65300,2900,31920,,,,
20250922,489790,한화비전,59100,-300,315451,,,,
20250922,499790,GS피앤엘,54600,-1600,141271,,,,
20250922,900140,엘브이엠씨홀딩스,1697,-43,554999,,,,
20250922,950210,프레스티지바이오파마,14850,160,151012,,,,
20250923,000020,동화약품,6430,110,96122,,,,
20250923,000040,KR모터스,2565,-10,36789,,,,
20250923,000050,경방,7140,-100,21575,,,,
20250923,000070,삼양홀딩스,62392,-334,19653,,,,
20250923,000080,하이트진로,19020,-90,236537,,,,
20250923,000087,하이트진로2우B,15470,0,1895,,,,
20250923,000100,유한양행,123100,-100,448394,,,,
20250923,000105,유한양행우,108700,700,5326,,,,
20250923,000120,CJ대한통운,82700,-700,56673,,,,
20250923,000140,하이트진로홀딩스,10030,-70,34683,,,,
20250923,000145,하이트진로홀딩스우,11430,-70,696,,,,
20250923,000150,두산,590000,-11000,97751,,,,
20250923,000155,두산우,343500,-2500,13743,,,,
20250923,000157,두산2우B,367000,-11000,2333,,,,
20250923,000180,성창기업지주,8475,-15,4666,,,,
20250923,000210,DL,37400,-250,62777,,,,
20250923,000215,DL우,23300,-400,2350,,,,
20250923,000220,유유제약,4420,65,48408,,,,
20250923,000225,유유제약1우,4760,30,8199,,,,
20250923,000227,유유제약2우B,10650,0,1404,,,,
20250923,000230,일동홀딩스,9330,-100,31882,,,,
20250923,000240,한국앤컴퍼니,23250,300,106455,,,,
20250923,000270,기아,102800,900,597793,,,,
20250923,000300,DH오토넥스,4200,0,0,,,,
20250923,000320,노루홀딩스,28700,-550,33712,,,,
20250923,000325,노루홀딩스우,34450,0,278,,,,
20250923,000370,한화손해보험,5900,-110,512484,,,,
20250923,000390,SP삼화,6070,0,42396,,,,
20250923,000400,롯데손해보험,2055,106,12759254,,,,
20250923,000430,대원강업,3805,-40,56395,,,,
20250923,000480,CR홀딩스,4950,-25,118037,,,,
20250923,000490,대동,9680,-110,91199,,,,
20250923,000500,가온전선,33007,55,81763,,,,
20250923,000520,삼일제약,10960,150,314000,,,,
20250923,000540,흥국화재,4160,-60,72014,,,,
20250923,000545,흥국화재우,7130,-100,3182,,,,
20250923,000590,CS홀딩스,84900,-1200,659,,,,
20250923,000640,동아쏘시오홀딩스,112563,-2040,13463,,,,
20250923,000650,천일고속,40350,-300,69,,,,
20250923,000660,SK하이닉스,361000,10000,3315336,,,,
20250923,000670,영풍,41346,243,23281,,,,
20250923,000680,LS네트웍스,3840,-75,214373,,,,
20250923,000700,유수홀딩스,5910,50,9888,,,,
20250923,000720,현대건설,55500,-800,957131,,,,
20250923,000725,현대건설우,51400,-1100,5774,,,,
20250923,000760,이화산업,12390,140,336,,,,
20250923,000810,삼성화재,458500,1000,63530,,,,
20250923,000815,삼성화재우,345000,1000,5567,,,,
20250923,000850,화천기공,32200,50,2106,,,,
20250923,000860,강남제비스코,12190,-50,9564,,,,
20250923,000880,한화,106602,-2041,171594,,,,
20250923,00088K,한화3우B,38461,-805,33607,,,,
20250923,000890,보해양조,2215,-35,89431,,,,
20250923,000910,유니온,4505,-75,90919,,,,
20250923,000950,전방,38700,-800,2166,,,,
20250923,000970,한국주철관,7010,60,45764,,,,
20250923,000990,DB하이텍,56900,-1400,769300,,,,
20250923,001020,페이퍼코리아,3620,-30,3299,,,,
20250923,001040,CJ,197200,-5300,140092,,,,
20250923,001045,CJ우,103900,-2900,4862,,,,
20250923,00104K,CJ4우(전환),166200,-4100,16160,,,,
20250923,001060,JW중외제약,22000,-150,54740,,,,
20250923,001065,JW중외제약우,27550,-200,83,,,,
20250923,001067,JW중외제약2우B,60000,-200,54,,,,
20250923,001070,대한방직,6670,80,10591,,,,
20250923,001080,만호제강,3550,-235,93680,,,,
20250923,001120,LX인터내셔널,32200,-100,73351,,,,
20250923,001130,대한제분,14930,-170,37690,,,,
20250923,001200,유진투자증권,3585,-60,553357,,,,
20250923,001210,금호전기,4290,-5,80681,,,,
20250923,001230,동국홀딩스,1676,-20,242414,,,,
20250923,001250,GS글로벌,2550,-25,323855,,,,
20250923,001260,남광토건,8230,360,61361,,,,
20250923,001270,부국증권,70700,-2300,59415,,,,
20250923,001275,부국증권우,27100,-300,2727,,,,
20250923,001290,상상인증권,771,-39,926332,,,,
20250923,001340,PKC,5720,-50,90229,,,,
20250923,001360,삼성제약,1675,-7,202441,,,,
20250923,001380,SG글로벌,3396,-46,60244,,,,
20250923,001390,KG케미칼,5050,10,208071,,,,
20250923,001420,태원물산,3345,0,694,,,,
20250923,001430,세아베스틸지주,25600,-300,58926,,,,
20250923,001440,대한전선,15930,30,860370,,,,
20250923,001450,현대해상,29700,850,692201,,,,
20250923,001460,BYC,39450,550,3869,,,,
20250923,001465,BYC우,25050,-400,2266,,,,
20250923,001470,삼부토건,347,0,0,,,,
20250923,001500,현대차증권,8560,-230,188968,,,,
20250923,001510,SK증권,1363,-22,828630,,,,
20250923,001515,SK증권우,3752,-2,3884,,,,
20250923,001520,동양,1278,-28,136867,,,,
20250923,001525,동양우,8140,-10,200,,,,
20250923,001527,동양2우B,16260,120,51,,,,
20250923,001530,DI동일,24476,-10429,758927,,,,
20250923,001550,조비,12500,380,47508,,,,
20250923,001560,제일연마,10340,-100,4767,,,,
20250923,001570,금양,9900,0,0,,,,
20250923,001620,케이비아이동국실업,2405,-5,10947,,,,
20250923,001630,종근당홀딩스,49000,100,3275,,,,
20250923,001680,대상,22600,-300,60743,,,,
20250923,001685,대상우,17000,-10,3118,,,,
20250923,001720,신영증권,142600,-3400,17767,,,,
20250923,001740,SK네트웍스,4565,-15,246835,,,,
20250923,001750,한양증권,18410,-410,27565,,,,
20250923,001755,한양증권우,17520,-30,1150,,,,
20250923,001770,SHD,17940,100,648,,,,
20250923,001780,알루코,2105,-25,324192,,,,
20250923,001790,대한제당,2945,-25,212214,,,,
20250923,001795,대한제당우,2455,-30,27917,,,,
20250923,001800,오리온홀딩스,20800,-150,61431,,,,
20250923,001820,삼화콘덴서,33150,-1650,308804,,,,
20250923,001940,KISCO홀딩스,27100,300,16041,,,,
20250923,002020,코오롱,43750,1900,187758,,,,
20250923,002025,코오롱우,22950,900,3886,,,,
20250923,002030,아세아,351500,1500,1723,,,,
20250923,002070,비비안,14807,-178,18448,,,,
20250923,002100,경농,9750,120,37744,,,,
20250923,002140,고려산업,2660,-15,103326,,,,
20250923,002150,도화엔지니어링,6290,20,49387,,,,
20250923,002170,SYTS,55400,0,351,,,,
20250923,002200,한국수출포장,2935,0,68317,,,,
20250923,002210,동성제약,1946,0,0,,,,
20250923,002220,한일철강,3395,230,101991,,,,
20250923,002240,고려제강,17500,-170,24382,,,,
20250923,002310,아세아제지,8100,-40,134275,,,,
20250923,002320,한진,20050,-50,17234,,,,
20250923,002350,넥센타이어,5970,-10,41745,,,,
20250923,002355,넥센타이어1우B,3275,-30,55027,,,,
20250923,002360,SH에너지화학,4220,-20,20548,,,,
20250923,002380,KCC,417000,-8500,28897,,,,
20250923,002390,한독,11690,-70,14290,,,,
20250923,002410,범양건영,1935,0,0,,,,
20250923,002420,세기상사,5580,-90,2468,,,,
20250923,002450,삼익악기,1271,-18,116131,,,,
20250923,002460,HS화성,10350,60,34656,,,,
20250923,002600,조흥,160400,200,23,,,,
20250923,002620,제일파마홀딩스,8920,240,31996,,,,
20250923,002630,오리엔트바이오,1174,-10,252164,,,,
20250923,002690,동일제강,1593,-21,29353,,,,
20250923,002700,신일전자,1295,-6,595833,,,,
20250923,002710,TCC스틸,16700,-30,105147,,,,
20250923,002720,국제약품,4570,-65,78603,,,,
20250923,002760,보락,1042,-7,133187,,,,
20250923,002780,진흥기업,724,-5,83257,,,,
20250923,002785,진흥기업우B,3310,-65,334,,,,
20250923,002787,진흥기업2우B,7780,10,1,,,,
20250923,002790,아모레퍼시픽홀딩스,26650,-500,143437,,,,
20250923,002795,아모레퍼시픽홀딩스우,11080,-300,18164,,,,
20250923,00279K,아모레퍼시픽홀딩스3우C,21300,-400,8229,,,,
20250923,002810,삼영무역,15790,-20,12898,,,,
20250923,002820,SUN&L,2680,-30,1818,,,,
20250923,002840,미원상사,157500,300,1755,,,,
20250923,002870,신풍,1080,2,81025,,,,
20250923,002880,디와이에이,1155,-7,54794,,,,
20250923,002900,TYM,5790,-30,210790,,,,
20250923,002920,유성기업,2010,5,17972,,,,
20250923,002960,한국쉘석유,405500,-5500,2070,,,,
20250923,002990,금호건설,3810,-145,112685,,,,
20250923,002995,금호건설우,11200,-90,618,,,,
20250923,003000,부광약품,3725,-10,638957,,,,
20250923,003010,혜인,5370,-60,78526,,,,
20250923,003030,세아제강지주,163200,-1500,9094,,,,
20250923,003060,에이프로젠바이오로직스,621,1,219962,,,,
20250923,003070,코오롱글로벌,9080,-10,10203,,,,
20250923,003075,코오롱글로벌우,15400,-40,2809,,,,
20250923,003080,SB성보,2845,-15,19224,,,,
20250923,003090,대웅,25100,300,128443,,,,
20250923,0030R0,대신밸류리츠,4365,5,61279,,,,
20250923,003120,일성아이에스,24450,450,10952,,,,
20250923,003160,디아이,15770,-310,968139,,,,
20250923,003200,일신방직,10380,-20,24448,,,,
20250923,003220,대원제약,13250,0,35938,,,,
20250923,003230,삼양식품,1508000,-34000,39987,,,,
20250923,003240,태광산업,886000,3000,1152,,,,
20250923,003280,흥아해운,1628,-30,1116533,,,,
20250923,003300,한일홀딩스,16530,-140,23629,,,,
20250923,003350,한국화장품제조,11740,-300,199955,,,,
20250923,003460,유화증권,2755,-20,20622,,,,
20250923,003465,유화증권우,2605,-15,884,,,,
20250923,003470,유안타증권,3660,-55,224046,,,,
20250923,003475,유안타증권우,3695,-85,48629,,,,
20250923,003480,한진중공업홀딩스,5340,-90,145501,,,,
20250923,003490,대한항공,23100,-150,2075083,,,,
20250923,003495,대한항공우,23600,-250,6218,,,,
20250923,003520,영진약품,2010,-5,175702,,,,
20250923,003530,한화투자증권,5820,-130,1424090,,,,
20250923,003535,한화투자증권우,7900,20,9643,,,,
20250923,003540,대신증권,27800,-350,185623,,,,
20250923,003545,대신증권우,21100,50,48671,,,,
20250923,003547,대신증권2우B,19790,-30,41455,,,,
20250923,003550,LG,75500,-500,134884,,,,
20250923,003555,LG우,62500,-200,3849,,,,
20250923,003570,SNT다이내믹스,72600,300,170336,,,,
20250923,003580,HLB글로벌,2190,-45,127021,,,,
20250923,003610,방림,4955,-145,154186,,,,
20250923,003620,KG모빌리티,3360,20,235306,,,,
20250923,003650,미창석유,108000,-2000,468,,,,
20250923,003670,포스코퓨처엠,143600,2200,331860,,,,
20250923,003680,한성기업,5670,10,45427,,,,
20250923,003690,코리안리,11290,80,184279,,,,
20250923,003720,삼영,4995,-5,204361,,,,
20250923,003780,진양산업,7040,40,43441,,,,
20250923,003830,대한화섬,115500,0,188,,,,
20250923,003850,보령,8830,-20,172077,,,,
20250923,003920,남양유업,58000,-100,3521,,,,
20250923,003925,남양유업우,39000,0,4212,,,,
20250923,003960,사조대림,40100,-500,26389,,,,
20250923,004000,롯데정밀화학,48400,-200,54988,,,,
20250923,004020,현대제철,36150,-400,328209,,,,
20250923,004060,SG세계물산,3230,-10,20760,,,,
20250923,004080,신흥,13890,40,2776,,,,
20250923,004090,한국석유,14120,-130,42777,,,,
20250923,004100,태양금속,2115,-5,110036,,,,
20250923,004105,태양금속우,3075,-30,19111,,,,
20250923,004140,동방,3040,-20,512851,,,,
20250923,004150,한솔홀딩스,3280,0,55952,,,,
20250923,004170,신세계,199100,-1400,42275,,,,
20250923,004250,NPC,4145,5,22988,,,,
20250923,004255,NPC우,2475,0,463,,,,
20250923,004270,남성,7950,-63,6455,,,,
20250923,004310,현대약품,4005,-55,384311,,,,
20250923,004360,세방,14090,-60,56358,,,,
20250923,004365,세방우,9120,-60,5781,,,,
20250923,004370,농심,455500,-6500,39241,,,,
20250923,004380,삼익THK,13000,0,0,,,,
20250923,004410,서울식품,1560,-20,114329,,,,
20250923,004415,서울식품우,12340,-10,360,,,,
20250923,004430,송원산업,10060,-120,42710,,,,
20250923,004440,삼일씨엔에스,4800,-75,27055,,,,
20250923,004450,삼화왕관,34400,150,275,,,,
20250923,004490,세방전지,63800,300,22905,,,,
20250923,004540,깨끗한나라,2030,-40,110140,,,,
20250923,004545,깨끗한나라우,11800,-20,46,,,,
20250923,004560,현대비앤지스틸,11380,-100,38078,,,,
20250923,004690,삼천리,130400,-2300,9988,,,,
20250923,004700,조광피혁,64800,-200,5544,,,,
20250923,004710,한솔테크닉스,5409,0,0,,,,
20250923,004720,팜젠사이언스,4530,-40,86446,,,,
20250923,004770,써니전자,1615,-7,322780,,,,
20250923,004800,효성,89900,300,30112,,,,
20250923,004830,덕성,5410,-90,132654,,,,
20250923,004835,덕성우,7290,-30,5094,,,,
20250923,004840,DRB동일,4990,5,4716,,,,
20250923,004870,티웨이홀딩스,2649,-43,29961,,,,
20250923,004890,동일산업,40450,-150,1916,,,,
20250923,004910,조광페인트,5600,-50,28047,,,,
20250923,004920,씨아이테크,1236,18,103131,,,,
20250923,004960,한신공영,7850,-60,26371,,,,
20250923,004970,신라교역,9350,-110,11604,,,,
20250923,004980,성신양회,10030,10,92253,,,,
20250923,004985,성신양회우,11550,80,1395,,,,
20250923,004990,롯데지주,30700,-500,321816,,,,
20250923,00499K,롯데지주우,31300,400,385,,,,
20250923,005010,휴스틸,4080,-50,143715,,,,
20250923,005030,부산주공,486,0,0,,,,
20250923,005070,코스모신소재,44050,150,296553,,,,
20250923,005090,SGC에너지,23300,50,22782,,,,
20250923,005110,한창,1254,0,0,,,,
20250923,005180,빙그레,78800,5000,160221,,,,
20250923,005250,녹십자홀딩스,16930,430,168954,,,,
20250923,005257,녹십자홀딩스2우,28500,200,742,,,,
20250923,005300,롯데칠성,118400,-600,9218,,,,
20250923,005305,롯데칠성우,69600,-200,1093,,,,
20250923,005320,온타이드,1054,-10,109276,,,,
20250923,005360,모나미,2025,-15,133923,,,,
20250923,005380,현대차,219000,1000,473760,,,,
20250923,005385,현대차우,165200,700,83718,,,,
20250923,005387,현대차2우B,167400,0,111692,,,,
20250923,005389,현대차3우B,165300,1100,9434,,,,
20250923,005420,코스모화학,16050,-160,118135,,,,
20250923,005430,한국공항,67400,-700,24099,,,,
20250923,005440,현대지에프홀딩스,8340,-140,279014,,,,
20250923,005490,POSCO홀딩스,278500,-2000,202247,,,,
20250923,005500,삼진제약,19630,-1470,256984,,,,
20250923,005610,삼립,54200,-500,7137,,,,
20250923,005680,삼영전자,10830,0,12772,,,,
20250923,005690,파미셀,12650,70,1925539,,,,
20250923,005720,넥센,6020,-350,80973,,,,
20250923,005725,넥센우,4850,-140,1218,,,,
20250923,005740,크라운해태홀딩스,7300,-110,48878,,,,
20250923,005745,크라운해태홀딩스우,8280,20,1003,,,,
20250923,005750,대림바스,4620,-65,31242,,,,
20250923,005800,신영와코루,14260,-20,3506,,,,
20250923,005810,풍산홀딩스,40800,-300,27243,,,,
20250923,005820,원림,14430,-50,369,,,,
20250923,005830,DB손해보험,142000,-500,142717,,,,
20250923,005850,에스엘,36550,150,136863,,,,
20250923,005870,휴니드,8340,-80,74937,,,,
20250923,005880,대한해운,1734,-36,1607666,,,,
20250923,005930,삼성전자,84700,1200,23610263,,,,
20250923,005935,삼성전자우,67200,500,2438218,,,,
20250923,005940,NH투자증권,20150,-500,656810,,,,
20250923,005945,NH투자증권우,18230,-120,45634,,,,
20250923,005950,이수화학,5590,0,30110,,,,
20250923,005960,동부건설,6060,-110,54109,,,,
20250923,005965,동부건설우,18830,-190,112,,,,
20250923,006040,동원산업,45950,-1050,24433,,,,
20250923,006060,화승인더,4020,-75,111281,,,,
20250923,006090,사조오양,9940,10,2202,,,,
20250923,006110,삼아알미늄,22000,-450,50529,,,,
20250923,006120,SK디스커버리,54600,-900,16336,,,,
20250923,006125,SK디스커버리우,37000,-500,2529,,,,
20250923,006200,한국전자홀딩스,3925,265,2000724,,,,
20250923,006220,제주은행,13630,-80,125219,,,,
20250923,006260,LS,181900,-4100,156184,,,,
20250923,006280,녹십자,141200,1700,39891,,,,
20250923,006340,대원전선,3010,30,1048331,,,,
20250923,006345,대원전선우,3715,25,26142,,,,
20250923,006360,GS건설,18930,140,283430,,,,
20250923,006370,대구백화점,6810,-40,10331,,,,
20250923,006380,카프로,3660,0,0,,,,
20250923,006400,삼성SDI,210000,2500,296713,,,,
20250923,006405,삼성SDI우,136100,1400,5269,,,,
20250923,006490,프리티,3625,-185,177377,,,,
20250923,006570,대림통상,2560,30,2323,,,,
20250923,006650,대한유화,113100,-1100,23687,,,,
20250923,006660,삼성공조,13840,-120,19529,,,,
20250923,006740,블루산업개발,2362,0,95185,,,,
20250923,006800,미래에셋증권,21208,-846,2386390,,,,
20250923,006805,미래에셋증권우,9766,-267,58801,,,,
20250923,00680K,미래에셋증권2우B,9225,-342,858298,,,,
20250923,006840,AK홀딩스,10820,-160,8221,,,,
20250923,006880,신송홀딩스,6800,-40,35357,,,,
20250923,006890,태경케미컬,9520,270,58937,,,,
20250923,006980,우성,16830,40,1154,,,,
20250923,007070,GS리테일,16860,-240,110571,,,,
20250923,007110,일신석재,2205,230,24962120,,,,
20250923,007120,미래아이앤지,893,-16,67352,,,,
20250923,007160,사조산업,48950,-800,10660,,,,
20250923,007210,벽산,1972,-108,859055,,,,
20250923,007280,한국특강,3282,38,12796,,,,
20250923,007310,오뚜기,416000,-3000,6267,,,,
20250923,007340,DN오토모티브,23050,-300,109568,,,,
20250923,007460,에이프로젠,692,1,1616721,,,,
20250923,007540,샘표,48750,-850,5665,,,,
20250923,007570,일양약품,14600,0,0,,,,
20250923,007575,일양약품우,15260,0,0,,,,
20250923,007590,동방아그로,6190,10,8451,,,,
20250923,007610,선도전기,3000,0,0,,,,
20250923,007660,이수페타시스,75000,-1700,1269169,,,,
20250923,007690,국도화학,36800,-50,10195,,,,
20250923,007700,F&F홀딩스,19640,-210,17295,,,,
20250923,007810,코리아써키트,17990,-360,878492,,,,
20250923,007815,코리아써우,6810,-120,1941,,,,
20250923,00781K,코리아써키트2우B,6530,40,452,,,,
20250923,007860,서연,9230,-80,28211,,,,
20250923,007980,TP,1799,42,1738588,,,,
20250923,008040,사조동아원,1268,-25,2089811,,,,
20250923,008060,대덕,8600,-60,94642,,,,
20250923,00806K,대덕1우,8400,-240,2449,,,,
20250923,008250,이건산업,4820,-45,16421,,,,
20250923,008260,NI스틸,3735,-20,45798,,,,
20250923,008350,남선알미늄,1125,-8,522522,,,,
20250923,008355,남선알미우,12780,20,195,,,,
20250923,008420,문배철강,2365,-15,89817,,,,
20250923,008490,서흥,26050,-100,68119,,,,
20250923,008600,윌비스,3568,-41,18350,,,,
20250923,008700,아남전자,1319,-15,220345,,,,
20250923,008730,율촌화학,31000,-200,63520,,,,
20250923,008770,호텔신라,55700,-700,284523,,,,
20250923,008775,호텔신라우,43500,-350,1591,,,,
20250923,008870,금비,60100,-600,1930,,,,
20250923,008930,한미사이언스,41750,450,205438,,,,
20250923,008970,KBI동양철관,2341,-79,2106943,,,,
20250923,009070,KCTC,5560,-40,160603,,,,
20250923,009140,경인전자,20650,100,2571,,,,
20250923,009150,삼성전기,204000,-3000,368573,,,,
20250923,009155,삼성전기우,92200,-600,34227,,,,
20250923,009160,SIMPAC,4490,-10,86124,,,,
20250923,009180,한솔로지스틱스,2875,15,93338,,,,
20250923,009190,대양금속,1595,-2,101755,,,,
20250923,009200,무림페이퍼,2015,-10,145581,,,,
20250923,009240,한샘,45350,-750,21899,,,,
20250923,009270,신원,1791,53,3958040,,,,
20250923,009290,광동제약,5910,-70,114677,,,,
20250923,009310,참엔지니어링,1288,-11,17329,,,,
20250923,009320,아진전자부품,1032,-4,54567,,,,
20250923,009410,태영건설,1628,12,175756,,,,
20250923,009415,태영건설우,5030,-70,3602,,,,
20250923,009420,한올바이오파마,33100,0,400437,,,,
20250923,009440,KC그린홀딩스,756,0,0,,,,
20250923,009450,경동나비엔,76400,0,37795,,,,
20250923,009460,한창제지,3120,-60,16053,,,,
20250923,009470,삼화전기,40100,-1800,147783,,,,
20250923,009540,HD한국조선해양,399500,-3500,134303,,,,
20250923,009580,무림P&P,2590,0,159290,,,,
20250923,009680,모토닉,10280,10,31242,,,,
20250923,009770,삼정펄프,27700,0,1795,,,,
20250923,009810,MDS스피어,3365,-70,18886,,,,
20250923,009830,한화솔루션,28250,236,1048843,,,,
20250923,009835,한화솔루션우,20999,45,8413,,,,
20250923,009900,명신산업,8980,-10,63108,,,,
20250923,009970,영원무역홀딩스,142400,1900,18951,,,,
20250923,010040,한국내화,2145,-10,27355,,,,
20250923,010060,OCI홀딩스,97300,500,104382,,,,
20250923,010100,한국무브넥스,4215,-20,128547,,,,
20250923,010120,LS ELECTRIC,58600,0,1103835,,,,
20250923,010130,고려아연,942000,-1000,17324,,,,
20250923,010140,삼성중공업,21300,50,2662062,,,,
20250923,010400,우진아이엔에스,3025,55,12064,,,,
20250923,010580,에스엠벡셀,1568,42,163123,,,,
20250923,010640,진양폴리,3776,0,52050,,,,
20250923,010660,화천기계,4595,-125,303463,,,,
20250923,010690,화신,8110,50,103180,,,,
20250923,010770,평화홀딩스,3860,-70,133052,,,,
20250923,010780,아이에스동서,18630,-220,23829,,,,
20250923,010820,퍼스텍,4550,-80,539457,,,,
20250923,010950,S-Oil,57900,-700,142615,,,,
20250923,010955,S-Oil우,37600,-50,13607,,,,
20250923,010960,삼호개발,3440,-50,60650,,,,
20250923,011000,진원생명과학,11900,-25,477915,,,,
20250923,011070,LG이노텍,197100,4000,343773,,,,
20250923,011090,에넥스,2935,-60,38881,,,,
20250923,011150,CJ씨푸드,2870,-5,131519,,,,
20250923,011155,CJ씨푸드1우,16640,10,84,,,,
20250923,011170,롯데케미칼,64400,-1200,161169,,,,
20250923,011200,HMM,21250,-650,3238314,,,,
20250923,011210,현대위아,50600,300,110786,,,,
20250923,011230,삼화전자,3590,-95,367447,,,,
20250923,011280,태림포장,1942,3,38863,,,,
20250923,011300,우성머티리얼스,4020,-90,78311,,,,
20250923,011330,유니켐,15520,110,24424,,,,
20250923,011390,부산산업,88700,5100,9209,,,,
20250923,011420,갤럭시아에스엠,2110,-70,404227,,,,
20250923,011500,한농화성,14500,310,113231,,,,
20250923,011690,와이투솔루션,3550,-155,592739,,,,
20250923,011700,한신기계,3550,75,461163,,,,
20250923,011760,현대코퍼레이션,22150,0,37471,,,,
20250923,011780,금호석유화학,105400,-300,59799,,,,
20250923,011785,금호석유화학우,57000,700,3207,,,,
20250923,011790,SKC,98411,-564,163179,,,,
20250923,011810,STX,3530,0,0,,,,
20250923,011930,신성이엔지,18520,440,2136134,,,,
20250923,012030,DB,1586,-26,787026,,,,
20250923,012160,영흥,2820,-55,27316,,,,
20250923,012170,아센디오,2060,-35,94668,,,,
20250923,012200,계양전기,1372,0,25192,,,,
20250923,012205,계양전기우,2861,-39,2385,,,,
20250923,012280,영화금속,885,-6,76407,,,,
20250923,012320,경동인베스트,58100,100,11303,,,,
20250923,012330,현대모비스,312000,-500,92973,,,,
20250923,012450,한화에어로스페이스,1004000,-18000,148757,,,,
20250923,012610,경인양행,3005,-45,73960,,,,
20250923,012630,HDC,18220,-880,355870,,,,
20250923,012690,모나리자,2485,-15,38721,,,,
20250923,012750,에스원,86000,2600,53603,,,,
20250923,012800,대창,1284,-3,381720,,,,
20250923,013000,세우글로벌,1071,-4,25239,,,,
20250923,013360,일성건설,1376,11,228638,,,,
20250923,013520,화승코퍼레이션,2010,-15,121488,,,,
20250923,013570,디와이,4295,-75,59172,,,,
20250923,013580,계룡건설,20050,-50,34602,,,,
20250923,013700,까뮤이앤씨,1119,-8,78846,,,,
20250923,013870,지엠비코리아,4040,30,16874,,,,
20250923,013890,지누스,16290,-290,79459,,,,
20250923,014130,한익스프레스,3210,-20,13689,,,,
20250923,014160,대영포장,1176,1,463086,,,,
20250923,014280,금강공업,4975,-35,149816,,,,
20250923,014285,금강공업우,6970,270,890,,,,
20250923,014440,영보화학,4420,-10,26397,,,,
20250923,014530,극동유화,3345,-15,124154,,,,
20250923,014580,태경비케이,4880,0,98038,,,,
20250923,014680,한솔케미칼,207000,3000,72676,,,,
20250923,014710,사조씨푸드,8770,-150,18057,,,,
20250923,014790,HL D&I,2390,-40,41324,,,,
20250923,014820,동원시스템즈,28000,-300,30185,,,,
20250923,014825,동원시스템즈우,17330,-40,1460,,,,
20250923,014830,유니드,75300,300,11788,,,,
20250923,014910,성문전자,1166,27,79556,,,,
20250923,014915,성문전자우,4080,0,6291,,,,
20250923,014990,인디에프,6135,245,379258,,,,
20250923,015020,이스타코,1290,-28,64366,,,,
20250923,015230,대창단조,6190,0,66813,,,,
20250923,015260,에이엔피,495,-3,126031,,,,
20250923,015360,INVENI,12720,220,25425,,,,
20250923,015590,DKME,2575,0,0,,,,
20250923,015760,한국전력,36900,1000,1763886,,,,
20250923,015860,일진홀딩스,5490,40,59361,,,,
20250923,015890,태경산업,5200,-10,49961,,,,
20250923,016090,대현,1835,0,54784,,,,
20250923,016360,삼성증권,74300,-2000,281544,,,,
20250923,016380,KG스틸,5450,60,79654,,,,
20250923,016450,한세예스24홀딩스,4155,-45,32460,,,,
20250923,016580,환인제약,11100,0,60367,,,,
20250923,016590,신대양제지,11050,-100,25115,,,,
20250923,016610,DB증권,9760,-170,146370,,,,
20250923,016710,대성홀딩스,8670,-80,22987,,,,
20250923,016740,두올,3390,-15,59376,,,,
20250923,016800,퍼시스,45900,1200,867,,,,
20250923,016880,웅진,4625,15,1034781,,,,
20250923,017040,광명전기,1209,27,1369339,,,,
20250923,017180,명문제약,1736,-18,95019,,,,
20250923,017370,우신시스템,7250,140,38743,,,,
20250923,017390,서울가스,62900,-300,8578,,,,
20250923,017550,수산세보틱스,1834,-10,108766,,,,
20250923,017670,SK텔레콤,55000,-100,462075,,,,
20250923,017800,현대엘리베이터,82500,1700,211307,,,,
20250923,017810,풀무원,14640,250,278613,,,,
20250923,017860,DS단석,21341,-446,54303,,,,
20250923,017900,광전자,1930,-10,20282,,,,
20250923,017940,E1,78200,-200,7679,,,,
20250923,017960,한국카본,31850,-100,255374,,,,
20250923,018250,애경산업,14930,-110,56854,,,,
20250923,018260,삼성에스디에스,167200,2700,241261,,,,
20250923,018470,조일알미늄,1395,-10,357153,,,,
20250923,018500,동원모빌리티,1306,2,180278,,,,
20250923,018670,SK가스,235500,-3500,7041,,,,
20250923,018880,한온시스템,2951,-97,2011789,,,,
20250923,019170,신풍제약,13580,-220,453181,,,,
20250923,019175,신풍제약우,25850,-1150,11131,,,,
20250923,019180,티에이치엔,6110,160,745272,,,,
20250923,019490,엑시큐어하이트론,664,-5,653280,,,,
20250923,019680,대교,2175,-20,39675,,,,
20250923,019685,대교우B,1265,-4,5188,,,,
20250923,020000,한섬,15500,-10,30871,,,,
20250923,020120,키다리스튜디오,4295,-50,223728,,,,
20250923,020150,롯데에너지머티리얼즈,24000,150,62786,,,,
20250923,020560,아시아나항공,9360,0,60234,,,,
20250923,020760,일진디스플,902,0,0,,,,
20250923,021050,서원,1145,-14,176962,,,,
20250923,021240,코웨이,103800,-1000,64229,,,,
20250923,021820,세원정공,11130,-170,17271,,,,
20250923,022100,포스코DX,21700,-500,322728,,,,
20250923,023000,삼원강재,2435,-5,18903,,,,
20250923,023150,MH에탄올,5090,-20,3288,,,,
20250923,023350,한국종합기술,4660,-100,55605,,,,
20250923,023450,동남합성,33950,100,1125,,,,
20250923,023530,롯데쇼핑,71400,-400,72592,,,,
20250923,023590,다우기술,38500,1000,114395,,,,
20250923,023800,인지컨트롤스,5930,-30,20965,,,,
20250923,023810,인팩,6580,-140,12696,,,,
20250923,023960,에쓰씨엔지니어링,1220,20,178794,,,,
20250923,024070,WISCOM,1957,-1,4206,,,,
20250923,024090,디씨엠,11990,100,722,,,,
20250923,024110,기업은행,19710,-50,408235,,,,
20250923,024720,콜마홀딩스,12990,-160,177607,,,,
20250923,024890,대원화성,4285,-10,7961,,,,
20250923,024900,디와이덕양,2260,-25,129579,,,,
20250923,025000,KPX케미칼,47022,-331,5346,,,,
20250923,025530,SJM홀딩스,3575,-15,9404,,,,
20250923,025540,한국단자,63000,300,12968,,,,
20250923,025560,미래산업,2210,-68,138130,,,,
20250923,025620,차AI헬스케어,7910,0,20607,,,,
20250923,025750,한솔홈데코,3445,-50,43348,,,,
20250923,025820,이구산업,4570,-65,204993,,,,
20250923,025860,남해화학,7030,210,137489,,,,
20250923,025890,한국주강,2025,61,237384,,,,
20250923,026890,스틱인베스트먼트,10710,-260,89066,,,,
20250923,026940,부국철강,2380,-45,72642,,,,
20250923,026960,동서,27300,-700,65892,,,,
20250923,027410,BGF,4000,-20,67468,,,,
20250923,027740,마니커,1684,-18,73227,,,,
20250923,027970,한국제지,4030,-5,8746,,,,
20250923,028050,삼성E&A,28300,550,577198,,,,
20250923,028100,동아지질,15300,30,20684,,,,
20250923,028260,삼성물산,197700,0,244582,,,,
20250923,02826K,삼성물산우B,130000,-1000,5236,,,,
20250923,028670,팬오션,3905,-115,1166263,,,,
20250923,029460,케이씨,26800,350,81655,,,,
20250923,029530,신도리코,43100,-150,5836,,,,
20250923,029780,삼성카드,51500,-300,62397,,,,
20250923,030000,제일기획,20750,400,530352,,,,
20250923,030190,NICE평가정보,14080,-420,154317,,,,
20250923,030200,KT,49850,150,363900,,,,
20250923,030210,다올투자증권,3585,-65,79383,,,,
20250923,030610,교보증권,9480,-160,120012,,,,
20250923,030720,동원수산,6120,0,22265,,,,
20250923,031210,서울보증보험,53800,0,43912,,,,
20250923,031430,신세계인터내셔날,10340,-70,52096,,,,
20250923,031820,아이티센씨티에스,6110,0,17508,,,,
20250923,032350,롯데관광개발,20200,410,1171462,,,,
20250923,032560,황금에스티,5840,100,30400,,,,
20250923,032640,LG유플러스,14770,-60,592073,,,,
20250923,032830,삼성생명,157600,1800,184399,,,,
20250923,033240,자화전자,21400,-150,226021,,,,
20250923,033250,체시스,5460,-75,31615,,,,
20250923,033270,유나이티드제약,19950,-100,37010,,,,
20250923,033530,SJG세종,6490,-30,135784,,,,
20250923,033780,KT&G,142600,0,402124,,,,
20250923,033920,무학,8290,-10,55789,,,,
20250923,034020,두산에너빌리티,63100,700,7614160,,,,
20250923,034120,SBS,20650,300,48816,,,,
20250923,034220,LG디스플레이,13320,-20,2494760,,,,
20250923,034230,파라다이스,23650,1150,2950724,,,,
20250923,034310,NICE,13720,-180,64569,,,,
20250923,034590,인천도시가스,25900,-50,1354,,,,
20250923,034730,SK,222500,-6000,197213,,,,
20250923,03473K,SK우,169500,-4900,3930,,,,
20250923,034830,한국토지신탁,1395,-14,887209,,,,
20250923,035000,HS애드,9200,320,31270,,,,
20250923,035150,백산,14130,-180,36624,,,,
20250923,035250,강원랜드,18230,160,271906,,,,
20250923,035420,NAVER,231000,-1000,735957,,,,
20250923,035510,신세계 I&C,15080,-250,68141,,,,
20250923,035720,카카오,63300,-3100,4850268,,,,
20250923,036420,콘텐트리중앙,11330,-40,58936,,,,
20250923,036460,한국가스공사,38650,-650,316986,,,,
20250923,036530,SNT홀딩스,79800,800,19462,,,,
20250923,036570,NC,230000,-5500,73235,,,,
20250923,036580,팜스코,2740,-10,20775,,,,
20250923,037270,YG PLUS,8540,-320,5733225,,,,
20250923,037560,LG헬로비전,2775,-50,234365,,,,
20250923,037710,광주신세계,30450,-100,24225,,,,
20250923,039130,하나투어,51200,-400,99505,,,,
20250923,039490,키움증권,276000,-2000,101448,,,,
20250923,039570,HDC랩스,8560,0,12857,,,,
20250923,041650,상신브레이크,2730,-40,37784,,,,
20250923,042660,한화오션,110500,900,1661930,,,,
20250923,042700,한미반도체,96000,2800,1060329,,,,
20250923,044380,주연테크,2815,45,43196,,,,
20250923,044450,KSS해운,9130,-240,161084,,,,
20250923,044820,코스맥스비티아이,18590,-700,29029,,,,
20250923,047040,대우건설,3675,-10,691847,,,,
20250923,047050,포스코인터내셔널,48750,0,159506,,,,
20250923,047400,유니온머티리얼,1410,-38,103468,,,,
20250923,047810,한국항공우주,105400,-1100,425249,,,,
20250923,049800,우진플라임,2135,-40,26840,,,,
20250923,051600,한전KPS,49600,100,218058,,,,
20250923,051630,진양화학,2335,5,84347,,,,
20250923,051900,LG생활건강,284000,-8000,95974,,,,
20250923,051905,LG생활건강우,114500,-5100,30795,,,,
20250923,051910,LG화학,298500,3500,157221,,,,
20250923,051915,LG화학우,147000,2500,35333,,,,
20250923,052690,한전기술,87400,1100,174091,,,,
20250923,053210,스카이라이프,5080,-80,55615,,,,
20250923,053690,한미글로벌,21300,650,136158,,,,
20250923,055490,테이팩스,14660,-20,10789,,,,
20250923,055550,신한지주,69900,400,977953,,,,
20250923,058430,포스코스틸리온,3710,-15,44180,,,,
20250923,058650,세아홀딩스,123000,-2000,2823,,,,
20250923,058730,다스코,2885,-45,49633,,,,
20250923,058850,KTcs,3010,-5,476602,,,,
20250923,058860,KTis,2895,-25,132604,,,,
20250923,060980,HL홀딩스,39900,-700,17004,,,,
20250923,062040,산일전기,122200,0,1134803,,,,
20250923,063160,종근당바이오,24100,50,14794,,,,
20250923,064350,현대로템,223500,2500,539344,,,,
20250923,064400,LG씨엔에스,66700,-1900,1080331,,,,
20250923,064960,SNT모티브,35700,-50,43007,,,,
20250923,066570,LG전자,79400,-300,729541,,,,
20250923,066575,LG전자우,38800,-700,99781,,,,
20250923,066970,엘앤에프,77000,-900,404707,,,,
20250923,067830,세이브존I&C,2650,0,10912,,,,
20250923,068270,셀트리온,175573,14393,2668397,,,,
20250923,068290,삼성출판사,16610,0,37269,,,,
20250923,069260,TKG휴켐스,18030,200,41905,,,,
20250923,069460,대호에이엘,8175,-200,155860,,,,
20250923,069620,대웅제약,143400,-1100,29390,,,,
20250923,069640,한세엠케이,1640,-12,27236,,,,
20250923,069730,DSR제강,3820,5,13908,,,,
20250923,069960,현대백화점,89400,-100,94512,,,,
20250923,070960,모나용평,4165,155,410926,,,,
20250923,071050,한국금융지주,154000,-4000,166008,,,,
20250923,071055,한국금융지주우,112400,-2600,22266,,,,
20250923,071090,하이스틸,4245,-70,332089,,,,
20250923,071320,지역난방공사,91600,3700,44758,,,,
20250923,071840,롯데하이마트,8080,-190,55903,,,,
20250923,071950,코아스,5710,-410,123770,,,,
20250923,071970,HD현대마린엔진,83700,-300,266701,,,,
20250923,072130,유엔젤,5710,20,152164,,,,
20250923,072710,농심홀딩스,108000,-10300,351044,,,,
20250923,073240,금호타이어,4815,-95,553015,,,,
20250923,074610,이엔플러스,5110,0,0,,,,
20250923,075180,새론오토모티브,3230,0,980,,,,
20250923,075580,세진중공업,21450,-550,2747048,,,,
20250923,077500,유니퀘스트,7240,-30,268209,,,,
20250923,077970,STX엔진,41150,-650,397259,,,,
20250923,078000,텔코웨어,18910,4360,1419230,,,,
20250923,078520,에이블씨엔씨,11330,20,340377,,,,
20250923,078930,GS,45450,-650,197752,,,,
20250923,078935,GS우,43100,100,5458,,,,
20250923,079160,CJ CGV,5260,-210,747850,,,,
20250923,079430,현대리바트,7240,-40,20758,,,,
20250923,079550,LIG디펜스앤에어로스페이스,493500,-2500,78555,,,,
20250923,079900,전진건설로봇,47500,-350,35368,,,,
20250923,079980,휴비스,3020,-35,67576,,,,
20250923,081000,일진다이아,11930,-50,14225,,,,
20250923,081660,미스토홀딩스,39600,-150,88970,,,,
20250923,082640,동양생명,7880,90,187938,,,,
20250923,082740,한화엔진,43400,500,1270024,,,,
20250923,083420,그린케미칼,7500,0,39980,,,,
20250923,084010,대한제강,10896,34,25103,,,,
20250923,084670,동양고속,8160,-50,688,,,,
20250923,084680,이월드,1495,0,148776,,,,
20250923,084690,대상홀딩스,9540,-70,52016,,,,
20250923,084695,대상홀딩스우,12780,240,9913,,,,
20250923,084870,TBH글로벌,1350,5,27236,,,,
20250923,085310,엔케이,14150,-30,409668,,,,
20250923,085620,미래에셋생명,7870,-70,141552,,,,
20250923,086280,현대글로비스,177100,-600,153010,,,,
20250923,086790,하나금융지주,89500,-900,444637,,,,
20250923,088260,이리츠코크렙,4700,-10,46289,,,,
20250923,088350,한화생명,3250,-20,1302024,,,,
20250923,088790,진도,1882,-31,50565,,,,
20250923,088980,맥쿼리인프라,11320,-10,1227525,,,,
20250923,089470,HDC현대EP,4065,-30,53447,,,,
20250923,089590,제주항공,6520,-80,68375,,,,
20250923,089860,롯데렌탈,29650,-100,18304,,,,
20250923,090080,평화산업,984,-9,330188,,,,
20250923,090350,노루페인트,9410,-40,73744,,,,
20250923,090355,노루페인트우,13820,20,56,,,,
20250923,090370,메타랩스,1370,30,31261,,,,
20250923,090430,아모레퍼시픽,123400,-800,153711,,,,
20250923,090435,아모레퍼시픽우,42500,-500,22739,,,,
20250923,090460,비에이치,19200,40,1455420,,,,
20250923,091810,트리니티항공,1772,-22,423483,,,,
20250923,092200,디아이씨,4595,-70,274622,,,,
20250923,092220,KEC,4265,0,333823,,,,
20250923,092230,KPX홀딩스,68700,-200,1419,,,,
20250923,092440,기신정기,2525,-70,106778,,,,
20250923,092780,DYP,3895,-20,28269,,,,
20250923,092790,넥스틸,12530,-160,146732,,,,
20250923,093050,LF,17950,-10,34190,,,,
20250923,093240,형지엘리트,1404,-28,565517,,,,
20250923,093370,후성,6120,10,532268,,,,
20250923,094280,효성ITX,12950,-20,6601,,,,
20250923,094800,맵스리얼티,4970,25,48627,,,,
20250923,095570,AJ네트웍스,4400,-25,265865,,,,
20250923,095720,웅진씽크빅,3304,-38,58788,,,,
20250923,096760,JW홀딩스,3365,35,58029,,,,
20250923,096770,SK이노베이션,103600,-600,201315,,,,
20250923,096775,SK이노베이션우,68800,-300,2078,,,,
20250923,097230,HJ중공업,28450,-650,4800490,,,,
20250923,097520,엠씨넥스,29100,-400,39741,,,,
20250923,097950,CJ제일제당,235000,-1000,44962,,,,
20250923,097955,CJ제일제당 우,140800,-500,4837,,,,
20250923,100090,SK오션플랜트,26300,1550,4618736,,,,
20250923,100220,비상교육,5670,40,24845,,,,
20250923,100250,진양홀딩스,3113,-10,37969,,,,
20250923,100840,SNT에너지,55600,700,177212,,,,
20250923,101140,인바이오젠,12140,250,12194,,,,
20250923,101530,해태제과식품,6790,-10,28262,,,,
20250923,102260,동성케미컬,4147,-64,87327,,,,
20250923,102460,이연제약,11660,260,19190,,,,
20250923,103140,풍산,123200,-2200,170272,,,,
20250923,103590,일진전기,35800,700,1784974,,,,
20250923,104700,한국철강,10260,-180,40433,,,,
20250923,105560,KB금융,115400,-1500,824229,,,,
20250923,105630,한세실업,10960,100,100637,,,,
20250923,105840,우진,15100,2080,15795060,,,,
20250923,107590,미원홀딩스,73000,-100,89,,,,
20250923,108320,LX세미콘,56300,600,50792,,,,
20250923,108670,LX하우시스,28750,100,13307,,,,
20250923,108675,LX하우시스우,17250,-150,2127,,,,
20250923,109070,주성코퍼레이션,1019,10,800111,,,,
20250923,111110,호전실업,7710,-50,57524,,,,
20250923,111380,동인기연,14000,-120,14904,,,,
20250923,111770,영원무역,62700,300,38153,,,,
20250923,112610,씨에스윈드,44450,750,167618,,,,
20250923,114090,GKL,17460,660,472165,,,,
20250923,117580,대성에너지,8160,-120,46641,,,,
20250923,118000,메타케어,3300,50,233002,,,,
20250923,119650,KC코트렐,918,0,0,,,,
20250923,120030,조선선재,108000,-2300,10815,,,,
20250923,120110,코오롱인더,36600,-450,154739,,,,
20250923,120115,코오롱인더우,23800,-100,4618,,,,
20250923,122900,아이마켓코리아,8280,0,25781,,,,
20250923,123690,한국화장품,10570,-440,213481,,,,
20250923,123700,SJM,3535,5,35575,,,,
20250923,123890,한국자산신탁,2335,-15,310498,,,,
20250923,126560,현대퓨처넷,3230,30,166793,,,,
20250923,126720,수산인더스트리,21850,50,42418,,,,
20250923,128820,대성산업,4370,-65,99067,,,,
20250923,128940,한미약품,384500,18500,248382,,,,
20250923,129260,인터지스,2715,-30,84243,,,,
20250923,130660,한전산업,12010,50,100040,,,,
20250923,133820,화인베스틸,1805,-32,1603929,,,,
20250923,134380,미원화학,8750,150,22840,,,,
20250923,134790,시디즈,24150,-300,3025,,,,
20250923,136490,선진,11840,-480,144744,,,,
20250923,137310,에스디바이오센서,10780,-20,125462,,,,
20250923,138040,메리츠금융지주,117100,-1800,234955,,,,
20250923,138930,BNK금융지주,14830,-110,669113,,,,
20250923,139130,iM금융지주,14020,-140,290031,,,,
20250923,139480,이마트,77200,-200,173743,,,,
20250923,139990,아주스틸,3910,-30,16834,,,,
20250923,143210,핸즈코퍼레이션,1660,-11,3800,,,,
20250923,145210,다이나믹디자인,6520,40,8180,,,,
20250923,145270,케이탑리츠,954,-3,86643,,,,
20250923,145720,덴티움,58900,200,41164,,,,
20250923,145990,삼양사,51600,0,16434,,,,
20250923,145995,삼양사우,36100,50,678,,,,
20250923,155660,DSR,3820,20,13320,,,,
20250923,161000,애경케미칼,10220,0,111636,,,,
20250923,161390,한국타이어앤테크놀로지,38550,0,161303,,,,
20250923,161890,한국콜마,79100,-1600,156447,,,,
20250923,163560,동일고무벨트,6700,-60,34877,,,,
20250923,170900,동아에스티,46112,190,23254,,,,
20250923,175330,JB금융지주,23700,-250,261759,,,,
20250923,178920,PI첨단소재,17950,40,171216,,,,
20250923,180640,한진칼,104500,-2000,59300,,,,
20250923,18064K,한진칼우,35700,-50,2473,,,,
20250923,181710,NHN,26350,-350,31587,,,,
20250923,183190,아세아시멘트,12600,-20,114204,,,,
20250923,185750,종근당,83600,500,34513,,,,
20250923,192080,더블유게임즈,53700,-100,38604,,,,
20250923,192400,쿠쿠홀딩스,32400,100,60522,,,,
20250923,192650,드림텍,6500,-100,86292,,,,
20250923,192820,코스맥스,239000,-4500,71813,,,,
20250923,194370,제이에스코퍼레이션,10800,-160,106457,,,,
20250923,195870,해성디에스,30250,100,280183,,,,
20250923,200880,서연이화,11330,60,74663,,,,
20250923,204320,HL만도,35250,200,124319,,,,
20250923,207940,삼성바이오로직스,1524727,14718,56352,,,,
20250923,210540,디와이파워,12400,-150,27900,,,,
20250923,210980,SK디앤디,10160,130,86083,,,,
20250923,213500,한솔제지,8620,-50,57434,,,,
20250923,214320,이노션,18500,230,101271,,,,
20250923,214330,금호에이치티,16212,-136,13089,,,,
20250923,214390,경보제약,6140,260,151496,,,,
20250923,214420,토니모리,10640,-360,406861,,,,
20250923,226320,잇츠한불,12600,-100,27358,,,,
20250923,227840,현대코퍼레이션홀딩스,12650,-230,20298,,,,
20250923,229640,LS에코에너지,39700,-250,98963,,,,
20250923,234080,JW생명과학,12350,-10,40973,,,,
20250923,241560,두산밥캣,54500,-1200,322701,,,,
20250923,241590,화승엔터프라이즈,6460,10,163381,,,,
20250923,244920,에이플러스에셋,7320,-280,102886,,,,
20250923,248070,솔루엠,18450,70,172559,,,,
20250923,248170,샘표식품,26600,-50,4509,,,,
20250923,249420,일동제약,27700,-400,2126072,,,,
20250923,251270,넷마블,65000,-1500,163503,,,,
20250923,259960,크래프톤,307500,-1500,73219,,,,
20250923,264900,크라운제과,9430,-60,15616,,,,
20250923,26490K,크라운제과우,9630,10,1658,,,,
20250923,267250,HD현대,158500,-600,109432,,,,
20250923,267260,HD현대일렉트릭,594000,9000,134963,,,,
20250923,267270,HD건설기계,98100,-300,85178,,,,
20250923,267290,경동도시가스,20550,0,4875,,,,
20250923,267850,아시아나IDT,11830,120,4227,,,,
20250923,268280,미원에스씨,139700,-1300,311,,,,
20250923,271560,오리온,106100,-1000,93884,,,,
20250923,271940,일진하이솔루스,18080,140,30618,,,,
20250923,271980,제일약품,14520,120,157982,,,,
20250923,272210,한화시스템,58600,1100,957954,,,,
20250923,272450,진에어,8230,-130,88147,,,,
20250923,272550,삼양패키징,13610,-170,21373,,,,
20250923,278470,에이피알,218000,-7000,394649,,,,
20250923,280360,롯데웰푸드,115500,-1500,16697,,,,
20250923,281820,케이씨텍,38900,-250,77780,,,,
20250923,282330,BGF리테일,108700,-900,58026,,,,
20250923,284740,쿠쿠홈시스,27200,0,18753,,,,
20250923,285130,SK케미칼,62500,-1000,42276,,,,
20250923,28513K,SK케미칼우,26000,-800,15049,,,,
20250923,286940,롯데이노베이트,21800,-350,6751,,,,
20250923,293480,하나제약,12290,0,21868,,,,
20250923,293940,신한알파리츠,5590,-80,309644,,,,
20250923,294870,IPARK현대산업개발,20700,250,210562,,,,
20250923,298000,효성화학,77800,0,0,,,,
20250923,298020,효성티앤씨,220000,1000,10216,,,,
20250923,298040,효성중공업,1397000,-11000,81014,,,,
20250923,298050,HS효성첨단소재,188600,-100,5952,,,,
20250923,298690,에어부산,1990,-7,177737,,,,
20250923,300720,한일시멘트,19750,-110,60835,,,,
20250923,302440,SK바이오사이언스,49400,-350,125496,,,,
20250923,306200,세아제강,126800,0,9393,,,,
20250923,307950,현대오토에버,165200,700,36998,,,,
20250923,308170,씨티알모빌리티,5020,-100,9737,,,,
20250923,316140,우리금융지주,26450,100,1166667,,,,
20250923,317400,자이에스앤디,3400,10,32135,,,,
20250923,322000,HD현대에너지솔루션,52000,700,280101,,,,
20250923,323410,카카오뱅크,24200,-650,946802,,,,
20250923,326030,SK바이오팜,110300,-1000,142891,,,,
20250923,329180,HD현대중공업,494500,-3000,117984,,,,
20250923,330590,롯데리츠,3960,-50,535526,,,,
20250923,334890,이지스밸류플러스리츠,4130,40,99721,,,,
20250923,336260,두산퓨얼셀,30000,-850,1701977,,,,
20250923,33626K,두산퓨얼셀1우,6970,-20,25770,,,,
20250923,33626L,두산퓨얼셀2우B,11030,-40,7063,,,,
20250923,336370,솔루스첨단소재,7960,30,73894,,,,
20250923,33637K,솔루스첨단소재1우,1816,-21,17656,,,,
20250923,33637L,솔루스첨단소재2우B,3780,-10,473,,,,
20250923,338100,NH프라임리츠,4665,-25,45413,,,,
20250923,339770,교촌에프앤비,4525,-25,54543,,,,
20250923,344820,KCC글라스,28350,-300,55432,,,,
20250923,348950,제이알글로벌리츠,2930,-55,818104,,,,
20250923,350520,이지스레지던스리츠,3915,-20,63767,,,,
20250923,352820,하이브,281500,-5500,193677,,,,
20250923,353200,대덕전자,27500,-800,1342734,,,,
20250923,35320K,대덕전자1우,9310,-140,17448,,,,
20250923,357120,코람코라이프인프라리츠,4380,-15,154686,,,,
20250923,357250,미래에셋맵스리츠,2795,-25,31386,,,,
20250923,357430,마스턴프리미어리츠,1561,0,53809,,,,
20250923,361610,SK아이이테크놀로지,28750,0,87152,,,,
20250923,363280,티와이홀딩스,2865,-20,23265,,,,
20250923,36328K,티와이홀딩스우,5400,60,4344,,,,
20250923,365550,ESR켄달스퀘어리츠,4495,-60,364932,,,,
20250923,372910,한컴라이프케어,2840,-20,115972,,,,
20250923,373220,LG에너지솔루션,357000,8000,177389,,,,
20250923,375500,DL이앤씨,42300,50,234480,,,,
20250923,37550K,DL이앤씨우,19370,-330,6880,,,,
20250923,37550L,DL이앤씨2우(전환),30100,-550,6300,,,,
20250923,377190,디앤디플랫폼리츠,3430,-15,118438,,,,
20250923,377300,카카오페이,55200,-1300,524309,,,,
20250923,377740,바이오노트,6060,-20,31241,,,,
20250923,378850,화승알앤에이,3395,-25,149079,,,,
20250923,381970,케이카,15910,-120,91587,,,,
20250923,383220,F&F,65600,-1100,50151,,,,
20250923,383800,LX홀딩스,7960,-60,220303,,,,
20250923,38380K,LX홀딩스1우,8650,50,358,,,,
20250923,395400,SK리츠,5060,0,334488,,,,
20250923,396690,미래에셋글로벌리츠,2795,-20,61945,,,,
20250923,400760,NH올원리츠,3345,10,289684,,,,
20250923,402340,SK스퀘어,220000,4500,434395,,,,
20250923,403550,쏘카,12530,-20,5919,,,,
20250923,404990,신한서부티엔디리츠,3395,-45,131729,,,,
20250923,415640,KB발해인프라,8790,-30,134367,,,,
20250923,417310,코람코더원리츠,6360,-200,290990,,,,
20250923,432320,KB스타리츠,3960,0,105621,,,,
20250923,439260,대한조선,82700,1500,812339,,,,
20250923,443060,HD현대마린솔루션,206000,2500,50942,,,,
20250923,446070,유니드비티플러스,3845,-70,25341,,,,
20250923,448730,삼성FN리츠,4350,10,107928,,,,
20250923,450080,에코프로머티,51600,700,243610,,,,
20250923,451800,한화리츠,4010,-105,388216,,,,
20250923,452260,한화갤러리아,1119,-4,459038,,,,
20250923,45226K,한화갤러리아우,2235,-50,3772,,,,
20250923,453340,현대그린푸드,15130,-170,63241,,,,
20250923,454910,두산로보틱스,69900,-1300,610774,,,,
20250923,456040,OCI,58600,200,46675,,,,
20250923,457190,이수스페셜티케미컬,51200,5600,1444673,,,,
20250923,460850,동국씨엠,5540,-10,34595,,,,
20250923,460860,동국제강,9310,-60,131862,,,,
20250923,462520,조선내화,13930,70,5545,,,,
20250923,462870,시프트업,40600,-250,81487,,,,
20250923,465770,STX그린로지스,7420,-100,37137,,,,
20250923,475150,SK이터닉스,23750,350,1344860,,,,
20250923,475560,더본코리아,26850,200,25096,,,,
20250923,480370,씨케이솔루션,3357,-24,76266,,,,
20250923,481850,신한글로벌액티브리츠,1450,1,34757,,,,
20250923,483650,달바글로벌,163400,-2500,149167,,,,
20250923,484870,엠앤씨솔루션,68166,-167,56298,,,,
20250923,487570,HS효성,64300,-1000,22589,,,,
20250923,489790,한화비전,58200,-900,414346,,,,
20250923,499790,GS피앤엘,55300,700,116995,,,,
20250923,900140,엘브이엠씨홀딩스,1683,-14,511256,,,,
20250923,950210,프레스티지바이오파마,14380,-470,216584,,,,
20250924,000020,동화약품,6420,-10,56371,,,,
20250924,000040,KR모터스,2555,-10,26709,,,,
20250924,000050,경방,7100,-40,35914,,,,
20250924,000070,삼양홀딩스,61058,-1334,25881,,,,
20250924,000080,하이트진로,19010,-10,110255,,,,
20250924,000087,하이트진로2우B,15500,30,480,,,,
20250924,000100,유한양행,120100,-3000,308610,,,,
20250924,000105,유한양행우,106900,-1800,4675,,,,
20250924,000120,CJ대한통운,82400,-300,55554,,,,
20250924,000140,하이트진로홀딩스,9970,-60,53616,,,,
20250924,000145,하이트진로홀딩스우,11400,-30,8,,,,
20250924,000150,두산,576000,-14000,164352,,,,
20250924,000155,두산우,338000,-5500,16420,,,,
20250924,000157,두산2우B,358500,-8500,1333,,,,
20250924,000180,성창기업지주,8515,40,15639,,,,
20250924,000210,DL,36500,-900,49106,,,,
20250924,000215,DL우,23050,-250,3942,,,,
20250924,000220,유유제약,4375,-45,22429,,,,
20250924,000225,유유제약1우,4760,0,8871,,,,
20250924,000227,유유제약2우B,10630,-20,563,,,,
20250924,000230,일동홀딩스,9080,-250,41341,,,,
20250924,000240,한국앤컴퍼니,23300,50,56934,,,,
20250924,000270,기아,103000,200,680285,,,,
20250924,000300,DH오토넥스,4200,0,0,,,,
20250924,000320,노루홀딩스,27800,-900,48163,,,,
20250924,000325,노루홀딩스우,34000,-450,881,,,,
20250924,000370,한화손해보험,5780,-120,501064,,,,
20250924,000390,SP삼화,6010,-60,60334,,,,
20250924,000400,롯데손해보험,2045,-10,4620223,,,,
20250924,000430,대원강업,3805,0,23173,,,,
20250924,000480,CR홀딩스,4870,-80,1158432,,,,
20250924,000490,대동,9530,-150,114722,,,,
20250924,000500,가온전선,32063,-944,76429,,,,
20250924,000520,삼일제약,10810,-150,230469,,,,
20250924,000540,흥국화재,4040,-120,127130,,,,
20250924,000545,흥국화재우,7120,-10,2524,,,,
20250924,000590,CS홀딩스,82100,-2800,1550,,,,
20250924,000640,동아쏘시오홀딩스,111204,-1359,11201,,,,
20250924,000650,천일고속,40250,-100,74,,,,
20250924,000660,SK하이닉스,357500,-3500,4165199,,,,
20250924,000670,영풍,40957,-389,48373,,,,
20250924,000680,LS네트웍스,3720,-120,476811,,,,
20250924,000700,유수홀딩스,5770,-140,8922,,,,
20250924,000720,현대건설,56400,900,864503,,,,
20250924,000725,현대건설우,51800,400,2669,,,,
20250924,000760,이화산업,12380,-10,979,,,,
20250924,000810,삼성화재,453000,-5500,81245,,,,
20250924,000815,삼성화재우,340500,-4500,9829,,,,
20250924,000850,화천기공,32100,-100,3220,,,,
20250924,000860,강남제비스코,11980,-210,17073,,,,
20250924,000880,한화,104321,-2281,175730,,,,
20250924,00088K,한화3우B,38008,-453,62016,,,,
20250924,000890,보해양조,2230,15,34857,,,,
20250924,000910,유니온,4480,-25,84316,,,,
20250924,000950,전방,38100,-600,1750,,,,
20250924,000970,한국주철관,6940,-70,45968,,,,
20250924,000990,DB하이텍,58000,1100,411635,,,,
20250924,001020,페이퍼코리아,3585,-35,2951,,,,
20250924,001040,CJ,191500,-5700,168910,,,,
20250924,001045,CJ우,100400,-3500,7138,,,,
20250924,00104K,CJ4우(전환),161300,-4900,17268,,,,
20250924,001060,JW중외제약,21850,-150,58660,,,,
20250924,001065,JW중외제약우,27600,50,35,,,,
20250924,001067,JW중외제약2우B,60000,0,7,,,,
20250924,001070,대한방직,6610,-60,9251,,,,
20250924,001080,만호제강,3410,-140,69660,,,,
20250924,001120,LX인터내셔널,32000,-200,98712,,,,
20250924,001130,대한제분,14780,-150,32450,,,,
20250924,001200,유진투자증권,3490,-95,664429,,,,
20250924,001210,금호전기,4220,-70,23021,,,,
20250924,001230,동국홀딩스,1643,-33,400254,,,,
20250924,001250,GS글로벌,2525,-25,362589,,,,
20250924,001260,남광토건,8000,-230,35829,,,,
20250924,001270,부국증권,65200,-5500,128751,,,,
20250924,001275,부국증권우,26900,-200,4038,,,,
20250924,001290,상상인증권,743,-28,578137,,,,
20250924,001340,PKC,5650,-70,88362,,,,
20250924,001360,삼성제약,1643,-32,206562,,,,
20250924,001380,SG글로벌,3364,-32,56115,,,,
20250924,001390,KG케미칼,4840,-210,307791,,,,
20250924,001420,태원물산,3320,-25,2268,,,,
20250924,001430,세아베스틸지주,25700,100,55451,,,,
20250924,001440,대한전선,15740,-190,643687,,,,
20250924,001450,현대해상,29350,-350,485391,,,,
20250924,001460,BYC,39350,-100,1689,,,,
20250924,001465,BYC우,24750,-300,7086,,,,
20250924,001470,삼부토건,347,0,0,,,,
20250924,001500,현대차증권,8380,-180,202043,,,,
20250924,001510,SK증권,1331,-32,1068372,,,,
20250924,001515,SK증권우,3706,-46,2603,,,,
20250924,001520,동양,1278,0,157648,,,,
20250924,001525,동양우,8190,50,15,,,,
20250924,001527,동양2우B,16040,-220,271,,,,
20250924,001530,DI동일,20476,-4000,1289373,,,,
20250924,001550,조비,12220,-280,22931,,,,
20250924,001560,제일연마,10190,-150,1860,,,,
20250924,001570,금양,9900,0,0,,,,
20250924,001620,케이비아이동국실업,2410,5,21614,,,,
20250924,001630,종근당홀딩스,48700,-300,4382,,,,
20250924,001680,대상,22150,-450,86151,,,,
20250924,001685,대상우,16960,-40,2587,,,,
20250924,001720,신영증권,134500,-8100,52364,,,,
20250924,001740,SK네트웍스,4495,-70,197700,,,,
20250924,001750,한양증권,17990,-420,38760,,,,
20250924,001755,한양증권우,17260,-260,1384,,,,
20250924,001770,SHD,17760,-180,1369,,,,
20250924,001780,알루코,2095,-10,247815,,,,
20250924,001790,대한제당,2900,-45,416632,,,,
20250924,001795,대한제당우,2465,10,18881,,,,
20250924,001800,오리온홀딩스,20750,-50,130044,,,,
20250924,001820,삼화콘덴서,34050,900,274113,,,,
20250924,001940,KISCO홀딩스,26350,-750,29978,,,,
20250924,002020,코오롱,42800,-950,161139,,,,
20250924,002025,코오롱우,22400,-550,4105,,,,
20250924,002030,아세아,352000,500,1917,,,,
20250924,002070,비비안,14748,-59,5644,,,,
20250924,002100,경농,9640,-110,28759,,,,
20250924,002140,고려산업,2660,0,53375,,,,
20250924,002150,도화엔지니어링,6250,-40,27672,,,,
20250924,002170,SYTS,55200,-200,504,,,,
20250924,002200,한국수출포장,2920,-15,36706,,,,
20250924,002210,동성제약,1946,0,0,,,,
20250924,002220,한일철강,3300,-95,56348,,,,
20250924,002240,고려제강,17330,-170,19603,,,,
20250924,002310,아세아제지,8110,10,115917,,,,
20250924,002320,한진,20100,50,29788,,,,
20250924,002350,넥센타이어,5860,-110,67378,,,,
20250924,002355,넥센타이어1우B,3260,-15,18444,,,,
20250924,002360,SH에너지화학,4160,-60,25113,,,,
20250924,002380,KCC,368000,-49000,332793,,,,
20250924,002390,한독,11690,0,16176,,,,
20250924,002410,범양건영,1935,0,0,,,,
20250924,002420,세기상사,5640,60,1912,,,,
20250924,002450,삼익악기,1280,9,94761,,,,
20250924,002460,HS화성,10340,-10,34993,,,,
20250924,002600,조흥,162000,1600,46,,,,
20250924,002620,제일파마홀딩스,8780,-140,8072,,,,
20250924,002630,오리엔트바이오,1174,0,223280,,,,
20250924,002690,동일제강,1600,7,22001,,,,
20250924,002700,신일전자,1288,-7,352221,,,,
20250924,002710,TCC스틸,16410,-290,109904,,,,
20250924,002720,국제약품,4480,-90,127691,,,,
20250924,002760,보락,1036,-6,120658,,,,
20250924,002780,진흥기업,723,-1,215852,,,,
20250924,002785,진흥기업우B,3365,55,94,,,,
20250924,002787,진흥기업2우B,7760,-20,31,,,,
20250924,002790,아모레퍼시픽홀딩스,26650,0,81806,,,,
20250924,002795,아모레퍼시픽홀딩스우,11090,10,4375,,,,
20250924,00279K,아모레퍼시픽홀딩스3우C,21250,-50,4959,,,,
20250924,002810,삼영무역,15470,-320,17961,,,,
20250924,002820,SUN&L,2620,-60,5119,,,,
20250924,002840,미원상사,161400,3900,4272,,,,
20250924,002870,신풍,1069,-11,96856,,,,
20250924,002880,디와이에이,1131,-24,67491,,,,
20250924,002900,TYM,5840,50,268689,,,,
20250924,002920,유성기업,1993,-17,34296,,,,
20250924,002960,한국쉘석유,404000,-1500,780,,,,
20250924,002990,금호건설,3770,-40,60424,,,,
20250924,002995,금호건설우,11200,0,276,,,,
20250924,003000,부광약품,3605,-120,409489,,,,
20250924,003010,혜인,5440,70,86888,,,,
20250924,003030,세아제강지주,159900,-3300,12469,,,,
20250924,003060,에이프로젠바이오로직스,615,-6,398767,,,,
20250924,003070,코오롱글로벌,9060,-20,10823,,,,
20250924,003075,코오롱글로벌우,15110,-290,1599,,,,
20250924,003080,SB성보,2845,0,13444,,,,
20250924,003090,대웅,23400,-1700,297850,,,,
20250924,0030R0,대신밸류리츠,4345,-20,55033,,,,
20250924,003120,일성아이에스,23850,-600,20982,,,,
20250924,003160,디아이,15800,30,724177,,,,
20250924,003200,일신방직,10200,-180,8837,,,,
20250924,003220,대원제약,13100,-150,37245,,,,
20250924,003230,삼양식품,1485000,-23000,21803,,,,
20250924,003240,태광산업,862000,-24000,1329,,,,
20250924,003280,흥아해운,1618,-10,722110,,,,
20250924,003300,한일홀딩스,16450,-80,20889,,,,
20250924,003350,한국화장품제조,11760,20,128720,,,,
20250924,003460,유화증권,2730,-25,106451,,,,
20250924,003465,유화증권우,2605,0,4500,,,,
20250924,003470,유안타증권,3585,-75,367198,,,,
20250924,003475,유안타증권우,3665,-30,45314,,,,
20250924,003480,한진중공업홀딩스,5250,-90,254774,,,,
20250924,003490,대한항공,23050,-50,931696,,,,
20250924,003495,대한항공우,23250,-350,5197,,,,
20250924,003520,영진약품,1988,-22,496808,,,,
20250924,003530,한화투자증권,5680,-140,1442581,,,,
20250924,003535,한화투자증권우,7600,-300,13484,,,,
20250924,003540,대신증권,26700,-1100,466397,,,,
20250924,003545,대신증권우,20950,-150,58637,,,,
20250924,003547,대신증권2우B,19620,-170,47777,,,,
20250924,003550,LG,74300,-1200,171604,,,,
20250924,003555,LG우,62200,-300,5910,,,,
20250924,003570,SNT다이내믹스,74600,2000,188782,,,,
20250924,003580,HLB글로벌,2130,-60,117694,,,,
20250924,003610,방림,4775,-180,371139,,,,
20250924,003620,KG모빌리티,3315,-45,187668,,,,
20250924,003650,미창석유,108100,100,886,,,,
20250924,003670,포스코퓨처엠,138400,-5200,425275,,,,
20250924,003680,한성기업,5470,-200,88620,,,,
20250924,003690,코리안리,11220,-70,285656,,,,
20250924,003720,삼영,5000,5,157145,,,,
20250924,003780,진양산업,6980,-60,66903,,,,
20250924,003830,대한화섬,114400,-1100,184,,,,
20250924,003850,보령,8690,-140,89881,,,,
20250924,003920,남양유업,57000,-1000,6563,,,,
20250924,003925,남양유업우,37700,-1300,5940,,,,
20250924,003960,사조대림,40000,-100,26340,,,,
20250924,004000,롯데정밀화학,48350,-50,49167,,,,
20250924,004020,현대제철,36300,150,195286,,,,
20250924,004060,SG세계물산,3190,-40,32153,,,,
20250924,004080,신흥,13870,-20,300,,,,
20250924,004090,한국석유,14220,100,149339,,,,
20250924,004100,태양금속,2080,-35,300430,,,,
20250924,004105,태양금속우,3035,-40,9183,,,,
20250924,004140,동방,3005,-35,473560,,,,
20250924,004150,한솔홀딩스,3270,-10,126996,,,,
20250924,004170,신세계,193400,-5700,55516,,,,
20250924,004250,NPC,4090,-55,66010,,,,
20250924,004255,NPC우,2475,0,1326,,,,
20250924,004270,남성,7950,0,2950,,,,
20250924,004310,현대약품,3945,-60,232718,,,,
20250924,004360,세방,13840,-250,62902,,,,
20250924,004365,세방우,9040,-80,1370,,,,
20250924,004370,농심,451000,-4500,43859,,,,
20250924,004380,삼익THK,13000,0,0,,,,
20250924,004410,서울식품,1550,-10,81599,,,,
20250924,004415,서울식품우,11860,-480,656,,,,
20250924,004430,송원산업,9930,-130,58630,,,,
20250924,004440,삼일씨엔에스,4600,-200,58966,,,,
20250924,004450,삼화왕관,34400,0,798,,,,
20250924,004490,세방전지,64200,400,41860,,,,
20250924,004540,깨끗한나라,2020,-10,44818,,,,
20250924,004545,깨끗한나라우,11670,-130,49,,,,
20250924,004560,현대비앤지스틸,11370,-10,25609,,,,
20250924,004690,삼천리,127300,-3100,12040,,,,
20250924,004700,조광피혁,64900,100,7364,,,,
20250924,004710,한솔테크닉스,5409,0,0,,,,
20250924,004720,팜젠사이언스,4460,-70,47512,,,,
20250924,004770,써니전자,1612,-3,138933,,,,
20250924,004800,효성,87000,-2900,38505,,,,
20250924,004830,덕성,5350,-60,128441,,,,
20250924,004835,덕성우,7230,-60,9920,,,,
20250924,004840,DRB동일,4970,-20,7563,,,,
20250924,004870,티웨이홀딩스,2654,5,19087,,,,
20250924,004890,동일산업,39800,-650,3712,,,,
20250924,004910,조광페인트,5550,-50,14914,,,,
20250924,004920,씨아이테크,1289,53,227968,,,,
20250924,004960,한신공영,7760,-90,20831,,,,
20250924,004970,신라교역,9160,-190,17312,,,,
20250924,004980,성신양회,9870,-160,81205,,,,
20250924,004985,성신양회우,11370,-180,5180,,,,
20250924,004990,롯데지주,29400,-1300,375400,,,,
20250924,00499K,롯데지주우,30700,-600,613,,,,
20250924,005010,휴스틸,4030,-50,217244,,,,
20250924,005030,부산주공,486,0,0,,,,
20250924,005070,코스모신소재,42450,-1600,396031,,,,
20250924,005090,SGC에너지,23050,-250,17898,,,,
20250924,005110,한창,1254,0,0,,,,
20250924,005180,빙그레,77200,-1600,67749,,,,
20250924,005250,녹십자홀딩스,16400,-530,62715,,,,
20250924,005257,녹십자홀딩스2우,27950,-550,964,,,,
20250924,005300,롯데칠성,117000,-1400,16018,,,,
20250924,005305,롯데칠성우,68800,-800,1952,,,,
20250924,005320,온타이드,1042,-12,153898,,,,
20250924,005360,모나미,2005,-20,139868,,,,
20250924,005380,현대차,217500,-1500,383310,,,,
20250924,005385,현대차우,165300,100,87273,,,,
20250924,005387,현대차2우B,168200,800,58545,,,,
20250924,005389,현대차3우B,165500,200,10316,,,,
20250924,005420,코스모화학,15900,-150,128999,,,,
20250924,005430,한국공항,69500,2100,5074,,,,
20250924,005440,현대지에프홀딩스,8130,-210,235797,,,,
20250924,005490,POSCO홀딩스,276500,-2000,191904,,,,
20250924,005500,삼진제약,19620,-10,65596,,,,
20250924,005610,삼립,53600,-600,5944,,,,
20250924,005680,삼영전자,10600,-230,23298,,,,
20250924,005690,파미셀,12180,-470,1217278,,,,
20250924,005720,넥센,5960,-60,53089,,,,
20250924,005725,넥센우,4800,-50,16,,,,
20250924,005740,크라운해태홀딩스,7100,-200,64483,,,,
20250924,005745,크라운해태홀딩스우,8250,-30,1393,,,,
20250924,005750,대림바스,4600,-20,31603,,,,
20250924,005800,신영와코루,14210,-50,3306,,,,
20250924,005810,풍산홀딩스,40650,-150,18180,,,,
20250924,005820,원림,14430,0,262,,,,
20250924,005830,DB손해보험,139900,-2100,134052,,,,
20250924,005850,에스엘,35650,-900,144415,,,,
20250924,005870,휴니드,8540,200,94838,,,,
20250924,005880,대한해운,1730,-4,1347434,,,,
20250924,005930,삼성전자,85400,700,18300997,,,,
20250924,005935,삼성전자우,67300,100,2233500,,,,
20250924,005940,NH투자증권,19810,-340,780471,,,,
20250924,005945,NH투자증권우,17990,-240,73409,,,,
20250924,005950,이수화학,5530,-60,33285,,,,
20250924,005960,동부건설,6070,10,40981,,,,
20250924,005965,동부건설우,18890,60,104,,,,
20250924,006040,동원산업,45500,-450,27033,,,,
20250924,006060,화승인더,3990,-30,177508,,,,
20250924,006090,사조오양,9820,-120,3438,,,,
20250924,006110,삼아알미늄,21400,-600,60280,,,,
20250924,006120,SK디스커버리,54000,-600,16170,,,,
20250924,006125,SK디스커버리우,36950,-50,4397,,,,
20250924,006200,한국전자홀딩스,3815,-110,239958,,,,
20250924,006220,제주은행,13700,70,96562,,,,
20250924,006260,LS,167800,-14100,402113,,,,
20250924,006280,녹십자,137900,-3300,33178,,,,
20250924,006340,대원전선,3030,20,798434,,,,
20250924,006345,대원전선우,3725,10,8380,,,,
20250924,006360,GS건설,18780,-150,228148,,,,
20250924,006370,대구백화점,6600,-210,19853,,,,
20250924,006380,카프로,3660,0,0,,,,
20250924,006400,삼성SDI,205500,-4500,361727,,,,
20250924,006405,삼성SDI우,131900,-4200,7211,,,,
20250924,006490,프리티,3480,-145,228933,,,,
20250924,006570,대림통상,2545,-15,1063,,,,
20250924,006650,대한유화,112400,-700,21312,,,,
20250924,006660,삼성공조,14630,790,1709968,,,,
20250924,006740,블루산업개발,2357,-5,18190,,,,
20250924,006800,미래에셋증권,20411,-797,2906819,,,,
20250924,006805,미래에셋증권우,9441,-325,84865,,,,
20250924,00680K,미래에셋증권2우B,8893,-332,719093,,,,
20250924,006840,AK홀딩스,10410,-410,18008,,,,
20250924,006880,신송홀딩스,6740,-60,53075,,,,
20250924,006890,태경케미컬,9510,-10,13618,,,,
20250924,006980,우성,16700,-130,944,,,,
20250924,007070,GS리테일,16770,-90,75904,,,,
20250924,007110,일신석재,2090,-115,3923327,,,,
20250924,007120,미래아이앤지,894,1,26621,,,,
20250924,007160,사조산업,48650,-300,3238,,,,
20250924,007210,벽산,1941,-31,566493,,,,
20250924,007280,한국특강,3256,-26,27234,,,,
20250924,007310,오뚜기,412500,-3500,7683,,,,
20250924,007340,DN오토모티브,22900,-150,80357,,,,
20250924,007460,에이프로젠,669,-23,3342439,,,,
20250924,007540,샘표,47900,-850,8938,,,,
20250924,007570,일양약품,14600,0,0,,,,
20250924,007575,일양약품우,15260,0,0,,,,
20250924,007590,동방아그로,6190,0,3529,,,,
20250924,007610,선도전기,3000,0,0,,,,
20250924,007660,이수페타시스,75600,600,936781,,,,
20250924,007690,국도화학,35850,-950,24973,,,,
20250924,007700,F&F홀딩스,19550,-90,23442,,,,
20250924,007810,코리아써키트,18510,520,1146633,,,,
20250924,007815,코리아써우,6870,60,722,,,,
20250924,00781K,코리아써키트2우B,6580,50,2882,,,,
20250924,007860,서연,9110,-120,32735,,,,
20250924,007980,TP,1720,-79,1047464,,,,
20250924,008040,사조동아원,1256,-12,1425491,,,,
20250924,008060,대덕,8650,50,157805,,,,
20250924,00806K,대덕1우,8540,140,3357,,,,
20250924,008250,이건산업,4830,10,45591,,,,
20250924,008260,NI스틸,3665,-70,51558,,,,
20250924,008350,남선알미늄,1111,-14,898275,,,,
20250924,008355,남선알미우,12710,-70,16,,,,
20250924,008420,문배철강,2325,-40,96077,,,,
20250924,008490,서흥,25450,-600,126386,,,,
20250924,008600,윌비스,3474,-94,37096,,,,
20250924,008700,아남전자,1309,-10,174372,,,,
20250924,008730,율촌화학,30300,-700,71306,,,,
20250924,008770,호텔신라,55000,-700,321878,,,,
20250924,008775,호텔신라우,43000,-500,1234,,,,
20250924,008870,금비,60300,200,1458,,,,
20250924,008930,한미사이언스,40750,-1000,170373,,,,
20250924,008970,KBI동양철관,2327,-14,1533232,,,,
20250924,009070,KCTC,5480,-80,125132,,,,
20250924,009140,경인전자,20450,-200,1826,,,,
20250924,009150,삼성전기,201500,-2500,523315,,,,
20250924,009155,삼성전기우,88800,-3400,65668,,,,
20250924,009160,SIMPAC,4450,-40,31928,,,,
20250924,009180,한솔로지스틱스,2865,-10,47913,,,,
20250924,009190,대양금속,1570,-25,184559,,,,
20250924,009200,무림페이퍼,2020,5,73273,,,,
20250924,009240,한샘,45450,100,22545,,,,
20250924,009270,신원,1710,-81,1631542,,,,
20250924,009290,광동제약,5920,10,57185,,,,
20250924,009310,참엔지니어링,1319,31,61982,,,,
20250924,009320,아진전자부품,1025,-7,50624,,,,
20250924,009410,태영건설,1602,-26,201311,,,,
20250924,009415,태영건설우,5050,20,763,,,,
20250924,009420,한올바이오파마,31900,-1200,291852,,,,
20250924,009440,KC그린홀딩스,756,0,0,,,,
20250924,009450,경동나비엔,75900,-500,35338,,,,
20250924,009460,한창제지,3115,-5,7274,,,,
20250924,009470,삼화전기,40850,750,230519,,,,
20250924,009540,HD한국조선해양,407500,8000,171194,,,,
20250924,009580,무림P&P,2570,-20,75703,,,,
20250924,009680,모토닉,10170,-110,27076,,,,
20250924,009770,삼정펄프,27800,100,2363,,,,
20250924,009810,MDS스피어,3365,0,17982,,,,
20250924,009830,한화솔루션,27731,-519,616029,,,,
20250924,009835,한화솔루션우,20638,-361,6695,,,,
20250924,009900,명신산업,8910,-70,73449,,,,
20250924,009970,영원무역홀딩스,141400,-1000,17678,,,,
20250924,010040,한국내화,2170,25,553723,,,,
20250924,010060,OCI홀딩스,94800,-2500,80283,,,,
20250924,010100,한국무브넥스,4170,-45,179569,,,,
20250924,010120,LS ELECTRIC,57300,-1300,746585,,,,
20250924,010130,고려아연,935000,-7000,10384,,,,
20250924,010140,삼성중공업,21850,550,4334728,,,,
20250924,010400,우진아이엔에스,3165,140,2864,,,,
20250924,010580,에스엠벡셀,2035,467,10978755,,,,
20250924,010640,진양폴리,3764,-12,98229,,,,
20250924,010660,화천기계,4595,0,144467,,,,
20250924,010690,화신,7990,-120,165753,,,,
20250924,010770,평화홀딩스,3810,-50,104641,,,,
20250924,010780,아이에스동서,18170,-460,30084,,,,
20250924,010820,퍼스텍,4655,105,2669458,,,,
20250924,010950,S-Oil,59800,1900,582832,,,,
20250924,010955,S-Oil우,38950,1350,12600,,,,
20250924,010960,삼호개발,3400,-40,57898,,,,
20250924,011000,진원생명과학,11550,-350,129151,,,,
20250924,011070,LG이노텍,196900,-200,195651,,,,
20250924,011090,에넥스,2935,0,23240,,,,
20250924,011150,CJ씨푸드,2845,-25,126613,,,,
20250924,011155,CJ씨푸드1우,16630,-10,92,,,,
20250924,011170,롯데케미칼,63700,-700,79352,,,,
20250924,011200,HMM,21300,50,1676252,,,,
20250924,011210,현대위아,49950,-650,54826,,,,
20250924,011230,삼화전자,3490,-100,202864,,,,
20250924,011280,태림포장,1916,-26,53730,,,,
20250924,011300,우성머티리얼스,4060,40,48113,,,,
20250924,011330,유니켐,15430,-90,20007,,,,
20250924,011390,부산산업,84200,-4500,5942,,,,
20250924,011420,갤럭시아에스엠,2075,-35,269621,,,,
20250924,011500,한농화성,14310,-190,56292,,,,
20250924,011690,와이투솔루션,3460,-90,636066,,,,
20250924,011700,한신기계,3830,280,4043777,,,,
20250924,011760,현대코퍼레이션,21700,-450,44439,,,,
20250924,011780,금호석유화학,104000,-1400,101482,,,,
20250924,011785,금호석유화학우,55800,-1200,8204,,,,
20250924,011790,SKC,96249,-2162,253664,,,,
20250924,011810,STX,3530,0,0,,,,
20250924,011930,신성이엔지,18370,-150,381423,,,,
20250924,012030,DB,1572,-14,965011,,,,
20250924,012160,영흥,2730,-90,32817,,,,
20250924,012170,아센디오,2040,-20,96206,,,,
20250924,012200,계양전기,1362,-10,52933,,,,
20250924,012205,계양전기우,2890,29,2953,,,,
20250924,012280,영화금속,878,-7,34953,,,,
20250924,012320,경동인베스트,58300,200,16543,,,,
20250924,012330,현대모비스,308000,-4000,81257,,,,
20250924,012450,한화에어로스페이스,1058000,54000,295040,,,,
20250924,012610,경인양행,2980,-25,58677,,,,
20250924,012630,HDC,18290,70,161961,,,,
20250924,012690,모나리자,2485,0,35196,,,,
20250924,012750,에스원,85500,-500,46215,,,,
20250924,012800,대창,1280,-4,340032,,,,
20250924,013000,세우글로벌,1063,-8,32741,,,,
20250924,013360,일성건설,1344,-32,151941,,,,
20250924,013520,화승코퍼레이션,2000,-10,81062,,,,
20250924,013570,디와이,4400,105,34366,,,,
20250924,013580,계룡건설,19780,-270,73843,,,,
20250924,013700,까뮤이앤씨,1115,-4,28712,,,,
20250924,013870,지엠비코리아,4005,-35,10438,,,,
20250924,013890,지누스,15740,-550,113608,,,,
20250924,014130,한익스프레스,3190,-20,18860,,,,
20250924,014160,대영포장,1156,-20,468158,,,,
20250924,014280,금강공업,4905,-70,181697,,,,
20250924,014285,금강공업우,6920,-50,59,,,,
20250924,014440,영보화학,4410,-10,29092,,,,
20250924,014530,극동유화,3330,-15,99580,,,,
20250924,014580,태경비케이,4835,-45,113443,,,,
20250924,014680,한솔케미칼,217500,10500,126440,,,,
20250924,014710,사조씨푸드,8640,-130,28396,,,,
20250924,014790,HL D&I,2375,-15,59578,,,,
20250924,014820,동원시스템즈,27600,-400,35020,,,,
20250924,014825,동원시스템즈우,17350,20,215,,,,
20250924,014830,유니드,73900,-1400,16033,,,,
20250924,014910,성문전자,1155,-11,14282,,,,
20250924,014915,성문전자우,4060,-20,318,,,,
20250924,014990,인디에프,5785,-350,185630,,,,
20250924,015020,이스타코,1292,2,49526,,,,
20250924,015230,대창단조,6070,-120,96326,,,,
20250924,015260,에이엔피,500,5,196865,,,,
20250924,015360,INVENI,12460,-260,23210,,,,
20250924,015590,DKME,2575,0,0,,,,
20250924,015760,한국전력,36950,50,1457035,,,,
20250924,015860,일진홀딩스,5460,-30,45637,,,,
20250924,015890,태경산업,5110,-90,82489,,,,
20250924,016090,대현,1832,-3,95526,,,,
20250924,016360,삼성증권,72900,-1400,268629,,,,
20250924,016380,KG스틸,5390,-60,129499,,,,
20250924,016450,한세예스24홀딩스,4185,30,32260,,,,
20250924,016580,환인제약,10870,-230,27049,,,,
20250924,016590,신대양제지,11030,-20,24476,,,,
20250924,016610,DB증권,9640,-120,102658,,,,
20250924,016710,대성홀딩스,8570,-100,28716,,,,
20250924,016740,두올,3360,-30,51076,,,,
20250924,016800,퍼시스,44850,-1050,456,,,,
20250924,016880,웅진,4590,-35,536591,,,,
20250924,017040,광명전기,1218,9,650477,,,,
20250924,017180,명문제약,1711,-25,42873,,,,
20250924,017370,우신시스템,7060,-190,32780,,,,
20250924,017390,서울가스,62200,-700,8074,,,,
20250924,017550,수산세보틱스,1826,-8,90982,,,,
20250924,017670,SK텔레콤,55100,100,329476,,,,
20250924,017800,현대엘리베이터,81000,-1500,108478,,,,
20250924,017810,풀무원,14430,-210,108746,,,,
20250924,017860,DS단석,20697,-644,99690,,,,
20250924,017900,광전자,1927,-3,21819,,,,
20250924,017940,E1,75800,-2400,9596,,,,
20250924,017960,한국카본,33050,1200,676954,,,,
20250924,018250,애경산업,14870,-60,34725,,,,
20250924,018260,삼성에스디에스,164300,-2900,137722,,,,
20250924,018470,조일알미늄,1378,-17,321683,,,,
20250924,018500,동원모빌리티,1304,-2,212543,,,,
20250924,018670,SK가스,235500,0,8284,,,,
20250924,018880,한온시스템,2858,-93,1763408,,,,
20250924,019170,신풍제약,13400,-180,383782,,,,
20250924,019175,신풍제약우,26300,450,9342,,,,
20250924,019180,티에이치엔,6090,-20,377799,,,,
20250924,019490,엑시큐어하이트론,713,49,3793921,,,,
20250924,019680,대교,2185,10,40633,,,,
20250924,019685,대교우B,1260,-5,9381,,,,
20250924,020000,한섬,15270,-230,37116,,,,
20250924,020120,키다리스튜디오,4345,50,159933,,,,
20250924,020150,롯데에너지머티리얼즈,23650,-350,77970,,,,
20250924,020560,아시아나항공,9320,-40,107455,,,,
20250924,020760,일진디스플,902,0,0,,,,
20250924,021050,서원,1129,-16,185590,,,,
20250924,021240,코웨이,101900,-1900,82299,,,,
20250924,021820,세원정공,11180,50,10600,,,,
20250924,022100,포스코DX,21900,200,487618,,,,
20250924,023000,삼원강재,2430,-5,4453,,,,
20250924,023150,MH에탄올,5040,-50,8246,,,,
20250924,023350,한국종합기술,4630,-30,27607,,,,
20250924,023450,동남합성,34100,150,1054,,,,
20250924,023530,롯데쇼핑,70600,-800,34716,,,,
20250924,023590,다우기술,37650,-850,104129,,,,
20250924,023800,인지컨트롤스,5940,10,37039,,,,
20250924,023810,인팩,6460,-120,11530,,,,
20250924,023960,에쓰씨엔지니어링,1220,0,163072,,,,
20250924,024070,WISCOM,1947,-10,2142,,,,
20250924,024090,디씨엠,11990,0,4395,,,,
20250924,024110,기업은행,19600,-110,570068,,,,
20250924,024720,콜마홀딩스,12750,-240,278672,,,,
20250924,024890,대원화성,4250,-35,10425,,,,
20250924,024900,디와이덕양,2245,-15,103838,,,,
20250924,025000,KPX케미칼,46881,-141,9131,,,,
20250924,025530,SJM홀딩스,3580,5,18518,,,,
20250924,025540,한국단자,62400,-600,16550,,,,
20250924,025560,미래산업,2186,-24,123590,,,,
20250924,025620,차AI헬스케어,8060,150,35144,,,,
20250924,025750,한솔홈데코,3410,-35,39826,,,,
20250924,025820,이구산업,4530,-40,120456,,,,
20250924,025860,남해화학,6860,-170,85695,,,,
20250924,025890,한국주강,1968,-57,81561,,,,
20250924,026890,스틱인베스트먼트,10600,-110,91795,,,,
20250924,026940,부국철강,2330,-50,100972,,,,
20250924,026960,동서,27200,-100,66991,,,,
20250924,027410,BGF,3965,-35,88896,,,,
20250924,027740,마니커,1664,-20,48663,,,,
20250924,027970,한국제지,4010,-20,13231,,,,
20250924,028050,삼성E&A,27900,-400,366487,,,,
20250924,028100,동아지질,15180,-120,17625,,,,
20250924,028260,삼성물산,193700,-4000,372155,,,,
20250924,02826K,삼성물산우B,127700,-2300,7396,,,,
20250924,028670,팬오션,3950,45,816050,,,,
20250924,029460,케이씨,26600,-200,65469,,,,
20250924,029530,신도리코,42450,-650,9833,,,,
20250924,029780,삼성카드,51500,0,50671,,,,
20250924,030000,제일기획,20500,-250,351388,,,,
20250924,030190,NICE평가정보,13670,-410,202746,,,,
20250924,030200,KT,50800,950,318504,,,,
20250924,030210,다올투자증권,3540,-45,180949,,,,
20250924,030610,교보증권,9230,-250,121631,,,,
20250924,030720,동원수산,6180,60,45077,,,,
20250924,031210,서울보증보험,53800,0,84664,,,,
20250924,031430,신세계인터내셔날,10210,-130,48425,,,,
20250924,031820,아이티센씨티에스,6120,10,17253,,,,
20250924,032350,롯데관광개발,19140,-1060,1402850,,,,
20250924,032560,황금에스티,5790,-50,20803,,,,
20250924,032640,LG유플러스,14990,220,974978,,,,
20250924,032830,삼성생명,152800,-4800,231594,,,,
20250924,033240,자화전자,21300,-100,170206,,,,
20250924,033250,체시스,5425,-35,47997,,,,
20250924,033270,유나이티드제약,19750,-200,42689,,,,
20250924,033530,SJG세종,6330,-160,126631,,,,
20250924,033780,KT&G,140700,-1900,668907,,,,
20250924,033920,무학,8220,-70,57938,,,,
20250924,034020,두산에너빌리티,65900,2800,12114101,,,,
20250924,034120,SBS,20050,-600,39893,,,,
20250924,034220,LG디스플레이,13650,330,2908086,,,,
20250924,034230,파라다이스,22200,-1450,3232536,,,,
20250924,034310,NICE,13380,-340,48124,,,,
20250924,034590,인천도시가스,25950,50,944,,,,
20250924,034730,SK,210500,-12000,317021,,,,
20250924,03473K,SK우,163500,-6000,4546,,,,
20250924,034830,한국토지신탁,1397,2,770169,,,,
20250924,035000,HS애드,9040,-160,24521,,,,
20250924,035150,백산,13860,-270,55103,,,,
20250924,035250,강원랜드,17980,-250,283570,,,,
20250924,035420,NAVER,228000,-3000,982181,,,,
20250924,035510,신세계 I&C,14750,-330,88137,,,,
20250924,035720,카카오,62800,-500,2786106,,,,
20250924,036420,콘텐트리중앙,11120,-210,36981,,,,
20250924,036460,한국가스공사,38550,-100,189960,,,,
20250924,036530,SNT홀딩스,76500,-3300,29380,,,,
20250924,036570,NC,227500,-2500,65885,,,,
20250924,036580,팜스코,2675,-65,27028,,,,
20250924,037270,YG PLUS,7920,-620,4080341,,,,
20250924,037560,LG헬로비전,2730,-45,180763,,,,
20250924,037710,광주신세계,30450,0,11979,,,,
20250924,039130,하나투어,50300,-900,87867,,,,
20250924,039490,키움증권,263500,-12500,240155,,,,
20250924,039570,HDC랩스,8510,-50,13647,,,,
20250924,041650,상신브레이크,2690,-40,63226,,,,
20250924,042660,한화오션,110600,100,981430,,,,
20250924,042700,한미반도체,96200,200,779048,,,,
20250924,044380,주연테크,2825,10,13988,,,,
20250924,044450,KSS해운,9100,-30,40823,,,,
20250924,044820,코스맥스비티아이,18220,-370,27012,,,,
20250924,047040,대우건설,3635,-40,964915,,,,
20250924,047050,포스코인터내셔널,48700,-50,263857,,,,
20250924,047400,유니온머티리얼,1388,-22,111058,,,,
20250924,047810,한국항공우주,109000,3600,1435900,,,,
20250924,049800,우진플라임,2180,45,10162,,,,
20250924,051600,한전KPS,49350,-250,196449,,,,
20250924,051630,진양화학,2310,-25,107417,,,,
20250924,051900,LG생활건강,285500,1500,35706,,,,
20250924,051905,LG생활건강우,114500,0,7037,,,,
20250924,051910,LG화학,286000,-12500,238319,,,,
20250924,051915,LG화학우,143100,-3900,56281,,,,
20250924,052690,한전기술,87800,400,259355,,,,
20250924,053210,스카이라이프,5050,-30,27402,,,,
20250924,053690,한미글로벌,22950,1650,647654,,,,
20250924,055490,테이팩스,14790,130,8894,,,,
20250924,055550,신한지주,69100,-800,981893,,,,
20250924,058430,포스코스틸리온,3700,-10,64680,,,,
20250924,058650,세아홀딩스,123000,0,1578,,,,
20250924,058730,다스코,2880,-5,18771,,,,
20250924,058850,KTcs,3010,0,434560,,,,
20250924,058860,KTis,2870,-25,87513,,,,
20250924,060980,HL홀딩스,40100,200,15278,,,,
20250924,062040,산일전기,114900,-7300,540016,,,,
20250924,063160,종근당바이오,23950,-150,16233,,,,
20250924,064350,현대로템,228000,4500,809291,,,,
20250924,064400,LG씨엔에스,65900,-800,641980,,,,
20250924,064960,SNT모티브,35400,-300,38885,,,,
20250924,066570,LG전자,78000,-1400,635037,,,,
20250924,066575,LG전자우,37450,-1350,111634,,,,
20250924,066970,엘앤에프,74800,-2200,286656,,,,
20250924,067830,세이브존I&C,2630,-20,39173,,,,
20250924,068270,셀트리온,168615,-6958,1113441,,,,
20250924,068290,삼성출판사,16290,-320,35893,,,,
20250924,069260,TKG휴켐스,17760,-270,45712,,,,
20250924,069460,대호에이엘,8450,275,176535,,,,
20250924,069620,대웅제약,137700,-5700,53147,,,,
20250924,069640,한세엠케이,1616,-24,24637,,,,
20250924,069730,DSR제강,3775,-45,6934,,,,
20250924,069960,현대백화점,89100,-300,95556,,,,
20250924,070960,모나용평,4035,-130,136007,,,,
20250924,071050,한국금융지주,149600,-4400,278196,,,,
20250924,071055,한국금융지주우,108300,-4100,38489,,,,
20250924,071090,하이스틸,4190,-55,377463,,,,
20250924,071320,지역난방공사,90300,-1300,18346,,,,
20250924,071840,롯데하이마트,7940,-140,32387,,,,
20250924,071950,코아스,5690,-20,71365,,,,
20250924,071970,HD현대마린엔진,83700,0,238561,,,,
20250924,072130,유엔젤,5750,40,174100,,,,
20250924,072710,농심홀딩스,106300,-1700,197143,,,,
20250924,073240,금호타이어,4840,25,335494,,,,
20250924,074610,이엔플러스,5110,0,0,,,,
20250924,075180,새론오토모티브,3080,-150,9675,,,,
20250924,075580,세진중공업,21800,350,1577365,,,,
20250924,077500,유니퀘스트,7220,-20,251268,,,,
20250924,077970,STX엔진,41250,100,362677,,,,
20250924,078000,텔코웨어,16760,-2150,1515718,,,,
20250924,078520,에이블씨엔씨,11180,-150,426281,,,,
20250924,078930,GS,45300,-150,138587,,,,
20250924,078935,GS우,43050,-50,5871,,,,
20250924,079160,CJ CGV,5030,-230,557128,,,,
20250924,079430,현대리바트,7140,-100,36328,,,,
20250924,079550,LIG디펜스앤에어로스페이스,496000,2500,104472,,,,
20250924,079900,전진건설로봇,46700,-800,29234,,,,
20250924,079980,휴비스,3025,5,26325,,,,
20250924,081000,일진다이아,12000,70,32377,,,,
20250924,081660,미스토홀딩스,39700,100,61172,,,,
20250924,082640,동양생명,8090,210,398385,,,,
20250924,082740,한화엔진,44100,700,841995,,,,
20250924,083420,그린케미칼,7420,-80,38290,,,,
20250924,084010,대한제강,10736,-160,21922,,,,
20250924,084670,동양고속,8160,0,324,,,,
20250924,084680,이월드,1469,-26,90819,,,,
20250924,084690,대상홀딩스,9290,-250,160713,,,,
20250924,084695,대상홀딩스우,12420,-360,4644,,,,
20250924,084870,TBH글로벌,1349,-1,17842,,,,
20250924,085310,엔케이,13890,-260,228575,,,,
20250924,085620,미래에셋생명,7810,-60,128055,,,,
20250924,086280,현대글로비스,171400,-5700,218156,,,,
20250924,086790,하나금융지주,89100,-400,516017,,,,
20250924,088260,이리츠코크렙,4700,0,36784,,,,
20250924,088350,한화생명,3185,-65,763402,,,,
20250924,088790,진도,1886,4,127992,,,,
20250924,088980,맥쿼리인프라,11370,50,1203378,,,,
20250924,089470,HDC현대EP,4030,-35,52340,,,,
20250924,089590,제주항공,6430,-90,71305,,,,
20250924,089860,롯데렌탈,29400,-250,27161,,,,
20250924,090080,평화산업,981,-3,228571,,,,
20250924,090350,노루페인트,9260,-150,83450,,,,
20250924,090355,노루페인트우,13890,70,228,,,,
20250924,090370,메타랩스,1389,19,29479,,,,
20250924,090430,아모레퍼시픽,125400,2000,191892,,,,
20250924,090435,아모레퍼시픽우,42400,-100,13405,,,,
20250924,090460,비에이치,18730,-470,598887,,,,
20250924,091810,트리니티항공,1753,-19,335165,,,,
20250924,092200,디아이씨,4530,-65,227349,,,,
20250924,092220,KEC,4230,-35,250669,,,,
20250924,092230,KPX홀딩스,67700,-1000,1531,,,,
20250924,092440,기신정기,2530,5,154126,,,,
20250924,092780,DYP,3850,-45,14181,,,,
20250924,092790,넥스틸,12220,-310,221521,,,,
20250924,093050,LF,17790,-160,51865,,,,
20250924,093240,형지엘리트,1388,-16,377846,,,,
20250924,093370,후성,6160,40,360282,,,,
20250924,094280,효성ITX,12890,-60,9833,,,,
20250924,094800,맵스리얼티,4975,5,114064,,,,
20250924,095570,AJ네트웍스,4355,-45,101469,,,,
20250924,095720,웅진씽크빅,3282,-22,57430,,,,
20250924,096760,JW홀딩스,3305,-60,45851,,,,
20250924,096770,SK이노베이션,102300,-1300,233461,,,,
20250924,096775,SK이노베이션우,67800,-1000,3138,,,,
20250924,097230,HJ중공업,29100,650,6616037,,,,
20250924,097520,엠씨넥스,29050,-50,42367,,,,
20250924,097950,CJ제일제당,233000,-2000,41147,,,,
20250924,097955,CJ제일제당 우,139800,-1000,6115,,,,
20250924,100090,SK오션플랜트,27700,1400,5424916,,,,
20250924,100220,비상교육,5620,-50,81050,,,,
20250924,100250,진양홀딩스,3113,0,46525,,,,
20250924,100840,SNT에너지,55800,200,186921,,,,
20250924,101140,인바이오젠,12080,-60,7920,,,,
20250924,101530,해태제과식품,6700,-90,38438,,,,
20250924,102260,동성케미컬,4162,15,45592,,,,
20250924,102460,이연제약,11660,0,16969,,,,
20250924,103140,풍산,124900,1700,199063,,,,
20250924,103590,일진전기,35650,-150,710960,,,,
20250924,104700,한국철강,10170,-90,38705,,,,
20250924,105560,KB금융,115300,-100,472792,,,,
20250924,105630,한세실업,10900,-60,148642,,,,
20250924,105840,우진,15570,470,7145621,,,,
20250924,107590,미원홀딩스,73000,0,79,,,,
20250924,108320,LX세미콘,56500,200,48352,,,,
20250924,108670,LX하우시스,28400,-350,28189,,,,
20250924,108675,LX하우시스우,17240,-10,1135,,,,
20250924,109070,주성코퍼레이션,1057,38,860573,,,,
20250924,111110,호전실업,7950,240,53963,,,,
20250924,111380,동인기연,13790,-210,11893,,,,
20250924,111770,영원무역,64000,1300,22949,,,,
20250924,112610,씨에스윈드,44250,-200,152304,,,,
20250924,114090,GKL,16100,-1360,675293,,,,
20250924,117580,대성에너지,8170,10,57751,,,,
20250924,118000,메타케어,3200,-100,201582,,,,
20250924,119650,KC코트렐,918,0,0,,,,
20250924,120030,조선선재,107600,-400,6269,,,,
20250924,120110,코오롱인더,36100,-500,104590,,,,
20250924,120115,코오롱인더우,23800,0,4469,,,,
20250924,122900,아이마켓코리아,8240,-40,30263,,,,
20250924,123690,한국화장품,10920,350,302197,,,,
20250924,123700,SJM,3545,10,29706,,,,
20250924,123890,한국자산신탁,2300,-35,290881,,,,
20250924,126560,현대퓨처넷,3250,20,43875,,,,
20250924,126720,수산인더스트리,21700,-150,59950,,,,
20250924,128820,대성산업,4415,45,186071,,,,
20250924,128940,한미약품,393000,8500,169094,,,,
20250924,129260,인터지스,2685,-30,85819,,,,
20250924,130660,한전산업,12000,-10,166832,,,,
20250924,133820,화인베스틸,1879,74,2028754,,,,
20250924,134380,미원화학,8790,40,26230,,,,
20250924,134790,시디즈,24000,-150,1997,,,,
20250924,136490,선진,11600,-240,101141,,,,
20250924,137310,에스디바이오센서,10580,-200,108162,,,,
20250924,138040,메리츠금융지주,116200,-900,148152,,,,
20250924,138930,BNK금융지주,14630,-200,680634,,,,
20250924,139130,iM금융지주,13810,-210,359495,,,,
20250924,139480,이마트,76700,-500,110871,,,,
20250924,139990,아주스틸,3880,-30,25999,,,,
20250924,143210,핸즈코퍼레이션,1639,-21,5830,,,,
20250924,145210,다이나믹디자인,6350,-170,6070,,,,
20250924,145270,케이탑리츠,950,-4,56101,,,,
20250924,145720,덴티움,57900,-1000,54517,,,,
20250924,145990,삼양사,50800,-800,13654,,,,
20250924,145995,삼양사우,35900,-200,502,,,,
20250924,155660,DSR,3775,-45,12093,,,,
20250924,161000,애경케미칼,9860,-360,431986,,,,
20250924,161390,한국타이어앤테크놀로지,38300,-250,270434,,,,
20250924,161890,한국콜마,78900,-200,123697,,,,
20250924,163560,동일고무벨트,6650,-50,33001,,,,
20250924,170900,동아에스티,45397,-715,26585,,,,
20250924,175330,JB금융지주,23500,-200,306379,,,,
20250924,178920,PI첨단소재,17500,-450,172819,,,,
20250924,180640,한진칼,101000,-3500,67190,,,,
20250924,18064K,한진칼우,34350,-1350,4883,,,,
20250924,181710,NHN,25700,-650,57776,,,,
20250924,183190,아세아시멘트,12360,-240,94445,,,,
20250924,185750,종근당,82500,-1100,29006,,,,
20250924,192080,더블유게임즈,52900,-800,43611,,,,
20250924,192400,쿠쿠홀딩스,31300,-1100,32839,,,,
20250924,192650,드림텍,6400,-100,117622,,,,
20250924,192820,코스맥스,235000,-4000,70672,,,,
20250924,194370,제이에스코퍼레이션,10480,-320,156752,,,,
20250924,195870,해성디에스,30100,-150,215914,,,,
20250924,200880,서연이화,11180,-150,46425,,,,
20250924,204320,HL만도,34700,-550,89305,,,,
20250924,207940,삼성바이오로직스,1539444,14717,48459,,,,
20250924,210540,디와이파워,12350,-50,20064,,,,
20250924,210980,SK디앤디,10590,430,188629,,,,
20250924,213500,한솔제지,8510,-110,75787,,,,
20250924,214320,이노션,18310,-190,72474,,,,
20250924,214330,금호에이치티,16239,27,13370,,,,
20250924,214390,경보제약,6250,110,70601,,,,
20250924,214420,토니모리,10510,-130,202006,,,,
20250924,226320,잇츠한불,12550,-50,11630,,,,
20250924,227840,현대코퍼레이션홀딩스,12450,-200,21317,,,,
20250924,229640,LS에코에너지,39200,-500,213113,,,,
20250924,234080,JW생명과학,12400,50,76510,,,,
20250924,241560,두산밥캣,55300,800,345574,,,,
20250924,241590,화승엔터프라이즈,6390,-70,193420,,,,
20250924,244920,에이플러스에셋,7100,-220,134238,,,,
20250924,248070,솔루엠,18150,-300,312074,,,,
20250924,248170,샘표식품,26400,-200,4624,,,,
20250924,249420,일동제약,26900,-800,1992428,,,,
20250924,251270,넷마블,65200,200,150478,,,,
20250924,259960,크래프톤,302500,-5000,118511,,,,
20250924,264900,크라운제과,9330,-100,28580,,,,
20250924,26490K,크라운제과우,9630,0,1090,,,,
20250924,267250,HD현대,154600,-3900,132772,,,,
20250924,267260,HD현대일렉트릭,588000,-6000,128270,,,,
20250924,267270,HD건설기계,98500,400,88471,,,,
20250924,267290,경동도시가스,20400,-150,7015,,,,
20250924,267850,아시아나IDT,11710,-120,10101,,,,
20250924,268280,미원에스씨,140000,300,847,,,,
20250924,271560,오리온,104600,-1500,162278,,,,
20250924,271940,일진하이솔루스,18060,-20,45577,,,,
20250924,271980,제일약품,14500,-20,39130,,,,
20250924,272210,한화시스템,60400,1800,2458010,,,,
20250924,272450,진에어,8150,-80,73832,,,,
20250924,272550,삼양패키징,13470,-140,16333,,,,
20250924,278470,에이피알,217500,-500,361070,,,,
20250924,280360,롯데웰푸드,114200,-1300,12391,,,,
20250924,281820,케이씨텍,39400,500,147673,,,,
20250924,282330,BGF리테일,108400,-300,46008,,,,
20250924,284740,쿠쿠홈시스,26600,-600,35763,,,,
20250924,285130,SK케미칼,61600,-900,43454,,,,
20250924,28513K,SK케미칼우,25950,-50,2472,,,,
20250924,286940,롯데이노베이트,21700,-100,7998,,,,
20250924,293480,하나제약,12180,-110,11856,,,,
20250924,293940,신한알파리츠,5590,0,201736,,,,
20250924,294870,IPARK현대산업개발,20650,-50,196213,,,,
20250924,298000,효성화학,77800,0,0,,,,
20250924,298020,효성티앤씨,218000,-2000,8343,,,,
20250924,298040,효성중공업,1378000,-19000,35088,,,,
20250924,298050,HS효성첨단소재,186100,-2500,6437,,,,
20250924,298690,에어부산,1978,-12,155971,,,,
20250924,300720,한일시멘트,19370,-380,66926,,,,
20250924,302440,SK바이오사이언스,48600,-800,117445,,,,
20250924,306200,세아제강,125800,-1000,2462,,,,
20250924,307950,현대오토에버,161100,-4100,103647,,,,
20250924,308170,씨티알모빌리티,5060,40,2972,,,,
20250924,316140,우리금융지주,26650,200,1457574,,,,
20250924,317400,자이에스앤디,3395,-5,18611,,,,
20250924,322000,HD현대에너지솔루션,51100,-900,81385,,,,
20250924,323410,카카오뱅크,23950,-250,611153,,,,
20250924,326030,SK바이오팜,107300,-3000,160628,,,,
20250924,329180,HD현대중공업,501000,6500,124334,,,,
20250924,330590,롯데리츠,4005,45,494567,,,,
20250924,334890,이지스밸류플러스리츠,4175,45,126320,,,,
20250924,336260,두산퓨얼셀,29700,-300,927569,,,,
20250924,33626K,두산퓨얼셀1우,6800,-170,14877,,,,
20250924,33626L,두산퓨얼셀2우B,10910,-120,6373,,,,
20250924,336370,솔루스첨단소재,7810,-150,78074,,,,
20250924,33637K,솔루스첨단소재1우,1813,-3,16323,,,,
20250924,33637L,솔루스첨단소재2우B,3780,0,446,,,,
20250924,338100,NH프라임리츠,4670,5,47262,,,,
20250924,339770,교촌에프앤비,4525,0,46357,,,,
20250924,344820,KCC글라스,28250,-100,27853,,,,
20250924,348950,제이알글로벌리츠,2900,-30,510394,,,,
20250924,350520,이지스레지던스리츠,3900,-15,61260,,,,
20250924,352820,하이브,276000,-5500,315539,,,,
20250924,353200,대덕전자,29100,1600,2046426,,,,
20250924,35320K,대덕전자1우,9610,300,15208,,,,
20250924,357120,코람코라이프인프라리츠,4380,0,104645,,,,
20250924,357250,미래에셋맵스리츠,2790,-5,51791,,,,
20250924,357430,마스턴프리미어리츠,1562,1,86251,,,,
20250924,361610,SK아이이테크놀로지,28050,-700,77741,,,,
20250924,363280,티와이홀딩스,2780,-85,95972,,,,
20250924,36328K,티와이홀딩스우,5370,-30,3821,,,,
20250924,365550,ESR켄달스퀘어리츠,4495,0,289321,,,,
20250924,372910,한컴라이프케어,2860,20,145746,,,,
20250924,373220,LG에너지솔루션,348000,-9000,185199,,,,
20250924,375500,DL이앤씨,42200,-100,202180,,,,
20250924,37550K,DL이앤씨우,19100,-270,7812,,,,
20250924,37550L,DL이앤씨2우(전환),29650,-450,2433,,,,
20250924,377190,디앤디플랫폼리츠,3425,-5,57533,,,,
20250924,377300,카카오페이,54600,-600,488405,,,,
20250924,377740,바이오노트,6000,-60,80502,,,,
20250924,378850,화승알앤에이,3335,-60,262710,,,,
20250924,381970,케이카,15970,60,44836,,,,
20250924,383220,F&F,65900,300,28451,,,,
20250924,383800,LX홀딩스,7830,-130,216756,,,,
20250924,38380K,LX홀딩스1우,8640,-10,139,,,,
20250924,395400,SK리츠,5050,-10,509957,,,,
20250924,396690,미래에셋글로벌리츠,2790,-5,177372,,,,
20250924,400760,NH올원리츠,3365,20,157568,,,,
20250924,402340,SK스퀘어,217500,-2500,594973,,,,
20250924,403550,쏘카,12500,-30,5813,,,,
20250924,404990,신한서부티엔디리츠,3395,0,89302,,,,
20250924,415640,KB발해인프라,8790,0,112670,,,,
20250924,417310,코람코더원리츠,6400,40,82195,,,,
20250924,432320,KB스타리츠,3960,0,101521,,,,
20250924,439260,대한조선,80600,-2100,371911,,,,
20250924,443060,HD현대마린솔루션,210500,4500,99918,,,,
20250924,446070,유니드비티플러스,3800,-45,27243,,,,
20250924,448730,삼성FN리츠,4345,-5,61697,,,,
20250924,450080,에코프로머티,50000,-1600,279670,,,,
20250924,451800,한화리츠,4035,25,205744,,,,
20250924,452260,한화갤러리아,1120,1,260211,,,,
20250924,45226K,한화갤러리아우,2230,-5,1828,,,,
20250924,453340,현대그린푸드,15130,0,46423,,,,
20250924,454910,두산로보틱스,67400,-2500,421212,,,,
20250924,456040,OCI,57400,-1200,35008,,,,
20250924,457190,이수스페셜티케미컬,49400,-1800,441621,,,,
20250924,460850,동국씨엠,5490,-50,30192,,,,
20250924,460860,동국제강,9290,-20,84527,,,,
20250924,462520,조선내화,14650,720,837261,,,,
20250924,462870,시프트업,40450,-150,61784,,,,
20250924,465770,STX그린로지스,7510,90,26673,,,,
20250924,475150,SK이터닉스,24600,850,1601036,,,,
20250924,475560,더본코리아,26300,-550,26478,,,,
20250924,480370,씨케이솔루션,3374,17,101873,,,,
20250924,481850,신한글로벌액티브리츠,1437,-13,142039,,,,
20250924,483650,달바글로벌,161000,-2400,122764,,,,
20250924,484870,엠앤씨솔루션,72666,4500,94731,,,,
20250924,487570,HS효성,61800,-2500,22413,,,,
20250924,489790,한화비전,57700,-500,411157,,,,
20250924,499790,GS피앤엘,53900,-1400,196989,,,,
20250924,900140,엘브이엠씨홀딩스,1703,20,558543,,,,
20250924,950210,프레스티지바이오파마,13790,-590,230107,,,,
20250925,000020,동화약품,6410,-10,27384,,,,
20250925,000040,KR모터스,2565,10,69112,,,,
20250925,000050,경방,7130,30,18165,,,,
20250925,000070,삼양홀딩스,60724,-334,17380,,,,
20250925,000080,하이트진로,19010,0,95760,,,,
20250925,000087,하이트진로2우B,15480,-20,339,,,,
20250925,000100,유한양행,118000,-2100,249282,,,,
20250925,000105,유한양행우,104800,-2100,8261,,,,
20250925,000120,CJ대한통운,83000,600,29477,,,,
20250925,000140,하이트진로홀딩스,9990,20,8783,,,,
20250925,000145,하이트진로홀딩스우,11400,0,1761,,,,
20250925,000150,두산,569000,-7000,68049,,,,
20250925,000155,두산우,342000,4000,26056,,,,
20250925,000157,두산2우B,355500,-3000,1068,,,,
20250925,000180,성창기업지주,8530,15,5148,,,,
20250925,000210,DL,36250,-250,39786,,,,
20250925,000215,DL우,23150,100,7763,,,,
20250925,000220,유유제약,4340,-35,20926,,,,
20250925,000225,유유제약1우,4770,10,6251,,,,
20250925,000227,유유제약2우B,10620,-10,164,,,,
20250925,000230,일동홀딩스,8940,-140,37337,,,,
20250925,000240,한국앤컴퍼니,22850,-450,63906,,,,
20250925,000270,기아,102000,-1000,775758,,,,
20250925,000300,DH오토넥스,4200,0,0,,,,
20250925,000320,노루홀딩스,26750,-1050,42160,,,,
20250925,000325,노루홀딩스우,32900,-1100,285,,,,
20250925,000370,한화손해보험,5660,-120,404590,,,,
20250925,000390,SP삼화,5990,-20,39300,,,,
20250925,000400,롯데손해보험,2010,-35,2084083,,,,
20250925,000430,대원강업,3835,30,38120,,,,
20250925,000480,CR홀딩스,4870,0,755579,,,,
20250925,000490,대동,9670,140,404462,,,,
20250925,000500,가온전선,32118,55,65409,,,,
20250925,000520,삼일제약,10210,-600,470525,,,,
20250925,000540,흥국화재,4020,-20,65540,,,,
20250925,000545,흥국화재우,7130,10,3728,,,,
20250925,000590,CS홀딩스,82700,600,1454,,,,
20250925,000640,동아쏘시오홀딩스,112563,1359,15167,,,,
20250925,000650,천일고속,40550,300,321,,,,
20250925,000660,SK하이닉스,356500,-1000,2148215,,,,
20250925,000670,영풍,41930,973,18779,,,,
20250925,000680,LS네트웍스,3690,-30,187218,,,,
20250925,000700,유수홀딩스,5760,-10,2693,,,,
20250925,000720,현대건설,55900,-500,545444,,,,
20250925,000725,현대건설우,50600,-1200,4057,,,,
20250925,000760,이화산업,12340,-40,97,,,,
20250925,000810,삼성화재,450000,-3000,76721,,,,
20250925,000815,삼성화재우,339000,-1500,8681,,,,
20250925,000850,화천기공,32200,100,2323,,,,
20250925,000860,강남제비스코,11890,-90,13093,,,,
20250925,000880,한화,103000,-1321,178917,,,,
20250925,00088K,한화3우B,37605,-403,43009,,,,
20250925,000890,보해양조,2230,0,22255,,,,
20250925,000910,유니온,4420,-60,92267,,,,
20250925,000950,전방,38000,-100,732,,,,
20250925,000970,한국주철관,6920,-20,22403,,,,
20250925,000990,DB하이텍,57100,-900,457221,,,,
20250925,001020,페이퍼코리아,3605,20,2740,,,,
20250925,001040,CJ,184000,-7500,212214,,,,
20250925,001045,CJ우,98200,-2200,5581,,,,
20250925,00104K,CJ4우(전환),154800,-6500,14997,,,,
20250925,001060,JW중외제약,21650,-200,26693,,,,
20250925,001065,JW중외제약우,27200,-400,246,,,,
20250925,001067,JW중외제약2우B,60000,0,2,,,,
20250925,001070,대한방직,6410,-200,5385,,,,
20250925,001080,만호제강,3920,510,678250,,,,
20250925,001120,LX인터내셔널,32000,0,73035,,,,
20250925,001130,대한제분,14740,-40,11050,,,,
20250925,001200,유진투자증권,3675,185,1635570,,,,
20250925,001210,금호전기,4250,30,56377,,,,
20250925,001230,동국홀딩스,1658,15,146533,,,,
20250925,001250,GS글로벌,2525,0,441470,,,,
20250925,001260,남광토건,7940,-60,19131,,,,
20250925,001270,부국증권,64600,-600,39468,,,,
20250925,001275,부국증권우,26400,-500,2593,,,,
20250925,001290,상상인증권,745,2,519164,,,,
20250925,001340,PKC,5610,-40,63133,,,,
20250925,001360,삼성제약,1649,6,235852,,,,
20250925,001380,SG글로벌,3358,-6,26814,,,,
20250925,001390,KG케미칼,4770,-70,149909,,,,
20250925,001420,태원물산,3325,5,717,,,,
20250925,001430,세아베스틸지주,25300,-400,50333,,,,
20250925,001440,대한전선,15530,-210,602227,,,,
20250925,001450,현대해상,28700,-650,548782,,,,
20250925,001460,BYC,39250,-100,1039,,,,
20250925,001465,BYC우,24850,100,795,,,,
20250925,001470,삼부토건,347,0,0,,,,
20250925,001500,현대차증권,8480,100,132928,,,,
20250925,001510,SK증권,1327,-4,506091,,,,
20250925,001515,SK증권우,3720,14,2731,,,,
20250925,001520,동양,1276,-2,49048,,,,
20250925,001525,동양우,8100,-90,7,,,,
20250925,001527,동양2우B,15060,-980,1087,,,,
20250925,001530,DI동일,19857,-619,1169773,,,,
20250925,001550,조비,12200,-20,15198,,,,
20250925,001560,제일연마,10230,40,3741,,,,
20250925,001570,금양,9900,0,0,,,,
20250925,001620,케이비아이동국실업,2425,15,13348,,,,
20250925,001630,종근당홀딩스,48300,-400,6122,,,,
20250925,001680,대상,22000,-150,60684,,,,
20250925,001685,대상우,16940,-20,3087,,,,
20250925,001720,신영증권,131200,-3300,27326,,,,
20250925,001740,SK네트웍스,4490,-5,110640,,,,
20250925,001750,한양증권,17900,-90,18081,,,,
20250925,001755,한양증권우,17220,-40,459,,,,
20250925,001770,SHD,18000,240,1709,,,,
20250925,001780,알루코,2085,-10,230315,,,,
20250925,001790,대한제당,2905,5,99028,,,,
20250925,001795,대한제당우,2480,15,17868,,,,
20250925,001800,오리온홀딩스,20650,-100,92404,,,,
20250925,001820,삼화콘덴서,33450,-600,95628,,,,
20250925,001940,KISCO홀딩스,26100,-250,24851,,,,
20250925,002020,코오롱,41550,-1250,129218,,,,
20250925,002025,코오롱우,21900,-500,2922,,,,
20250925,002030,아세아,353000,1000,920,,,,
20250925,002070,비비안,14610,-138,11279,,,,
20250925,002100,경농,9730,90,11530,,,,
20250925,002140,고려산업,2655,-5,26696,,,,
20250925,002150,도화엔지니어링,6270,20,38192,,,,
20250925,002170,SYTS,55100,-100,769,,,,
20250925,002200,한국수출포장,2925,5,14920,,,,
20250925,002210,동성제약,1946,0,0,,,,
20250925,002220,한일철강,3485,185,203841,,,,
20250925,002240,고려제강,17340,10,249267,,,,
20250925,002310,아세아제지,8190,80,112994,,,,
20250925,002320,한진,20050,-50,6994,,,,
20250925,002350,넥센타이어,5940,80,26982,,,,
20250925,002355,넥센타이어1우B,3280,20,1672,,,,
20250925,002360,SH에너지화학,4030,-130,94881,,,,
20250925,002380,KCC,363000,-5000,71889,,,,
20250925,002390,한독,11600,-90,6761,,,,
20250925,002410,범양건영,1935,0,0,,,,
20250925,002420,세기상사,5580,-60,1105,,,,
20250925,002450,삼익악기,1269,-11,94883,,,,
20250925,002460,HS화성,10360,20,51290,,,,
20250925,002600,조흥,162000,0,26,,,,
20250925,002620,제일파마홀딩스,8680,-100,10823,,,,
20250925,002630,오리엔트바이오,1166,-8,228218,,,,
20250925,002690,동일제강,1607,7,18503,,,,
20250925,002700,신일전자,1296,8,249659,,,,
20250925,002710,TCC스틸,16740,330,86261,,,,
20250925,002720,국제약품,4440,-40,66419,,,,
20250925,002760,보락,1035,-1,74225,,,,
20250925,002780,진흥기업,717,-6,147669,,,,
20250925,002785,진흥기업우B,3360,-5,1725,,,,
20250925,002787,진흥기업2우B,7610,-150,168,,,,
20250925,002790,아모레퍼시픽홀딩스,26200,-450,154367,,,,
20250925,002795,아모레퍼시픽홀딩스우,10990,-100,9131,,,,
20250925,00279K,아모레퍼시픽홀딩스3우C,21200,-50,4716,,,,
20250925,002810,삼영무역,15440,-30,6245,,,,
20250925,002820,SUN&L,2620,0,4290,,,,
20250925,002840,미원상사,153600,-7800,3434,,,,
20250925,002870,신풍,1075,6,58383,,,,
20250925,002880,디와이에이,1166,35,66668,,,,
20250925,002900,TYM,5740,-100,167586,,,,
20250925,002920,유성기업,1995,2,12776,,,,
20250925,002960,한국쉘석유,407000,3000,1038,,,,
20250925,002990,금호건설,3760,-10,54912,,,,
20250925,002995,금호건설우,11050,-150,518,,,,
20250925,003000,부광약품,3620,15,333541,,,,
20250925,003010,혜인,5380,-60,45181,,,,
20250925,003030,세아제강지주,159000,-900,11722,,,,
20250925,003060,에이프로젠바이오로직스,616,1,209274,,,,
20250925,003070,코오롱글로벌,9010,-50,11427,,,,
20250925,003075,코오롱글로벌우,15000,-110,3012,,,,
20250925,003080,SB성보,2850,5,9201,,,,
20250925,003090,대웅,22750,-650,102927,,,,
20250925,0030R0,대신밸류리츠,4400,55,98369,,,,
20250925,003120,일성아이에스,23600,-250,4323,,,,
20250925,003160,디아이,15890,90,1363825,,,,
20250925,003200,일신방직,10210,10,15629,,,,
20250925,003220,대원제약,13130,30,16539,,,,
20250925,003230,삼양식품,1456000,-29000,37810,,,,
20250925,003240,태광산업,866000,4000,435,,,,
20250925,003280,흥아해운,1620,2,777797,,,,
20250925,003300,한일홀딩스,16330,-120,8716,,,,
20250925,003350,한국화장품제조,11680,-80,102925,,,,
20250925,003460,유화증권,2730,0,21360,,,,
20250925,003465,유화증권우,2590,-15,458,,,,
20250925,003470,유안타증권,3630,45,251260,,,,
20250925,003475,유안타증권우,3620,-45,54645,,,,
20250925,003480,한진중공업홀딩스,5130,-120,136526,,,,
20250925,003490,대한항공,22900,-150,1281014,,,,
20250925,003495,대한항공우,23350,100,1298,,,,
20250925,003520,영진약품,1970,-18,290915,,,,
20250925,003530,한화투자증권,5400,-280,3443290,,,,
20250925,003535,한화투자증권우,7260,-340,47500,,,,
20250925,003540,대신증권,26150,-550,303971,,,,
20250925,003545,대신증권우,20800,-150,15075,,,,
20250925,003547,대신증권2우B,19490,-130,17436,,,,
20250925,003550,LG,74500,200,150789,,,,
20250925,003555,LG우,62000,-200,5197,,,,
20250925,003570,SNT다이내믹스,73100,-1500,135460,,,,
20250925,003580,HLB글로벌,2130,0,126594,,,,
20250925,003610,방림,4795,20,111619,,,,
20250925,003620,KG모빌리티,3325,10,65825,,,,
20250925,003650,미창석유,109200,1100,1120,,,,
20250925,003670,포스코퓨처엠,145900,7500,556163,,,,
20250925,003680,한성기업,5480,10,21527,,,,
20250925,003690,코리안리,10950,-270,348179,,,,
20250925,003720,삼영,4875,-125,190254,,,,
20250925,003780,진양산업,6840,-140,107092,,,,
20250925,003830,대한화섬,115700,1300,76,,,,
20250925,003850,보령,8560,-130,83474,,,,
20250925,003920,남양유업,55800,-1200,7583,,,,
20250925,003925,남양유업우,36800,-900,3908,,,,
20250925,003960,사조대림,39550,-450,11019,,,,
20250925,004000,롯데정밀화학,47850,-500,31838,,,,
20250925,004020,현대제철,35950,-350,245574,,,,
20250925,004060,SG세계물산,3220,30,16920,,,,
20250925,004080,신흥,13730,-140,3266,,,,
20250925,004090,한국석유,14420,200,112492,,,,
20250925,004100,태양금속,2070,-10,110280,,,,
20250925,004105,태양금속우,3020,-15,13151,,,,
20250925,004140,동방,2990,-15,338449,,,,
20250925,004150,한솔홀딩스,3250,-20,46694,,,,
20250925,004170,신세계,192900,-500,30392,,,,
20250925,004250,NPC,4095,5,28635,,,,
20250925,004255,NPC우,2470,-5,1396,,,,
20250925,004270,남성,7926,-24,2584,,,,
20250925,004310,현대약품,3915,-30,151795,,,,
20250925,004360,세방,13840,0,52187,,,,
20250925,004365,세방우,9090,50,5652,,,,
20250925,004370,농심,444000,-7000,38377,,,,
20250925,004380,삼익THK,13000,0,0,,,,
20250925,004410,서울식품,1590,40,425491,,,,
20250925,004415,서울식품우,12170,310,108,,,,
20250925,004430,송원산업,10030,100,32970,,,,
20250925,004440,삼일씨엔에스,4805,205,22448,,,,
20250925,004450,삼화왕관,34600,200,492,,,,
20250925,004490,세방전지,63600,-600,16968,,,,
20250925,004540,깨끗한나라,2035,15,36932,,,,
20250925,004545,깨끗한나라우,11680,10,124,,,,
20250925,004560,현대비앤지스틸,11420,50,14222,,,,
20250925,004690,삼천리,125500,-1800,6261,,,,
20250925,004700,조광피혁,62800,-2100,2980,,,,
20250925,004710,한솔테크닉스,5409,0,0,,,,
20250925,004720,팜젠사이언스,4430,-30,36586,,,,
20250925,004770,써니전자,1604,-8,145565,,,,
20250925,004800,효성,86300,-700,19655,,,,
20250925,004830,덕성,5370,20,58896,,,,
20250925,004835,덕성우,7110,-120,6321,,,,
20250925,004840,DRB동일,4995,25,12244,,,,
20250925,004870,티웨이홀딩스,2640,-14,19540,,,,
20250925,004890,동일산업,39650,-150,2905,,,,
20250925,004910,조광페인트,5540,-10,20080,,,,
20250925,004920,씨아이테크,1297,8,243029,,,,
20250925,004960,한신공영,7720,-40,10118,,,,
20250925,004970,신라교역,9280,120,6140,,,,
20250925,004980,성신양회,9850,-20,62381,,,,
20250925,004985,성신양회우,11260,-110,3308,,,,
20250925,004990,롯데지주,29050,-350,199986,,,,
20250925,00499K,롯데지주우,30700,0,1295,,,,
20250925,005010,휴스틸,4040,10,402562,,,,
20250925,005030,부산주공,486,0,0,,,,
20250925,005070,코스모신소재,43450,1000,348888,,,,
20250925,005090,SGC에너지,23050,0,13434,,,,
20250925,005110,한창,1254,0,0,,,,
20250925,005180,빙그레,75600,-1600,37161,,,,
20250925,005250,녹십자홀딩스,16270,-130,59329,,,,
20250925,005257,녹십자홀딩스2우,27300,-650,951,,,,
20250925,005300,롯데칠성,116000,-1000,14009,,,,
20250925,005305,롯데칠성우,68000,-800,2726,,,,
20250925,005320,온타이드,1060,18,241321,,,,
20250925,005360,모나미,2000,-5,99292,,,,
20250925,005380,현대차,217000,-500,509882,,,,
20250925,005385,현대차우,165300,0,55709,,,,
20250925,005387,현대차2우B,168200,0,71696,,,,
20250925,005389,현대차3우B,165200,-300,4866,,,,
20250925,005420,코스모화학,16300,400,136773,,,,
20250925,005430,한국공항,68300,-1200,2883,,,,
20250925,005440,현대지에프홀딩스,7940,-190,247109,,,,
20250925,005490,POSCO홀딩스,281000,4500,181883,,,,
20250925,005500,삼진제약,19600,-20,33602,,,,
20250925,005610,삼립,53300,-300,5813,,,,
20250925,005680,삼영전자,10570,-30,14008,,,,
20250925,005690,파미셀,12310,130,819938,,,,
20250925,005720,넥센,5870,-90,28371,,,,
20250925,005725,넥센우,4800,0,6174,,,,
20250925,005740,크라운해태홀딩스,7020,-80,46285,,,,
20250925,005745,크라운해태홀딩스우,8300,50,1344,,,,
20250925,005750,대림바스,4605,5,20638,,,,
20250925,005800,신영와코루,14180,-30,3635,,,,
20250925,005810,풍산홀딩스,41050,400,19174,,,,
20250925,005820,원림,14220,-210,370,,,,
20250925,005830,DB손해보험,139700,-200,130329,,,,
20250925,005850,에스엘,35200,-450,88095,,,,
20250925,005870,휴니드,8430,-110,55249,,,,
20250925,005880,대한해운,1736,6,1027368,,,,
20250925,005930,삼성전자,86100,700,19665151,,,,
20250925,005935,삼성전자우,67400,100,2107079,,,,
20250925,005940,NH투자증권,19710,-100,496800,,,,
20250925,005945,NH투자증권우,18010,20,55167,,,,
20250925,005950,이수화학,5530,0,18707,,,,
20250925,005960,동부건설,5950,-120,57894,,,,
20250925,005965,동부건설우,18870,-20,264,,,,
20250925,006040,동원산업,45150,-350,31780,,,,
20250925,006060,화승인더,3905,-85,221456,,,,
20250925,006090,사조오양,9900,80,1963,,,,
20250925,006110,삼아알미늄,21950,550,48703,,,,
20250925,006120,SK디스커버리,54000,0,14373,,,,
20250925,006125,SK디스커버리우,36750,-200,779,,,,
20250925,006200,한국전자홀딩스,3690,-125,96019,,,,
20250925,006220,제주은행,14180,480,507708,,,,
20250925,006260,LS,165500,-2300,184813,,,,
20250925,006280,녹십자,136900,-1000,24846,,,,
20250925,006340,대원전선,2995,-35,491899,,,,
20250925,006345,대원전선우,3660,-65,10967,,,,
20250925,006360,GS건설,18590,-190,290863,,,,
20250925,006370,대구백화점,6570,-30,19633,,,,
20250925,006380,카프로,3660,0,0,,,,
20250925,006400,삼성SDI,210500,5000,416263,,,,
20250925,006405,삼성SDI우,132900,1000,4257,,,,
20250925,006490,프리티,3495,15,73867,,,,
20250925,006570,대림통상,2590,45,2530,,,,
20250925,006650,대한유화,116600,4200,33044,,,,
20250925,006660,삼성공조,14630,0,294161,,,,
20250925,006740,블루산업개발,2352,-5,32865,,,,
20250925,006800,미래에셋증권,20311,-100,2604631,,,,
20250925,006805,미래에셋증권우,9471,30,38748,,,,
20250925,00680K,미래에셋증권2우B,8990,97,520346,,,,
20250925,006840,AK홀딩스,10350,-60,13663,,,,
20250925,006880,신송홀딩스,6840,100,202225,,,,
20250925,006890,태경케미컬,9450,-60,6022,,,,
20250925,006980,우성,16700,0,1269,,,,
20250925,007070,GS리테일,16640,-130,116019,,,,
20250925,007110,일신석재,2000,-90,2510002,,,,
20250925,007120,미래아이앤지,886,-8,37906,,,,
20250925,007160,사조산업,48200,-450,2522,,,,
20250925,007210,벽산,1944,3,358609,,,,
20250925,007280,한국특강,3182,-74,28307,,,,
20250925,007310,오뚜기,412000,-500,4561,,,,
20250925,007340,DN오토모티브,22550,-350,93191,,,,
20250925,007460,에이프로젠,663,-6,1889264,,,,
20250925,007540,샘표,47750,-150,3894,,,,
20250925,007570,일양약품,14600,0,0,,,,
20250925,007575,일양약품우,15260,0,0,,,,
20250925,007590,동방아그로,6190,0,2451,,,,
20250925,007610,선도전기,3000,0,0,,,,
20250925,007660,이수페타시스,75300,-300,1086886,,,,
20250925,007690,국도화학,35900,50,11185,,,,
20250925,007700,F&F홀딩스,19000,-550,36641,,,,
20250925,007810,코리아써키트,17850,-660,568526,,,,
20250925,007815,코리아써우,6830,-40,2123,,,,
20250925,00781K,코리아써키트2우B,6320,-260,5967,,,,
20250925,007860,서연,8990,-120,41231,,,,
20250925,007980,TP,1765,45,584899,,,,
20250925,008040,사조동아원,1238,-18,981172,,,,
20250925,008060,대덕,8690,40,91687,,,,
20250925,00806K,대덕1우,8420,-120,3824,,,,
20250925,008250,이건산업,4780,-50,8142,,,,
20250925,008260,NI스틸,3630,-35,134972,,,,
20250925,008350,남선알미늄,1113,2,696735,,,,
20250925,008355,남선알미우,12740,30,491,,,,
20250925,008420,문배철강,2375,50,146287,,,,
20250925,008490,서흥,25350,-100,46684,,,,
20250925,008600,윌비스,3392,-82,27223,,,,
20250925,008700,아남전자,1317,8,106128,,,,
20250925,008730,율촌화학,30300,0,74117,,,,
20250925,008770,호텔신라,54000,-1000,209595,,,,
20250925,008775,호텔신라우,42700,-300,494,,,,
20250925,008870,금비,61000,700,3965,,,,
20250925,008930,한미사이언스,39050,-1700,192326,,,,
20250925,008970,KBI동양철관,2480,153,19794089,,,,
20250925,009070,KCTC,5480,0,101572,,,,
20250925,009140,경인전자,20500,50,4182,,,,
20250925,009150,삼성전기,200000,-1500,381508,,,,
20250925,009155,삼성전기우,89200,400,27507,,,,
20250925,009160,SIMPAC,4450,0,34223,,,,
20250925,009180,한솔로지스틱스,2865,0,59990,,,,
20250925,009190,대양금속,1590,20,137431,,,,
20250925,009200,무림페이퍼,2005,-15,103229,,,,
20250925,009240,한샘,45300,-150,20104,,,,
20250925,009270,신원,1688,-22,1069317,,,,
20250925,009290,광동제약,5910,-10,59241,,,,
20250925,009310,참엔지니어링,1320,1,31947,,,,
20250925,009320,아진전자부품,1025,0,21619,,,,
20250925,009410,태영건설,1614,12,163097,,,,
20250925,009415,태영건설우,5130,80,402,,,,
20250925,009420,한올바이오파마,31350,-550,175554,,,,
20250925,009440,KC그린홀딩스,756,0,0,,,,
20250925,009450,경동나비엔,74400,-1500,55233,,,,
20250925,009460,한창제지,3105,-10,8726,,,,
20250925,009470,삼화전기,40600,-250,155469,,,,
20250925,009540,HD한국조선해양,403000,-4500,214462,,,,
20250925,009580,무림P&P,2575,5,65556,,,,
20250925,009680,모토닉,10050,-120,29414,,,,
20250925,009770,삼정펄프,28200,400,9948,,,,
20250925,009810,MDS스피어,3275,-90,76928,,,,
20250925,009830,한화솔루션,27542,-189,536488,,,,
20250925,009835,한화솔루션우,20773,135,5696,,,,
20250925,009900,명신산업,8830,-80,60332,,,,
20250925,009970,영원무역홀딩스,139500,-1900,8978,,,,
20250925,010040,한국내화,2235,65,348996,,,,
20250925,010060,OCI홀딩스,94800,0,54685,,,,
20250925,010100,한국무브넥스,4150,-20,92524,,,,
20250925,010120,LS ELECTRIC,55700,-1600,940565,,,,
20250925,010130,고려아연,943000,8000,10909,,,,
20250925,010140,삼성중공업,21950,100,4568312,,,,
20250925,010400,우진아이엔에스,3075,-90,9235,,,,
20250925,010580,에스엠벡셀,2645,610,8816735,,,,
20250925,010640,진양폴리,3700,-64,73853,,,,
20250925,010660,화천기계,4645,50,187302,,,,
20250925,010690,화신,7940,-50,116419,,,,
20250925,010770,평화홀딩스,3870,60,55279,,,,
20250925,010780,아이에스동서,18330,160,33379,,,,
20250925,010820,퍼스텍,4480,-175,2401262,,,,
20250925,010950,S-Oil,61200,1400,364198,,,,
20250925,010955,S-Oil우,39300,350,17099,,,,
20250925,010960,삼호개발,3400,0,29582,,,,
20250925,011000,진원생명과학,11500,-50,37189,,,,
20250925,011070,LG이노텍,197500,600,202590,,,,
20250925,011090,에넥스,2935,0,15115,,,,
20250925,011150,CJ씨푸드,2825,-20,109099,,,,
20250925,011155,CJ씨푸드1우,16610,-20,309,,,,
20250925,011170,롯데케미칼,64500,800,91919,,,,
20250925,011200,HMM,21050,-250,1503486,,,,
20250925,011210,현대위아,49550,-400,107287,,,,
20250925,011230,삼화전자,3455,-35,89253,,,,
20250925,011280,태림포장,1915,-1,18904,,,,
20250925,011300,우성머티리얼스,4080,20,30715,,,,
20250925,011330,유니켐,15380,-50,9844,,,,
20250925,011390,부산산업,85600,1400,3153,,,,
20250925,011420,갤럭시아에스엠,2110,35,360583,,,,
20250925,011500,한농화성,14270,-40,39449,,,,
20250925,011690,와이투솔루션,3425,-35,262416,,,,
20250925,011700,한신기계,3685,-145,640560,,,,
20250925,011760,현대코퍼레이션,21550,-150,40531,,,,
20250925,011780,금호석유화학,105100,1100,87034,,,,
20250925,011785,금호석유화학우,56300,500,5615,,,,
20250925,011790,SKC,95121,-1128,110867,,,,
20250925,011810,STX,3530,0,0,,,,
20250925,011930,신성이엔지,17930,-440,305057,,,,
20250925,012030,DB,1560,-12,328127,,,,
20250925,012160,영흥,2720,-10,29398,,,,
20250925,012170,아센디오,2035,-5,89942,,,,
20250925,012200,계양전기,1357,-5,17838,,,,
20250925,012205,계양전기우,2890,0,568,,,,
20250925,012280,영화금속,873,-5,65287,,,,
20250925,012320,경동인베스트,59100,800,12712,,,,
20250925,012330,현대모비스,301000,-7000,247888,,,,
20250925,012450,한화에어로스페이스,1048000,-10000,209497,,,,
20250925,012610,경인양행,2980,0,43240,,,,
20250925,012630,HDC,18170,-120,103300,,,,
20250925,012690,모나리자,2520,35,69745,,,,
20250925,012750,에스원,86200,700,52019,,,,
20250925,012800,대창,1296,16,2294239,,,,
20250925,013000,세우글로벌,1059,-4,20892,,,,
20250925,013360,일성건설,1336,-8,130949,,,,
20250925,013520,화승코퍼레이션,2080,80,414076,,,,
20250925,013570,디와이,4395,-5,10975,,,,
20250925,013580,계룡건설,19830,50,26684,,,,
20250925,013700,까뮤이앤씨,1114,-1,91398,,,,
20250925,013870,지엠비코리아,4005,0,5777,,,,
20250925,013890,지누스,15710,-30,78209,,,,
20250925,014130,한익스프레스,3200,10,20243,,,,
20250925,014160,대영포장,1160,4,474781,,,,
20250925,014280,금강공업,4940,35,111564,,,,
20250925,014285,금강공업우,6940,20,5,,,,
20250925,014440,영보화학,4400,-10,11592,,,,
20250925,014530,극동유화,3320,-10,112311,,,,
20250925,014580,태경비케이,4810,-25,93629,,,,
20250925,014680,한솔케미칼,212500,-5000,70082,,,,
20250925,014710,사조씨푸드,8580,-60,14666,,,,
20250925,014790,HL D&I,2355,-20,49115,,,,
20250925,014820,동원시스템즈,27850,250,23535,,,,
20250925,014825,동원시스템즈우,17470,120,16,,,,
20250925,014830,유니드,74000,100,11121,,,,
20250925,014910,성문전자,1152,-3,15237,,,,
20250925,014915,성문전자우,4060,0,145,,,,
20250925,014990,인디에프,5665,-120,158308,,,,
20250925,015020,이스타코,1294,2,31099,,,,
20250925,015230,대창단조,6020,-50,60079,,,,
20250925,015260,에이엔피,494,-6,178627,,,,
20250925,015360,INVENI,12420,-40,12150,,,,
20250925,015590,DKME,2575,0,0,,,,
20250925,015760,한국전력,36000,-950,1477684,,,,
20250925,015860,일진홀딩스,5380,-80,123588,,,,
20250925,015890,태경산업,5110,0,28622,,,,
20250925,016090,대현,1815,-17,85068,,,,
20250925,016360,삼성증권,72400,-500,244002,,,,
20250925,016380,KG스틸,5400,10,51892,,,,
20250925,016450,한세예스24홀딩스,4135,-50,24750,,,,
20250925,016580,환인제약,10730,-140,48918,,,,
20250925,016590,신대양제지,10870,-160,22877,,,,
20250925,016610,DB증권,9790,150,113524,,,,
20250925,016710,대성홀딩스,8480,-90,9262,,,,
20250925,016740,두올,3370,10,46203,,,,
20250925,016800,퍼시스,45000,150,207,,,,
20250925,016880,웅진,4510,-80,1340132,,,,
20250925,017040,광명전기,1193,-25,1425614,,,,
20250925,017180,명문제약,1709,-2,22132,,,,
20250925,017370,우신시스템,7100,40,26100,,,,
20250925,017390,서울가스,61600,-600,5631,,,,
20250925,017550,수산세보틱스,1818,-8,53432,,,,
20250925,017670,SK텔레콤,55200,100,553931,,,,
20250925,017800,현대엘리베이터,83600,2600,566624,,,,
20250925,017810,풀무원,14290,-140,96331,,,,
20250925,017860,DS단석,20895,198,46858,,,,
20250925,017900,광전자,1906,-21,15181,,,,
20250925,017940,E1,77200,1400,13641,,,,
20250925,017960,한국카본,32450,-600,348612,,,,
20250925,018250,애경산업,14880,10,38538,,,,
20250925,018260,삼성에스디에스,165400,1100,161982,,,,
20250925,018470,조일알미늄,1381,3,204904,,,,
20250925,018500,동원모빌리티,1310,6,237526,,,,
20250925,018670,SK가스,231000,-4500,9570,,,,
20250925,018880,한온시스템,2900,42,1516733,,,,
20250925,019170,신풍제약,13270,-130,205763,,,,
20250925,019175,신풍제약우,25750,-550,5708,,,,
20250925,019180,티에이치엔,6220,130,420427,,,,
20250925,019490,엑시큐어하이트론,709,-4,969702,,,,
20250925,019680,대교,2160,-25,109414,,,,
20250925,019685,대교우B,1258,-2,1959,,,,
20250925,020000,한섬,15490,220,46753,,,,
20250925,020120,키다리스튜디오,4245,-100,208729,,,,
20250925,020150,롯데에너지머티리얼즈,23850,200,44664,,,,
20250925,020560,아시아나항공,9340,20,75041,,,,
20250925,020760,일진디스플,902,0,0,,,,
20250925,021050,서원,1143,14,138494,,,,
20250925,021240,코웨이,100000,-1900,106465,,,,
20250925,021820,세원정공,10990,-190,6035,,,,
20250925,022100,포스코DX,22150,250,209586,,,,
20250925,023000,삼원강재,2425,-5,3069,,,,
20250925,023150,MH에탄올,5070,30,4474,,,,
20250925,023350,한국종합기술,4700,70,682651,,,,
20250925,023450,동남합성,33900,-200,1037,,,,
20250925,023530,롯데쇼핑,71200,600,24781,,,,
20250925,023590,다우기술,37000,-650,43555,,,,
20250925,023800,인지컨트롤스,5890,-50,34358,,,,
20250925,023810,인팩,6490,30,7105,,,,
20250925,023960,에쓰씨엔지니어링,1263,43,487477,,,,
20250925,024070,WISCOM,1940,-7,8771,,,,
20250925,024090,디씨엠,11970,-20,4711,,,,
20250925,024110,기업은행,19550,-50,587351,,,,
20250925,024720,콜마홀딩스,12770,20,119822,,,,
20250925,024890,대원화성,4275,25,8018,,,,
20250925,024900,디와이덕양,2225,-20,70260,,,,
20250925,025000,KPX케미칼,46551,-330,4490,,,,
20250925,025530,SJM홀딩스,3645,65,8824,,,,
20250925,025540,한국단자,61800,-600,14810,,,,
20250925,025560,미래산업,2138,-48,147335,,,,
20250925,025620,차AI헬스케어,8310,250,50794,,,,
20250925,025750,한솔홈데코,3400,-10,33032,,,,
20250925,025820,이구산업,4780,250,3998657,,,,
20250925,025860,남해화학,6840,-20,41451,,,,
20250925,025890,한국주강,1961,-7,42111,,,,
20250925,026890,스틱인베스트먼트,10500,-100,70157,,,,
20250925,026940,부국철강,2330,0,35149,,,,
20250925,026960,동서,27500,300,59816,,,,
20250925,027410,BGF,3915,-50,75036,,,,
20250925,027740,마니커,1664,0,52512,,,,
20250925,027970,한국제지,4025,15,26623,,,,
20250925,028050,삼성E&A,27850,-50,404232,,,,
20250925,028100,동아지질,15140,-40,20236,,,,
20250925,028260,삼성물산,190300,-3400,238353,,,,
20250925,02826K,삼성물산우B,126100,-1600,5857,,,,
20250925,028670,팬오션,3955,5,749105,,,,
20250925,029460,케이씨,26200,-400,61852,,,,
20250925,029530,신도리코,41850,-600,9221,,,,
20250925,029780,삼성카드,51500,0,48116,,,,
20250925,030000,제일기획,20750,250,235297,,,,
20250925,030190,NICE평가정보,13500,-170,172471,,,,
20250925,030200,KT,51200,400,314040,,,,
20250925,030210,다올투자증권,3565,25,52001,,,,
20250925,030610,교보증권,9180,-50,66855,,,,
20250925,030720,동원수산,6390,210,30305,,,,
20250925,031210,서울보증보험,54100,300,62409,,,,
20250925,031430,신세계인터내셔날,10200,-10,25748,,,,
20250925,031820,아이티센씨티에스,6110,-10,11359,,,,
20250925,032350,롯데관광개발,18500,-640,970183,,,,
20250925,032560,황금에스티,5820,30,12987,,,,
20250925,032640,LG유플러스,14940,-50,733311,,,,
20250925,032830,삼성생명,150200,-2600,257759,,,,
20250925,033240,자화전자,21050,-250,100527,,,,
20250925,033250,체시스,5470,45,44727,,,,
20250925,033270,유나이티드제약,19450,-300,77257,,,,
20250925,033530,SJG세종,6300,-30,93939,,,,
20250925,033780,KT&G,134300,-6400,832342,,,,
20250925,033920,무학,8250,30,23110,,,,
20250925,034020,두산에너빌리티,64000,-1900,7602443,,,,
20250925,034120,SBS,20450,400,41962,,,,
20250925,034220,LG디스플레이,14300,650,5902769,,,,
20250925,034230,파라다이스,21350,-850,1359427,,,,
20250925,034310,NICE,13390,10,30069,,,,
20250925,034590,인천도시가스,26000,50,455,,,,
20250925,034730,SK,209500,-1000,182566,,,,
20250925,03473K,SK우,160700,-2800,4347,,,,
20250925,034830,한국토지신탁,1399,2,480134,,,,
20250925,035000,HS애드,8850,-190,15278,,,,
20250925,035150,백산,14030,170,23857,,,,
20250925,035250,강원랜드,18120,140,276438,,,,
20250925,035420,NAVER,254000,26000,8314576,,,,
20250925,035510,신세계 I&C,14840,90,53820,,,,
20250925,035720,카카오,63200,400,2815412,,,,
20250925,036420,콘텐트리중앙,10920,-200,23891,,,,
20250925,036460,한국가스공사,39150,600,215516,,,,
20250925,036530,SNT홀딩스,74200,-2300,42684,,,,
20250925,036570,NC,223500,-4000,62205,,,,
20250925,036580,팜스코,2715,40,70329,,,,
20250925,037270,YG PLUS,7860,-60,1492779,,,,
20250925,037560,LG헬로비전,2750,20,111356,,,,
20250925,037710,광주신세계,30550,100,5414,,,,
20250925,039130,하나투어,50100,-200,82158,,,,
20250925,039490,키움증권,256500,-7000,100006,,,,
20250925,039570,HDC랩스,8400,-110,19206,,,,
20250925,041650,상신브레이크,2695,5,17143,,,,
20250925,042660,한화오션,109600,-1000,1255970,,,,
20250925,042700,한미반도체,94100,-2100,612260,,,,
20250925,044380,주연테크,2740,-85,28492,,,,
20250925,044450,KSS해운,9140,40,26775,,,,
20250925,044820,코스맥스비티아이,18060,-160,23551,,,,
20250925,047040,대우건설,3630,-5,646018,,,,
20250925,047050,포스코인터내셔널,50600,1900,783092,,,,
20250925,047400,유니온머티리얼,1375,-13,120819,,,,
20250925,047810,한국항공우주,109500,500,907306,,,,
20250925,049800,우진플라임,2155,-25,10972,,,,
20250925,051600,한전KPS,48800,-550,143361,,,,
20250925,051630,진양화학,2305,-5,115517,,,,
20250925,051900,LG생활건강,286500,1000,26149,,,,
20250925,051905,LG생활건강우,115500,1000,7185,,,,
20250925,051910,LG화학,292500,6500,205795,,,,
20250925,051915,LG화학우,144200,1100,44436,,,,
20250925,052690,한전기술,86800,-1000,157272,,,,
20250925,053210,스카이라이프,5030,-20,23464,,,,
20250925,053690,한미글로벌,23350,400,844731,,,,
20250925,055490,테이팩스,14500,-290,9202,,,,
20250925,055550,신한지주,69800,700,1239133,,,,
20250925,058430,포스코스틸리온,3735,35,40770,,,,
20250925,058650,세아홀딩스,123000,0,1459,,,,
20250925,058730,다스코,2870,-10,24695,,,,
20250925,058850,KTcs,3065,55,412243,,,,
20250925,058860,KTis,2875,5,50406,,,,
20250925,060980,HL홀딩스,39800,-300,13400,,,,
20250925,062040,산일전기,115200,300,259887,,,,
20250925,063160,종근당바이오,23500,-450,24949,,,,
20250925,064350,현대로템,218500,-9500,596061,,,,
20250925,064400,LG씨엔에스,67200,1300,791377,,,,
20250925,064960,SNT모티브,34250,-1150,177469,,,,
20250925,066570,LG전자,77900,-100,424766,,,,
20250925,066575,LG전자우,37300,-150,110523,,,,
20250925,066970,엘앤에프,76600,1800,556630,,,,
20250925,067830,세이브존I&C,2585,-45,20087,,,,
20250925,068270,셀트리온,169568,953,566997,,,,
20250925,068290,삼성출판사,16070,-220,25242,,,,
20250925,069260,TKG휴켐스,17870,110,36270,,,,
20250925,069460,대호에이엘,8500,50,84402,,,,
20250925,069620,대웅제약,137100,-600,22317,,,,
20250925,069640,한세엠케이,1602,-14,26771,,,,
20250925,069730,DSR제강,3795,20,16838,,,,
20250925,069960,현대백화점,89700,600,78451,,,,
20250925,070960,모나용평,4000,-35,70606,,,,
20250925,071050,한국금융지주,147000,-2600,214103,,,,
20250925,071055,한국금융지주우,107000,-1300,23159,,,,
20250925,071090,하이스틸,4295,105,4105140,,,,
20250925,071320,지역난방공사,89700,-600,15358,,,,
20250925,071840,롯데하이마트,8070,130,22391,,,,
20250925,071950,코아스,5250,-440,134489,,,,
20250925,071970,HD현대마린엔진,81100,-2600,244813,,,,
20250925,072130,유엔젤,5550,-200,221488,,,,
20250925,072710,농심홀딩스,103100,-3200,128096,,,,
20250925,073240,금호타이어,4825,-15,284234,,,,
20250925,074610,이엔플러스,5110,0,0,,,,
20250925,075180,새론오토모티브,3170,90,7804,,,,
20250925,075580,세진중공업,20550,-1250,2172383,,,,
20250925,077500,유니퀘스트,7030,-190,230409,,,,
20250925,077970,STX엔진,39900,-1350,1459273,,,,
20250925,078000,텔코웨어,15570,-1190,675953,,,,
20250925,078520,에이블씨엔씨,11250,70,284905,,,,
20250925,078930,GS,45700,400,191936,,,,
20250925,078935,GS우,42750,-300,3911,,,,
20250925,079160,CJ CGV,4995,-35,422705,,,,
20250925,079430,현대리바트,7170,30,10701,,,,
20250925,079550,LIG디펜스앤에어로스페이스,494000,-2000,135206,,,,
20250925,079900,전진건설로봇,46250,-450,19561,,,,
20250925,079980,휴비스,3015,-10,22281,,,,
20250925,081000,일진다이아,11760,-240,14444,,,,
20250925,081660,미스토홀딩스,39650,-50,91693,,,,
20250925,082640,동양생명,8230,140,128593,,,,
20250925,082740,한화엔진,43650,-450,1228843,,,,
20250925,083420,그린케미칼,7390,-30,27863,,,,
20250925,084010,대한제강,10669,-67,16278,,,,
20250925,084670,동양고속,8150,-10,654,,,,
20250925,084680,이월드,1472,3,69378,,,,
20250925,084690,대상홀딩스,9230,-60,41112,,,,
20250925,084695,대상홀딩스우,12430,10,8154,,,,
20250925,084870,TBH글로벌,1347,-2,10338,,,,
20250925,085310,엔케이,13400,-490,236534,,,,
20250925,085620,미래에셋생명,7890,80,97114,,,,
20250925,086280,현대글로비스,169800,-1600,206289,,,,
20250925,086790,하나금융지주,88900,-200,1032168,,,,
20250925,088260,이리츠코크렙,4695,-5,48444,,,,
20250925,088350,한화생명,3160,-25,923950,,,,
20250925,088790,진도,1869,-17,24579,,,,
20250925,088980,맥쿼리인프라,11470,100,1048458,,,,
20250925,089470,HDC현대EP,4070,40,51197,,,,
20250925,089590,제주항공,6450,20,32361,,,,
20250925,089860,롯데렌탈,29600,200,11420,,,,
20250925,090080,평화산업,988,7,112445,,,,
20250925,090350,노루페인트,9150,-110,74684,,,,
20250925,090355,노루페인트우,13690,-200,98,,,,
20250925,090370,메타랩스,1368,-21,12338,,,,
20250925,090430,아모레퍼시픽,125500,100,204079,,,,
20250925,090435,아모레퍼시픽우,41800,-600,14398,,,,
20250925,090460,비에이치,18630,-100,393959,,,,
20250925,091810,트리니티항공,1755,2,235436,,,,
20250925,092200,디아이씨,4495,-35,307077,,,,
20250925,092220,KEC,4200,-30,123211,,,,
20250925,092230,KPX홀딩스,67800,100,348,,,,
20250925,092440,기신정기,2525,-5,30698,,,,
20250925,092780,DYP,3850,0,5938,,,,
20250925,092790,넥스틸,12570,350,997158,,,,
20250925,093050,LF,17690,-100,18958,,,,
20250925,093240,형지엘리트,1387,-1,386682,,,,
20250925,093370,후성,6060,-100,424333,,,,
20250925,094280,효성ITX,13000,110,7133,,,,
20250925,094800,맵스리얼티,5020,45,78891,,,,
20250925,095570,AJ네트웍스,4325,-30,151204,,,,
20250925,095720,웅진씽크빅,3272,-10,53587,,,,
20250925,096760,JW홀딩스,3290,-15,32482,,,,
20250925,096770,SK이노베이션,103600,1300,185194,,,,
20250925,096775,SK이노베이션우,68800,1000,1395,,,,
20250925,097230,HJ중공업,28000,-1100,7926995,,,,
20250925,097520,엠씨넥스,28350,-700,74559,,,,
20250925,097950,CJ제일제당,234000,1000,43544,,,,
20250925,097955,CJ제일제당 우,139700,-100,3274,,,,
20250925,100090,SK오션플랜트,25550,-2150,3066731,,,,
20250925,100220,비상교육,5610,-10,14702,,,,
20250925,100250,진양홀딩스,3103,-10,31105,,,,
20250925,100840,SNT에너지,53900,-1900,157841,,,,
20250925,101140,인바이오젠,11900,-180,7232,,,,
20250925,101530,해태제과식품,6620,-80,27828,,,,
20250925,102260,동성케미컬,4152,-10,33295,,,,
20250925,102460,이연제약,11580,-80,7471,,,,
20250925,103140,풍산,128900,4000,465664,,,,
20250925,103590,일진전기,34950,-700,545583,,,,
20250925,104700,한국철강,10160,-10,33021,,,,
20250925,105560,KB금융,114300,-1000,621748,,,,
20250925,105630,한세실업,10920,20,139321,,,,
20250925,105840,우진,15050,-520,4284269,,,,
20250925,107590,미원홀딩스,72400,-600,161,,,,
20250925,108320,LX세미콘,56300,-200,43326,,,,
20250925,108670,LX하우시스,28350,-50,17535,,,,
20250925,108675,LX하우시스우,17220,-20,697,,,,
20250925,109070,주성코퍼레이션,1097,40,1276964,,,,
20250925,111110,호전실업,7860,-90,62357,,,,
20250925,111380,동인기연,13900,110,8505,,,,
20250925,111770,영원무역,62500,-1500,29360,,,,
20250925,112610,씨에스윈드,43650,-600,129635,,,,
20250925,114090,GKL,15980,-120,290792,,,,
20250925,117580,대성에너지,8160,-10,23050,,,,
20250925,118000,메타케어,3220,20,100231,,,,
20250925,119650,KC코트렐,918,0,0,,,,
20250925,120030,조선선재,107200,-400,6920,,,,
20250925,120110,코오롱인더,35850,-250,115380,,,,
20250925,120115,코오롱인더우,23450,-350,2536,,,,
20250925,122900,아이마켓코리아,8320,80,69161,,,,
20250925,123690,한국화장품,10960,40,199104,,,,
20250925,123700,SJM,3575,30,31635,,,,
20250925,123890,한국자산신탁,2305,5,137619,,,,
20250925,126560,현대퓨처넷,3320,70,194832,,,,
20250925,126720,수산인더스트리,21550,-150,30097,,,,
20250925,128820,대성산업,4255,-160,137768,,,,
20250925,128940,한미약품,375000,-18000,163623,,,,
20250925,129260,인터지스,2700,15,38745,,,,
20250925,130660,한전산업,11850,-150,97095,,,,
20250925,133820,화인베스틸,1897,18,842453,,,,
20250925,134380,미원화학,8740,-50,32910,,,,
20250925,134790,시디즈,24000,0,1090,,,,
20250925,136490,선진,11520,-80,49387,,,,
20250925,137310,에스디바이오센서,10360,-220,91365,,,,
20250925,138040,메리츠금융지주,114900,-1300,227992,,,,
20250925,138930,BNK금융지주,14510,-120,646169,,,,
20250925,139130,iM금융지주,13690,-120,298274,,,,
20250925,139480,이마트,76900,200,158813,,,,
20250925,139990,아주스틸,3765,-115,55038,,,,
20250925,143210,핸즈코퍼레이션,1612,-27,15528,,,,
20250925,145210,다이나믹디자인,6420,70,6228,,,,
20250925,145270,케이탑리츠,950,0,90002,,,,
20250925,145720,덴티움,57500,-400,44348,,,,
20250925,145990,삼양사,51500,700,11398,,,,
20250925,145995,삼양사우,36000,100,2122,,,,
20250925,155660,DSR,3770,-5,6524,,,,
20250925,161000,애경케미칼,10120,260,223731,,,,
20250925,161390,한국타이어앤테크놀로지,38500,200,235643,,,,
20250925,161890,한국콜마,78300,-600,138011,,,,
20250925,163560,동일고무벨트,6640,-10,15350,,,,
20250925,170900,동아에스티,45254,-143,12306,,,,
20250925,175330,JB금융지주,23150,-350,255684,,,,
20250925,178920,PI첨단소재,17080,-420,166595,,,,
20250925,180640,한진칼,101500,500,53213,,,,
20250925,18064K,한진칼우,34300,-50,1492,,,,
20250925,181710,NHN,26700,1000,170960,,,,
20250925,183190,아세아시멘트,12220,-140,86587,,,,
20250925,185750,종근당,82200,-300,23205,,,,
20250925,192080,더블유게임즈,53400,500,32536,,,,
20250925,192400,쿠쿠홀딩스,30800,-500,24889,,,,
20250925,192650,드림텍,6340,-60,54673,,,,
20250925,192820,코스맥스,229500,-5500,70900,,,,
20250925,194370,제이에스코퍼레이션,10470,-10,145372,,,,
20250925,195870,해성디에스,29900,-200,163471,,,,
20250925,200880,서연이화,11140,-40,58521,,,,
20250925,204320,HL만도,34750,50,72128,,,,
20250925,207940,삼성바이오로직스,1504122,-35322,53276,,,,
20250925,210540,디와이파워,12310,-40,15758,,,,
20250925,210980,SK디앤디,10600,10,107412,,,,
20250925,213500,한솔제지,8690,180,416792,,,,
20250925,214320,이노션,18400,90,56197,,,,
20250925,214330,금호에이치티,16375,136,8743,,,,
20250925,214390,경보제약,6150,-100,36056,,,,
20250925,214420,토니모리,10660,150,139814,,,,
20250925,226320,잇츠한불,12380,-170,22331,,,,
20250925,227840,현대코퍼레이션홀딩스,12440,-10,10496,,,,
20250925,229640,LS에코에너지,38900,-300,101433,,,,
20250925,234080,JW생명과학,12420,20,51279,,,,
20250925,241560,두산밥캣,54900,-400,219525,,,,
20250925,241590,화승엔터프라이즈,6340,-50,138003,,,,
20250925,244920,에이플러스에셋,7150,50,100849,,,,
20250925,248070,솔루엠,17660,-490,188210,,,,
20250925,248170,샘표식품,26400,0,2073,,,,
20250925,249420,일동제약,25600,-1300,1265327,,,,
20250925,251270,넷마블,63900,-1300,183491,,,,
20250925,259960,크래프톤,299500,-3000,107830,,,,
20250925,264900,크라운제과,9370,40,12144,,,,
20250925,26490K,크라운제과우,9630,0,719,,,,
20250925,267250,HD현대,152000,-2600,133068,,,,
20250925,267260,HD현대일렉트릭,587000,-1000,90365,,,,
20250925,267270,HD건설기계,96900,-1600,83511,,,,
20250925,267290,경동도시가스,20350,-50,9160,,,,
20250925,267850,아시아나IDT,11750,40,7997,,,,
20250925,268280,미원에스씨,140500,500,251,,,,
20250925,271560,오리온,104700,100,178102,,,,
20250925,271940,일진하이솔루스,17520,-540,65594,,,,
20250925,271980,제일약품,14290,-210,14354,,,,
20250925,272210,한화시스템,59500,-900,1216439,,,,
20250925,272450,진에어,8040,-110,64250,,,,
20250925,272550,삼양패키징,13440,-30,7789,,,,
20250925,278470,에이피알,223500,6000,649983,,,,
20250925,280360,롯데웰푸드,115300,1100,10556,,,,
20250925,281820,케이씨텍,38700,-700,66781,,,,
20250925,282330,BGF리테일,108400,0,41937,,,,
20250925,284740,쿠쿠홈시스,26400,-200,22472,,,,
20250925,285130,SK케미칼,60700,-900,21547,,,,
20250925,28513K,SK케미칼우,25550,-400,2230,,,,
20250925,286940,롯데이노베이트,22200,500,13003,,,,
20250925,293480,하나제약,12180,0,12040,,,,
20250925,293940,신한알파리츠,5610,20,177859,,,,
20250925,294870,IPARK현대산업개발,20400,-250,182248,,,,
20250925,298000,효성화학,77800,0,0,,,,
20250925,298020,효성티앤씨,218000,0,8627,,,,
20250925,298040,효성중공업,1353000,-25000,47449,,,,
20250925,298050,HS효성첨단소재,185700,-400,4482,,,,
20250925,298690,에어부산,1966,-12,166624,,,,
20250925,300720,한일시멘트,19370,0,35882,,,,
20250925,302440,SK바이오사이언스,48550,-50,79614,,,,
20250925,306200,세아제강,126600,800,6110,,,,
20250925,307950,현대오토에버,156600,-4500,117963,,,,
20250925,308170,씨티알모빌리티,5080,20,2431,,,,
20250925,316140,우리금융지주,26750,100,2066869,,,,
20250925,317400,자이에스앤디,3385,-10,9196,,,,
20250925,322000,HD현대에너지솔루션,51100,0,75215,,,,
20250925,323410,카카오뱅크,24150,200,611543,,,,
20250925,326030,SK바이오팜,105200,-2100,141832,,,,
20250925,329180,HD현대중공업,505000,4000,311348,,,,
20250925,330590,롯데리츠,3935,-70,419459,,,,
20250925,334890,이지스밸류플러스리츠,4190,15,123872,,,,
20250925,336260,두산퓨얼셀,29150,-550,1127701,,,,
20250925,33626K,두산퓨얼셀1우,6840,40,15239,,,,
20250925,33626L,두산퓨얼셀2우B,11030,120,2775,,,,
20250925,336370,솔루스첨단소재,7890,80,72157,,,,
20250925,33637K,솔루스첨단소재1우,1818,5,18037,,,,
20250925,33637L,솔루스첨단소재2우B,3710,-70,5027,,,,
20250925,338100,NH프라임리츠,4765,95,151566,,,,
20250925,339770,교촌에프앤비,4525,0,65382,,,,
20250925,344820,KCC글라스,28000,-250,44380,,,,
20250925,348950,제이알글로벌리츠,2960,60,320083,,,,
20250925,350520,이지스레지던스리츠,3855,-45,141917,,,,
20250925,352820,하이브,271500,-4500,214341,,,,
20250925,353200,대덕전자,29100,0,1235571,,,,
20250925,35320K,대덕전자1우,9590,-20,2743,,,,
20250925,357120,코람코라이프인프라리츠,4385,5,108995,,,,
20250925,357250,미래에셋맵스리츠,2795,5,2978,,,,
20250925,357430,마스턴프리미어리츠,1565,3,14872,,,,
20250925,361610,SK아이이테크놀로지,28700,650,85196,,,,
20250925,363280,티와이홀딩스,2785,5,32643,,,,
20250925,36328K,티와이홀딩스우,5250,-120,1479,,,,
20250925,365550,ESR켄달스퀘어리츠,4520,25,302043,,,,
20250925,372910,한컴라이프케어,2825,-35,97815,,,,
20250925,373220,LG에너지솔루션,361500,13500,297003,,,,
20250925,375500,DL이앤씨,41250,-950,283748,,,,
20250925,37550K,DL이앤씨우,18940,-160,9635,,,,
20250925,37550L,DL이앤씨2우(전환),29150,-500,1611,,,,
20250925,377190,디앤디플랫폼리츠,3420,-5,101690,,,,
20250925,377300,카카오페이,55500,900,802787,,,,
20250925,377740,바이오노트,5910,-90,83414,,,,
20250925,378850,화승알앤에이,3340,5,175857,,,,
20250925,381970,케이카,15970,0,32419,,,,
20250925,383220,F&F,65300,-600,47081,,,,
20250925,383800,LX홀딩스,7850,20,108105,,,,
20250925,38380K,LX홀딩스1우,8640,0,397,,,,
20250925,395400,SK리츠,5090,40,303801,,,,
20250925,396690,미래에셋글로벌리츠,2790,0,42640,,,,
20250925,400760,NH올원리츠,3385,20,192619,,,,
20250925,402340,SK스퀘어,211000,-6500,595712,,,,
20250925,403550,쏘카,12390,-110,1694,,,,
20250925,404990,신한서부티엔디리츠,3460,65,84579,,,,
20250925,415640,KB발해인프라,8770,-20,68631,,,,
20250925,417310,코람코더원리츠,6470,70,88769,,,,
20250925,432320,KB스타리츠,3975,15,66722,,,,
20250925,439260,대한조선,80200,-400,339963,,,,
20250925,443060,HD현대마린솔루션,215000,4500,103178,,,,
20250925,446070,유니드비티플러스,3790,-10,8278,,,,
20250925,448730,삼성FN리츠,4345,0,85236,,,,
20250925,450080,에코프로머티,50800,800,272429,,,,
20250925,451800,한화리츠,4045,10,170872,,,,
20250925,452260,한화갤러리아,1120,0,376895,,,,
20250925,45226K,한화갤러리아우,2220,-10,1444,,,,
20250925,453340,현대그린푸드,15200,70,18529,,,,
20250925,454910,두산로보틱스,68900,1500,658753,,,,
20250925,456040,OCI,56400,-1000,29696,,,,
20250925,457190,이수스페셜티케미컬,49400,0,325577,,,,
20250925,460850,동국씨엠,5460,-30,12832,,,,
20250925,460860,동국제강,9180,-110,125732,,,,
20250925,462520,조선내화,17180,2530,1842720,,,,
20250925,462870,시프트업,40550,100,43893,,,,
20250925,465770,STX그린로지스,7420,-90,13026,,,,
20250925,475150,SK이터닉스,24150,-450,595880,,,,
20250925,475560,더본코리아,26350,50,21440,,,,
20250925,480370,씨케이솔루션,3344,-30,52282,,,,
20250925,481850,신한글로벌액티브리츠,1445,8,28796,,,,
20250925,483650,달바글로벌,161800,800,120000,,,,
20250925,484870,엠앤씨솔루션,71500,-1166,52461,,,,
20250925,487570,HS효성,59700,-2100,16194,,,,
20250925,489790,한화비전,55400,-2300,470004,,,,
20250925,499790,GS피앤엘,50100,-3800,228280,,,,
20250925,900140,엘브이엠씨홀딩스,1712,9,615356,,,,
20250925,950210,프레스티지바이오파마,13690,-100,95317,,,,
20250926,000020,동화약품,6350,-60,58386,,,,
20250926,000040,KR모터스,2680,115,571826,,,,
20250926,000050,경방,7050,-80,43411,,,,
20250926,000070,삼양홀딩스,59656,-1068,18995,,,,
20250926,000080,하이트진로,18980,-30,104619,,,,
20250926,000087,하이트진로2우B,15460,-20,876,,,,
20250926,000100,유한양행,114700,-3300,345458,,,,
20250926,000105,유한양행우,103200,-1600,2542,,,,
20250926,000120,CJ대한통운,82300,-700,41815,,,,
20250926,000140,하이트진로홀딩스,9910,-80,19020,,,,
20250926,000145,하이트진로홀딩스우,11170,-230,397,,,,
20250926,000150,두산,551000,-18000,129551,,,,
20250926,000155,두산우,335500,-6500,18915,,,,
20250926,000157,두산2우B,346000,-9500,2047,,,,
20250926,000180,성창기업지주,8560,30,14189,,,,
20250926,000210,DL,35850,-400,40131,,,,
20250926,000215,DL우,22950,-200,5242,,,,
20250926,000220,유유제약,4245,-95,51861,,,,
20250926,000225,유유제약1우,4770,0,3218,,,,
20250926,000227,유유제약2우B,10540,-80,849,,,,
20250926,000230,일동홀딩스,9270,330,66396,,,,
20250926,000240,한국앤컴퍼니,22550,-300,64704,,,,
20250926,000270,기아,100200,-1800,700206,,,,
20250926,000300,DH오토넥스,4200,0,0,,,,
20250926,000320,노루홀딩스,26050,-700,168816,,,,
20250926,000325,노루홀딩스우,32750,-150,2209,,,,
20250926,000370,한화손해보험,5550,-110,578236,,,,
20250926,000390,SP삼화,5950,-40,49676,,,,
20250926,000400,롯데손해보험,1985,-25,960192,,,,
20250926,000430,대원강업,3750,-85,146223,,,,
20250926,000480,CR홀딩스,4800,-70,181175,,,,
20250926,000490,대동,9410,-260,162609,,,,
20250926,000500,가온전선,30395,-1723,120014,,,,
20250926,000520,삼일제약,10000,-210,175357,,,,
20250926,000540,흥국화재,3980,-40,88841,,,,
20250926,000545,흥국화재우,7010,-120,3762,,,,
20250926,000590,CS홀딩스,80300,-2400,1227,,,,
20250926,000640,동아쏘시오홀딩스,112563,0,13280,,,,
20250926,000650,천일고속,40200,-350,193,,,,
20250926,000660,SK하이닉스,336500,-20000,3685324,,,,
20250926,000670,영풍,41103,-827,28092,,,,
20250926,000680,LS네트웍스,3620,-70,225119,,,,
20250926,000700,유수홀딩스,5740,-20,9307,,,,
20250926,000720,현대건설,54800,-1100,458658,,,,
20250926,000725,현대건설우,49900,-700,4667,,,,
20250926,000760,이화산업,12320,-20,960,,,,
20250926,000810,삼성화재,451000,1000,75425,,,,
20250926,000815,삼성화재우,338500,-500,6687,,,,
20250926,000850,화천기공,32300,100,3225,,,,
20250926,000860,강남제비스코,11790,-100,9387,,,,
20250926,000880,한화,99759,-3241,141277,,,,
20250926,00088K,한화3우B,36346,-1259,41933,,,,
20250926,000890,보해양조,2195,-35,52380,,,,
20250926,000910,유니온,4300,-120,54672,,,,
20250926,000950,전방,37800,-200,1388,,,,
20250926,000970,한국주철관,6880,-40,49875,,,,
20250926,000990,DB하이텍,56300,-800,426474,,,,
20250926,001020,페이퍼코리아,3630,25,5573,,,,
20250926,001040,CJ,181000,-3000,128047,,,,
20250926,001045,CJ우,96100,-2100,10187,,,,
20250926,00104K,CJ4우(전환),152300,-2500,13493,,,,
20250926,001060,JW중외제약,21200,-450,69879,,,,
20250926,001065,JW중외제약우,27250,50,288,,,,
20250926,001067,JW중외제약2우B,60300,300,33,,,,
20250926,001070,대한방직,6390,-20,6764,,,,
20250926,001080,만호제강,4120,200,4297010,,,,
20250926,001120,LX인터내셔널,31800,-200,108995,,,,
20250926,001130,대한제분,14590,-150,18360,,,,
20250926,001200,유진투자증권,3790,115,3862358,,,,
20250926,001210,금호전기,4195,-55,50665,,,,
20250926,001230,동국홀딩스,1645,-13,294420,,,,
20250926,001250,GS글로벌,2485,-40,647458,,,,
20250926,001260,남광토건,7770,-170,17860,,,,
20250926,001270,부국증권,65500,900,65394,,,,
20250926,001275,부국증권우,26000,-400,5807,,,,
20250926,001290,상상인증권,724,-21,643955,,,,
20250926,001340,PKC,5510,-100,92171,,,,
20250926,001360,삼성제약,1616,-33,156801,,,,
20250926,001380,SG글로벌,3300,-58,53370,,,,
20250926,001390,KG케미칼,4720,-50,197614,,,,
20250926,001420,태원물산,3320,-5,917,,,,
20250926,001430,세아베스틸지주,24950,-350,49260,,,,
20250926,001440,대한전선,15160,-370,781502,,,,
20250926,001450,현대해상,29400,700,880897,,,,
20250926,001460,BYC,38700,-550,2214,,,,
20250926,001465,BYC우,24750,-100,1367,,,,
20250926,001470,삼부토건,347,0,0,,,,
20250926,001500,현대차증권,8320,-160,94918,,,,
20250926,001510,SK증권,1303,-24,1079053,,,,
20250926,001515,SK증권우,3696,-24,1722,,,,
20250926,001520,동양,1658,382,31260460,,,,
20250926,001525,동양우,10520,2420,32108,,,,
20250926,001527,동양2우B,19560,4500,27664,,,,
20250926,001530,DI동일,20905,1048,818463,,,,
20250926,001550,조비,11950,-250,34449,,,,
20250926,001560,제일연마,10220,-10,1540,,,,
20250926,001570,금양,9900,0,0,,,,
20250926,001620,케이비아이동국실업,2385,-40,21808,,,,
20250926,001630,종근당홀딩스,47100,-1200,7815,,,,
20250926,001680,대상,21750,-250,92419,,,,
20250926,001685,대상우,16820,-120,3664,,,,
20250926,001720,신영증권,131600,400,29212,,,,
20250926,001740,SK네트웍스,4455,-35,139290,,,,
20250926,001750,한양증권,17610,-290,51611,,,,
20250926,001755,한양증권우,16710,-510,2518,,,,
20250926,001770,SHD,18140,140,1673,,,,
20250926,001780,알루코,2025,-60,456470,,,,
20250926,001790,대한제당,2855,-50,276482,,,,
20250926,001795,대한제당우,2460,-20,3300,,,,
20250926,001800,오리온홀딩스,20250,-400,74393,,,,
20250926,001820,삼화콘덴서,31550,-1900,151294,,,,
20250926,001940,KISCO홀딩스,25800,-300,24199,,,,
20250926,002020,코오롱,40000,-1550,160344,,,,
20250926,002025,코오롱우,21800,-100,4156,,,,
20250926,002030,아세아,349000,-4000,1310,,,,
20250926,002070,비비안,14570,-40,15004,,,,
20250926,002100,경농,9660,-70,53167,,,,
20250926,002140,고려산업,2610,-45,60764,,,,
20250926,002150,도화엔지니어링,6170,-100,37642,,,,
20250926,002170,SYTS,55200,100,2949,,,,
20250926,002200,한국수출포장,2910,-15,80512,,,,
20250926,002210,동성제약,1946,0,0,,,,
20250926,002220,한일철강,3470,-15,128209,,,,
20250926,002240,고려제강,17320,-20,15357,,,,
20250926,002310,아세아제지,8010,-180,122240,,,,
20250926,002320,한진,20050,0,35774,,,,
20250926,002350,넥센타이어,5840,-100,74128,,,,
20250926,002355,넥센타이어1우B,3240,-40,10815,,,,
20250926,002360,SH에너지화학,4000,-30,43715,,,,
20250926,002380,KCC,357000,-6000,67036,,,,
20250926,002390,한독,11830,230,22040,,,,
20250926,002410,범양건영,1935,0,0,,,,
20250926,002420,세기상사,5600,20,1148,,,,
20250926,002450,삼익악기,1259,-10,62674,,,,
20250926,002460,HS화성,10200,-160,30805,,,,
20250926,002600,조흥,156700,-5300,80,,,,
20250926,002620,제일파마홀딩스,8690,10,39063,,,,
20250926,002630,오리엔트바이오,1144,-22,354683,,,,
20250926,002690,동일제강,1614,7,7954,,,,
20250926,002700,신일전자,1281,-15,505985,,,,
20250926,002710,TCC스틸,16220,-520,143048,,,,
20250926,002720,국제약품,4380,-60,112408,,,,
20250926,002760,보락,1036,1,71192,,,,
20250926,002780,진흥기업,717,0,471518,,,,
20250926,002785,진흥기업우B,3260,-100,2572,,,,
20250926,002787,진흥기업2우B,7690,80,490,,,,
20250926,002790,아모레퍼시픽홀딩스,25900,-300,87023,,,,
20250926,002795,아모레퍼시픽홀딩스우,10870,-120,8007,,,,
20250926,00279K,아모레퍼시픽홀딩스3우C,20950,-250,4351,,,,
20250926,002810,삼영무역,15010,-430,27825,,,,
20250926,002820,SUN&L,2530,-90,17175,,,,
20250926,002840,미원상사,152000,-1600,1600,,,,
20250926,002870,신풍,1077,2,63589,,,,
20250926,002880,디와이에이,1179,13,112791,,,,
20250926,002900,TYM,5560,-180,299978,,,,
20250926,002920,유성기업,1958,-37,27241,,,,
20250926,002960,한국쉘석유,406000,-1000,1076,,,,
20250926,002990,금호건설,3660,-100,91477,,,,
20250926,002995,금호건설우,11150,100,152,,,,
20250926,003000,부광약품,3520,-100,471979,,,,
20250926,003010,혜인,5290,-90,68126,,,,
20250926,003030,세아제강지주,156000,-3000,8276,,,,
20250926,003060,에이프로젠바이오로직스,616,0,207254,,,,
20250926,003070,코오롱글로벌,8930,-80,16594,,,,
20250926,003075,코오롱글로벌우,15060,60,1187,,,,
20250926,003080,SB성보,2840,-10,28710,,,,
20250926,003090,대웅,22050,-700,125585,,,,
20250926,0030R0,대신밸류리츠,4375,-25,71204,,,,
20250926,003120,일성아이에스,23650,50,4725,,,,
20250926,003160,디아이,15200,-690,598836,,,,
20250926,003200,일신방직,10230,20,47926,,,,
20250926,003220,대원제약,13020,-110,25860,,,,
20250926,003230,삼양식품,1466000,10000,42601,,,,
20250926,003240,태광산업,850000,-16000,708,,,,
20250926,003280,흥아해운,1596,-24,806743,,,,
20250926,003300,한일홀딩스,16370,40,9523,,,,
20250926,003350,한국화장품제조,11620,-60,104360,,,,
20250926,003460,유화증권,2725,-5,20358,,,,
20250926,003465,유화증권우,2570,-20,8222,,,,
20250926,003470,유안타증권,3620,-10,325193,,,,
20250926,003475,유안타증권우,3610,-10,66665,,,,
20250926,003480,한진중공업홀딩스,5060,-70,148294,,,,
20250926,003490,대한항공,22700,-200,1165055,,,,
20250926,003495,대한항공우,23050,-300,2799,,,,
20250926,003520,영진약품,1942,-28,359235,,,,
20250926,003530,한화투자증권,5290,-110,2066248,,,,
20250926,003535,한화투자증권우,6960,-300,24666,,,,
20250926,003540,대신증권,26150,0,178920,,,,
20250926,003545,대신증권우,20400,-400,76988,,,,
20250926,003547,대신증권2우B,19250,-240,67870,,,,
20250926,003550,LG,72700,-1800,266559,,,,
20250926,003555,LG우,61900,-100,4517,,,,
20250926,003570,SNT다이내믹스,72200,-900,91487,,,,
20250926,003580,HLB글로벌,2060,-70,92419,,,,
20250926,003610,방림,5070,275,332420,,,,
20250926,003620,KG모빌리티,3260,-65,303515,,,,
20250926,003650,미창석유,108500,-700,764,,,,
20250926,003670,포스코퓨처엠,141300,-4600,249569,,,,
20250926,003680,한성기업,5370,-110,35961,,,,
20250926,003690,코리안리,10890,-60,230264,,,,
20250926,003720,삼영,4830,-45,282850,,,,
20250926,003780,진양산업,6790,-50,73569,,,,
20250926,003830,대한화섬,114500,-1200,144,,,,
20250926,003850,보령,8420,-140,130412,,,,
20250926,003920,남양유업,55000,-800,4702,,,,
20250926,003925,남양유업우,36500,-300,2609,,,,
20250926,003960,사조대림,39850,300,16748,,,,
20250926,004000,롯데정밀화학,47000,-850,48072,,,,
20250926,004020,현대제철,35150,-800,248139,,,,
20250926,004060,SG세계물산,3170,-50,30219,,,,
20250926,004080,신흥,13900,170,2977,,,,
20250926,004090,한국석유,14250,-170,90584,,,,
20250926,004100,태양금속,2070,0,153025,,,,
20250926,004105,태양금속우,2965,-55,13958,,,,
20250926,004140,동방,2925,-65,566676,,,,
20250926,004150,한솔홀딩스,3215,-35,105249,,,,
20250926,004170,신세계,186700,-6200,39063,,,,
20250926,004250,NPC,4075,-20,25839,,,,
20250926,004255,NPC우,2445,-25,4977,,,,
20250926,004270,남성,7934,8,5179,,,,
20250926,004310,현대약품,3860,-55,162790,,,,
20250926,004360,세방,13700,-140,59627,,,,
20250926,004365,세방우,8920,-170,12533,,,,
20250926,004370,농심,437000,-7000,41163,,,,
20250926,004380,삼익THK,13000,0,0,,,,
20250926,004410,서울식품,1550,-40,359426,,,,
20250926,004415,서울식품우,10820,-1350,974,,,,
20250926,004430,송원산업,9920,-110,33051,,,,
20250926,004440,삼일씨엔에스,4790,-15,12572,,,,
20250926,004450,삼화왕관,34600,0,264,,,,
20250926,004490,세방전지,63300,-300,75294,,,,
20250926,004540,깨끗한나라,2010,-25,83341,,,,
20250926,004545,깨끗한나라우,11930,250,796,,,,
20250926,004560,현대비앤지스틸,11150,-270,66631,,,,
20250926,004690,삼천리,123500,-2000,10545,,,,
20250926,004700,조광피혁,62500,-300,3454,,,,
20250926,004710,한솔테크닉스,6202,793,6933388,,,,
20250926,004720,팜젠사이언스,4390,-40,74874,,,,
20250926,004770,써니전자,1577,-27,326304,,,,
20250926,004800,효성,85600,-700,30243,,,,
20250926,004830,덕성,5220,-150,156470,,,,
20250926,004835,덕성우,6860,-250,17727,,,,
20250926,004840,DRB동일,4925,-70,7309,,,,
20250926,004870,티웨이홀딩스,2592,-48,32939,,,,
20250926,004890,동일산업,39550,-100,3198,,,,
20250926,004910,조광페인트,5450,-90,24427,,,,
20250926,004920,씨아이테크,1340,43,492942,,,,
20250926,004960,한신공영,7670,-50,16700,,,,
20250926,004970,신라교역,9160,-120,10712,,,,
20250926,004980,성신양회,9740,-110,80624,,,,
20250926,004985,성신양회우,11270,10,2653,,,,
20250926,004990,롯데지주,28950,-100,230271,,,,
20250926,00499K,롯데지주우,30400,-300,300,,,,
20250926,005010,휴스틸,3985,-55,315822,,,,
20250926,005030,부산주공,486,0,0,,,,
20250926,005070,코스모신소재,41300,-2150,317879,,,,
20250926,005090,SGC에너지,22900,-150,23058,,,,
20250926,005110,한창,1254,0,0,,,,
20250926,005180,빙그레,75000,-600,31146,,,,
20250926,005250,녹십자홀딩스,15650,-620,54315,,,,
20250926,005257,녹십자홀딩스2우,27000,-300,1232,,,,
20250926,005300,롯데칠성,115400,-600,17916,,,,
20250926,005305,롯데칠성우,68100,100,637,,,,
20250926,005320,온타이드,1034,-26,115954,,,,
20250926,005360,모나미,1994,-6,369518,,,,
20250926,005380,현대차,214500,-2500,448652,,,,
20250926,005385,현대차우,163000,-2300,88952,,,,
20250926,005387,현대차2우B,166100,-2100,114091,,,,
20250926,005389,현대차3우B,163200,-2000,13072,,,,
20250926,005420,코스모화학,15620,-680,141520,,,,
20250926,005430,한국공항,68300,0,9012,,,,
20250926,005440,현대지에프홀딩스,7910,-30,170529,,,,
20250926,005490,POSCO홀딩스,275000,-6000,199295,,,,
20250926,005500,삼진제약,19180,-420,38870,,,,
20250926,005610,삼립,52500,-800,9334,,,,
20250926,005680,삼영전자,10390,-180,32746,,,,
20250926,005690,파미셀,11950,-360,939288,,,,
20250926,005720,넥센,5650,-220,38309,,,,
20250926,005725,넥센우,4720,-80,223,,,,
20250926,005740,크라운해태홀딩스,6960,-60,35473,,,,
20250926,005745,크라운해태홀딩스우,8300,0,872,,,,
20250926,005750,대림바스,4495,-110,32733,,,,
20250926,005800,신영와코루,14120,-60,8664,,,,
20250926,005810,풍산홀딩스,40000,-1050,23125,,,,
20250926,005820,원림,14200,-20,958,,,,
20250926,005830,DB손해보험,138800,-900,159704,,,,
20250926,005850,에스엘,34550,-650,98452,,,,
20250926,005870,휴니드,8160,-270,81235,,,,
20250926,005880,대한해운,1715,-21,2116722,,,,
20250926,005930,삼성전자,83300,-2800,24071193,,,,
20250926,005935,삼성전자우,65200,-2200,2629345,,,,
20250926,005940,NH투자증권,19360,-350,714916,,,,
20250926,005945,NH투자증권우,17730,-280,60418,,,,
20250926,005950,이수화학,5460,-70,24844,,,,
20250926,005960,동부건설,5800,-150,43798,,,,
20250926,005965,동부건설우,18790,-80,198,,,,
20250926,006040,동원산업,44350,-800,55253,,,,
20250926,006060,화승인더,3850,-55,112893,,,,
20250926,006090,사조오양,9830,-70,5828,,,,
20250926,006110,삼아알미늄,20900,-1050,48837,,,,
20250926,006120,SK디스커버리,52800,-1200,15078,,,,
20250926,006125,SK디스커버리우,35950,-800,2825,,,,
20250926,006200,한국전자홀딩스,3550,-140,91173,,,,
20250926,006220,제주은행,15460,1280,11721598,,,,
20250926,006260,LS,162400,-3100,150479,,,,
20250926,006280,녹십자,131700,-5200,37370,,,,
20250926,006340,대원전선,2905,-90,852044,,,,
20250926,006345,대원전선우,3600,-60,9951,,,,
20250926,006360,GS건설,18260,-330,353211,,,,
20250926,006370,대구백화점,6460,-110,13877,,,,
20250926,006380,카프로,3660,0,0,,,,
20250926,006400,삼성SDI,202500,-8000,378492,,,,
20250926,006405,삼성SDI우,127300,-5600,10464,,,,
20250926,006490,프리티,3375,-120,84904,,,,
20250926,006570,대림통상,2570,-20,2418,,,,
20250926,006650,대한유화,115700,-900,28875,,,,
20250926,006660,삼성공조,14550,-80,182630,,,,
20250926,006740,블루산업개발,2325,-27,63450,,,,
20250926,006800,미래에셋증권,20511,200,4483023,,,,
20250926,006805,미래에셋증권우,9431,-40,80296,,,,
20250926,00680K,미래에셋증권2우B,9000,10,580095,,,,
20250926,006840,AK홀딩스,10380,30,14396,,,,
20250926,006880,신송홀딩스,6710,-130,43735,,,,
20250926,006890,태경케미컬,9290,-160,20943,,,,
20250926,006980,우성,16960,260,1248,,,,
20250926,007070,GS리테일,16370,-270,117840,,,,
20250926,007110,일신석재,1999,-1,1270450,,,,
20250926,007120,미래아이앤지,874,-12,60411,,,,
20250926,007160,사조산업,47050,-1150,9104,,,,
20250926,007210,벽산,1933,-11,1018995,,,,
20250926,007280,한국특강,3186,4,13224,,,,
20250926,007310,오뚜기,414000,2000,7647,,,,
20250926,007340,DN오토모티브,22100,-450,82374,,,,
20250926,007460,에이프로젠,662,-1,2084688,,,,
20250926,007540,샘표,47700,-50,3286,,,,
20250926,007570,일양약품,14600,0,0,,,,
20250926,007575,일양약품우,15260,0,0,,,,
20250926,007590,동방아그로,6180,-10,19447,,,,
20250926,007610,선도전기,3000,0,0,,,,
20250926,007660,이수페타시스,72500,-2800,911727,,,,
20250926,007690,국도화학,35300,-600,8805,,,,
20250926,007700,F&F홀딩스,18630,-370,13706,,,,
20250926,007810,코리아써키트,16560,-1290,764094,,,,
20250926,007815,코리아써우,6740,-90,1923,,,,
20250926,00781K,코리아써키트2우B,6380,60,1211,,,,
20250926,007860,서연,8900,-90,48573,,,,
20250926,007980,TP,1839,74,8158079,,,,
20250926,008040,사조동아원,1235,-3,1105372,,,,
20250926,008060,대덕,8400,-290,142840,,,,
20250926,00806K,대덕1우,8510,90,2886,,,,
20250926,008250,이건산업,4780,0,15835,,,,
20250926,008260,NI스틸,3595,-35,35935,,,,
20250926,008350,남선알미늄,1080,-33,899524,,,,
20250926,008355,남선알미우,12630,-110,2772,,,,
20250926,008420,문배철강,2325,-50,110173,,,,
20250926,008490,서흥,24800,-550,32921,,,,
20250926,008600,윌비스,3340,-52,24660,,,,
20250926,008700,아남전자,1295,-22,329385,,,,
20250926,008730,율촌화학,29650,-650,98537,,,,
20250926,008770,호텔신라,53200,-800,154821,,,,
20250926,008775,호텔신라우,41950,-750,1047,,,,
20250926,008870,금비,60000,-1000,7342,,,,
20250926,008930,한미사이언스,38700,-350,147099,,,,
20250926,008970,KBI동양철관,2522,42,4162878,,,,
20250926,009070,KCTC,5360,-120,192549,,,,
20250926,009140,경인전자,20550,50,5372,,,,
20250926,009150,삼성전기,191700,-8300,850907,,,,
20250926,009155,삼성전기우,84900,-4300,55449,,,,
20250926,009160,SIMPAC,4440,-10,40835,,,,
20250926,009180,한솔로지스틱스,2800,-65,67080,,,,
20250926,009190,대양금속,1600,10,118447,,,,
20250926,009200,무림페이퍼,2005,0,91600,,,,
20250926,009240,한샘,44800,-500,18059,,,,
20250926,009270,신원,1674,-14,730092,,,,
20250926,009290,광동제약,5880,-30,77675,,,,
20250926,009310,참엔지니어링,1353,33,61024,,,,
20250926,009320,아진전자부품,1020,-5,75844,,,,
20250926,009410,태영건설,1589,-25,181145,,,,
20250926,009415,태영건설우,5060,-70,342,,,,
20250926,009420,한올바이오파마,30700,-650,259565,,,,
20250926,009440,KC그린홀딩스,756,0,0,,,,
20250926,009450,경동나비엔,73000,-1400,52751,,,,
20250926,009460,한창제지,3060,-45,9855,,,,
20250926,009470,삼화전기,38850,-1750,117077,,,,
20250926,009540,HD한국조선해양,397500,-5500,166078,,,,
20250926,009580,무림P&P,2555,-20,74990,,,,
20250926,009680,모토닉,10050,0,42072,,,,
20250926,009770,삼정펄프,28150,-50,3724,,,,
20250926,009810,MDS스피어,3245,-30,14364,,,,
20250926,009830,한화솔루션,27071,-471,637965,,,,
20250926,009835,한화솔루션우,20321,-452,6976,,,,
20250926,009900,명신산업,8640,-190,111123,,,,
20250926,009970,영원무역홀딩스,139200,-300,15607,,,,
20250926,010040,한국내화,2235,0,53677,,,,
20250926,010060,OCI홀딩스,90600,-4200,106041,,,,
20250926,010100,한국무브넥스,4015,-135,267134,,,,
20250926,010120,LS ELECTRIC,54600,-1100,669460,,,,
20250926,010130,고려아연,916000,-27000,12373,,,,
20250926,010140,삼성중공업,20850,-1100,5081199,,,,
20250926,010400,우진아이엔에스,3035,-40,15178,,,,
20250926,010580,에스엠벡셀,2520,-125,32235034,,,,
20250926,010640,진양폴리,3708,8,92810,,,,
20250926,010660,화천기계,4600,-45,151800,,,,
20250926,010690,화신,7760,-180,152440,,,,
20250926,010770,평화홀딩스,3770,-100,74120,,,,
20250926,010780,아이에스동서,17850,-480,49430,,,,
20250926,010820,퍼스텍,4390,-90,602590,,,,
20250926,010950,S-Oil,61600,400,299938,,,,
20250926,010955,S-Oil우,39450,150,19524,,,,
20250926,010960,삼호개발,3405,5,26481,,,,
20250926,011000,진원생명과학,11400,-100,158456,,,,
20250926,011070,LG이노텍,189300,-8200,216676,,,,
20250926,011090,에넥스,2900,-35,19365,,,,
20250926,011150,CJ씨푸드,2795,-30,168173,,,,
20250926,011155,CJ씨푸드1우,16610,0,186,,,,
20250926,011170,롯데케미칼,67000,2500,392330,,,,
20250926,011200,HMM,20550,-500,1456625,,,,
20250926,011210,현대위아,48500,-1050,91581,,,,
20250926,011230,삼화전자,3480,25,74407,,,,
20250926,011280,태림포장,1892,-23,69785,,,,
20250926,011300,우성머티리얼스,4070,-10,28083,,,,
20250926,011330,유니켐,15010,-370,39615,,,,
20250926,011390,부산산업,82100,-3500,5011,,,,
20250926,011420,갤럭시아에스엠,2065,-45,331463,,,,
20250926,011500,한농화성,13920,-350,56290,,,,
20250926,011690,와이투솔루션,3320,-105,338274,,,,
20250926,011700,한신기계,3455,-230,836294,,,,
20250926,011760,현대코퍼레이션,21150,-400,55951,,,,
20250926,011780,금호석유화학,103700,-1400,50703,,,,
20250926,011785,금호석유화학우,56100,-200,3163,,,,
20250926,011790,SKC,92113,-3008,231956,,,,
20250926,011810,STX,3530,0,0,,,,
20250926,011930,신성이엔지,17440,-490,305734,,,,
20250926,012030,DB,1526,-34,834673,,,,
20250926,012160,영흥,2635,-85,36623,,,,
20250926,012170,아센디오,2005,-30,64415,,,,
20250926,012200,계양전기,1345,-12,83626,,,,
20250926,012205,계양전기우,2866,-24,1223,,,,
20250926,012280,영화금속,868,-5,113595,,,,
20250926,012320,경동인베스트,57800,-1300,6300,,,,
20250926,012330,현대모비스,295000,-6000,231752,,,,
20250926,012450,한화에어로스페이스,1044000,-4000,192038,,,,
20250926,012610,경인양행,2930,-50,52741,,,,
20250926,012630,HDC,17860,-310,115186,,,,
20250926,012690,모나리자,2475,-45,51091,,,,
20250926,012750,에스원,85800,-400,41213,,,,
20250926,012800,대창,1280,-16,583604,,,,
20250926,013000,세우글로벌,1041,-18,62253,,,,
20250926,013360,일성건설,1340,4,175722,,,,
20250926,013520,화승코퍼레이션,2085,5,586386,,,,
20250926,013570,디와이,4325,-70,24526,,,,
20250926,013580,계룡건설,19610,-220,39978,,,,
20250926,013700,까뮤이앤씨,1090,-24,47525,,,,
20250926,013870,지엠비코리아,3985,-20,9612,,,,
20250926,013890,지누스,15820,110,72124,,,,
20250926,014130,한익스프레스,3155,-45,19834,,,,
20250926,014160,대영포장,1135,-25,773652,,,,
20250926,014280,금강공업,4795,-145,207156,,,,
20250926,014285,금강공업우,6800,-140,516,,,,
20250926,014440,영보화학,4370,-30,35336,,,,
20250926,014530,극동유화,3295,-25,147644,,,,
20250926,014580,태경비케이,4730,-80,157691,,,,
20250926,014680,한솔케미칼,205000,-7500,73437,,,,
20250926,014710,사조씨푸드,8450,-130,19326,,,,
20250926,014790,HL D&I,2340,-15,27582,,,,
20250926,014820,동원시스템즈,27300,-550,32979,,,,
20250926,014825,동원시스템즈우,17310,-160,20,,,,
20250926,014830,유니드,71800,-2200,24387,,,,
20250926,014910,성문전자,1159,7,39668,,,,
20250926,014915,성문전자우,4030,-30,1599,,,,
20250926,014990,인디에프,5650,-15,77459,,,,
20250926,015020,이스타코,1272,-22,72220,,,,
20250926,015230,대창단조,5930,-90,72547,,,,
20250926,015260,에이엔피,504,10,156303,,,,
20250926,015360,INVENI,12200,-220,45850,,,,
20250926,015590,DKME,2575,0,0,,,,
20250926,015760,한국전력,36200,200,1472003,,,,
20250926,015860,일진홀딩스,5350,-30,81877,,,,
20250926,015890,태경산업,5060,-50,48816,,,,
20250926,016090,대현,1803,-12,147255,,,,
20250926,016360,삼성증권,71400,-1000,239998,,,,
20250926,016380,KG스틸,5290,-110,151354,,,,
20250926,016450,한세예스24홀딩스,4050,-85,23940,,,,
20250926,016580,환인제약,10580,-150,38166,,,,
20250926,016590,신대양제지,10820,-50,48583,,,,
20250926,016610,DB증권,9730,-60,116236,,,,
20250926,016710,대성홀딩스,8410,-70,24760,,,,
20250926,016740,두올,3365,-5,49082,,,,
20250926,016800,퍼시스,45500,500,407,,,,
20250926,016880,웅진,4355,-155,1148681,,,,
20250926,017040,광명전기,1268,75,1745784,,,,
20250926,017180,명문제약,1667,-42,61035,,,,
20250926,017370,우신시스템,7120,20,75550,,,,
20250926,017390,서울가스,61500,-100,6006,,,,
20250926,017550,수산세보틱스,1809,-9,102990,,,,
20250926,017670,SK텔레콤,54900,-300,576165,,,,
20250926,017800,현대엘리베이터,80500,-3100,164091,,,,
20250926,017810,풀무원,14110,-180,178422,,,,
20250926,017860,DS단석,20153,-742,109406,,,,
20250926,017900,광전자,1896,-10,23480,,,,
20250926,017940,E1,74700,-2500,7016,,,,
20250926,017960,한국카본,32100,-350,261642,,,,
20250926,018250,애경산업,14710,-170,52528,,,,
20250926,018260,삼성에스디에스,161700,-3700,125110,,,,
20250926,018470,조일알미늄,1353,-28,321583,,,,
20250926,018500,동원모빌리티,1299,-11,219153,,,,
20250926,018670,SK가스,227000,-4000,6966,,,,
20250926,018880,한온시스템,2853,-47,665144,,,,
20250926,019170,신풍제약,13110,-160,205647,,,,
20250926,019175,신풍제약우,25400,-350,4928,,,,
20250926,019180,티에이치엔,5980,-240,492954,,,,
20250926,019490,엑시큐어하이트론,755,46,4745632,,,,
20250926,019680,대교,2115,-45,77884,,,,
20250926,019685,대교우B,1250,-8,2625,,,,
20250926,020000,한섬,15200,-290,44756,,,,
20250926,020120,키다리스튜디오,4140,-105,119490,,,,
20250926,020150,롯데에너지머티리얼즈,23100,-750,64527,,,,
20250926,020560,아시아나항공,9270,-70,73912,,,,
20250926,020760,일진디스플,902,0,0,,,,
20250926,021050,서원,1130,-13,131289,,,,
20250926,021240,코웨이,100000,0,98059,,,,
20250926,021820,세원정공,10850,-140,21013,,,,
20250926,022100,포스코DX,21400,-750,224282,,,,
20250926,023000,삼원강재,2415,-10,9923,,,,
20250926,023150,MH에탄올,5050,-20,7218,,,,
20250926,023350,한국종합기술,4730,30,1507394,,,,
20250926,023450,동남합성,33950,50,1040,,,,
20250926,023530,롯데쇼핑,70300,-900,36193,,,,
20250926,023590,다우기술,36050,-950,53946,,,,
20250926,023800,인지컨트롤스,5810,-80,26379,,,,
20250926,023810,인팩,6460,-30,19942,,,,
20250926,023960,에쓰씨엔지니어링,1230,-33,212159,,,,
20250926,024070,WISCOM,1933,-7,4652,,,,
20250926,024090,디씨엠,11970,0,5373,,,,
20250926,024110,기업은행,19320,-230,823695,,,,
20250926,024720,콜마홀딩스,12560,-210,301147,,,,
20250926,024890,대원화성,4275,0,6227,,,,
20250926,024900,디와이덕양,2190,-35,80658,,,,
20250926,025000,KPX케미칼,46315,-236,4297,,,,
20250926,025530,SJM홀딩스,3600,-45,9904,,,,
20250926,025540,한국단자,61200,-600,23354,,,,
20250926,025560,미래산업,2066,-72,181175,,,,
20250926,025620,차AI헬스케어,8100,-210,43870,,,,
20250926,025750,한솔홈데코,3385,-15,34118,,,,
20250926,025820,이구산업,4685,-95,778276,,,,
20250926,025860,남해화학,6730,-110,67049,,,,
20250926,025890,한국주강,1923,-38,42230,,,,
20250926,026890,스틱인베스트먼트,10250,-250,54087,,,,
20250926,026940,부국철강,2290,-40,53668,,,,
20250926,026960,동서,27100,-400,62584,,,,
20250926,027410,BGF,3855,-60,131896,,,,
20250926,027740,마니커,1648,-16,74776,,,,
20250926,027970,한국제지,4025,0,10777,,,,
20250926,028050,삼성E&A,27150,-700,472101,,,,
20250926,028100,동아지질,14840,-300,17204,,,,
20250926,028260,삼성물산,187900,-2400,286185,,,,
20250926,02826K,삼성물산우B,123500,-2600,10016,,,,
20250926,028670,팬오션,3905,-50,1189288,,,,
20250926,029460,케이씨,25700,-500,60418,,,,
20250926,029530,신도리코,41650,-200,5992,,,,
20250926,029780,삼성카드,51500,0,52857,,,,
20250926,030000,제일기획,20400,-350,328698,,,,
20250926,030190,NICE평가정보,13400,-100,98889,,,,
20250926,030200,KT,51100,-100,251541,,,,
20250926,030210,다올투자증권,3600,35,126663,,,,
20250926,030610,교보증권,9020,-160,120846,,,,
20250926,030720,동원수산,6390,0,34838,,,,
20250926,031210,서울보증보험,52000,-2100,75222,,,,
20250926,031430,신세계인터내셔날,10130,-70,53866,,,,
20250926,031820,아이티센씨티에스,6030,-80,18217,,,,
20250926,032350,롯데관광개발,18000,-500,709572,,,,
20250926,032560,황금에스티,5830,10,15611,,,,
20250926,032640,LG유플러스,14980,40,702985,,,,
20250926,032830,삼성생명,152000,1800,353127,,,,
20250926,033240,자화전자,20100,-950,124672,,,,
20250926,033250,체시스,5345,-125,60103,,,,
20250926,033270,유나이티드제약,18950,-500,59725,,,,
20250926,033530,SJG세종,6060,-240,196716,,,,
20250926,033780,KT&G,137600,3300,645794,,,,
20250926,033920,무학,8190,-60,36435,,,,
20250926,034020,두산에너빌리티,63100,-900,5541302,,,,
20250926,034120,SBS,19960,-490,55515,,,,
20250926,034220,LG디스플레이,14030,-270,2493831,,,,
20250926,034230,파라다이스,21150,-200,878527,,,,
20250926,034310,NICE,13440,50,48132,,,,
20250926,034590,인천도시가스,25900,-100,915,,,,
20250926,034730,SK,206500,-3000,171476,,,,
20250926,03473K,SK우,160500,-200,2052,,,,
20250926,034830,한국토지신탁,1380,-19,982924,,,,
20250926,035000,HS애드,8790,-60,19905,,,,
20250926,035150,백산,14140,110,14616,,,,
20250926,035250,강원랜드,17920,-200,434648,,,,
20250926,035420,NAVER,256500,2500,4597910,,,,
20250926,035510,신세계 I&C,14310,-530,94739,,,,
20250926,035720,카카오,59300,-3900,4899137,,,,
20250926,036420,콘텐트리중앙,10550,-370,48092,,,,
20250926,036460,한국가스공사,38700,-450,204464,,,,
20250926,036530,SNT홀딩스,74900,700,15586,,,,
20250926,036570,NC,219500,-4000,79182,,,,
20250926,036580,팜스코,2605,-110,63565,,,,
20250926,037270,YG PLUS,7750,-110,1763368,,,,
20250926,037560,LG헬로비전,2655,-95,156527,,,,
20250926,037710,광주신세계,30600,50,6124,,,,
20250926,039130,하나투어,49600,-500,112238,,,,
20250926,039490,키움증권,251000,-5500,114682,,,,
20250926,039570,HDC랩스,8340,-60,22272,,,,
20250926,041650,상신브레이크,2655,-40,28420,,,,
20250926,042660,한화오션,107000,-2600,1368632,,,,
20250926,042700,한미반도체,89800,-4300,684177,,,,
20250926,044380,주연테크,2650,-90,30166,,,,
20250926,044450,KSS해운,9110,-30,33157,,,,
20250926,044820,코스맥스비티아이,17500,-560,24472,,,,
20250926,047040,대우건설,3565,-65,1043769,,,,
20250926,047050,포스코인터내셔널,48850,-1750,476518,,,,
20250926,047400,유니온머티리얼,1324,-51,169879,,,,
20250926,047810,한국항공우주,107100,-2400,591209,,,,
20250926,049800,우진플라임,2165,10,15676,,,,
20250926,051600,한전KPS,47500,-1300,186632,,,,
20250926,051630,진양화학,2320,15,92006,,,,
20250926,051900,LG생활건강,281000,-5500,52931,,,,
20250926,051905,LG생활건강우,113500,-2000,9429,,,,
20250926,051910,LG화학,282500,-10000,227238,,,,
20250926,051915,LG화학우,140200,-4000,46125,,,,
20250926,052690,한전기술,85000,-1800,151991,,,,
20250926,053210,스카이라이프,5010,-20,24104,,,,
20250926,053690,한미글로벌,21750,-1600,391701,,,,
20250926,055490,테이팩스,14020,-480,11132,,,,
20250926,055550,신한지주,69200,-600,1613570,,,,
20250926,058430,포스코스틸리온,3685,-50,72640,,,,
20250926,058650,세아홀딩스,121000,-2000,1049,,,,
20250926,058730,다스코,2845,-25,21521,,,,
20250926,058850,KTcs,2965,-100,738671,,,,
20250926,058860,KTis,2830,-45,105089,,,,
20250926,060980,HL홀딩스,40250,450,19742,,,,
20250926,062040,산일전기,113200,-2000,312377,,,,
20250926,063160,종근당바이오,22900,-600,24836,,,,
20250926,064350,현대로템,212500,-6000,527409,,,,
20250926,064400,LG씨엔에스,64500,-2700,783468,,,,
20250926,064960,SNT모티브,33500,-750,80059,,,,
20250926,066570,LG전자,76300,-1600,548336,,,,
20250926,066575,LG전자우,36900,-400,106673,,,,
20250926,066970,엘앤에프,72400,-4200,376287,,,,
20250926,067830,세이브존I&C,2585,0,32245,,,,
20250926,068270,셀트리온,169663,95,930701,,,,
20250926,068290,삼성출판사,15880,-190,18562,,,,
20250926,069260,TKG휴켐스,17570,-300,54207,,,,
20250926,069460,대호에이엘,8470,-30,104162,,,,
20250926,069620,대웅제약,132900,-4200,29213,,,,
20250926,069640,한세엠케이,1590,-12,36185,,,,
20250926,069730,DSR제강,3780,-15,9781,,,,
20250926,069960,현대백화점,87700,-2000,81580,,,,
20250926,070960,모나용평,3960,-40,173832,,,,
20250926,071050,한국금융지주,142000,-5000,210275,,,,
20250926,071055,한국금융지주우,104000,-3000,19046,,,,
20250926,071090,하이스틸,4230,-65,400405,,,,
20250926,071320,지역난방공사,90600,900,17847,,,,
20250926,071840,롯데하이마트,7950,-120,12055,,,,
20250926,071950,코아스,5170,-80,75901,,,,
20250926,071970,HD현대마린엔진,79200,-1900,265992,,,,
20250926,072130,유엔젤,5350,-200,204779,,,,
20250926,072710,농심홀딩스,100200,-2900,81829,,,,
20250926,073240,금호타이어,4750,-75,571363,,,,
20250926,074610,이엔플러스,5110,0,0,,,,
20250926,075180,새론오토모티브,3150,-20,9900,,,,
20250926,075580,세진중공업,20100,-450,1617529,,,,
20250926,077500,유니퀘스트,6850,-180,259902,,,,
20250926,077970,STX엔진,38250,-1650,693879,,,,
20250926,078000,텔코웨어,15170,-400,225450,,,,
20250926,078520,에이블씨엔씨,11040,-210,284737,,,,
20250926,078930,GS,45150,-550,242799,,,,
20250926,078935,GS우,42550,-200,15001,,,,
20250926,079160,CJ CGV,4870,-125,648947,,,,
20250926,079430,현대리바트,7140,-30,34044,,,,
20250926,079550,LIG디펜스앤에어로스페이스,491000,-3000,155669,,,,
20250926,079900,전진건설로봇,45000,-1250,33989,,,,
20250926,079980,휴비스,2930,-85,70489,,,,
20250926,081000,일진다이아,11540,-220,13687,,,,
20250926,081660,미스토홀딩스,39100,-550,72269,,,,
20250926,082640,동양생명,8200,-30,139337,,,,
20250926,082740,한화엔진,41950,-1700,1116857,,,,
20250926,083420,그린케미칼,7240,-150,43932,,,,
20250926,084010,대한제강,10609,-60,17714,,,,
20250926,084670,동양고속,8200,50,2471,,,,
20250926,084680,이월드,1457,-15,178025,,,,
20250926,084690,대상홀딩스,9020,-210,94548,,,,
20250926,084695,대상홀딩스우,12250,-180,2512,,,,
20250926,084870,TBH글로벌,1330,-17,20958,,,,
20250926,085310,엔케이,13140,-260,137385,,,,
20250926,085620,미래에셋생명,7750,-140,125793,,,,
20250926,086280,현대글로비스,168500,-1300,189798,,,,
20250926,086790,하나금융지주,87100,-1800,664147,,,,
20250926,088260,이리츠코크렙,4695,0,42053,,,,
20250926,088350,한화생명,3120,-40,1094058,,,,
20250926,088790,진도,1869,0,42870,,,,
20250926,088980,맥쿼리인프라,11470,0,1085014,,,,
20250926,089470,HDC현대EP,4085,15,28466,,,,
20250926,089590,제주항공,6370,-80,51188,,,,
20250926,089860,롯데렌탈,29400,-200,25160,,,,
20250926,090080,평화산업,970,-18,227627,,,,
20250926,090350,노루페인트,8990,-160,110989,,,,
20250926,090355,노루페인트우,13350,-340,1507,,,,
20250926,090370,메타랩스,1349,-19,41234,,,,
20250926,090430,아모레퍼시픽,122400,-3100,163997,,,,
20250926,090435,아모레퍼시픽우,40400,-1400,28935,,,,
20250926,090460,비에이치,17560,-1070,664582,,,,
20250926,091810,트리니티항공,1741,-14,336205,,,,
20250926,092200,디아이씨,4440,-55,280682,,,,
20250926,092220,KEC,4115,-85,176809,,,,
20250926,092230,KPX홀딩스,67100,-700,942,,,,
20250926,092440,기신정기,2495,-30,26782,,,,
20250926,092780,DYP,3780,-70,14230,,,,
20250926,092790,넥스틸,12230,-340,240078,,,,
20250926,093050,LF,17390,-300,62880,,,,
20250926,093240,형지엘리트,1378,-9,614708,,,,
20250926,093370,후성,5830,-230,521970,,,,
20250926,094280,효성ITX,12870,-130,10435,,,,
20250926,094800,맵스리얼티,5000,-20,76931,,,,
20250926,095570,AJ네트웍스,4275,-50,301081,,,,
20250926,095720,웅진씽크빅,3234,-38,54074,,,,
20250926,096760,JW홀딩스,3245,-45,77421,,,,
20250926,096770,SK이노베이션,101100,-2500,155423,,,,
20250926,096775,SK이노베이션우,68500,-300,1338,,,,
20250926,097230,HJ중공업,25600,-2400,11217540,,,,
20250926,097520,엠씨넥스,28000,-350,52151,,,,
20250926,097950,CJ제일제당,230500,-3500,61198,,,,
20250926,097955,CJ제일제당 우,138200,-1500,5664,,,,
20250926,100090,SK오션플랜트,24200,-1350,2707294,,,,
20250926,100220,비상교육,5490,-120,28805,,,,
20250926,100250,진양홀딩스,3084,-19,68096,,,,
20250926,100840,SNT에너지,52300,-1600,129591,,,,
20250926,101140,인바이오젠,12300,400,18297,,,,
20250926,101530,해태제과식품,6620,0,28125,,,,
20250926,102260,동성케미컬,4107,-45,65769,,,,
20250926,102460,이연제약,11170,-410,13570,,,,
20250926,103140,풍산,123200,-5700,241230,,,,
20250926,103590,일진전기,33900,-1050,706206,,,,
20250926,104700,한국철강,10020,-140,34575,,,,
20250926,105560,KB금융,112700,-1600,852956,,,,
20250926,105630,한세실업,10620,-300,122003,,,,
20250926,105840,우진,15650,600,3009797,,,,
20250926,107590,미원홀딩스,71900,-500,96,,,,
20250926,108320,LX세미콘,54800,-1500,43045,,,,
20250926,108670,LX하우시스,28150,-200,24858,,,,
20250926,108675,LX하우시스우,17250,30,3417,,,,
20250926,109070,주성코퍼레이션,1095,-2,391882,,,,
20250926,111110,호전실업,7780,-80,43216,,,,
20250926,111380,동인기연,13800,-100,6519,,,,
20250926,111770,영원무역,62800,300,44515,,,,
20250926,112610,씨에스윈드,42800,-850,136279,,,,
20250926,114090,GKL,15730,-250,209939,,,,
20250926,117580,대성에너지,8110,-50,28255,,,,
20250926,118000,메타케어,3390,170,493435,,,,
20250926,119650,KC코트렐,918,0,0,,,,
20250926,120030,조선선재,104100,-3100,11991,,,,
20250926,120110,코오롱인더,34950,-900,119300,,,,
20250926,120115,코오롱인더우,23300,-150,6879,,,,
20250926,122900,아이마켓코리아,8240,-80,46788,,,,
20250926,123690,한국화장품,11060,100,185381,,,,
20250926,123700,SJM,3535,-40,33433,,,,
20250926,123890,한국자산신탁,2280,-25,251049,,,,
20250926,126560,현대퓨처넷,3300,-20,44131,,,,
20250926,126720,수산인더스트리,21100,-450,35839,,,,
20250926,128820,대성산업,4335,80,272982,,,,
20250926,128940,한미약품,377000,2000,112971,,,,
20250926,129260,인터지스,2720,20,49669,,,,
20250926,130660,한전산업,11610,-240,88669,,,,
20250926,133820,화인베스틸,1795,-102,699468,,,,
20250926,134380,미원화학,8700,-40,16380,,,,
20250926,134790,시디즈,23400,-600,5412,,,,
20250926,136490,선진,11040,-480,145138,,,,
20250926,137310,에스디바이오센서,10000,-360,154509,,,,
20250926,138040,메리츠금융지주,112400,-2500,217479,,,,
20250926,138930,BNK금융지주,14430,-80,656130,,,,
20250926,139130,iM금융지주,13510,-180,456735,,,,
20250926,139480,이마트,75300,-1600,138093,,,,
20250926,139990,아주스틸,3690,-75,75463,,,,
20250926,143210,핸즈코퍼레이션,1612,0,6213,,,,
20250926,145210,다이나믹디자인,6330,-90,5617,,,,
20250926,145270,케이탑리츠,952,2,38429,,,,
20250926,145720,덴티움,56000,-1500,54166,,,,
20250926,145990,삼양사,50800,-700,9689,,,,
20250926,145995,삼양사우,35900,-100,328,,,,
20250926,155660,DSR,3725,-45,44824,,,,
20250926,161000,애경케미칼,9880,-240,204930,,,,
20250926,161390,한국타이어앤테크놀로지,38100,-400,336036,,,,
20250926,161890,한국콜마,77800,-500,171559,,,,
20250926,163560,동일고무벨트,6580,-60,17000,,,,
20250926,170900,동아에스티,44348,-906,12055,,,,
20250926,175330,JB금융지주,22900,-250,248672,,,,
20250926,178920,PI첨단소재,16670,-410,179484,,,,
20250926,180640,한진칼,99600,-1900,58989,,,,
20250926,18064K,한진칼우,32650,-1650,4804,,,,
20250926,181710,NHN,26100,-600,108215,,,,
20250926,183190,아세아시멘트,12100,-120,71088,,,,
20250926,185750,종근당,79800,-2400,83603,,,,
20250926,192080,더블유게임즈,52600,-800,39216,,,,
20250926,192400,쿠쿠홀딩스,30700,-100,23329,,,,
20250926,192650,드림텍,6110,-230,168716,,,,
20250926,192820,코스맥스,226500,-3000,69276,,,,
20250926,194370,제이에스코퍼레이션,10280,-190,123144,,,,
20250926,195870,해성디에스,28300,-1600,206639,,,,
20250926,200880,서연이화,10860,-280,83105,,,,
20250926,204320,HL만도,33950,-800,168783,,,,
20250926,207940,삼성바이오로직스,1471744,-32378,64505,,,,
20250926,210540,디와이파워,12320,10,34807,,,,
20250926,210980,SK디앤디,10390,-210,123210,,,,
20250926,213500,한솔제지,8710,20,95318,,,,
20250926,214320,이노션,18240,-160,82730,,,,
20250926,214330,금호에이치티,16048,-327,12644,,,,
20250926,214390,경보제약,6060,-90,37098,,,,
20250926,214420,토니모리,10270,-390,154732,,,,
20250926,226320,잇츠한불,12200,-180,25268,,,,
20250926,227840,현대코퍼레이션홀딩스,12250,-190,14647,,,,
20250926,229640,LS에코에너지,37850,-1050,116810,,,,
20250926,234080,JW생명과학,12250,-170,48194,,,,
20250926,241560,두산밥캣,54400,-500,385825,,,,
20250926,241590,화승엔터프라이즈,6190,-150,140830,,,,
20250926,244920,에이플러스에셋,7280,130,127761,,,,
20250926,248070,솔루엠,17360,-300,220602,,,,
20250926,248170,샘표식품,26200,-200,3032,,,,
20250926,249420,일동제약,26700,1100,2518167,,,,
20250926,251270,넷마블,62200,-1700,130981,,,,
20250926,259960,크래프톤,295500,-4000,80710,,,,
20250926,264900,크라운제과,9220,-150,11564,,,,
20250926,26490K,크라운제과우,9430,-200,1407,,,,
20250926,267250,HD현대,150600,-1400,162813,,,,
20250926,267260,HD현대일렉트릭,569000,-18000,168831,,,,
20250926,267270,HD건설기계,94400,-2500,77215,,,,
20250926,267290,경동도시가스,20150,-200,17811,,,,
20250926,267850,아시아나IDT,11640,-110,3554,,,,
20250926,268280,미원에스씨,140700,200,659,,,,
20250926,271560,오리온,103700,-1000,125453,,,,
20250926,271940,일진하이솔루스,16980,-540,52500,,,,
20250926,271980,제일약품,15150,860,300635,,,,
20250926,272210,한화시스템,57900,-1600,873375,,,,
20250926,272450,진에어,7940,-100,75346,,,,
20250926,272550,삼양패키징,13430,-10,9801,,,,
20250926,278470,에이피알,225000,1500,438850,,,,
20250926,280360,롯데웰푸드,114000,-1300,10975,,,,
20250926,281820,케이씨텍,37300,-1400,97257,,,,
20250926,282330,BGF리테일,106700,-1700,47620,,,,
20250926,284740,쿠쿠홈시스,26100,-300,36220,,,,
20250926,285130,SK케미칼,59300,-1400,27081,,,,
20250926,28513K,SK케미칼우,25200,-350,1100,,,,
20250926,286940,롯데이노베이트,21600,-600,29455,,,,
20250926,293480,하나제약,11980,-200,13387,,,,
20250926,293940,신한알파리츠,5590,-20,298427,,,,
20250926,294870,IPARK현대산업개발,20250,-150,95121,,,,
20250926,298000,효성화학,77800,0,0,,,,
20250926,298020,효성티앤씨,214500,-3500,9135,,,,
20250926,298040,효성중공업,1328000,-25000,28491,,,,
20250926,298050,HS효성첨단소재,181000,-4700,11512,,,,
20250926,298690,에어부산,1956,-10,98517,,,,
20250926,300720,한일시멘트,19190,-180,49966,,,,
20250926,302440,SK바이오사이언스,46800,-1750,173077,,,,
20250926,306200,세아제강,125000,-1600,5609,,,,
20250926,307950,현대오토에버,151700,-4900,62226,,,,
20250926,308170,씨티알모빌리티,5000,-80,12739,,,,
20250926,316140,우리금융지주,26200,-550,2175325,,,,
20250926,317400,자이에스앤디,3330,-55,33113,,,,
20250926,322000,HD현대에너지솔루션,47800,-3300,106385,,,,
20250926,323410,카카오뱅크,23500,-650,669122,,,,
20250926,326030,SK바이오팜,101500,-3700,180118,,,,
20250926,329180,HD현대중공업,491500,-13500,194966,,,,
20250926,330590,롯데리츠,3910,-25,438486,,,,
20250926,334890,이지스밸류플러스리츠,4170,-20,67749,,,,
20250926,336260,두산퓨얼셀,30200,1050,1861383,,,,
20250926,33626K,두산퓨얼셀1우,6820,-20,21309,,,,
20250926,33626L,두산퓨얼셀2우B,11070,40,5951,,,,
20250926,336370,솔루스첨단소재,7760,-130,101436,,,,
20250926,33637K,솔루스첨단소재1우,1806,-12,15391,,,,
20250926,33637L,솔루스첨단소재2우B,3570,-140,9297,,,,
20250926,338100,NH프라임리츠,4790,25,70232,,,,
20250926,339770,교촌에프앤비,4480,-45,67735,,,,
20250926,344820,KCC글라스,27950,-50,22645,,,,
20250926,348950,제이알글로벌리츠,2940,-20,519165,,,,
20250926,350520,이지스레지던스리츠,3870,15,39946,,,,
20250926,352820,하이브,268500,-3000,219494,,,,
20250926,353200,대덕전자,26600,-2500,1656602,,,,
20250926,35320K,대덕전자1우,9350,-240,1658,,,,
20250926,357120,코람코라이프인프라리츠,4360,-25,185416,,,,
20250926,357250,미래에셋맵스리츠,2780,-15,11498,,,,
20250926,357430,마스턴프리미어리츠,1568,3,26099,,,,
20250926,361610,SK아이이테크놀로지,27350,-1350,113335,,,,
20250926,363280,티와이홀딩스,2785,0,38168,,,,
20250926,36328K,티와이홀딩스우,5150,-100,4575,,,,
20250926,365550,ESR켄달스퀘어리츠,4475,-45,239788,,,,
20250926,372910,한컴라이프케어,2795,-30,94404,,,,
20250926,373220,LG에너지솔루션,349000,-12500,122326,,,,
20250926,375500,DL이앤씨,40700,-550,156919,,,,
20250926,37550K,DL이앤씨우,18610,-330,6033,,,,
20250926,37550L,DL이앤씨2우(전환),28450,-700,2611,,,,
20250926,377190,디앤디플랫폼리츠,3405,-15,112796,,,,
20250926,377300,카카오페이,53000,-2500,1048324,,,,
20250926,377740,바이오노트,5840,-70,130231,,,,
20250926,378850,화승알앤에이,3310,-30,2281964,,,,
20250926,381970,케이카,16010,40,83841,,,,
20250926,383220,F&F,63600,-1700,58628,,,,
20250926,383800,LX홀딩스,7700,-150,195023,,,,
20250926,38380K,LX홀딩스1우,8640,0,345,,,,
20250926,395400,SK리츠,5080,-10,335351,,,,
20250926,396690,미래에셋글로벌리츠,2780,-10,88242,,,,
20250926,400760,NH올원리츠,3365,-20,119308,,,,
20250926,402340,SK스퀘어,195300,-15700,823131,,,,
20250926,403550,쏘카,11940,-450,22631,,,,
20250926,404990,신한서부티엔디리츠,3455,-5,56853,,,,
20250926,415640,KB발해인프라,8810,40,147202,,,,
20250926,417310,코람코더원리츠,6530,60,150342,,,,
20250926,432320,KB스타리츠,3990,15,71495,,,,
20250926,439260,대한조선,78700,-1500,272747,,,,
20250926,443060,HD현대마린솔루션,203500,-11500,68027,,,,
20250926,446070,유니드비티플러스,3710,-80,23284,,,,
20250926,448730,삼성FN리츠,4340,-5,118418,,,,
20250926,450080,에코프로머티,48600,-2200,249672,,,,
20250926,451800,한화리츠,4020,-25,272905,,,,
20250926,452260,한화갤러리아,1118,-2,375238,,,,
20250926,45226K,한화갤러리아우,2210,-10,4200,,,,
20250926,453340,현대그린푸드,15160,-40,53499,,,,
20250926,454910,두산로보틱스,66600,-2300,422461,,,,
20250926,456040,OCI,54500,-1900,42704,,,,
20250926,457190,이수스페셜티케미컬,47050,-2350,311715,,,,
20250926,460850,동국씨엠,5450,-10,39384,,,,
20250926,460860,동국제강,9110,-70,119774,,,,
20250926,462520,조선내화,15590,-1590,296473,,,,
20250926,462870,시프트업,39800,-750,89666,,,,
20250926,465770,STX그린로지스,7330,-90,23149,,,,
20250926,475150,SK이터닉스,22350,-1800,1106649,,,,
20250926,475560,더본코리아,26000,-350,20009,,,,
20250926,480370,씨케이솔루션,3209,-135,150425,,,,
20250926,481850,신한글로벌액티브리츠,1438,-7,55196,,,,
20250926,483650,달바글로벌,160000,-1800,80355,,,,
20250926,484870,엠앤씨솔루션,69166,-2334,47670,,,,
20250926,487570,HS효성,58600,-1100,13654,,,,
20250926,489790,한화비전,53000,-2400,545159,,,,
20250926,499790,GS피앤엘,50800,700,158366,,,,
20250926,900140,엘브이엠씨홀딩스,1691,-21,402362,,,,
20250926,950210,프레스티지바이오파마,13410,-280,107293,,,,
20250929,000020,동화약품,6420,70,58247,,,,
20250929,000040,KR모터스,2655,-25,110115,,,,
20250929,000050,경방,7090,40,16492,,,,
20250929,000070,삼양홀딩스,60858,1202,13942,,,,
20250929,000080,하이트진로,19110,130,80542,,,,
20250929,000087,하이트진로2우B,15520,60,536,,,,
20250929,000100,유한양행,116300,1600,171645,,,,
20250929,000105,유한양행우,104700,1500,1445,,,,
20250929,000120,CJ대한통운,85200,2900,73617,,,,
20250929,000140,하이트진로홀딩스,9940,30,18988,,,,
20250929,000145,하이트진로홀딩스우,11950,780,5521,,,,
20250929,000150,두산,532000,-19000,217871,,,,
20250929,000155,두산우,329000,-6500,26467,,,,
20250929,000157,두산2우B,336500,-9500,1917,,,,
20250929,000180,성창기업지주,8475,-85,4479,,,,
20250929,000210,DL,35650,-200,48169,,,,
20250929,000215,DL우,23100,150,3048,,,,
20250929,000220,유유제약,4285,40,16245,,,,
20250929,000225,유유제약1우,4845,75,2960,,,,
20250929,000227,유유제약2우B,10780,240,7774,,,,
20250929,000230,일동홀딩스,12050,2780,4319050,,,,
20250929,000240,한국앤컴퍼니,23100,550,50148,,,,
20250929,000270,기아,100700,500,639908,,,,
20250929,000300,DH오토넥스,4200,0,0,,,,
20250929,000320,노루홀딩스,26000,-50,39237,,,,
20250929,000325,노루홀딩스우,33150,400,581,,,,
20250929,000370,한화손해보험,5700,150,403338,,,,
20250929,000390,SP삼화,5920,-30,45430,,,,
20250929,000400,롯데손해보험,2010,25,1196099,,,,
20250929,000430,대원강업,3780,30,32154,,,,
20250929,000480,CR홀딩스,4770,-30,57293,,,,
20250929,000490,대동,9360,-50,76904,,,,
20250929,000500,가온전선,30062,-333,71662,,,,
20250929,000520,삼일제약,10070,70,81567,,,,
20250929,000540,흥국화재,4035,55,139277,,,,
20250929,000545,흥국화재우,8180,1170,117125,,,,
20250929,000590,CS홀딩스,82200,1900,752,,,,
20250929,000640,동아쏘시오홀딩스,112175,-388,7760,,,,
20250929,000650,천일고속,40150,-50,872,,,,
20250929,000660,SK하이닉스,349000,12500,2275986,,,,
20250929,000670,영풍,42708,1605,37995,,,,
20250929,000680,LS네트웍스,3655,35,134051,,,,
20250929,000700,유수홀딩스,5670,-70,27872,,,,
20250929,000720,현대건설,54800,0,429279,,,,
20250929,000725,현대건설우,50900,1000,4459,,,,
20250929,000760,이화산업,12300,-20,989,,,,
20250929,000810,삼성화재,461000,10000,89888,,,,
20250929,000815,삼성화재우,344000,5500,9335,,,,
20250929,000850,화천기공,32650,350,2024,,,,
20250929,000860,강남제비스코,11870,80,13876,,,,
20250929,000880,한화,99639,-120,95461,,,,
20250929,00088K,한화3우B,36799,453,18301,,,,
20250929,000890,보해양조,2240,45,77401,,,,
20250929,000910,유니온,4300,0,71191,,,,
20250929,000950,전방,37800,0,1271,,,,
20250929,000970,한국주철관,6850,-30,8363,,,,
20250929,000990,DB하이텍,57000,700,304173,,,,
20250929,001020,페이퍼코리아,3595,-35,2171,,,,
20250929,001040,CJ,183300,2300,93935,,,,
20250929,001045,CJ우,99500,3400,3730,,,,
20250929,00104K,CJ4우(전환),152300,0,8789,,,,
20250929,001060,JW중외제약,21350,150,18239,,,,
20250929,001065,JW중외제약우,28000,750,547,,,,
20250929,001067,JW중외제약2우B,60300,0,14,,,,
20250929,001070,대한방직,6490,100,10907,,,,
20250929,001080,만호제강,4305,185,205460,,,,
20250929,001120,LX인터내셔널,32000,200,54028,,,,
20250929,001130,대한제분,14630,40,10530,,,,
20250929,001200,유진투자증권,3745,-45,1342974,,,,
20250929,001210,금호전기,4285,90,41322,,,,
20250929,001230,동국홀딩스,1658,13,88597,,,,
20250929,001250,GS글로벌,2500,15,165152,,,,
20250929,001260,남광토건,7930,160,24994,,,,
20250929,001270,부국증권,66500,1000,55996,,,,
20250929,001275,부국증권우,26000,0,6708,,,,
20250929,001290,상상인증권,750,26,978621,,,,
20250929,001340,PKC,5510,0,35345,,,,
20250929,001360,삼성제약,1623,7,155025,,,,
20250929,001380,SG글로벌,3330,30,35385,,,,
20250929,001390,KG케미칼,4710,-10,233901,,,,
20250929,001420,태원물산,3320,0,4407,,,,
20250929,001430,세아베스틸지주,24850,-100,67009,,,,
20250929,001440,대한전선,15080,-80,516504,,,,
20250929,001450,현대해상,29200,-200,262320,,,,
20250929,001460,BYC,38700,0,2321,,,,
20250929,001465,BYC우,24750,0,1372,,,,
20250929,001470,삼부토건,347,0,0,,,,
20250929,001500,현대차증권,8420,100,81065,,,,
20250929,001510,SK증권,1343,40,980447,,,,
20250929,001515,SK증권우,4170,474,25333,,,,
20250929,001520,동양,2154,496,18531846,,,,
20250929,001525,동양우,13660,3140,13588,,,,
20250929,001527,동양2우B,25420,5860,37123,,,,
20250929,001530,DI동일,19857,-1048,339059,,,,
20250929,001550,조비,12150,200,15291,,,,
20250929,001560,제일연마,10130,-90,2170,,,,
20250929,001570,금양,9900,0,0,,,,
20250929,001620,케이비아이동국실업,2395,10,7073,,,,
20250929,001630,종근당홀딩스,47300,200,2574,,,,
20250929,001680,대상,22050,300,46487,,,,
20250929,001685,대상우,16940,120,5276,,,,
20250929,001720,신영증권,132800,1200,20136,,,,
20250929,001740,SK네트웍스,4470,15,98476,,,,
20250929,001750,한양증권,17820,210,29473,,,,
20250929,001755,한양증권우,17100,390,3266,,,,
20250929,001770,SHD,18450,310,4179,,,,
20250929,001780,알루코,2020,-5,235708,,,,
20250929,001790,대한제당,2905,50,131809,,,,
20250929,001795,대한제당우,2500,40,48104,,,,
20250929,001800,오리온홀딩스,20300,50,37082,,,,
20250929,001820,삼화콘덴서,32200,650,75271,,,,
20250929,001940,KISCO홀딩스,26000,200,12149,,,,
20250929,002020,코오롱,43200,3200,240162,,,,
20250929,002025,코오롱우,24000,2200,581484,,,,
20250929,002030,아세아,351000,2000,919,,,,
20250929,002070,비비안,14649,79,20629,,,,
20250929,002100,경농,9660,0,9805,,,,
20250929,002140,고려산업,2645,35,44496,,,,
20250929,002150,도화엔지니어링,6170,0,32009,,,,
20250929,002170,SYTS,54800,-400,496,,,,
20250929,002200,한국수출포장,2925,15,61194,,,,
20250929,002210,동성제약,1946,0,0,,,,
20250929,002220,한일철강,3350,-120,62722,,,,
20250929,002240,고려제강,17230,-90,9800,,,,
20250929,002310,아세아제지,7890,-120,177097,,,,
20250929,002320,한진,20550,500,20269,,,,
20250929,002350,넥센타이어,5840,0,31695,,,,
20250929,002355,넥센타이어1우B,3300,60,14940,,,,
20250929,002360,SH에너지화학,4010,10,22463,,,,
20250929,002380,KCC,359000,2000,38053,,,,
20250929,002390,한독,11830,0,25056,,,,
20250929,002410,범양건영,1935,0,0,,,,
20250929,002420,세기상사,5520,-80,1464,,,,
20250929,002450,삼익악기,1264,5,43941,,,,
20250929,002460,HS화성,10100,-100,36731,,,,
20250929,002600,조흥,156700,0,5608,,,,
20250929,002620,제일파마홀딩스,8660,-30,7259,,,,
20250929,002630,오리엔트바이오,1168,24,223459,,,,
20250929,002690,동일제강,1620,6,22802,,,,
20250929,002700,신일전자,1287,6,236396,,,,
20250929,002710,TCC스틸,16040,-180,67911,,,,
20250929,002720,국제약품,4395,15,72068,,,,
20250929,002760,보락,1036,0,49145,,,,
20250929,002780,진흥기업,718,1,130633,,,,
20250929,002785,진흥기업우B,3490,230,2451,,,,
20250929,002787,진흥기업2우B,8050,360,6053,,,,
20250929,002790,아모레퍼시픽홀딩스,26600,700,58914,,,,
20250929,002795,아모레퍼시픽홀딩스우,11120,250,17939,,,,
20250929,00279K,아모레퍼시픽홀딩스3우C,21200,250,1992,,,,
20250929,002810,삼영무역,15100,90,12901,,,,
20250929,002820,SUN&L,2530,0,1733,,,,
20250929,002840,미원상사,152500,500,1668,,,,
20250929,002870,신풍,1162,85,1561607,,,,
20250929,002880,디와이에이,1159,-20,136744,,,,
20250929,002900,TYM,5520,-40,277074,,,,
20250929,002920,유성기업,1981,23,13501,,,,
20250929,002960,한국쉘석유,411500,5500,804,,,,
20250929,002990,금호건설,3635,-25,72533,,,,
20250929,002995,금호건설우,11800,650,2070,,,,
20250929,003000,부광약품,3550,30,262076,,,,
20250929,003010,혜인,5370,80,36483,,,,
20250929,003030,세아제강지주,160800,4800,15992,,,,
20250929,003060,에이프로젠바이오로직스,613,-3,154620,,,,
20250929,003070,코오롱글로벌,8990,60,9478,,,,
20250929,003075,코오롱글로벌우,15070,10,20356,,,,
20250929,003080,SB성보,2845,5,6547,,,,
20250929,003090,대웅,22200,150,67965,,,,
20250929,0030R0,대신밸류리츠,4430,55,113720,,,,
20250929,003120,일성아이에스,24200,550,5045,,,,
20250929,003160,디아이,15400,200,283561,,,,
20250929,003200,일신방직,10230,0,19516,,,,
20250929,003220,대원제약,13200,180,21778,,,,
20250929,003230,삼양식품,1499000,33000,36402,,,,
20250929,003240,태광산업,859000,9000,543,,,,
20250929,003280,흥아해운,1603,7,689406,,,,
20250929,003300,한일홀딩스,16510,140,13352,,,,
20250929,003350,한국화장품제조,11620,0,79995,,,,
20250929,003460,유화증권,2750,25,58177,,,,
20250929,003465,유화증권우,2600,30,2689,,,,
20250929,003470,유안타증권,3670,50,386195,,,,
20250929,003475,유안타증권우,3710,100,63937,,,,
20250929,003480,한진중공업홀딩스,5130,70,80503,,,,
20250929,003490,대한항공,23200,500,877357,,,,
20250929,003495,대한항공우,23400,350,1238,,,,
20250929,003520,영진약품,1963,21,117063,,,,
20250929,003530,한화투자증권,6200,910,17613503,,,,
20250929,003535,한화투자증권우,9040,2080,220125,,,,
20250929,003540,대신증권,26850,700,210858,,,,
20250929,003545,대신증권우,20600,200,103378,,,,
20250929,003547,대신증권2우B,19570,320,20908,,,,
20250929,003550,LG,72500,-200,275161,,,,
20250929,003555,LG우,62200,300,2305,,,,
20250929,003570,SNT다이내믹스,73000,800,76766,,,,
20250929,003580,HLB글로벌,2050,-10,48436,,,,
20250929,003610,방림,5030,-40,37589,,,,
20250929,003620,KG모빌리티,3295,35,140639,,,,
20250929,003650,미창석유,104300,-4200,2445,,,,
20250929,003670,포스코퓨처엠,145100,3800,401007,,,,
20250929,003680,한성기업,5430,60,16426,,,,
20250929,003690,코리안리,11090,200,155811,,,,
20250929,003720,삼영,4820,-10,134293,,,,
20250929,003780,진양산업,6830,40,29814,,,,
20250929,003830,대한화섬,113100,-1400,87,,,,
20250929,003850,보령,8740,320,141261,,,,
20250929,003920,남양유업,54800,-200,1980,,,,
20250929,003925,남양유업우,36500,0,3687,,,,
20250929,003960,사조대림,39450,-400,5317,,,,
20250929,004000,롯데정밀화학,46850,-150,26428,,,,
20250929,004020,현대제철,34850,-300,255537,,,,
20250929,004060,SG세계물산,3190,20,28365,,,,
20250929,004080,신흥,13890,-10,2346,,,,
20250929,004090,한국석유,14330,80,57583,,,,
20250929,004100,태양금속,2065,-5,76158,,,,
20250929,004105,태양금속우,3045,80,30399,,,,
20250929,004140,동방,3005,80,431955,,,,
20250929,004150,한솔홀딩스,3270,55,54106,,,,
20250929,004170,신세계,189400,2700,32660,,,,
20250929,004250,NPC,4085,10,27252,,,,
20250929,004255,NPC우,2490,45,5182,,,,
20250929,004270,남성,7870,-64,4671,,,,
20250929,004310,현대약품,3880,20,132688,,,,
20250929,004360,세방,13760,60,30873,,,,
20250929,004365,세방우,9050,130,18654,,,,
20250929,004370,농심,438500,1500,36414,,,,
20250929,004380,삼익THK,13000,0,0,,,,
20250929,004410,서울식품,1670,120,11061388,,,,
20250929,004415,서울식품우,14060,3240,18107,,,,
20250929,004430,송원산업,9920,0,33537,,,,
20250929,004440,삼일씨엔에스,4920,130,10369,,,,
20250929,004450,삼화왕관,35750,1150,2151,,,,
20250929,004490,세방전지,65000,1700,57042,,,,
20250929,004540,깨끗한나라,2055,45,59958,,,,
20250929,004545,깨끗한나라우,12570,640,2416,,,,
20250929,004560,현대비앤지스틸,11130,-20,16695,,,,
20250929,004690,삼천리,124000,500,8492,,,,
20250929,004700,조광피혁,62000,-500,6129,,,,
20250929,004710,한솔테크닉스,6343,141,1958854,,,,
20250929,004720,팜젠사이언스,4420,30,83958,,,,
20250929,004770,써니전자,1576,-1,99408,,,,
20250929,004800,효성,85000,-600,14638,,,,
20250929,004830,덕성,5280,60,74088,,,,
20250929,004835,덕성우,7220,360,28003,,,,
20250929,004840,DRB동일,4935,10,11109,,,,
20250929,004870,티웨이홀딩스,2578,-14,18739,,,,
20250929,004890,동일산업,39350,-200,949,,,,
20250929,004910,조광페인트,5510,60,10704,,,,
20250929,004920,씨아이테크,1303,-37,342353,,,,
20250929,004960,한신공영,7700,30,17765,,,,
20250929,004970,신라교역,9090,-70,12081,,,,
20250929,004980,성신양회,9820,80,46675,,,,
20250929,004985,성신양회우,11630,360,7408,,,,
20250929,004990,롯데지주,29150,200,105156,,,,
20250929,00499K,롯데지주우,30700,300,450,,,,
20250929,005010,휴스틸,3960,-25,245928,,,,
20250929,005030,부산주공,486,0,0,,,,
20250929,005070,코스모신소재,40900,-400,214718,,,,
20250929,005090,SGC에너지,22900,0,11419,,,,
20250929,005110,한창,1254,0,0,,,,
20250929,005180,빙그레,75600,600,32278,,,,
20250929,005250,녹십자홀딩스,15700,50,37183,,,,
20250929,005257,녹십자홀딩스2우,27550,550,854,,,,
20250929,005300,롯데칠성,116000,600,11941,,,,
20250929,005305,롯데칠성우,68000,-100,3131,,,,
20250929,005320,온타이드,1006,-28,264313,,,,
20250929,005360,모나미,2025,31,147875,,,,
20250929,005380,현대차,215000,500,339105,,,,
20250929,005385,현대차우,163900,900,68590,,,,
20250929,005387,현대차2우B,167300,1200,59875,,,,
20250929,005389,현대차3우B,163300,100,9441,,,,
20250929,005420,코스모화학,15380,-240,77903,,,,
20250929,005430,한국공항,70400,2100,5554,,,,
20250929,005440,현대지에프홀딩스,7960,50,168369,,,,
20250929,005490,POSCO홀딩스,278500,3500,135460,,,,
20250929,005500,삼진제약,19340,160,28041,,,,
20250929,005610,삼립,52400,-100,6038,,,,
20250929,005680,삼영전자,10500,110,8862,,,,
20250929,005690,파미셀,11960,10,433637,,,,
20250929,005720,넥센,5690,40,12453,,,,
20250929,005725,넥센우,4945,225,534,,,,
20250929,005740,크라운해태홀딩스,7060,100,32252,,,,
20250929,005745,크라운해태홀딩스우,8700,400,12081,,,,
20250929,005750,대림바스,4415,-80,14922,,,,
20250929,005800,신영와코루,14140,20,2538,,,,
20250929,005810,풍산홀딩스,40050,50,9298,,,,
20250929,005820,원림,14150,-50,618,,,,
20250929,005830,DB손해보험,141100,2300,160629,,,,
20250929,005850,에스엘,34200,-350,65851,,,,
20250929,005870,휴니드,8290,130,33862,,,,
20250929,005880,대한해운,1740,25,1143560,,,,
20250929,005930,삼성전자,84200,900,13069094,,,,
20250929,005935,삼성전자우,66500,1300,1477555,,,,
20250929,005940,NH투자증권,19590,230,638221,,,,
20250929,005945,NH투자증권우,17910,180,37923,,,,
20250929,005950,이수화학,5400,-60,24097,,,,
20250929,005960,동부건설,5750,-50,50191,,,,
20250929,005965,동부건설우,19040,250,286,,,,
20250929,006040,동원산업,44850,500,26952,,,,
20250929,006060,화승인더,3910,60,41561,,,,
20250929,006090,사조오양,9880,50,7704,,,,
20250929,006110,삼아알미늄,20850,-50,33983,,,,
20250929,006120,SK디스커버리,54400,1600,9943,,,,
20250929,006125,SK디스커버리우,37350,1400,9295,,,,
20250929,006200,한국전자홀딩스,3540,-10,37810,,,,
20250929,006220,제주은행,14900,-560,1286547,,,,
20250929,006260,LS,162300,-100,83542,,,,
20250929,006280,녹십자,130800,-900,24105,,,,
20250929,006340,대원전선,2910,5,464645,,,,
20250929,006345,대원전선우,3690,90,19179,,,,
20250929,006360,GS건설,18470,210,165519,,,,
20250929,006370,대구백화점,6590,130,8600,,,,
20250929,006380,카프로,3660,0,0,,,,
20250929,006400,삼성SDI,206000,3500,205188,,,,
20250929,006405,삼성SDI우,129400,2100,3138,,,,
20250929,006490,프리티,3350,-25,104116,,,,
20250929,006570,대림통상,2605,35,5693,,,,
20250929,006650,대한유화,115000,-700,13681,,,,
20250929,006660,삼성공조,14840,290,254647,,,,
20250929,006740,블루산업개발,2327,2,52120,,,,
20250929,006800,미래에셋증권,21905,1394,6216948,,,,
20250929,006805,미래에셋증권우,10121,690,173846,,,,
20250929,00680K,미래에셋증권2우B,9499,499,1501701,,,,
20250929,006840,AK홀딩스,10590,210,6634,,,,
20250929,006880,신송홀딩스,6790,80,16144,,,,
20250929,006890,태경케미컬,9180,-110,11100,,,,
20250929,006980,우성,16440,-520,1931,,,,
20250929,007070,GS리테일,16550,180,93068,,,,
20250929,007110,일신석재,1987,-12,829792,,,,
20250929,007120,미래아이앤지,873,-1,29059,,,,
20250929,007160,사조산업,47900,850,3685,,,,
20250929,007210,벽산,1943,10,106363,,,,
20250929,007280,한국특강,3154,-32,14061,,,,
20250929,007310,오뚜기,410500,-3500,4436,,,,
20250929,007340,DN오토모티브,22700,600,83514,,,,
20250929,007460,에이프로젠,653,-9,1238203,,,,
20250929,007540,샘표,48000,300,1888,,,,
20250929,007570,일양약품,14600,0,0,,,,
20250929,007575,일양약품우,15260,0,0,,,,
20250929,007590,동방아그로,6180,0,2240,,,,
20250929,007610,선도전기,3000,0,0,,,,
20250929,007660,이수페타시스,73200,700,584852,,,,
20250929,007690,국도화학,35350,50,9801,,,,
20250929,007700,F&F홀딩스,19170,540,17060,,,,
20250929,007810,코리아써키트,16580,20,348670,,,,
20250929,007815,코리아써우,6800,60,1902,,,,
20250929,00781K,코리아써키트2우B,6470,90,925,,,,
20250929,007860,서연,8930,30,24836,,,,
20250929,007980,TP,1785,-54,1259203,,,,
20250929,008040,사조동아원,1230,-5,679279,,,,
20250929,008060,대덕,8540,140,124866,,,,
20250929,00806K,대덕1우,8540,30,2937,,,,
20250929,008250,이건산업,4775,-5,8593,,,,
20250929,008260,NI스틸,3630,35,17993,,,,
20250929,008350,남선알미늄,1090,10,438620,,,,
20250929,008355,남선알미우,13120,490,2744,,,,
20250929,008420,문배철강,2320,-5,59405,,,,
20250929,008490,서흥,26950,2150,138944,,,,
20250929,008600,윌비스,3361,21,18030,,,,
20250929,008700,아남전자,1302,7,79394,,,,
20250929,008730,율촌화학,29700,50,43278,,,,
20250929,008770,호텔신라,53800,600,200901,,,,
20250929,008775,호텔신라우,42700,750,2887,,,,
20250929,008870,금비,60000,0,3928,,,,
20250929,008930,한미사이언스,38750,50,97080,,,,
20250929,008970,KBI동양철관,2424,-98,1816091,,,,
20250929,009070,KCTC,5530,170,115374,,,,
20250929,009140,경인전자,20500,-50,3921,,,,
20250929,009150,삼성전기,197600,5900,337478,,,,
20250929,009155,삼성전기우,87100,2200,24427,,,,
20250929,009160,SIMPAC,4430,-10,25814,,,,
20250929,009180,한솔로지스틱스,2845,45,28117,,,,
20250929,009190,대양금속,1552,-48,170277,,,,
20250929,009200,무림페이퍼,2040,35,92384,,,,
20250929,009240,한샘,45000,200,26296,,,,
20250929,009270,신원,1681,7,670469,,,,
20250929,009290,광동제약,5900,20,71625,,,,
20250929,009310,참엔지니어링,1333,-20,126457,,,,
20250929,009320,아진전자부품,1006,-14,59288,,,,
20250929,009410,태영건설,1606,17,95088,,,,
20250929,009415,태영건설우,5190,130,911,,,,
20250929,009420,한올바이오파마,32800,2100,351206,,,,
20250929,009440,KC그린홀딩스,756,0,0,,,,
20250929,009450,경동나비엔,73000,0,49242,,,,
20250929,009460,한창제지,3150,90,36398,,,,
20250929,009470,삼화전기,39200,350,59690,,,,
20250929,009540,HD한국조선해양,400000,2500,139132,,,,
20250929,009580,무림P&P,2600,45,41796,,,,
20250929,009680,모토닉,10180,130,31624,,,,
20250929,009770,삼정펄프,29250,1100,5503,,,,
20250929,009810,MDS스피어,3215,-30,27176,,,,
20250929,009830,한화솔루션,26835,-236,447739,,,,
20250929,009835,한화솔루션우,20321,0,7594,,,,
20250929,009900,명신산업,8550,-90,89128,,,,
20250929,009970,영원무역홀딩스,138500,-700,16563,,,,
20250929,010040,한국내화,2210,-25,22828,,,,
20250929,010060,OCI홀딩스,89000,-1600,117516,,,,
20250929,010100,한국무브넥스,4075,60,73977,,,,
20250929,010120,LS ELECTRIC,54900,300,317875,,,,
20250929,010130,고려아연,917000,1000,11384,,,,
20250929,010140,삼성중공업,21350,500,2284914,,,,
20250929,010400,우진아이엔에스,3050,15,13411,,,,
20250929,010580,에스엠벡셀,2525,5,20839024,,,,
20250929,010640,진양폴리,3768,60,31458,,,,
20250929,010660,화천기계,4665,65,250622,,,,
20250929,010690,화신,7770,10,77787,,,,
20250929,010770,평화홀딩스,3830,60,33546,,,,
20250929,010780,아이에스동서,18120,270,12855,,,,
20250929,010820,퍼스텍,4610,220,1277308,,,,
20250929,010950,S-Oil,64800,3200,748671,,,,
20250929,010955,S-Oil우,40400,950,27680,,,,
20250929,010960,삼호개발,3410,5,17865,,,,
20250929,011000,진원생명과학,11400,0,79798,,,,
20250929,011070,LG이노텍,190600,1300,101124,,,,
20250929,011090,에넥스,2930,30,20950,,,,
20250929,011150,CJ씨푸드,2805,10,111542,,,,
20250929,011155,CJ씨푸드1우,16850,240,575,,,,
20250929,011170,롯데케미칼,69100,2100,210704,,,,
20250929,011200,HMM,20600,50,1305154,,,,
20250929,011210,현대위아,48250,-250,29385,,,,
20250929,011230,삼화전자,3480,0,82684,,,,
20250929,011280,태림포장,1876,-16,91635,,,,
20250929,011300,우성머티리얼스,4030,-40,21810,,,,
20250929,011330,유니켐,14960,-50,50261,,,,
20250929,011390,부산산업,82500,400,1689,,,,
20250929,011420,갤럭시아에스엠,2145,80,199821,,,,
20250929,011500,한농화성,14060,140,146564,,,,
20250929,011690,와이투솔루션,3360,40,169231,,,,
20250929,011700,한신기계,3450,-5,287213,,,,
20250929,011760,현대코퍼레이션,21250,100,27432,,,,
20250929,011780,금호석유화학,103600,-100,70618,,,,
20250929,011785,금호석유화학우,57000,900,4743,,,,
20250929,011790,SKC,93241,1128,173146,,,,
20250929,011810,STX,3530,0,0,,,,
20250929,011930,신성이엔지,17420,-20,185204,,,,
20250929,012030,DB,1537,11,397775,,,,
20250929,012160,영흥,2815,180,180918,,,,
20250929,012170,아센디오,1998,-7,57124,,,,
20250929,012200,계양전기,1356,11,68450,,,,
20250929,012205,계양전기우,3011,145,3974,,,,
20250929,012280,영화금속,864,-4,91403,,,,
20250929,012320,경동인베스트,58200,400,4482,,,,
20250929,012330,현대모비스,296000,1000,175732,,,,
20250929,012450,한화에어로스페이스,1059000,15000,124076,,,,
20250929,012610,경인양행,2945,15,35998,,,,
20250929,012630,HDC,17760,-100,151528,,,,
20250929,012690,모나리자,2465,-10,21953,,,,
20250929,012750,에스원,84200,-1600,37237,,,,
20250929,012800,대창,1276,-4,305095,,,,
20250929,013000,세우글로벌,1037,-4,54925,,,,
20250929,013360,일성건설,1335,-5,288376,,,,
20250929,013520,화승코퍼레이션,2100,15,321269,,,,
20250929,013570,디와이,4295,-30,31018,,,,
20250929,013580,계룡건설,19940,330,38965,,,,
20250929,013700,까뮤이앤씨,1123,33,48787,,,,
20250929,013870,지엠비코리아,3960,-25,7417,,,,
20250929,013890,지누스,16100,280,34985,,,,
20250929,014130,한익스프레스,3155,0,7587,,,,
20250929,014160,대영포장,1134,-1,327141,,,,
20250929,014280,금강공업,4875,80,397345,,,,
20250929,014285,금강공업우,8840,2040,76239,,,,
20250929,014440,영보화학,4385,15,23065,,,,
20250929,014530,극동유화,3280,-15,124686,,,,
20250929,014580,태경비케이,4745,15,47809,,,,
20250929,014680,한솔케미칼,207000,2000,43780,,,,
20250929,014710,사조씨푸드,8490,40,13069,,,,
20250929,014790,HL D&I,2380,40,23481,,,,
20250929,014820,동원시스템즈,27250,-50,8023,,,,
20250929,014825,동원시스템즈우,17600,290,242,,,,
20250929,014830,유니드,71800,0,26252,,,,
20250929,014910,성문전자,1154,-5,58578,,,,
20250929,014915,성문전자우,4230,200,30742,,,,
20250929,014990,인디에프,5695,45,37453,,,,
20250929,015020,이스타코,1296,24,85182,,,,
20250929,015230,대창단조,5960,30,45659,,,,
20250929,015260,에이엔피,504,0,80193,,,,
20250929,015360,INVENI,12320,120,20520,,,,
20250929,015590,DKME,2575,0,0,,,,
20250929,015760,한국전력,36900,700,1788105,,,,
20250929,015860,일진홀딩스,5410,60,45410,,,,
20250929,015890,태경산업,5080,20,24806,,,,
20250929,016090,대현,1803,0,85615,,,,
20250929,016360,삼성증권,72200,800,176774,,,,
20250929,016380,KG스틸,5310,20,45428,,,,
20250929,016450,한세예스24홀딩스,4050,0,4859,,,,
20250929,016580,환인제약,10620,40,22247,,,,
20250929,016590,신대양제지,11130,310,20896,,,,
20250929,016610,DB증권,9740,10,104911,,,,
20250929,016710,대성홀딩스,8380,-30,21649,,,,
20250929,016740,두올,3360,-5,37542,,,,
20250929,016800,퍼시스,45050,-450,449,,,,
20250929,016880,웅진,4440,85,820256,,,,
20250929,017040,광명전기,1366,98,3578668,,,,
20250929,017180,명문제약,1685,18,47725,,,,
20250929,017370,우신시스템,7060,-60,33648,,,,
20250929,017390,서울가스,62200,700,3946,,,,
20250929,017550,수산세보틱스,1805,-4,79652,,,,
20250929,017670,SK텔레콤,54500,-400,710802,,,,
20250929,017800,현대엘리베이터,79800,-700,128189,,,,
20250929,017810,풀무원,14330,220,89208,,,,
20250929,017860,DS단석,20598,445,44334,,,,
20250929,017900,광전자,1897,1,11192,,,,
20250929,017940,E1,75200,500,6439,,,,
20250929,017960,한국카본,32100,0,227696,,,,
20250929,018250,애경산업,15130,420,49672,,,,
20250929,018260,삼성에스디에스,166600,4900,239213,,,,
20250929,018470,조일알미늄,1355,2,301386,,,,
20250929,018500,동원모빌리티,1305,6,89261,,,,
20250929,018670,SK가스,231500,4500,6261,,,,
20250929,018880,한온시스템,2858,5,441796,,,,
20250929,019170,신풍제약,13050,-60,235960,,,,
20250929,019175,신풍제약우,24950,-450,9162,,,,
20250929,019180,티에이치엔,5930,-50,275884,,,,
20250929,019490,엑시큐어하이트론,722,-33,1680106,,,,
20250929,019680,대교,2130,15,44428,,,,
20250929,019685,대교우B,1249,-1,28510,,,,
20250929,020000,한섬,15250,50,18664,,,,
20250929,020120,키다리스튜디오,4205,65,70744,,,,
20250929,020150,롯데에너지머티리얼즈,22700,-400,40861,,,,
20250929,020560,아시아나항공,9320,50,47986,,,,
20250929,020760,일진디스플,902,0,0,,,,
20250929,021050,서원,1156,26,83203,,,,
20250929,021240,코웨이,100000,0,54666,,,,
20250929,021820,세원정공,11290,440,42097,,,,
20250929,022100,포스코DX,21200,-200,225576,,,,
20250929,023000,삼원강재,2400,-15,17308,,,,
20250929,023150,MH에탄올,5080,30,5298,,,,
20250929,023350,한국종합기술,4795,65,194053,,,,
20250929,023450,동남합성,34000,50,1448,,,,
20250929,023530,롯데쇼핑,70600,300,24016,,,,
20250929,023590,다우기술,37350,1300,42514,,,,
20250929,023800,인지컨트롤스,5850,40,11790,,,,
20250929,023810,인팩,6290,-170,41052,,,,
20250929,023960,에쓰씨엔지니어링,1198,-32,178633,,,,
20250929,024070,WISCOM,1927,-6,5337,,,,
20250929,024090,디씨엠,11850,-120,11622,,,,
20250929,024110,기업은행,19500,180,713800,,,,
20250929,024720,콜마홀딩스,12840,280,119639,,,,
20250929,024890,대원화성,4275,0,3059,,,,
20250929,024900,디와이덕양,2140,-50,99069,,,,
20250929,025000,KPX케미칼,46126,-189,8159,,,,
20250929,025530,SJM홀딩스,3590,-10,5743,,,,
20250929,025540,한국단자,61300,100,10165,,,,
20250929,025560,미래산업,2064,-2,51170,,,,
20250929,025620,차AI헬스케어,9010,910,275708,,,,
20250929,025750,한솔홈데코,3390,5,8523,,,,
20250929,025820,이구산업,4605,-80,334936,,,,
20250929,025860,남해화학,6730,0,34494,,,,
20250929,025890,한국주강,1915,-8,29413,,,,
20250929,026890,스틱인베스트먼트,10600,350,97759,,,,
20250929,026940,부국철강,2310,20,23169,,,,
20250929,026960,동서,27000,-100,41763,,,,
20250929,027410,BGF,3930,75,46357,,,,
20250929,027740,마니커,1654,6,33861,,,,
20250929,027970,한국제지,4025,0,17476,,,,
20250929,028050,삼성E&A,27150,0,443407,,,,
20250929,028100,동아지질,14900,60,5420,,,,
20250929,028260,삼성물산,188000,100,240724,,,,
20250929,02826K,삼성물산우B,123700,200,3455,,,,
20250929,028670,팬오션,3915,10,1341325,,,,
20250929,029460,케이씨,26300,600,39921,,,,
20250929,029530,신도리코,41650,0,3518,,,,
20250929,029780,삼성카드,52200,700,52543,,,,
20250929,030000,제일기획,20700,300,475754,,,,
20250929,030190,NICE평가정보,13760,360,60251,,,,
20250929,030200,KT,50500,-600,171171,,,,
20250929,030210,다올투자증권,3620,20,116907,,,,
20250929,030610,교보증권,9100,80,109654,,,,
20250929,030720,동원수산,6770,380,80695,,,,
20250929,031210,서울보증보험,51700,-300,25435,,,,
20250929,031430,신세계인터내셔날,10220,90,31594,,,,
20250929,031820,아이티센씨티에스,6230,200,100325,,,,
20250929,032350,롯데관광개발,17470,-530,1361063,,,,
20250929,032560,황금에스티,5760,-70,5059,,,,
20250929,032640,LG유플러스,15380,400,1204326,,,,
20250929,032830,삼성생명,155300,3300,240483,,,,
20250929,033240,자화전자,20300,200,51902,,,,
20250929,033250,체시스,5570,225,126325,,,,
20250929,033270,유나이티드제약,18920,-30,45901,,,,
20250929,033530,SJG세종,6120,60,91557,,,,
20250929,033780,KT&G,136200,-1400,338408,,,,
20250929,033920,무학,8120,-70,53720,,,,
20250929,034020,두산에너빌리티,62900,-200,3647678,,,,
20250929,034120,SBS,20050,90,19677,,,,
20250929,034220,LG디스플레이,14630,600,3037063,,,,
20250929,034230,파라다이스,20900,-250,1541366,,,,
20250929,034310,NICE,13830,390,50852,,,,
20250929,034590,인천도시가스,26100,200,3587,,,,
20250929,034730,SK,208500,2000,99062,,,,
20250929,03473K,SK우,162500,2000,2504,,,,
20250929,034830,한국토지신탁,1410,30,956872,,,,
20250929,035000,HS애드,8860,70,9289,,,,
20250929,035150,백산,14310,170,49104,,,,
20250929,035250,강원랜드,18080,160,227421,,,,
20250929,035420,NAVER,274500,18000,3486022,,,,
20250929,035510,신세계 I&C,14410,100,56974,,,,
20250929,035720,카카오,60300,1000,3131452,,,,
20250929,036420,콘텐트리중앙,10690,140,25396,,,,
20250929,036460,한국가스공사,38600,-100,99634,,,,
20250929,036530,SNT홀딩스,73900,-1000,15944,,,,
20250929,036570,NC,221500,2000,63137,,,,
20250929,036580,팜스코,2660,55,48591,,,,
20250929,037270,YG PLUS,7790,40,1091112,,,,
20250929,037560,LG헬로비전,2670,15,105631,,,,
20250929,037710,광주신세계,30550,-50,3244,,,,
20250929,039130,하나투어,50300,700,38367,,,,
20250929,039490,키움증권,252000,1000,118950,,,,
20250929,039570,HDC랩스,8390,50,12374,,,,
20250929,041650,상신브레이크,2675,20,24631,,,,
20250929,042660,한화오션,107000,0,1018809,,,,
20250929,042700,한미반도체,91500,1700,609556,,,,
20250929,044380,주연테크,2620,-30,21355,,,,
20250929,044450,KSS해운,9340,230,54242,,,,
20250929,044820,코스맥스비티아이,18200,700,26564,,,,
20250929,047040,대우건설,3600,35,472632,,,,
20250929,047050,포스코인터내셔널,48550,-300,238839,,,,
20250929,047400,유니온머티리얼,1321,-3,136731,,,,
20250929,047810,한국항공우주,108800,1700,542378,,,,
20250929,049800,우진플라임,2150,-15,8880,,,,
20250929,051600,한전KPS,47650,150,134892,,,,
20250929,051630,진양화학,2380,60,127552,,,,
20250929,051900,LG생활건강,285500,4500,39422,,,,
20250929,051905,LG생활건강우,116400,2900,8722,,,,
20250929,051910,LG화학,280000,-2500,186592,,,,
20250929,051915,LG화학우,139400,-800,30278,,,,
20250929,052690,한전기술,84600,-400,149214,,,,
20250929,053210,스카이라이프,5000,-10,35221,,,,
20250929,053690,한미글로벌,21200,-550,114803,,,,
20250929,055490,테이팩스,13880,-140,10196,,,,
20250929,055550,신한지주,70900,1700,1246294,,,,
20250929,058430,포스코스틸리온,3710,25,31200,,,,
20250929,058650,세아홀딩스,122900,1900,1077,,,,
20250929,058730,다스코,2830,-15,20323,,,,
20250929,058850,KTcs,3070,105,524641,,,,
20250929,058860,KTis,2845,15,96687,,,,
20250929,060980,HL홀딩스,39600,-650,15085,,,,
20250929,062040,산일전기,109900,-3300,468578,,,,
20250929,063160,종근당바이오,23250,350,10679,,,,
20250929,064350,현대로템,215500,3000,343398,,,,
20250929,064400,LG씨엔에스,66200,1700,687544,,,,
20250929,064960,SNT모티브,34100,600,62962,,,,
20250929,066570,LG전자,76700,400,318695,,,,
20250929,066575,LG전자우,36950,50,124973,,,,
20250929,066970,엘앤에프,72900,500,213561,,,,
20250929,067830,세이브존I&C,2605,20,7081,,,,
20250929,068270,셀트리온,170235,572,462486,,,,
20250929,068290,삼성출판사,15850,-30,10881,,,,
20250929,069260,TKG휴켐스,17500,-70,25149,,,,
20250929,069460,대호에이엘,8480,10,97717,,,,
20250929,069620,대웅제약,135400,2500,25599,,,,
20250929,069640,한세엠케이,1558,-32,18257,,,,
20250929,069730,DSR제강,3835,55,11577,,,,
20250929,069960,현대백화점,89200,1500,71176,,,,
20250929,070960,모나용평,4025,65,70750,,,,
20250929,071050,한국금융지주,145400,3400,178046,,,,
20250929,071055,한국금융지주우,106000,2000,18027,,,,
20250929,071090,하이스틸,4090,-140,373506,,,,
20250929,071320,지역난방공사,91100,500,16983,,,,
20250929,071840,롯데하이마트,7970,20,5948,,,,
20250929,071950,코아스,5410,240,134827,,,,
20250929,071970,HD현대마린엔진,78900,-300,190402,,,,
20250929,072130,유엔젤,5380,30,67193,,,,
20250929,072710,농심홀딩스,99300,-900,69187,,,,
20250929,073240,금호타이어,4760,10,230016,,,,
20250929,074610,이엔플러스,5110,0,0,,,,
20250929,075180,새론오토모티브,3180,30,6386,,,,
20250929,075580,세진중공업,20600,500,1015951,,,,
20250929,077500,유니퀘스트,6760,-90,129215,,,,
20250929,077970,STX엔진,38350,100,367241,,,,
20250929,078000,텔코웨어,15810,640,1316019,,,,
20250929,078520,에이블씨엔씨,11060,20,251281,,,,
20250929,078930,GS,46300,1150,187434,,,,
20250929,078935,GS우,43150,600,4549,,,,
20250929,079160,CJ CGV,4910,40,260289,,,,
20250929,079430,현대리바트,7100,-40,52551,,,,
20250929,079550,LIG디펜스앤에어로스페이스,507000,16000,148832,,,,
20250929,079900,전진건설로봇,45100,100,18193,,,,
20250929,079980,휴비스,2960,30,29847,,,,
20250929,081000,일진다이아,11510,-30,9091,,,,
20250929,081660,미스토홀딩스,38950,-150,59267,,,,
20250929,082640,동양생명,8050,-150,201817,,,,
20250929,082740,한화엔진,42050,100,818403,,,,
20250929,083420,그린케미칼,7120,-120,30611,,,,
20250929,084010,대한제강,10576,-33,8733,,,,
20250929,084670,동양고속,8150,-50,9869,,,,
20250929,084680,이월드,1503,46,116645,,,,
20250929,084690,대상홀딩스,9110,90,31668,,,,
20250929,084695,대상홀딩스우,12500,250,6742,,,,
20250929,084870,TBH글로벌,1325,-5,25440,,,,
20250929,085310,엔케이,13070,-70,129919,,,,
20250929,085620,미래에셋생명,7810,60,124987,,,,
20250929,086280,현대글로비스,168100,-400,189662,,,,
20250929,086790,하나금융지주,88800,1700,717772,,,,
20250929,088260,이리츠코크렙,4670,-25,47479,,,,
20250929,088350,한화생명,3145,25,709729,,,,
20250929,088790,진도,1889,20,31134,,,,
20250929,088980,맥쿼리인프라,11510,40,766486,,,,
20250929,089470,HDC현대EP,4085,0,17551,,,,
20250929,089590,제주항공,6440,70,28728,,,,
20250929,089860,롯데렌탈,29500,100,21119,,,,
20250929,090080,평화산업,975,5,111711,,,,
20250929,090350,노루페인트,9140,150,27172,,,,
20250929,090355,노루페인트우,13480,130,4080,,,,
20250929,090370,메타랩스,1333,-16,7220,,,,
20250929,090430,아모레퍼시픽,125600,3200,228983,,,,
20250929,090435,아모레퍼시픽우,41800,1400,15202,,,,
20250929,090460,비에이치,17470,-90,247556,,,,
20250929,091810,트리니티항공,1741,0,255898,,,,
20250929,092200,디아이씨,4440,0,130266,,,,
20250929,092220,KEC,4110,-5,117275,,,,
20250929,092230,KPX홀딩스,67100,0,1931,,,,
20250929,092440,기신정기,2455,-40,23688,,,,
20250929,092780,DYP,3715,-65,29841,,,,
20250929,092790,넥스틸,12000,-230,278887,,,,
20250929,093050,LF,17580,190,32395,,,,
20250929,093240,형지엘리트,1405,27,419680,,,,
20250929,093370,후성,5870,40,272606,,,,
20250929,094280,효성ITX,12920,50,17799,,,,
20250929,094800,맵스리얼티,5110,110,229701,,,,
20250929,095570,AJ네트웍스,4310,35,227807,,,,
20250929,095720,웅진씽크빅,3238,4,36964,,,,
20250929,096760,JW홀딩스,3245,0,76657,,,,
20250929,096770,SK이노베이션,101600,500,139279,,,,
20250929,096775,SK이노베이션우,68800,300,465,,,,
20250929,097230,HJ중공업,25900,300,5993598,,,,
20250929,097520,엠씨넥스,28550,550,49071,,,,
20250929,097950,CJ제일제당,233000,2500,36447,,,,
20250929,097955,CJ제일제당 우,139100,900,4707,,,,
20250929,100090,SK오션플랜트,24050,-150,1370707,,,,
20250929,100220,비상교육,5580,90,32155,,,,
20250929,100250,진양홀딩스,3123,39,23846,,,,
20250929,100840,SNT에너지,53300,1000,136148,,,,
20250929,101140,인바이오젠,12320,20,15751,,,,
20250929,101530,해태제과식품,6690,70,26067,,,,
20250929,102260,동성케미컬,4157,50,47878,,,,
20250929,102460,이연제약,11270,100,10124,,,,
20250929,103140,풍산,121600,-1600,288166,,,,
20250929,103590,일진전기,34550,650,278160,,,,
20250929,104700,한국철강,10000,-20,14037,,,,
20250929,105560,KB금융,115700,3000,582740,,,,
20250929,105630,한세실업,10790,170,69070,,,,
20250929,105840,우진,14600,-1050,1557857,,,,
20250929,107590,미원홀딩스,70600,-1300,558,,,,
20250929,108320,LX세미콘,55500,700,29697,,,,
20250929,108670,LX하우시스,28250,100,7881,,,,
20250929,108675,LX하우시스우,17270,20,975,,,,
20250929,109070,주성코퍼레이션,1085,-10,368987,,,,
20250929,111110,호전실업,7940,160,47297,,,,
20250929,111380,동인기연,13980,180,8209,,,,
20250929,111770,영원무역,65200,2400,64523,,,,
20250929,112610,씨에스윈드,42550,-250,90588,,,,
20250929,114090,GKL,15700,-30,218536,,,,
20250929,117580,대성에너지,8160,50,21863,,,,
20250929,118000,메타케어,3320,-70,129329,,,,
20250929,119650,KC코트렐,918,0,0,,,,
20250929,120030,조선선재,105600,1500,4520,,,,
20250929,120110,코오롱인더,34550,-400,94453,,,,
20250929,120115,코오롱인더우,23000,-300,11150,,,,
20250929,122900,아이마켓코리아,8220,-20,25383,,,,
20250929,123690,한국화장품,10970,-90,192683,,,,
20250929,123700,SJM,3555,20,22350,,,,
20250929,123890,한국자산신탁,2305,25,114696,,,,
20250929,126560,현대퓨처넷,3275,-25,103249,,,,
20250929,126720,수산인더스트리,21200,100,13927,,,,
20250929,128820,대성산업,4245,-90,113888,,,,
20250929,128940,한미약품,372500,-4500,68728,,,,
20250929,129260,인터지스,2740,20,44628,,,,
20250929,130660,한전산업,11730,120,49891,,,,
20250929,133820,화인베스틸,1855,60,411558,,,,
20250929,134380,미원화학,8640,-60,1730,,,,
20250929,134790,시디즈,23750,350,1819,,,,
20250929,136490,선진,11480,440,94058,,,,
20250929,137310,에스디바이오센서,10000,0,86582,,,,
20250929,138040,메리츠금융지주,115500,3100,228049,,,,
20250929,138930,BNK금융지주,14520,90,456979,,,,
20250929,139130,iM금융지주,13710,200,317976,,,,
20250929,139480,이마트,75100,-200,113709,,,,
20250929,139990,아주스틸,3585,-105,58100,,,,
20250929,143210,핸즈코퍼레이션,1621,9,4532,,,,
20250929,145210,다이나믹디자인,6510,180,13482,,,,
20250929,145270,케이탑리츠,958,6,34578,,,,
20250929,145720,덴티움,56000,0,34044,,,,
20250929,145990,삼양사,51600,800,9051,,,,
20250929,145995,삼양사우,35900,0,2796,,,,
20250929,155660,DSR,3740,15,4151,,,,
20250929,161000,애경케미칼,10040,160,195145,,,,
20250929,161390,한국타이어앤테크놀로지,38250,150,270746,,,,
20250929,161890,한국콜마,79300,1500,152198,,,,
20250929,163560,동일고무벨트,6660,80,5559,,,,
20250929,170900,동아에스티,44062,-286,8394,,,,
20250929,175330,JB금융지주,22900,0,156895,,,,
20250929,178920,PI첨단소재,16730,60,49828,,,,
20250929,180640,한진칼,100500,900,36113,,,,
20250929,18064K,한진칼우,33600,950,2029,,,,
20250929,181710,NHN,28450,2350,403274,,,,
20250929,183190,아세아시멘트,12280,180,46085,,,,
20250929,185750,종근당,81000,1200,18990,,,,
20250929,192080,더블유게임즈,52900,300,46374,,,,
20250929,192400,쿠쿠홀딩스,30500,-200,37719,,,,
20250929,192650,드림텍,6130,20,68819,,,,
20250929,192820,코스맥스,228000,1500,55914,,,,
20250929,194370,제이에스코퍼레이션,10220,-60,91813,,,,
20250929,195870,해성디에스,30750,2450,311162,,,,
20250929,200880,서연이화,10840,-20,32986,,,,
20250929,204320,HL만도,33800,-150,101713,,,,
20250929,207940,삼성바이오로직스,1476159,4415,40731,,,,
20250929,210540,디와이파워,12280,-40,12087,,,,
20250929,210980,SK디앤디,11360,970,659733,,,,
20250929,213500,한솔제지,8540,-170,83599,,,,
20250929,214320,이노션,18180,-60,75272,,,,
20250929,214330,금호에이치티,15912,-136,11207,,,,
20250929,214390,경보제약,6030,-30,19792,,,,
20250929,214420,토니모리,10970,700,685634,,,,
20250929,226320,잇츠한불,12230,30,18004,,,,
20250929,227840,현대코퍼레이션홀딩스,12300,50,12559,,,,
20250929,229640,LS에코에너지,38100,250,38770,,,,
20250929,234080,JW생명과학,12510,260,70900,,,,
20250929,241560,두산밥캣,54900,500,143752,,,,
20250929,241590,화승엔터프라이즈,6250,60,83999,,,,
20250929,244920,에이플러스에셋,7100,-180,67337,,,,
20250929,248070,솔루엠,17390,30,126941,,,,
20250929,248170,샘표식품,26300,100,3561,,,,
20250929,249420,일동제약,33900,7200,28123008,,,,
20250929,251270,넷마블,63000,800,99704,,,,
20250929,259960,크래프톤,298000,2500,68602,,,,
20250929,264900,크라운제과,9320,100,7091,,,,
20250929,26490K,크라운제과우,10080,650,14334,,,,
20250929,267250,HD현대,153700,3100,121920,,,,
20250929,267260,HD현대일렉트릭,578000,9000,97011,,,,
20250929,267270,HD건설기계,93100,-1300,81480,,,,
20250929,267290,경동도시가스,20250,100,4765,,,,
20250929,267850,아시아나IDT,11680,40,2797,,,,
20250929,268280,미원에스씨,138400,-2300,582,,,,
20250929,271560,오리온,105000,1300,95696,,,,
20250929,271940,일진하이솔루스,16950,-30,19497,,,,
20250929,271980,제일약품,14970,-180,70569,,,,
20250929,272210,한화시스템,59300,1400,798758,,,,
20250929,272450,진에어,7950,10,47702,,,,
20250929,272550,삼양패키징,13410,-20,9182,,,,
20250929,278470,에이피알,246500,21500,981236,,,,
20250929,280360,롯데웰푸드,115100,1100,8462,,,,
20250929,281820,케이씨텍,38650,1350,92254,,,,
20250929,282330,BGF리테일,107900,1200,24342,,,,
20250929,284740,쿠쿠홈시스,26450,350,8275,,,,
20250929,285130,SK케미칼,59500,200,16122,,,,
20250929,28513K,SK케미칼우,25550,350,2482,,,,
20250929,286940,롯데이노베이트,21850,250,13677,,,,
20250929,293480,하나제약,12010,30,9534,,,,
20250929,293940,신한알파리츠,5560,-30,271595,,,,
20250929,294870,IPARK현대산업개발,20350,100,56331,,,,
20250929,298000,효성화학,77800,0,0,,,,
20250929,298020,효성티앤씨,216000,1500,5948,,,,
20250929,298040,효성중공업,1337000,9000,26392,,,,
20250929,298050,HS효성첨단소재,181500,500,5538,,,,
20250929,298690,에어부산,1963,7,55043,,,,
20250929,300720,한일시멘트,19190,0,32806,,,,
20250929,302440,SK바이오사이언스,47150,350,60824,,,,
20250929,306200,세아제강,127500,2500,3586,,,,
20250929,307950,현대오토에버,152700,1000,68295,,,,
20250929,308170,씨티알모빌리티,4915,-85,7116,,,,
20250929,316140,우리금융지주,26600,400,1427066,,,,
20250929,317400,자이에스앤디,3330,0,18004,,,,
20250929,322000,HD현대에너지솔루션,46650,-1150,64291,,,,
20250929,323410,카카오뱅크,23950,450,571774,,,,
20250929,326030,SK바이오팜,101100,-400,129452,,,,
20250929,329180,HD현대중공업,491500,0,85782,,,,
20250929,330590,롯데리츠,3890,-20,320220,,,,
20250929,334890,이지스밸류플러스리츠,4190,20,130842,,,,
20250929,336260,두산퓨얼셀,29150,-1050,1050034,,,,
20250929,33626K,두산퓨얼셀1우,6570,-250,79377,,,,
20250929,33626L,두산퓨얼셀2우B,10970,-100,3678,,,,
20250929,336370,솔루스첨단소재,7730,-30,51859,,,,
20250929,33637K,솔루스첨단소재1우,1806,0,21725,,,,
20250929,33637L,솔루스첨단소재2우B,3665,95,4861,,,,
20250929,338100,NH프라임리츠,4845,55,69935,,,,
20250929,339770,교촌에프앤비,4385,-95,61551,,,,
20250929,344820,KCC글라스,27850,-100,17212,,,,
20250929,348950,제이알글로벌리츠,2970,30,329065,,,,
20250929,350520,이지스레지던스리츠,3860,-10,77255,,,,
20250929,352820,하이브,270000,1500,138077,,,,
20250929,353200,대덕전자,27400,800,725949,,,,
20250929,35320K,대덕전자1우,9500,150,6483,,,,
20250929,357120,코람코라이프인프라리츠,4385,25,125304,,,,
20250929,357250,미래에셋맵스리츠,2770,-10,17561,,,,
20250929,357430,마스턴프리미어리츠,1524,-44,175174,,,,
20250929,361610,SK아이이테크놀로지,27050,-300,48104,,,,
20250929,363280,티와이홀딩스,2895,110,72879,,,,
20250929,36328K,티와이홀딩스우,5450,300,8783,,,,
20250929,365550,ESR켄달스퀘어리츠,4515,40,244644,,,,
20250929,372910,한컴라이프케어,2920,125,380637,,,,
20250929,373220,LG에너지솔루션,351500,2500,134044,,,,
20250929,375500,DL이앤씨,41400,700,155325,,,,
20250929,37550K,DL이앤씨우,18810,200,2662,,,,
20250929,37550L,DL이앤씨2우(전환),28600,150,1629,,,,
20250929,377190,디앤디플랫폼리츠,3305,-100,156182,,,,
20250929,377300,카카오페이,54300,1300,642324,,,,
20250929,377740,바이오노트,5910,70,53969,,,,
20250929,378850,화승알앤에이,3365,55,2572579,,,,
20250929,381970,케이카,15650,-360,124638,,,,
20250929,383220,F&F,63600,0,73007,,,,
20250929,383800,LX홀딩스,7710,10,104605,,,,
20250929,38380K,LX홀딩스1우,8620,-20,1370,,,,
20250929,395400,SK리츠,5060,-20,216021,,,,
20250929,396690,미래에셋글로벌리츠,2695,-85,145691,,,,
20250929,400760,NH올원리츠,3370,5,97365,,,,
20250929,402340,SK스퀘어,197100,1800,403243,,,,
20250929,403550,쏘카,11850,-90,3543,,,,
20250929,404990,신한서부티엔디리츠,3435,-20,51087,,,,
20250929,415640,KB발해인프라,8810,0,101963,,,,
20250929,417310,코람코더원리츠,6380,-150,264095,,,,
20250929,432320,KB스타리츠,3990,0,57643,,,,
20250929,439260,대한조선,78600,-100,163481,,,,
20250929,443060,HD현대마린솔루션,205000,1500,42050,,,,
20250929,446070,유니드비티플러스,3710,0,11656,,,,
20250929,448730,삼성FN리츠,4355,15,108950,,,,
20250929,450080,에코프로머티,48350,-250,150521,,,,
20250929,451800,한화리츠,4015,-5,335033,,,,
20250929,452260,한화갤러리아,1118,0,278131,,,,
20250929,45226K,한화갤러리아우,2295,85,14395,,,,
20250929,453340,현대그린푸드,15040,-120,48589,,,,
20250929,454910,두산로보틱스,66700,100,168188,,,,
20250929,456040,OCI,54600,100,16748,,,,
20250929,457190,이수스페셜티케미컬,46750,-300,206476,,,,
20250929,460850,동국씨엠,5420,-30,32667,,,,
20250929,460860,동국제강,9170,60,64202,,,,
20250929,462520,조선내화,15150,-440,98852,,,,
20250929,462870,시프트업,40100,300,63073,,,,
20250929,465770,STX그린로지스,7440,110,13963,,,,
20250929,475150,SK이터닉스,22100,-250,454766,,,,
20250929,475560,더본코리아,25950,-50,14951,,,,
20250929,480370,씨케이솔루션,3324,115,119913,,,,
20250929,481850,신한글로벌액티브리츠,1433,-5,94786,,,,
20250929,483650,달바글로벌,164000,4000,118225,,,,
20250929,484870,엠앤씨솔루션,73000,3834,53952,,,,
20250929,487570,HS효성,59000,400,8457,,,,
20250929,489790,한화비전,53300,300,360991,,,,
20250929,499790,GS피앤엘,50200,-600,211904,,,,
20250929,900140,엘브이엠씨홀딩스,1685,-6,382406,,,,
20250929,950210,프레스티지바이오파마,13270,-140,106590,,,,
20250930,000020,동화약품,6360,-60,36899,,,,
20250930,000040,KR모터스,2750,95,179676,,,,
20250930,000050,경방,7090,0,5410,,,,
20250930,000070,삼양홀딩스,62059,1201,14309,,,,
20250930,000080,하이트진로,19050,-60,60781,,,,
20250930,000087,하이트진로2우B,15520,0,547,,,,
20250930,000100,유한양행,119100,2800,626404,,,,
20250930,000105,유한양행우,105800,1100,4912,,,,
20250930,000120,CJ대한통운,84200,-1000,27766,,,,
20250930,000140,하이트진로홀딩스,9940,0,19233,,,,
20250930,000145,하이트진로홀딩스우,11940,-10,906,,,,
20250930,000150,두산,541000,9000,111364,,,,
20250930,000155,두산우,349500,20500,36588,,,,
20250930,000157,두산2우B,347000,10500,1089,,,,
20250930,000180,성창기업지주,8470,-5,7936,,,,
20250930,000210,DL,35150,-500,31014,,,,
20250930,000215,DL우,22800,-300,8283,,,,
20250930,000220,유유제약,4300,15,28593,,,,
20250930,000225,유유제약1우,4850,5,5729,,,,
20250930,000227,유유제약2우B,10700,-80,1652,,,,
20250930,000230,일동홀딩스,11700,-350,3741632,,,,
20250930,000240,한국앤컴퍼니,23000,-100,61844,,,,
20250930,000270,기아,100700,0,885167,,,,
20250930,000300,DH오토넥스,4200,0,0,,,,
20250930,000320,노루홀딩스,25850,-150,31243,,,,
20250930,000325,노루홀딩스우,32600,-550,334,,,,
20250930,000370,한화손해보험,5610,-90,233337,,,,
20250930,000390,SP삼화,5850,-70,55347,,,,
20250930,000400,롯데손해보험,1963,-47,814934,,,,
20250930,000430,대원강업,3735,-45,20244,,,,
20250930,000480,CR홀딩스,4770,0,33822,,,,
20250930,000490,대동,9260,-100,81191,,,,
20250930,000500,가온전선,30784,722,75931,,,,
20250930,000520,삼일제약,10020,-50,89986,,,,
20250930,000540,흥국화재,3960,-75,49591,,,,
20250930,000545,흥국화재우,8180,0,46176,,,,
20250930,000590,CS홀딩스,83200,1000,387,,,,
20250930,000640,동아쏘시오홀딩스,112466,291,5972,,,,
20250930,000650,천일고속,39800,-350,3360,,,,
20250930,000660,SK하이닉스,347500,-1500,2238614,,,,
20250930,000670,영풍,45286,2578,110995,,,,
20250930,000680,LS네트웍스,3620,-35,101271,,,,
20250930,000700,유수홀딩스,5700,30,5217,,,,
20250930,000720,현대건설,54400,-400,570104,,,,
20250930,000725,현대건설우,50300,-600,1160,,,,
20250930,000760,이화산업,12370,70,576,,,,
20250930,000810,삼성화재,451500,-9500,76604,,,,
20250930,000815,삼성화재우,341500,-2500,11842,,,,
20250930,000850,화천기공,32800,150,3302,,,,
20250930,000860,강남제비스코,12100,230,24093,,,,
20250930,000880,한화,101560,1921,140531,,,,
20250930,00088K,한화3우B,37051,252,20024,,,,
20250930,000890,보해양조,2215,-25,56539,,,,
20250930,000910,유니온,4260,-40,70296,,,,
20250930,000950,전방,36500,-1300,1820,,,,
20250930,000970,한국주철관,6790,-60,11766,,,,
20250930,000990,DB하이텍,56800,-200,277710,,,,
20250930,001020,페이퍼코리아,3595,0,2563,,,,
20250930,001040,CJ,183500,200,79449,,,,
20250930,001045,CJ우,99500,0,2125,,,,
20250930,00104K,CJ4우(전환),153400,1100,8627,,,,
20250930,001060,JW중외제약,21250,-100,18960,,,,
20250930,001065,JW중외제약우,27800,-200,432,,,,
20250930,001067,JW중외제약2우B,59200,-1100,208,,,,
20250930,001070,대한방직,6360,-130,8139,,,,
20250930,001080,만호제강,4790,485,423290,,,,
20250930,001120,LX인터내셔널,31950,-50,53166,,,,
20250930,001130,대한제분,14620,-10,4780,,,,
20250930,001200,유진투자증권,3675,-70,828815,,,,
20250930,001210,금호전기,4195,-90,33319,,,,
20250930,001230,동국홀딩스,1654,-4,108584,,,,
20250930,001250,GS글로벌,2485,-15,246059,,,,
20250930,001260,남광토건,7830,-100,11918,,,,
20250930,001270,부국증권,64900,-1600,22324,,,,
20250930,001275,부국증권우,26200,200,7136,,,,
20250930,001290,상상인증권,734,-16,415844,,,,
20250930,001340,PKC,5470,-40,67039,,,,
20250930,001360,삼성제약,1615,-8,269577,,,,
20250930,001380,SG글로벌,3308,-22,23398,,,,
20250930,001390,KG케미칼,4795,85,173076,,,,
20250930,001420,태원물산,3375,55,9277,,,,
20250930,001430,세아베스틸지주,25200,350,39073,,,,
20250930,001440,대한전선,15520,440,789710,,,,
20250930,001450,현대해상,28150,-1050,477302,,,,
20250930,001460,BYC,38600,-100,621,,,,
20250930,001465,BYC우,24850,100,353,,,,
20250930,001470,삼부토건,347,0,0,,,,
20250930,001500,현대차증권,8330,-90,56840,,,,
20250930,001510,SK증권,1387,44,10930474,,,,
20250930,001515,SK증권우,5420,1250,122156,,,,
20250930,001520,동양,1954,-200,106596108,,,,
20250930,001525,동양우,17740,4080,183049,,,,
20250930,001527,동양2우B,26560,1140,141119,,,,
20250930,001530,DI동일,19429,-428,201131,,,,
20250930,001550,조비,11910,-240,10183,,,,
20250930,001560,제일연마,10130,0,843,,,,
20250930,001570,금양,9900,0,0,,,,
20250930,001620,케이비아이동국실업,2395,0,6678,,,,
20250930,001630,종근당홀딩스,46750,-550,8818,,,,
20250930,001680,대상,22000,-50,36010,,,,
20250930,001685,대상우,16920,-20,1178,,,,
20250930,001720,신영증권,132400,-400,8740,,,,
20250930,001740,SK네트웍스,4440,-30,158187,,,,
20250930,001750,한양증권,17680,-140,19381,,,,
20250930,001755,한양증권우,17970,870,30558,,,,
20250930,001770,SHD,18710,260,5986,,,,
20250930,001780,알루코,2000,-20,137086,,,,
20250930,001790,대한제당,2855,-50,157909,,,,
20250930,001795,대한제당우,2495,-5,45067,,,,
20250930,001800,오리온홀딩스,20300,0,56407,,,,
20250930,001820,삼화콘덴서,32150,-50,84090,,,,
20250930,001940,KISCO홀딩스,25850,-150,2708,,,,
20250930,002020,코오롱,41100,-2100,127798,,,,
20250930,002025,코오롱우,22500,-1500,235299,,,,
20250930,002030,아세아,350500,-500,1003,,,,
20250930,002070,비비안,15123,474,30013,,,,
20250930,002100,경농,9620,-40,6644,,,,
20250930,002140,고려산업,2610,-35,37428,,,,
20250930,002150,도화엔지니어링,6210,40,39949,,,,
20250930,002170,SYTS,54900,100,525,,,,
20250930,002200,한국수출포장,2895,-30,45760,,,,
20250930,002210,동성제약,1946,0,0,,,,
20250930,002220,한일철강,3310,-40,55725,,,,
20250930,002240,고려제강,17100,-130,29651,,,,
20250930,002310,아세아제지,7780,-110,61179,,,,
20250930,002320,한진,20250,-300,7036,,,,
20250930,002350,넥센타이어,5850,10,40124,,,,
20250930,002355,넥센타이어1우B,3315,15,13922,,,,
20250930,002360,SH에너지화학,3940,-70,42141,,,,
20250930,002380,KCC,384000,25000,177615,,,,
20250930,002390,한독,11730,-100,9189,,,,
20250930,002410,범양건영,1935,0,0,,,,
20250930,002420,세기상사,5520,0,1368,,,,
20250930,002450,삼익악기,1261,-3,63345,,,,
20250930,002460,HS화성,10070,-30,3412,,,,
20250930,002600,조흥,157900,1200,330,,,,
20250930,002620,제일파마홀딩스,8590,-70,1836,,,,
20250930,002630,오리엔트바이오,1152,-16,156411,,,,
20250930,002690,동일제강,1617,-3,16990,,,,
20250930,002700,신일전자,1285,-2,159475,,,,
20250930,002710,TCC스틸,15840,-200,93746,,,,
20250930,002720,국제약품,4370,-25,115128,,,,
20250930,002760,보락,1039,3,86346,,,,
20250930,002780,진흥기업,726,8,600978,,,,
20250930,002785,진흥기업우B,3575,85,1267,,,,
20250930,002787,진흥기업2우B,8290,240,688,,,,
20250930,002790,아모레퍼시픽홀딩스,26650,50,106727,,,,
20250930,002795,아모레퍼시픽홀딩스우,11130,10,5283,,,,
20250930,00279K,아모레퍼시픽홀딩스3우C,21150,-50,3160,,,,
20250930,002810,삼영무역,15100,0,11061,,,,
20250930,002820,SUN&L,2560,30,6331,,,,
20250930,002840,미원상사,150000,-2500,1504,,,,
20250930,002870,신풍,1141,-21,207985,,,,
20250930,002880,디와이에이,1187,28,59717,,,,
20250930,002900,TYM,5470,-50,145740,,,,
20250930,002920,유성기업,2065,84,48275,,,,
20250930,002960,한국쉘석유,414000,2500,1526,,,,
20250930,002990,금호건설,3575,-60,115497,,,,
20250930,002995,금호건설우,11380,-420,1122,,,,
20250930,003000,부광약품,3530,-20,332966,,,,
20250930,003010,혜인,5430,60,50401,,,,
20250930,003030,세아제강지주,158700,-2100,8007,,,,
20250930,003060,에이프로젠바이오로직스,613,0,253201,,,,
20250930,003070,코오롱글로벌,9010,20,14538,,,,
20250930,003075,코오롱글로벌우,15270,200,5383,,,,
20250930,003080,SB성보,2830,-15,2199,,,,
20250930,003090,대웅,21950,-250,74052,,,,
20250930,0030R0,대신밸류리츠,4430,0,38842,,,,
20250930,003120,일성아이에스,24500,300,4014,,,,
20250930,003160,디아이,15690,290,521587,,,,
20250930,003200,일신방직,10200,-30,12886,,,,
20250930,003220,대원제약,13120,-80,15590,,,,
20250930,003230,삼양식품,1529000,30000,44696,,,,
20250930,003240,태광산업,850000,-9000,591,,,,
20250930,003280,흥아해운,1583,-20,746873,,,,
20250930,003300,한일홀딩스,16520,10,10311,,,,
20250930,003350,한국화장품제조,11580,-40,94315,,,,
20250930,003460,유화증권,2740,-10,27832,,,,
20250930,003465,유화증권우,2600,0,2686,,,,
20250930,003470,유안타증권,3680,10,241314,,,,
20250930,003475,유안타증권우,3705,-5,83556,,,,
20250930,003480,한진중공업홀딩스,5020,-110,95794,,,,
20250930,003490,대한항공,22750,-450,1821735,,,,
20250930,003495,대한항공우,23300,-100,2785,,,,
20250930,003520,영진약품,1954,-9,98197,,,,
20250930,003530,한화투자증권,6370,170,23566589,,,,
20250930,003535,한화투자증권우,11750,2710,2532504,,,,
20250930,003540,대신증권,26400,-450,169206,,,,
20250930,003545,대신증권우,20500,-100,34580,,,,
20250930,003547,대신증권2우B,19470,-100,10380,,,,
20250930,003550,LG,72000,-500,312788,,,,
20250930,003555,LG우,62200,0,2775,,,,
20250930,003570,SNT다이내믹스,72300,-700,106188,,,,
20250930,003580,HLB글로벌,2040,-10,138585,,,,
20250930,003610,방림,4935,-95,86473,,,,
20250930,003620,KG모빌리티,3275,-20,135704,,,,
20250930,003650,미창석유,106500,2200,1453,,,,
20250930,003670,포스코퓨처엠,143500,-1600,339174,,,,
20250930,003680,한성기업,5420,-10,30205,,,,
20250930,003690,코리안리,10900,-190,134098,,,,
20250930,003720,삼영,4935,115,196437,,,,
20250930,003780,진양산업,6750,-80,46808,,,,
20250930,003830,대한화섬,113100,0,52,,,,
20250930,003850,보령,8720,-20,98422,,,,
20250930,003920,남양유업,54700,-100,3177,,,,
20250930,003925,남양유업우,35750,-750,2456,,,,
20250930,003960,사조대림,39350,-100,6092,,,,
20250930,004000,롯데정밀화학,46300,-550,48798,,,,
20250930,004020,현대제철,33950,-900,375454,,,,
20250930,004060,SG세계물산,3190,0,17755,,,,
20250930,004080,신흥,13900,10,1243,,,,
20250930,004090,한국석유,14030,-300,44635,,,,
20250930,004100,태양금속,2055,-10,88518,,,,
20250930,004105,태양금속우,3090,45,13250,,,,
20250930,004140,동방,2960,-45,322111,,,,
20250930,004150,한솔홀딩스,3250,-20,30723,,,,
20250930,004170,신세계,187100,-2300,27244,,,,
20250930,004250,NPC,4115,30,27524,,,,
20250930,004255,NPC우,2490,0,12876,,,,
20250930,004270,남성,7862,-8,3053,,,,
20250930,004310,현대약품,3830,-50,103250,,,,
20250930,004360,세방,13600,-160,18333,,,,
20250930,004365,세방우,8990,-60,3019,,,,
20250930,004370,농심,431500,-7000,35068,,,,
20250930,004380,삼익THK,13000,0,0,,,,
20250930,004410,서울식품,1600,-70,2218690,,,,
20250930,004415,서울식품우,13000,-1060,30135,,,,
20250930,004430,송원산업,9860,-60,29418,,,,
20250930,004440,삼일씨엔에스,4895,-25,2442,,,,
20250930,004450,삼화왕관,35550,-200,118465,,,,
20250930,004490,세방전지,63800,-1200,23877,,,,
20250930,004540,깨끗한나라,2030,-25,27203,,,,
20250930,004545,깨끗한나라우,12000,-570,2075,,,,
20250930,004560,현대비앤지스틸,11100,-30,18159,,,,
20250930,004690,삼천리,124400,400,7306,,,,
20250930,004700,조광피혁,60500,-1500,9870,,,,
20250930,004710,한솔테크닉스,6258,-85,1229305,,,,
20250930,004720,팜젠사이언스,4335,-85,66599,,,,
20250930,004770,써니전자,1555,-21,162808,,,,
20250930,004800,효성,84900,-100,21872,,,,
20250930,004830,덕성,5230,-50,84024,,,,
20250930,004835,덕성우,7130,-90,10049,,,,
20250930,004840,DRB동일,4965,30,6152,,,,
20250930,004870,티웨이홀딩스,2540,-38,31774,,,,
20250930,004890,동일산업,39500,150,411,,,,
20250930,004910,조광페인트,5480,-30,8094,,,,
20250930,004920,씨아이테크,1327,24,147299,,,,
20250930,004960,한신공영,7710,10,20156,,,,
20250930,004970,신라교역,9090,0,12124,,,,
20250930,004980,성신양회,9760,-60,25846,,,,
20250930,004985,성신양회우,11640,10,3946,,,,
20250930,004990,롯데지주,28950,-200,159122,,,,
20250930,00499K,롯데지주우,30800,100,2549,,,,
20250930,005010,휴스틸,3900,-60,211162,,,,
20250930,005030,부산주공,486,0,0,,,,
20250930,005070,코스모신소재,38750,-2150,729904,,,,
20250930,005090,SGC에너지,22950,50,14454,,,,
20250930,005110,한창,1254,0,0,,,,
20250930,005180,빙그레,75000,-600,18434,,,,
20250930,005250,녹십자홀딩스,15700,0,53933,,,,
20250930,005257,녹십자홀딩스2우,28600,1050,4810,,,,
20250930,005300,롯데칠성,115300,-700,13509,,,,
20250930,005305,롯데칠성우,68100,100,542,,,,
20250930,005320,온타이드,1080,74,382241,,,,
20250930,005360,모나미,2030,5,97185,,,,
20250930,005380,현대차,215000,0,339691,,,,
20250930,005385,현대차우,163100,-800,98138,,,,
20250930,005387,현대차2우B,166500,-800,117644,,,,
20250930,005389,현대차3우B,163200,-100,8493,,,,
20250930,005420,코스모화학,14730,-650,160005,,,,
20250930,005430,한국공항,68300,-2100,4353,,,,
20250930,005440,현대지에프홀딩스,8030,70,202940,,,,
20250930,005490,POSCO홀딩스,276000,-2500,131328,,,,
20250930,005500,삼진제약,19210,-130,12263,,,,
20250930,005610,삼립,52600,200,2859,,,,
20250930,005680,삼영전자,10650,150,13405,,,,
20250930,005690,파미셀,11880,-80,816702,,,,
20250930,005720,넥센,5590,-100,28973,,,,
20250930,005725,넥센우,4860,-85,297,,,,
20250930,005740,크라운해태홀딩스,6970,-90,17913,,,,
20250930,005745,크라운해태홀딩스우,8670,-30,6527,,,,
20250930,005750,대림바스,4415,0,29208,,,,
20250930,005800,신영와코루,14180,40,2978,,,,
20250930,005810,풍산홀딩스,40400,350,12161,,,,
20250930,005820,원림,14040,-110,453,,,,
20250930,005830,DB손해보험,138500,-2600,183030,,,,
20250930,005850,에스엘,33900,-300,89615,,,,
20250930,005870,휴니드,8520,230,899054,,,,
20250930,005880,대한해운,1722,-18,717071,,,,
20250930,005930,삼성전자,83900,-300,16319061,,,,
20250930,005935,삼성전자우,66400,-100,3021296,,,,
20250930,005940,NH투자증권,19420,-170,400695,,,,
20250930,005945,NH투자증권우,17930,20,44387,,,,
20250930,005950,이수화학,5300,-100,32572,,,,
20250930,005960,동부건설,5820,70,49825,,,,
20250930,005965,동부건설우,18830,-210,55,,,,
20250930,006040,동원산업,45450,600,34119,,,,
20250930,006060,화승인더,3925,15,97083,,,,
20250930,006090,사조오양,9900,20,2768,,,,
20250930,006110,삼아알미늄,20300,-550,30248,,,,
20250930,006120,SK디스커버리,53900,-500,16464,,,,
20250930,006125,SK디스커버리우,37150,-200,342,,,,
20250930,006200,한국전자홀딩스,3585,45,280724,,,,
20250930,006220,제주은행,14450,-450,2846076,,,,
20250930,006260,LS,167000,4700,165398,,,,
20250930,006280,녹십자,129200,-1600,49948,,,,
20250930,006340,대원전선,2920,10,664158,,,,
20250930,006345,대원전선우,3780,90,41546,,,,
20250930,006360,GS건설,18400,-70,129571,,,,
20250930,006370,대구백화점,6560,-30,4381,,,,
20250930,006380,카프로,3660,0,0,,,,
20250930,006400,삼성SDI,205000,-1000,247788,,,,
20250930,006405,삼성SDI우,129300,-100,2708,,,,
20250930,006490,프리티,3385,35,92429,,,,
20250930,006570,대림통상,2560,-45,3666,,,,
20250930,006650,대한유화,114300,-700,21699,,,,
20250930,006660,삼성공조,14260,-580,109013,,,,
20250930,006740,블루산업개발,2315,-12,13305,,,,
20250930,006800,미래에셋증권,21257,-648,1964441,,,,
20250930,006805,미래에셋증권우,9924,-197,66276,,,,
20250930,00680K,미래에셋증권2우B,9303,-196,362975,,,,
20250930,006840,AK홀딩스,10400,-190,23706,,,,
20250930,006880,신송홀딩스,6710,-80,25022,,,,
20250930,006890,태경케미컬,9130,-50,14854,,,,
20250930,006980,우성,16710,270,2308,,,,
20250930,007070,GS리테일,16650,100,115329,,,,
20250930,007110,일신석재,1977,-10,597960,,,,
20250930,007120,미래아이앤지,904,31,63684,,,,
20250930,007160,사조산업,47750,-150,2410,,,,
20250930,007210,벽산,1908,-35,128666,,,,
20250930,007280,한국특강,3238,84,36111,,,,
20250930,007310,오뚜기,410500,0,2573,,,,
20250930,007340,DN오토모티브,22850,150,48433,,,,
20250930,007460,에이프로젠,655,2,3005184,,,,
20250930,007540,샘표,47650,-350,2178,,,,
20250930,007570,일양약품,14600,0,0,,,,
20250930,007575,일양약품우,15260,0,0,,,,
20250930,007590,동방아그로,6180,0,1746,,,,
20250930,007610,선도전기,3000,0,0,,,,
20250930,007660,이수페타시스,71300,-1900,749876,,,,
20250930,007690,국도화학,35150,-200,5021,,,,
20250930,007700,F&F홀딩스,18980,-190,19771,,,,
20250930,007810,코리아써키트,17340,760,1358827,,,,
20250930,007815,코리아써우,7020,220,11270,,,,
20250930,00781K,코리아써키트2우B,6520,50,4111,,,,
20250930,007860,서연,8820,-110,21501,,,,
20250930,007980,TP,1700,-85,1086222,,,,
20250930,008040,사조동아원,1223,-7,704429,,,,
20250930,008060,대덕,8500,-40,66801,,,,
20250930,00806K,대덕1우,8520,-20,126,,,,
20250930,008250,이건산업,4710,-65,12305,,,,
20250930,008260,NI스틸,3615,-15,18844,,,,
20250930,008350,남선알미늄,1091,1,282467,,,,
20250930,008355,남선알미우,12940,-180,1315,,,,
20250930,008420,문배철강,2295,-25,61149,,,,
20250930,008490,서흥,27000,50,57422,,,,
20250930,008600,윌비스,3350,-11,14095,,,,
20250930,008700,아남전자,1297,-5,66276,,,,
20250930,008730,율촌화학,29300,-400,39611,,,,
20250930,008770,호텔신라,51400,-2400,381618,,,,
20250930,008775,호텔신라우,42000,-700,1024,,,,
20250930,008870,금비,59000,-1000,67613,,,,
20250930,008930,한미사이언스,38900,150,120077,,,,
20250930,008970,KBI동양철관,2373,-51,1300999,,,,
20250930,009070,KCTC,5380,-150,127028,,,,
20250930,009140,경인전자,20400,-100,5201,,,,
20250930,009150,삼성전기,193500,-4100,312982,,,,
20250930,009155,삼성전기우,84900,-2200,18940,,,,
20250930,009160,SIMPAC,4430,0,48216,,,,
20250930,009180,한솔로지스틱스,2845,0,33067,,,,
20250930,009190,대양금속,1589,37,269604,,,,
20250930,009200,무림페이퍼,2045,5,74305,,,,
20250930,009240,한샘,45300,300,28325,,,,
20250930,009270,신원,1670,-11,607381,,,,
20250930,009290,광동제약,5830,-70,3774206,,,,
20250930,009310,참엔지니어링,1285,-48,56744,,,,
20250930,009320,아진전자부품,1006,0,39099,,,,
20250930,009410,태영건설,1572,-34,246529,,,,
20250930,009415,태영건설우,5190,0,370,,,,
20250930,009420,한올바이오파마,32850,50,158656,,,,
20250930,009440,KC그린홀딩스,756,0,0,,,,
20250930,009450,경동나비엔,72600,-400,46560,,,,
20250930,009460,한창제지,3130,-20,5285,,,,
20250930,009470,삼화전기,40750,1550,145985,,,,
20250930,009540,HD한국조선해양,411000,11000,228987,,,,
20250930,009580,무림P&P,2610,10,47035,,,,
20250930,009680,모토닉,10080,-100,20865,,,,
20250930,009770,삼정펄프,29250,0,5712,,,,
20250930,009810,MDS스피어,3255,40,32731,,,,
20250930,009830,한화솔루션,26929,94,357651,,,,
20250930,009835,한화솔루션우,20186,-135,3276,,,,
20250930,009900,명신산업,8470,-80,52861,,,,
20250930,009970,영원무역홀딩스,138700,200,6438,,,,
20250930,010040,한국내화,2165,-45,22269,,,,
20250930,010060,OCI홀딩스,88400,-600,80123,,,,
20250930,010100,한국무브넥스,3985,-90,126065,,,,
20250930,010120,LS ELECTRIC,56900,2000,731240,,,,
20250930,010130,고려아연,921000,4000,16084,,,,
20250930,010140,삼성중공업,21900,550,5027918,,,,
20250930,010400,우진아이엔에스,3045,-5,9777,,,,
20250930,010580,에스엠벡셀,2360,-165,8165912,,,,
20250930,010640,진양폴리,3734,-34,38104,,,,
20250930,010660,화천기계,4645,-20,165167,,,,
20250930,010690,화신,7740,-30,80418,,,,
20250930,010770,평화홀딩스,3750,-80,40445,,,,
20250930,010780,아이에스동서,18220,100,13630,,,,
20250930,010820,퍼스텍,4755,145,1456794,,,,
20250930,010950,S-Oil,62400,-2400,314940,,,,
20250930,010955,S-Oil우,39750,-650,8633,,,,
20250930,010960,삼호개발,3400,-10,19672,,,,
20250930,011000,진원생명과학,11125,-275,97501,,,,
20250930,011070,LG이노텍,187800,-2800,164438,,,,
20250930,011090,에넥스,2920,-10,11718,,,,
20250930,011150,CJ씨푸드,2780,-25,72857,,,,
20250930,011155,CJ씨푸드1우,16850,0,802,,,,
20250930,011170,롯데케미칼,67700,-1400,91393,,,,
20250930,011200,HMM,20050,-550,2611458,,,,
20250930,011210,현대위아,48400,150,53193,,,,
20250930,011230,삼화전자,3530,50,97285,,,,
20250930,011280,태림포장,1879,3,33729,,,,
20250930,011300,우성머티리얼스,4000,-30,19505,,,,
20250930,011330,유니켐,15150,190,24672,,,,
20250930,011390,부산산업,81100,-1400,1794,,,,
20250930,011420,갤럭시아에스엠,2105,-40,160866,,,,
20250930,011500,한농화성,13870,-190,53814,,,,
20250930,011690,와이투솔루션,3225,-135,240159,,,,
20250930,011700,한신기계,3360,-90,250165,,,,
20250930,011760,현대코퍼레이션,21150,-100,11570,,,,
20250930,011780,금호석유화학,104400,800,81733,,,,
20250930,011785,금호석유화학우,56800,-200,6477,,,,
20250930,011790,SKC,95027,1786,346427,,,,
20250930,011810,STX,3530,0,0,,,,
20250930,011930,신성이엔지,17180,-240,162642,,,,
20250930,012030,DB,1546,9,680500,,,,
20250930,012160,영흥,2825,10,95191,,,,
20250930,012170,아센디오,1996,-2,124277,,,,
20250930,012200,계양전기,1350,-6,18718,,,,
20250930,012205,계양전기우,3089,78,6301,,,,
20250930,012280,영화금속,859,-5,46781,,,,
20250930,012320,경동인베스트,57500,-700,4875,,,,
20250930,012330,현대모비스,298500,2500,164694,,,,
20250930,012450,한화에어로스페이스,1107000,48000,291287,,,,
20250930,012610,경인양행,2905,-40,61716,,,,
20250930,012630,HDC,17400,-360,129293,,,,
20250930,012690,모나리자,2440,-25,56222,,,,
20250930,012750,에스원,84100,-100,39913,,,,
20250930,012800,대창,1284,8,449301,,,,
20250930,013000,세우글로벌,1048,11,27580,,,,
20250930,013360,일성건설,1320,-15,116051,,,,
20250930,013520,화승코퍼레이션,2075,-25,124324,,,,
20250930,013570,디와이,4260,-35,16702,,,,
20250930,013580,계룡건설,19500,-440,33482,,,,
20250930,013700,까뮤이앤씨,1120,-3,28829,,,,
20250930,013870,지엠비코리아,3965,5,15925,,,,
20250930,013890,지누스,15790,-310,62973,,,,
20250930,014130,한익스프레스,3200,45,16397,,,,
20250930,014160,대영포장,1125,-9,311428,,,,
20250930,014280,금강공업,4770,-105,116834,,,,
20250930,014285,금강공업우,7620,-1220,57602,,,,
20250930,014440,영보화학,4385,0,28004,,,,
20250930,014530,극동유화,3255,-25,227943,,,,
20250930,014580,태경비케이,4675,-70,130758,,,,
20250930,014680,한솔케미칼,209000,2000,39826,,,,
20250930,014710,사조씨푸드,8480,-10,9613,,,,
20250930,014790,HL D&I,2385,5,15539,,,,
20250930,014820,동원시스템즈,27000,-250,18067,,,,
20250930,014825,동원시스템즈우,17700,100,93,,,,
20250930,014830,유니드,70100,-1700,46017,,,,
20250930,014910,성문전자,1152,-2,8216,,,,
20250930,014915,성문전자우,4275,45,10418,,,,
20250930,014990,인디에프,5510,-185,65639,,,,
20250930,015020,이스타코,1276,-20,75366,,,,
20250930,015230,대창단조,6100,140,73423,,,,
20250930,015260,에이엔피,501,-3,138047,,,,
20250930,015360,INVENI,12200,-120,40740,,,,
20250930,015590,DKME,2575,0,0,,,,
20250930,015760,한국전력,36050,-850,1325530,,,,
20250930,015860,일진홀딩스,5460,50,37561,,,,
20250930,015890,태경산업,5110,30,26560,,,,
20250930,016090,대현,1798,-5,114319,,,,
20250930,016360,삼성증권,71700,-500,153432,,,,
20250930,016380,KG스틸,5270,-40,47023,,,,
20250930,016450,한세예스24홀딩스,4015,-35,30417,,,,
20250930,016580,환인제약,10540,-80,26643,,,,
20250930,016590,신대양제지,11090,-40,16891,,,,
20250930,016610,DB증권,9640,-100,169367,,,,
20250930,016710,대성홀딩스,8290,-90,21412,,,,
20250930,016740,두올,3330,-30,34591,,,,
20250930,016800,퍼시스,44900,-150,296,,,,
20250930,016880,웅진,4240,-200,960295,,,,
20250930,017040,광명전기,1400,34,1250359,,,,
20250930,017180,명문제약,1680,-5,64422,,,,
20250930,017370,우신시스템,6940,-120,22264,,,,
20250930,017390,서울가스,62200,0,3646,,,,
20250930,017550,수산세보틱스,1805,0,38344,,,,
20250930,017670,SK텔레콤,54300,-200,821758,,,,
20250930,017800,현대엘리베이터,80000,200,202615,,,,
20250930,017810,풀무원,14780,450,458862,,,,
20250930,017860,DS단석,20202,-396,32961,,,,
20250930,017900,광전자,1887,-10,15427,,,,
20250930,017940,E1,74400,-800,8001,,,,
20250930,017960,한국카본,32700,600,341612,,,,
20250930,018250,애경산업,15110,-20,32643,,,,
20250930,018260,삼성에스디에스,164200,-2400,121075,,,,
20250930,018470,조일알미늄,1348,-7,191084,,,,
20250930,018500,동원모빌리티,1296,-9,79582,,,,
20250930,018670,SK가스,231500,0,5863,,,,
20250930,018880,한온시스템,2835,-23,353155,,,,
20250930,019170,신풍제약,13340,290,467322,,,,
20250930,019175,신풍제약우,25050,100,6859,,,,
20250930,019180,티에이치엔,5820,-110,258367,,,,
20250930,019490,엑시큐어하이트론,785,63,4040448,,,,
20250930,019680,대교,2085,-45,40713,,,,
20250930,019685,대교우B,1243,-6,31986,,,,
20250930,020000,한섬,15160,-90,29260,,,,
20250930,020120,키다리스튜디오,4100,-105,82748,,,,
20250930,020150,롯데에너지머티리얼즈,22600,-100,36918,,,,
20250930,020560,아시아나항공,9270,-50,51824,,,,
20250930,020760,일진디스플,902,0,0,,,,
20250930,021050,서원,1138,-18,61089,,,,
20250930,021240,코웨이,98500,-1500,124184,,,,
20250930,021820,세원정공,11190,-100,16049,,,,
20250930,022100,포스코DX,21000,-200,163565,,,,
20250930,023000,삼원강재,2420,20,23653,,,,
20250930,023150,MH에탄올,5070,-10,7765,,,,
20250930,023350,한국종합기술,4735,-60,71030,,,,
20250930,023450,동남합성,33950,-50,344,,,,
20250930,023530,롯데쇼핑,70800,200,30031,,,,
20250930,023590,다우기술,36700,-650,25559,,,,
20250930,023800,인지컨트롤스,5670,-180,30143,,,,
20250930,023810,인팩,6270,-20,4957,,,,
20250930,023960,에쓰씨엔지니어링,1200,2,72102,,,,
20250930,024070,WISCOM,1955,28,5075,,,,
20250930,024090,디씨엠,11850,0,1351,,,,
20250930,024110,기업은행,19460,-40,948720,,,,
20250930,024720,콜마홀딩스,12460,-380,131074,,,,
20250930,024890,대원화성,4340,65,1128,,,,
20250930,024900,디와이덕양,2100,-40,71771,,,,
20250930,025000,KPX케미칼,46126,0,6120,,,,
20250930,025530,SJM홀딩스,3570,-20,3128,,,,
20250930,025540,한국단자,61200,-100,10603,,,,
20250930,025560,미래산업,2102,38,126925,,,,
20250930,025620,차AI헬스케어,11710,2700,2114004,,,,
20250930,025750,한솔홈데코,3390,0,35235,,,,
20250930,025820,이구산업,4780,175,1441461,,,,
20250930,025860,남해화학,6650,-80,79357,,,,
20250930,025890,한국주강,1882,-33,36124,,,,
20250930,026890,스틱인베스트먼트,10670,70,83733,,,,
20250930,026940,부국철강,2265,-45,44397,,,,
20250930,026960,동서,26900,-100,43390,,,,
20250930,027410,BGF,3930,0,31893,,,,
20250930,027740,마니커,1650,-4,27083,,,,
20250930,027970,한국제지,4020,-5,17371,,,,
20250930,028050,삼성E&A,26800,-350,512055,,,,
20250930,028100,동아지질,15080,180,19837,,,,
20250930,028260,삼성물산,184600,-3400,372202,,,,
20250930,02826K,삼성물산우B,122700,-1000,4123,,,,
20250930,028670,팬오션,3860,-55,814670,,,,
20250930,029460,케이씨,26150,-150,30240,,,,
20250930,029530,신도리코,44250,2600,14624,,,,
20250930,029780,삼성카드,52300,100,38974,,,,
20250930,030000,제일기획,20300,-400,252065,,,,
20250930,030190,NICE평가정보,13930,170,66908,,,,
20250930,030200,KT,50500,0,189193,,,,
20250930,030210,다올투자증권,3585,-35,56619,,,,
20250930,030610,교보증권,9150,50,121826,,,,
20250930,030720,동원수산,6700,-70,26377,,,,
20250930,031210,서울보증보험,51100,-600,72162,,,,
20250930,031430,신세계인터내셔날,10210,-10,64741,,,,
20250930,031820,아이티센씨티에스,6100,-130,25384,,,,
20250930,032350,롯데관광개발,16960,-510,971775,,,,
20250930,032560,황금에스티,5860,100,23198,,,,
20250930,032640,LG유플러스,15350,-30,1052971,,,,
20250930,032830,삼성생명,156600,1300,320723,,,,
20250930,033240,자화전자,20050,-250,56312,,,,
20250930,033250,체시스,5425,-145,52298,,,,
20250930,033270,유나이티드제약,18820,-100,39756,,,,
20250930,033530,SJG세종,6060,-60,79837,,,,
20250930,033780,KT&G,133600,-2600,454421,,,,
20250930,033920,무학,8100,-20,21157,,,,
20250930,034020,두산에너빌리티,62700,-200,3606043,,,,
20250930,034120,SBS,19790,-260,64864,,,,
20250930,034220,LG디스플레이,14410,-220,2140025,,,,
20250930,034230,파라다이스,21100,200,819066,,,,
20250930,034310,NICE,13740,-90,30903,,,,
20250930,034590,인천도시가스,26050,-50,413,,,,
20250930,034730,SK,210000,1500,133239,,,,
20250930,03473K,SK우,165200,2700,3069,,,,
20250930,034830,한국토지신탁,1403,-7,466976,,,,
20250930,035000,HS애드,8900,40,17431,,,,
20250930,035150,백산,14350,40,54250,,,,
20250930,035250,강원랜드,18360,280,472959,,,,
20250930,035420,NAVER,268500,-6000,2764865,,,,
20250930,035510,신세계 I&C,14160,-250,58523,,,,
20250930,035720,카카오,59600,-700,2019879,,,,
20250930,036420,콘텐트리중앙,10500,-190,19416,,,,
20250930,036460,한국가스공사,39100,500,132701,,,,
20250930,036530,SNT홀딩스,72800,-1100,19388,,,,
20250930,036570,NC,216000,-5500,68155,,,,
20250930,036580,팜스코,2600,-60,45068,,,,
20250930,037270,YG PLUS,7500,-290,1570723,,,,
20250930,037560,LG헬로비전,2680,10,149971,,,,
20250930,037710,광주신세계,30500,-50,10275,,,,
20250930,039130,하나투어,50200,-100,36409,,,,
20250930,039490,키움증권,245000,-7000,121312,,,,
20250930,039570,HDC랩스,8350,-40,12454,,,,
20250930,041650,상신브레이크,2680,5,6844,,,,
20250930,042660,한화오션,110300,3300,1409352,,,,
20250930,042700,한미반도체,96500,5000,1988564,,,,
20250930,044380,주연테크,2665,45,23832,,,,
20250930,044450,KSS해운,9340,0,38427,,,,
20250930,044820,코스맥스비티아이,17990,-210,15425,,,,
20250930,047040,대우건설,3580,-20,419985,,,,
20250930,047050,포스코인터내셔널,48450,-100,128859,,,,
20250930,047400,유니온머티리얼,1313,-8,77186,,,,
20250930,047810,한국항공우주,108000,-800,846926,,,,
20250930,049800,우진플라임,2160,10,8378,,,,
20250930,051600,한전KPS,47650,0,78564,,,,
20250930,051630,진양화학,2380,0,35983,,,,
20250930,051900,LG생활건강,286000,500,52108,,,,
20250930,051905,LG생활건강우,115000,-1400,7999,,,,
20250930,051910,LG화학,278000,-2000,165726,,,,
20250930,051915,LG화학우,138300,-1100,27921,,,,
20250930,052690,한전기술,83800,-800,101204,,,,
20250930,053210,스카이라이프,4965,-35,40603,,,,
20250930,053690,한미글로벌,20650,-550,123024,,,,
20250930,055490,테이팩스,13740,-140,9889,,,,
20250930,055550,신한지주,70800,-100,1592794,,,,
20250930,058430,포스코스틸리온,3705,-5,24700,,,,
20250930,058650,세아홀딩스,121900,-1000,679,,,,
20250930,058730,다스코,2790,-40,30363,,,,
20250930,058850,KTcs,3005,-65,325962,,,,
20250930,058860,KTis,2825,-20,83175,,,,
20250930,060980,HL홀딩스,39550,-50,13226,,,,
20250930,062040,산일전기,110100,200,286004,,,,
20250930,063160,종근당바이오,22850,-400,9562,,,,
20250930,064350,현대로템,219000,3500,793840,,,,
20250930,064400,LG씨엔에스,65700,-500,765785,,,,
20250930,064960,SNT모티브,34350,250,67346,,,,
20250930,066570,LG전자,75600,-1100,846132,,,,
20250930,066575,LG전자우,36600,-350,44286,,,,
20250930,066970,엘앤에프,74300,1400,276986,,,,
20250930,067830,세이브존I&C,2630,25,6236,,,,
20250930,068270,셀트리온,165279,-4956,593206,,,,
20250930,068290,삼성출판사,15390,-460,22270,,,,
20250930,069260,TKG휴켐스,17700,200,34306,,,,
20250930,069460,대호에이엘,8535,55,241402,,,,
20250930,069620,대웅제약,134000,-1400,33476,,,,
20250930,069640,한세엠케이,1568,10,29221,,,,
20250930,069730,DSR제강,3785,-50,18689,,,,
20250930,069960,현대백화점,88500,-700,95816,,,,
20250930,070960,모나용평,3975,-50,74292,,,,
20250930,071050,한국금융지주,145000,-400,120028,,,,
20250930,071055,한국금융지주우,104900,-1100,10282,,,,
20250930,071090,하이스틸,4100,10,193273,,,,
20250930,071320,지역난방공사,90300,-800,22281,,,,
20250930,071840,롯데하이마트,7870,-100,27382,,,,
20250930,071950,코아스,5060,-350,72447,,,,
20250930,071970,HD현대마린엔진,82900,4000,380843,,,,
20250930,072130,유엔젤,5220,-160,121509,,,,
20250930,072710,농심홀딩스,97000,-2300,100227,,,,
20250930,073240,금호타이어,4725,-35,168502,,,,
20250930,074610,이엔플러스,5110,0,0,,,,
20250930,075180,새론오토모티브,3210,30,3217,,,,
20250930,075580,세진중공업,21600,1000,3248080,,,,
20250930,077500,유니퀘스트,6810,50,265104,,,,
20250930,077970,STX엔진,39550,1200,917651,,,,
20250930,078000,텔코웨어,15540,-270,135202,,,,
20250930,078520,에이블씨엔씨,11000,-60,213142,,,,
20250930,078930,GS,45950,-350,118156,,,,
20250930,078935,GS우,43350,200,1993,,,,
20250930,079160,CJ CGV,4900,-10,270826,,,,
20250930,079430,현대리바트,7070,-30,15057,,,,
20250930,079550,LIG디펜스앤에어로스페이스,513000,6000,149566,,,,
20250930,079900,전진건설로봇,45350,250,18243,,,,
20250930,079980,휴비스,2940,-20,14884,,,,
20250930,081000,일진다이아,11240,-270,19496,,,,
20250930,081660,미스토홀딩스,38550,-400,70451,,,,
20250930,082640,동양생명,8050,0,124824,,,,
20250930,082740,한화엔진,44900,2850,1956498,,,,
20250930,083420,그린케미칼,6990,-130,51358,,,,
20250930,084010,대한제강,10476,-100,10339,,,,
20250930,084670,동양고속,8090,-60,4377,,,,
20250930,084680,이월드,1492,-11,68787,,,,
20250930,084690,대상홀딩스,9060,-50,48766,,,,
20250930,084695,대상홀딩스우,12950,450,18182,,,,
20250930,084870,TBH글로벌,1329,4,22393,,,,
20250930,085310,엔케이,13070,0,142680,,,,
20250930,085620,미래에셋생명,7780,-30,91310,,,,
20250930,086280,현대글로비스,165400,-2700,257912,,,,
20250930,086790,하나금융지주,87200,-1600,817598,,,,
20250930,088260,이리츠코크렙,4655,-15,30034,,,,
20250930,088350,한화생명,3145,0,408460,,,,
20250930,088790,진도,1903,14,67340,,,,
20250930,088980,맥쿼리인프라,11510,0,474190,,,,
20250930,089470,HDC현대EP,4060,-25,21623,,,,
20250930,089590,제주항공,6400,-40,40321,,,,
20250930,089860,롯데렌탈,29500,0,14482,,,,
20250930,090080,평화산업,963,-12,194120,,,,
20250930,090350,노루페인트,9030,-110,35581,,,,
20250930,090355,노루페인트우,13490,10,104,,,,
20250930,090370,메타랩스,1324,-9,3062,,,,
20250930,090430,아모레퍼시픽,122300,-3300,305406,,,,
20250930,090435,아모레퍼시픽우,41150,-650,27388,,,,
20250930,090460,비에이치,17220,-250,342198,,,,
20250930,091810,트리니티항공,1774,33,277369,,,,
20250930,092200,디아이씨,4355,-85,188940,,,,
20250930,092220,KEC,4035,-75,167359,,,,
20250930,092230,KPX홀딩스,66900,-200,1386,,,,
20250930,092440,기신정기,2460,5,51885,,,,
20250930,092780,DYP,3725,10,2773,,,,
20250930,092790,넥스틸,11750,-250,171736,,,,
20250930,093050,LF,17500,-80,19080,,,,
20250930,093240,형지엘리트,1372,-33,359562,,,,
20250930,093370,후성,5810,-60,207850,,,,
20250930,094280,효성ITX,12870,-50,7159,,,,
20250930,094800,맵스리얼티,5140,30,69097,,,,
20250930,095570,AJ네트웍스,4245,-65,259892,,,,
20250930,095720,웅진씽크빅,3198,-40,44932,,,,
20250930,096760,JW홀딩스,3220,-25,42750,,,,
20250930,096770,SK이노베이션,100500,-1100,232533,,,,
20250930,096775,SK이노베이션우,68100,-700,608,,,,
20250930,097230,HJ중공업,28000,2100,10221654,,,,
20250930,097520,엠씨넥스,29350,800,48124,,,,
20250930,097950,CJ제일제당,230500,-2500,42015,,,,
20250930,097955,CJ제일제당 우,138500,-600,4542,,,,
20250930,100090,SK오션플랜트,24500,450,1700207,,,,
20250930,100220,비상교육,5470,-110,29395,,,,
20250930,100250,진양홀딩스,3118,-5,70342,,,,
20250930,100840,SNT에너지,54400,1100,112327,,,,
20250930,101140,인바이오젠,12100,-220,37892,,,,
20250930,101530,해태제과식품,6640,-50,24786,,,,
20250930,102260,동성케미컬,4157,0,47280,,,,
20250930,102460,이연제약,11240,-30,16353,,,,
20250930,103140,풍산,124700,3100,200675,,,,
20250930,103590,일진전기,35300,750,528650,,,,
20250930,104700,한국철강,10130,130,18610,,,,
20250930,105560,KB금융,115500,-200,960038,,,,
20250930,105630,한세실업,10630,-160,46563,,,,
20250930,105840,우진,14200,-400,1190246,,,,
20250930,107590,미원홀딩스,70400,-200,34,,,,
20250930,108320,LX세미콘,54500,-1000,25731,,,,
20250930,108670,LX하우시스,28250,0,9682,,,,
20250930,108675,LX하우시스우,17150,-120,1102,,,,
20250930,109070,주성코퍼레이션,1029,-56,439525,,,,
20250930,111110,호전실업,7930,-10,47875,,,,
20250930,111380,동인기연,13740,-240,8407,,,,
20250930,111770,영원무역,64900,-300,22886,,,,
20250930,112610,씨에스윈드,41900,-650,93004,,,,
20250930,114090,GKL,15800,100,121335,,,,
20250930,117580,대성에너지,8100,-60,22856,,,,
20250930,118000,메타케어,3260,-60,78840,,,,
20250930,119650,KC코트렐,918,0,0,,,,
20250930,120030,조선선재,105400,-200,5282,,,,
20250930,120110,코오롱인더,34000,-550,100036,,,,
20250930,120115,코오롱인더우,22800,-200,3668,,,,
20250930,122900,아이마켓코리아,8200,-20,25587,,,,
20250930,123690,한국화장품,10800,-170,276444,,,,
20250930,123700,SJM,3560,5,25957,,,,
20250930,123890,한국자산신탁,2315,10,102374,,,,
20250930,126560,현대퓨처넷,3250,-25,62651,,,,
20250930,126720,수산인더스트리,21100,-100,13031,,,,
20250930,128820,대성산업,4270,25,88427,,,,
20250930,128940,한미약품,367000,-5500,213045,,,,
20250930,129260,인터지스,2710,-30,78805,,,,
20250930,130660,한전산업,11750,20,91805,,,,
20250930,133820,화인베스틸,1860,5,366793,,,,
20250930,134380,미원화학,8470,-170,2530,,,,
20250930,134790,시디즈,23650,-100,549,,,,
20250930,136490,선진,11270,-210,48483,,,,
20250930,137310,에스디바이오센서,9930,-70,65502,,,,
20250930,138040,메리츠금융지주,113500,-2000,173013,,,,
20250930,138930,BNK금융지주,14590,70,567801,,,,
20250930,139130,iM금융지주,13760,50,438965,,,,
20250930,139480,이마트,75500,400,111377,,,,
20250930,139990,아주스틸,3575,-10,20458,,,,
20250930,143210,핸즈코퍼레이션,1623,2,5401,,,,
20250930,145210,다이나믹디자인,7680,1170,261268,,,,
20250930,145270,케이탑리츠,955,-3,34757,,,,
20250930,145720,덴티움,56100,100,28858,,,,
20250930,145990,삼양사,52000,400,6541,,,,
20250930,145995,삼양사우,35900,0,226,,,,
20250930,155660,DSR,3745,5,7005,,,,
20250930,161000,애경케미칼,10000,-40,145112,,,,
20250930,161390,한국타이어앤테크놀로지,38350,100,271723,,,,
20250930,161890,한국콜마,77800,-1500,122203,,,,
20250930,163560,동일고무벨트,6660,0,6646,,,,
20250930,170900,동아에스티,43442,-620,12338,,,,
20250930,175330,JB금융지주,22950,50,432368,,,,
20250930,178920,PI첨단소재,16500,-230,83903,,,,
20250930,180640,한진칼,100500,0,42134,,,,
20250930,18064K,한진칼우,32950,-650,1145,,,,
20250930,181710,NHN,27000,-1450,118597,,,,
20250930,183190,아세아시멘트,12270,-10,39637,,,,
20250930,185750,종근당,82100,1100,54437,,,,
20250930,192080,더블유게임즈,52000,-900,36035,,,,
20250930,192400,쿠쿠홀딩스,32100,1600,46679,,,,
20250930,192650,드림텍,6100,-30,48696,,,,
20250930,192820,코스맥스,214500,-13500,199528,,,,
20250930,194370,제이에스코퍼레이션,10080,-140,48756,,,,
20250930,195870,해성디에스,30800,50,144493,,,,
20250930,200880,서연이화,10750,-90,86930,,,,
20250930,204320,HL만도,33600,-200,83343,,,,
20250930,207940,삼성바이오로직스,1467329,-8830,57385,,,,
20250930,210540,디와이파워,12270,-10,29797,,,,
20250930,210980,SK디앤디,11190,-170,213583,,,,
20250930,213500,한솔제지,8490,-50,33941,,,,
20250930,214320,이노션,18200,20,86766,,,,
20250930,214330,금호에이치티,15912,0,7226,,,,
20250930,214390,경보제약,5880,-150,26713,,,,
20250930,214420,토니모리,10740,-230,368944,,,,
20250930,226320,잇츠한불,12040,-190,13730,,,,
20250930,227840,현대코퍼레이션홀딩스,12220,-80,18197,,,,
20250930,229640,LS에코에너지,37600,-500,65226,,,,
20250930,234080,JW생명과학,12370,-140,28237,,,,
20250930,241560,두산밥캣,55500,600,291498,,,,
20250930,241590,화승엔터프라이즈,6060,-190,151397,,,,
20250930,244920,에이플러스에셋,7000,-100,97879,,,,
20250930,248070,솔루엠,17440,50,118229,,,,
20250930,248170,샘표식품,26300,0,2051,,,,
20250930,249420,일동제약,29650,-4250,7802819,,,,
20250930,251270,넷마블,61700,-1300,84570,,,,
20250930,259960,크래프톤,292500,-5500,164952,,,,
20250930,264900,크라운제과,9290,-30,6889,,,,
20250930,26490K,크라운제과우,9780,-300,3733,,,,
20250930,267250,HD현대,155400,1700,154789,,,,
20250930,267260,HD현대일렉트릭,582000,4000,118742,,,,
20250930,267270,HD건설기계,92900,-200,63378,,,,
20250930,267290,경동도시가스,20050,-200,9922,,,,
20250930,267850,아시아나IDT,11700,20,4777,,,,
20250930,268280,미원에스씨,137300,-1100,867,,,,
20250930,271560,오리온,103600,-1400,136401,,,,
20250930,271940,일진하이솔루스,16900,-50,29376,,,,
20250930,271980,제일약품,14700,-270,20140,,,,
20250930,272210,한화시스템,59500,200,917874,,,,
20250930,272450,진에어,7940,-10,40686,,,,
20250930,272550,삼양패키징,13350,-60,1584359,,,,
20250930,278470,에이피알,250000,3500,639665,,,,
20250930,280360,롯데웰푸드,115100,0,105080,,,,
20250930,281820,케이씨텍,38800,150,147321,,,,
20250930,282330,BGF리테일,108000,100,21485,,,,
20250930,284740,쿠쿠홈시스,26200,-250,25167,,,,
20250930,285130,SK케미칼,57900,-1600,45159,,,,
20250930,28513K,SK케미칼우,25300,-250,1527,,,,
20250930,286940,롯데이노베이트,21650,-200,7728,,,,
20250930,293480,하나제약,11870,-140,31400,,,,
20250930,293940,신한알파리츠,5580,20,175876,,,,
20250930,294870,IPARK현대산업개발,20350,0,115002,,,,
20250930,298000,효성화학,77800,0,0,,,,
20250930,298020,효성티앤씨,214000,-2000,5926,,,,
20250930,298040,효성중공업,1340000,3000,39367,,,,
20250930,298050,HS효성첨단소재,180100,-1400,6661,,,,
20250930,298690,에어부산,1931,-32,164520,,,,
20250930,300720,한일시멘트,19150,-40,44121,,,,
20250930,302440,SK바이오사이언스,46800,-350,82165,,,,
20250930,306200,세아제강,125500,-2000,2597,,,,
20250930,307950,현대오토에버,152700,0,30290,,,,
20250930,308170,씨티알모빌리티,4955,40,3685,,,,
20250930,316140,우리금융지주,25950,-650,2031747,,,,
20250930,317400,자이에스앤디,3290,-40,42432,,,,
20250930,322000,HD현대에너지솔루션,45700,-950,67098,,,,
20250930,323410,카카오뱅크,23750,-200,480388,,,,
20250930,326030,SK바이오팜,101400,300,122865,,,,
20250930,329180,HD현대중공업,515000,23500,245234,,,,
20250930,330590,롯데리츠,3895,5,287588,,,,
20250930,334890,이지스밸류플러스리츠,4160,-30,65692,,,,
20250930,336260,두산퓨얼셀,28500,-650,606749,,,,
20250930,33626K,두산퓨얼셀1우,6720,150,57375,,,,
20250930,33626L,두산퓨얼셀2우B,10930,-40,3110,,,,
20250930,336370,솔루스첨단소재,7660,-70,50047,,,,
20250930,33637K,솔루스첨단소재1우,1808,2,10827,,,,
20250930,33637L,솔루스첨단소재2우B,3675,10,2818,,,,
20250930,338100,NH프라임리츠,4850,5,63845,,,,
20250930,339770,교촌에프앤비,4305,-80,79372,,,,
20250930,344820,KCC글라스,27700,-150,17074,,,,
20250930,348950,제이알글로벌리츠,2995,25,449209,,,,
20250930,350520,이지스레지던스리츠,3875,15,29944,,,,
20250930,352820,하이브,266000,-4000,228946,,,,
20250930,353200,대덕전자,28250,850,1915821,,,,
20250930,35320K,대덕전자1우,9640,140,9489,,,,
20250930,357120,코람코라이프인프라리츠,4390,5,66024,,,,
20250930,357250,미래에셋맵스리츠,2795,25,6220,,,,
20250930,357430,마스턴프리미어리츠,1520,-4,38702,,,,
20250930,361610,SK아이이테크놀로지,26500,-550,67781,,,,
20250930,363280,티와이홀딩스,2925,30,169875,,,,
20250930,36328K,티와이홀딩스우,5600,150,16430,,,,
20250930,365550,ESR켄달스퀘어리츠,4530,15,442808,,,,
20250930,372910,한컴라이프케어,2825,-95,148434,,,,
20250930,373220,LG에너지솔루션,347500,-4000,138045,,,,
20250930,375500,DL이앤씨,41900,500,157606,,,,
20250930,37550K,DL이앤씨우,18820,10,8936,,,,
20250930,37550L,DL이앤씨2우(전환),28900,300,1296,,,,
20250930,377190,디앤디플랫폼리츠,3345,40,98815,,,,
20250930,377300,카카오페이,53800,-500,276433,,,,
20250930,377740,바이오노트,5800,-110,49786,,,,
20250930,378850,화승알앤에이,3280,-85,302167,,,,
20250930,381970,케이카,15610,-40,77940,,,,
20250930,383220,F&F,62700,-900,49400,,,,
20250930,383800,LX홀딩스,7720,10,119803,,,,
20250930,38380K,LX홀딩스1우,8600,-20,426,,,,
20250930,395400,SK리츠,5010,-50,203041,,,,
20250930,396690,미래에셋글로벌리츠,2700,5,64262,,,,
20250930,400760,NH올원리츠,3380,10,79899,,,,
20250930,402340,SK스퀘어,201500,4400,409786,,,,
20250930,403550,쏘카,11760,-90,4275,,,,
20250930,404990,신한서부티엔디리츠,3395,-40,113234,,,,
20250930,415640,KB발해인프라,8990,180,151963,,,,
20250930,417310,코람코더원리츠,6250,-130,223627,,,,
20250930,432320,KB스타리츠,3990,0,39692,,,,
20250930,439260,대한조선,80900,2300,492660,,,,
20250930,443060,HD현대마린솔루션,210000,5000,90101,,,,
20250930,446070,유니드비티플러스,3705,-5,10202,,,,
20250930,448730,삼성FN리츠,4350,-5,50148,,,,
20250930,450080,에코프로머티,47300,-1050,183153,,,,
20250930,451800,한화리츠,3985,-30,355578,,,,
20250930,452260,한화갤러리아,1112,-6,646159,,,,
20250930,45226K,한화갤러리아우,2335,40,32296,,,,
20250930,453340,현대그린푸드,15170,130,19027,,,,
20250930,454910,두산로보틱스,65900,-800,179914,,,,
20250930,456040,OCI,53700,-900,21914,,,,
20250930,457190,이수스페셜티케미컬,46450,-300,123673,,,,
20250930,460850,동국씨엠,5420,0,17665,,,,
20250930,460860,동국제강,9160,-10,103563,,,,
20250930,462520,조선내화,15020,-130,53061,,,,
20250930,462870,시프트업,41050,950,94562,,,,
20250930,465770,STX그린로지스,7350,-90,13165,,,,
20250930,475150,SK이터닉스,21650,-450,278930,,,,
20250930,475560,더본코리아,25550,-400,12478,,,,
20250930,480370,씨케이솔루션,3260,-64,69142,,,,
20250930,481850,신한글로벌액티브리츠,1429,-4,36719,,,,
20250930,483650,달바글로벌,163600,-400,57971,,,,
20250930,484870,엠앤씨솔루션,74166,1166,50061,,,,
20250930,487570,HS효성,58500,-500,7000,,,,
20250930,489790,한화비전,53100,-200,354946,,,,
20250930,499790,GS피앤엘,49350,-850,90997,,,,
20250930,900140,엘브이엠씨홀딩스,1696,11,538771,,,,
20250930,950210,프레스티지바이오파마,13170,-100,69014,,,,
