date,ticker,name,close,change,volume,indiv,organ,frgn,foreign_ratio
20250304,000020,동화약품,6130,-80,41954,,,,
20250304,000040,KR모터스,2000,-40,27195,,,,
20250304,000050,경방,6290,10,9957,,,,
20250304,000070,삼양홀딩스,40305,534,48785,,,,
20250304,000080,하이트진로,18960,10,120762,,,,
20250304,000087,하이트진로2우B,15180,-20,946,,,,
20250304,000100,유한양행,129800,7900,2536403,,,,
20250304,000105,유한양행우,113300,4300,32183,,,,
20250304,000120,CJ대한통운,89700,-3900,68318,,,,
20250304,000140,하이트진로홀딩스,8710,-30,8939,,,,
20250304,000145,하이트진로홀딩스우,10290,30,23,,,,
20250304,000150,두산,319000,-3500,176702,,,,
20250304,000155,두산우,148700,5400,17213,,,,
20250304,000157,두산2우B,130800,5400,4699,,,,
20250304,000180,성창기업지주,6535,25,11453,,,,
20250304,000210,DL,32800,-650,30663,,,,
20250304,000215,DL우,19190,190,663,,,,
20250304,000220,유유제약,4640,-85,31465,,,,
20250304,000225,유유제약1우,4855,75,9377,,,,
20250304,000227,유유제약2우B,9510,-110,3138,,,,
20250304,000230,일동홀딩스,6310,-110,15008,,,,
20250304,000240,한국앤컴퍼니,15750,-110,79848,,,,
20250304,000270,기아,93300,100,1312252,,,,
20250304,000300,DH오토넥스,4200,0,0,,,,
20250304,000320,노루홀딩스,13600,-310,20397,,,,
20250304,000325,노루홀딩스우,27200,-1100,288,,,,
20250304,000370,한화손해보험,3920,95,295686,,,,
20250304,000390,SP삼화,6170,-110,27838,,,,
20250304,000400,롯데손해보험,1766,-44,184295,,,,
20250304,000430,대원강업,3710,-30,41564,,,,
20250304,000480,CR홀딩스,5370,-30,13185,,,,
20250304,000490,대동,11510,-590,599186,,,,
20250304,000500,가온전선,27228,-445,116382,,,,
20250304,000520,삼일제약,12500,410,178101,,,,
20250304,000540,흥국화재,3250,-20,30814,,,,
20250304,000545,흥국화재우,4920,-30,6651,,,,
20250304,000590,CS홀딩스,73400,300,409,,,,
20250304,000640,동아쏘시오홀딩스,94912,3113,29688,,,,
20250304,000650,천일고속,38250,550,56,,,,
20250304,000660,SK하이닉스,186100,-4100,5424556,,,,
20250304,000670,영풍,41346,97,45206,,,,
20250304,000680,LS네트웍스,4225,35,2856469,,,,
20250304,000700,유수홀딩스,5440,20,8838,,,,
20250304,000720,현대건설,33250,-250,732153,,,,
20250304,000725,현대건설우,49300,-900,2205,,,,
20250304,000760,이화산업,10190,-40,209,,,,
20250304,000810,삼성화재,382500,0,54895,,,,
20250304,000815,삼성화재우,291500,2500,4048,,,,
20250304,000850,화천기공,28900,-100,6398,,,,
20250304,000860,강남제비스코,12380,75,7426,,,,
20250304,000880,한화,53481,4802,1402187,,,,
20250304,00088K,한화3우B,18425,1098,156944,,,,
20250304,000890,보해양조,2250,-5,181248,,,,
20250304,000910,유니온,5980,60,5056969,,,,
20250304,000950,전방,19080,160,3957,,,,
20250304,000970,한국주철관,6100,-10,8318,,,,
20250304,000990,DB하이텍,44750,1550,458060,,,,
20250304,001020,페이퍼코리아,3770,-60,5174,,,,
20250304,001040,CJ,101000,-1900,69796,,,,
20250304,001045,CJ우,60300,300,2704,,,,
20250304,00104K,CJ4우(전환),82900,-1700,10237,,,,
20250304,001060,JW중외제약,22300,250,112898,,,,
20250304,001065,JW중외제약우,28550,200,21,,,,
20250304,001067,JW중외제약2우B,60700,0,0,,,,
20250304,001070,대한방직,5290,-30,2568,,,,
20250304,001080,만호제강,2450,-20,5360,,,,
20250304,001120,LX인터내셔널,25600,-100,241537,,,,
20250304,001130,대한제분,12800,40,7620,,,,
20250304,001200,유진투자증권,2585,-5,446944,,,,
20250304,001210,금호전기,3535,-15,54059,,,,
20250304,001230,동국홀딩스,1692,14,159918,,,,
20250304,001250,GS글로벌,2575,0,331356,,,,
20250304,001260,남광토건,8000,-180,35486,,,,
20250304,001270,부국증권,26850,0,2532,,,,
20250304,001275,부국증권우,21800,-50,435,,,,
20250304,001290,상상인증권,413,-3,287634,,,,
20250304,001340,PKC,6970,-340,216476,,,,
20250304,001360,삼성제약,1563,-26,233630,,,,
20250304,001380,SG글로벌,5770,-60,384820,,,,
20250304,001390,KG케미칼,3845,-100,120009,,,,
20250304,001420,태원물산,3605,0,1787,,,,
20250304,001430,세아베스틸지주,19400,-300,57595,,,,
20250304,001440,대한전선,12040,20,674774,,,,
20250304,001450,현대해상,22300,-950,579788,,,,
20250304,001460,BYC,27400,50,613,,,,
20250304,001465,BYC우,12560,60,96,,,,
20250304,001470,삼부토건,918,0,0,,,,
20250304,001500,현대차증권,6120,10,88635,,,,
20250304,001510,SK증권,941,-10,264115,,,,
20250304,001515,SK증권우,3462,26,3073,,,,
20250304,001520,동양,1276,-8,142551,,,,
20250304,001525,동양우,8210,-170,59,,,,
20250304,001527,동양2우B,16520,100,324,,,,
20250304,001530,DI동일,44001,-476,60008,,,,
20250304,001550,조비,10290,-270,14734,,,,
20250304,001560,제일연마,9190,-210,4424,,,,
20250304,001570,금양,17770,-4730,8216039,,,,
20250304,001620,케이비아이동국실업,2440,-50,8173,,,,
20250304,001630,종근당홀딩스,44100,-400,4644,,,,
20250304,001680,대상,24400,1250,628436,,,,
20250304,001685,대상우,17700,420,20215,,,,
20250304,001720,신영증권,85200,-1000,5593,,,,
20250304,001740,SK네트웍스,4315,5,186997,,,,
20250304,001750,한양증권,12210,-70,13717,,,,
20250304,001755,한양증권우,12850,0,723,,,,
20250304,001770,SHD,14610,-340,1360,,,,
20250304,001780,알루코,2240,30,394637,,,,
20250304,001790,대한제당,2650,35,69172,,,,
20250304,001795,대한제당우,2240,10,3261,,,,
20250304,001800,오리온홀딩스,14990,80,168454,,,,
20250304,001820,삼화콘덴서,27850,-700,37330,,,,
20250304,001940,KISCO홀딩스,19300,40,16733,,,,
20250304,002020,코오롱,17180,410,46936,,,,
20250304,002025,코오롱우,12600,50,6411,,,,
20250304,002030,아세아,257500,-1500,1190,,,,
20250304,002070,비비안,15873,-316,5966,,,,
20250304,002100,경농,9080,40,29485,,,,
20250304,002140,고려산업,2935,100,1140906,,,,
20250304,002150,도화엔지니어링,6520,-130,82152,,,,
20250304,002170,SYTS,46800,-300,2601,,,,
20250304,002200,한국수출포장,2740,5,58609,,,,
20250304,002210,동성제약,3834,-50,50731,,,,
20250304,002220,한일철강,1935,-33,6148,,,,
20250304,002240,고려제강,17630,-60,4416,,,,
20250304,002310,아세아제지,7090,160,284117,,,,
20250304,002320,한진,19500,-20,9341,,,,
20250304,002350,넥센타이어,5140,30,331634,,,,
20250304,002355,넥센타이어1우B,2780,5,1811,,,,
20250304,002360,SH에너지화학,4710,-40,39813,,,,
20250304,002380,KCC,263500,4000,23027,,,,
20250304,002390,한독,11430,-20,9592,,,,
20250304,002410,범양건영,2690,-275,1622993,,,,
20250304,002420,세기상사,5100,40,2443,,,,
20250304,002450,삼익악기,1173,-5,225378,,,,
20250304,002460,HS화성,9200,-130,4969,,,,
20250304,002600,조흥,163100,-1500,45,,,,
20250304,002620,제일파마홀딩스,7020,-230,3137,,,,
20250304,002630,오리엔트바이오,3348,-30,1597771,,,,
20250304,002690,동일제강,1217,-7,13566,,,,
20250304,002700,신일전자,1481,-13,147977,,,,
20250304,002710,TCC스틸,27700,-1500,263903,,,,
20250304,002720,국제약품,4820,-90,211529,,,,
20250304,002760,보락,1043,-4,223186,,,,
20250304,002780,진흥기업,791,-20,345919,,,,
20250304,002785,진흥기업우B,3155,5,216,,,,
20250304,002787,진흥기업2우B,9600,-190,10,,,,
20250304,002790,아모레퍼시픽홀딩스,21100,-100,221913,,,,
20250304,002795,아모레퍼시픽홀딩스우,9120,60,2845,,,,
20250304,00279K,아모레퍼시픽홀딩스3우C,17940,-20,1778,,,,
20250304,002810,삼영무역,13470,60,5702,,,,
20250304,002820,SUN&L,2790,0,5010,,,,
20250304,002840,미원상사,180300,-1700,2763,,,,
20250304,002870,신풍,1135,-33,102178,,,,
20250304,002880,디와이에이,996,-5,27120,,,,
20250304,002900,TYM,4810,-220,725290,,,,
20250304,002920,유성기업,1861,9,11285,,,,
20250304,002960,한국쉘석유,315500,-500,2067,,,,
20250304,002990,금호건설,2455,-185,181476,,,,
20250304,002995,금호건설우,12580,-720,6920,,,,
20250304,003000,부광약품,4268,-110,158619,,,,
20250304,003010,혜인,5130,-80,83865,,,,
20250304,003030,세아제강지주,253500,18500,24566,,,,
20250304,003060,에이프로젠바이오로직스,787,53,1662461,,,,
20250304,003070,코오롱글로벌,9000,0,30538,,,,
20250304,003075,코오롱글로벌우,15080,-360,1399,,,,
20250304,003080,SB성보,2460,0,20606,,,,
20250304,003090,대웅,19910,-190,37510,,,,
20250304,003120,일성아이에스,15130,-240,9896,,,,
20250304,003160,디아이,12400,-820,863056,,,,
20250304,003200,일신방직,8030,-40,32399,,,,
20250304,003220,대원제약,14080,30,46363,,,,
20250304,003230,삼양식품,852000,-8000,64460,,,,
20250304,003240,태광산업,714000,-3000,1059,,,,
20250304,003280,흥아해운,1724,6,1270268,,,,
20250304,003300,한일홀딩스,14010,-80,6270,,,,
20250304,003350,한국화장품제조,9410,-460,404495,,,,
20250304,003460,유화증권,2295,0,8456,,,,
20250304,003465,유화증권우,2285,-30,1296,,,,
20250304,003470,유안타증권,2540,-10,450627,,,,
20250304,003475,유안타증권우,2885,5,10797,,,,
20250304,003480,한진중공업홀딩스,3585,95,126866,,,,
20250304,003490,대한항공,23650,50,775272,,,,
20250304,003495,대한항공우,22200,200,824,,,,
20250304,003520,영진약품,2010,-25,107163,,,,
20250304,003530,한화투자증권,3525,85,1202446,,,,
20250304,003535,한화투자증권우,6030,-30,8570,,,,
20250304,003540,대신증권,16710,-190,59393,,,,
20250304,003545,대신증권우,15870,-130,40292,,,,
20250304,003547,대신증권2우B,15170,-150,27856,,,,
20250304,003550,LG,66000,-500,288284,,,,
20250304,003555,LG우,56700,-300,5560,,,,
20250304,003570,SNT다이내믹스,31750,3250,775423,,,,
20250304,003580,HLB글로벌,4285,-90,159084,,,,
20250304,003610,방림,3955,-55,117701,,,,
20250304,003620,KG모빌리티,4801,27,1396124,,,,
20250304,003650,미창석유,90600,1200,301,,,,
20250304,003670,포스코퓨처엠,126398,-10566,571158,,,,
20250304,003680,한성기업,4785,20,26990,,,,
20250304,003690,코리안리,8010,-30,254596,,,,
20250304,003720,삼영,4360,-70,328691,,,,
20250304,003780,진양산업,8570,-870,334724,,,,
20250304,003830,대한화섬,105900,300,107,,,,
20250304,003850,보령,9730,-260,258212,,,,
20250304,003920,남양유업,76400,600,17302,,,,
20250304,003925,남양유업우,40050,-450,9774,,,,
20250304,003960,사조대림,40950,200,17386,,,,
20250304,004000,롯데정밀화학,38650,-1850,72144,,,,
20250304,004020,현대제철,26350,-300,732548,,,,
20250304,004060,SG세계물산,3150,-10,89326,,,,
20250304,004080,신흥,14480,50,232,,,,
20250304,004090,한국석유,12800,0,72114,,,,
20250304,004100,태양금속,3000,-105,560258,,,,
20250304,004105,태양금속우,5150,-60,14897,,,,
20250304,004140,동방,2230,-25,247639,,,,
20250304,004150,한솔홀딩스,2475,-20,54436,,,,
20250304,004170,신세계,140400,-1900,17517,,,,
20250304,004250,NPC,3970,-55,28948,,,,
20250304,004255,NPC우,2400,10,785,,,,
20250304,004270,남성,9182,-739,28812,,,,
20250304,004310,현대약품,3325,-75,85817,,,,
20250304,004360,세방,11910,-20,23390,,,,
20250304,004365,세방우,7610,-160,2671,,,,
20250304,004370,농심,339500,-1500,13182,,,,
20250304,004380,삼익THK,14631,13,175690,,,,
20250304,004410,서울식품,1450,0,33601,,,,
20250304,004415,서울식품우,11840,-120,311,,,,
20250304,004430,송원산업,11410,-420,42866,,,,
20250304,004440,삼일씨엔에스,4150,-465,118285,,,,
20250304,004450,삼화왕관,30800,-300,1632,,,,
20250304,004490,세방전지,71700,-1300,36868,,,,
20250304,004540,깨끗한나라,2360,10,122593,,,,
20250304,004545,깨끗한나라우,11670,-170,278,,,,
20250304,004560,현대비앤지스틸,12740,90,59919,,,,
20250304,004690,삼천리,90300,-700,8540,,,,
20250304,004700,조광피혁,53200,-100,809,,,,
20250304,004710,한솔테크닉스,3955,-142,53116,,,,
20250304,004720,팜젠사이언스,4265,-115,15686,,,,
20250304,004770,써니전자,2145,-60,434168,,,,
20250304,004800,효성,45900,-1200,18325,,,,
20250304,004830,덕성,7600,-350,216014,,,,
20250304,004835,덕성우,12110,-290,17487,,,,
20250304,004840,DRB동일,4150,-60,13496,,,,
20250304,004870,티웨이홀딩스,3192,-195,570271,,,,
20250304,004890,동일산업,39650,-650,3026,,,,
20250304,004910,조광페인트,5770,-10,15643,,,,
20250304,004920,씨아이테크,1024,-31,70046,,,,
20250304,004960,한신공영,6270,-150,24942,,,,
20250304,004970,신라교역,8410,-70,6820,,,,
20250304,004980,성신양회,7400,-90,32470,,,,
20250304,004985,성신양회우,10590,-60,1681,,,,
20250304,004990,롯데지주,21500,-350,104464,,,,
20250304,00499K,롯데지주우,25650,50,435,,,,
20250304,005010,휴스틸,5600,705,35896579,,,,
20250304,005030,부산주공,486,0,0,,,,
20250304,005070,코스모신소재,50400,-3100,493733,,,,
20250304,005090,SGC에너지,22900,-150,13582,,,,
20250304,005110,한창,1254,0,0,,,,
20250304,005180,빙그레,97100,600,51535,,,,
20250304,005250,녹십자홀딩스,14050,150,56181,,,,
20250304,005257,녹십자홀딩스2우,22450,-550,87,,,,
20250304,005300,롯데칠성,103800,-1100,13262,,,,
20250304,005305,롯데칠성우,65100,0,865,,,,
20250304,005320,온타이드,912,-30,40203,,,,
20250304,005360,모나미,2040,-25,23209,,,,
20250304,005380,현대차,190300,-2700,592292,,,,
20250304,005385,현대차우,146900,-2600,69675,,,,
20250304,005387,현대차2우B,150300,-4700,200994,,,,
20250304,005389,현대차3우B,147200,-2800,21562,,,,
20250304,005420,코스모화학,18080,-1000,193536,,,,
20250304,005430,한국공항,51500,600,4418,,,,
20250304,005440,현대지에프홀딩스,5470,20,128385,,,,
20250304,005490,POSCO홀딩스,268000,-4500,397751,,,,
20250304,005500,삼진제약,17570,70,11801,,,,
20250304,005610,삼립,49650,-100,10645,,,,
20250304,005680,삼영전자,10190,190,19217,,,,
20250304,005690,파미셀,10050,-50,962403,,,,
20250304,005720,넥센,4570,10,18572,,,,
20250304,005725,넥센우,3050,10,910,,,,
20250304,005740,크라운해태홀딩스,5320,-30,11851,,,,
20250304,005745,크라운해태홀딩스우,7750,-60,3155,,,,
20250304,005750,대림바스,4035,70,21063,,,,
20250304,005800,신영와코루,10000,-10,5979,,,,
20250304,005810,풍산홀딩스,27250,600,38166,,,,
20250304,005820,원림,13750,-20,1001,,,,
20250304,005830,DB손해보험,91700,300,216748,,,,
20250304,005850,에스엘,33700,-700,195761,,,,
20250304,005870,휴니드,8180,430,1246996,,,,
20250304,005880,대한해운,1718,32,1482421,,,,
20250304,005930,삼성전자,54500,0,18553933,,,,
20250304,005935,삼성전자우,45000,300,1389373,,,,
20250304,005940,NH투자증권,14920,30,379737,,,,
20250304,005945,NH투자증권우,12970,-80,43526,,,,
20250304,005950,이수화학,6350,-350,91661,,,,
20250304,005960,동부건설,3400,-65,34945,,,,
20250304,005965,동부건설우,19010,-160,80,,,,
20250304,006040,동원산업,35350,250,9806,,,,
20250304,006060,화승인더,5220,100,176982,,,,
20250304,006090,사조오양,8870,340,12462,,,,
20250304,006110,삼아알미늄,28250,-2200,126852,,,,
20250304,006120,SK디스커버리,34550,-450,16075,,,,
20250304,006125,SK디스커버리우,31950,150,3232,,,,
20250304,006200,한국전자홀딩스,3575,-125,35558,,,,
20250304,006220,제주은행,7830,-100,117330,,,,
20250304,006260,LS,113900,1800,131807,,,,
20250304,006280,녹십자,126500,1000,44577,,,,
20250304,006340,대원전선,3060,-60,1100466,,,,
20250304,006345,대원전선우,4090,-5,13617,,,,
20250304,006360,GS건설,17460,-110,312465,,,,
20250304,006370,대구백화점,9500,-150,53048,,,,
20250304,006380,카프로,3660,0,0,,,,
20250304,006400,삼성SDI,208534,-10769,604511,,,,
20250304,006405,삼성SDI우,128183,-2024,6084,,,,
20250304,006490,프리티,9350,-150,242854,,,,
20250304,006570,대림통상,2355,-80,14080,,,,
20250304,006650,대한유화,88600,-200,26583,,,,
20250304,006660,삼성공조,16820,-1380,2056893,,,,
20250304,006740,블루산업개발,2322,-19,64325,,,,
20250304,006800,미래에셋증권,8473,-229,505100,,,,
20250304,006805,미래에셋증권우,4464,-5,14638,,,,
20250304,00680K,미래에셋증권2우B,4026,-19,164712,,,,
20250304,006840,AK홀딩스,10320,-200,9878,,,,
20250304,006880,신송홀딩스,8370,1140,9579150,,,,
20250304,006890,태경케미컬,11690,-90,18719,,,,
20250304,006980,우성,14820,-60,466,,,,
20250304,007070,GS리테일,14800,-180,153576,,,,
20250304,007110,일신석재,2010,-90,1565508,,,,
20250304,007120,미래아이앤지,850,21,217698,,,,
20250304,007160,사조산업,35050,50,11564,,,,
20250304,007210,벽산,2170,15,222687,,,,
20250304,007280,한국특강,3308,-38,39970,,,,
20250304,007310,오뚜기,387500,500,3318,,,,
20250304,007340,DN오토모티브,21350,50,83185,,,,
20250304,007460,에이프로젠,748,26,1781256,,,,
20250304,007540,샘표,43050,2050,116481,,,,
20250304,007570,일양약품,12228,-89,17068,,,,
20250304,007575,일양약품우,13167,-294,159,,,,
20250304,007590,동방아그로,6110,20,2738,,,,
20250304,007610,선도전기,3000,0,0,,,,
20250304,007660,이수페타시스,36650,-1000,1344399,,,,
20250304,007690,국도화학,32750,-100,16671,,,,
20250304,007700,F&F홀딩스,12060,-150,3067,,,,
20250304,007810,코리아써키트,11990,-270,132714,,,,
20250304,007815,코리아써우,5890,30,1588,,,,
20250304,00781K,코리아써키트2우B,5490,90,1675,,,,
20250304,007860,서연,6890,-50,79684,,,,
20250304,007980,TP,1366,-16,175097,,,,
20250304,008040,사조동아원,1004,6,319338,,,,
20250304,008060,대덕,7070,20,76215,,,,
20250304,00806K,대덕1우,7510,140,293,,,,
20250304,008250,이건산업,5220,50,45484,,,,
20250304,008260,NI스틸,3360,-20,584920,,,,
20250304,008350,남선알미늄,1377,-15,483960,,,,
20250304,008355,남선알미우,15070,140,185,,,,
20250304,008420,문배철강,2505,15,1556293,,,,
20250304,008490,서흥,15760,50,17579,,,,
20250304,008600,윌비스,7508,-134,22070,,,,
20250304,008700,아남전자,1550,-21,688089,,,,
20250304,008730,율촌화학,27650,-400,85080,,,,
20250304,008770,호텔신라,39150,-650,66880,,,,
20250304,008775,호텔신라우,32100,350,510,,,,
20250304,008870,금비,56600,-1600,1536,,,,
20250304,008930,한미사이언스,27750,-400,93959,,,,
20250304,008970,KBI동양철관,1282,47,1420086,,,,
20250304,009070,KCTC,3800,-45,33084,,,,
20250304,009140,경인전자,18680,-80,1722,,,,
20250304,009150,삼성전기,136800,1800,182106,,,,
20250304,009155,삼성전기우,59700,600,5208,,,,
20250304,009160,SIMPAC,3840,-10,46179,,,,
20250304,009180,한솔로지스틱스,2325,45,130331,,,,
20250304,009190,대양금속,1382,5,160112,,,,
20250304,009200,무림페이퍼,2135,-15,92883,,,,
20250304,009240,한샘,45250,-550,12794,,,,
20250304,009270,신원,1336,-27,505367,,,,
20250304,009290,광동제약,5530,-90,52286,,,,
20250304,009310,참엔지니어링,1755,-5,29964,,,,
20250304,009320,아진전자부품,1058,6,56774,,,,
20250304,009410,태영건설,2465,-135,89782,,,,
20250304,009415,태영건설우,4965,240,17555,,,,
20250304,009420,한올바이오파마,35850,550,399395,,,,
20250304,009440,KC그린홀딩스,800,-25,40882,,,,
20250304,009450,경동나비엔,81500,-2200,87123,,,,
20250304,009460,한창제지,3455,-115,54536,,,,
20250304,009470,삼화전기,36350,400,66656,,,,
20250304,009540,HD한국조선해양,235500,21500,586195,,,,
20250304,009580,무림P&P,2720,15,56126,,,,
20250304,009680,모토닉,9150,140,36354,,,,
20250304,009770,삼정펄프,25850,300,5901,,,,
20250304,009810,MDS스피어,3065,-150,65294,,,,
20250304,009830,한화솔루션,19430,-849,2583708,,,,
20250304,009835,한화솔루션우,16555,-632,20239,,,,
20250304,009900,명신산업,9090,-220,242785,,,,
20250304,009970,영원무역홀딩스,88700,-2200,21611,,,,
20250304,010040,한국내화,2170,10,23165,,,,
20250304,010060,OCI홀딩스,77700,-1900,68720,,,,
20250304,010100,한국무브넥스,4610,-90,415216,,,,
20250304,010120,LS ELECTRIC,50100,2100,2137145,,,,
20250304,010130,고려아연,739000,-4000,15249,,,,
20250304,010140,삼성중공업,14240,290,21833027,,,,
20250304,010400,우진아이엔에스,2970,-5,8343,,,,
20250304,010580,에스엠벡셀,1163,2,31747,,,,
20250304,010640,진양폴리,5175,-443,268784,,,,
20250304,010660,화천기계,3100,0,115015,,,,
20250304,010690,화신,7460,-270,208699,,,,
20250304,010770,평화홀딩스,7070,-440,1956550,,,,
20250304,010780,아이에스동서,16750,-250,87315,,,,
20250304,010820,퍼스텍,3470,165,1413194,,,,
20250304,010950,S-Oil,55700,-1200,139504,,,,
20250304,010955,S-Oil우,37150,-350,5148,,,,
20250304,010960,삼호개발,3015,-15,9785,,,,
20250304,011000,진원생명과학,10525,-675,98460,,,,
20250304,011070,LG이노텍,160000,-2400,110974,,,,
20250304,011090,에넥스,2630,-15,35558,,,,
20250304,011150,CJ씨푸드,3050,-55,267597,,,,
20250304,011155,CJ씨푸드1우,16290,30,199,,,,
20250304,011170,롯데케미칼,61000,-1400,207914,,,,
20250304,011200,HMM,20650,1060,6118697,,,,
20250304,011210,현대위아,40500,-350,57415,,,,
20250304,011230,삼화전자,3410,5,96572,,,,
20250304,011280,태림포장,2310,-70,4981755,,,,
20250304,011300,우성머티리얼스,5430,-200,1156937,,,,
20250304,011330,유니켐,13370,240,8022,,,,
20250304,011390,부산산업,72300,-2600,7152,,,,
20250304,011420,갤럭시아에스엠,2010,-65,766725,,,,
20250304,011500,한농화성,17000,-2470,1201011,,,,
20250304,011690,와이투솔루션,2415,75,629309,,,,
20250304,011700,한신기계,3075,-50,96209,,,,
20250304,011760,현대코퍼레이션,23550,-600,207969,,,,
20250304,011780,금호석유화학,111600,1900,200352,,,,
20250304,011785,금호석유화학우,52100,300,5663,,,,
20250304,011790,SKC,118150,-4041,388728,,,,
20250304,011810,STX,4130,-70,74973,,,,
20250304,011930,신성이엔지,12110,-230,53541,,,,
20250304,012030,DB,1285,-20,225268,,,,
20250304,012160,영흥,2030,10,4746,,,,
20250304,012170,아센디오,230,0,0,,,,
20250304,012200,계양전기,1381,-70,120865,,,,
20250304,012205,계양전기우,3500,-38,981,,,,
20250304,012280,영화금속,834,3,116316,,,,
20250304,012320,경동인베스트,72100,100,7208,,,,
20250304,012330,현대모비스,250000,4500,149579,,,,
20250304,012450,한화에어로스페이스,690278,105363,1276936,,,,
20250304,012610,경인양행,2840,-40,44120,,,,
20250304,012630,HDC,13710,-90,171334,,,,
20250304,012690,모나리자,2875,-70,183714,,,,
20250304,012750,에스원,60100,-900,29202,,,,
20250304,012800,대창,1316,14,388150,,,,
20250304,013000,세우글로벌,1269,-65,214471,,,,
20250304,013360,일성건설,3270,-100,530706,,,,
20250304,013520,화승코퍼레이션,1658,41,6305150,,,,
20250304,013570,디와이,3885,-70,39149,,,,
20250304,013580,계룡건설,13170,-130,10159,,,,
20250304,013700,까뮤이앤씨,1203,-53,205058,,,,
20250304,013870,지엠비코리아,3660,50,13688,,,,
20250304,013890,지누스,18020,-390,158368,,,,
20250304,014130,한익스프레스,3420,-5,18087,,,,
20250304,014160,대영포장,1430,-71,1977467,,,,
20250304,014280,금강공업,3930,-90,109935,,,,
20250304,014285,금강공업우,6200,-30,408,,,,
20250304,014440,영보화학,4670,85,79839,,,,
20250304,014530,극동유화,3395,-20,52382,,,,
20250304,014580,태경비케이,4575,-75,73146,,,,
20250304,014680,한솔케미칼,107100,-2700,96208,,,,
20250304,014710,사조씨푸드,5060,-110,234225,,,,
20250304,014790,HL D&I,2230,-30,36023,,,,
20250304,014820,동원시스템즈,36000,-950,16665,,,,
20250304,014825,동원시스템즈우,17990,-40,363,,,,
20250304,014830,유니드,84700,4100,120932,,,,
20250304,014910,성문전자,1146,-19,12695,,,,
20250304,014915,성문전자우,4700,-210,2312,,,,
20250304,014990,인디에프,3850,-65,34750,,,,
20250304,015020,이스타코,3504,94,667261,,,,
20250304,015230,대창단조,5060,-20,57925,,,,
20250304,015260,에이엔피,495,-9,31843,,,,
20250304,015360,INVENI,9720,-140,60540,,,,
20250304,015590,DKME,2575,0,0,,,,
20250304,015760,한국전력,21350,0,1747544,,,,
20250304,015860,일진홀딩스,3655,-50,79739,,,,
20250304,015890,태경산업,4755,-95,61590,,,,
20250304,016090,대현,2270,5,28321,,,,
20250304,016360,삼성증권,45100,-500,322315,,,,
20250304,016380,KG스틸,6110,-30,285903,,,,
20250304,016450,한세예스24홀딩스,3895,-45,25121,,,,
20250304,016580,환인제약,11450,-30,8054,,,,
20250304,016590,신대양제지,5990,-20,22733,,,,
20250304,016610,DB증권,5860,-20,34926,,,,
20250304,016710,대성홀딩스,6970,-50,13703,,,,
20250304,016740,두올,3255,65,150159,,,,
20250304,016800,퍼시스,43450,-150,1310,,,,
20250304,016880,웅진,870,-19,135683,,,,
20250304,017040,광명전기,1460,-17,98315,,,,
20250304,017180,명문제약,1671,-6,53502,,,,
20250304,017370,우신시스템,5950,-100,37351,,,,
20250304,017390,서울가스,49200,-50,3280,,,,
20250304,017550,수산세보틱스,1993,-52,114405,,,,
20250304,017670,SK텔레콤,56000,0,696920,,,,
20250304,017800,현대엘리베이터,55700,700,80613,,,,
20250304,017810,풀무원,17720,310,609486,,,,
20250304,017860,DS단석,27778,-1139,334242,,,,
20250304,017900,광전자,1810,-60,51393,,,,
20250304,017940,E1,61500,-800,11401,,,,
20250304,017960,한국카본,15250,-120,1672686,,,,
20250304,018250,애경산업,13910,60,42362,,,,
20250304,018260,삼성에스디에스,121600,-1700,95668,,,,
20250304,018470,조일알미늄,1562,-34,428025,,,,
20250304,018500,동원모빌리티,1920,-85,848115,,,,
20250304,018670,SK가스,235000,0,7431,,,,
20250304,018880,한온시스템,3973,-144,1898876,,,,
20250304,019170,신풍제약,8380,-120,226645,,,,
20250304,019175,신풍제약우,13200,-290,1769,,,,
20250304,019180,티에이치엔,3010,0,88946,,,,
20250304,019490,엑시큐어하이트론,674,44,17796897,,,,
20250304,019680,대교,2170,-20,37450,,,,
20250304,019685,대교우B,1256,3,4107,,,,
20250304,020000,한섬,15600,-390,27094,,,,
20250304,020120,키다리스튜디오,3655,-80,474126,,,,
20250304,020150,롯데에너지머티리얼즈,25700,-1550,149710,,,,
20250304,020560,아시아나항공,10530,-150,97195,,,,
20250304,020760,일진디스플,859,-28,38634,,,,
20250304,021050,서원,1242,-18,184233,,,,
20250304,021240,코웨이,86000,5000,239098,,,,
20250304,021820,세원정공,7790,-10,10417,,,,
20250304,022100,포스코DX,21100,-2000,3039270,,,,
20250304,023000,삼원강재,2335,10,4807,,,,
20250304,023150,MH에탄올,5020,0,6104,,,,
20250304,023350,한국종합기술,5360,-160,42804,,,,
20250304,023450,동남합성,34250,350,810,,,,
20250304,023530,롯데쇼핑,62500,-600,36835,,,,
20250304,023590,다우기술,20550,300,66197,,,,
20250304,023800,인지컨트롤스,5890,-10,23222,,,,
20250304,023810,인팩,5820,-100,4285,,,,
20250304,023960,에쓰씨엔지니어링,1275,-30,131788,,,,
20250304,024070,WISCOM,1872,0,11357,,,,
20250304,024090,디씨엠,11580,10,859,,,,
20250304,024110,기업은행,15480,-110,1513662,,,,
20250304,024720,콜마홀딩스,7070,-10,26359,,,,
20250304,024890,대원화성,4830,-5,9762,,,,
20250304,024900,디와이덕양,2670,-95,86703,,,,
20250304,025000,KPX케미칼,41316,-283,3731,,,,
20250304,025530,SJM홀딩스,3050,10,7826,,,,
20250304,025540,한국단자,71000,-1200,26383,,,,
20250304,025560,미래산업,2718,-32,139835,,,,
20250304,025620,차AI헬스케어,3915,25,4412,,,,
20250304,025750,한솔홈데코,4240,-260,278340,,,,
20250304,025820,이구산업,4660,90,473252,,,,
20250304,025860,남해화학,6380,-50,47767,,,,
20250304,025890,한국주강,1755,-4,6671,,,,
20250304,026890,스틱인베스트먼트,7570,-310,109017,,,,
20250304,026940,부국철강,2410,-65,107886,,,,
20250304,026960,동서,24700,1200,128240,,,,
20250304,027410,BGF,3350,-55,87011,,,,
20250304,027740,마니커,1698,-18,157022,,,,
20250304,027970,한국제지,4065,-40,7472,,,,
20250304,028050,삼성E&A,16870,490,2381924,,,,
20250304,028100,동아지질,13600,-90,24644,,,,
20250304,028260,삼성물산,122200,700,199433,,,,
20250304,02826K,삼성물산우B,90400,1400,2976,,,,
20250304,028670,팬오션,3730,-50,1682987,,,,
20250304,029460,케이씨,18370,-230,10291,,,,
20250304,029530,신도리코,38350,50,2737,,,,
20250304,029780,삼성카드,44550,-400,41497,,,,
20250304,030000,제일기획,17690,-180,182205,,,,
20250304,030190,NICE평가정보,13000,160,219207,,,,
20250304,030200,KT,47700,700,444485,,,,
20250304,030210,다올투자증권,2690,40,67986,,,,
20250304,030610,교보증권,6740,140,154860,,,,
20250304,030720,동원수산,5050,80,6668,,,,
20250304,031430,신세계인터내셔날,10120,-230,104457,,,,
20250304,031820,아이티센씨티에스,5940,-90,45625,,,,
20250304,032350,롯데관광개발,7890,-230,507524,,,,
20250304,032560,황금에스티,4930,-10,13997,,,,
20250304,032640,LG유플러스,10500,-80,937660,,,,
20250304,032830,삼성생명,85700,-1100,147592,,,,
20250304,033240,자화전자,13370,-100,63400,,,,
20250304,033250,체시스,6175,-115,55398,,,,
20250304,033270,유나이티드제약,19830,-370,19596,,,,
20250304,033530,SJG세종,4190,20,42607,,,,
20250304,033780,KT&G,99600,1300,324390,,,,
20250304,033920,무학,6440,100,46245,,,,
20250304,034020,두산에너빌리티,25500,100,9094716,,,,
20250304,034120,SBS,22350,150,96511,,,,
20250304,034220,LG디스플레이,9080,-70,791703,,,,
20250304,034230,파라다이스,10720,-190,301158,,,,
20250304,034310,NICE,11370,-30,15671,,,,
20250304,034590,인천도시가스,24250,0,3819,,,,
20250304,034730,SK,139400,-4400,103392,,,,
20250304,03473K,SK우,121300,-1900,3028,,,,
20250304,034830,한국토지신탁,998,0,181639,,,,
20250304,035000,HS애드,7220,50,26481,,,,
20250304,035150,백산,14760,-540,121551,,,,
20250304,035250,강원랜드,15940,-120,498802,,,,
20250304,035420,NAVER,205500,-1500,673266,,,,
20250304,035510,신세계 I&C,12400,10,97043,,,,
20250304,035720,카카오,41900,-1250,3387888,,,,
20250304,036420,콘텐트리중앙,9250,-1100,225642,,,,
20250304,036460,한국가스공사,35550,650,607992,,,,
20250304,036530,SNT홀딩스,32200,150,21897,,,,
20250304,036570,NC,164500,-5600,116485,,,,
20250304,036580,팜스코,2160,-15,8353,,,,
20250304,037270,YG PLUS,5460,-310,6101245,,,,
20250304,037560,LG헬로비전,2395,-5,179958,,,,
20250304,037710,광주신세계,30100,200,14366,,,,
20250304,039130,하나투어,54800,-2300,88909,,,,
20250304,039490,키움증권,113700,-500,66302,,,,
20250304,039570,HDC랩스,8630,20,17089,,,,
20250304,041650,상신브레이크,2945,25,36500,,,,
20250304,042660,한화오션,85100,10800,16811533,,,,
20250304,042700,한미반도체,90200,-3300,791986,,,,
20250304,044380,주연테크,1680,-20,19203,,,,
20250304,044450,KSS해운,8910,10,55062,,,,
20250304,044820,코스맥스비티아이,9400,10,2105,,,,
20250304,047040,대우건설,3290,-100,996942,,,,
20250304,047050,포스코인터내셔널,52900,1000,1699099,,,,
20250304,047400,유니온머티리얼,2280,25,557225,,,,
20250304,047810,한국항공우주,67700,4600,3412801,,,,
20250304,049800,우진플라임,2015,5,18719,,,,
20250304,051600,한전KPS,42550,600,112400,,,,
20250304,051630,진양화학,4070,-505,417320,,,,
20250304,051900,LG생활건강,319500,0,67347,,,,
20250304,051905,LG생활건강우,127800,800,6226,,,,
20250304,051910,LG화학,227500,-7000,344750,,,,
20250304,051915,LG화학우,108300,-5200,169075,,,,
20250304,052690,한전기술,64100,500,121983,,,,
20250304,053210,스카이라이프,4490,30,20354,,,,
20250304,053690,한미글로벌,16570,-560,131197,,,,
20250304,055490,테이팩스,14050,-320,9405,,,,
20250304,055550,신한지주,46150,300,1570129,,,,
20250304,058430,포스코스틸리온,3650,-30,964890,,,,
20250304,058650,세아홀딩스,95300,-1400,146,,,,
20250304,058730,다스코,2960,-75,138870,,,,
20250304,058850,KTcs,2770,-45,214028,,,,
20250304,058860,KTis,2655,-50,180756,,,,
20250304,060980,HL홀딩스,36750,-150,12419,,,,
20250304,062040,산일전기,63900,-800,336070,,,,
20250304,063160,종근당바이오,20250,-150,8178,,,,
20250304,064350,현대로템,86700,8500,1820289,,,,
20250304,064400,LG씨엔에스,46550,-1800,743054,,,,
20250304,064960,SNT모티브,24600,-450,57485,,,,
20250304,066570,LG전자,78200,-700,420402,,,,
20250304,066575,LG전자우,37900,-400,14433,,,,
20250304,066970,엘앤에프,72700,-6200,718829,,,,
20250304,067830,세이브존I&C,2130,35,17764,,,,
20250304,068270,셀트리온,168471,-459,1114438,,,,
20250304,068290,삼성출판사,14800,-690,68546,,,,
20250304,069260,TKG휴켐스,16100,-60,38864,,,,
20250304,069460,대호에이엘,6015,-60,17991,,,,
20250304,069620,대웅제약,127500,700,10326,,,,
20250304,069640,한세엠케이,2054,2,4312,,,,
20250304,069730,DSR제강,3595,-95,15525,,,,
20250304,069960,현대백화점,57000,-100,77608,,,,
20250304,070960,모나용평,3905,-125,256169,,,,
20250304,071050,한국금융지주,75600,-4000,165718,,,,
20250304,071055,한국금융지주우,54800,-1900,23151,,,,
20250304,071090,하이스틸,3070,115,3442772,,,,
20250304,071320,지역난방공사,49300,-250,22717,,,,
20250304,071840,롯데하이마트,7420,-100,10599,,,,
20250304,071950,코아스,9020,20,6469,,,,
20250304,071970,HD현대마린엔진,25150,600,591496,,,,
20250304,072130,유엔젤,5340,-80,60355,,,,
20250304,072710,농심홀딩스,63900,200,2644,,,,
20250304,073240,금호타이어,4820,-80,273749,,,,
20250304,074610,이엔플러스,6370,-2590,667824,,,,
20250304,075180,새론오토모티브,3480,0,11963,,,,
20250304,075580,세진중공업,8500,70,782682,,,,
20250304,077500,유니퀘스트,6220,-150,113253,,,,
20250304,077970,STX엔진,25800,1650,1013430,,,,
20250304,078000,텔코웨어,9160,50,1043,,,,
20250304,078520,에이블씨엔씨,7240,90,163456,,,,
20250304,078930,GS,35700,-350,699323,,,,
20250304,078935,GS우,35950,-550,29371,,,,
20250304,079160,CJ CGV,5050,0,167830,,,,
20250304,079430,현대리바트,7390,-20,24133,,,,
20250304,079550,LIG디펜스앤에어로스페이스,290500,20000,535975,,,,
20250304,079900,전진건설로봇,51700,-3400,765380,,,,
20250304,079980,휴비스,2560,-80,50939,,,,
20250304,081000,일진다이아,11650,-230,8549,,,,
20250304,081660,미스토홀딩스,37400,-50,77195,,,,
20250304,082640,동양생명,4935,-45,322467,,,,
20250304,082740,한화엔진,23650,1000,2540795,,,,
20250304,083420,그린케미칼,6680,-90,100124,,,,
20250304,084010,대한제강,10282,-200,54385,,,,
20250304,084670,동양고속,7150,60,1061,,,,
20250304,084680,이월드,1370,-30,224106,,,,
20250304,084690,대상홀딩스,12080,-190,578688,,,,
20250304,084695,대상홀딩스우,27550,900,36852,,,,
20250304,084870,TBH글로벌,1115,-25,5227,,,,
20250304,085310,엔케이,9110,-50,31484,,,,
20250304,085620,미래에셋생명,4485,-235,72797,,,,
20250304,086280,현대글로비스,131900,1800,121932,,,,
20250304,086790,하나금융지주,59400,-100,764143,,,,
20250304,088260,이리츠코크렙,4230,20,39120,,,,
20250304,088350,한화생명,2575,-50,1466867,,,,
20250304,088790,진도,1806,15,36957,,,,
20250304,088980,맥쿼리인프라,11300,100,915652,,,,
20250304,089470,HDC현대EP,3535,-30,11441,,,,
20250304,089590,제주항공,7050,0,328389,,,,
20250304,089860,롯데렌탈,29100,50,46637,,,,
20250304,090080,평화산업,1380,70,7554365,,,,
20250304,090350,노루페인트,7420,-80,49951,,,,
20250304,090355,노루페인트우,11800,80,4,,,,
20250304,090370,메타랩스,1362,-35,11558,,,,
20250304,090430,아모레퍼시픽,115700,-1500,173506,,,,
20250304,090435,아모레퍼시픽우,35250,-900,9022,,,,
20250304,090460,비에이치,14830,-190,215295,,,,
20250304,091810,트리니티항공,2295,-96,2883313,,,,
20250304,092200,디아이씨,4630,-10,295584,,,,
20250304,092220,KEC,4015,-85,100434,,,,
20250304,092230,KPX홀딩스,55000,-700,1549,,,,
20250304,092440,기신정기,2405,5,4754,,,,
20250304,092780,DYP,4675,65,16432,,,,
20250304,092790,넥스틸,14140,2940,18066080,,,,
20250304,093050,LF,16080,-430,33282,,,,
20250304,093240,형지엘리트,1815,-39,489451,,,,
20250304,093370,후성,4480,-225,850914,,,,
20250304,094280,효성ITX,11830,-20,3691,,,,
20250304,094800,맵스리얼티,4180,40,50830,,,,
20250304,095570,AJ네트웍스,3870,-10,99859,,,,
20250304,095720,웅진씽크빅,3176,20,95307,,,,
20250304,096760,JW홀딩스,3075,65,54028,,,,
20250304,096770,SK이노베이션,124200,-1500,197545,,,,
20250304,096775,SK이노베이션우,76600,600,5300,,,,
20250304,097230,HJ중공업,7930,1830,15027532,,,,
20250304,097520,엠씨넥스,22850,-350,50825,,,,
20250304,097950,CJ제일제당,240000,3000,49419,,,,
20250304,097955,CJ제일제당 우,130000,1200,4350,,,,
20250304,100090,SK오션플랜트,15500,100,243739,,,,
20250304,100220,비상교육,4950,-70,39911,,,,
20250304,100250,진양홀딩스,2930,-14,72925,,,,
20250304,100840,SNT에너지,32400,1250,395999,,,,
20250304,101140,인바이오젠,6700,-320,17846,,,,
20250304,101530,해태제과식품,6020,-40,31012,,,,
20250304,102260,동성케미컬,3815,-44,53385,,,,
20250304,102460,이연제약,11870,-70,33006,,,,
20250304,103140,풍산,59100,4200,761197,,,,
20250304,103590,일진전기,28000,-100,626886,,,,
20250304,104700,한국철강,8090,130,55894,,,,
20250304,105560,KB금융,77900,-400,1154886,,,,
20250304,105630,한세실업,11720,60,120805,,,,
20250304,105840,우진,7510,-60,60417,,,,
20250304,107590,미원홀딩스,73300,100,326,,,,
20250304,108320,LX세미콘,59200,-800,45094,,,,
20250304,108670,LX하우시스,29950,-600,20152,,,,
20250304,108675,LX하우시스우,18260,-140,1331,,,,
20250304,109070,주성코퍼레이션,1185,0,0,,,,
20250304,111110,호전실업,7650,-70,18971,,,,
20250304,111380,동인기연,16750,-70,2169,,,,
20250304,111770,영원무역,46850,-800,92528,,,,
20250304,112610,씨에스윈드,40800,0,150182,,,,
20250304,114090,GKL,11190,-230,135958,,,,
20250304,117580,대성에너지,7850,-20,32432,,,,
20250304,118000,메타케어,3200,60,16676,,,,
20250304,119650,KC코트렐,984,-30,72850,,,,
20250304,120030,조선선재,98600,-200,1673,,,,
20250304,120110,코오롱인더,34450,1050,148940,,,,
20250304,120115,코오롱인더우,19780,-70,6190,,,,
20250304,122900,아이마켓코리아,7890,-40,10515,,,,
20250304,123690,한국화장품,6850,-260,160389,,,,
20250304,123700,SJM,2875,-30,19508,,,,
20250304,123890,한국자산신탁,2525,-25,175633,,,,
20250304,126560,현대퓨처넷,3475,-25,59645,,,,
20250304,126720,수산인더스트리,20300,-150,41290,,,,
20250304,128820,대성산업,3360,-31,128204,,,,
20250304,128940,한미약품,240500,500,106618,,,,
20250304,129260,인터지스,2520,55,274809,,,,
20250304,130660,한전산업,10910,-110,164480,,,,
20250304,133820,화인베스틸,1127,14,15475,,,,
20250304,134380,미원화학,7710,10,700,,,,
20250304,134790,시디즈,23750,-300,779,,,,
20250304,136490,선진,5730,-50,17826,,,,
20250304,137310,에스디바이오센서,10170,-400,119320,,,,
20250304,138040,메리츠금융지주,117900,-2900,340502,,,,
20250304,138930,BNK금융지주,10750,-410,1115954,,,,
20250304,139130,iM금융지주,9150,-110,722322,,,,
20250304,139480,이마트,76000,-100,226968,,,,
20250304,139990,아주스틸,3985,-5,9923,,,,
20250304,143210,핸즈코퍼레이션,1956,-13,5861,,,,
20250304,145210,다이나믹디자인,9900,-1080,50507,,,,
20250304,145270,케이탑리츠,969,-4,92186,,,,
20250304,145720,덴티움,62500,-4700,87730,,,,
20250304,145990,삼양사,44400,-250,8287,,,,
20250304,145995,삼양사우,29300,250,26,,,,
20250304,155660,DSR,3940,-50,12816,,,,
20250304,161000,애경케미칼,7050,-230,149154,,,,
20250304,161390,한국타이어앤테크놀로지,37600,-300,397059,,,,
20250304,161890,한국콜마,60100,-1300,221563,,,,
20250304,163560,동일고무벨트,7510,-200,89636,,,,
20250304,170900,동아에스티,43921,0,72926,,,,
20250304,175330,JB금융지주,17400,160,389346,,,,
20250304,178920,PI첨단소재,18170,-50,107867,,,,
20250304,180640,한진칼,78700,-4400,64482,,,,
20250304,18064K,한진칼우,23300,-900,2151,,,,
20250304,181710,NHN,19100,-650,44905,,,,
20250304,183190,아세아시멘트,10100,-40,31924,,,,
20250304,185750,종근당,80300,-500,24455,,,,
20250304,192080,더블유게임즈,47300,-600,43194,,,,
20250304,192400,쿠쿠홀딩스,21850,-100,11070,,,,
20250304,192650,드림텍,7030,-150,329623,,,,
20250304,192820,코스맥스,166100,-5200,117121,,,,
20250304,194370,제이에스코퍼레이션,7455,-80,98674,,,,
20250304,195870,해성디에스,29550,450,72250,,,,
20250304,200880,서연이화,12500,-110,91220,,,,
20250304,204320,HL만도,41700,-2450,233068,,,,
20250304,207940,삼성바이오로직스,1648353,5887,30429,,,,
20250304,210540,디와이파워,11780,-390,39441,,,,
20250304,210980,SK디앤디,8080,-30,29189,,,,
20250304,213500,한솔제지,8690,-80,73885,,,,
20250304,214320,이노션,18280,-90,58799,,,,
20250304,214330,금호에이치티,16184,-599,21632,,,,
20250304,214390,경보제약,6560,110,22835,,,,
20250304,214420,토니모리,8950,-110,5601624,,,,
20250304,226320,잇츠한불,11500,-260,21646,,,,
20250304,227840,현대코퍼레이션홀딩스,10470,-80,20749,,,,
20250304,229640,LS에코에너지,37300,650,169830,,,,
20250304,234080,JW생명과학,10500,-90,31768,,,,
20250304,241560,두산밥캣,45300,-1700,297079,,,,
20250304,241590,화승엔터프라이즈,10090,60,110474,,,,
20250304,244920,에이플러스에셋,4055,-60,42444,,,,
20250304,248070,솔루엠,17280,-350,116603,,,,
20250304,248170,샘표식품,27400,750,275343,,,,
20250304,249420,일동제약,11440,-140,30166,,,,
20250304,251270,넷마블,40050,-200,458786,,,,
20250304,259960,크래프톤,334000,-9500,170871,,,,
20250304,264900,크라운제과,7960,-140,13801,,,,
20250304,26490K,크라운제과우,9440,-50,3928,,,,
20250304,267250,HD현대,75900,3000,245879,,,,
20250304,267260,HD현대일렉트릭,335000,9500,407353,,,,
20250304,267270,HD건설기계,71600,-3400,450739,,,,
20250304,267290,경동도시가스,17510,10,4765,,,,
20250304,267850,아시아나IDT,11270,-330,20021,,,,
20250304,268280,미원에스씨,145000,400,1227,,,,
20250304,271560,오리온,103000,1100,82225,,,,
20250304,271940,일진하이솔루스,14490,-170,114622,,,,
20250304,271980,제일약품,10910,-60,9129,,,,
20250304,272210,한화시스템,33200,2650,8107951,,,,
20250304,272450,진에어,9710,-90,94884,,,,
20250304,272550,삼양패키징,14400,-50,5174,,,,
20250304,278470,에이피알,59500,700,905379,,,,
20250304,280360,롯데웰푸드,109700,-1500,13295,,,,
20250304,281820,케이씨텍,34200,450,54287,,,,
20250304,282330,BGF리테일,99500,-400,45535,,,,
20250304,284740,쿠쿠홈시스,22150,50,75075,,,,
20250304,285130,SK케미칼,40650,-1150,25761,,,,
20250304,28513K,SK케미칼우,20150,0,403,,,,
20250304,286940,롯데이노베이트,19020,-790,55671,,,,
20250304,293480,하나제약,10300,-90,10559,,,,
20250304,293940,신한알파리츠,6100,100,210120,,,,
20250304,294870,IPARK현대산업개발,18080,-220,206250,,,,
20250304,298000,효성화학,77800,0,0,,,,
20250304,298020,효성티앤씨,220000,-5500,11258,,,,
20250304,298040,효성중공업,441500,9000,66577,,,,
20250304,298050,HS효성첨단소재,184100,-3000,11450,,,,
20250304,298690,에어부산,2230,0,118061,,,,
20250304,300720,한일시멘트,15450,-210,61073,,,,
20250304,302440,SK바이오사이언스,40700,-1850,506310,,,,
20250304,306200,세아제강,176600,15900,118217,,,,
20250304,307950,현대오토에버,131500,-200,25718,,,,
20250304,308170,씨티알모빌리티,5620,-140,876,,,,
20250304,316140,우리금융지주,16250,-330,2585981,,,,
20250304,317400,자이에스앤디,3190,-60,19156,,,,
20250304,322000,HD현대에너지솔루션,26950,-1700,240376,,,,
20250304,323410,카카오뱅크,22700,-1950,1047979,,,,
20250304,326030,SK바이오팜,115200,1200,192645,,,,
20250304,329180,HD현대중공업,314500,18500,669510,,,,
20250304,330590,롯데리츠,3525,10,246141,,,,
20250304,334890,이지스밸류플러스리츠,4282,0,55104,,,,
20250304,336260,두산퓨얼셀,15620,-920,462852,,,,
20250304,33626K,두산퓨얼셀1우,4650,-55,3045,,,,
20250304,33626L,두산퓨얼셀2우B,7690,-240,1589,,,,
20250304,336370,솔루스첨단소재,9320,0,188593,,,,
20250304,33637K,솔루스첨단소재1우,1995,-40,32838,,,,
20250304,33637L,솔루스첨단소재2우B,4185,45,4116,,,,
20250304,338100,NH프라임리츠,4520,30,28873,,,,
20250304,339770,교촌에프앤비,5650,-30,99737,,,,
20250304,344820,KCC글라스,31200,100,38587,,,,
20250304,348950,제이알글로벌리츠,2620,65,605327,,,,
20250304,350520,이지스레지던스리츠,4005,5,24454,,,,
20250304,352820,하이브,251000,-6500,212321,,,,
20250304,353200,대덕전자,17560,-290,310157,,,,
20250304,35320K,대덕전자1우,8070,30,203,,,,
20250304,357120,코람코라이프인프라리츠,4540,20,96789,,,,
20250304,357250,미래에셋맵스리츠,2595,10,13519,,,,
20250304,357430,마스턴프리미어리츠,1528,-10,44361,,,,
20250304,361610,SK아이이테크놀로지,26700,-1300,241075,,,,
20250304,363280,티와이홀딩스,2445,-40,23948,,,,
20250304,36328K,티와이홀딩스우,3800,-110,7605,,,,
20250304,365550,ESR켄달스퀘어리츠,4847,29,307560,,,,
20250304,372910,한컴라이프케어,3445,30,294242,,,,
20250304,373220,LG에너지솔루션,332000,-20000,361892,,,,
20250304,375500,DL이앤씨,41150,650,170693,,,,
20250304,37550K,DL이앤씨우,16320,-150,5035,,,,
20250304,37550L,DL이앤씨2우(전환),24650,150,3623,,,,
20250304,377190,디앤디플랫폼리츠,3245,15,51184,,,,
20250304,377300,카카오페이,30650,-3600,968689,,,,
20250304,377740,바이오노트,4830,-40,55719,,,,
20250304,378850,화승알앤에이,3195,250,6061150,,,,
20250304,381970,케이카,12920,-80,84831,,,,
20250304,383220,F&F,68900,-2000,80220,,,,
20250304,383800,LX홀딩스,6620,10,124890,,,,
20250304,38380K,LX홀딩스1우,8090,150,244,,,,
20250304,395400,SK리츠,5120,-40,245342,,,,
20250304,396690,미래에셋글로벌리츠,2775,30,53245,,,,
20250304,400760,NH올원리츠,3467,0,42521,,,,
20250304,402340,SK스퀘어,88900,-1200,258005,,,,
20250304,403550,쏘카,14700,-130,2274,,,,
20250304,404990,신한서부티엔디리츠,3345,-50,198818,,,,
20250304,415640,KB발해인프라,7200,40,117210,,,,
20250304,417310,코람코더원리츠,4750,-25,33504,,,,
20250304,432320,KB스타리츠,3780,30,87716,,,,
20250304,443060,HD현대마린솔루션,133200,6500,314301,,,,
20250304,446070,유니드비티플러스,3705,-55,10593,,,,
20250304,448730,삼성FN리츠,4640,10,34869,,,,
20250304,450080,에코프로머티,77300,-9500,1204525,,,,
20250304,451800,한화리츠,3670,10,127323,,,,
20250304,452260,한화갤러리아,1228,-3,1236396,,,,
20250304,45226K,한화갤러리아우,2450,-15,4220,,,,
20250304,453340,현대그린푸드,13590,-130,39773,,,,
20250304,454910,두산로보틱스,63000,-100,211450,,,,
20250304,456040,OCI,59000,-1000,56483,,,,
20250304,457190,이수스페셜티케미컬,52700,-11300,2961389,,,,
20250304,460850,동국씨엠,6820,20,68110,,,,
20250304,460860,동국제강,9490,190,411728,,,,
20250304,462520,조선내화,14500,-150,10448,,,,
20250304,462870,시프트업,59800,-1300,333416,,,,
20250304,465770,STX그린로지스,8400,190,95395,,,,
20250304,475150,SK이터닉스,14950,80,448932,,,,
20250304,475560,더본코리아,29400,-200,63005,,,,
20250304,481850,신한글로벌액티브리츠,1593,-52,170616,,,,
20250304,484870,엠앤씨솔루션,23133,1533,613812,,,,
20250304,487570,HS효성,29500,0,4908,,,,
20250304,489790,한화비전,47350,-600,1033036,,,,
20250304,499790,GS피앤엘,20100,-1250,45214,,,,
20250304,900140,엘브이엠씨홀딩스,1617,-58,383134,,,,
20250304,950210,프레스티지바이오파마,13460,-210,83901,,,,
20250305,000020,동화약품,6310,180,50631,,,,
20250305,000040,KR모터스,2050,50,26001,,,,
20250305,000050,경방,6300,10,3322,,,,
20250305,000070,삼양홀딩스,40438,133,39785,,,,
20250305,000080,하이트진로,19020,60,123361,,,,
20250305,000087,하이트진로2우B,15150,-30,377,,,,
20250305,000100,유한양행,129800,0,759924,,,,
20250305,000105,유한양행우,112900,-400,7615,,,,
20250305,000120,CJ대한통운,93200,3500,103675,,,,
20250305,000140,하이트진로홀딩스,8740,30,7976,,,,
20250305,000145,하이트진로홀딩스우,10270,-20,93,,,,
20250305,000150,두산,322000,3000,136238,,,,
20250305,000155,두산우,151800,3100,10798,,,,
20250305,000157,두산2우B,133500,2700,5048,,,,
20250305,000180,성창기업지주,6615,80,11683,,,,
20250305,000210,DL,35000,2200,130679,,,,
20250305,000215,DL우,19330,140,2371,,,,
20250305,000220,유유제약,4640,0,50184,,,,
20250305,000225,유유제약1우,4785,-70,1629,,,,
20250305,000227,유유제약2우B,9620,110,3441,,,,
20250305,000230,일동홀딩스,6330,20,8496,,,,
20250305,000240,한국앤컴퍼니,15960,210,92226,,,,
20250305,000270,기아,95900,2600,1593290,,,,
20250305,000300,DH오토넥스,4200,0,0,,,,
20250305,000320,노루홀딩스,14040,440,21852,,,,
20250305,000325,노루홀딩스우,28000,800,187,,,,
20250305,000370,한화손해보험,3980,60,335736,,,,
20250305,000390,SP삼화,6340,170,31759,,,,
20250305,000400,롯데손해보험,1788,22,98544,,,,
20250305,000430,대원강업,3805,95,48589,,,,
20250305,000480,CR홀딩스,5400,30,5489,,,,
20250305,000490,대동,12180,670,1089924,,,,
20250305,000500,가온전선,28784,1556,199764,,,,
20250305,000520,삼일제약,12810,310,206635,,,,
20250305,000540,흥국화재,3275,25,51923,,,,
20250305,000545,흥국화재우,4945,25,3410,,,,
20250305,000590,CS홀딩스,73500,100,299,,,,
20250305,000640,동아쏘시오홀딩스,93591,-1321,15826,,,,
20250305,000650,천일고속,38300,50,131,,,,
20250305,000660,SK하이닉스,193100,7000,4162368,,,,
20250305,000670,영풍,42514,1168,60532,,,,
20250305,000680,LS네트웍스,4370,145,3788173,,,,
20250305,000700,유수홀딩스,5470,30,16697,,,,
20250305,000720,현대건설,35250,2000,1075181,,,,
20250305,000725,현대건설우,51100,1800,3339,,,,
20250305,000760,이화산업,10190,0,340,,,,
20250305,000810,삼성화재,387500,5000,82538,,,,
20250305,000815,삼성화재우,293000,1500,6109,,,,
20250305,000850,화천기공,28750,-150,7775,,,,
20250305,000860,강남제비스코,12405,25,10997,,,,
20250305,000880,한화,53241,-240,566590,,,,
20250305,00088K,한화3우B,18304,-121,76691,,,,
20250305,000890,보해양조,2260,10,15704,,,,
20250305,000910,유니온,5830,-150,1622726,,,,
20250305,000950,전방,19260,180,761,,,,
20250305,000970,한국주철관,6350,250,404035,,,,
20250305,000990,DB하이텍,44500,-250,247696,,,,
20250305,001020,페이퍼코리아,3615,-155,20178,,,,
20250305,001040,CJ,101800,800,52237,,,,
20250305,001045,CJ우,58800,-1500,16963,,,,
20250305,00104K,CJ4우(전환),82600,-300,3782,,,,
20250305,001060,JW중외제약,22650,350,116700,,,,
20250305,001065,JW중외제약우,28600,50,67,,,,
20250305,001067,JW중외제약2우B,60600,-100,1,,,,
20250305,001070,대한방직,5270,-20,1797,,,,
20250305,001080,만호제강,2525,75,6250,,,,
20250305,001120,LX인터내셔널,26100,500,260005,,,,
20250305,001130,대한제분,12920,120,11790,,,,
20250305,001200,유진투자증권,2620,35,278517,,,,
20250305,001210,금호전기,3540,5,18444,,,,
20250305,001230,동국홀딩스,1707,15,150318,,,,
20250305,001250,GS글로벌,2745,170,2098768,,,,
20250305,001260,남광토건,8230,230,18036,,,,
20250305,001270,부국증권,26800,-50,893,,,,
20250305,001275,부국증권우,21800,0,324,,,,
20250305,001290,상상인증권,413,0,85431,,,,
20250305,001340,PKC,7060,90,96032,,,,
20250305,001360,삼성제약,1575,12,168650,,,,
20250305,001380,SG글로벌,5900,130,286628,,,,
20250305,001390,KG케미칼,4015,170,160176,,,,
20250305,001420,태원물산,3660,55,1526,,,,
20250305,001430,세아베스틸지주,20700,1300,277255,,,,
20250305,001440,대한전선,12330,290,714557,,,,
20250305,001450,현대해상,22700,400,294667,,,,
20250305,001460,BYC,27400,0,3182,,,,
20250305,001465,BYC우,12550,-10,121,,,,
20250305,001470,삼부토건,918,0,0,,,,
20250305,001500,현대차증권,6160,40,67986,,,,
20250305,001510,SK증권,941,0,149127,,,,
20250305,001515,SK증권우,3542,80,4062,,,,
20250305,001520,동양,1290,14,145724,,,,
20250305,001525,동양우,8200,-10,199,,,,
20250305,001527,동양2우B,16840,320,6,,,,
20250305,001530,DI동일,44048,47,35690,,,,
20250305,001550,조비,10380,90,4927,,,,
20250305,001560,제일연마,9500,310,11938,,,,
20250305,001570,금양,17770,0,0,,,,
20250305,001620,케이비아이동국실업,2425,-15,42078,,,,
20250305,001630,종근당홀딩스,44250,150,5485,,,,
20250305,001680,대상,25050,650,383450,,,,
20250305,001685,대상우,17860,160,12902,,,,
20250305,001720,신영증권,84500,-700,1861,,,,
20250305,001740,SK네트웍스,4440,125,223548,,,,
20250305,001750,한양증권,12230,20,19294,,,,
20250305,001755,한양증권우,12890,40,1735,,,,
20250305,001770,SHD,14460,-150,1693,,,,
20250305,001780,알루코,2275,35,564037,,,,
20250305,001790,대한제당,2645,-5,52967,,,,
20250305,001795,대한제당우,2260,20,5702,,,,
20250305,001800,오리온홀딩스,15150,160,136649,,,,
20250305,001820,삼화콘덴서,28500,650,23698,,,,
20250305,001940,KISCO홀딩스,19470,170,10790,,,,
20250305,002020,코오롱,17870,690,89289,,,,
20250305,002025,코오롱우,13000,400,6447,,,,
20250305,002030,아세아,260000,2500,712,,,,
20250305,002070,비비안,17354,1481,55992,,,,
20250305,002100,경농,9110,30,7523,,,,
20250305,002140,고려산업,2955,20,514822,,,,
20250305,002150,도화엔지니어링,6690,170,27597,,,,
20250305,002170,SYTS,47050,250,2017,,,,
20250305,002200,한국수출포장,2740,0,31620,,,,
20250305,002210,동성제약,3844,10,28817,,,,
20250305,002220,한일철강,1900,-35,95384,,,,
20250305,002240,고려제강,17800,170,10464,,,,
20250305,002310,아세아제지,7180,90,68202,,,,
20250305,002320,한진,19650,150,17610,,,,
20250305,002350,넥센타이어,5270,130,163503,,,,
20250305,002355,넥센타이어1우B,2795,15,3592,,,,
20250305,002360,SH에너지화학,4890,180,184274,,,,
20250305,002380,KCC,267500,4000,32758,,,,
20250305,002390,한독,11470,40,14095,,,,
20250305,002410,범양건영,2850,160,2204567,,,,
20250305,002420,세기상사,5270,170,1037,,,,
20250305,002450,삼익악기,1185,12,108409,,,,
20250305,002460,HS화성,9300,100,9036,,,,
20250305,002600,조흥,164400,1300,52,,,,
20250305,002620,제일파마홀딩스,7190,170,3733,,,,
20250305,002630,오리엔트바이오,3402,54,2762386,,,,
20250305,002690,동일제강,1227,10,21284,,,,
20250305,002700,신일전자,1490,9,179005,,,,
20250305,002710,TCC스틸,29200,1500,307390,,,,
20250305,002720,국제약품,4920,100,71330,,,,
20250305,002760,보락,1058,15,145104,,,,
20250305,002780,진흥기업,799,8,376026,,,,
20250305,002785,진흥기업우B,3180,25,1022,,,,
20250305,002787,진흥기업2우B,9730,130,992,,,,
20250305,002790,아모레퍼시픽홀딩스,21450,350,151079,,,,
20250305,002795,아모레퍼시픽홀딩스우,9090,-30,3884,,,,
20250305,00279K,아모레퍼시픽홀딩스3우C,18040,100,2260,,,,
20250305,002810,삼영무역,13490,20,14788,,,,
20250305,002820,SUN&L,2840,50,10162,,,,
20250305,002840,미원상사,180200,-100,3024,,,,
20250305,002870,신풍,1179,44,109006,,,,
20250305,002880,디와이에이,995,-1,30388,,,,
20250305,002900,TYM,5040,230,497835,,,,
20250305,002920,유성기업,1852,-9,26827,,,,
20250305,002960,한국쉘석유,311000,-4500,6032,,,,
20250305,002990,금호건설,2530,75,46073,,,,
20250305,002995,금호건설우,13050,470,7507,,,,
20250305,003000,부광약품,4296,28,69746,,,,
20250305,003010,혜인,5380,250,106310,,,,
20250305,003030,세아제강지주,253500,0,55322,,,,
20250305,003060,에이프로젠바이오로직스,781,-6,660187,,,,
20250305,003070,코오롱글로벌,9170,170,58035,,,,
20250305,003075,코오롱글로벌우,15490,410,4825,,,,
20250305,003080,SB성보,2470,10,44287,,,,
20250305,003090,대웅,19940,30,37595,,,,
20250305,003120,일성아이에스,15290,160,3097,,,,
20250305,003160,디아이,12700,300,1697983,,,,
20250305,003200,일신방직,8040,10,10334,,,,
20250305,003220,대원제약,14140,60,45739,,,,
20250305,003230,삼양식품,893000,41000,83464,,,,
20250305,003240,태광산업,784000,70000,4453,,,,
20250305,003280,흥아해운,1819,95,4210741,,,,
20250305,003300,한일홀딩스,14070,60,9225,,,,
20250305,003350,한국화장품제조,9570,160,266885,,,,
20250305,003460,유화증권,2295,0,504988,,,,
20250305,003465,유화증권우,2320,35,32768,,,,
20250305,003470,유안타증권,2550,10,229549,,,,
20250305,003475,유안타증권우,2885,0,5639,,,,
20250305,003480,한진중공업홀딩스,3655,70,83411,,,,
20250305,003490,대한항공,23650,0,844548,,,,
20250305,003495,대한항공우,22150,-50,576,,,,
20250305,003520,영진약품,2030,20,62463,,,,
20250305,003530,한화투자증권,3645,120,1318093,,,,
20250305,003535,한화투자증권우,6070,40,3807,,,,
20250305,003540,대신증권,16680,-30,52773,,,,
20250305,003545,대신증권우,15910,40,26809,,,,
20250305,003547,대신증권2우B,15250,80,13955,,,,
20250305,003550,LG,66600,600,232281,,,,
20250305,003555,LG우,56100,-600,25240,,,,
20250305,003570,SNT다이내믹스,33800,2050,415906,,,,
20250305,003580,HLB글로벌,4255,-30,105091,,,,
20250305,003610,방림,3810,-145,329211,,,,
20250305,003620,KG모빌리티,4854,53,497144,,,,
20250305,003650,미창석유,90600,0,654,,,,
20250305,003670,포스코퓨처엠,130276,3878,409162,,,,
20250305,003680,한성기업,4785,0,10548,,,,
20250305,003690,코리안리,8180,170,260767,,,,
20250305,003720,삼영,4440,80,139858,,,,
20250305,003780,진양산업,8840,270,108544,,,,
20250305,003830,대한화섬,106500,600,147,,,,
20250305,003850,보령,10020,290,178156,,,,
20250305,003920,남양유업,76800,400,14510,,,,
20250305,003925,남양유업우,40450,400,5203,,,,
20250305,003960,사조대림,42600,1650,29454,,,,
20250305,004000,롯데정밀화학,42300,3650,173725,,,,
20250305,004020,현대제철,26650,300,454715,,,,
20250305,004060,SG세계물산,3200,50,40340,,,,
20250305,004080,신흥,14480,0,306,,,,
20250305,004090,한국석유,13310,510,300201,,,,
20250305,004100,태양금속,3000,0,473830,,,,
20250305,004105,태양금속우,5130,-20,21778,,,,
20250305,004140,동방,2355,125,837221,,,,
20250305,004150,한솔홀딩스,2480,5,25271,,,,
20250305,004170,신세계,148700,8300,45313,,,,
20250305,004250,NPC,4035,65,8848,,,,
20250305,004255,NPC우,2415,15,1738,,,,
20250305,004270,남성,9111,-71,18952,,,,
20250305,004310,현대약품,3380,55,47020,,,,
20250305,004360,세방,12060,150,13130,,,,
20250305,004365,세방우,7670,60,14952,,,,
20250305,004370,농심,352000,12500,34631,,,,
20250305,004380,삼익THK,14918,287,170674,,,,
20250305,004410,서울식품,1440,-10,63343,,,,
20250305,004415,서울식품우,11810,-30,594,,,,
20250305,004430,송원산업,12080,670,112171,,,,
20250305,004440,삼일씨엔에스,4145,-5,58120,,,,
20250305,004450,삼화왕관,31000,200,877,,,,
20250305,004490,세방전지,74400,2700,73518,,,,
20250305,004540,깨끗한나라,2425,65,109633,,,,
20250305,004545,깨끗한나라우,11770,100,667,,,,
20250305,004560,현대비앤지스틸,13650,910,233392,,,,
20250305,004690,삼천리,92100,1800,7988,,,,
20250305,004700,조광피혁,53500,300,544,,,,
20250305,004710,한솔테크닉스,4034,79,44185,,,,
20250305,004720,팜젠사이언스,4350,85,22213,,,,
20250305,004770,써니전자,2255,110,545808,,,,
20250305,004800,효성,47200,1300,22010,,,,
20250305,004830,덕성,7840,240,203566,,,,
20250305,004835,덕성우,12090,-20,15464,,,,
20250305,004840,DRB동일,4355,205,35455,,,,
20250305,004870,티웨이홀딩스,3244,52,302615,,,,
20250305,004890,동일산업,40200,550,1349,,,,
20250305,004910,조광페인트,5930,160,44992,,,,
20250305,004920,씨아이테크,1024,0,40717,,,,
20250305,004960,한신공영,6420,150,34166,,,,
20250305,004970,신라교역,8590,180,7516,,,,
20250305,004980,성신양회,7510,110,54441,,,,
20250305,004985,성신양회우,10680,90,1815,,,,
20250305,004990,롯데지주,22650,1150,147464,,,,
20250305,00499K,롯데지주우,26300,650,334,,,,
20250305,005010,휴스틸,6490,890,48229438,,,,
20250305,005030,부산주공,486,0,0,,,,
20250305,005070,코스모신소재,50600,200,401176,,,,
20250305,005090,SGC에너지,23250,350,17654,,,,
20250305,005110,한창,1254,0,0,,,,
20250305,005180,빙그레,94700,-2400,86993,,,,
20250305,005250,녹십자홀딩스,14220,170,48539,,,,
20250305,005257,녹십자홀딩스2우,22500,50,349,,,,
20250305,005300,롯데칠성,104600,800,14786,,,,
20250305,005305,롯데칠성우,65100,0,1072,,,,
20250305,005320,온타이드,912,0,33523,,,,
20250305,005360,모나미,2060,20,36070,,,,
20250305,005380,현대차,194700,4400,798748,,,,
20250305,005385,현대차우,147200,300,97307,,,,
20250305,005387,현대차2우B,148600,-1700,230423,,,,
20250305,005389,현대차3우B,146200,-1000,17778,,,,
20250305,005420,코스모화학,18550,470,149775,,,,
20250305,005430,한국공항,51600,100,4362,,,,
20250305,005440,현대지에프홀딩스,5580,110,167126,,,,
20250305,005490,POSCO홀딩스,276500,8500,334927,,,,
20250305,005500,삼진제약,17770,200,10530,,,,
20250305,005610,삼립,49850,200,8367,,,,
20250305,005680,삼영전자,10260,70,6980,,,,
20250305,005690,파미셀,10700,650,1486178,,,,
20250305,005720,넥센,4595,25,21599,,,,
20250305,005725,넥센우,3050,0,6087,,,,
20250305,005740,크라운해태홀딩스,5360,40,9559,,,,
20250305,005745,크라운해태홀딩스우,7600,-150,742,,,,
20250305,005750,대림바스,4010,-25,28356,,,,
20250305,005800,신영와코루,10040,40,10443,,,,
20250305,005810,풍산홀딩스,27800,550,42373,,,,
20250305,005820,원림,13740,-10,335,,,,
20250305,005830,DB손해보험,92700,1000,208647,,,,
20250305,005850,에스엘,34100,400,217125,,,,
20250305,005870,휴니드,8290,110,367478,,,,
20250305,005880,대한해운,1824,106,4720720,,,,
20250305,005930,삼성전자,54000,-500,16578817,,,,
20250305,005935,삼성전자우,45000,0,908704,,,,
20250305,005940,NH투자증권,14680,-240,645556,,,,
20250305,005945,NH투자증권우,13040,70,43704,,,,
20250305,005950,이수화학,6490,140,38782,,,,
20250305,005960,동부건설,3475,75,31000,,,,
20250305,005965,동부건설우,18850,-160,734,,,,
20250305,006040,동원산업,35600,250,20440,,,,
20250305,006060,화승인더,5130,-90,200833,,,,
20250305,006090,사조오양,9030,160,27659,,,,
20250305,006110,삼아알미늄,28100,-150,96153,,,,
20250305,006120,SK디스커버리,37800,3250,119138,,,,
20250305,006125,SK디스커버리우,32850,900,7384,,,,
20250305,006200,한국전자홀딩스,3605,30,4592,,,,
20250305,006220,제주은행,7850,20,91294,,,,
20250305,006260,LS,115600,1700,159426,,,,
20250305,006280,녹십자,128800,2300,36817,,,,
20250305,006340,대원전선,3160,100,842314,,,,
20250305,006345,대원전선우,4195,105,18937,,,,
20250305,006360,GS건설,18200,740,347471,,,,
20250305,006370,대구백화점,9650,150,59745,,,,
20250305,006380,카프로,3660,0,0,,,,
20250305,006400,삼성SDI,209023,489,562644,,,,
20250305,006405,삼성SDI우,129339,1156,6623,,,,
20250305,006490,프리티,8920,-430,879433,,,,
20250305,006570,대림통상,2370,15,16876,,,,
20250305,006650,대한유화,97000,8400,113261,,,,
20250305,006660,삼성공조,16730,-90,1595973,,,,
20250305,006740,블루산업개발,2332,10,33185,,,,
20250305,006800,미래에셋증권,8443,-30,437581,,,,
20250305,006805,미래에셋증권우,4444,-20,23861,,,,
20250305,00680K,미래에셋증권2우B,4006,-20,223642,,,,
20250305,006840,AK홀딩스,10390,70,4471,,,,
20250305,006880,신송홀딩스,8120,-250,4344683,,,,
20250305,006890,태경케미컬,11880,190,23602,,,,
20250305,006980,우성,14750,-70,2078,,,,
20250305,007070,GS리테일,14770,-30,180355,,,,
20250305,007110,일신석재,2110,100,2041047,,,,
20250305,007120,미래아이앤지,837,-13,41048,,,,
20250305,007160,사조산업,35350,300,6404,,,,
20250305,007210,벽산,2210,40,320473,,,,
20250305,007280,한국특강,3368,60,52912,,,,
20250305,007310,오뚜기,393500,6000,5142,,,,
20250305,007340,DN오토모티브,22100,750,112941,,,,
20250305,007460,에이프로젠,762,14,1599151,,,,
20250305,007540,샘표,42750,-300,29302,,,,
20250305,007570,일양약품,12429,201,31513,,,,
20250305,007575,일양약품우,13261,94,57,,,,
20250305,007590,동방아그로,6060,-50,8441,,,,
20250305,007610,선도전기,3000,0,0,,,,
20250305,007660,이수페타시스,37100,450,946798,,,,
20250305,007690,국도화학,33900,1150,16184,,,,
20250305,007700,F&F홀딩스,12430,370,7754,,,,
20250305,007810,코리아써키트,11940,-50,116408,,,,
20250305,007815,코리아써우,5840,-50,435,,,,
20250305,00781K,코리아써키트2우B,5320,-170,1297,,,,
20250305,007860,서연,7070,180,117371,,,,
20250305,007980,TP,1391,25,124499,,,,
20250305,008040,사조동아원,998,-6,164374,,,,
20250305,008060,대덕,7100,30,45222,,,,
20250305,00806K,대덕1우,7490,-20,266,,,,
20250305,008250,이건산업,5350,130,47782,,,,
20250305,008260,NI스틸,3425,65,4084043,,,,
20250305,008350,남선알미늄,1395,18,413329,,,,
20250305,008355,남선알미우,14860,-210,722,,,,
20250305,008420,문배철강,2870,365,10320513,,,,
20250305,008490,서흥,15750,-10,23908,,,,
20250305,008600,윌비스,7891,383,50704,,,,
20250305,008700,아남전자,1593,43,590958,,,,
20250305,008730,율촌화학,29400,1750,112154,,,,
20250305,008770,호텔신라,39350,200,64156,,,,
20250305,008775,호텔신라우,32300,200,227,,,,
20250305,008870,금비,56300,-300,1248,,,,
20250305,008930,한미사이언스,28700,950,131167,,,,
20250305,008970,KBI동양철관,1666,384,13795770,,,,
20250305,009070,KCTC,3965,165,176440,,,,
20250305,009140,경인전자,19000,320,1377,,,,
20250305,009150,삼성전기,135700,-1100,232103,,,,
20250305,009155,삼성전기우,60500,800,7845,,,,
20250305,009160,SIMPAC,3815,-25,83938,,,,
20250305,009180,한솔로지스틱스,2360,35,133758,,,,
20250305,009190,대양금속,1378,-4,200262,,,,
20250305,009200,무림페이퍼,2160,25,84268,,,,
20250305,009240,한샘,45450,200,18510,,,,
20250305,009270,신원,1398,62,514467,,,,
20250305,009290,광동제약,5600,70,30246,,,,
20250305,009310,참엔지니어링,1750,-5,26994,,,,
20250305,009320,아진전자부품,1063,5,27863,,,,
20250305,009410,태영건설,2540,75,98621,,,,
20250305,009415,태영건설우,5180,215,13506,,,,
20250305,009420,한올바이오파마,37200,1350,432362,,,,
20250305,009440,KC그린홀딩스,782,-18,89234,,,,
20250305,009450,경동나비엔,84100,2600,72970,,,,
20250305,009460,한창제지,3460,5,34667,,,,
20250305,009470,삼화전기,37500,1150,64215,,,,
20250305,009540,HD한국조선해양,251000,15500,895857,,,,
20250305,009580,무림P&P,2720,0,17428,,,,
20250305,009680,모토닉,9110,-40,39488,,,,
20250305,009770,삼정펄프,26350,500,10149,,,,
20250305,009810,MDS스피어,3095,30,56534,,,,
20250305,009830,한화솔루션,19855,425,1939404,,,,
20250305,009835,한화솔루션우,16880,325,11483,,,,
20250305,009900,명신산업,9160,70,182820,,,,
20250305,009970,영원무역홀딩스,89600,900,14236,,,,
20250305,010040,한국내화,2190,20,31610,,,,
20250305,010060,OCI홀딩스,80400,2700,63614,,,,
20250305,010100,한국무브넥스,4765,155,674299,,,,
20250305,010120,LS ELECTRIC,51200,1100,1427660,,,,
20250305,010130,고려아연,727000,-12000,20488,,,,
20250305,010140,삼성중공업,15000,760,33447308,,,,
20250305,010400,우진아이엔에스,2980,10,10270,,,,
20250305,010580,에스엠벡셀,1215,52,160004,,,,
20250305,010640,진양폴리,5345,170,68763,,,,
20250305,010660,화천기계,3160,60,67569,,,,
20250305,010690,화신,7640,180,170472,,,,
20250305,010770,평화홀딩스,6800,-270,1106190,,,,
20250305,010780,아이에스동서,17360,610,71862,,,,
20250305,010820,퍼스텍,3630,160,1544254,,,,
20250305,010950,S-Oil,56900,1200,112498,,,,
20250305,010955,S-Oil우,37800,650,3932,,,,
20250305,010960,삼호개발,3035,20,13823,,,,
20250305,011000,진원생명과학,10525,0,50975,,,,
20250305,011070,LG이노텍,162000,2000,107910,,,,
20250305,011090,에넥스,2650,20,39870,,,,
20250305,011150,CJ씨푸드,3060,10,269704,,,,
20250305,011155,CJ씨푸드1우,16230,-60,176,,,,
20250305,011170,롯데케미칼,72000,11000,1074795,,,,
20250305,011200,HMM,21500,850,6923107,,,,
20250305,011210,현대위아,44000,3500,187020,,,,
20250305,011230,삼화전자,3355,-55,69258,,,,
20250305,011280,태림포장,2210,-100,1158139,,,,
20250305,011300,우성머티리얼스,4810,-620,783252,,,,
20250305,011330,유니켐,13240,-130,5296,,,,
20250305,011390,부산산업,75500,3200,6196,,,,
20250305,011420,갤럭시아에스엠,2080,70,435713,,,,
20250305,011500,한농화성,17920,920,2940073,,,,
20250305,011690,와이투솔루션,2400,-15,297299,,,,
20250305,011700,한신기계,3255,180,165156,,,,
20250305,011760,현대코퍼레이션,25550,2000,298244,,,,
20250305,011780,금호석유화학,116700,5100,191593,,,,
20250305,011785,금호석유화학우,53100,1000,5432,,,,
20250305,011790,SKC,119371,1221,373910,,,,
20250305,011810,STX,4225,95,61647,,,,
20250305,011930,신성이엔지,12390,280,46324,,,,
20250305,012030,DB,1310,25,425121,,,,
20250305,012160,영흥,2045,15,12374,,,,
20250305,012170,아센디오,230,0,0,,,,
20250305,012200,계양전기,1408,27,92395,,,,
20250305,012205,계양전기우,3480,-20,577,,,,
20250305,012280,영화금속,846,12,64489,,,,
20250305,012320,경동인베스트,74600,2500,46432,,,,
20250305,012330,현대모비스,251000,1000,156230,,,,
20250305,012450,한화에어로스페이스,684370,-5908,790217,,,,
20250305,012610,경인양행,2920,80,23636,,,,
20250305,012630,HDC,13810,100,79738,,,,
20250305,012690,모나리자,2895,20,122597,,,,
20250305,012750,에스원,59900,-200,45932,,,,
20250305,012800,대창,1378,62,1017846,,,,
20250305,013000,세우글로벌,1294,25,69146,,,,
20250305,013360,일성건설,3540,270,1576170,,,,
20250305,013520,화승코퍼레이션,1632,-26,349226,,,,
20250305,013570,디와이,3995,110,23364,,,,
20250305,013580,계룡건설,13470,300,16591,,,,
20250305,013700,까뮤이앤씨,1243,40,102527,,,,
20250305,013870,지엠비코리아,3710,50,14793,,,,
20250305,013890,지누스,18670,650,171436,,,,
20250305,014130,한익스프레스,3425,5,15467,,,,
20250305,014160,대영포장,1518,88,2463448,,,,
20250305,014280,금강공업,4095,165,446595,,,,
20250305,014285,금강공업우,6440,240,83,,,,
20250305,014440,영보화학,4705,35,60788,,,,
20250305,014530,극동유화,3435,40,68241,,,,
20250305,014580,태경비케이,4635,60,83902,,,,
20250305,014680,한솔케미칼,115400,8300,91758,,,,
20250305,014710,사조씨푸드,5260,200,86114,,,,
20250305,014790,HL D&I,2270,40,37005,,,,
20250305,014820,동원시스템즈,37000,1000,13613,,,,
20250305,014825,동원시스템즈우,17850,-140,210,,,,
20250305,014830,유니드,81000,-3700,112465,,,,
20250305,014910,성문전자,1150,4,19928,,,,
20250305,014915,성문전자우,4855,155,114,,,,
20250305,014990,인디에프,3990,140,47234,,,,
20250305,015020,이스타코,3856,352,3144550,,,,
20250305,015230,대창단조,5410,350,177762,,,,
20250305,015260,에이엔피,496,1,48340,,,,
20250305,015360,INVENI,9740,20,39975,,,,
20250305,015590,DKME,2575,0,0,,,,
20250305,015760,한국전력,22050,700,1863386,,,,
20250305,015860,일진홀딩스,3685,30,74477,,,,
20250305,015890,태경산업,4835,80,22460,,,,
20250305,016090,대현,2300,30,36075,,,,
20250305,016360,삼성증권,44650,-450,282756,,,,
20250305,016380,KG스틸,6720,610,1580107,,,,
20250305,016450,한세예스24홀딩스,3995,100,39517,,,,
20250305,016580,환인제약,11500,50,7727,,,,
20250305,016590,신대양제지,6110,120,44931,,,,
20250305,016610,DB증권,5810,-50,54074,,,,
20250305,016710,대성홀딩스,7030,60,8565,,,,
20250305,016740,두올,3295,40,99087,,,,
20250305,016800,퍼시스,43700,250,1058,,,,
20250305,016880,웅진,884,14,126790,,,,
20250305,017040,광명전기,1496,36,84893,,,,
20250305,017180,명문제약,1671,0,37823,,,,
20250305,017370,우신시스템,6050,100,35355,,,,
20250305,017390,서울가스,49950,750,3681,,,,
20250305,017550,수산세보틱스,2060,67,246489,,,,
20250305,017670,SK텔레콤,56600,600,538931,,,,
20250305,017800,현대엘리베이터,56600,900,110596,,,,
20250305,017810,풀무원,18080,360,396428,,,,
20250305,017860,DS단석,27927,149,285144,,,,
20250305,017900,광전자,1821,11,25437,,,,
20250305,017940,E1,62500,1000,10921,,,,
20250305,017960,한국카본,16250,1000,2054398,,,,
20250305,018250,애경산업,14040,130,53070,,,,
20250305,018260,삼성에스디에스,122900,1300,108027,,,,
20250305,018470,조일알미늄,1611,49,493426,,,,
20250305,018500,동원모빌리티,1980,60,772113,,,,
20250305,018670,SK가스,244000,9000,10814,,,,
20250305,018880,한온시스템,3964,-9,1549078,,,,
20250305,019170,신풍제약,8640,260,153813,,,,
20250305,019175,신풍제약우,13400,200,2037,,,,
20250305,019180,티에이치엔,3075,65,117208,,,,
20250305,019490,엑시큐어하이트론,685,11,6024054,,,,
20250305,019680,대교,2180,10,14054,,,,
20250305,019685,대교우B,1250,-6,3663,,,,
20250305,020000,한섬,16190,590,58351,,,,
20250305,020120,키다리스튜디오,3675,20,266240,,,,
20250305,020150,롯데에너지머티리얼즈,26800,1100,149722,,,,
20250305,020560,아시아나항공,10660,130,91546,,,,
20250305,020760,일진디스플,869,10,37376,,,,
20250305,021050,서원,1289,47,172337,,,,
20250305,021240,코웨이,81400,-4600,290747,,,,
20250305,021820,세원정공,7910,120,19905,,,,
20250305,022100,포스코DX,22200,1100,6976386,,,,
20250305,023000,삼원강재,2350,15,25838,,,,
20250305,023150,MH에탄올,5040,20,8893,,,,
20250305,023350,한국종합기술,5530,170,32468,,,,
20250305,023450,동남합성,34500,250,1216,,,,
20250305,023530,롯데쇼핑,65900,3400,123997,,,,
20250305,023590,다우기술,20900,350,85996,,,,
20250305,023800,인지컨트롤스,5970,80,25438,,,,
20250305,023810,인팩,5880,60,5524,,,,
20250305,023960,에쓰씨엔지니어링,1342,67,138806,,,,
20250305,024070,WISCOM,1886,14,1730,,,,
20250305,024090,디씨엠,11610,30,4410,,,,
20250305,024110,기업은행,15340,-140,1158351,,,,
20250305,024720,콜마홀딩스,7140,70,36191,,,,
20250305,024890,대원화성,4840,10,5047,,,,
20250305,024900,디와이덕양,2785,115,63891,,,,
20250305,025000,KPX케미칼,41504,188,2081,,,,
20250305,025530,SJM홀딩스,3055,5,9777,,,,
20250305,025540,한국단자,71300,300,37899,,,,
20250305,025560,미래산업,2760,42,59125,,,,
20250305,025620,차AI헬스케어,3900,-15,6517,,,,
20250305,025750,한솔홈데코,4335,95,83240,,,,
20250305,025820,이구산업,4670,10,747603,,,,
20250305,025860,남해화학,6530,150,50070,,,,
20250305,025890,한국주강,1762,7,15857,,,,
20250305,026890,스틱인베스트먼트,7790,220,80574,,,,
20250305,026940,부국철강,2570,160,975584,,,,
20250305,026960,동서,25200,500,156050,,,,
20250305,027410,BGF,3370,20,74148,,,,
20250305,027740,마니커,1710,12,31429,,,,
20250305,027970,한국제지,4060,-5,9064,,,,
20250305,028050,삼성E&A,17700,830,2290404,,,,
20250305,028100,동아지질,14100,500,31230,,,,
20250305,028260,삼성물산,121500,-700,239312,,,,
20250305,02826K,삼성물산우B,89100,-1300,4362,,,,
20250305,028670,팬오션,3965,235,6890942,,,,
20250305,029460,케이씨,18880,510,5269,,,,
20250305,029530,신도리코,38500,150,2245,,,,
20250305,029780,삼성카드,43950,-600,66855,,,,
20250305,030000,제일기획,17370,-320,418578,,,,
20250305,030190,NICE평가정보,13360,360,95075,,,,
20250305,030200,KT,47400,-300,457065,,,,
20250305,030210,다올투자증권,2790,100,52282,,,,
20250305,030610,교보증권,6740,0,143931,,,,
20250305,030720,동원수산,5150,100,7669,,,,
20250305,031430,신세계인터내셔날,10350,230,97375,,,,
20250305,031820,아이티센씨티에스,6020,80,23927,,,,
20250305,032350,롯데관광개발,7840,-50,284043,,,,
20250305,032560,황금에스티,5100,170,30126,,,,
20250305,032640,LG유플러스,10570,70,589566,,,,
20250305,032830,삼성생명,85200,-500,373148,,,,
20250305,033240,자화전자,13680,310,49782,,,,
20250305,033250,체시스,6250,75,29642,,,,
20250305,033270,유나이티드제약,19850,20,15951,,,,
20250305,033530,SJG세종,4280,90,33016,,,,
20250305,033780,KT&G,96900,-2700,350677,,,,
20250305,033920,무학,6570,130,55957,,,,
20250305,034020,두산에너빌리티,26900,1400,13199012,,,,
20250305,034120,SBS,22100,-250,92953,,,,
20250305,034220,LG디스플레이,9120,40,831204,,,,
20250305,034230,파라다이스,10690,-30,258492,,,,
20250305,034310,NICE,11370,0,9446,,,,
20250305,034590,인천도시가스,24350,100,727,,,,
20250305,034730,SK,140400,1000,78953,,,,
20250305,03473K,SK우,121800,500,1098,,,,
20250305,034830,한국토지신탁,1003,5,237855,,,,
20250305,035000,HS애드,7240,20,13975,,,,
20250305,035150,백산,15040,280,87115,,,,
20250305,035250,강원랜드,16000,60,367709,,,,
20250305,035420,NAVER,207500,2000,761832,,,,
20250305,035510,신세계 I&C,12980,580,185202,,,,
20250305,035720,카카오,43100,1200,2525062,,,,
20250305,036420,콘텐트리중앙,9060,-190,71834,,,,
20250305,036460,한국가스공사,40100,4550,6900962,,,,
20250305,036530,SNT홀딩스,32450,250,20074,,,,
20250305,036570,NC,161600,-2900,136359,,,,
20250305,036580,팜스코,2175,15,31942,,,,
20250305,037270,YG PLUS,5330,-130,3005313,,,,
20250305,037560,LG헬로비전,2390,-5,75716,,,,
20250305,037710,광주신세계,30100,0,16549,,,,
20250305,039130,하나투어,54700,-100,35660,,,,
20250305,039490,키움증권,113200,-500,71489,,,,
20250305,039570,HDC랩스,8750,120,18585,,,,
20250305,041650,상신브레이크,2980,35,19830,,,,
20250305,042660,한화오션,80500,-4600,10207415,,,,
20250305,042700,한미반도체,91000,800,667542,,,,
20250305,044380,주연테크,1685,5,11084,,,,
20250305,044450,KSS해운,9130,220,130984,,,,
20250305,044820,코스맥스비티아이,9490,90,4200,,,,
20250305,047040,대우건설,3465,175,881911,,,,
20250305,047050,포스코인터내셔널,61000,8100,7298366,,,,
20250305,047400,유니온머티리얼,2260,-20,280689,,,,
20250305,047810,한국항공우주,69500,1800,2501713,,,,
20250305,049800,우진플라임,2010,-5,8293,,,,
20250305,051600,한전KPS,43600,1050,152256,,,,
20250305,051630,진양화학,4345,275,170266,,,,
20250305,051900,LG생활건강,316500,-3000,67735,,,,
20250305,051905,LG생활건강우,126100,-1700,4068,,,,
20250305,051910,LG화학,230500,3000,307884,,,,
20250305,051915,LG화학우,110300,2000,109798,,,,
20250305,052690,한전기술,65800,1700,74149,,,,
20250305,053210,스카이라이프,4485,-5,30018,,,,
20250305,053690,한미글로벌,17500,930,129386,,,,
20250305,055490,테이팩스,14200,150,5993,,,,
20250305,055550,신한지주,44650,-1500,1969675,,,,
20250305,058430,포스코스틸리온,3930,280,5429940,,,,
20250305,058650,세아홀딩스,94500,-800,140,,,,
20250305,058730,다스코,3140,180,133535,,,,
20250305,058850,KTcs,2840,70,225804,,,,
20250305,058860,KTis,2675,20,80343,,,,
20250305,060980,HL홀딩스,36750,0,11090,,,,
20250305,062040,산일전기,67800,3900,366391,,,,
20250305,063160,종근당바이오,20500,250,3348,,,,
20250305,064350,현대로템,87400,700,1148048,,,,
20250305,064400,LG씨엔에스,47400,850,672430,,,,
20250305,064960,SNT모티브,25150,550,37165,,,,
20250305,066570,LG전자,78600,400,337995,,,,
20250305,066575,LG전자우,38000,100,17644,,,,
20250305,066970,엘앤에프,72700,0,511869,,,,
20250305,067830,세이브존I&C,2200,70,49223,,,,
20250305,068270,셀트리온,169573,1102,563381,,,,
20250305,068290,삼성출판사,15110,310,22330,,,,
20250305,069260,TKG휴켐스,16330,230,73709,,,,
20250305,069460,대호에이엘,6190,175,21434,,,,
20250305,069620,대웅제약,127600,100,14395,,,,
20250305,069640,한세엠케이,2050,-4,4553,,,,
20250305,069730,DSR제강,3710,115,243388,,,,
20250305,069960,현대백화점,58900,1900,187434,,,,
20250305,070960,모나용평,4175,270,629268,,,,
20250305,071050,한국금융지주,75700,100,110279,,,,
20250305,071055,한국금융지주우,54600,-200,15657,,,,
20250305,071090,하이스틸,3990,920,17788174,,,,
20250305,071320,지역난방공사,50600,1300,33907,,,,
20250305,071840,롯데하이마트,7600,180,18175,,,,
20250305,071950,코아스,9020,0,2616,,,,
20250305,071970,HD현대마린엔진,25250,100,779474,,,,
20250305,072130,유엔젤,5340,0,196832,,,,
20250305,072710,농심홀딩스,64900,1000,2485,,,,
20250305,073240,금호타이어,4950,130,338066,,,,
20250305,074610,이엔플러스,6780,410,326487,,,,
20250305,075180,새론오토모티브,3480,0,3191,,,,
20250305,075580,세진중공업,8460,-40,828691,,,,
20250305,077500,유니퀘스트,6310,90,63412,,,,
20250305,077970,STX엔진,26100,300,469135,,,,
20250305,078000,텔코웨어,9030,-130,2679,,,,
20250305,078520,에이블씨엔씨,7240,0,96372,,,,
20250305,078930,GS,35750,50,465108,,,,
20250305,078935,GS우,35950,0,6634,,,,
20250305,079160,CJ CGV,5090,40,259602,,,,
20250305,079430,현대리바트,7500,110,12107,,,,
20250305,079550,LIG디펜스앤에어로스페이스,303000,12500,406511,,,,
20250305,079900,전진건설로봇,58700,7000,2723853,,,,
20250305,079980,휴비스,2570,10,26735,,,,
20250305,081000,일진다이아,11910,260,7739,,,,
20250305,081660,미스토홀딩스,37450,50,65697,,,,
20250305,082640,동양생명,5050,115,308704,,,,
20250305,082740,한화엔진,23400,-250,1635388,,,,
20250305,083420,그린케미칼,6550,-130,179388,,,,
20250305,084010,대한제강,10349,67,37560,,,,
20250305,084670,동양고속,7110,-40,3694,,,,
20250305,084680,이월드,1406,36,140155,,,,
20250305,084690,대상홀딩스,11730,-350,556239,,,,
20250305,084695,대상홀딩스우,27450,-100,21564,,,,
20250305,084870,TBH글로벌,1100,-15,16336,,,,
20250305,085310,엔케이,9830,720,336655,,,,
20250305,085620,미래에셋생명,4530,45,7409,,,,
20250305,086280,현대글로비스,132800,900,111925,,,,
20250305,086790,하나금융지주,57800,-1600,1115620,,,,
20250305,088260,이리츠코크렙,4245,15,26257,,,,
20250305,088350,한화생명,2570,-5,865864,,,,
20250305,088790,진도,1820,14,16917,,,,
20250305,088980,맥쿼리인프라,11280,-20,688102,,,,
20250305,089470,HDC현대EP,3545,10,7688,,,,
20250305,089590,제주항공,7040,-10,184771,,,,
20250305,089860,롯데렌탈,28900,-200,40276,,,,
20250305,090080,평화산업,1376,-4,2165773,,,,
20250305,090350,노루페인트,7630,210,39496,,,,
20250305,090355,노루페인트우,12250,450,2438,,,,
20250305,090370,메타랩스,1392,30,21481,,,,
20250305,090430,아모레퍼시픽,116400,700,189466,,,,
20250305,090435,아모레퍼시픽우,35350,100,4096,,,,
20250305,090460,비에이치,15170,340,129175,,,,
20250305,091810,트리니티항공,2367,72,1460891,,,,
20250305,092200,디아이씨,4695,65,366480,,,,
20250305,092220,KEC,4035,20,52373,,,,
20250305,092230,KPX홀딩스,55000,0,732,,,,
20250305,092440,기신정기,2395,-10,52934,,,,
20250305,092780,DYP,4725,50,16079,,,,
20250305,092790,넥스틸,15950,1810,28523909,,,,
20250305,093050,LF,16040,-40,40407,,,,
20250305,093240,형지엘리트,2037,222,9948105,,,,
20250305,093370,후성,4590,110,492903,,,,
20250305,094280,효성ITX,11840,10,4710,,,,
20250305,094800,맵스리얼티,4230,50,47799,,,,
20250305,095570,AJ네트웍스,3935,65,85252,,,,
20250305,095720,웅진씽크빅,3172,-4,23765,,,,
20250305,096760,JW홀딩스,3095,20,58209,,,,
20250305,096770,SK이노베이션,126700,2500,168056,,,,
20250305,096775,SK이노베이션우,77300,700,947,,,,
20250305,097230,HJ중공업,9070,1140,28287865,,,,
20250305,097520,엠씨넥스,23250,400,32802,,,,
20250305,097950,CJ제일제당,243000,3000,64952,,,,
20250305,097955,CJ제일제당 우,130700,700,2286,,,,
20250305,100090,SK오션플랜트,16000,500,648433,,,,
20250305,100220,비상교육,5140,190,40360,,,,
20250305,100250,진양홀딩스,2935,5,20841,,,,
20250305,100840,SNT에너지,37000,4600,903220,,,,
20250305,101140,인바이오젠,6920,220,5896,,,,
20250305,101530,해태제과식품,6120,100,29803,,,,
20250305,102260,동성케미컬,3815,0,67864,,,,
20250305,102460,이연제약,12080,210,25285,,,,
20250305,103140,풍산,60300,1200,392907,,,,
20250305,103590,일진전기,29050,1050,466382,,,,
20250305,104700,한국철강,8080,-10,21529,,,,
20250305,105560,KB금융,76600,-1300,1562477,,,,
20250305,105630,한세실업,11870,150,133919,,,,
20250305,105840,우진,7920,410,174144,,,,
20250305,107590,미원홀딩스,73000,-300,123,,,,
20250305,108320,LX세미콘,61300,2100,40477,,,,
20250305,108670,LX하우시스,30500,550,23453,,,,
20250305,108675,LX하우시스우,18180,-80,1173,,,,
20250305,109070,주성코퍼레이션,1185,0,0,,,,
20250305,111110,호전실업,7750,100,26716,,,,
20250305,111380,동인기연,16650,-100,6777,,,,
20250305,111770,영원무역,46800,-50,57443,,,,
20250305,112610,씨에스윈드,37250,-3550,1241673,,,,
20250305,114090,GKL,11180,-10,62486,,,,
20250305,117580,대성에너지,8060,210,475829,,,,
20250305,118000,메타케어,3180,-20,12678,,,,
20250305,119650,KC코트렐,1010,26,167458,,,,
20250305,120030,조선선재,101200,2600,3319,,,,
20250305,120110,코오롱인더,34950,500,126980,,,,
20250305,120115,코오롱인더우,20000,220,4926,,,,
20250305,122900,아이마켓코리아,7920,30,23714,,,,
20250305,123690,한국화장품,6860,10,100720,,,,
20250305,123700,SJM,2930,55,28273,,,,
20250305,123890,한국자산신탁,2540,15,73082,,,,
20250305,126560,현대퓨처넷,3465,-10,70661,,,,
20250305,126720,수산인더스트리,20800,500,21875,,,,
20250305,128820,대성산업,3448,88,132852,,,,
20250305,128940,한미약품,262500,22000,155159,,,,
20250305,129260,인터지스,2540,20,148831,,,,
20250305,130660,한전산업,11370,460,248793,,,,
20250305,133820,화인베스틸,1139,12,20021,,,,
20250305,134380,미원화학,7750,40,900,,,,
20250305,134790,시디즈,23850,100,1068,,,,
20250305,136490,선진,5830,100,6853,,,,
20250305,137310,에스디바이오센서,10150,-20,108852,,,,
20250305,138040,메리츠금융지주,122500,4600,302520,,,,
20250305,138930,BNK금융지주,10460,-290,1545094,,,,
20250305,139130,iM금융지주,8980,-170,550603,,,,
20250305,139480,이마트,80300,4300,609584,,,,
20250305,139990,아주스틸,4030,45,65969,,,,
20250305,143210,핸즈코퍼레이션,1920,-36,14857,,,,
20250305,145210,다이나믹디자인,10320,420,17638,,,,
20250305,145270,케이탑리츠,968,-1,36489,,,,
20250305,145720,덴티움,65500,3000,45928,,,,
20250305,145990,삼양사,45000,600,6623,,,,
20250305,145995,삼양사우,29350,50,158,,,,
20250305,155660,DSR,4030,90,44379,,,,
20250305,161000,애경케미칼,7440,390,308286,,,,
20250305,161390,한국타이어앤테크놀로지,37850,250,273334,,,,
20250305,161890,한국콜마,62100,2000,275623,,,,
20250305,163560,동일고무벨트,7970,460,113359,,,,
20250305,170900,동아에스티,44202,281,34725,,,,
20250305,175330,JB금융지주,17000,-400,441280,,,,
20250305,178920,PI첨단소재,18500,330,110898,,,,
20250305,180640,한진칼,78700,0,47778,,,,
20250305,18064K,한진칼우,23250,-50,831,,,,
20250305,181710,NHN,19310,210,36526,,,,
20250305,183190,아세아시멘트,10290,190,28295,,,,
20250305,185750,종근당,80500,200,21243,,,,
20250305,192080,더블유게임즈,47150,-150,36401,,,,
20250305,192400,쿠쿠홀딩스,22600,750,20669,,,,
20250305,192650,드림텍,7270,240,147293,,,,
20250305,192820,코스맥스,171300,5200,67352,,,,
20250305,194370,제이에스코퍼레이션,7615,160,94104,,,,
20250305,195870,해성디에스,29450,-100,59494,,,,
20250305,200880,서연이화,12790,290,97296,,,,
20250305,204320,HL만도,41800,100,376007,,,,
20250305,207940,삼성바이오로직스,1682203,33850,35512,,,,
20250305,210540,디와이파워,12600,820,79340,,,,
20250305,210980,SK디앤디,8260,180,59196,,,,
20250305,213500,한솔제지,8850,160,84329,,,,
20250305,214320,이노션,18330,50,50788,,,,
20250305,214330,금호에이치티,16756,572,11662,,,,
20250305,214390,경보제약,6700,140,19343,,,,
20250305,214420,토니모리,8450,-500,2126810,,,,
20250305,226320,잇츠한불,11640,140,29919,,,,
20250305,227840,현대코퍼레이션홀딩스,10550,80,8178,,,,
20250305,229640,LS에코에너지,38050,750,166466,,,,
20250305,234080,JW생명과학,10590,90,22691,,,,
20250305,241560,두산밥캣,47550,2250,317774,,,,
20250305,241590,화승엔터프라이즈,9730,-360,327834,,,,
20250305,244920,에이플러스에셋,4075,20,55727,,,,
20250305,248070,솔루엠,17740,460,71247,,,,
20250305,248170,샘표식품,27600,200,65581,,,,
20250305,249420,일동제약,11470,30,24228,,,,
20250305,251270,넷마블,40700,650,268288,,,,
20250305,259960,크래프톤,344000,10000,163195,,,,
20250305,264900,크라운제과,8000,40,9902,,,,
20250305,26490K,크라운제과우,9450,10,280,,,,
20250305,267250,HD현대,75000,-900,112257,,,,
20250305,267260,HD현대일렉트릭,350000,15000,362462,,,,
20250305,267270,HD건설기계,77100,5500,619334,,,,
20250305,267290,경동도시가스,17610,100,5618,,,,
20250305,267850,아시아나IDT,11420,150,12727,,,,
20250305,268280,미원에스씨,147700,2700,2500,,,,
20250305,271560,오리온,101300,-1700,99807,,,,
20250305,271940,일진하이솔루스,14820,330,69257,,,,
20250305,271980,제일약품,10930,20,6280,,,,
20250305,272210,한화시스템,33850,650,5131555,,,,
20250305,272450,진에어,9760,50,102571,,,,
20250305,272550,삼양패키징,14300,-100,9800,,,,
20250305,278470,에이피알,63400,3900,1693411,,,,
20250305,280360,롯데웰푸드,112800,3100,13910,,,,
20250305,281820,케이씨텍,33800,-400,62095,,,,
20250305,282330,BGF리테일,100000,500,41460,,,,
20250305,284740,쿠쿠홈시스,22050,-100,42351,,,,
20250305,285130,SK케미칼,42300,1650,27865,,,,
20250305,28513K,SK케미칼우,20200,50,3816,,,,
20250305,286940,롯데이노베이트,19720,700,18093,,,,
20250305,293480,하나제약,10290,-10,7990,,,,
20250305,293940,신한알파리츠,6110,10,145238,,,,
20250305,294870,IPARK현대산업개발,19650,1570,405958,,,,
20250305,298000,효성화학,77800,0,0,,,,
20250305,298020,효성티앤씨,229000,9000,15564,,,,
20250305,298040,효성중공업,451000,9500,67777,,,,
20250305,298050,HS효성첨단소재,191600,7500,13865,,,,
20250305,298690,에어부산,2225,-5,93920,,,,
20250305,300720,한일시멘트,15810,360,85432,,,,
20250305,302440,SK바이오사이언스,41100,400,261917,,,,
20250305,306200,세아제강,180700,4100,144374,,,,
20250305,307950,현대오토에버,132200,700,33978,,,,
20250305,308170,씨티알모빌리티,5680,60,3413,,,,
20250305,316140,우리금융지주,16000,-250,2610400,,,,
20250305,317400,자이에스앤디,3280,90,18065,,,,
20250305,322000,HD현대에너지솔루션,27300,350,115219,,,,
20250305,323410,카카오뱅크,22850,150,568737,,,,
20250305,326030,SK바이오팜,113800,-1400,219724,,,,
20250305,329180,HD현대중공업,317000,2500,456002,,,,
20250305,330590,롯데리츠,3590,65,418323,,,,
20250305,334890,이지스밸류플러스리츠,4311,29,59256,,,,
20250305,336260,두산퓨얼셀,16340,720,216394,,,,
20250305,33626K,두산퓨얼셀1우,4690,40,9078,,,,
20250305,33626L,두산퓨얼셀2우B,7790,100,506,,,,
20250305,336370,솔루스첨단소재,9570,250,117039,,,,
20250305,33637K,솔루스첨단소재1우,2000,5,16791,,,,
20250305,33637L,솔루스첨단소재2우B,4185,0,1474,,,,
20250305,338100,NH프라임리츠,4545,25,27500,,,,
20250305,339770,교촌에프앤비,5930,280,166441,,,,
20250305,344820,KCC글라스,31550,350,28379,,,,
20250305,348950,제이알글로벌리츠,2675,55,491993,,,,
20250305,350520,이지스레지던스리츠,4060,55,53858,,,,
20250305,352820,하이브,251000,0,175950,,,,
20250305,353200,대덕전자,17750,190,217916,,,,
20250305,35320K,대덕전자1우,8080,10,725,,,,
20250305,357120,코람코라이프인프라리츠,4535,-5,85157,,,,
20250305,357250,미래에셋맵스리츠,2630,35,48260,,,,
20250305,357430,마스턴프리미어리츠,1548,20,48967,,,,
20250305,361610,SK아이이테크놀로지,26900,200,157127,,,,
20250305,363280,티와이홀딩스,2450,5,13774,,,,
20250305,36328K,티와이홀딩스우,3885,85,2030,,,,
20250305,365550,ESR켄달스퀘어리츠,4907,60,239499,,,,
20250305,372910,한컴라이프케어,3475,30,145884,,,,
20250305,373220,LG에너지솔루션,334000,2000,306239,,,,
20250305,375500,DL이앤씨,43500,2350,342690,,,,
20250305,37550K,DL이앤씨우,16800,480,4001,,,,
20250305,37550L,DL이앤씨2우(전환),25750,1100,10308,,,,
20250305,377190,디앤디플랫폼리츠,3280,35,40996,,,,
20250305,377300,카카오페이,30950,300,278767,,,,
20250305,377740,바이오노트,4895,65,68241,,,,
20250305,378850,화승알앤에이,3210,15,583588,,,,
20250305,381970,케이카,12970,50,93680,,,,
20250305,383220,F&F,71700,2800,94189,,,,
20250305,383800,LX홀딩스,6610,-10,101453,,,,
20250305,38380K,LX홀딩스1우,7960,-130,314,,,,
20250305,395400,SK리츠,5120,0,185257,,,,
20250305,396690,미래에셋글로벌리츠,2825,50,49001,,,,
20250305,400760,NH올원리츠,3477,10,32551,,,,
20250305,402340,SK스퀘어,91000,2100,172568,,,,
20250305,403550,쏘카,14730,30,1180,,,,
20250305,404990,신한서부티엔디리츠,3210,-135,124369,,,,
20250305,415640,KB발해인프라,7300,100,130618,,,,
20250305,417310,코람코더원리츠,4780,30,19201,,,,
20250305,432320,KB스타리츠,3785,5,77059,,,,
20250305,443060,HD현대마린솔루션,140500,7300,483472,,,,
20250305,446070,유니드비티플러스,3725,20,6654,,,,
20250305,448730,삼성FN리츠,4645,5,39192,,,,
20250305,450080,에코프로머티,77300,0,710901,,,,
20250305,451800,한화리츠,3715,45,283335,,,,
20250305,452260,한화갤러리아,1252,24,559677,,,,
20250305,45226K,한화갤러리아우,2440,-10,1303,,,,
20250305,453340,현대그린푸드,13620,30,48941,,,,
20250305,454910,두산로보틱스,64100,1100,238776,,,,
20250305,456040,OCI,60300,1300,61780,,,,
20250305,457190,이수스페셜티케미컬,52800,100,2120628,,,,
20250305,460850,동국씨엠,6940,120,81479,,,,
20250305,460860,동국제강,9630,140,458643,,,,
20250305,462520,조선내화,14600,100,3722,,,,
20250305,462870,시프트업,59000,-800,166529,,,,
20250305,465770,STX그린로지스,9170,770,956990,,,,
20250305,475150,SK이터닉스,15220,270,364258,,,,
20250305,475560,더본코리아,29850,450,50923,,,,
20250305,481850,신한글로벌액티브리츠,1587,-6,149394,,,,
20250305,484870,엠앤씨솔루션,25766,2633,851502,,,,
20250305,487570,HS효성,30500,1000,6068,,,,
20250305,489790,한화비전,48950,1600,1554338,,,,
20250305,499790,GS피앤엘,20550,450,23293,,,,
20250305,900140,엘브이엠씨홀딩스,1660,43,365949,,,,
20250305,950210,프레스티지바이오파마,14080,620,79272,,,,
20250306,000020,동화약품,6300,-10,19633,,,,
20250306,000040,KR모터스,2100,50,39834,,,,
20250306,000050,경방,6470,170,14262,,,,
20250306,000070,삼양홀딩스,40038,-400,58048,,,,
20250306,000080,하이트진로,19210,190,124476,,,,
20250306,000087,하이트진로2우B,15150,0,211,,,,
20250306,000100,유한양행,124800,-5000,758761,,,,
20250306,000105,유한양행우,109100,-3800,9139,,,,
20250306,000120,CJ대한통운,96200,3000,81628,,,,
20250306,000140,하이트진로홀딩스,8760,20,9638,,,,
20250306,000145,하이트진로홀딩스우,10260,-10,69,,,,
20250306,000150,두산,312000,-10000,153838,,,,
20250306,000155,두산우,147600,-4200,14079,,,,
20250306,000157,두산2우B,128400,-5100,4100,,,,
20250306,000180,성창기업지주,6570,-45,8941,,,,
20250306,000210,DL,35000,0,50121,,,,
20250306,000215,DL우,19370,40,1638,,,,
20250306,000220,유유제약,4605,-35,21855,,,,
20250306,000225,유유제약1우,4870,85,9211,,,,
20250306,000227,유유제약2우B,9530,-90,5195,,,,
20250306,000230,일동홀딩스,6290,-40,8563,,,,
20250306,000240,한국앤컴퍼니,16200,240,65031,,,,
20250306,000270,기아,98000,2100,1778981,,,,
20250306,000300,DH오토넥스,4200,0,0,,,,
20250306,000320,노루홀딩스,14080,40,9349,,,,
20250306,000325,노루홀딩스우,28000,0,4,,,,
20250306,000370,한화손해보험,3965,-15,215213,,,,
20250306,000390,SP삼화,6350,10,28704,,,,
20250306,000400,롯데손해보험,1803,15,183774,,,,
20250306,000430,대원강업,3825,20,60010,,,,
20250306,000480,CR홀딩스,5390,-10,4581,,,,
20250306,000490,대동,11720,-460,415888,,,,
20250306,000500,가온전선,28339,-445,458612,,,,
20250306,000520,삼일제약,12520,-290,123423,,,,
20250306,000540,흥국화재,3285,10,22866,,,,
20250306,000545,흥국화재우,4895,-50,13460,,,,
20250306,000590,CS홀딩스,72900,-600,197,,,,
20250306,000640,동아쏘시오홀딩스,94157,566,12328,,,,
20250306,000650,천일고속,38250,-50,137,,,,
20250306,000660,SK하이닉스,192400,-700,2540131,,,,
20250306,000670,영풍,43632,1118,84071,,,,
20250306,000680,LS네트웍스,4200,-170,1184298,,,,
20250306,000700,유수홀딩스,5480,10,14232,,,,
20250306,000720,현대건설,35250,0,762523,,,,
20250306,000725,현대건설우,50500,-600,1660,,,,
20250306,000760,이화산업,10240,50,497,,,,
20250306,000810,삼성화재,386000,-1500,89012,,,,
20250306,000815,삼성화재우,291500,-1500,7241,,,,
20250306,000850,화천기공,28750,0,5147,,,,
20250306,000860,강남제비스코,12330,-75,14715,,,,
20250306,000880,한화,53961,720,576866,,,,
20250306,00088K,한화3우B,18676,372,66504,,,,
20250306,000890,보해양조,2260,0,20663,,,,
20250306,000910,유니온,5630,-200,1309307,,,,
20250306,000950,전방,19290,30,152,,,,
20250306,000970,한국주철관,6250,-100,80654,,,,
20250306,000990,DB하이텍,40400,-4100,616757,,,,
20250306,001020,페이퍼코리아,3510,-105,22669,,,,
20250306,001040,CJ,104300,2500,85013,,,,
20250306,001045,CJ우,59600,800,1513,,,,
20250306,00104K,CJ4우(전환),84000,1400,5866,,,,
20250306,001060,JW중외제약,22600,-50,93689,,,,
20250306,001065,JW중외제약우,28500,-100,58,,,,
20250306,001067,JW중외제약2우B,60600,0,10,,,,
20250306,001070,대한방직,5280,10,3096,,,,
20250306,001080,만호제강,2575,50,18570,,,,
20250306,001120,LX인터내셔널,26500,400,420424,,,,
20250306,001130,대한제분,13000,80,24060,,,,
20250306,001200,유진투자증권,2650,30,304109,,,,
20250306,001210,금호전기,3560,20,27244,,,,
20250306,001230,동국홀딩스,1736,29,266854,,,,
20250306,001250,GS글로벌,2720,-25,937111,,,,
20250306,001260,남광토건,8290,60,18301,,,,
20250306,001270,부국증권,26900,100,5772,,,,
20250306,001275,부국증권우,21800,0,507,,,,
20250306,001290,상상인증권,412,-1,120057,,,,
20250306,001340,PKC,6940,-120,153072,,,,
20250306,001360,삼성제약,1558,-17,265728,,,,
20250306,001380,SG글로벌,5830,-70,216721,,,,
20250306,001390,KG케미칼,4050,35,97566,,,,
20250306,001420,태원물산,3640,-20,789,,,,
20250306,001430,세아베스틸지주,21000,300,143684,,,,
20250306,001440,대한전선,12450,120,1380608,,,,
20250306,001450,현대해상,23050,350,275418,,,,
20250306,001460,BYC,27400,0,588,,,,
20250306,001465,BYC우,12540,-10,462,,,,
20250306,001470,삼부토건,918,0,0,,,,
20250306,001500,현대차증권,6280,120,72714,,,,
20250306,001510,SK증권,945,4,265443,,,,
20250306,001515,SK증권우,3540,-2,3316,,,,
20250306,001520,동양,1296,6,63877,,,,
20250306,001525,동양우,8350,150,1054,,,,
20250306,001527,동양2우B,16460,-380,312,,,,
20250306,001530,DI동일,43953,-95,46301,,,,
20250306,001550,조비,10380,0,5805,,,,
20250306,001560,제일연마,9480,-20,13309,,,,
20250306,001570,금양,13130,-4640,11514656,,,,
20250306,001620,케이비아이동국실업,2440,15,5499,,,,
20250306,001630,종근당홀딩스,44350,100,1773,,,,
20250306,001680,대상,24600,-450,238022,,,,
20250306,001685,대상우,17950,90,12524,,,,
20250306,001720,신영증권,84200,-300,4667,,,,
20250306,001740,SK네트웍스,4475,35,179127,,,,
20250306,001750,한양증권,12200,-30,20462,,,,
20250306,001755,한양증권우,12850,-40,2025,,,,
20250306,001770,SHD,14520,60,790,,,,
20250306,001780,알루코,2260,-15,453654,,,,
20250306,001790,대한제당,2655,10,38237,,,,
20250306,001795,대한제당우,2265,5,5682,,,,
20250306,001800,오리온홀딩스,15340,190,118276,,,,
20250306,001820,삼화콘덴서,27850,-650,43655,,,,
20250306,001940,KISCO홀딩스,19620,150,22686,,,,
20250306,002020,코오롱,18010,140,53749,,,,
20250306,002025,코오롱우,13010,10,1394,,,,
20250306,002030,아세아,258000,-2000,1036,,,,
20250306,002070,비비안,16959,-395,7310,,,,
20250306,002100,경농,9120,10,19820,,,,
20250306,002140,고려산업,2945,-10,272099,,,,
20250306,002150,도화엔지니어링,6690,0,15569,,,,
20250306,002170,SYTS,46700,-350,5302,,,,
20250306,002200,한국수출포장,2740,0,12774,,,,
20250306,002210,동성제약,3824,-20,18904,,,,
20250306,002220,한일철강,1909,9,26735,,,,
20250306,002240,고려제강,18140,340,26313,,,,
20250306,002310,아세아제지,7300,120,201946,,,,
20250306,002320,한진,19760,110,12194,,,,
20250306,002350,넥센타이어,5290,20,128966,,,,
20250306,002355,넥센타이어1우B,2820,25,1271,,,,
20250306,002360,SH에너지화학,4880,-10,61584,,,,
20250306,002380,KCC,275000,7500,34051,,,,
20250306,002390,한독,11410,-60,10090,,,,
20250306,002410,범양건영,2735,-115,849579,,,,
20250306,002420,세기상사,5210,-60,3705,,,,
20250306,002450,삼익악기,1176,-9,73583,,,,
20250306,002460,HS화성,9390,90,8764,,,,
20250306,002600,조흥,162700,-1700,92,,,,
20250306,002620,제일파마홀딩스,7290,100,3419,,,,
20250306,002630,오리엔트바이오,3464,62,3849585,,,,
20250306,002690,동일제강,1227,0,16442,,,,
20250306,002700,신일전자,1499,9,283787,,,,
20250306,002710,TCC스틸,27750,-1450,434079,,,,
20250306,002720,국제약품,4930,10,87847,,,,
20250306,002760,보락,1054,-4,107480,,,,
20250306,002780,진흥기업,797,-2,208977,,,,
20250306,002785,진흥기업우B,3160,-20,13,,,,
20250306,002787,진흥기업2우B,9690,-40,2982,,,,
20250306,002790,아모레퍼시픽홀딩스,22100,650,161266,,,,
20250306,002795,아모레퍼시픽홀딩스우,9180,90,3457,,,,
20250306,00279K,아모레퍼시픽홀딩스3우C,18120,80,3819,,,,
20250306,002810,삼영무역,13440,-50,6160,,,,
20250306,002820,SUN&L,2800,-40,758,,,,
20250306,002840,미원상사,180500,300,1913,,,,
20250306,002870,신풍,1170,-9,60126,,,,
20250306,002880,디와이에이,993,-2,28151,,,,
20250306,002900,TYM,4995,-45,316258,,,,
20250306,002920,유성기업,1858,6,12886,,,,
20250306,002960,한국쉘석유,310000,-1000,1989,,,,
20250306,002990,금호건설,2540,10,49951,,,,
20250306,002995,금호건설우,13100,50,2200,,,,
20250306,003000,부광약품,4314,18,65617,,,,
20250306,003010,혜인,5400,20,63201,,,,
20250306,003030,세아제강지주,270000,16500,93257,,,,
20250306,003060,에이프로젠바이오로직스,775,-6,369713,,,,
20250306,003070,코오롱글로벌,9030,-140,29939,,,,
20250306,003075,코오롱글로벌우,15500,10,786,,,,
20250306,003080,SB성보,2465,-5,4185,,,,
20250306,003090,대웅,20450,510,28262,,,,
20250306,003120,일성아이에스,15330,40,1614,,,,
20250306,003160,디아이,11910,-790,1423940,,,,
20250306,003200,일신방직,8110,70,14987,,,,
20250306,003220,대원제약,14060,-80,61569,,,,
20250306,003230,삼양식품,927000,34000,78207,,,,
20250306,003240,태광산업,787000,3000,4419,,,,
20250306,003280,흥아해운,1812,-7,1146462,,,,
20250306,003300,한일홀딩스,13980,-90,5247,,,,
20250306,003350,한국화장품제조,9740,170,361235,,,,
20250306,003460,유화증권,2320,25,48073,,,,
20250306,003465,유화증권우,2300,-20,74,,,,
20250306,003470,유안타증권,2600,50,230486,,,,
20250306,003475,유안타증권우,2900,15,13623,,,,
20250306,003480,한진중공업홀딩스,3600,-55,41431,,,,
20250306,003490,대한항공,24200,550,1213338,,,,
20250306,003495,대한항공우,22100,-50,2166,,,,
20250306,003520,영진약품,2035,5,105462,,,,
20250306,003530,한화투자증권,3605,-40,839911,,,,
20250306,003535,한화투자증권우,6000,-70,6031,,,,
20250306,003540,대신증권,16960,280,46818,,,,
20250306,003545,대신증권우,16090,180,30172,,,,
20250306,003547,대신증권2우B,15320,70,18136,,,,
20250306,003550,LG,67800,1200,203860,,,,
20250306,003555,LG우,56600,500,3725,,,,
20250306,003570,SNT다이내믹스,35200,1400,238957,,,,
20250306,003580,HLB글로벌,4100,-155,164919,,,,
20250306,003610,방림,3885,75,232604,,,,
20250306,003620,KG모빌리티,5053,199,1687325,,,,
20250306,003650,미창석유,90600,0,482,,,,
20250306,003670,포스코퓨처엠,131439,1163,461632,,,,
20250306,003680,한성기업,4830,45,10004,,,,
20250306,003690,코리안리,8110,-70,161259,,,,
20250306,003720,삼영,4265,-175,166790,,,,
20250306,003780,진양산업,8970,130,84874,,,,
20250306,003830,대한화섬,108000,1500,142,,,,
20250306,003850,보령,10020,0,102677,,,,
20250306,003920,남양유업,74000,-2800,28519,,,,
20250306,003925,남양유업우,40250,-200,1581,,,,
20250306,003960,사조대림,44600,2000,57509,,,,
20250306,004000,롯데정밀화학,42450,150,97780,,,,
20250306,004020,현대제철,29300,2650,3113389,,,,
20250306,004060,SG세계물산,3200,0,49525,,,,
20250306,004080,신흥,14500,20,832,,,,
20250306,004090,한국석유,13000,-310,116977,,,,
20250306,004100,태양금속,3030,30,584851,,,,
20250306,004105,태양금속우,4995,-135,17076,,,,
20250306,004140,동방,2360,5,638392,,,,
20250306,004150,한솔홀딩스,2480,0,15694,,,,
20250306,004170,신세계,152500,3800,48153,,,,
20250306,004250,NPC,4030,-5,13996,,,,
20250306,004255,NPC우,2390,-25,18376,,,,
20250306,004270,남성,9182,71,10936,,,,
20250306,004310,현대약품,3345,-35,39387,,,,
20250306,004360,세방,12120,60,12698,,,,
20250306,004365,세방우,7760,90,2156,,,,
20250306,004370,농심,389500,37500,139000,,,,
20250306,004380,삼익THK,14461,-457,172080,,,,
20250306,004410,서울식품,1430,-10,68798,,,,
20250306,004415,서울식품우,11870,60,478,,,,
20250306,004430,송원산업,12010,-70,28131,,,,
20250306,004440,삼일씨엔에스,3985,-160,86427,,,,
20250306,004450,삼화왕관,30950,-50,950,,,,
20250306,004490,세방전지,74100,-300,36030,,,,
20250306,004540,깨끗한나라,2415,-10,57926,,,,
20250306,004545,깨끗한나라우,11830,60,410,,,,
20250306,004560,현대비앤지스틸,13670,20,61661,,,,
20250306,004690,삼천리,92500,400,4317,,,,
20250306,004700,조광피혁,53200,-300,997,,,,
20250306,004710,한솔테크닉스,4014,-20,36056,,,,
20250306,004720,팜젠사이언스,4325,-25,16437,,,,
20250306,004770,써니전자,2265,10,667552,,,,
20250306,004800,효성,47500,300,12720,,,,
20250306,004830,덕성,7450,-390,231371,,,,
20250306,004835,덕성우,11500,-590,22492,,,,
20250306,004840,DRB동일,4245,-110,11150,,,,
20250306,004870,티웨이홀딩스,3287,43,192015,,,,
20250306,004890,동일산업,40250,50,1832,,,,
20250306,004910,조광페인트,5860,-70,17040,,,,
20250306,004920,씨아이테크,1038,14,16631,,,,
20250306,004960,한신공영,6440,20,13540,,,,
20250306,004970,신라교역,8560,-30,6133,,,,
20250306,004980,성신양회,7530,20,38230,,,,
20250306,004985,성신양회우,10710,30,6058,,,,
20250306,004990,롯데지주,23400,750,253517,,,,
20250306,00499K,롯데지주우,26750,450,697,,,,
20250306,005010,휴스틸,6590,100,19436303,,,,
20250306,005030,부산주공,486,0,0,,,,
20250306,005070,코스모신소재,49500,-1100,515459,,,,
20250306,005090,SGC에너지,23100,-150,16843,,,,
20250306,005110,한창,1254,0,0,,,,
20250306,005180,빙그레,92200,-2500,70877,,,,
20250306,005250,녹십자홀딩스,14330,110,51730,,,,
20250306,005257,녹십자홀딩스2우,22650,150,35,,,,
20250306,005300,롯데칠성,107200,2600,19586,,,,
20250306,005305,롯데칠성우,65600,500,818,,,,
20250306,005320,온타이드,914,2,30333,,,,
20250306,005360,모나미,2065,5,15802,,,,
20250306,005380,현대차,197600,2900,659716,,,,
20250306,005385,현대차우,146000,-1200,84414,,,,
20250306,005387,현대차2우B,148000,-600,152287,,,,
20250306,005389,현대차3우B,146000,-200,14101,,,,
20250306,005420,코스모화학,18400,-150,134209,,,,
20250306,005430,한국공항,51800,200,8886,,,,
20250306,005440,현대지에프홀딩스,5490,-90,111218,,,,
20250306,005490,POSCO홀딩스,295500,19000,1097274,,,,
20250306,005500,삼진제약,18030,260,29254,,,,
20250306,005610,삼립,51300,1450,21012,,,,
20250306,005680,삼영전자,10180,-80,11991,,,,
20250306,005690,파미셀,10200,-500,702377,,,,
20250306,005720,넥센,4645,50,20235,,,,
20250306,005725,넥센우,3050,0,11678,,,,
20250306,005740,크라운해태홀딩스,5420,60,15377,,,,
20250306,005745,크라운해태홀딩스우,7710,110,76,,,,
20250306,005750,대림바스,4045,35,20013,,,,
20250306,005800,신영와코루,10170,130,5906,,,,
20250306,005810,풍산홀딩스,27850,50,54578,,,,
20250306,005820,원림,13720,-20,314,,,,
20250306,005830,DB손해보험,93400,700,137933,,,,
20250306,005850,에스엘,33550,-550,393442,,,,
20250306,005870,휴니드,8700,410,1037507,,,,
20250306,005880,대한해운,1827,3,3380125,,,,
20250306,005930,삼성전자,54300,300,12258101,,,,
20250306,005935,삼성전자우,45200,200,856410,,,,
20250306,005940,NH투자증권,14940,260,310420,,,,
20250306,005945,NH투자증권우,13250,210,45224,,,,
20250306,005950,이수화학,6430,-60,51985,,,,
20250306,005960,동부건설,3470,-5,14802,,,,
20250306,005965,동부건설우,19010,160,14,,,,
20250306,006040,동원산업,35850,250,18810,,,,
20250306,006060,화승인더,5100,-30,333568,,,,
20250306,006090,사조오양,8910,-120,6055,,,,
20250306,006110,삼아알미늄,27750,-350,88217,,,,
20250306,006120,SK디스커버리,38200,400,27760,,,,
20250306,006125,SK디스커버리우,33000,150,5439,,,,
20250306,006200,한국전자홀딩스,3625,20,1705,,,,
20250306,006220,제주은행,7880,30,31621,,,,
20250306,006260,LS,103700,-11900,622434,,,,
20250306,006280,녹십자,133400,4600,85763,,,,
20250306,006340,대원전선,3080,-80,987614,,,,
20250306,006345,대원전선우,4060,-135,35934,,,,
20250306,006360,GS건설,18280,80,334016,,,,
20250306,006370,대구백화점,10380,730,150990,,,,
20250306,006380,카프로,3660,0,0,,,,
20250306,006400,삼성SDI,208044,-979,584454,,,,
20250306,006405,삼성SDI우,128183,-1156,11703,,,,
20250306,006490,프리티,7820,-1100,597591,,,,
20250306,006570,대림통상,2470,100,3052,,,,
20250306,006650,대한유화,97800,800,29205,,,,
20250306,006660,삼성공조,15730,-1000,567318,,,,
20250306,006740,블루산업개발,2327,-5,34595,,,,
20250306,006800,미래에셋증권,9080,637,1700571,,,,
20250306,006805,미래에셋증권우,4563,119,75260,,,,
20250306,00680K,미래에셋증권2우B,4114,108,357804,,,,
20250306,006840,AK홀딩스,10420,30,4010,,,,
20250306,006880,신송홀딩스,7900,-220,685591,,,,
20250306,006890,태경케미컬,11860,-20,25334,,,,
20250306,006980,우성,14850,100,1205,,,,
20250306,007070,GS리테일,14930,160,158900,,,,
20250306,007110,일신석재,2075,-35,1058361,,,,
20250306,007120,미래아이앤지,837,0,56238,,,,
20250306,007160,사조산업,35600,250,11547,,,,
20250306,007210,벽산,2225,15,306986,,,,
20250306,007280,한국특강,3342,-26,21424,,,,
20250306,007310,오뚜기,409000,15500,12368,,,,
20250306,007340,DN오토모티브,22450,350,86538,,,,
20250306,007460,에이프로젠,777,15,1858075,,,,
20250306,007540,샘표,42900,150,8185,,,,
20250306,007570,일양약품,12474,45,15644,,,,
20250306,007575,일양약품우,13284,23,123,,,,
20250306,007590,동방아그로,6040,-20,6104,,,,
20250306,007610,선도전기,3000,0,0,,,,
20250306,007660,이수페타시스,35100,-2000,1446547,,,,
20250306,007690,국도화학,34350,450,30051,,,,
20250306,007700,F&F홀딩스,12620,190,9588,,,,
20250306,007810,코리아써키트,11350,-590,164557,,,,
20250306,007815,코리아써우,5620,-220,5408,,,,
20250306,00781K,코리아써키트2우B,5380,60,727,,,,
20250306,007860,서연,7110,40,70147,,,,
20250306,007980,TP,1388,-3,76342,,,,
20250306,008040,사조동아원,1006,8,328586,,,,
20250306,008060,대덕,7080,-20,46190,,,,
20250306,00806K,대덕1우,7430,-60,584,,,,
20250306,008250,이건산업,5280,-70,32710,,,,
20250306,008260,NI스틸,3420,-5,466503,,,,
20250306,008350,남선알미늄,1396,1,325362,,,,
20250306,008355,남선알미우,14840,-20,720,,,,
20250306,008420,문배철강,2690,-180,1314467,,,,
20250306,008490,서흥,15600,-150,23300,,,,
20250306,008600,윌비스,7808,-83,22402,,,,
20250306,008700,아남전자,1578,-15,530524,,,,
20250306,008730,율촌화학,29100,-300,57198,,,,
20250306,008770,호텔신라,39700,350,67231,,,,
20250306,008775,호텔신라우,32500,200,3813,,,,
20250306,008870,금비,56000,-300,954,,,,
20250306,008930,한미사이언스,28400,-300,79149,,,,
20250306,008970,KBI동양철관,1908,242,110544084,,,,
20250306,009070,KCTC,3960,-5,31081,,,,
20250306,009140,경인전자,18960,-40,1939,,,,
20250306,009150,삼성전기,135900,200,200474,,,,
20250306,009155,삼성전기우,60500,0,3493,,,,
20250306,009160,SIMPAC,3800,-15,26894,,,,
20250306,009180,한솔로지스틱스,2350,-10,69886,,,,
20250306,009190,대양금속,1367,-11,272714,,,,
20250306,009200,무림페이퍼,2190,30,690593,,,,
20250306,009240,한샘,45750,300,17303,,,,
20250306,009270,신원,1396,-2,384767,,,,
20250306,009290,광동제약,5600,0,18819,,,,
20250306,009310,참엔지니어링,1735,-15,13589,,,,
20250306,009320,아진전자부품,1066,3,23426,,,,
20250306,009410,태영건설,2570,30,77628,,,,
20250306,009415,태영건설우,5190,10,3549,,,,
20250306,009420,한올바이오파마,36900,-300,324153,,,,
20250306,009440,KC그린홀딩스,764,-18,107744,,,,
20250306,009450,경동나비엔,82100,-2000,51179,,,,
20250306,009460,한창제지,3575,115,8500,,,,
20250306,009470,삼화전기,36850,-650,54977,,,,
20250306,009540,HD한국조선해양,246500,-4500,329079,,,,
20250306,009580,무림P&P,2855,135,4494882,,,,
20250306,009680,모토닉,9340,230,84084,,,,
20250306,009770,삼정펄프,26350,0,305,,,,
20250306,009810,MDS스피어,3055,-40,49036,,,,
20250306,009830,한화솔루션,19430,-425,1516914,,,,
20250306,009835,한화솔루션우,16781,-99,10801,,,,
20250306,009900,명신산업,9070,-90,248470,,,,
20250306,009970,영원무역홀딩스,91000,1400,17275,,,,
20250306,010040,한국내화,2210,20,24435,,,,
20250306,010060,OCI홀딩스,81000,600,73085,,,,
20250306,010100,한국무브넥스,4695,-70,336850,,,,
20250306,010120,LS ELECTRIC,45000,-6200,3814190,,,,
20250306,010130,고려아연,720000,-7000,24579,,,,
20250306,010140,삼성중공업,14940,-60,16372769,,,,
20250306,010400,우진아이엔에스,2975,-5,4386,,,,
20250306,010580,에스엠벡셀,1219,4,85171,,,,
20250306,010640,진양폴리,5439,94,59478,,,,
20250306,010660,화천기계,3125,-35,71398,,,,
20250306,010690,화신,7580,-60,408909,,,,
20250306,010770,평화홀딩스,7750,950,1991488,,,,
20250306,010780,아이에스동서,17390,30,55150,,,,
20250306,010820,퍼스텍,4060,430,20637752,,,,
20250306,010950,S-Oil,57100,200,114954,,,,
20250306,010955,S-Oil우,37400,-400,4834,,,,
20250306,010960,삼호개발,3025,-10,17916,,,,
20250306,011000,진원생명과학,10525,0,45040,,,,
20250306,011070,LG이노텍,177500,15500,787438,,,,
20250306,011090,에넥스,2650,0,18073,,,,
20250306,011150,CJ씨푸드,3075,15,320918,,,,
20250306,011155,CJ씨푸드1우,15980,-250,1307,,,,
20250306,011170,롯데케미칼,72800,800,409711,,,,
20250306,011200,HMM,21450,-50,2669828,,,,
20250306,011210,현대위아,43800,-200,201793,,,,
20250306,011230,삼화전자,3360,5,50582,,,,
20250306,011280,태림포장,2225,15,1086448,,,,
20250306,011300,우성머티리얼스,5220,410,987127,,,,
20250306,011330,유니켐,13240,0,4815,,,,
20250306,011390,부산산업,74800,-700,7330,,,,
20250306,011420,갤럭시아에스엠,2100,20,542958,,,,
20250306,011500,한농화성,17320,-600,786205,,,,
20250306,011690,와이투솔루션,2310,-90,319401,,,,
20250306,011700,한신기계,3265,10,107553,,,,
20250306,011760,현대코퍼레이션,25000,-550,125649,,,,
20250306,011780,금호석유화학,119800,3100,176050,,,,
20250306,011785,금호석유화학우,53400,300,1918,,,,
20250306,011790,SKC,116834,-2537,566329,,,,
20250306,011810,STX,4185,-40,73263,,,,
20250306,011930,신성이엔지,12240,-150,85864,,,,
20250306,012030,DB,1297,-13,115798,,,,
20250306,012160,영흥,2015,-30,6543,,,,
20250306,012170,아센디오,2065,1835,2146719,,,,
20250306,012200,계양전기,1430,22,67547,,,,
20250306,012205,계양전기우,3437,-43,600,,,,
20250306,012280,영화금속,846,0,40414,,,,
20250306,012320,경동인베스트,73800,-800,9229,,,,
20250306,012330,현대모비스,257000,6000,122205,,,,
20250306,012450,한화에어로스페이스,667630,-16740,591764,,,,
20250306,012610,경인양행,2900,-20,17047,,,,
20250306,012630,HDC,14050,240,183917,,,,
20250306,012690,모나리자,2875,-20,113120,,,,
20250306,012750,에스원,60500,600,16671,,,,
20250306,012800,대창,1394,16,1505741,,,,
20250306,013000,세우글로벌,1294,0,16219,,,,
20250306,013360,일성건설,3920,380,3406975,,,,
20250306,013520,화승코퍼레이션,1630,-2,160909,,,,
20250306,013570,디와이,3960,-35,21799,,,,
20250306,013580,계룡건설,13700,230,34070,,,,
20250306,013700,까뮤이앤씨,1245,2,62438,,,,
20250306,013870,지엠비코리아,3705,-5,5602,,,,
20250306,013890,지누스,18650,-20,55914,,,,
20250306,014130,한익스프레스,3440,15,3838,,,,
20250306,014160,대영포장,1488,-30,1236701,,,,
20250306,014280,금강공업,4265,170,176660,,,,
20250306,014285,금강공업우,6440,0,359,,,,
20250306,014440,영보화학,4730,25,273897,,,,
20250306,014530,극동유화,3400,-35,63707,,,,
20250306,014580,태경비케이,4560,-75,92628,,,,
20250306,014680,한솔케미칼,121000,5600,198930,,,,
20250306,014710,사조씨푸드,5230,-30,48578,,,,
20250306,014790,HL D&I,2255,-15,61387,,,,
20250306,014820,동원시스템즈,37050,50,16443,,,,
20250306,014825,동원시스템즈우,17880,30,16,,,,
20250306,014830,유니드,80700,-300,48450,,,,
20250306,014910,성문전자,1149,-1,18114,,,,
20250306,014915,성문전자우,4875,20,1,,,,
20250306,014990,인디에프,3955,-35,20792,,,,
20250306,015020,이스타코,3894,38,924027,,,,
20250306,015230,대창단조,5350,-60,81549,,,,
20250306,015260,에이엔피,496,0,27906,,,,
20250306,015360,INVENI,9720,-20,34035,,,,
20250306,015590,DKME,2575,0,0,,,,
20250306,015760,한국전력,22400,350,1474302,,,,
20250306,015860,일진홀딩스,3690,5,41584,,,,
20250306,015890,태경산업,4795,-40,36505,,,,
20250306,016090,대현,2295,-5,31793,,,,
20250306,016360,삼성증권,45900,1250,211131,,,,
20250306,016380,KG스틸,6900,180,1411427,,,,
20250306,016450,한세예스24홀딩스,4015,20,18805,,,,
20250306,016580,환인제약,11480,-20,12182,,,,
20250306,016590,신대양제지,6150,40,16472,,,,
20250306,016610,DB증권,5790,-20,30580,,,,
20250306,016710,대성홀딩스,7050,20,14330,,,,
20250306,016740,두올,3260,-35,54679,,,,
20250306,016800,퍼시스,43700,0,849,,,,
20250306,016880,웅진,880,-4,295185,,,,
20250306,017040,광명전기,1440,-56,168183,,,,
20250306,017180,명문제약,1673,2,36048,,,,
20250306,017370,우신시스템,6120,70,31568,,,,
20250306,017390,서울가스,50000,50,2747,,,,
20250306,017550,수산세보틱스,2050,-10,86890,,,,
20250306,017670,SK텔레콤,56000,-600,591270,,,,
20250306,017800,현대엘리베이터,56400,-200,133468,,,,
20250306,017810,풀무원,18150,70,204383,,,,
20250306,017860,DS단석,27580,-347,192768,,,,
20250306,017900,광전자,1823,2,31203,,,,
20250306,017940,E1,62100,-400,20568,,,,
20250306,017960,한국카본,15820,-430,605644,,,,
20250306,018250,애경산업,14050,10,36623,,,,
20250306,018260,삼성에스디에스,122300,-600,124378,,,,
20250306,018470,조일알미늄,1644,33,861301,,,,
20250306,018500,동원모빌리티,2090,110,1707815,,,,
20250306,018670,SK가스,241500,-2500,6136,,,,
20250306,018880,한온시스템,3904,-60,1914756,,,,
20250306,019170,신풍제약,8380,-260,226658,,,,
20250306,019175,신풍제약우,13130,-270,1228,,,,
20250306,019180,티에이치엔,3110,35,77085,,,,
20250306,019490,엑시큐어하이트론,652,-33,2191854,,,,
20250306,019680,대교,2160,-20,37118,,,,
20250306,019685,대교우B,1244,-6,14280,,,,
20250306,020000,한섬,16260,70,36984,,,,
20250306,020120,키다리스튜디오,3720,45,694680,,,,
20250306,020150,롯데에너지머티리얼즈,27050,250,199239,,,,
20250306,020560,아시아나항공,10920,260,162007,,,,
20250306,020760,일진디스플,867,-2,18833,,,,
20250306,021050,서원,1281,-8,313363,,,,
20250306,021240,코웨이,82900,1500,156126,,,,
20250306,021820,세원정공,8140,230,12436,,,,
20250306,022100,포스코DX,24800,2600,12666163,,,,
20250306,023000,삼원강재,2355,5,12460,,,,
20250306,023150,MH에탄올,5050,10,1685,,,,
20250306,023350,한국종합기술,5600,70,37218,,,,
20250306,023450,동남합성,34500,0,886,,,,
20250306,023530,롯데쇼핑,67300,1400,124688,,,,
20250306,023590,다우기술,20950,50,63469,,,,
20250306,023800,인지컨트롤스,5900,-70,16839,,,,
20250306,023810,인팩,5880,0,7711,,,,
20250306,023960,에쓰씨엔지니어링,1322,-20,55954,,,,
20250306,024070,WISCOM,1863,-23,7653,,,,
20250306,024090,디씨엠,11550,-60,5118,,,,
20250306,024110,기업은행,15490,150,1034278,,,,
20250306,024720,콜마홀딩스,7200,60,50623,,,,
20250306,024890,대원화성,4835,-5,12508,,,,
20250306,024900,디와이덕양,2760,-25,72545,,,,
20250306,025000,KPX케미칼,41504,0,1507,,,,
20250306,025530,SJM홀딩스,3070,15,4442,,,,
20250306,025540,한국단자,71200,-100,51562,,,,
20250306,025560,미래산업,2753,-7,74130,,,,
20250306,025620,차AI헬스케어,3845,-55,5902,,,,
20250306,025750,한솔홈데코,4365,30,111560,,,,
20250306,025820,이구산업,4680,10,2259078,,,,
20250306,025860,남해화학,6550,20,55547,,,,
20250306,025890,한국주강,1771,9,8874,,,,
20250306,026890,스틱인베스트먼트,7400,-390,68123,,,,
20250306,026940,부국철강,2545,-25,145243,,,,
20250306,026960,동서,26000,800,134368,,,,
20250306,027410,BGF,3365,-5,82797,,,,
20250306,027740,마니커,1706,-4,20018,,,,
20250306,027970,한국제지,4065,5,7682,,,,
20250306,028050,삼성E&A,18720,1020,3613044,,,,
20250306,028100,동아지질,14330,230,50777,,,,
20250306,028260,삼성물산,122300,800,210702,,,,
20250306,02826K,삼성물산우B,89000,-100,1671,,,,
20250306,028670,팬오션,3975,10,2333220,,,,
20250306,029460,케이씨,18850,-30,5095,,,,
20250306,029530,신도리코,38600,100,3068,,,,
20250306,029780,삼성카드,44400,450,49775,,,,
20250306,030000,제일기획,17470,100,258930,,,,
20250306,030190,NICE평가정보,13150,-210,47579,,,,
20250306,030200,KT,48500,1100,639687,,,,
20250306,030210,다올투자증권,2900,110,157785,,,,
20250306,030610,교보증권,6830,90,138985,,,,
20250306,030720,동원수산,5090,-60,4977,,,,
20250306,031430,신세계인터내셔날,10390,40,57948,,,,
20250306,031820,아이티센씨티에스,5950,-70,52251,,,,
20250306,032350,롯데관광개발,7810,-30,227914,,,,
20250306,032560,황금에스티,5080,-20,7193,,,,
20250306,032640,LG유플러스,10670,100,507081,,,,
20250306,032830,삼성생명,85400,200,254242,,,,
20250306,033240,자화전자,13380,-300,84590,,,,
20250306,033250,체시스,6250,0,31202,,,,
20250306,033270,유나이티드제약,19900,50,29705,,,,
20250306,033530,SJG세종,4320,40,27412,,,,
20250306,033780,KT&G,99200,2300,318797,,,,
20250306,033920,무학,6600,30,37260,,,,
20250306,034020,두산에너빌리티,26500,-400,7474904,,,,
20250306,034120,SBS,21900,-200,99326,,,,
20250306,034220,LG디스플레이,9160,40,949178,,,,
20250306,034230,파라다이스,10650,-40,211427,,,,
20250306,034310,NICE,11490,120,17649,,,,
20250306,034590,인천도시가스,24400,50,940,,,,
20250306,034730,SK,141700,1300,82038,,,,
20250306,03473K,SK우,122800,1000,1063,,,,
20250306,034830,한국토지신탁,1016,13,324696,,,,
20250306,035000,HS애드,7280,40,7663,,,,
20250306,035150,백산,15050,10,64335,,,,
20250306,035250,강원랜드,16150,150,351188,,,,
20250306,035420,NAVER,219000,11500,998317,,,,
20250306,035510,신세계 I&C,12870,-110,146083,,,,
20250306,035720,카카오,45100,2000,6180767,,,,
20250306,036420,콘텐트리중앙,9270,210,42499,,,,
20250306,036460,한국가스공사,39600,-500,2434763,,,,
20250306,036530,SNT홀딩스,31200,-1250,45787,,,,
20250306,036570,NC,164300,2700,71134,,,,
20250306,036580,팜스코,2165,-10,17676,,,,
20250306,037270,YG PLUS,5370,40,6087048,,,,
20250306,037560,LG헬로비전,2415,25,83594,,,,
20250306,037710,광주신세계,30400,300,18086,,,,
20250306,039130,하나투어,54600,-100,116643,,,,
20250306,039490,키움증권,119100,5900,107691,,,,
20250306,039570,HDC랩스,8670,-80,21197,,,,
20250306,041650,상신브레이크,2980,0,17442,,,,
20250306,042660,한화오션,79700,-800,4122669,,,,
20250306,042700,한미반도체,87300,-3700,884594,,,,
20250306,044380,주연테크,1720,35,8381,,,,
20250306,044450,KSS해운,9300,170,91552,,,,
20250306,044820,코스맥스비티아이,9630,140,18988,,,,
20250306,047040,대우건설,3500,35,573191,,,,
20250306,047050,포스코인터내셔널,58400,-2600,2522591,,,,
20250306,047400,유니온머티리얼,2225,-35,287067,,,,
20250306,047810,한국항공우주,76400,6900,5971628,,,,
20250306,049800,우진플라임,2020,10,4350,,,,
20250306,051600,한전KPS,43300,-300,129545,,,,
20250306,051630,진양화학,4500,155,213922,,,,
20250306,051900,LG생활건강,318500,2000,34229,,,,
20250306,051905,LG생활건강우,126100,0,2920,,,,
20250306,051910,LG화학,233000,2500,201278,,,,
20250306,051915,LG화학우,109700,-600,77573,,,,
20250306,052690,한전기술,66000,200,98271,,,,
20250306,053210,스카이라이프,4450,-35,17029,,,,
20250306,053690,한미글로벌,17290,-210,54824,,,,
20250306,055490,테이팩스,14060,-140,8727,,,,
20250306,055550,신한지주,46350,1700,1925797,,,,
20250306,058430,포스코스틸리온,4010,80,2862630,,,,
20250306,058650,세아홀딩스,94000,-500,285,,,,
20250306,058730,다스코,3145,5,77148,,,,
20250306,058850,KTcs,2815,-25,162536,,,,
20250306,058860,KTis,2680,5,103007,,,,
20250306,060980,HL홀딩스,36850,100,13976,,,,
20250306,062040,산일전기,64000,-3800,275505,,,,
20250306,063160,종근당바이오,20500,0,6388,,,,
20250306,064350,현대로템,88800,1400,1046989,,,,
20250306,064400,LG씨엔에스,51000,3600,2214248,,,,
20250306,064960,SNT모티브,25550,400,46862,,,,
20250306,066570,LG전자,79500,900,347224,,,,
20250306,066575,LG전자우,38000,0,16376,,,,
20250306,066970,엘앤에프,71800,-900,405501,,,,
20250306,067830,세이브존I&C,2205,5,48422,,,,
20250306,068270,셀트리온,172694,3121,821128,,,,
20250306,068290,삼성출판사,14990,-120,19014,,,,
20250306,069260,TKG휴켐스,16390,60,33995,,,,
20250306,069460,대호에이엘,6395,205,85265,,,,
20250306,069620,대웅제약,128000,400,14982,,,,
20250306,069640,한세엠케이,2028,-22,2553,,,,
20250306,069730,DSR제강,3635,-75,44292,,,,
20250306,069960,현대백화점,59300,400,85957,,,,
20250306,070960,모나용평,4085,-90,158758,,,,
20250306,071050,한국금융지주,77100,1400,133997,,,,
20250306,071055,한국금융지주우,55300,700,13435,,,,
20250306,071090,하이스틸,3880,-110,9764025,,,,
20250306,071320,지역난방공사,50300,-300,9982,,,,
20250306,071840,롯데하이마트,7610,10,10188,,,,
20250306,071950,코아스,9010,-10,7563,,,,
20250306,071970,HD현대마린엔진,26500,1250,891604,,,,
20250306,072130,유엔젤,5380,40,103336,,,,
20250306,072710,농심홀딩스,66000,1100,9836,,,,
20250306,073240,금호타이어,5060,110,508990,,,,
20250306,074610,이엔플러스,7570,790,316209,,,,
20250306,075180,새론오토모티브,3475,-5,9834,,,,
20250306,075580,세진중공업,8340,-120,382334,,,,
20250306,077500,유니퀘스트,6180,-130,88579,,,,
20250306,077970,STX엔진,26100,0,691033,,,,
20250306,078000,텔코웨어,9100,70,2382,,,,
20250306,078520,에이블씨엔씨,7310,70,132890,,,,
20250306,078930,GS,36200,450,359518,,,,
20250306,078935,GS우,35950,0,4702,,,,
20250306,079160,CJ CGV,5100,10,139681,,,,
20250306,079430,현대리바트,7480,-20,9600,,,,
20250306,079550,LIG디펜스앤에어로스페이스,320500,17500,458236,,,,
20250306,079900,전진건설로봇,59100,400,602957,,,,
20250306,079980,휴비스,2570,0,34915,,,,
20250306,081000,일진다이아,11810,-100,14378,,,,
20250306,081660,미스토홀딩스,37850,400,58256,,,,
20250306,082640,동양생명,5140,90,184580,,,,
20250306,082740,한화엔진,24000,600,2875339,,,,
20250306,083420,그린케미칼,6440,-110,206620,,,,
20250306,084010,대한제강,10536,187,54996,,,,
20250306,084670,동양고속,7100,-10,5040,,,,
20250306,084680,이월드,1388,-18,76109,,,,
20250306,084690,대상홀딩스,11900,170,281099,,,,
20250306,084695,대상홀딩스우,25800,-1650,21914,,,,
20250306,084870,TBH글로벌,1118,18,14157,,,,
20250306,085310,엔케이,9490,-340,71477,,,,
20250306,085620,미래에셋생명,4385,-145,54452,,,,
20250306,086280,현대글로비스,133100,300,91472,,,,
20250306,086790,하나금융지주,59500,1700,739368,,,,
20250306,088260,이리츠코크렙,4345,100,43514,,,,
20250306,088350,한화생명,2595,25,746408,,,,
20250306,088790,진도,1815,-5,32316,,,,
20250306,088980,맥쿼리인프라,11390,110,674982,,,,
20250306,089470,HDC현대EP,3545,0,10727,,,,
20250306,089590,제주항공,7090,50,191890,,,,
20250306,089860,롯데렌탈,29050,150,36532,,,,
20250306,090080,평화산업,1375,-1,1705337,,,,
20250306,090350,노루페인트,7640,10,23934,,,,
20250306,090355,노루페인트우,12140,-110,243,,,,
20250306,090370,메타랩스,1399,7,30973,,,,
20250306,090430,아모레퍼시픽,118200,1800,239163,,,,
20250306,090435,아모레퍼시픽우,35450,100,5847,,,,
20250306,090460,비에이치,15200,30,254731,,,,
20250306,091810,트리니티항공,2348,-19,1099454,,,,
20250306,092200,디아이씨,4635,-60,273782,,,,
20250306,092220,KEC,3965,-70,98594,,,,
20250306,092230,KPX홀딩스,54600,-400,6397,,,,
20250306,092440,기신정기,2395,0,2569,,,,
20250306,092780,DYP,4660,-65,16804,,,,
20250306,092790,넥스틸,16250,300,5744858,,,,
20250306,093050,LF,15960,-80,71632,,,,
20250306,093240,형지엘리트,2090,53,2211823,,,,
20250306,093370,후성,4475,-115,543577,,,,
20250306,094280,효성ITX,11820,-20,2964,,,,
20250306,094800,맵스리얼티,4275,45,50577,,,,
20250306,095570,AJ네트웍스,3925,-10,53395,,,,
20250306,095720,웅진씽크빅,3142,-30,26263,,,,
20250306,096760,JW홀딩스,3085,-10,71586,,,,
20250306,096770,SK이노베이션,126500,-200,196054,,,,
20250306,096775,SK이노베이션우,77500,200,714,,,,
20250306,097230,HJ중공업,9080,10,9410481,,,,
20250306,097520,엠씨넥스,23200,-50,30887,,,,
20250306,097950,CJ제일제당,257500,14500,153243,,,,
20250306,097955,CJ제일제당 우,133800,3100,4891,,,,
20250306,100090,SK오션플랜트,14680,-1320,524402,,,,
20250306,100220,비상교육,5170,30,24293,,,,
20250306,100250,진양홀딩스,2939,4,30837,,,,
20250306,100840,SNT에너지,36200,-800,589448,,,,
20250306,101140,인바이오젠,6920,0,5549,,,,
20250306,101530,해태제과식품,6270,150,50258,,,,
20250306,102260,동성케미컬,3815,0,21146,,,,
20250306,102460,이연제약,12080,0,21049,,,,
20250306,103140,풍산,62100,1800,821837,,,,
20250306,103590,일진전기,27950,-1100,633478,,,,
20250306,104700,한국철강,8150,70,43861,,,,
20250306,105560,KB금융,78600,2000,1559898,,,,
20250306,105630,한세실업,12060,190,99467,,,,
20250306,105840,우진,7880,-40,242809,,,,
20250306,107590,미원홀딩스,73200,200,299,,,,
20250306,108320,LX세미콘,62400,1100,27142,,,,
20250306,108670,LX하우시스,30500,0,12272,,,,
20250306,108675,LX하우시스우,18280,100,451,,,,
20250306,109070,주성코퍼레이션,1185,0,0,,,,
20250306,111110,호전실업,7750,0,14651,,,,
20250306,111380,동인기연,16050,-600,12401,,,,
20250306,111770,영원무역,46600,-200,60264,,,,
20250306,112610,씨에스윈드,35400,-1850,667332,,,,
20250306,114090,GKL,11220,40,49566,,,,
20250306,117580,대성에너지,8010,-50,75896,,,,
20250306,118000,메타케어,3110,-70,8602,,,,
20250306,119650,KC코트렐,1000,-10,66816,,,,
20250306,120030,조선선재,101800,600,5352,,,,
20250306,120110,코오롱인더,34500,-450,86163,,,,
20250306,120115,코오롱인더우,19980,-20,1853,,,,
20250306,122900,아이마켓코리아,7930,10,6404,,,,
20250306,123690,한국화장품,6900,40,120634,,,,
20250306,123700,SJM,2905,-25,17515,,,,
20250306,123890,한국자산신탁,2535,-5,85490,,,,
20250306,126560,현대퓨처넷,3440,-25,123954,,,,
20250306,126720,수산인더스트리,20650,-150,23663,,,,
20250306,128820,대성산업,3437,-11,59827,,,,
20250306,128940,한미약품,255000,-7500,63532,,,,
20250306,129260,인터지스,2535,-5,99772,,,,
20250306,130660,한전산업,11130,-240,140656,,,,
20250306,133820,화인베스틸,1140,1,93961,,,,
20250306,134380,미원화학,7800,50,640,,,,
20250306,134790,시디즈,23750,-100,693,,,,
20250306,136490,선진,5850,20,28685,,,,
20250306,137310,에스디바이오센서,10090,-60,125840,,,,
20250306,138040,메리츠금융지주,127200,4700,400249,,,,
20250306,138930,BNK금융지주,10500,40,1139936,,,,
20250306,139130,iM금융지주,9000,20,400568,,,,
20250306,139480,이마트,83200,2900,541664,,,,
20250306,139990,아주스틸,4040,10,33102,,,,
20250306,143210,핸즈코퍼레이션,1920,0,1885,,,,
20250306,145210,다이나믹디자인,9300,-1020,66152,,,,
20250306,145270,케이탑리츠,963,-5,54822,,,,
20250306,145720,덴티움,65500,0,27267,,,,
20250306,145990,삼양사,45450,450,7080,,,,
20250306,145995,삼양사우,29300,-50,1036,,,,
20250306,155660,DSR,4040,10,15192,,,,
20250306,161000,애경케미칼,7300,-140,124661,,,,
20250306,161390,한국타이어앤테크놀로지,38350,500,410837,,,,
20250306,161890,한국콜마,63200,1100,271391,,,,
20250306,163560,동일고무벨트,7790,-180,57148,,,,
20250306,170900,동아에스티,44483,281,24886,,,,
20250306,175330,JB금융지주,17270,270,322170,,,,
20250306,178920,PI첨단소재,18300,-200,132026,,,,
20250306,180640,한진칼,81100,2400,35850,,,,
20250306,18064K,한진칼우,23500,250,268,,,,
20250306,181710,NHN,19430,120,39679,,,,
20250306,183190,아세아시멘트,10310,20,30390,,,,
20250306,185750,종근당,80800,300,15228,,,,
20250306,192080,더블유게임즈,47300,150,16993,,,,
20250306,192400,쿠쿠홀딩스,22650,50,5088,,,,
20250306,192650,드림텍,7160,-110,125955,,,,
20250306,192820,코스맥스,184300,13000,222114,,,,
20250306,194370,제이에스코퍼레이션,7615,0,84092,,,,
20250306,195870,해성디에스,27550,-1900,132962,,,,
20250306,200880,서연이화,12880,90,191999,,,,
20250306,204320,HL만도,44100,2300,299875,,,,
20250306,207940,삼성바이오로직스,1663071,-19132,29146,,,,
20250306,210540,디와이파워,12520,-80,43914,,,,
20250306,210980,SK디앤디,8210,-50,43072,,,,
20250306,213500,한솔제지,8960,110,86077,,,,
20250306,214320,이노션,18420,90,29915,,,,
20250306,214330,금호에이치티,16620,-136,8299,,,,
20250306,214390,경보제약,6580,-120,22792,,,,
20250306,214420,토니모리,8870,420,7782427,,,,
20250306,226320,잇츠한불,11630,-10,30086,,,,
20250306,227840,현대코퍼레이션홀딩스,10600,50,13284,,,,
20250306,229640,LS에코에너지,36000,-2050,365051,,,,
20250306,234080,JW생명과학,10640,50,22846,,,,
20250306,241560,두산밥캣,48250,700,429197,,,,
20250306,241590,화승엔터프라이즈,8800,-930,1854569,,,,
20250306,244920,에이플러스에셋,4030,-45,91256,,,,
20250306,248070,솔루엠,17950,210,79642,,,,
20250306,248170,샘표식품,27200,-400,28060,,,,
20250306,249420,일동제약,11380,-90,34546,,,,
20250306,251270,넷마블,41550,850,214261,,,,
20250306,259960,크래프톤,348000,4000,138858,,,,
20250306,264900,크라운제과,8090,90,16462,,,,
20250306,26490K,크라운제과우,9480,30,215,,,,
20250306,267250,HD현대,75700,700,100157,,,,
20250306,267260,HD현대일렉트릭,347000,-3000,283383,,,,
20250306,267270,HD건설기계,77000,-100,221131,,,,
20250306,267290,경동도시가스,17620,10,4465,,,,
20250306,267850,아시아나IDT,11430,10,6975,,,,
20250306,268280,미원에스씨,145800,-1900,1323,,,,
20250306,271560,오리온,105800,4500,146708,,,,
20250306,271940,일진하이솔루스,14800,-20,90581,,,,
20250306,271980,제일약품,10930,0,7290,,,,
20250306,272210,한화시스템,34150,300,3605097,,,,
20250306,272450,진에어,10170,410,374843,,,,
20250306,272550,삼양패키징,14330,30,9419,,,,
20250306,278470,에이피알,64700,1300,983816,,,,
20250306,280360,롯데웰푸드,114500,1700,9475,,,,
20250306,281820,케이씨텍,32900,-900,74584,,,,
20250306,282330,BGF리테일,101500,1500,37225,,,,
20250306,284740,쿠쿠홈시스,22050,0,49850,,,,
20250306,285130,SK케미칼,42300,0,19963,,,,
20250306,28513K,SK케미칼우,20200,0,1696,,,,
20250306,286940,롯데이노베이트,19470,-250,13279,,,,
20250306,293480,하나제약,10390,100,20166,,,,
20250306,293940,신한알파리츠,6160,50,216348,,,,
20250306,294870,IPARK현대산업개발,19680,30,317183,,,,
20250306,298000,효성화학,77800,0,0,,,,
20250306,298020,효성티앤씨,229500,500,7107,,,,
20250306,298040,효성중공업,431500,-19500,81983,,,,
20250306,298050,HS효성첨단소재,192500,900,11781,,,,
20250306,298690,에어부산,2250,25,117463,,,,
20250306,300720,한일시멘트,16360,550,95179,,,,
20250306,302440,SK바이오사이언스,41250,150,278661,,,,
20250306,306200,세아제강,198000,17300,236152,,,,
20250306,307950,현대오토에버,133000,800,82683,,,,
20250306,308170,씨티알모빌리티,5720,40,5762,,,,
20250306,316140,우리금융지주,16220,220,1378181,,,,
20250306,317400,자이에스앤디,3330,50,7805,,,,
20250306,322000,HD현대에너지솔루션,27150,-150,93984,,,,
20250306,323410,카카오뱅크,23250,400,449539,,,,
20250306,326030,SK바이오팜,115200,1400,212810,,,,
20250306,329180,HD현대중공업,318500,1500,302831,,,,
20250306,330590,롯데리츠,3605,15,304194,,,,
20250306,334890,이지스밸류플러스리츠,4356,45,90416,,,,
20250306,336260,두산퓨얼셀,16150,-190,154259,,,,
20250306,33626K,두산퓨얼셀1우,4690,0,8544,,,,
20250306,33626L,두산퓨얼셀2우B,7820,30,1205,,,,
20250306,336370,솔루스첨단소재,9510,-60,120204,,,,
20250306,33637K,솔루스첨단소재1우,1999,-1,18491,,,,
20250306,33637L,솔루스첨단소재2우B,4140,-45,6887,,,,
20250306,338100,NH프라임리츠,4515,-30,19272,,,,
20250306,339770,교촌에프앤비,5590,-340,220935,,,,
20250306,344820,KCC글라스,32300,750,66129,,,,
20250306,348950,제이알글로벌리츠,2750,75,599473,,,,
20250306,350520,이지스레지던스리츠,4080,20,38413,,,,
20250306,352820,하이브,250000,-1000,173575,,,,
20250306,353200,대덕전자,17160,-590,383114,,,,
20250306,35320K,대덕전자1우,8060,-20,2083,,,,
20250306,357120,코람코라이프인프라리츠,4545,10,89540,,,,
20250306,357250,미래에셋맵스리츠,2680,50,36899,,,,
20250306,357430,마스턴프리미어리츠,1528,-20,80128,,,,
20250306,361610,SK아이이테크놀로지,27050,150,183791,,,,
20250306,363280,티와이홀딩스,2460,10,43479,,,,
20250306,36328K,티와이홀딩스우,3865,-20,266,,,,
20250306,365550,ESR켄달스퀘어리츠,4952,45,329617,,,,
20250306,372910,한컴라이프케어,3480,5,170550,,,,
20250306,373220,LG에너지솔루션,334000,0,251173,,,,
20250306,375500,DL이앤씨,43300,-200,182178,,,,
20250306,37550K,DL이앤씨우,16730,-70,6802,,,,
20250306,37550L,DL이앤씨2우(전환),25700,-50,6598,,,,
20250306,377190,디앤디플랫폼리츠,3315,35,63312,,,,
20250306,377300,카카오페이,32800,1850,520575,,,,
20250306,377740,바이오노트,4905,10,96141,,,,
20250306,378850,화승알앤에이,3150,-60,242339,,,,
20250306,381970,케이카,13040,70,78750,,,,
20250306,383220,F&F,72600,900,55018,,,,
20250306,383800,LX홀딩스,6620,10,92437,,,,
20250306,38380K,LX홀딩스1우,8050,90,380,,,,
20250306,395400,SK리츠,5150,30,404187,,,,
20250306,396690,미래에셋글로벌리츠,2840,15,45300,,,,
20250306,400760,NH올원리츠,3551,74,67851,,,,
20250306,402340,SK스퀘어,90200,-800,270308,,,,
20250306,403550,쏘카,15000,270,3530,,,,
20250306,404990,신한서부티엔디리츠,3240,30,157453,,,,
20250306,415640,KB발해인프라,7320,20,84520,,,,
20250306,417310,코람코더원리츠,4895,115,38901,,,,
20250306,432320,KB스타리츠,3845,60,114816,,,,
20250306,443060,HD현대마린솔루션,145000,4500,282374,,,,
20250306,446070,유니드비티플러스,3750,25,7449,,,,
20250306,448730,삼성FN리츠,4640,-5,59288,,,,
20250306,450080,에코프로머티,75100,-2200,1100803,,,,
20250306,451800,한화리츠,3730,15,308673,,,,
20250306,452260,한화갤러리아,1253,1,331851,,,,
20250306,45226K,한화갤러리아우,2440,0,244,,,,
20250306,453340,현대그린푸드,13950,330,41554,,,,
20250306,454910,두산로보틱스,63300,-800,206961,,,,
20250306,456040,OCI,59800,-500,45655,,,,
20250306,457190,이수스페셜티케미컬,52100,-700,1554311,,,,
20250306,460850,동국씨엠,7040,100,174675,,,,
20250306,460860,동국제강,9880,250,910769,,,,
20250306,462520,조선내화,14580,-20,2397,,,,
20250306,462870,시프트업,61100,2100,142825,,,,
20250306,465770,STX그린로지스,9100,-70,173656,,,,
20250306,475150,SK이터닉스,14710,-510,328333,,,,
20250306,475560,더본코리아,29900,50,38874,,,,
20250306,481850,신한글로벌액티브리츠,1590,3,189199,,,,
20250306,484870,엠앤씨솔루션,27133,1367,839112,,,,
20250306,487570,HS효성,30600,100,4022,,,,
20250306,489790,한화비전,48900,-50,1855538,,,,
20250306,499790,GS피앤엘,19900,-650,84147,,,,
20250306,900140,엘브이엠씨홀딩스,1660,0,232344,,,,
20250306,950210,프레스티지바이오파마,13660,-420,55530,,,,
20250307,000020,동화약품,6290,-10,21315,,,,
20250307,000040,KR모터스,2050,-50,24780,,,,
20250307,000050,경방,6490,20,3447,,,,
20250307,000070,삼양홀딩스,39771,-267,49087,,,,
20250307,000080,하이트진로,19220,10,111666,,,,
20250307,000087,하이트진로2우B,15160,10,339,,,,
20250307,000100,유한양행,118900,-5900,1254660,,,,
20250307,000105,유한양행우,105700,-3400,18884,,,,
20250307,000120,CJ대한통운,94900,-1300,40792,,,,
20250307,000140,하이트진로홀딩스,8730,-30,11006,,,,
20250307,000145,하이트진로홀딩스우,10230,-30,1041,,,,
20250307,000150,두산,313500,1500,135294,,,,
20250307,000155,두산우,147200,-400,6432,,,,
20250307,000157,두산2우B,128900,500,1852,,,,
20250307,000180,성창기업지주,6560,-10,4276,,,,
20250307,000210,DL,35700,700,157416,,,,
20250307,000215,DL우,19700,330,2255,,,,
20250307,000220,유유제약,4610,5,41651,,,,
20250307,000225,유유제약1우,4895,25,5696,,,,
20250307,000227,유유제약2우B,9530,0,530,,,,
20250307,000230,일동홀딩스,6300,10,11530,,,,
20250307,000240,한국앤컴퍼니,15970,-230,73227,,,,
20250307,000270,기아,96800,-1200,1138412,,,,
20250307,000300,DH오토넥스,4200,0,0,,,,
20250307,000320,노루홀딩스,13890,-190,8648,,,,
20250307,000325,노루홀딩스우,28050,50,171,,,,
20250307,000370,한화손해보험,3930,-35,237456,,,,
20250307,000390,SP삼화,6380,30,54893,,,,
20250307,000400,롯데손해보험,1786,-17,110961,,,,
20250307,000430,대원강업,3815,-10,52916,,,,
20250307,000480,CR홀딩스,5380,-10,3870,,,,
20250307,000490,대동,11740,20,238315,,,,
20250307,000500,가온전선,27784,-555,335191,,,,
20250307,000520,삼일제약,12210,-310,143818,,,,
20250307,000540,흥국화재,3310,25,41050,,,,
20250307,000545,흥국화재우,4875,-20,21460,,,,
20250307,000590,CS홀딩스,72900,0,477,,,,
20250307,000640,동아쏘시오홀딩스,92554,-1603,19905,,,,
20250307,000650,천일고속,37850,-400,102,,,,
20250307,000660,SK하이닉스,192400,0,2700590,,,,
20250307,000670,영풍,43681,49,43130,,,,
20250307,000680,LS네트웍스,3995,-205,881876,,,,
20250307,000700,유수홀딩스,5480,0,13379,,,,
20250307,000720,현대건설,35650,400,1163254,,,,
20250307,000725,현대건설우,50400,-100,1223,,,,
20250307,000760,이화산업,10330,90,362,,,,
20250307,000810,삼성화재,372500,-13500,139336,,,,
20250307,000815,삼성화재우,286000,-5500,10610,,,,
20250307,000850,화천기공,28500,-250,6658,,,,
20250307,000860,강남제비스코,12330,0,2065,,,,
20250307,000880,한화,57202,3241,918692,,,,
20250307,00088K,한화3우B,19633,957,190271,,,,
20250307,000890,보해양조,2225,-35,73118,,,,
20250307,000910,유니온,5550,-80,502815,,,,
20250307,000950,전방,19250,-40,943,,,,
20250307,000970,한국주철관,6330,80,75827,,,,
20250307,000990,DB하이텍,41600,1200,353652,,,,
20250307,001020,페이퍼코리아,3555,45,8738,,,,
20250307,001040,CJ,102500,-1800,59650,,,,
20250307,001045,CJ우,59700,100,3913,,,,
20250307,00104K,CJ4우(전환),83300,-700,6272,,,,
20250307,001060,JW중외제약,21950,-650,112159,,,,
20250307,001065,JW중외제약우,28650,150,95,,,,
20250307,001067,JW중외제약2우B,60600,0,23,,,,
20250307,001070,대한방직,5230,-50,1452,,,,
20250307,001080,만호제강,2600,25,2310,,,,
20250307,001120,LX인터내셔널,26550,50,179586,,,,
20250307,001130,대한제분,13130,130,5580,,,,
20250307,001200,유진투자증권,2590,-60,453799,,,,
20250307,001210,금호전기,3490,-70,26484,,,,
20250307,001230,동국홀딩스,1739,3,176608,,,,
20250307,001250,GS글로벌,2720,0,422529,,,,
20250307,001260,남광토건,8240,-50,13436,,,,
20250307,001270,부국증권,26850,-50,1651,,,,
20250307,001275,부국증권우,21800,0,473,,,,
20250307,001290,상상인증권,410,-2,42595,,,,
20250307,001340,PKC,6990,50,112604,,,,
20250307,001360,삼성제약,1641,83,571625,,,,
20250307,001380,SG글로벌,5680,-150,802407,,,,
20250307,001390,KG케미칼,4025,-25,83360,,,,
20250307,001420,태원물산,3670,30,9511,,,,
20250307,001430,세아베스틸지주,21050,50,140452,,,,
20250307,001440,대한전선,12290,-160,589820,,,,
20250307,001450,현대해상,22500,-550,243816,,,,
20250307,001460,BYC,27000,-400,1303,,,,
20250307,001465,BYC우,12530,-10,212,,,,
20250307,001470,삼부토건,643,-275,16130545,,,,
20250307,001500,현대차증권,6250,-30,75331,,,,
20250307,001510,SK증권,943,-2,210153,,,,
20250307,001515,SK증권우,3524,-16,2035,,,,
20250307,001520,동양,1292,-4,44065,,,,
20250307,001525,동양우,8400,50,91,,,,
20250307,001527,동양2우B,16600,140,164,,,,
20250307,001530,DI동일,43572,-381,62401,,,,
20250307,001550,조비,10480,100,5829,,,,
20250307,001560,제일연마,9540,60,27600,,,,
20250307,001570,금양,13060,-70,7569092,,,,
20250307,001620,케이비아이동국실업,2425,-15,9049,,,,
20250307,001630,종근당홀딩스,44700,350,7867,,,,
20250307,001680,대상,24600,0,168104,,,,
20250307,001685,대상우,17780,-170,10305,,,,
20250307,001720,신영증권,84200,0,8061,,,,
20250307,001740,SK네트웍스,4380,-95,240916,,,,
20250307,001750,한양증권,12050,-150,22409,,,,
20250307,001755,한양증권우,12640,-210,1541,,,,
20250307,001770,SHD,15000,480,3972,,,,
20250307,001780,알루코,2245,-15,891231,,,,
20250307,001790,대한제당,2665,10,57551,,,,
20250307,001795,대한제당우,2265,0,3819,,,,
20250307,001800,오리온홀딩스,15240,-100,127612,,,,
20250307,001820,삼화콘덴서,28000,150,35131,,,,
20250307,001940,KISCO홀딩스,19570,-50,22862,,,,
20250307,002020,코오롱,18600,590,135898,,,,
20250307,002025,코오롱우,13260,250,7050,,,,
20250307,002030,아세아,260000,2000,1332,,,,
20250307,002070,비비안,16505,-454,3237,,,,
20250307,002100,경농,9070,-50,13726,,,,
20250307,002140,고려산업,2895,-50,292019,,,,
20250307,002150,도화엔지니어링,6690,0,24656,,,,
20250307,002170,SYTS,46500,-200,996,,,,
20250307,002200,한국수출포장,2730,-10,14424,,,,
20250307,002210,동성제약,3800,-24,53219,,,,
20250307,002220,한일철강,1878,-31,36663,,,,
20250307,002240,고려제강,18670,530,82241,,,,
20250307,002310,아세아제지,7320,20,246007,,,,
20250307,002320,한진,19510,-250,12823,,,,
20250307,002350,넥센타이어,5310,20,79875,,,,
20250307,002355,넥센타이어1우B,2825,5,464,,,,
20250307,002360,SH에너지화학,4860,-20,19867,,,,
20250307,002380,KCC,272000,-3000,29332,,,,
20250307,002390,한독,11260,-150,23631,,,,
20250307,002410,범양건영,2895,160,1753995,,,,
20250307,002420,세기상사,5150,-60,9191,,,,
20250307,002450,삼익악기,1162,-14,320789,,,,
20250307,002460,HS화성,9350,-40,6829,,,,
20250307,002600,조흥,163400,700,17,,,,
20250307,002620,제일파마홀딩스,7320,30,2598,,,,
20250307,002630,오리엔트바이오,3052,-412,6820459,,,,
20250307,002690,동일제강,1225,-2,50497,,,,
20250307,002700,신일전자,1508,9,294292,,,,
20250307,002710,TCC스틸,28550,800,557730,,,,
20250307,002720,국제약품,4855,-75,84814,,,,
20250307,002760,보락,1060,6,149708,,,,
20250307,002780,진흥기업,787,-10,138389,,,,
20250307,002785,진흥기업우B,3135,-25,1991,,,,
20250307,002787,진흥기업2우B,9720,30,21,,,,
20250307,002790,아모레퍼시픽홀딩스,22350,250,238869,,,,
20250307,002795,아모레퍼시픽홀딩스우,9190,10,3684,,,,
20250307,00279K,아모레퍼시픽홀딩스3우C,18120,0,2864,,,,
20250307,002810,삼영무역,13470,30,12330,,,,
20250307,002820,SUN&L,2840,40,1266,,,,
20250307,002840,미원상사,180400,-100,2550,,,,
20250307,002870,신풍,1138,-32,23334,,,,
20250307,002880,디와이에이,989,-4,41879,,,,
20250307,002900,TYM,5160,165,344166,,,,
20250307,002920,유성기업,1860,2,37049,,,,
20250307,002960,한국쉘석유,309000,-1000,1371,,,,
20250307,002990,금호건설,2550,10,25614,,,,
20250307,002995,금호건설우,12910,-190,1288,,,,
20250307,003000,부광약품,4309,-5,88443,,,,
20250307,003010,혜인,5410,10,64132,,,,
20250307,003030,세아제강지주,273000,3000,30321,,,,
20250307,003060,에이프로젠바이오로직스,759,-16,496160,,,,
20250307,003070,코오롱글로벌,9020,-10,16460,,,,
20250307,003075,코오롱글로벌우,15480,-20,989,,,,
20250307,003080,SB성보,2470,5,39448,,,,
20250307,003090,대웅,19740,-710,47301,,,,
20250307,003120,일성아이에스,15300,-30,4175,,,,
20250307,003160,디아이,11640,-270,1087808,,,,
20250307,003200,일신방직,8170,60,17293,,,,
20250307,003220,대원제약,14040,-20,40244,,,,
20250307,003230,삼양식품,906000,-21000,63441,,,,
20250307,003240,태광산업,809000,22000,12388,,,,
20250307,003280,흥아해운,1775,-37,1178628,,,,
20250307,003300,한일홀딩스,13930,-50,12630,,,,
20250307,003350,한국화장품제조,9510,-230,318085,,,,
20250307,003460,유화증권,2310,-10,37367,,,,
20250307,003465,유화증권우,2320,20,39769,,,,
20250307,003470,유안타증권,2710,110,798592,,,,
20250307,003475,유안타증권우,3020,120,119480,,,,
20250307,003480,한진중공업홀딩스,3605,5,31420,,,,
20250307,003490,대한항공,24250,50,652015,,,,
20250307,003495,대한항공우,22100,0,2033,,,,
20250307,003520,영진약품,2025,-10,88531,,,,
20250307,003530,한화투자증권,3550,-55,845108,,,,
20250307,003535,한화투자증권우,6240,240,6813,,,,
20250307,003540,대신증권,16890,-70,65298,,,,
20250307,003545,대신증권우,16180,90,64052,,,,
20250307,003547,대신증권2우B,15400,80,54110,,,,
20250307,003550,LG,67000,-800,173859,,,,
20250307,003555,LG우,56700,100,2743,,,,
20250307,003570,SNT다이내믹스,35950,750,188816,,,,
20250307,003580,HLB글로벌,4130,30,82378,,,,
20250307,003610,방림,3895,10,187207,,,,
20250307,003620,KG모빌리티,5090,37,587459,,,,
20250307,003650,미창석유,90300,-300,693,,,,
20250307,003670,포스코퓨처엠,136964,5525,531129,,,,
20250307,003680,한성기업,4860,30,13306,,,,
20250307,003690,코리안리,8060,-50,262929,,,,
20250307,003720,삼영,4095,-170,366501,,,,
20250307,003780,진양산업,8500,-470,314851,,,,
20250307,003830,대한화섬,109200,1200,414,,,,
20250307,003850,보령,9830,-190,166183,,,,
20250307,003920,남양유업,75400,1400,20359,,,,
20250307,003925,남양유업우,40100,-150,3696,,,,
20250307,003960,사조대림,43950,-650,46440,,,,
20250307,004000,롯데정밀화학,43000,550,74451,,,,
20250307,004020,현대제철,31850,2550,4818669,,,,
20250307,004060,SG세계물산,3190,-10,60456,,,,
20250307,004080,신흥,14540,40,1431,,,,
20250307,004090,한국석유,13110,110,84536,,,,
20250307,004100,태양금속,2845,-185,1503983,,,,
20250307,004105,태양금속우,4755,-240,11917,,,,
20250307,004140,동방,2390,30,613205,,,,
20250307,004150,한솔홀딩스,2465,-15,24522,,,,
20250307,004170,신세계,160500,8000,109493,,,,
20250307,004250,NPC,4040,10,10207,,,,
20250307,004255,NPC우,2410,20,3496,,,,
20250307,004270,남성,8960,-222,13844,,,,
20250307,004310,현대약품,3325,-20,47810,,,,
20250307,004360,세방,12090,-30,16954,,,,
20250307,004365,세방우,7650,-110,5597,,,,
20250307,004370,농심,394000,4500,107708,,,,
20250307,004380,삼익THK,14331,-130,102730,,,,
20250307,004410,서울식품,1420,-10,79843,,,,
20250307,004415,서울식품우,11930,60,690,,,,
20250307,004430,송원산업,12300,290,37089,,,,
20250307,004440,삼일씨엔에스,4175,190,60451,,,,
20250307,004450,삼화왕관,30950,0,1059,,,,
20250307,004490,세방전지,71700,-2400,48919,,,,
20250307,004540,깨끗한나라,2355,-60,135804,,,,
20250307,004545,깨끗한나라우,11990,160,1100,,,,
20250307,004560,현대비앤지스틸,13700,30,203643,,,,
20250307,004690,삼천리,91200,-1300,8326,,,,
20250307,004700,조광피혁,53100,-100,971,,,,
20250307,004710,한솔테크닉스,3994,-20,17268,,,,
20250307,004720,팜젠사이언스,4245,-80,26032,,,,
20250307,004770,써니전자,2170,-95,1078843,,,,
20250307,004800,효성,47000,-500,13846,,,,
20250307,004830,덕성,7450,0,10365703,,,,
20250307,004835,덕성우,10900,-600,46085,,,,
20250307,004840,DRB동일,4300,55,6461,,,,
20250307,004870,티웨이홀딩스,3339,52,186782,,,,
20250307,004890,동일산업,40300,50,2663,,,,
20250307,004910,조광페인트,5830,-30,7225,,,,
20250307,004920,씨아이테크,1060,22,28168,,,,
20250307,004960,한신공영,6460,20,22785,,,,
20250307,004970,신라교역,8510,-50,16206,,,,
20250307,004980,성신양회,7500,-30,21167,,,,
20250307,004985,성신양회우,10950,240,17591,,,,
20250307,004990,롯데지주,23350,-50,83560,,,,
20250307,00499K,롯데지주우,26650,-100,161,,,,
20250307,005010,휴스틸,6200,-390,2182060,,,,
20250307,005030,부산주공,486,0,0,,,,
20250307,005070,코스모신소재,49350,-150,416157,,,,
20250307,005090,SGC에너지,23250,150,15376,,,,
20250307,005110,한창,1254,0,0,,,,
20250307,005180,빙그레,91100,-1100,55324,,,,
20250307,005250,녹십자홀딩스,14080,-250,44011,,,,
20250307,005257,녹십자홀딩스2우,22500,-150,442,,,,
20250307,005300,롯데칠성,108500,1300,28952,,,,
20250307,005305,롯데칠성우,66000,400,521,,,,
20250307,005320,온타이드,866,-48,77611,,,,
20250307,005360,모나미,2050,-15,20082,,,,
20250307,005380,현대차,196600,-1000,574321,,,,
20250307,005385,현대차우,146800,800,51486,,,,
20250307,005387,현대차2우B,148500,500,106534,,,,
20250307,005389,현대차3우B,145100,-900,13338,,,,
20250307,005420,코스모화학,18390,-10,117192,,,,
20250307,005430,한국공항,51600,-200,4003,,,,
20250307,005440,현대지에프홀딩스,5440,-50,178290,,,,
20250307,005490,POSCO홀딩스,317000,21500,1586405,,,,
20250307,005500,삼진제약,17950,-80,6039,,,,
20250307,005610,삼립,52200,900,39094,,,,
20250307,005680,삼영전자,10230,50,5698,,,,
20250307,005690,파미셀,10150,-50,828822,,,,
20250307,005720,넥센,4635,-10,30885,,,,
20250307,005725,넥센우,3050,0,660,,,,
20250307,005740,크라운해태홀딩스,5390,-30,25515,,,,
20250307,005745,크라운해태홀딩스우,7710,0,225,,,,
20250307,005750,대림바스,4000,-45,37251,,,,
20250307,005800,신영와코루,10190,20,5448,,,,
20250307,005810,풍산홀딩스,28150,300,84782,,,,
20250307,005820,원림,13690,-30,905,,,,
20250307,005830,DB손해보험,91500,-1900,225961,,,,
20250307,005850,에스엘,32250,-1300,226138,,,,
20250307,005870,휴니드,9000,300,1433692,,,,
20250307,005880,대한해운,1798,-29,1476574,,,,
20250307,005930,삼성전자,53700,-600,14274992,,,,
20250307,005935,삼성전자우,45500,300,1141226,,,,
20250307,005940,NH투자증권,14850,-90,388194,,,,
20250307,005945,NH투자증권우,13290,40,85638,,,,
20250307,005950,이수화학,6470,40,61371,,,,
20250307,005960,동부건설,3520,50,21514,,,,
20250307,005965,동부건설우,19100,90,90,,,,
20250307,006040,동원산업,36300,450,22961,,,,
20250307,006060,화승인더,5110,10,116553,,,,
20250307,006090,사조오양,8830,-80,5390,,,,
20250307,006110,삼아알미늄,27700,-50,54932,,,,
20250307,006120,SK디스커버리,37650,-550,39195,,,,
20250307,006125,SK디스커버리우,32750,-250,7535,,,,
20250307,006200,한국전자홀딩스,3600,-25,2540,,,,
20250307,006220,제주은행,7770,-110,77595,,,,
20250307,006260,LS,99300,-4400,715448,,,,
20250307,006280,녹십자,129600,-3800,46005,,,,
20250307,006340,대원전선,3060,-20,682502,,,,
20250307,006345,대원전선우,3940,-120,31468,,,,
20250307,006360,GS건설,18390,110,399419,,,,
20250307,006370,대구백화점,9400,-980,100463,,,,
20250307,006380,카프로,3660,0,0,,,,
20250307,006400,삼성SDI,213918,5874,522099,,,,
20250307,006405,삼성SDI우,132230,4047,12639,,,,
20250307,006490,프리티,8165,345,322924,,,,
20250307,006570,대림통상,2450,-20,8480,,,,
20250307,006650,대한유화,104500,6700,65814,,,,
20250307,006660,삼성공조,15580,-150,505460,,,,
20250307,006740,블루산업개발,2313,-14,156345,,,,
20250307,006800,미래에셋증권,9140,60,1072996,,,,
20250307,006805,미래에셋증권우,4558,-5,62193,,,,
20250307,00680K,미래에셋증권2우B,4099,-15,221498,,,,
20250307,006840,AK홀딩스,10540,120,2207,,,,
20250307,006880,신송홀딩스,7570,-330,710332,,,,
20250307,006890,태경케미컬,11870,10,12816,,,,
20250307,006980,우성,14810,-40,411,,,,
20250307,007070,GS리테일,14930,0,142077,,,,
20250307,007110,일신석재,1960,-115,1978882,,,,
20250307,007120,미래아이앤지,822,-15,86592,,,,
20250307,007160,사조산업,35100,-500,6452,,,,
20250307,007210,벽산,2215,-10,220222,,,,
20250307,007280,한국특강,3654,312,133510,,,,
20250307,007310,오뚜기,407000,-2000,6571,,,,
20250307,007340,DN오토모티브,21550,-900,133776,,,,
20250307,007460,에이프로젠,751,-26,1403465,,,,
20250307,007540,샘표,42600,-300,8441,,,,
20250307,007570,일양약품,12261,-213,22377,,,,
20250307,007575,일양약품우,13308,24,76,,,,
20250307,007590,동방아그로,6040,0,2815,,,,
20250307,007610,선도전기,3000,0,0,,,,
20250307,007660,이수페타시스,37200,2100,1589943,,,,
20250307,007690,국도화학,33050,-1300,17901,,,,
20250307,007700,F&F홀딩스,13010,390,68667,,,,
20250307,007810,코리아써키트,11900,550,233073,,,,
20250307,007815,코리아써우,5750,130,3691,,,,
20250307,00781K,코리아써키트2우B,5400,20,343,,,,
20250307,007860,서연,7220,110,546266,,,,
20250307,007980,TP,1379,-9,74292,,,,
20250307,008040,사조동아원,1002,-4,272189,,,,
20250307,008060,대덕,7070,-10,53365,,,,
20250307,00806K,대덕1우,7550,120,1024,,,,
20250307,008250,이건산업,5230,-50,27526,,,,
20250307,008260,NI스틸,3495,75,1378232,,,,
20250307,008350,남선알미늄,1390,-6,610978,,,,
20250307,008355,남선알미우,14970,130,467,,,,
20250307,008420,문배철강,2660,-30,6700489,,,,
20250307,008490,서흥,15900,300,25970,,,,
20250307,008600,윌비스,7446,-362,78970,,,,
20250307,008700,아남전자,1555,-23,481198,,,,
20250307,008730,율촌화학,28200,-900,63608,,,,
20250307,008770,호텔신라,39900,200,80591,,,,
20250307,008775,호텔신라우,32600,100,1868,,,,
20250307,008870,금비,55700,-300,1169,,,,
20250307,008930,한미사이언스,27850,-550,82610,,,,
20250307,008970,KBI동양철관,1869,-39,70988381,,,,
20250307,009070,KCTC,3930,-30,31677,,,,
20250307,009140,경인전자,18660,-300,4726,,,,
20250307,009150,삼성전기,134900,-1000,222195,,,,
20250307,009155,삼성전기우,60800,300,2828,,,,
20250307,009160,SIMPAC,3815,15,73020,,,,
20250307,009180,한솔로지스틱스,2360,10,199952,,,,
20250307,009190,대양금속,1366,-1,84183,,,,
20250307,009200,무림페이퍼,2085,-105,256083,,,,
20250307,009240,한샘,45150,-600,21681,,,,
20250307,009270,신원,1348,-48,590483,,,,
20250307,009290,광동제약,5580,-20,17323,,,,
20250307,009310,참엔지니어링,1725,-10,25076,,,,
20250307,009320,아진전자부품,1059,-7,6626,,,,
20250307,009410,태영건설,2545,-25,79852,,,,
20250307,009415,태영건설우,5200,10,4250,,,,
20250307,009420,한올바이오파마,35250,-1650,337405,,,,
20250307,009440,KC그린홀딩스,760,-4,74882,,,,
20250307,009450,경동나비엔,83400,1300,27546,,,,
20250307,009460,한창제지,3550,-25,24713,,,,
20250307,009470,삼화전기,36050,-800,54081,,,,
20250307,009540,HD한국조선해양,233500,-13000,448650,,,,
20250307,009580,무림P&P,2805,-50,335326,,,,
20250307,009680,모토닉,9450,110,48467,,,,
20250307,009770,삼정펄프,26450,100,7110,,,,
20250307,009810,MDS스피어,3045,-10,19644,,,,
20250307,009830,한화솔루션,20185,755,2470817,,,,
20250307,009835,한화솔루션우,16907,126,20020,,,,
20250307,009900,명신산업,9010,-60,228898,,,,
20250307,009970,영원무역홀딩스,89200,-1800,14432,,,,
20250307,010040,한국내화,2200,-10,18183,,,,
20250307,010060,OCI홀딩스,86200,5200,292629,,,,
20250307,010100,한국무브넥스,4635,-60,265075,,,,
20250307,010120,LS ELECTRIC,43300,-1700,3572205,,,,
20250307,010130,고려아연,726000,6000,21638,,,,
20250307,010140,삼성중공업,14860,-80,11696479,,,,
20250307,010400,우진아이엔에스,2995,20,4120,,,,
20250307,010580,에스엠벡셀,1220,1,42344,,,,
20250307,010640,진양폴리,5183,-256,169959,,,,
20250307,010660,화천기계,3000,-125,245723,,,,
20250307,010690,화신,7590,10,99880,,,,
20250307,010770,평화홀딩스,6990,-760,2253391,,,,
20250307,010780,아이에스동서,17070,-320,69278,,,,
20250307,010820,퍼스텍,3860,-200,3933983,,,,
20250307,010950,S-Oil,57200,100,85195,,,,
20250307,010955,S-Oil우,37150,-250,4556,,,,
20250307,010960,삼호개발,3030,5,11963,,,,
20250307,011000,진원생명과학,10325,-200,47603,,,,
20250307,011070,LG이노텍,175700,-1800,318109,,,,
20250307,011090,에넥스,2635,-15,22904,,,,
20250307,011150,CJ씨푸드,3035,-40,382523,,,,
20250307,011155,CJ씨푸드1우,15940,-40,581,,,,
20250307,011170,롯데케미칼,77900,5100,817372,,,,
20250307,011200,HMM,21650,200,3248426,,,,
20250307,011210,현대위아,44900,1100,168353,,,,
20250307,011230,삼화전자,3340,-20,36744,,,,
20250307,011280,태림포장,2105,-120,1349062,,,,
20250307,011300,우성머티리얼스,5150,-70,140626,,,,
20250307,011330,유니켐,13050,-190,8066,,,,
20250307,011390,부산산업,72600,-2200,9083,,,,
20250307,011420,갤럭시아에스엠,2025,-75,647601,,,,
20250307,011500,한농화성,17610,290,3461479,,,,
20250307,011690,와이투솔루션,2440,130,1448964,,,,
20250307,011700,한신기계,3205,-60,127034,,,,
20250307,011760,현대코퍼레이션,24850,-150,81454,,,,
20250307,011780,금호석유화학,122900,3100,271340,,,,
20250307,011785,금호석유화학우,54800,1400,13385,,,,
20250307,011790,SKC,114578,-2256,364809,,,,
20250307,011810,STX,4085,-100,71989,,,,
20250307,011930,신성이엔지,12430,190,77766,,,,
20250307,012030,DB,1263,-34,500125,,,,
20250307,012160,영흥,1995,-20,22613,,,,
20250307,012170,아센디오,1704,-361,427848,,,,
20250307,012200,계양전기,1424,-6,22358,,,,
20250307,012205,계양전기우,3374,-63,309,,,,
20250307,012280,영화금속,853,7,88424,,,,
20250307,012320,경동인베스트,65200,-8600,58033,,,,
20250307,012330,현대모비스,256000,-1000,104329,,,,
20250307,012450,한화에어로스페이스,719820,52190,966856,,,,
20250307,012610,경인양행,2875,-25,25904,,,,
20250307,012630,HDC,14040,-10,91755,,,,
20250307,012690,모나리자,2860,-15,165899,,,,
20250307,012750,에스원,60100,-400,67127,,,,
20250307,012800,대창,1422,28,1860321,,,,
20250307,013000,세우글로벌,1275,-19,28734,,,,
20250307,013360,일성건설,3615,-305,4790347,,,,
20250307,013520,화승코퍼레이션,1627,-3,128304,,,,
20250307,013570,디와이,3970,10,20290,,,,
20250307,013580,계룡건설,13710,10,63270,,,,
20250307,013700,까뮤이앤씨,1205,-40,125095,,,,
20250307,013870,지엠비코리아,3705,0,2945,,,,
20250307,013890,지누스,18050,-600,135380,,,,
20250307,014130,한익스프레스,3455,15,4125,,,,
20250307,014160,대영포장,1419,-69,2956029,,,,
20250307,014280,금강공업,4220,-45,80156,,,,
20250307,014285,금강공업우,6380,-60,73,,,,
20250307,014440,영보화학,4685,-45,136804,,,,
20250307,014530,극동유화,3395,-5,40670,,,,
20250307,014580,태경비케이,4515,-45,83477,,,,
20250307,014680,한솔케미칼,121100,100,125766,,,,
20250307,014710,사조씨푸드,5150,-80,133347,,,,
20250307,014790,HL D&I,2270,15,42740,,,,
20250307,014820,동원시스템즈,37150,100,14492,,,,
20250307,014825,동원시스템즈우,17830,-50,170,,,,
20250307,014830,유니드,79200,-1500,44816,,,,
20250307,014910,성문전자,1146,-3,39178,,,,
20250307,014915,성문전자우,4640,-235,461,,,,
20250307,014990,인디에프,3755,-200,37925,,,,
20250307,015020,이스타코,3480,-414,1536641,,,,
20250307,015230,대창단조,5470,120,143205,,,,
20250307,015260,에이엔피,497,1,29718,,,,
20250307,015360,INVENI,9620,-100,45745,,,,
20250307,015590,DKME,2575,0,0,,,,
20250307,015760,한국전력,22250,-150,1111305,,,,
20250307,015860,일진홀딩스,3665,-25,58890,,,,
20250307,015890,태경산업,4770,-25,45843,,,,
20250307,016090,대현,2275,-20,74021,,,,
20250307,016360,삼성증권,45400,-500,183448,,,,
20250307,016380,KG스틸,6990,90,774890,,,,
20250307,016450,한세예스24홀딩스,4020,5,33101,,,,
20250307,016580,환인제약,11560,80,18220,,,,
20250307,016590,신대양제지,6130,-20,11847,,,,
20250307,016610,DB증권,5750,-40,63754,,,,
20250307,016710,대성홀딩스,7080,30,14309,,,,
20250307,016740,두올,3215,-45,40861,,,,
20250307,016800,퍼시스,43050,-650,267,,,,
20250307,016880,웅진,870,-10,88190,,,,
20250307,017040,광명전기,1410,-30,184571,,,,
20250307,017180,명문제약,1662,-11,51555,,,,
20250307,017370,우신시스템,6010,-110,36454,,,,
20250307,017390,서울가스,49850,-150,1414,,,,
20250307,017550,수산세보틱스,2000,-50,97354,,,,
20250307,017670,SK텔레콤,55400,-600,550882,,,,
20250307,017800,현대엘리베이터,53700,-2700,206989,,,,
20250307,017810,풀무원,17350,-800,416985,,,,
20250307,017860,DS단석,26540,-1040,367440,,,,
20250307,017900,광전자,1801,-22,37061,,,,
20250307,017940,E1,60200,-1900,34668,,,,
20250307,017960,한국카본,15690,-130,516238,,,,
20250307,018250,애경산업,14140,90,54279,,,,
20250307,018260,삼성에스디에스,120900,-1400,130135,,,,
20250307,018470,조일알미늄,1673,29,2356545,,,,
20250307,018500,동원모빌리티,1920,-170,1892489,,,,
20250307,018670,SK가스,235500,-6000,9329,,,,
20250307,018880,한온시스템,3848,-56,1374380,,,,
20250307,019170,신풍제약,8140,-240,244408,,,,
20250307,019175,신풍제약우,12800,-330,1115,,,,
20250307,019180,티에이치엔,3125,15,126502,,,,
20250307,019490,엑시큐어하이트론,652,0,1362922,,,,
20250307,019680,대교,2135,-25,28017,,,,
20250307,019685,대교우B,1243,-1,8417,,,,
20250307,020000,한섬,16210,-50,37434,,,,
20250307,020120,키다리스튜디오,3665,-55,387793,,,,
20250307,020150,롯데에너지머티리얼즈,27900,850,136104,,,,
20250307,020560,아시아나항공,11090,170,294341,,,,
20250307,020760,일진디스플,867,0,7342,,,,
20250307,021050,서원,1308,27,422240,,,,
20250307,021240,코웨이,80200,-2700,114579,,,,
20250307,021820,세원정공,8140,0,20418,,,,
20250307,022100,포스코DX,25750,950,11051746,,,,
20250307,023000,삼원강재,2355,0,875,,,,
20250307,023150,MH에탄올,4985,-65,2476,,,,
20250307,023350,한국종합기술,5390,-210,75466,,,,
20250307,023450,동남합성,34250,-250,665,,,,
20250307,023530,롯데쇼핑,67600,300,107816,,,,
20250307,023590,다우기술,21600,650,141631,,,,
20250307,023800,인지컨트롤스,5860,-40,14984,,,,
20250307,023810,인팩,5860,-20,3820,,,,
20250307,023960,에쓰씨엔지니어링,1287,-35,106973,,,,
20250307,024070,WISCOM,1845,-18,9251,,,,
20250307,024090,디씨엠,11540,-10,2787,,,,
20250307,024110,기업은행,15500,10,1072788,,,,
20250307,024720,콜마홀딩스,7090,-110,49028,,,,
20250307,024890,대원화성,4845,10,6583,,,,
20250307,024900,디와이덕양,2790,30,62354,,,,
20250307,025000,KPX케미칼,41976,472,2227,,,,
20250307,025530,SJM홀딩스,3070,0,6256,,,,
20250307,025540,한국단자,68600,-2600,50021,,,,
20250307,025560,미래산업,2722,-31,105870,,,,
20250307,025620,차AI헬스케어,3800,-45,5274,,,,
20250307,025750,한솔홈데코,4185,-180,163082,,,,
20250307,025820,이구산업,4870,190,3759555,,,,
20250307,025860,남해화학,6520,-30,50194,,,,
20250307,025890,한국주강,1759,-12,5547,,,,
20250307,026890,스틱인베스트먼트,7310,-90,59952,,,,
20250307,026940,부국철강,2555,10,603438,,,,
20250307,026960,동서,25050,-950,121453,,,,
20250307,027410,BGF,3400,35,82661,,,,
20250307,027740,마니커,1730,24,40184,,,,
20250307,027970,한국제지,4055,-10,15263,,,,
20250307,028050,삼성E&A,18440,-280,1983036,,,,
20250307,028100,동아지질,13930,-400,39649,,,,
20250307,028260,삼성물산,122200,-100,231386,,,,
20250307,02826K,삼성물산우B,89100,100,2230,,,,
20250307,028670,팬오션,3945,-30,1345024,,,,
20250307,029460,케이씨,18770,-80,3581,,,,
20250307,029530,신도리코,38550,-50,2155,,,,
20250307,029780,삼성카드,43250,-1150,56964,,,,
20250307,030000,제일기획,17490,20,150058,,,,
20250307,030190,NICE평가정보,12640,-510,152757,,,,
20250307,030200,KT,48050,-450,297451,,,,
20250307,030210,다올투자증권,3030,130,244327,,,,
20250307,030610,교보증권,6830,0,89862,,,,
20250307,030720,동원수산,5060,-30,3007,,,,
20250307,031430,신세계인터내셔날,10450,60,114305,,,,
20250307,031820,아이티센씨티에스,6060,110,28829,,,,
20250307,032350,롯데관광개발,8120,310,548710,,,,
20250307,032560,황금에스티,5120,40,28561,,,,
20250307,032640,LG유플러스,10560,-110,557021,,,,
20250307,032830,삼성생명,84000,-1400,391941,,,,
20250307,033240,자화전자,13210,-170,58205,,,,
20250307,033250,체시스,6080,-170,73213,,,,
20250307,033270,유나이티드제약,19910,10,13063,,,,
20250307,033530,SJG세종,4295,-25,54930,,,,
20250307,033780,KT&G,97500,-1700,227354,,,,
20250307,033920,무학,6540,-60,25631,,,,
20250307,034020,두산에너빌리티,26350,-150,7395091,,,,
20250307,034120,SBS,21600,-300,82041,,,,
20250307,034220,LG디스플레이,9110,-50,595656,,,,
20250307,034230,파라다이스,11010,360,432102,,,,
20250307,034310,NICE,11570,80,26658,,,,
20250307,034590,인천도시가스,24400,0,298,,,,
20250307,034730,SK,139300,-2400,101753,,,,
20250307,03473K,SK우,123000,200,1009,,,,
20250307,034830,한국토지신탁,1013,-3,136573,,,,
20250307,035000,HS애드,7300,20,34908,,,,
20250307,035150,백산,14920,-130,33790,,,,
20250307,035250,강원랜드,16150,0,426249,,,,
20250307,035420,NAVER,213000,-6000,630434,,,,
20250307,035510,신세계 I&C,12910,40,315462,,,,
20250307,035720,카카오,43750,-1350,3099161,,,,
20250307,036420,콘텐트리중앙,9270,0,55644,,,,
20250307,036460,한국가스공사,38300,-1300,1354325,,,,
20250307,036530,SNT홀딩스,31150,-50,22613,,,,
20250307,036570,NC,161300,-3000,69072,,,,
20250307,036580,팜스코,2145,-20,28811,,,,
20250307,037270,YG PLUS,5340,-30,5528215,,,,
20250307,037560,LG헬로비전,2410,-5,62789,,,,
20250307,037710,광주신세계,30300,-100,16872,,,,
20250307,039130,하나투어,55300,700,96439,,,,
20250307,039490,키움증권,116100,-3000,75079,,,,
20250307,039570,HDC랩스,8800,130,10309,,,,
20250307,041650,상신브레이크,2980,0,13733,,,,
20250307,042660,한화오션,80400,700,5490438,,,,
20250307,042700,한미반도체,87400,100,668313,,,,
20250307,044380,주연테크,1745,25,18961,,,,
20250307,044450,KSS해운,9190,-110,47565,,,,
20250307,044820,코스맥스비티아이,9650,20,7098,,,,
20250307,047040,대우건설,3545,45,601828,,,,
20250307,047050,포스코인터내셔널,58600,200,2508885,,,,
20250307,047400,유니온머티리얼,2190,-35,188232,,,,
20250307,047810,한국항공우주,79700,3300,3321429,,,,
20250307,049800,우진플라임,2025,5,6325,,,,
20250307,051600,한전KPS,42600,-700,96506,,,,
20250307,051630,진양화학,4195,-305,436542,,,,
20250307,051900,LG생활건강,319500,1000,34955,,,,
20250307,051905,LG생활건강우,126100,0,4994,,,,
20250307,051910,LG화학,250500,17500,762489,,,,
20250307,051915,LG화학우,116700,7000,165158,,,,
20250307,052690,한전기술,66200,200,107160,,,,
20250307,053210,스카이라이프,4430,-20,5814,,,,
20250307,053690,한미글로벌,17020,-270,50952,,,,
20250307,055490,테이팩스,14080,20,6085,,,,
20250307,055550,신한지주,45000,-1350,1803119,,,,
20250307,058430,포스코스틸리온,4710,700,33773150,,,,
20250307,058650,세아홀딩스,94200,200,318,,,,
20250307,058730,다스코,3140,-5,80579,,,,
20250307,058850,KTcs,2780,-35,127586,,,,
20250307,058860,KTis,2655,-25,103365,,,,
20250307,060980,HL홀딩스,36600,-250,8953,,,,
20250307,062040,산일전기,63100,-900,223632,,,,
20250307,063160,종근당바이오,20500,0,9020,,,,
20250307,064350,현대로템,89700,900,1009113,,,,
20250307,064400,LG씨엔에스,51200,200,865391,,,,
20250307,064960,SNT모티브,25100,-450,28177,,,,
20250307,066570,LG전자,77900,-1600,621586,,,,
20250307,066575,LG전자우,37900,-100,11186,,,,
20250307,066970,엘앤에프,72500,700,298845,,,,
20250307,067830,세이브존I&C,2200,-5,26244,,,,
20250307,068270,셀트리온,168930,-3764,531577,,,,
20250307,068290,삼성출판사,14820,-170,22881,,,,
20250307,069260,TKG휴켐스,16260,-130,48199,,,,
20250307,069460,대호에이엘,6450,55,149213,,,,
20250307,069620,대웅제약,123800,-4200,21429,,,,
20250307,069640,한세엠케이,2028,0,2085,,,,
20250307,069730,DSR제강,3620,-15,33737,,,,
20250307,069960,현대백화점,61000,1700,137599,,,,
20250307,070960,모나용평,4015,-70,310675,,,,
20250307,071050,한국금융지주,75000,-2100,95494,,,,
20250307,071055,한국금융지주우,54200,-1100,13962,,,,
20250307,071090,하이스틸,4345,465,37013428,,,,
20250307,071320,지역난방공사,50200,-100,10221,,,,
20250307,071840,롯데하이마트,7700,90,13286,,,,
20250307,071950,코아스,9080,70,7404,,,,
20250307,071970,HD현대마린엔진,25850,-650,547394,,,,
20250307,072130,유엔젤,5570,190,139280,,,,
20250307,072710,농심홀딩스,65600,-400,9947,,,,
20250307,073240,금호타이어,4975,-85,247882,,,,
20250307,074610,이엔플러스,7210,-360,107076,,,,
20250307,075180,새론오토모티브,3425,-50,13915,,,,
20250307,075580,세진중공업,8140,-200,658220,,,,
20250307,077500,유니퀘스트,6090,-90,75875,,,,
20250307,077970,STX엔진,26950,850,770714,,,,
20250307,078000,텔코웨어,9000,-100,1959,,,,
20250307,078520,에이블씨엔씨,7230,-80,82808,,,,
20250307,078930,GS,36600,400,370071,,,,
20250307,078935,GS우,36000,50,5963,,,,
20250307,079160,CJ CGV,5130,30,116841,,,,
20250307,079430,현대리바트,7490,10,22649,,,,
20250307,079550,LIG디펜스앤에어로스페이스,319000,-1500,353894,,,,
20250307,079900,전진건설로봇,61300,2200,1075567,,,,
20250307,079980,휴비스,2580,10,34951,,,,
20250307,081000,일진다이아,11720,-90,15681,,,,
20250307,081660,미스토홀딩스,37450,-400,104733,,,,
20250307,082640,동양생명,5030,-110,205915,,,,
20250307,082740,한화엔진,24450,450,2391934,,,,
20250307,083420,그린케미칼,6480,40,232701,,,,
20250307,084010,대한제강,10816,280,79706,,,,
20250307,084670,동양고속,7140,40,752,,,,
20250307,084680,이월드,1373,-15,89272,,,,
20250307,084690,대상홀딩스,11340,-560,1241532,,,,
20250307,084695,대상홀딩스우,22850,-2950,56756,,,,
20250307,084870,TBH글로벌,1116,-2,6589,,,,
20250307,085310,엔케이,9430,-60,64755,,,,
20250307,085620,미래에셋생명,4430,45,25353,,,,
20250307,086280,현대글로비스,128400,-4700,157603,,,,
20250307,086790,하나금융지주,58000,-1500,684582,,,,
20250307,088260,이리츠코크렙,4335,-10,24732,,,,
20250307,088350,한화생명,2550,-45,1234066,,,,
20250307,088790,진도,1820,5,19130,,,,
20250307,088980,맥쿼리인프라,11350,-40,691416,,,,
20250307,089470,HDC현대EP,3575,30,17580,,,,
20250307,089590,제주항공,7150,60,192691,,,,
20250307,089860,롯데렌탈,28850,-200,36779,,,,
20250307,090080,평화산업,1228,-147,2809670,,,,
20250307,090350,노루페인트,7680,40,64782,,,,
20250307,090355,노루페인트우,12150,10,1590,,,,
20250307,090370,메타랩스,1404,5,26702,,,,
20250307,090430,아모레퍼시픽,117100,-1100,179237,,,,
20250307,090435,아모레퍼시픽우,35400,-50,4176,,,,
20250307,090460,비에이치,15040,-160,166288,,,,
20250307,091810,트리니티항공,2367,19,774253,,,,
20250307,092200,디아이씨,4620,-15,234577,,,,
20250307,092220,KEC,3955,-10,84033,,,,
20250307,092230,KPX홀딩스,54800,200,3575,,,,
20250307,092440,기신정기,2400,5,10638,,,,
20250307,092780,DYP,4540,-120,22461,,,,
20250307,092790,넥스틸,16000,-250,1069593,,,,
20250307,093050,LF,15800,-160,20820,,,,
20250307,093240,형지엘리트,1937,-153,3666881,,,,
20250307,093370,후성,4480,5,392890,,,,
20250307,094280,효성ITX,11850,30,4795,,,,
20250307,094800,맵스리얼티,4295,20,52521,,,,
20250307,095570,AJ네트웍스,3910,-15,91586,,,,
20250307,095720,웅진씽크빅,3134,-8,33231,,,,
20250307,096760,JW홀딩스,3070,-15,70134,,,,
20250307,096770,SK이노베이션,128000,1500,181312,,,,
20250307,096775,SK이노베이션우,77700,200,610,,,,
20250307,097230,HJ중공업,8800,-280,4323102,,,,
20250307,097520,엠씨넥스,23400,200,25502,,,,
20250307,097950,CJ제일제당,262000,4500,171861,,,,
20250307,097955,CJ제일제당 우,134100,300,5697,,,,
20250307,100090,SK오션플랜트,15480,800,308626,,,,
20250307,100220,비상교육,5120,-50,208365,,,,
20250307,100250,진양홀딩스,2920,-19,26130,,,,
20250307,100840,SNT에너지,35750,-450,198170,,,,
20250307,101140,인바이오젠,6990,70,10007,,,,
20250307,101530,해태제과식품,6380,110,81083,,,,
20250307,102260,동성케미컬,3805,-10,28595,,,,
20250307,102460,이연제약,11830,-250,68213,,,,
20250307,103140,풍산,65000,2900,1112306,,,,
20250307,103590,일진전기,27200,-750,530847,,,,
20250307,104700,한국철강,8410,260,111383,,,,
20250307,105560,KB금융,77700,-900,1168545,,,,
20250307,105630,한세실업,12320,260,283087,,,,
20250307,105840,우진,7850,-30,71454,,,,
20250307,107590,미원홀딩스,73300,100,226,,,,
20250307,108320,LX세미콘,61300,-1100,16469,,,,
20250307,108670,LX하우시스,31000,500,11516,,,,
20250307,108675,LX하우시스우,18250,-30,1378,,,,
20250307,109070,주성코퍼레이션,1185,0,0,,,,
20250307,111110,호전실업,7700,-50,17697,,,,
20250307,111380,동인기연,15480,-570,7799,,,,
20250307,111770,영원무역,46550,-50,48278,,,,
20250307,112610,씨에스윈드,36200,800,387599,,,,
20250307,114090,GKL,11310,90,151146,,,,
20250307,117580,대성에너지,7980,-30,52390,,,,
20250307,118000,메타케어,3020,-90,45117,,,,
20250307,119650,KC코트렐,978,-22,52984,,,,
20250307,120030,조선선재,103300,1500,2557,,,,
20250307,120110,코오롱인더,34400,-100,74781,,,,
20250307,120115,코오롱인더우,19980,0,2795,,,,
20250307,122900,아이마켓코리아,7910,-20,12105,,,,
20250307,123690,한국화장품,6740,-160,92818,,,,
20250307,123700,SJM,2905,0,8967,,,,
20250307,123890,한국자산신탁,2530,-5,66402,,,,
20250307,126560,현대퓨처넷,3415,-25,110056,,,,
20250307,126720,수산인더스트리,20600,-50,16355,,,,
20250307,128820,대성산업,3443,6,63529,,,,
20250307,128940,한미약품,248000,-7000,55525,,,,
20250307,129260,인터지스,2505,-30,279943,,,,
20250307,130660,한전산업,11160,30,118920,,,,
20250307,133820,화인베스틸,1130,-10,92989,,,,
20250307,134380,미원화학,7750,-50,190,,,,
20250307,134790,시디즈,23850,100,525,,,,
20250307,136490,선진,5830,-20,25477,,,,
20250307,137310,에스디바이오센서,10140,50,80887,,,,
20250307,138040,메리츠금융지주,119000,-8200,635100,,,,
20250307,138930,BNK금융지주,10500,0,1188398,,,,
20250307,139130,iM금융지주,8850,-150,405749,,,,
20250307,139480,이마트,85600,2400,704585,,,,
20250307,139990,아주스틸,4275,235,132920,,,,
20250307,143210,핸즈코퍼레이션,1927,7,939,,,,
20250307,145210,다이나믹디자인,9190,-110,29492,,,,
20250307,145270,케이탑리츠,961,-2,78385,,,,
20250307,145720,덴티움,62700,-2800,39222,,,,
20250307,145990,삼양사,45550,100,6776,,,,
20250307,145995,삼양사우,29300,0,123,,,,
20250307,155660,DSR,4000,-40,21489,,,,
20250307,161000,애경케미칼,7530,230,4698084,,,,
20250307,161390,한국타이어앤테크놀로지,38400,50,224533,,,,
20250307,161890,한국콜마,63400,200,218092,,,,
20250307,163560,동일고무벨트,7640,-150,51287,,,,
20250307,170900,동아에스티,43781,-702,32783,,,,
20250307,175330,JB금융지주,16930,-340,307516,,,,
20250307,178920,PI첨단소재,18610,310,157566,,,,
20250307,180640,한진칼,80600,-500,45332,,,,
20250307,18064K,한진칼우,23500,0,434,,,,
20250307,181710,NHN,19490,60,38473,,,,
20250307,183190,아세아시멘트,10320,10,29244,,,,
20250307,185750,종근당,79700,-1100,32670,,,,
20250307,192080,더블유게임즈,47000,-300,25439,,,,
20250307,192400,쿠쿠홀딩스,22750,100,3625,,,,
20250307,192650,드림텍,7160,0,117722,,,,
20250307,192820,코스맥스,184300,0,98010,,,,
20250307,194370,제이에스코퍼레이션,7680,65,114508,,,,
20250307,195870,해성디에스,28250,700,138777,,,,
20250307,200880,서연이화,12860,-20,93169,,,,
20250307,204320,HL만도,41900,-2200,306345,,,,
20250307,207940,삼성바이오로직스,1618918,-44153,33929,,,,
20250307,210540,디와이파워,12560,40,35925,,,,
20250307,210980,SK디앤디,8230,20,59005,,,,
20250307,213500,한솔제지,8970,10,40607,,,,
20250307,214320,이노션,18460,40,39577,,,,
20250307,214330,금호에이치티,16511,-109,5104,,,,
20250307,214390,경보제약,6300,-280,33484,,,,
20250307,214420,토니모리,8640,-230,2609852,,,,
20250307,226320,잇츠한불,11670,40,23998,,,,
20250307,227840,현대코퍼레이션홀딩스,10650,50,8895,,,,
20250307,229640,LS에코에너지,35150,-850,270550,,,,
20250307,234080,JW생명과학,10490,-150,21190,,,,
20250307,241560,두산밥캣,49150,900,291348,,,,
20250307,241590,화승엔터프라이즈,8750,-50,363713,,,,
20250307,244920,에이플러스에셋,4000,-30,109924,,,,
20250307,248070,솔루엠,17410,-540,85053,,,,
20250307,248170,샘표식품,27050,-150,15427,,,,
20250307,249420,일동제약,11200,-180,43521,,,,
20250307,251270,넷마블,41000,-550,146438,,,,
20250307,259960,크래프톤,349000,1000,108965,,,,
20250307,264900,크라운제과,8090,0,19798,,,,
20250307,26490K,크라운제과우,9470,-10,477,,,,
20250307,267250,HD현대,73900,-1800,129111,,,,
20250307,267260,HD현대일렉트릭,337500,-9500,248261,,,,
20250307,267270,HD건설기계,78400,1400,274167,,,,
20250307,267290,경동도시가스,17560,-60,11230,,,,
20250307,267850,아시아나IDT,11370,-60,8623,,,,
20250307,268280,미원에스씨,146000,200,1312,,,,
20250307,271560,오리온,108100,2300,177127,,,,
20250307,271940,일진하이솔루스,14780,-20,65395,,,,
20250307,271980,제일약품,10790,-140,11137,,,,
20250307,272210,한화시스템,37600,3450,28829845,,,,
20250307,272450,진에어,10120,-50,155550,,,,
20250307,272550,삼양패키징,14320,-10,9195,,,,
20250307,278470,에이피알,63800,-900,688267,,,,
20250307,280360,롯데웰푸드,117200,2700,25794,,,,
20250307,281820,케이씨텍,33950,1050,71484,,,,
20250307,282330,BGF리테일,103200,1700,58605,,,,
20250307,284740,쿠쿠홈시스,21700,-350,32274,,,,
20250307,285130,SK케미칼,43500,1200,64366,,,,
20250307,28513K,SK케미칼우,20150,-50,2304,,,,
20250307,286940,롯데이노베이트,20200,730,47134,,,,
20250307,293480,하나제약,10400,10,27245,,,,
20250307,293940,신한알파리츠,6080,-80,225390,,,,
20250307,294870,IPARK현대산업개발,20650,970,699405,,,,
20250307,298000,효성화학,77800,0,0,,,,
20250307,298020,효성티앤씨,242000,12500,31857,,,,
20250307,298040,효성중공업,423000,-8500,64929,,,,
20250307,298050,HS효성첨단소재,194700,2200,12813,,,,
20250307,298690,에어부산,2260,10,86122,,,,
20250307,300720,한일시멘트,16200,-160,115691,,,,
20250307,302440,SK바이오사이언스,41250,0,228312,,,,
20250307,306200,세아제강,194600,-3400,86608,,,,
20250307,307950,현대오토에버,133000,0,34965,,,,
20250307,308170,씨티알모빌리티,5710,-10,5251,,,,
20250307,316140,우리금융지주,15970,-250,1538242,,,,
20250307,317400,자이에스앤디,3305,-25,30367,,,,
20250307,322000,HD현대에너지솔루션,27100,-50,155387,,,,
20250307,323410,카카오뱅크,23050,-200,390150,,,,
20250307,326030,SK바이오팜,106900,-8300,448944,,,,
20250307,329180,HD현대중공업,315500,-3000,254909,,,,
20250307,330590,롯데리츠,3515,-90,302231,,,,
20250307,334890,이지스밸류플러스리츠,4400,44,93871,,,,
20250307,336260,두산퓨얼셀,15890,-260,148116,,,,
20250307,33626K,두산퓨얼셀1우,4625,-65,6198,,,,
20250307,33626L,두산퓨얼셀2우B,7810,-10,1101,,,,
20250307,336370,솔루스첨단소재,9500,-10,100934,,,,
20250307,33637K,솔루스첨단소재1우,2000,1,22238,,,,
20250307,33637L,솔루스첨단소재2우B,4095,-45,4328,,,,
20250307,338100,NH프라임리츠,4525,10,36167,,,,
20250307,339770,교촌에프앤비,5650,60,150685,,,,
20250307,344820,KCC글라스,32150,-150,35539,,,,
20250307,348950,제이알글로벌리츠,2665,-85,543582,,,,
20250307,350520,이지스레지던스리츠,4150,70,63156,,,,
20250307,352820,하이브,250000,0,117062,,,,
20250307,353200,대덕전자,17400,240,224671,,,,
20250307,35320K,대덕전자1우,7990,-70,2241,,,,
20250307,357120,코람코라이프인프라리츠,4535,-10,102283,,,,
20250307,357250,미래에셋맵스리츠,2700,20,39469,,,,
20250307,357430,마스턴프리미어리츠,1521,-7,69946,,,,
20250307,361610,SK아이이테크놀로지,26950,-100,135992,,,,
20250307,363280,티와이홀딩스,2420,-40,33945,,,,
20250307,36328K,티와이홀딩스우,3860,-5,151,,,,
20250307,365550,ESR켄달스퀘어리츠,4862,-90,194710,,,,
20250307,372910,한컴라이프케어,3445,-35,132700,,,,
20250307,373220,LG에너지솔루션,339000,5000,208637,,,,
20250307,375500,DL이앤씨,44100,800,507748,,,,
20250307,37550K,DL이앤씨우,17300,570,8945,,,,
20250307,37550L,DL이앤씨2우(전환),26600,900,7026,,,,
20250307,377190,디앤디플랫폼리츠,3370,55,195628,,,,
20250307,377300,카카오페이,31350,-1450,272705,,,,
20250307,377740,바이오노트,4860,-45,73881,,,,
20250307,378850,화승알앤에이,3125,-25,133308,,,,
20250307,381970,케이카,12830,-210,63187,,,,
20250307,383220,F&F,72900,300,68332,,,,
20250307,383800,LX홀딩스,6610,-10,112562,,,,
20250307,38380K,LX홀딩스1우,8070,20,2662,,,,
20250307,395400,SK리츠,5170,20,426818,,,,
20250307,396690,미래에셋글로벌리츠,2835,-5,38360,,,,
20250307,400760,NH올원리츠,3551,0,53269,,,,
20250307,402340,SK스퀘어,89300,-900,330788,,,,
20250307,403550,쏘카,14800,-200,4543,,,,
20250307,404990,신한서부티엔디리츠,3110,-130,300756,,,,
20250307,415640,KB발해인프라,7250,-70,100035,,,,
20250307,417310,코람코더원리츠,4970,75,66139,,,,
20250307,432320,KB스타리츠,3790,-55,53277,,,,
20250307,443060,HD현대마린솔루션,143900,-1100,386597,,,,
20250307,446070,유니드비티플러스,3720,-30,11890,,,,
20250307,448730,삼성FN리츠,4655,15,39067,,,,
20250307,450080,에코프로머티,75000,-100,713762,,,,
20250307,451800,한화리츠,3710,-20,297851,,,,
20250307,452260,한화갤러리아,1244,-9,402054,,,,
20250307,45226K,한화갤러리아우,2405,-35,2032,,,,
20250307,453340,현대그린푸드,14030,80,36215,,,,
20250307,454910,두산로보틱스,63500,200,164371,,,,
20250307,456040,OCI,60200,400,75401,,,,
20250307,457190,이수스페셜티케미컬,51600,-500,1008216,,,,
20250307,460850,동국씨엠,7100,60,128771,,,,
20250307,460860,동국제강,9790,-90,947556,,,,
20250307,462520,조선내화,14490,-90,3785,,,,
20250307,462870,시프트업,61400,300,306668,,,,
20250307,465770,STX그린로지스,8840,-260,116310,,,,
20250307,475150,SK이터닉스,14660,-50,209221,,,,
20250307,475560,더본코리아,29650,-250,45883,,,,
20250307,481850,신한글로벌액티브리츠,1582,-8,84238,,,,
20250307,484870,엠앤씨솔루션,26900,-233,336081,,,,
20250307,487570,HS효성,30750,150,8374,,,,
20250307,489790,한화비전,50500,1600,1603713,,,,
20250307,499790,GS피앤엘,20000,100,34590,,,,
20250307,900140,엘브이엠씨홀딩스,1726,66,573669,,,,
20250307,950210,프레스티지바이오파마,13330,-330,55917,,,,
20250310,000020,동화약품,6240,-50,18479,,,,
20250310,000040,KR모터스,2050,0,19781,,,,
20250310,000050,경방,6530,40,2795,,,,
20250310,000070,삼양홀딩스,40104,333,24483,,,,
20250310,000080,하이트진로,19130,-90,70810,,,,
20250310,000087,하이트진로2우B,15140,-20,766,,,,
20250310,000100,유한양행,120500,1600,572978,,,,
20250310,000105,유한양행우,105500,-200,7625,,,,
20250310,000120,CJ대한통운,96800,1900,69807,,,,
20250310,000140,하이트진로홀딩스,8680,-50,21616,,,,
20250310,000145,하이트진로홀딩스우,10200,-30,8,,,,
20250310,000150,두산,302000,-11500,134446,,,,
20250310,000155,두산우,144700,-2500,10561,,,,
20250310,000157,두산2우B,127200,-1700,2589,,,,
20250310,000180,성창기업지주,6585,25,11020,,,,
20250310,000210,DL,36000,300,52748,,,,
20250310,000215,DL우,19700,0,2443,,,,
20250310,000220,유유제약,4610,0,23566,,,,
20250310,000225,유유제약1우,4890,-5,3123,,,,
20250310,000227,유유제약2우B,9630,100,393,,,,
20250310,000230,일동홀딩스,6180,-120,25227,,,,
20250310,000240,한국앤컴퍼니,16190,220,90356,,,,
20250310,000270,기아,98000,1200,1190280,,,,
20250310,000300,DH오토넥스,4200,0,0,,,,
20250310,000320,노루홀딩스,14120,230,21739,,,,
20250310,000325,노루홀딩스우,27900,-150,162,,,,
20250310,000370,한화손해보험,4070,140,479819,,,,
20250310,000390,SP삼화,6340,-40,15799,,,,
20250310,000400,롯데손해보험,1802,16,113507,,,,
20250310,000430,대원강업,3770,-45,27638,,,,
20250310,000480,CR홀딩스,5410,30,1731,,,,
20250310,000490,대동,11750,10,235802,,,,
20250310,000500,가온전선,28728,944,235802,,,,
20250310,000520,삼일제약,11840,-370,187064,,,,
20250310,000540,흥국화재,3320,10,40187,,,,
20250310,000545,흥국화재우,4835,-40,16924,,,,
20250310,000590,CS홀딩스,72400,-500,578,,,,
20250310,000640,동아쏘시오홀딩스,94441,1887,15982,,,,
20250310,000650,천일고속,38550,700,35,,,,
20250310,000660,SK하이닉스,187900,-4500,2441476,,,,
20250310,000670,영풍,47573,3892,664799,,,,
20250310,000680,LS네트웍스,4095,100,1162236,,,,
20250310,000700,유수홀딩스,5470,-10,19898,,,,
20250310,000720,현대건설,35900,250,690379,,,,
20250310,000725,현대건설우,50400,0,1403,,,,
20250310,000760,이화산업,10140,-190,345,,,,
20250310,000810,삼성화재,396500,24000,90915,,,,
20250310,000815,삼성화재우,295000,9000,8922,,,,
20250310,000850,화천기공,28650,150,2768,,,,
20250310,000860,강남제비스코,12380,50,2119,,,,
20250310,000880,한화,62784,5582,1897655,,,,
20250310,00088K,한화3우B,20589,956,315678,,,,
20250310,000890,보해양조,2185,-40,79296,,,,
20250310,000910,유니온,5630,80,584895,,,,
20250310,000950,전방,19390,140,340,,,,
20250310,000970,한국주철관,6280,-50,12780,,,,
20250310,000990,DB하이텍,45400,3800,718180,,,,
20250310,001020,페이퍼코리아,3540,-15,5846,,,,
20250310,001040,CJ,107700,5200,86103,,,,
20250310,001045,CJ우,61000,1300,4305,,,,
20250310,00104K,CJ4우(전환),86000,2700,9984,,,,
20250310,001060,JW중외제약,21950,0,62718,,,,
20250310,001065,JW중외제약우,28400,-250,109,,,,
20250310,001067,JW중외제약2우B,60500,-100,0,,,,
20250310,001070,대한방직,5340,110,5082,,,,
20250310,001080,만호제강,2610,10,3400,,,,
20250310,001120,LX인터내셔널,26300,-250,170580,,,,
20250310,001130,대한제분,13050,-80,4920,,,,
20250310,001200,유진투자증권,2670,80,439949,,,,
20250310,001210,금호전기,3440,-50,54052,,,,
20250310,001230,동국홀딩스,1721,-18,153440,,,,
20250310,001250,GS글로벌,2735,15,721283,,,,
20250310,001260,남광토건,8130,-110,22215,,,,
20250310,001270,부국증권,26800,-50,794,,,,
20250310,001275,부국증권우,21800,0,623,,,,
20250310,001290,상상인증권,414,4,17949,,,,
20250310,001340,PKC,6850,-140,157190,,,,
20250310,001360,삼성제약,1577,-64,522432,,,,
20250310,001380,SG글로벌,5970,290,604273,,,,
20250310,001390,KG케미칼,4030,5,103790,,,,
20250310,001420,태원물산,3615,-55,1963,,,,
20250310,001430,세아베스틸지주,21100,50,72573,,,,
20250310,001440,대한전선,12150,-140,580238,,,,
20250310,001450,현대해상,22850,350,247158,,,,
20250310,001460,BYC,27050,50,1602,,,,
20250310,001465,BYC우,12540,10,4051,,,,
20250310,001470,삼부토건,478,-165,86928838,,,,
20250310,001500,현대차증권,6320,70,91939,,,,
20250310,001510,SK증권,937,-6,527440,,,,
20250310,001515,SK증권우,3558,34,2056,,,,
20250310,001520,동양,1282,-10,70432,,,,
20250310,001525,동양우,8560,160,22,,,,
20250310,001527,동양2우B,16600,0,0,,,,
20250310,001530,DI동일,44143,571,28323,,,,
20250310,001550,조비,10420,-60,3024,,,,
20250310,001560,제일연마,9330,-210,9518,,,,
20250310,001570,금양,12230,-830,3655715,,,,
20250310,001620,케이비아이동국실업,2440,15,1604,,,,
20250310,001630,종근당홀딩스,44650,-50,2184,,,,
20250310,001680,대상,24750,150,164041,,,,
20250310,001685,대상우,17630,-150,6049,,,,
20250310,001720,신영증권,81900,-2300,9912,,,,
20250310,001740,SK네트웍스,4380,0,234685,,,,
20250310,001750,한양증권,12220,170,16887,,,,
20250310,001755,한양증권우,12760,120,1284,,,,
20250310,001770,SHD,14890,-110,497,,,,
20250310,001780,알루코,2225,-20,493876,,,,
20250310,001790,대한제당,2690,25,149942,,,,
20250310,001795,대한제당우,2235,-30,10903,,,,
20250310,001800,오리온홀딩스,15280,40,64247,,,,
20250310,001820,삼화콘덴서,27700,-300,20164,,,,
20250310,001940,KISCO홀딩스,19770,200,36553,,,,
20250310,002020,코오롱,18680,80,64413,,,,
20250310,002025,코오롱우,13340,80,1433,,,,
20250310,002030,아세아,259500,-500,1088,,,,
20250310,002070,비비안,16327,-178,2610,,,,
20250310,002100,경농,9090,20,6117,,,,
20250310,002140,고려산업,2900,5,903869,,,,
20250310,002150,도화엔지니어링,6610,-80,11159,,,,
20250310,002170,SYTS,46900,400,973,,,,
20250310,002200,한국수출포장,2740,10,34934,,,,
20250310,002210,동성제약,3804,4,23495,,,,
20250310,002220,한일철강,1889,11,13373,,,,
20250310,002240,고려제강,18300,-370,47582,,,,
20250310,002310,아세아제지,7330,10,219043,,,,
20250310,002320,한진,19590,80,21202,,,,
20250310,002350,넥센타이어,5360,50,116540,,,,
20250310,002355,넥센타이어1우B,2825,0,1140,,,,
20250310,002360,SH에너지화학,4820,-40,16133,,,,
20250310,002380,KCC,282500,10500,46575,,,,
20250310,002390,한독,11300,40,9417,,,,
20250310,002410,범양건영,2730,-165,1212666,,,,
20250310,002420,세기상사,5220,70,833,,,,
20250310,002450,삼익악기,1178,16,111711,,,,
20250310,002460,HS화성,9390,40,1773,,,,
20250310,002600,조흥,162700,-700,6,,,,
20250310,002620,제일파마홀딩스,7400,80,4476,,,,
20250310,002630,오리엔트바이오,3020,-32,2418003,,,,
20250310,002690,동일제강,1229,4,13050,,,,
20250310,002700,신일전자,1489,-19,258630,,,,
20250310,002710,TCC스틸,29450,900,370027,,,,
20250310,002720,국제약품,4870,15,62281,,,,
20250310,002760,보락,1082,22,984198,,,,
20250310,002780,진흥기업,780,-7,341236,,,,
20250310,002785,진흥기업우B,3160,25,2533,,,,
20250310,002787,진흥기업2우B,9600,-120,59,,,,
20250310,002790,아모레퍼시픽홀딩스,21900,-450,121148,,,,
20250310,002795,아모레퍼시픽홀딩스우,9180,-10,9862,,,,
20250310,00279K,아모레퍼시픽홀딩스3우C,18080,-40,2207,,,,
20250310,002810,삼영무역,13480,10,15534,,,,
20250310,002820,SUN&L,2840,0,1999,,,,
20250310,002840,미원상사,179700,-700,2145,,,,
20250310,002870,신풍,1093,-45,165489,,,,
20250310,002880,디와이에이,994,5,20884,,,,
20250310,002900,TYM,5090,-70,178016,,,,
20250310,002920,유성기업,1854,-6,15912,,,,
20250310,002960,한국쉘석유,310500,1500,1550,,,,
20250310,002990,금호건설,2550,0,47709,,,,
20250310,002995,금호건설우,12600,-310,2185,,,,
20250310,003000,부광약품,4318,9,146180,,,,
20250310,003010,혜인,5350,-60,52963,,,,
20250310,003030,세아제강지주,268500,-4500,26270,,,,
20250310,003060,에이프로젠바이오로직스,745,-14,610733,,,,
20250310,003070,코오롱글로벌,8900,-120,25469,,,,
20250310,003075,코오롱글로벌우,15470,-10,484,,,,
20250310,003080,SB성보,2470,0,14635,,,,
20250310,003090,대웅,19520,-220,40466,,,,
20250310,003120,일성아이에스,15220,-80,3790,,,,
20250310,003160,디아이,11450,-190,323780,,,,
20250310,003200,일신방직,8020,-150,21603,,,,
20250310,003220,대원제약,14130,90,40986,,,,
20250310,003230,삼양식품,897000,-9000,38094,,,,
20250310,003240,태광산업,786000,-23000,3311,,,,
20250310,003280,흥아해운,1796,21,1169910,,,,
20250310,003300,한일홀딩스,14110,180,13847,,,,
20250310,003350,한국화장품제조,9520,10,188255,,,,
20250310,003460,유화증권,2325,15,16203,,,,
20250310,003465,유화증권우,2330,10,60026,,,,
20250310,003470,유안타증권,2765,55,996737,,,,
20250310,003475,유안타증권우,3030,10,70274,,,,
20250310,003480,한진중공업홀딩스,3570,-35,37168,,,,
20250310,003490,대한항공,24300,50,938261,,,,
20250310,003495,대한항공우,22000,-100,1056,,,,
20250310,003520,영진약품,2010,-15,156548,,,,
20250310,003530,한화투자증권,3465,-85,994382,,,,
20250310,003535,한화투자증권우,6020,-220,5598,,,,
20250310,003540,대신증권,17100,210,94979,,,,
20250310,003545,대신증권우,16210,30,53579,,,,
20250310,003547,대신증권2우B,15530,130,67984,,,,
20250310,003550,LG,68200,1200,198356,,,,
20250310,003555,LG우,57000,300,3336,,,,
20250310,003570,SNT다이내믹스,36500,550,217945,,,,
20250310,003580,HLB글로벌,3960,-170,302923,,,,
20250310,003610,방림,3840,-55,240475,,,,
20250310,003620,KG모빌리티,5042,-48,370638,,,,
20250310,003650,미창석유,91000,700,565,,,,
20250310,003670,포스코퓨처엠,142974,6010,569247,,,,
20250310,003680,한성기업,4880,20,16033,,,,
20250310,003690,코리안리,8110,50,240314,,,,
20250310,003720,삼영,4180,85,531300,,,,
20250310,003780,진양산업,8330,-170,172690,,,,
20250310,003830,대한화섬,111400,2200,322,,,,
20250310,003850,보령,9830,0,61292,,,,
20250310,003920,남양유업,74200,-1200,14792,,,,
20250310,003925,남양유업우,40050,-50,18043,,,,
20250310,003960,사조대림,42900,-1050,21870,,,,
20250310,004000,롯데정밀화학,42600,-400,24571,,,,
20250310,004020,현대제철,29650,-2200,1914995,,,,
20250310,004060,SG세계물산,3170,-20,49520,,,,
20250310,004080,신흥,14550,10,1239,,,,
20250310,004090,한국석유,13160,50,95343,,,,
20250310,004100,태양금속,2785,-60,786829,,,,
20250310,004105,태양금속우,4485,-270,26508,,,,
20250310,004140,동방,2405,15,351978,,,,
20250310,004150,한솔홀딩스,2475,10,28702,,,,
20250310,004170,신세계,160200,-300,35799,,,,
20250310,004250,NPC,4050,10,20177,,,,
20250310,004255,NPC우,2420,10,3204,,,,
20250310,004270,남성,8983,23,7993,,,,
20250310,004310,현대약품,3310,-15,39412,,,,
20250310,004360,세방,12090,0,37099,,,,
20250310,004365,세방우,7680,30,21325,,,,
20250310,004370,농심,386500,-7500,33916,,,,
20250310,004380,삼익THK,14187,-144,174925,,,,
20250310,004410,서울식품,1420,0,64374,,,,
20250310,004415,서울식품우,11950,20,486,,,,
20250310,004430,송원산업,12160,-140,22654,,,,
20250310,004440,삼일씨엔에스,4115,-60,26505,,,,
20250310,004450,삼화왕관,30450,-500,1597,,,,
20250310,004490,세방전지,71400,-300,25878,,,,
20250310,004540,깨끗한나라,2315,-40,57682,,,,
20250310,004545,깨끗한나라우,11980,-10,115,,,,
20250310,004560,현대비앤지스틸,13600,-100,48182,,,,
20250310,004690,삼천리,91200,0,4826,,,,
20250310,004700,조광피혁,53000,-100,1045,,,,
20250310,004710,한솔테크닉스,3999,5,20699,,,,
20250310,004720,팜젠사이언스,4240,-5,28685,,,,
20250310,004770,써니전자,2070,-100,522719,,,,
20250310,004800,효성,47700,700,21787,,,,
20250310,004830,덕성,7050,-400,2369927,,,,
20250310,004835,덕성우,10560,-340,30064,,,,
20250310,004840,DRB동일,4285,-15,2572,,,,
20250310,004870,티웨이홀딩스,3329,-10,116449,,,,
20250310,004890,동일산업,40400,100,1776,,,,
20250310,004910,조광페인트,5800,-30,5890,,,,
20250310,004920,씨아이테크,1020,-40,24039,,,,
20250310,004960,한신공영,6340,-120,29220,,,,
20250310,004970,신라교역,8630,120,8743,,,,
20250310,004980,성신양회,7460,-40,29364,,,,
20250310,004985,성신양회우,11030,80,13974,,,,
20250310,004990,롯데지주,23700,350,95759,,,,
20250310,00499K,롯데지주우,27100,450,470,,,,
20250310,005010,휴스틸,6300,100,1232714,,,,
20250310,005030,부산주공,486,0,0,,,,
20250310,005070,코스모신소재,50500,1150,447180,,,,
20250310,005090,SGC에너지,23050,-200,12964,,,,
20250310,005110,한창,1254,0,0,,,,
20250310,005180,빙그레,91100,0,44643,,,,
20250310,005250,녹십자홀딩스,13950,-130,48532,,,,
20250310,005257,녹십자홀딩스2우,22500,0,268,,,,
20250310,005300,롯데칠성,108000,-500,11932,,,,
20250310,005305,롯데칠성우,65600,-400,674,,,,
20250310,005320,온타이드,888,22,25403,,,,
20250310,005360,모나미,2045,-5,20068,,,,
20250310,005380,현대차,197400,800,318730,,,,
20250310,005385,현대차우,146500,-300,32792,,,,
20250310,005387,현대차2우B,148500,0,84247,,,,
20250310,005389,현대차3우B,146000,900,6432,,,,
20250310,005420,코스모화학,19030,640,148424,,,,
20250310,005430,한국공항,51300,-300,3104,,,,
20250310,005440,현대지에프홀딩스,5420,-20,116237,,,,
20250310,005490,POSCO홀딩스,310500,-6500,701440,,,,
20250310,005500,삼진제약,17920,-30,3829,,,,
20250310,005610,삼립,53400,1200,18491,,,,
20250310,005680,삼영전자,10110,-120,6382,,,,
20250310,005690,파미셀,10270,120,605556,,,,
20250310,005720,넥센,4675,40,41529,,,,
20250310,005725,넥센우,3060,10,25,,,,
20250310,005740,크라운해태홀딩스,5420,30,10990,,,,
20250310,005745,크라운해태홀딩스우,7710,0,584,,,,
20250310,005750,대림바스,4010,10,18864,,,,
20250310,005800,신영와코루,10300,110,3731,,,,
20250310,005810,풍산홀딩스,28350,200,54943,,,,
20250310,005820,원림,14320,630,11784,,,,
20250310,005830,DB손해보험,93600,2100,186867,,,,
20250310,005850,에스엘,32300,50,137076,,,,
20250310,005870,휴니드,8730,-270,548509,,,,
20250310,005880,대한해운,1797,-1,1699572,,,,
20250310,005930,삼성전자,53700,0,12921670,,,,
20250310,005935,삼성전자우,45500,0,878404,,,,
20250310,005940,NH투자증권,14610,-240,630656,,,,
20250310,005945,NH투자증권우,13270,-20,163665,,,,
20250310,005950,이수화학,6390,-80,53201,,,,
20250310,005960,동부건설,3605,85,20880,,,,
20250310,005965,동부건설우,18950,-150,287,,,,
20250310,006040,동원산업,36000,-300,8708,,,,
20250310,006060,화승인더,5210,100,193874,,,,
20250310,006090,사조오양,8800,-30,4178,,,,
20250310,006110,삼아알미늄,30300,2600,502199,,,,
20250310,006120,SK디스커버리,38250,600,17868,,,,
20250310,006125,SK디스커버리우,32950,200,5195,,,,
20250310,006200,한국전자홀딩스,3520,-80,4595,,,,
20250310,006220,제주은행,7720,-50,50526,,,,
20250310,006260,LS,101900,2600,231904,,,,
20250310,006280,녹십자,128300,-1300,22929,,,,
20250310,006340,대원전선,3010,-50,848924,,,,
20250310,006345,대원전선우,3920,-20,19181,,,,
20250310,006360,GS건설,18610,220,329199,,,,
20250310,006370,대구백화점,9390,-10,48085,,,,
20250310,006380,카프로,3660,0,0,,,,
20250310,006400,삼성SDI,211471,-2447,472306,,,,
20250310,006405,삼성SDI우,132616,386,2571,,,,
20250310,006490,프리티,8015,-150,151104,,,,
20250310,006570,대림통상,2485,35,4954,,,,
20250310,006650,대한유화,100800,-3700,30947,,,,
20250310,006660,삼성공조,18920,3340,10297794,,,,
20250310,006740,블루산업개발,2315,2,39005,,,,
20250310,006800,미래에셋증권,9249,109,974475,,,,
20250310,006805,미래에셋증권우,4558,0,36634,,,,
20250310,00680K,미래에셋증권2우B,4124,25,219168,,,,
20250310,006840,AK홀딩스,10480,-60,4799,,,,
20250310,006880,신송홀딩스,7700,130,1364556,,,,
20250310,006890,태경케미컬,11840,-30,24775,,,,
20250310,006980,우성,14630,-180,1234,,,,
20250310,007070,GS리테일,15200,270,151831,,,,
20250310,007110,일신석재,1974,14,998479,,,,
20250310,007120,미래아이앤지,820,-2,47174,,,,
20250310,007160,사조산업,34900,-200,5769,,,,
20250310,007210,벽산,2215,0,176352,,,,
20250310,007280,한국특강,3562,-92,78743,,,,
20250310,007310,오뚜기,404500,-2500,3171,,,,
20250310,007340,DN오토모티브,21850,300,54386,,,,
20250310,007460,에이프로젠,748,-3,1246127,,,,
20250310,007540,샘표,42600,0,7192,,,,
20250310,007570,일양약품,12161,-100,17689,,,,
20250310,007575,일양약품우,13331,23,331,,,,
20250310,007590,동방아그로,6020,-20,3343,,,,
20250310,007610,선도전기,3000,0,0,,,,
20250310,007660,이수페타시스,35800,-1400,1310487,,,,
20250310,007690,국도화학,32550,-500,14129,,,,
20250310,007700,F&F홀딩스,13150,140,14292,,,,
20250310,007810,코리아써키트,11480,-420,157862,,,,
20250310,007815,코리아써우,5720,-30,1218,,,,
20250310,00781K,코리아써키트2우B,5300,-100,651,,,,
20250310,007860,서연,7310,90,166587,,,,
20250310,007980,TP,1377,-2,154304,,,,
20250310,008040,사조동아원,1044,42,1960550,,,,
20250310,008060,대덕,7120,50,115618,,,,
20250310,00806K,대덕1우,7470,-80,1057,,,,
20250310,008250,이건산업,5190,-40,34990,,,,
20250310,008260,NI스틸,3495,0,262410,,,,
20250310,008350,남선알미늄,1395,5,739832,,,,
20250310,008355,남선알미우,14840,-130,250,,,,
20250310,008420,문배철강,2720,60,1003349,,,,
20250310,008490,서흥,15360,-540,26097,,,,
20250310,008600,윌비스,7136,-310,61951,,,,
20250310,008700,아남전자,1591,36,645067,,,,
20250310,008730,율촌화학,27700,-500,76271,,,,
20250310,008770,호텔신라,39550,-350,61238,,,,
20250310,008775,호텔신라우,32650,50,2816,,,,
20250310,008870,금비,55800,100,376,,,,
20250310,008930,한미사이언스,27900,50,94944,,,,
20250310,008970,KBI동양철관,1848,-21,14789859,,,,
20250310,009070,KCTC,3920,-10,39742,,,,
20250310,009140,경인전자,18680,20,1311,,,,
20250310,009150,삼성전기,132900,-2000,177602,,,,
20250310,009155,삼성전기우,60100,-700,2652,,,,
20250310,009160,SIMPAC,3805,-10,145109,,,,
20250310,009180,한솔로지스틱스,2375,15,138933,,,,
20250310,009190,대양금속,1366,0,95022,,,,
20250310,009200,무림페이퍼,2065,-20,122135,,,,
20250310,009240,한샘,44850,-300,12914,,,,
20250310,009270,신원,1336,-12,364353,,,,
20250310,009290,광동제약,5670,90,38336,,,,
20250310,009310,참엔지니어링,1580,-145,215192,,,,
20250310,009320,아진전자부품,1061,2,32507,,,,
20250310,009410,태영건설,2475,-70,92825,,,,
20250310,009415,태영건설우,5230,30,3582,,,,
20250310,009420,한올바이오파마,35500,250,212792,,,,
20250310,009440,KC그린홀딩스,770,10,16875,,,,
20250310,009450,경동나비엔,80100,-3300,43862,,,,
20250310,009460,한창제지,3555,5,10836,,,,
20250310,009470,삼화전기,35700,-350,50880,,,,
20250310,009540,HD한국조선해양,233000,-500,295671,,,,
20250310,009580,무림P&P,2850,45,288389,,,,
20250310,009680,모토닉,9490,40,53445,,,,
20250310,009770,삼정펄프,26600,150,12717,,,,
20250310,009810,MDS스피어,3055,10,36925,,,,
20250310,009830,한화솔루션,19619,-566,1691527,,,,
20250310,009835,한화솔루션우,16718,-189,6627,,,,
20250310,009900,명신산업,8890,-120,222466,,,,
20250310,009970,영원무역홀딩스,91000,1800,8995,,,,
20250310,010040,한국내화,2200,0,11134,,,,
20250310,010060,OCI홀딩스,83300,-2900,85718,,,,
20250310,010100,한국무브넥스,4620,-15,358123,,,,
20250310,010120,LS ELECTRIC,42800,-500,2050605,,,,
20250310,010130,고려아연,829000,103000,137345,,,,
20250310,010140,삼성중공업,14530,-330,12163860,,,,
20250310,010400,우진아이엔에스,2970,-25,2067,,,,
20250310,010580,에스엠벡셀,1217,-3,32839,,,,
20250310,010640,진양폴리,5106,-77,166357,,,,
20250310,010660,화천기계,3055,55,149126,,,,
20250310,010690,화신,7500,-90,70543,,,,
20250310,010770,평화홀딩스,7460,470,1876506,,,,
20250310,010780,아이에스동서,16960,-110,23971,,,,
20250310,010820,퍼스텍,3825,-35,2349526,,,,
20250310,010950,S-Oil,62200,5000,746912,,,,
20250310,010955,S-Oil우,38600,1450,11589,,,,
20250310,010960,삼호개발,3050,20,4442,,,,
20250310,011000,진원생명과학,10325,0,42358,,,,
20250310,011070,LG이노텍,172900,-2800,124835,,,,
20250310,011090,에넥스,2605,-30,13672,,,,
20250310,011150,CJ씨푸드,3010,-25,267043,,,,
20250310,011155,CJ씨푸드1우,15890,-50,256,,,,
20250310,011170,롯데케미칼,76800,-1100,346777,,,,
20250310,011200,HMM,22150,500,4804741,,,,
20250310,011210,현대위아,45150,250,108658,,,,
20250310,011230,삼화전자,3390,50,35874,,,,
20250310,011280,태림포장,2125,20,371774,,,,
20250310,011300,우성머티리얼스,5350,200,84936,,,,
20250310,011330,유니켐,12920,-130,32597,,,,
20250310,011390,부산산업,71500,-1100,8604,,,,
20250310,011420,갤럭시아에스엠,2030,5,169597,,,,
20250310,011500,한농화성,17850,240,575687,,,,
20250310,011690,와이투솔루션,2420,-20,680932,,,,
20250310,011700,한신기계,3150,-55,128450,,,,
20250310,011760,현대코퍼레이션,24650,-200,87899,,,,
20250310,011780,금호석유화학,118300,-4600,161019,,,,
20250310,011785,금호석유화학우,53700,-1100,4219,,,,
20250310,011790,SKC,116458,1880,386567,,,,
20250310,011810,STX,4065,-20,71258,,,,
20250310,011930,신성이엔지,12270,-160,40873,,,,
20250310,012030,DB,1278,15,368773,,,,
20250310,012160,영흥,2000,5,4557,,,,
20250310,012170,아센디오,1604,-100,421404,,,,
20250310,012200,계양전기,1414,-10,31657,,,,
20250310,012205,계양전기우,3306,-68,1091,,,,
20250310,012280,영화금속,855,2,79123,,,,
20250310,012320,경동인베스트,68000,2800,37583,,,,
20250310,012330,현대모비스,258500,2500,113858,,,,
20250310,012450,한화에어로스페이스,691263,-28557,586490,,,,
20250310,012610,경인양행,2900,25,19941,,,,
20250310,012630,HDC,14390,350,151678,,,,
20250310,012690,모나리자,2860,0,77793,,,,
20250310,012750,에스원,59700,-400,70321,,,,
20250310,012800,대창,1391,-31,831945,,,,
20250310,013000,세우글로벌,1256,-19,73797,,,,
20250310,013360,일성건설,3615,0,1736488,,,,
20250310,013520,화승코퍼레이션,1630,3,67695,,,,
20250310,013570,디와이,3950,-20,38544,,,,
20250310,013580,계룡건설,13750,40,18124,,,,
20250310,013700,까뮤이앤씨,1218,13,50178,,,,
20250310,013870,지엠비코리아,3710,5,27912,,,,
20250310,013890,지누스,17800,-250,69428,,,,
20250310,014130,한익스프레스,3450,-5,10088,,,,
20250310,014160,대영포장,1429,10,1512308,,,,
20250310,014280,금강공업,4220,0,63433,,,,
20250310,014285,금강공업우,6350,-30,533,,,,
20250310,014440,영보화학,4700,15,183052,,,,
20250310,014530,극동유화,3375,-20,33123,,,,
20250310,014580,태경비케이,4540,25,63735,,,,
20250310,014680,한솔케미칼,125300,4200,91275,,,,
20250310,014710,사조씨푸드,5200,50,38608,,,,
20250310,014790,HL D&I,2280,10,49579,,,,
20250310,014820,동원시스템즈,36450,-700,24894,,,,
20250310,014825,동원시스템즈우,17670,-160,193,,,,
20250310,014830,유니드,83000,3800,74577,,,,
20250310,014910,성문전자,1106,-40,44312,,,,
20250310,014915,성문전자우,4580,-60,309,,,,
20250310,014990,인디에프,3840,85,46995,,,,
20250310,015020,이스타코,3634,154,900312,,,,
20250310,015230,대창단조,5460,-10,137586,,,,
20250310,015260,에이엔피,501,4,35159,,,,
20250310,015360,INVENI,9740,120,21455,,,,
20250310,015590,DKME,2575,0,0,,,,
20250310,015760,한국전력,22700,450,1647965,,,,
20250310,015860,일진홀딩스,3665,0,38819,,,,
20250310,015890,태경산업,4805,35,17877,,,,
20250310,016090,대현,2270,-5,44308,,,,
20250310,016360,삼성증권,45650,250,184425,,,,
20250310,016380,KG스틸,6880,-110,280682,,,,
20250310,016450,한세예스24홀딩스,4035,15,32950,,,,
20250310,016580,환인제약,11500,-60,8396,,,,
20250310,016590,신대양제지,6150,20,11510,,,,
20250310,016610,DB증권,5790,40,37435,,,,
20250310,016710,대성홀딩스,7100,20,7035,,,,
20250310,016740,두올,3170,-45,83979,,,,
20250310,016800,퍼시스,43450,400,525,,,,
20250310,016880,웅진,867,-3,151374,,,,
20250310,017040,광명전기,1409,-1,114578,,,,
20250310,017180,명문제약,1644,-18,154067,,,,
20250310,017370,우신시스템,5980,-30,31813,,,,
20250310,017390,서울가스,49500,-350,2596,,,,
20250310,017550,수산세보틱스,1997,-3,70863,,,,
20250310,017670,SK텔레콤,55100,-300,521608,,,,
20250310,017800,현대엘리베이터,54400,700,97330,,,,
20250310,017810,풀무원,17230,-120,311232,,,,
20250310,017860,DS단석,26936,396,188709,,,,
20250310,017900,광전자,1787,-14,21441,,,,
20250310,017940,E1,61000,800,11507,,,,
20250310,017960,한국카본,15750,60,674208,,,,
20250310,018250,애경산업,14120,-20,46600,,,,
20250310,018260,삼성에스디에스,119600,-1300,119796,,,,
20250310,018470,조일알미늄,1640,-33,4328594,,,,
20250310,018500,동원모빌리티,1854,-66,749696,,,,
20250310,018670,SK가스,239000,3500,10083,,,,
20250310,018880,한온시스템,3931,83,843260,,,,
20250310,019170,신풍제약,8240,100,147601,,,,
20250310,019175,신풍제약우,13000,200,1765,,,,
20250310,019180,티에이치엔,3105,-20,96685,,,,
20250310,019490,엑시큐어하이트론,689,37,4462096,,,,
20250310,019680,대교,2105,-30,60077,,,,
20250310,019685,대교우B,1244,1,11326,,,,
20250310,020000,한섬,16190,-20,29546,,,,
20250310,020120,키다리스튜디오,3625,-40,154506,,,,
20250310,020150,롯데에너지머티리얼즈,27950,50,85957,,,,
20250310,020560,아시아나항공,10880,-210,125125,,,,
20250310,020760,일진디스플,879,12,11886,,,,
20250310,021050,서원,1297,-11,187165,,,,
20250310,021240,코웨이,80400,200,83581,,,,
20250310,021820,세원정공,7830,-310,12880,,,,
20250310,022100,포스코DX,25600,-150,3146211,,,,
20250310,023000,삼원강재,2340,-15,1515,,,,
20250310,023150,MH에탄올,5010,25,3926,,,,
20250310,023350,한국종합기술,5300,-90,67744,,,,
20250310,023450,동남합성,34200,-50,1963,,,,
20250310,023530,롯데쇼핑,67900,300,74699,,,,
20250310,023590,다우기술,21650,50,67425,,,,
20250310,023800,인지컨트롤스,5840,-20,16313,,,,
20250310,023810,인팩,5820,-40,20839,,,,
20250310,023960,에쓰씨엔지니어링,1305,18,58042,,,,
20250310,024070,WISCOM,1804,-41,18566,,,,
20250310,024090,디씨엠,11600,60,1399,,,,
20250310,024110,기업은행,15650,150,1057175,,,,
20250310,024720,콜마홀딩스,7010,-80,21631,,,,
20250310,024890,대원화성,4850,5,6773,,,,
20250310,024900,디와이덕양,2790,0,68564,,,,
20250310,025000,KPX케미칼,42165,189,5285,,,,
20250310,025530,SJM홀딩스,3075,5,4440,,,,
20250310,025540,한국단자,68100,-500,20667,,,,
20250310,025560,미래산업,2704,-18,84860,,,,
20250310,025620,차AI헬스케어,3795,-5,4044,,,,
20250310,025750,한솔홈데코,4210,25,122149,,,,
20250310,025820,이구산업,4795,-75,1165367,,,,
20250310,025860,남해화학,6500,-20,30699,,,,
20250310,025890,한국주강,1753,-6,6123,,,,
20250310,026890,스틱인베스트먼트,7220,-90,41295,,,,
20250310,026940,부국철강,2535,-20,255291,,,,
20250310,026960,동서,25650,600,87968,,,,
20250310,027410,BGF,3445,45,86644,,,,
20250310,027740,마니커,1706,-24,85495,,,,
20250310,027970,한국제지,4050,-5,5957,,,,
20250310,028050,삼성E&A,18070,-370,1020065,,,,
20250310,028100,동아지질,13760,-170,17028,,,,
20250310,028260,삼성물산,122200,0,135883,,,,
20250310,02826K,삼성물산우B,89000,-100,2734,,,,
20250310,028670,팬오션,3965,20,1612491,,,,
20250310,029460,케이씨,18700,-70,4187,,,,
20250310,029530,신도리코,38600,50,2216,,,,
20250310,029780,삼성카드,43300,50,32468,,,,
20250310,030000,제일기획,17500,10,206147,,,,
20250310,030190,NICE평가정보,12710,70,58918,,,,
20250310,030200,KT,48250,200,383525,,,,
20250310,030210,다올투자증권,3110,80,144574,,,,
20250310,030610,교보증권,6750,-80,123642,,,,
20250310,030720,동원수산,4995,-65,4093,,,,
20250310,031430,신세계인터내셔날,10420,-30,58367,,,,
20250310,031820,아이티센씨티에스,6050,-10,22127,,,,
20250310,032350,롯데관광개발,7950,-170,282991,,,,
20250310,032560,황금에스티,5090,-30,17138,,,,
20250310,032640,LG유플러스,10530,-30,450653,,,,
20250310,032830,삼성생명,84800,800,163827,,,,
20250310,033240,자화전자,13110,-100,73977,,,,
20250310,033250,체시스,5840,-240,57208,,,,
20250310,033270,유나이티드제약,19350,-560,30989,,,,
20250310,033530,SJG세종,4295,0,26160,,,,
20250310,033780,KT&G,97700,200,223592,,,,
20250310,033920,무학,6560,20,20931,,,,
20250310,034020,두산에너빌리티,26250,-100,6310178,,,,
20250310,034120,SBS,21250,-350,132779,,,,
20250310,034220,LG디스플레이,9120,10,518549,,,,
20250310,034230,파라다이스,10980,-30,174285,,,,
20250310,034310,NICE,11520,-50,17424,,,,
20250310,034590,인천도시가스,24450,50,4448,,,,
20250310,034730,SK,140200,900,96816,,,,
20250310,03473K,SK우,123800,800,1202,,,,
20250310,034830,한국토지신탁,1016,3,47697,,,,
20250310,035000,HS애드,7340,40,121257,,,,
20250310,035150,백산,15010,90,29160,,,,
20250310,035250,강원랜드,16970,820,1385258,,,,
20250310,035420,NAVER,215000,2000,542653,,,,
20250310,035510,신세계 I&C,12700,-210,76284,,,,
20250310,035720,카카오,45400,1650,4010592,,,,
20250310,036420,콘텐트리중앙,8880,-390,70009,,,,
20250310,036460,한국가스공사,38550,250,912351,,,,
20250310,036530,SNT홀딩스,31450,300,20497,,,,
20250310,036570,NC,162600,1300,62567,,,,
20250310,036580,팜스코,2140,-5,41767,,,,
20250310,037270,YG PLUS,5160,-180,1808070,,,,
20250310,037560,LG헬로비전,2385,-25,64448,,,,
20250310,037710,광주신세계,30300,0,29892,,,,
20250310,039130,하나투어,56700,1400,80825,,,,
20250310,039490,키움증권,119200,3100,89845,,,,
20250310,039570,HDC랩스,8800,0,15661,,,,
20250310,041650,상신브레이크,2955,-25,14288,,,,
20250310,042660,한화오션,79800,-600,4357802,,,,
20250310,042700,한미반도체,87400,0,494106,,,,
20250310,044380,주연테크,1745,0,19987,,,,
20250310,044450,KSS해운,9000,-190,68353,,,,
20250310,044820,코스맥스비티아이,9740,90,4322,,,,
20250310,047040,대우건설,3555,10,555660,,,,
20250310,047050,포스코인터내셔널,60800,2200,1315285,,,,
20250310,047400,유니온머티리얼,2185,-5,113070,,,,
20250310,047810,한국항공우주,83800,4100,3695949,,,,
20250310,049800,우진플라임,2020,-5,11929,,,,
20250310,051600,한전KPS,41750,-850,143791,,,,
20250310,051630,진양화학,4030,-165,256656,,,,
20250310,051900,LG생활건강,319000,-500,33158,,,,
20250310,051905,LG생활건강우,126300,200,3843,,,,
20250310,051910,LG화학,247000,-3500,306897,,,,
20250310,051915,LG화학우,116500,-200,59114,,,,
20250310,052690,한전기술,65500,-700,79389,,,,
20250310,053210,스카이라이프,4480,50,11909,,,,
20250310,053690,한미글로벌,16850,-170,64607,,,,
20250310,055490,테이팩스,14210,130,6378,,,,
20250310,055550,신한지주,45600,600,968529,,,,
20250310,058430,포스코스틸리온,4640,-70,3570410,,,,
20250310,058650,세아홀딩스,96500,2300,118,,,,
20250310,058730,다스코,3115,-25,56599,,,,
20250310,058850,KTcs,2780,0,154777,,,,
20250310,058860,KTis,2640,-15,166036,,,,
20250310,060980,HL홀딩스,37050,450,11829,,,,
20250310,062040,산일전기,61300,-1800,296057,,,,
20250310,063160,종근당바이오,20400,-100,5692,,,,
20250310,064350,현대로템,92300,2600,1501877,,,,
20250310,064400,LG씨엔에스,50500,-700,441922,,,,
20250310,064960,SNT모티브,25100,0,24969,,,,
20250310,066570,LG전자,78500,600,480479,,,,
20250310,066575,LG전자우,38100,200,14654,,,,
20250310,066970,엘앤에프,75100,2600,466998,,,,
20250310,067830,세이브존I&C,2225,25,66540,,,,
20250310,068270,셀트리온,168195,-735,318456,,,,
20250310,068290,삼성출판사,14820,0,13060,,,,
20250310,069260,TKG휴켐스,16210,-50,24056,,,,
20250310,069460,대호에이엘,6455,5,25928,,,,
20250310,069620,대웅제약,123400,-400,22350,,,,
20250310,069640,한세엠케이,2016,-12,4584,,,,
20250310,069730,DSR제강,3625,5,105502,,,,
20250310,069960,현대백화점,59600,-1400,102702,,,,
20250310,070960,모나용평,4020,5,194459,,,,
20250310,071050,한국금융지주,74500,-500,126540,,,,
20250310,071055,한국금융지주우,54700,500,15146,,,,
20250310,071090,하이스틸,4350,5,14351851,,,,
20250310,071320,지역난방공사,51000,800,21671,,,,
20250310,071840,롯데하이마트,7710,10,11984,,,,
20250310,071950,코아스,9110,30,23100,,,,
20250310,071970,HD현대마린엔진,29750,3900,9804881,,,,
20250310,072130,유엔젤,5880,310,215948,,,,
20250310,072710,농심홀딩스,65300,-300,2774,,,,
20250310,073240,금호타이어,4965,-10,199547,,,,
20250310,074610,이엔플러스,7450,240,46428,,,,
20250310,075180,새론오토모티브,3495,70,5244,,,,
20250310,075580,세진중공업,8000,-140,555849,,,,
20250310,077500,유니퀘스트,6270,180,52869,,,,
20250310,077970,STX엔진,27250,300,975539,,,,
20250310,078000,텔코웨어,9040,40,1482,,,,
20250310,078520,에이블씨엔씨,7150,-80,49910,,,,
20250310,078930,GS,37250,650,304493,,,,
20250310,078935,GS우,36300,300,12167,,,,
20250310,079160,CJ CGV,5030,-100,360042,,,,
20250310,079430,현대리바트,7470,-20,9308,,,,
20250310,079550,LIG디펜스앤에어로스페이스,316000,-3000,231917,,,,
20250310,079900,전진건설로봇,57900,-3400,571777,,,,
20250310,079980,휴비스,2585,5,43324,,,,
20250310,081000,일진다이아,11630,-90,9671,,,,
20250310,081660,미스토홀딩스,36800,-650,170472,,,,
20250310,082640,동양생명,5160,130,175506,,,,
20250310,082740,한화엔진,25700,1250,8452848,,,,
20250310,083420,그린케미칼,6470,-10,68688,,,,
20250310,084010,대한제강,10602,-214,70988,,,,
20250310,084670,동양고속,7280,140,4765,,,,
20250310,084680,이월드,1362,-11,57257,,,,
20250310,084690,대상홀딩스,11310,-30,559009,,,,
20250310,084695,대상홀딩스우,22000,-850,31336,,,,
20250310,084870,TBH글로벌,1129,13,35022,,,,
20250310,085310,엔케이,9230,-200,28786,,,,
20250310,085620,미래에셋생명,4495,65,17194,,,,
20250310,086280,현대글로비스,127300,-1100,127296,,,,
20250310,086790,하나금융지주,59300,1300,687263,,,,
20250310,088260,이리츠코크렙,4325,-10,21012,,,,
20250310,088350,한화생명,2640,90,1231049,,,,
20250310,088790,진도,1816,-4,23750,,,,
20250310,088980,맥쿼리인프라,11280,-70,637848,,,,
20250310,089470,HDC현대EP,3555,-20,19934,,,,
20250310,089590,제주항공,7090,-60,111366,,,,
20250310,089860,롯데렌탈,28800,-50,28537,,,,
20250310,090080,평화산업,1231,3,1236242,,,,
20250310,090350,노루페인트,7670,-10,25259,,,,
20250310,090355,노루페인트우,12100,-50,98,,,,
20250310,090370,메타랩스,1383,-21,25913,,,,
20250310,090430,아모레퍼시픽,114400,-2700,279231,,,,
20250310,090435,아모레퍼시픽우,35000,-400,7311,,,,
20250310,090460,비에이치,15040,0,72242,,,,
20250310,091810,트리니티항공,2348,-19,667602,,,,
20250310,092200,디아이씨,4560,-60,172954,,,,
20250310,092220,KEC,3955,0,85712,,,,
20250310,092230,KPX홀딩스,55700,900,2614,,,,
20250310,092440,기신정기,2400,0,10895,,,,
20250310,092780,DYP,4580,40,6909,,,,
20250310,092790,넥스틸,16380,380,787490,,,,
20250310,093050,LF,15500,-300,60238,,,,
20250310,093240,형지엘리트,1911,-26,1285764,,,,
20250310,093370,후성,4560,80,258639,,,,
20250310,094280,효성ITX,11860,10,3402,,,,
20250310,094800,맵스리얼티,4250,-45,25715,,,,
20250310,095570,AJ네트웍스,3940,30,170803,,,,
20250310,095720,웅진씽크빅,3116,-18,29630,,,,
20250310,096760,JW홀딩스,3070,0,92848,,,,
20250310,096770,SK이노베이션,135700,7700,886360,,,,
20250310,096775,SK이노베이션우,81300,3600,4556,,,,
20250310,097230,HJ중공업,8850,50,5448648,,,,
20250310,097520,엠씨넥스,24250,850,104029,,,,
20250310,097950,CJ제일제당,259000,-3000,62437,,,,
20250310,097955,CJ제일제당 우,132700,-1400,2288,,,,
20250310,100090,SK오션플랜트,15340,-140,246448,,,,
20250310,100220,비상교육,4920,-200,49222,,,,
20250310,100250,진양홀딩스,2915,-5,41269,,,,
20250310,100840,SNT에너지,35350,-400,249502,,,,
20250310,101140,인바이오젠,7180,190,28733,,,,
20250310,101530,해태제과식품,6330,-50,39047,,,,
20250310,102260,동성케미컬,3790,-15,14272,,,,
20250310,102460,이연제약,11820,-10,27597,,,,
20250310,103140,풍산,66200,1200,624414,,,,
20250310,103590,일진전기,27450,250,275843,,,,
20250310,104700,한국철강,8230,-180,37085,,,,
20250310,105560,KB금융,78500,800,961703,,,,
20250310,105630,한세실업,12320,0,173490,,,,
20250310,105840,우진,7810,-40,117006,,,,
20250310,107590,미원홀딩스,73300,0,164,,,,
20250310,108320,LX세미콘,60500,-800,33936,,,,
20250310,108670,LX하우시스,30950,-50,14680,,,,
20250310,108675,LX하우시스우,18200,-50,765,,,,
20250310,109070,주성코퍼레이션,1185,0,0,,,,
20250310,111110,호전실업,7630,-70,5956,,,,
20250310,111380,동인기연,15590,110,8277,,,,
20250310,111770,영원무역,46800,250,50663,,,,
20250310,112610,씨에스윈드,37000,800,218061,,,,
20250310,114090,GKL,11210,-100,84247,,,,
20250310,117580,대성에너지,7980,0,32808,,,,
20250310,118000,메타케어,3010,-10,8055,,,,
20250310,119650,KC코트렐,958,-20,53568,,,,
20250310,120030,조선선재,102200,-1100,4987,,,,
20250310,120110,코오롱인더,33450,-950,60687,,,,
20250310,120115,코오롱인더우,19730,-250,3480,,,,
20250310,122900,아이마켓코리아,7900,-10,6980,,,,
20250310,123690,한국화장품,6660,-80,45436,,,,
20250310,123700,SJM,2920,15,22826,,,,
20250310,123890,한국자산신탁,2535,5,82834,,,,
20250310,126560,현대퓨처넷,3415,0,128101,,,,
20250310,126720,수산인더스트리,20500,-100,16717,,,,
20250310,128820,대성산업,3437,-6,70621,,,,
20250310,128940,한미약품,249500,1500,55395,,,,
20250310,129260,인터지스,2540,35,145037,,,,
20250310,130660,한전산업,10960,-200,163544,,,,
20250310,133820,화인베스틸,1147,17,36582,,,,
20250310,134380,미원화학,7810,60,210,,,,
20250310,134790,시디즈,24200,350,2073,,,,
20250310,136490,선진,5820,-10,417474,,,,
20250310,137310,에스디바이오센서,10130,-10,63613,,,,
20250310,138040,메리츠금융지주,119700,700,252334,,,,
20250310,138930,BNK금융지주,10340,-160,938902,,,,
20250310,139130,iM금융지주,8910,60,310316,,,,
20250310,139480,이마트,84600,-1000,217745,,,,
20250310,139990,아주스틸,4365,90,113935,,,,
20250310,143210,핸즈코퍼레이션,1905,-22,1547,,,,
20250310,145210,다이나믹디자인,8940,-250,39287,,,,
20250310,145270,케이탑리츠,976,15,259884,,,,
20250310,145720,덴티움,62300,-400,23458,,,,
20250310,145990,삼양사,45450,-100,4278,,,,
20250310,145995,삼양사우,29250,-50,71,,,,
20250310,155660,DSR,4010,10,21180,,,,
20250310,161000,애경케미칼,7500,-30,512755,,,,
20250310,161390,한국타이어앤테크놀로지,39350,950,303498,,,,
20250310,161890,한국콜마,61900,-1500,191348,,,,
20250310,163560,동일고무벨트,7630,-10,36285,,,,
20250310,170900,동아에스티,44014,233,13820,,,,
20250310,175330,JB금융지주,16660,-270,414612,,,,
20250310,178920,PI첨단소재,18900,290,72009,,,,
20250310,180640,한진칼,81000,400,35896,,,,
20250310,18064K,한진칼우,23300,-200,562,,,,
20250310,181710,NHN,19390,-100,27504,,,,
20250310,183190,아세아시멘트,10360,40,27867,,,,
20250310,185750,종근당,79000,-700,26891,,,,
20250310,192080,더블유게임즈,47000,0,29135,,,,
20250310,192400,쿠쿠홀딩스,22800,50,5826,,,,
20250310,192650,드림텍,7150,-10,100724,,,,
20250310,192820,코스맥스,172000,-12300,161837,,,,
20250310,194370,제이에스코퍼레이션,8200,520,405198,,,,
20250310,195870,해성디에스,28450,200,39417,,,,
20250310,200880,서연이화,12910,50,80737,,,,
20250310,204320,HL만도,42250,350,165802,,,,
20250310,207940,삼성바이오로직스,1593899,-25019,43453,,,,
20250310,210540,디와이파워,12720,160,102582,,,,
20250310,210980,SK디앤디,8230,0,51435,,,,
20250310,213500,한솔제지,8970,0,62153,,,,
20250310,214320,이노션,18420,-40,55850,,,,
20250310,214330,금호에이치티,16484,-27,4075,,,,
20250310,214390,경보제약,6220,-80,13321,,,,
20250310,214420,토니모리,8280,-360,801984,,,,
20250310,226320,잇츠한불,11380,-290,18354,,,,
20250310,227840,현대코퍼레이션홀딩스,10530,-120,12782,,,,
20250310,229640,LS에코에너지,35400,250,141342,,,,
20250310,234080,JW생명과학,10550,60,22203,,,,
20250310,241560,두산밥캣,50000,850,368443,,,,
20250310,241590,화승엔터프라이즈,8780,30,229671,,,,
20250310,244920,에이플러스에셋,3995,-5,39426,,,,
20250310,248070,솔루엠,17010,-400,169880,,,,
20250310,248170,샘표식품,26950,-100,25584,,,,
20250310,249420,일동제약,11230,30,55796,,,,
20250310,251270,넷마블,41150,150,154640,,,,
20250310,259960,크래프톤,350500,1500,168746,,,,
20250310,264900,크라운제과,8100,10,5660,,,,
20250310,26490K,크라운제과우,9370,-100,535,,,,
20250310,267250,HD현대,76400,2500,158784,,,,
20250310,267260,HD현대일렉트릭,342000,4500,183723,,,,
20250310,267270,HD건설기계,76800,-1600,203109,,,,
20250310,267290,경동도시가스,17560,0,1605,,,,
20250310,267850,아시아나IDT,11270,-100,11196,,,,
20250310,268280,미원에스씨,144900,-1100,1256,,,,
20250310,271560,오리온,107600,-500,125853,,,,
20250310,271940,일진하이솔루스,14630,-150,64037,,,,
20250310,271980,제일약품,10660,-130,13184,,,,
20250310,272210,한화시스템,39650,2050,18412657,,,,
20250310,272450,진에어,10020,-100,116182,,,,
20250310,272550,삼양패키징,14330,10,8264,,,,
20250310,278470,에이피알,65300,1500,671304,,,,
20250310,280360,롯데웰푸드,118100,900,15043,,,,
20250310,281820,케이씨텍,33550,-400,51341,,,,
20250310,282330,BGF리테일,103600,400,38025,,,,
20250310,284740,쿠쿠홈시스,21450,-250,20452,,,,
20250310,285130,SK케미칼,43300,-200,22030,,,,
20250310,28513K,SK케미칼우,19980,-170,1593,,,,
20250310,286940,롯데이노베이트,19950,-250,23937,,,,
20250310,293480,하나제약,10400,0,7400,,,,
20250310,293940,신한알파리츠,6030,-50,107198,,,,
20250310,294870,IPARK현대산업개발,21300,650,579811,,,,
20250310,298000,효성화학,77800,0,0,,,,
20250310,298020,효성티앤씨,246500,4500,22184,,,,
20250310,298040,효성중공업,422500,-500,53225,,,,
20250310,298050,HS효성첨단소재,189700,-5000,14887,,,,
20250310,298690,에어부산,2245,-15,111728,,,,
20250310,300720,한일시멘트,16170,-30,92334,,,,
20250310,302440,SK바이오사이언스,41600,350,138990,,,,
20250310,306200,세아제강,195100,500,38327,,,,
20250310,307950,현대오토에버,130300,-2700,54851,,,,
20250310,308170,씨티알모빌리티,5700,-10,3060,,,,
20250310,316140,우리금융지주,16110,140,1610137,,,,
20250310,317400,자이에스앤디,3285,-20,12125,,,,
20250310,322000,HD현대에너지솔루션,26200,-900,132424,,,,
20250310,323410,카카오뱅크,23100,50,269662,,,,
20250310,326030,SK바이오팜,107300,400,137475,,,,
20250310,329180,HD현대중공업,308500,-7000,233677,,,,
20250310,330590,롯데리츠,3510,-5,234394,,,,
20250310,334890,이지스밸류플러스리츠,4380,-20,78467,,,,
20250310,336260,두산퓨얼셀,15990,100,75762,,,,
20250310,33626K,두산퓨얼셀1우,4640,15,5190,,,,
20250310,33626L,두산퓨얼셀2우B,7770,-40,1551,,,,
20250310,336370,솔루스첨단소재,9500,0,84026,,,,
20250310,33637K,솔루스첨단소재1우,2000,0,8207,,,,
20250310,33637L,솔루스첨단소재2우B,4030,-65,3422,,,,
20250310,338100,NH프라임리츠,4530,5,18388,,,,
20250310,339770,교촌에프앤비,5810,160,79906,,,,
20250310,344820,KCC글라스,31550,-600,33379,,,,
20250310,348950,제이알글로벌리츠,2675,10,357534,,,,
20250310,350520,이지스레지던스리츠,4150,0,37687,,,,
20250310,352820,하이브,239000,-11000,302992,,,,
20250310,353200,대덕전자,17250,-150,152833,,,,
20250310,35320K,대덕전자1우,7990,0,2965,,,,
20250310,357120,코람코라이프인프라리츠,4485,-50,50930,,,,
20250310,357250,미래에셋맵스리츠,2700,0,29662,,,,
20250310,357430,마스턴프리미어리츠,1512,-9,79631,,,,
20250310,361610,SK아이이테크놀로지,27250,300,123375,,,,
20250310,363280,티와이홀딩스,2370,-50,30568,,,,
20250310,36328K,티와이홀딩스우,3845,-15,230,,,,
20250310,365550,ESR켄달스퀘어리츠,4897,35,119335,,,,
20250310,372910,한컴라이프케어,3450,5,102071,,,,
20250310,373220,LG에너지솔루션,349500,10500,273181,,,,
20250310,375500,DL이앤씨,44900,800,394895,,,,
20250310,37550K,DL이앤씨우,17470,170,5099,,,,
20250310,37550L,DL이앤씨2우(전환),26900,300,11388,,,,
20250310,377190,디앤디플랫폼리츠,3285,-85,80901,,,,
20250310,377300,카카오페이,31750,400,286953,,,,
20250310,377740,바이오노트,4835,-25,57877,,,,
20250310,378850,화승알앤에이,3180,55,76292,,,,
20250310,381970,케이카,12700,-130,85237,,,,
20250310,383220,F&F,71500,-1400,46297,,,,
20250310,383800,LX홀딩스,6620,10,103616,,,,
20250310,38380K,LX홀딩스1우,8000,-70,170,,,,
20250310,395400,SK리츠,5090,-80,209154,,,,
20250310,396690,미래에셋글로벌리츠,2820,-15,23117,,,,
20250310,400760,NH올원리츠,3556,5,45473,,,,
20250310,402340,SK스퀘어,89200,-100,145306,,,,
20250310,403550,쏘카,14790,-10,3743,,,,
20250310,404990,신한서부티엔디리츠,3105,-5,144086,,,,
20250310,415640,KB발해인프라,7160,-90,155392,,,,
20250310,417310,코람코더원리츠,4960,-10,31143,,,,
20250310,432320,KB스타리츠,3795,5,49625,,,,
20250310,443060,HD현대마린솔루션,145000,1100,194857,,,,
20250310,446070,유니드비티플러스,3710,-10,38772,,,,
20250310,448730,삼성FN리츠,4665,10,29043,,,,
20250310,450080,에코프로머티,76100,1100,892943,,,,
20250310,451800,한화리츠,3725,15,161568,,,,
20250310,452260,한화갤러리아,1242,-2,441528,,,,
20250310,45226K,한화갤러리아우,2455,50,1865,,,,
20250310,453340,현대그린푸드,13920,-110,29480,,,,
20250310,454910,두산로보틱스,62700,-800,203968,,,,
20250310,456040,OCI,60100,-100,24254,,,,
20250310,457190,이수스페셜티케미컬,52200,600,677861,,,,
20250310,460850,동국씨엠,6970,-130,100403,,,,
20250310,460860,동국제강,9550,-240,280705,,,,
20250310,462520,조선내화,14410,-80,2620,,,,
20250310,462870,시프트업,57200,-4200,318449,,,,
20250310,465770,STX그린로지스,8880,40,88038,,,,
20250310,475150,SK이터닉스,14400,-260,230449,,,,
20250310,475560,더본코리아,29200,-450,90682,,,,
20250310,481850,신한글로벌액티브리츠,1583,1,90580,,,,
20250310,484870,엠앤씨솔루션,28000,1100,525576,,,,
20250310,487570,HS효성,30550,-200,4321,,,,
20250310,489790,한화비전,48350,-2150,1334180,,,,
20250310,499790,GS피앤엘,20000,0,45494,,,,
20250310,900140,엘브이엠씨홀딩스,1729,3,228114,,,,
20250310,950210,프레스티지바이오파마,13260,-70,29418,,,,
20250311,000020,동화약품,6200,-40,47136,,,,
20250311,000040,KR모터스,1980,-70,64103,,,,
20250311,000050,경방,6540,10,3281,,,,
20250311,000070,삼양홀딩스,40171,67,30705,,,,
20250311,000080,하이트진로,19050,-80,88388,,,,
20250311,000087,하이트진로2우B,15130,-10,181,,,,
20250311,000100,유한양행,119900,-600,602507,,,,
20250311,000105,유한양행우,106000,500,7451,,,,
20250311,000120,CJ대한통운,94100,-2700,84575,,,,
20250311,000140,하이트진로홀딩스,8600,-80,15544,,,,
20250311,000145,하이트진로홀딩스우,10220,20,28,,,,
20250311,000150,두산,324000,22000,272452,,,,
20250311,000155,두산우,151600,6900,24837,,,,
20250311,000157,두산2우B,136500,9300,5761,,,,
20250311,000180,성창기업지주,6555,-30,4434,,,,
20250311,000210,DL,35500,-500,55942,,,,
20250311,000215,DL우,19650,-50,625,,,,
20250311,000220,유유제약,4515,-95,35824,,,,
20250311,000225,유유제약1우,4845,-45,2892,,,,
20250311,000227,유유제약2우B,9630,0,502,,,,
20250311,000230,일동홀딩스,6070,-110,15735,,,,
20250311,000240,한국앤컴퍼니,15990,-200,80891,,,,
20250311,000270,기아,98400,400,1137146,,,,
20250311,000300,DH오토넥스,4200,0,0,,,,
20250311,000320,노루홀딩스,14050,-70,10903,,,,
20250311,000325,노루홀딩스우,27850,-50,44,,,,
20250311,000370,한화손해보험,3985,-85,248074,,,,
20250311,000390,SP삼화,6250,-90,37655,,,,
20250311,000400,롯데손해보험,1798,-4,90984,,,,
20250311,000430,대원강업,3725,-45,62453,,,,
20250311,000480,CR홀딩스,5360,-50,18214,,,,
20250311,000490,대동,11830,80,342760,,,,
20250311,000500,가온전선,27450,-1278,160540,,,,
20250311,000520,삼일제약,12040,200,217707,,,,
20250311,000540,흥국화재,3245,-75,26243,,,,
20250311,000545,흥국화재우,4725,-110,15923,,,,
20250311,000590,CS홀딩스,73100,700,686,,,,
20250311,000640,동아쏘시오홀딩스,95478,1037,23806,,,,
20250311,000650,천일고속,38500,-50,157,,,,
20250311,000660,SK하이닉스,187800,-100,3521800,,,,
20250311,000670,영풍,47670,97,140286,,,,
20250311,000680,LS네트웍스,3980,-115,459240,,,,
20250311,000700,유수홀딩스,5470,0,10641,,,,
20250311,000720,현대건설,34000,-1900,1158249,,,,
20250311,000725,현대건설우,49300,-1100,3297,,,,
20250311,000760,이화산업,10200,60,563,,,,
20250311,000810,삼성화재,391500,-5000,79701,,,,
20250311,000815,삼성화재우,292000,-3000,4502,,,,
20250311,000850,화천기공,28450,-200,1624,,,,
20250311,000860,강남제비스코,12330,-50,15751,,,,
20250311,000880,한화,61224,-1560,1706520,,,,
20250311,00088K,한화3우B,20539,-50,232524,,,,
20250311,000890,보해양조,2145,-40,87415,,,,
20250311,000910,유니온,5520,-110,474804,,,,
20250311,000950,전방,19410,20,2122,,,,
20250311,000970,한국주철관,6230,-50,24625,,,,
20250311,000990,DB하이텍,44000,-1400,288067,,,,
20250311,001020,페이퍼코리아,3445,-95,24616,,,,
20250311,001040,CJ,105900,-1800,63217,,,,
20250311,001045,CJ우,60700,-300,4937,,,,
20250311,00104K,CJ4우(전환),86400,400,7109,,,,
20250311,001060,JW중외제약,22000,50,109561,,,,
20250311,001065,JW중외제약우,28350,-50,27,,,,
20250311,001067,JW중외제약2우B,60500,0,59,,,,
20250311,001070,대한방직,5370,30,4186,,,,
20250311,001080,만호제강,2620,10,5080,,,,
20250311,001120,LX인터내셔널,26000,-300,226945,,,,
20250311,001130,대한제분,12870,-180,4770,,,,
20250311,001200,유진투자증권,2590,-80,542367,,,,
20250311,001210,금호전기,3425,-15,22446,,,,
20250311,001230,동국홀딩스,1694,-27,92678,,,,
20250311,001250,GS글로벌,2650,-85,638441,,,,
20250311,001260,남광토건,8270,140,25415,,,,
20250311,001270,부국증권,26800,0,604,,,,
20250311,001275,부국증권우,22000,200,1262,,,,
20250311,001290,상상인증권,409,-5,292871,,,,
20250311,001340,PKC,6710,-140,156328,,,,
20250311,001360,삼성제약,1602,25,256554,,,,
20250311,001380,SG글로벌,5950,-20,337707,,,,
20250311,001390,KG케미칼,3940,-90,197881,,,,
20250311,001420,태원물산,3555,-60,2562,,,,
20250311,001430,세아베스틸지주,20500,-600,116190,,,,
20250311,001440,대한전선,11790,-360,1139862,,,,
20250311,001450,현대해상,22300,-550,301805,,,,
20250311,001460,BYC,26800,-250,4610,,,,
20250311,001465,BYC우,12510,-30,99,,,,
20250311,001470,삼부토건,500,22,39347451,,,,
20250311,001500,현대차증권,6250,-70,53927,,,,
20250311,001510,SK증권,930,-7,167333,,,,
20250311,001515,SK증권우,3416,-142,6045,,,,
20250311,001520,동양,1242,-40,159758,,,,
20250311,001525,동양우,8500,-60,6,,,,
20250311,001527,동양2우B,16700,100,0,,,,
20250311,001530,DI동일,43715,-428,41392,,,,
20250311,001550,조비,10360,-60,4697,,,,
20250311,001560,제일연마,9050,-280,10062,,,,
20250311,001570,금양,13000,770,4610019,,,,
20250311,001620,케이비아이동국실업,2450,10,12950,,,,
20250311,001630,종근당홀딩스,43450,-1200,5828,,,,
20250311,001680,대상,24800,50,177690,,,,
20250311,001685,대상우,17350,-280,6205,,,,
20250311,001720,신영증권,80000,-1900,25747,,,,
20250311,001740,SK네트웍스,4285,-95,355458,,,,
20250311,001750,한양증권,12150,-70,12578,,,,
20250311,001755,한양증권우,12520,-240,2268,,,,
20250311,001770,SHD,14990,100,2311,,,,
20250311,001780,알루코,2175,-50,347082,,,,
20250311,001790,대한제당,2700,10,204716,,,,
20250311,001795,대한제당우,2270,35,11759,,,,
20250311,001800,오리온홀딩스,15160,-120,88786,,,,
20250311,001820,삼화콘덴서,27450,-250,48178,,,,
20250311,001940,KISCO홀딩스,19590,-180,9462,,,,
20250311,002020,코오롱,18960,280,96795,,,,
20250311,002025,코오롱우,13510,170,4619,,,,
20250311,002030,아세아,261000,1500,1249,,,,
20250311,002070,비비안,16544,217,3241,,,,
20250311,002100,경농,9100,10,12189,,,,
20250311,002140,고려산업,2865,-35,10738053,,,,
20250311,002150,도화엔지니어링,6590,-20,31143,,,,
20250311,002170,SYTS,46650,-250,811,,,,
20250311,002200,한국수출포장,2730,-10,73550,,,,
20250311,002210,동성제약,3830,26,28389,,,,
20250311,002220,한일철강,1870,-19,3352,,,,
20250311,002240,고려제강,17970,-330,15584,,,,
20250311,002310,아세아제지,7200,-130,331354,,,,
20250311,002320,한진,19400,-190,14755,,,,
20250311,002350,넥센타이어,5300,-60,138039,,,,
20250311,002355,넥센타이어1우B,2800,-25,462,,,,
20250311,002360,SH에너지화학,4760,-60,34039,,,,
20250311,002380,KCC,278500,-4000,49944,,,,
20250311,002390,한독,11250,-50,19187,,,,
20250311,002410,범양건영,2175,-555,3794073,,,,
20250311,002420,세기상사,5150,-70,5954,,,,
20250311,002450,삼익악기,1168,-10,148648,,,,
20250311,002460,HS화성,9400,10,9504,,,,
20250311,002600,조흥,165900,3200,6,,,,
20250311,002620,제일파마홀딩스,7330,-70,713,,,,
20250311,002630,오리엔트바이오,2814,-206,2182825,,,,
20250311,002690,동일제강,1245,16,9631,,,,
20250311,002700,신일전자,1475,-14,268329,,,,
20250311,002710,TCC스틸,28450,-1000,205848,,,,
20250311,002720,국제약품,4835,-35,92576,,,,
20250311,002760,보락,1078,-4,5227728,,,,
20250311,002780,진흥기업,778,-2,137895,,,,
20250311,002785,진흥기업우B,3175,15,932,,,,
20250311,002787,진흥기업2우B,9580,-20,197,,,,
20250311,002790,아모레퍼시픽홀딩스,21500,-400,185523,,,,
20250311,002795,아모레퍼시픽홀딩스우,9160,-20,31397,,,,
20250311,00279K,아모레퍼시픽홀딩스3우C,18000,-80,3841,,,,
20250311,002810,삼영무역,13350,-130,42057,,,,
20250311,002820,SUN&L,2835,-5,24047,,,,
20250311,002840,미원상사,179700,0,1858,,,,
20250311,002870,신풍,1084,-9,61333,,,,
20250311,002880,디와이에이,985,-9,83999,,,,
20250311,002900,TYM,5040,-50,419222,,,,
20250311,002920,유성기업,1839,-15,43160,,,,
20250311,002960,한국쉘석유,311500,1000,1474,,,,
20250311,002990,금호건설,2465,-85,80056,,,,
20250311,002995,금호건설우,12500,-100,1777,,,,
20250311,003000,부광약품,4273,-45,97996,,,,
20250311,003010,혜인,5380,30,66211,,,,
20250311,003030,세아제강지주,265000,-3500,18982,,,,
20250311,003060,에이프로젠바이오로직스,743,-2,338940,,,,
20250311,003070,코오롱글로벌,8850,-50,22714,,,,
20250311,003075,코오롱글로벌우,15380,-90,674,,,,
20250311,003080,SB성보,2450,-20,16125,,,,
20250311,003090,대웅,19230,-290,38216,,,,
20250311,003120,일성아이에스,15270,50,5707,,,,
20250311,003160,디아이,11630,180,536055,,,,
20250311,003200,일신방직,7840,-180,31618,,,,
20250311,003220,대원제약,14030,-100,72334,,,,
20250311,003230,삼양식품,874000,-23000,60987,,,,
20250311,003240,태광산업,763000,-23000,1670,,,,
20250311,003280,흥아해운,1726,-70,1801446,,,,
20250311,003300,한일홀딩스,13900,-210,28943,,,,
20250311,003350,한국화장품제조,9360,-160,244410,,,,
20250311,003460,유화증권,2315,-10,5599,,,,
20250311,003465,유화증권우,2280,-50,98,,,,
20250311,003470,유안타증권,2725,-40,297412,,,,
20250311,003475,유안타증권우,3030,0,35591,,,,
20250311,003480,한진중공업홀딩스,3535,-35,6527,,,,
20250311,003490,대한항공,23250,-1050,2136888,,,,
20250311,003495,대한항공우,21850,-150,1493,,,,
20250311,003520,영진약품,2005,-5,274914,,,,
20250311,003530,한화투자증권,3410,-55,1075183,,,,
20250311,003535,한화투자증권우,6000,-20,4647,,,,
20250311,003540,대신증권,16870,-230,68027,,,,
20250311,003545,대신증권우,16110,-100,43716,,,,
20250311,003547,대신증권2우B,15480,-50,31152,,,,
20250311,003550,LG,68300,100,337726,,,,
20250311,003555,LG우,57500,500,3505,,,,
20250311,003570,SNT다이내믹스,35950,-550,135084,,,,
20250311,003580,HLB글로벌,3925,-35,159477,,,,
20250311,003610,방림,3900,60,266522,,,,
20250311,003620,KG모빌리티,4078,-964,3573568,,,,
20250311,003650,미창석유,90100,-900,1182,,,,
20250311,003670,포스코퓨처엠,138805,-4169,358246,,,,
20250311,003680,한성기업,4865,-15,8306,,,,
20250311,003690,코리안리,8090,-20,161966,,,,
20250311,003720,삼영,4130,-50,259311,,,,
20250311,003780,진양산업,8500,170,98585,,,,
20250311,003830,대한화섬,111200,-200,476,,,,
20250311,003850,보령,9680,-150,88851,,,,
20250311,003920,남양유업,74200,0,15220,,,,
20250311,003925,남양유업우,39850,-200,2998,,,,
20250311,003960,사조대림,42250,-650,22031,,,,
20250311,004000,롯데정밀화학,41200,-1400,65122,,,,
20250311,004020,현대제철,28450,-1200,1464951,,,,
20250311,004060,SG세계물산,3160,-10,31093,,,,
20250311,004080,신흥,14550,0,383,,,,
20250311,004090,한국석유,12890,-270,109716,,,,
20250311,004100,태양금속,2680,-105,533676,,,,
20250311,004105,태양금속우,4360,-125,29569,,,,
20250311,004140,동방,2400,-5,870048,,,,
20250311,004150,한솔홀딩스,2475,0,24124,,,,
20250311,004170,신세계,158200,-2000,29510,,,,
20250311,004250,NPC,4030,-20,4243,,,,
20250311,004255,NPC우,2390,-30,5318,,,,
20250311,004270,남성,8848,-135,13779,,,,
20250311,004310,현대약품,3260,-50,75800,,,,
20250311,004360,세방,12000,-90,47008,,,,
20250311,004365,세방우,7740,60,35315,,,,
20250311,004370,농심,388000,1500,72626,,,,
20250311,004380,삼익THK,14422,235,179741,,,,
20250311,004410,서울식품,1410,-10,40207,,,,
20250311,004415,서울식품우,12280,330,316,,,,
20250311,004430,송원산업,11960,-200,17279,,,,
20250311,004440,삼일씨엔에스,4110,-5,34875,,,,
20250311,004450,삼화왕관,30050,-400,2378,,,,
20250311,004490,세방전지,69000,-2400,68775,,,,
20250311,004540,깨끗한나라,2310,-5,74341,,,,
20250311,004545,깨끗한나라우,11830,-150,282,,,,
20250311,004560,현대비앤지스틸,13280,-320,58539,,,,
20250311,004690,삼천리,90600,-600,9516,,,,
20250311,004700,조광피혁,53100,100,997,,,,
20250311,004710,한솔테크닉스,3940,-59,56339,,,,
20250311,004720,팜젠사이언스,4155,-85,30120,,,,
20250311,004770,써니전자,2080,10,382113,,,,
20250311,004800,효성,47600,-100,17022,,,,
20250311,004830,덕성,6950,-100,803192,,,,
20250311,004835,덕성우,10560,0,52087,,,,
20250311,004840,DRB동일,4295,10,5412,,,,
20250311,004870,티웨이홀딩스,3348,19,120544,,,,
20250311,004890,동일산업,40200,-200,1385,,,,
20250311,004910,조광페인트,5720,-80,19643,,,,
20250311,004920,씨아이테크,1066,46,26833,,,,
20250311,004960,한신공영,6300,-40,33838,,,,
20250311,004970,신라교역,8550,-80,9968,,,,
20250311,004980,성신양회,7440,-20,38232,,,,
20250311,004985,성신양회우,11030,0,5602,,,,
20250311,004990,롯데지주,23200,-500,115921,,,,
20250311,00499K,롯데지주우,26350,-750,1143,,,,
20250311,005010,휴스틸,6300,0,1651068,,,,
20250311,005030,부산주공,486,0,0,,,,
20250311,005070,코스모신소재,48700,-1800,415132,,,,
20250311,005090,SGC에너지,22950,-100,15729,,,,
20250311,005110,한창,1254,0,0,,,,
20250311,005180,빙그레,91200,100,37948,,,,
20250311,005250,녹십자홀딩스,13750,-200,58540,,,,
20250311,005257,녹십자홀딩스2우,22500,0,221,,,,
20250311,005300,롯데칠성,107400,-600,17762,,,,
20250311,005305,롯데칠성우,65900,300,168,,,,
20250311,005320,온타이드,868,-20,61049,,,,
20250311,005360,모나미,2020,-25,44203,,,,
20250311,005380,현대차,195600,-1800,456616,,,,
20250311,005385,현대차우,146000,-500,41358,,,,
20250311,005387,현대차2우B,147900,-600,64310,,,,
20250311,005389,현대차3우B,145400,-600,6719,,,,
20250311,005420,코스모화학,18390,-640,118044,,,,
20250311,005430,한국공항,50600,-700,6325,,,,
20250311,005440,현대지에프홀딩스,5360,-60,176552,,,,
20250311,005490,POSCO홀딩스,296500,-14000,624586,,,,
20250311,005500,삼진제약,17870,-50,13564,,,,
20250311,005610,삼립,53300,-100,17751,,,,
20250311,005680,삼영전자,10000,-110,34764,,,,
20250311,005690,파미셀,11270,1000,5241549,,,,
20250311,005720,넥센,4545,-130,77422,,,,
20250311,005725,넥센우,3125,65,29,,,,
20250311,005740,크라운해태홀딩스,5310,-110,29423,,,,
20250311,005745,크라운해태홀딩스우,7730,20,1392,,,,
20250311,005750,대림바스,3995,-15,11957,,,,
20250311,005800,신영와코루,10180,-120,6220,,,,
20250311,005810,풍산홀딩스,28500,150,41172,,,,
20250311,005820,원림,13940,-380,2316,,,,
20250311,005830,DB손해보험,93600,0,190404,,,,
20250311,005850,에스엘,31850,-450,146920,,,,
20250311,005870,휴니드,8690,-40,280030,,,,
20250311,005880,대한해운,1754,-43,1635770,,,,
20250311,005930,삼성전자,53600,-100,17740891,,,,
20250311,005935,삼성전자우,45000,-500,1076628,,,,
20250311,005940,NH투자증권,14460,-150,501573,,,,
20250311,005945,NH투자증권우,13140,-130,129900,,,,
20250311,005950,이수화학,6230,-160,70274,,,,
20250311,005960,동부건설,3535,-70,23856,,,,
20250311,005965,동부건설우,18660,-290,574,,,,
20250311,006040,동원산업,35650,-350,16244,,,,
20250311,006060,화승인더,5190,-20,125177,,,,
20250311,006090,사조오양,8570,-230,15970,,,,
20250311,006110,삼아알미늄,29050,-1250,82388,,,,
20250311,006120,SK디스커버리,38150,-100,18703,,,,
20250311,006125,SK디스커버리우,32900,-50,4227,,,,
20250311,006200,한국전자홀딩스,3450,-70,9586,,,,
20250311,006220,제주은행,7670,-50,159689,,,,
20250311,006260,LS,102200,300,238053,,,,
20250311,006280,녹십자,125800,-2500,37097,,,,
20250311,006340,대원전선,2945,-65,1226256,,,,
20250311,006345,대원전선우,3895,-25,21804,,,,
20250311,006360,GS건설,17970,-640,433920,,,,
20250311,006370,대구백화점,9220,-170,26168,,,,
20250311,006380,카프로,3660,0,0,,,,
20250311,006400,삼성SDI,204617,-6854,487464,,,,
20250311,006405,삼성SDI우,131652,-964,6704,,,,
20250311,006490,프리티,7050,-965,593977,,,,
20250311,006570,대림통상,2410,-75,3336,,,,
20250311,006650,대한유화,98600,-2200,25250,,,,
20250311,006660,삼성공조,18800,-120,4814387,,,,
20250311,006740,블루산업개발,2294,-21,59455,,,,
20250311,006800,미래에셋증권,9090,-159,670655,,,,
20250311,006805,미래에셋증권우,4558,0,54228,,,,
20250311,00680K,미래에셋증권2우B,4119,-5,144796,,,,
20250311,006840,AK홀딩스,10360,-120,2930,,,,
20250311,006880,신송홀딩스,7380,-320,1658037,,,,
20250311,006890,태경케미컬,11780,-60,17832,,,,
20250311,006980,우성,14520,-110,894,,,,
20250311,007070,GS리테일,15010,-190,119847,,,,
20250311,007110,일신석재,1947,-27,940784,,,,
20250311,007120,미래아이앤지,795,-25,88665,,,,
20250311,007160,사조산업,34400,-500,6329,,,,
20250311,007210,벽산,2225,10,215075,,,,
20250311,007280,한국특강,3452,-110,39303,,,,
20250311,007310,오뚜기,398000,-6500,3876,,,,
20250311,007340,DN오토모티브,21250,-600,61199,,,,
20250311,007460,에이프로젠,738,-10,1551190,,,,
20250311,007540,샘표,41750,-850,11476,,,,
20250311,007570,일양약품,12015,-146,19888,,,,
20250311,007575,일양약품우,13708,377,179,,,,
20250311,007590,동방아그로,6010,-10,4668,,,,
20250311,007610,선도전기,3000,0,0,,,,
20250311,007660,이수페타시스,37400,1600,1415397,,,,
20250311,007690,국도화학,31450,-1100,20090,,,,
20250311,007700,F&F홀딩스,12910,-240,10269,,,,
20250311,007810,코리아써키트,11230,-250,102126,,,,
20250311,007815,코리아써우,5650,-70,215,,,,
20250311,00781K,코리아써키트2우B,5300,0,720,,,,
20250311,007860,서연,7180,-130,127200,,,,
20250311,007980,TP,1350,-27,93320,,,,
20250311,008040,사조동아원,1045,1,3041133,,,,
20250311,008060,대덕,7080,-40,73241,,,,
20250311,00806K,대덕1우,7380,-90,63,,,,
20250311,008250,이건산업,5150,-40,37255,,,,
20250311,008260,NI스틸,3460,-35,169517,,,,
20250311,008350,남선알미늄,1374,-21,331615,,,,
20250311,008355,남선알미우,14700,-140,107,,,,
20250311,008420,문배철강,2680,-40,517091,,,,
20250311,008490,서흥,15310,-50,11940,,,,
20250311,008600,윌비스,6784,-352,68051,,,,
20250311,008700,아남전자,1543,-48,475820,,,,
20250311,008730,율촌화학,26000,-1700,108393,,,,
20250311,008770,호텔신라,38900,-650,75978,,,,
20250311,008775,호텔신라우,32150,-500,8145,,,,
20250311,008870,금비,56500,700,794,,,,
20250311,008930,한미사이언스,27300,-600,112624,,,,
20250311,008970,KBI동양철관,1748,-100,13323392,,,,
20250311,009070,KCTC,3850,-70,62716,,,,
20250311,009140,경인전자,18670,-10,2359,,,,
20250311,009150,삼성전기,135800,2900,333978,,,,
20250311,009155,삼성전기우,60000,-100,19839,,,,
20250311,009160,SIMPAC,3805,0,42674,,,,
20250311,009180,한솔로지스틱스,2330,-45,104570,,,,
20250311,009190,대양금속,1365,-1,354548,,,,
20250311,009200,무림페이퍼,2035,-30,119616,,,,
20250311,009240,한샘,44250,-600,15704,,,,
20250311,009270,신원,1323,-13,569462,,,,
20250311,009290,광동제약,5680,10,63165,,,,
20250311,009310,참엔지니어링,1175,-405,340061,,,,
20250311,009320,아진전자부품,1034,-27,34974,,,,
20250311,009410,태영건설,2515,40,144157,,,,
20250311,009415,태영건설우,5240,10,4449,,,,
20250311,009420,한올바이오파마,34700,-800,229725,,,,
20250311,009440,KC그린홀딩스,774,4,12854,,,,
20250311,009450,경동나비엔,81300,1200,52159,,,,
20250311,009460,한창제지,3575,20,12532,,,,
20250311,009470,삼화전기,34800,-900,87276,,,,
20250311,009540,HD한국조선해양,217000,-16000,566459,,,,
20250311,009580,무림P&P,2815,-35,181296,,,,
20250311,009680,모토닉,9350,-140,113161,,,,
20250311,009770,삼정펄프,26350,-250,14169,,,,
20250311,009810,MDS스피어,3025,-30,18410,,,,
20250311,009830,한화솔루션,19006,-613,1796340,,,,
20250311,009835,한화솔루션우,16438,-280,5851,,,,
20250311,009900,명신산업,8760,-130,250190,,,,
20250311,009970,영원무역홀딩스,90000,-1000,15969,,,,
20250311,010040,한국내화,2195,-5,15581,,,,
20250311,010060,OCI홀딩스,79200,-4100,80188,,,,
20250311,010100,한국무브넥스,4460,-160,569316,,,,
20250311,010120,LS ELECTRIC,41000,-1800,3187925,,,,
20250311,010130,고려아연,845000,16000,125763,,,,
20250311,010140,삼성중공업,14220,-310,13593507,,,,
20250311,010400,우진아이엔에스,2925,-45,7908,,,,
20250311,010580,에스엠벡셀,1200,-17,69437,,,,
20250311,010640,진양폴리,5132,26,62224,,,,
20250311,010660,화천기계,3020,-35,126955,,,,
20250311,010690,화신,7420,-80,255050,,,,
20250311,010770,평화홀딩스,7170,-290,964470,,,,
20250311,010780,아이에스동서,16810,-150,59389,,,,
20250311,010820,퍼스텍,3765,-60,1299086,,,,
20250311,010950,S-Oil,60200,-2000,264237,,,,
20250311,010955,S-Oil우,38100,-500,41312,,,,
20250311,010960,삼호개발,3050,0,8871,,,,
20250311,011000,진원생명과학,10375,50,41464,,,,
20250311,011070,LG이노텍,171200,-1700,191187,,,,
20250311,011090,에넥스,2585,-20,13616,,,,
20250311,011150,CJ씨푸드,3020,10,188812,,,,
20250311,011155,CJ씨푸드1우,15610,-280,690,,,,
20250311,011170,롯데케미칼,74400,-2400,228543,,,,
20250311,011200,HMM,21250,-900,2997429,,,,
20250311,011210,현대위아,44150,-1000,108216,,,,
20250311,011230,삼화전자,3630,240,380798,,,,
20250311,011280,태림포장,2085,-40,263999,,,,
20250311,011300,우성머티리얼스,5210,-140,64921,,,,
20250311,011330,유니켐,13060,140,22722,,,,
20250311,011390,부산산업,71000,-500,6524,,,,
20250311,011420,갤럭시아에스엠,2040,10,364900,,,,
20250311,011500,한농화성,17600,-250,398026,,,,
20250311,011690,와이투솔루션,2330,-90,209459,,,,
20250311,011700,한신기계,3110,-40,89339,,,,
20250311,011760,현대코퍼레이션,25150,500,123815,,,,
20250311,011780,금호석유화학,115400,-2900,131699,,,,
20250311,011785,금호석유화학우,52900,-800,13603,,,,
20250311,011790,SKC,118244,1786,504029,,,,
20250311,011810,STX,4020,-45,85015,,,,
20250311,011930,신성이엔지,12080,-190,42372,,,,
20250311,012030,DB,1263,-15,197544,,,,
20250311,012160,영흥,1990,-10,3968,,,,
20250311,012170,아센디오,2085,481,1714028,,,,
20250311,012200,계양전기,1413,-1,15875,,,,
20250311,012205,계양전기우,3214,-92,1630,,,,
20250311,012280,영화금속,843,-12,29777,,,,
20250311,012320,경동인베스트,63700,-4300,28005,,,,
20250311,012330,현대모비스,248000,-10500,226218,,,,
20250311,012450,한화에어로스페이스,667630,-23633,415030,,,,
20250311,012610,경인양행,2875,-25,21520,,,,
20250311,012630,HDC,14490,100,202371,,,,
20250311,012690,모나리자,2835,-25,111933,,,,
20250311,012750,에스원,58800,-900,21485,,,,
20250311,012800,대창,1365,-26,705801,,,,
20250311,013000,세우글로벌,1208,-48,97651,,,,
20250311,013360,일성건설,3470,-145,1082768,,,,
20250311,013520,화승코퍼레이션,1657,27,103907,,,,
20250311,013570,디와이,3925,-25,67087,,,,
20250311,013580,계룡건설,13530,-220,19647,,,,
20250311,013700,까뮤이앤씨,1242,24,1172852,,,,
20250311,013870,지엠비코리아,3695,-15,7729,,,,
20250311,013890,지누스,17900,100,48238,,,,
20250311,014130,한익스프레스,3415,-35,10552,,,,
20250311,014160,대영포장,1416,-13,928048,,,,
20250311,014280,금강공업,4175,-45,99387,,,,
20250311,014285,금강공업우,6300,-50,0,,,,
20250311,014440,영보화학,4670,-30,60952,,,,
20250311,014530,극동유화,3360,-15,145507,,,,
20250311,014580,태경비케이,4455,-85,80789,,,,
20250311,014680,한솔케미칼,123200,-2100,130852,,,,
20250311,014710,사조씨푸드,5070,-130,47047,,,,
20250311,014790,HL D&I,2230,-50,88023,,,,
20250311,014820,동원시스템즈,35250,-1200,29029,,,,
20250311,014825,동원시스템즈우,17630,-40,297,,,,
20250311,014830,유니드,79100,-3900,55461,,,,
20250311,014910,성문전자,1117,11,36805,,,,
20250311,014915,성문전자우,4580,0,1,,,,
20250311,014990,인디에프,3735,-105,41270,,,,
20250311,015020,이스타코,3400,-234,790340,,,,
20250311,015230,대창단조,5410,-50,41198,,,,
20250311,015260,에이엔피,495,-6,27767,,,,
20250311,015360,INVENI,9660,-80,30235,,,,
20250311,015590,DKME,2575,0,0,,,,
20250311,015760,한국전력,22250,-450,1443824,,,,
20250311,015860,일진홀딩스,3620,-45,67097,,,,
20250311,015890,태경산업,4745,-60,48404,,,,
20250311,016090,대현,2260,-10,52982,,,,
20250311,016360,삼성증권,44550,-1100,301849,,,,
20250311,016380,KG스틸,6770,-110,263266,,,,
20250311,016450,한세예스24홀딩스,4035,0,26170,,,,
20250311,016580,환인제약,11460,-40,13498,,,,
20250311,016590,신대양제지,6220,70,27636,,,,
20250311,016610,DB증권,5920,130,179323,,,,
20250311,016710,대성홀딩스,7020,-80,7275,,,,
20250311,016740,두올,3160,-10,37039,,,,
20250311,016800,퍼시스,43050,-400,894,,,,
20250311,016880,웅진,842,-25,483458,,,,
20250311,017040,광명전기,1388,-21,132723,,,,
20250311,017180,명문제약,1616,-28,37079,,,,
20250311,017370,우신시스템,5850,-130,31862,,,,
20250311,017390,서울가스,49350,-150,1649,,,,
20250311,017550,수산세보틱스,1987,-10,67632,,,,
20250311,017670,SK텔레콤,55600,500,450300,,,,
20250311,017800,현대엘리베이터,53200,-1200,79173,,,,
20250311,017810,풀무원,17460,230,201783,,,,
20250311,017860,DS단석,25946,-990,279121,,,,
20250311,017900,광전자,1766,-21,18183,,,,
20250311,017940,E1,59900,-1100,12092,,,,
20250311,017960,한국카본,15360,-390,545095,,,,
20250311,018250,애경산업,14140,20,48687,,,,
20250311,018260,삼성에스디에스,118500,-1100,106466,,,,
20250311,018470,조일알미늄,1625,-15,550581,,,,
20250311,018500,동원모빌리티,1765,-89,836983,,,,
20250311,018670,SK가스,237500,-1500,12873,,,,
20250311,018880,한온시스템,3797,-134,1478056,,,,
20250311,019170,신풍제약,8200,-40,188075,,,,
20250311,019175,신풍제약우,12570,-430,2947,,,,
20250311,019180,티에이치엔,3045,-60,118217,,,,
20250311,019490,엑시큐어하이트론,711,22,1787092,,,,
20250311,019680,대교,2140,35,30528,,,,
20250311,019685,대교우B,1240,-4,1187,,,,
20250311,020000,한섬,15920,-270,36619,,,,
20250311,020120,키다리스튜디오,3640,15,85914,,,,
20250311,020150,롯데에너지머티리얼즈,27050,-900,113778,,,,
20250311,020560,아시아나항공,10630,-250,133828,,,,
20250311,020760,일진디스플,865,-14,61489,,,,
20250311,021050,서원,1275,-22,187564,,,,
20250311,021240,코웨이,79800,-600,133046,,,,
20250311,021820,세원정공,7780,-50,13110,,,,
20250311,022100,포스코DX,26200,600,5603830,,,,
20250311,023000,삼원강재,2340,0,4140,,,,
20250311,023150,MH에탄올,4990,-20,10953,,,,
20250311,023350,한국종합기술,5200,-100,55901,,,,
20250311,023450,동남합성,34000,-200,891,,,,
20250311,023530,롯데쇼핑,67500,-400,65703,,,,
20250311,023590,다우기술,21900,250,119791,,,,
20250311,023800,인지컨트롤스,5720,-120,30871,,,,
20250311,023810,인팩,5720,-100,14120,,,,
20250311,023960,에쓰씨엔지니어링,1285,-20,84542,,,,
20250311,024070,WISCOM,1830,26,21887,,,,
20250311,024090,디씨엠,11400,-200,6545,,,,
20250311,024110,기업은행,15530,-120,1192851,,,,
20250311,024720,콜마홀딩스,6990,-20,25971,,,,
20250311,024890,대원화성,4805,-45,16573,,,,
20250311,024900,디와이덕양,2705,-85,127378,,,,
20250311,025000,KPX케미칼,41834,-331,19788,,,,
20250311,025530,SJM홀딩스,3065,-10,3935,,,,
20250311,025540,한국단자,67100,-1000,39520,,,,
20250311,025560,미래산업,2697,-7,135090,,,,
20250311,025620,차AI헬스케어,3700,-95,7855,,,,
20250311,025750,한솔홈데코,4150,-60,102727,,,,
20250311,025820,이구산업,4620,-175,650050,,,,
20250311,025860,남해화학,6350,-150,88193,,,,
20250311,025890,한국주강,1747,-6,8651,,,,
20250311,026890,스틱인베스트먼트,7160,-60,88365,,,,
20250311,026940,부국철강,2480,-55,60878,,,,
20250311,026960,동서,25350,-300,74085,,,,
20250311,027410,BGF,3365,-80,129424,,,,
20250311,027740,마니커,1722,16,153946,,,,
20250311,027970,한국제지,4025,-25,15846,,,,
20250311,028050,삼성E&A,18350,280,2156573,,,,
20250311,028100,동아지질,13620,-140,22938,,,,
20250311,028260,삼성물산,119200,-3000,203070,,,,
20250311,02826K,삼성물산우B,88000,-1000,3413,,,,
20250311,028670,팬오션,3935,-30,2057998,,,,
20250311,029460,케이씨,18450,-250,7670,,,,
20250311,029530,신도리코,38300,-300,18907,,,,
20250311,029780,삼성카드,42700,-600,47394,,,,
20250311,030000,제일기획,17420,-80,296437,,,,
20250311,030190,NICE평가정보,12500,-210,87223,,,,
20250311,030200,KT,47550,-700,348493,,,,
20250311,030210,다올투자증권,3085,-25,73004,,,,
20250311,030610,교보증권,6660,-90,111639,,,,
20250311,030720,동원수산,4990,-5,2507,,,,
20250311,031430,신세계인터내셔날,10230,-190,77535,,,,
20250311,031820,아이티센씨티에스,5980,-70,23711,,,,
20250311,032350,롯데관광개발,7890,-60,304052,,,,
20250311,032560,황금에스티,5130,40,8431,,,,
20250311,032640,LG유플러스,10450,-80,646973,,,,
20250311,032830,삼성생명,83100,-1700,274168,,,,
20250311,033240,자화전자,13100,-10,93795,,,,
20250311,033250,체시스,5595,-245,77556,,,,
20250311,033270,유나이티드제약,19080,-270,35139,,,,
20250311,033530,SJG세종,4230,-65,37170,,,,
20250311,033780,KT&G,96000,-1700,178155,,,,
20250311,033920,무학,6550,-10,48484,,,,
20250311,034020,두산에너빌리티,25550,-700,8281822,,,,
20250311,034120,SBS,21400,150,59145,,,,
20250311,034220,LG디스플레이,9110,-10,1051273,,,,
20250311,034230,파라다이스,11060,80,212639,,,,
20250311,034310,NICE,11550,30,26836,,,,
20250311,034590,인천도시가스,24650,200,15488,,,,
20250311,034730,SK,137000,-3200,118290,,,,
20250311,03473K,SK우,122300,-1500,845,,,,
20250311,034830,한국토지신탁,1004,-12,179857,,,,
20250311,035000,HS애드,7270,-70,34312,,,,
20250311,035150,백산,14910,-100,40964,,,,
20250311,035250,강원랜드,16790,-180,617183,,,,
20250311,035420,NAVER,212500,-2500,586599,,,,
20250311,035510,신세계 I&C,12740,40,148351,,,,
20250311,035720,카카오,44100,-1300,2486551,,,,
20250311,036420,콘텐트리중앙,8600,-280,71289,,,,
20250311,036460,한국가스공사,36850,-1700,1016827,,,,
20250311,036530,SNT홀딩스,31050,-400,24264,,,,
20250311,036570,NC,159300,-3300,70825,,,,
20250311,036580,팜스코,2100,-40,19189,,,,
20250311,037270,YG PLUS,5040,-120,1350926,,,,
20250311,037560,LG헬로비전,2365,-20,92239,,,,
20250311,037710,광주신세계,29950,-350,26136,,,,
20250311,039130,하나투어,56100,-600,94808,,,,
20250311,039490,키움증권,119000,-200,79206,,,,
20250311,039570,HDC랩스,8860,60,14678,,,,
20250311,041650,상신브레이크,2950,-5,17965,,,,
20250311,042660,한화오션,78000,-1800,26261988,,,,
20250311,042700,한미반도체,86100,-1300,664444,,,,
20250311,044380,주연테크,1700,-45,17612,,,,
20250311,044450,KSS해운,8830,-170,77467,,,,
20250311,044820,코스맥스비티아이,9470,-270,4795,,,,
20250311,047040,대우건설,3435,-120,681620,,,,
20250311,047050,포스코인터내셔널,58800,-2000,4165360,,,,
20250311,047400,유니온머티리얼,2160,-25,104830,,,,
20250311,047810,한국항공우주,85000,1200,2090585,,,,
20250311,049800,우진플라임,2035,15,6731,,,,
20250311,051600,한전KPS,40850,-900,158578,,,,
20250311,051630,진양화학,4050,20,110140,,,,
20250311,051900,LG생활건강,323000,4000,68787,,,,
20250311,051905,LG생활건강우,125600,-700,15587,,,,
20250311,051910,LG화학,238000,-9000,247839,,,,
20250311,051915,LG화학우,112500,-4000,71434,,,,
20250311,052690,한전기술,62800,-2700,152743,,,,
20250311,053210,스카이라이프,4430,-50,22311,,,,
20250311,053690,한미글로벌,16690,-160,81978,,,,
20250311,055490,테이팩스,13910,-300,9087,,,,
20250311,055550,신한지주,45000,-600,1316172,,,,
20250311,058430,포스코스틸리온,4480,-160,6753950,,,,
20250311,058650,세아홀딩스,95500,-1000,48,,,,
20250311,058730,다스코,3065,-50,40252,,,,
20250311,058850,KTcs,2705,-75,282081,,,,
20250311,058860,KTis,2605,-35,148527,,,,
20250311,060980,HL홀딩스,36800,-250,7943,,,,
20250311,062040,산일전기,61000,-300,340394,,,,
20250311,063160,종근당바이오,20150,-250,12099,,,,
20250311,064350,현대로템,92200,-100,1264062,,,,
20250311,064400,LG씨엔에스,50700,200,526969,,,,
20250311,064960,SNT모티브,24350,-750,33110,,,,
20250311,066570,LG전자,81800,3300,1312797,,,,
20250311,066575,LG전자우,38800,700,64370,,,,
20250311,066970,엘앤에프,79800,4700,650665,,,,
20250311,067830,세이브존I&C,2185,-40,31473,,,,
20250311,068270,셀트리온,168379,184,501928,,,,
20250311,068290,삼성출판사,14830,10,8050,,,,
20250311,069260,TKG휴켐스,16030,-180,45998,,,,
20250311,069460,대호에이엘,6360,-95,18814,,,,
20250311,069620,대웅제약,120900,-2500,21444,,,,
20250311,069640,한세엠케이,2012,-4,54778,,,,
20250311,069730,DSR제강,3525,-100,66836,,,,
20250311,069960,현대백화점,60200,600,77845,,,,
20250311,070960,모나용평,3940,-80,153686,,,,
20250311,071050,한국금융지주,73800,-700,107772,,,,
20250311,071055,한국금융지주우,53800,-900,36424,,,,
20250311,071090,하이스틸,4110,-240,887027,,,,
20250311,071320,지역난방공사,50100,-900,22168,,,,
20250311,071840,롯데하이마트,7690,-20,24187,,,,
20250311,071950,코아스,10100,990,164452,,,,
20250311,071970,HD현대마린엔진,29400,-350,2068205,,,,
20250311,072130,유엔젤,5820,-60,298387,,,,
20250311,072710,농심홀딩스,65500,200,5005,,,,
20250311,073240,금호타이어,4885,-80,367315,,,,
20250311,074610,이엔플러스,7850,400,105553,,,,
20250311,075180,새론오토모티브,3495,0,10647,,,,
20250311,075580,세진중공업,7860,-140,593006,,,,
20250311,077500,유니퀘스트,6080,-190,92129,,,,
20250311,077970,STX엔진,26150,-1100,455103,,,,
20250311,078000,텔코웨어,9000,-40,2140,,,,
20250311,078520,에이블씨엔씨,7090,-60,46393,,,,
20250311,078930,GS,36500,-750,365731,,,,
20250311,078935,GS우,36300,0,6178,,,,
20250311,079160,CJ CGV,4990,-40,304638,,,,
20250311,079430,현대리바트,7350,-120,36707,,,,
20250311,079550,LIG디펜스앤에어로스페이스,309000,-7000,291104,,,,
20250311,079900,전진건설로봇,57000,-900,688912,,,,
20250311,079980,휴비스,2645,60,150677,,,,
20250311,081000,일진다이아,11550,-80,9014,,,,
20250311,081660,미스토홀딩스,37250,450,83633,,,,
20250311,082640,동양생명,4995,-165,308762,,,,
20250311,082740,한화엔진,25000,-700,2983482,,,,
20250311,083420,그린케미칼,6360,-110,67673,,,,
20250311,084010,대한제강,10422,-180,76098,,,,
20250311,084670,동양고속,7190,-90,1803,,,,
20250311,084680,이월드,1335,-27,142528,,,,
20250311,084690,대상홀딩스,11230,-80,439667,,,,
20250311,084695,대상홀딩스우,21450,-550,21092,,,,
20250311,084870,TBH글로벌,1123,-6,99916,,,,
20250311,085310,엔케이,9210,-20,28107,,,,
20250311,085620,미래에셋생명,4470,-25,23306,,,,
20250311,086280,현대글로비스,123300,-4000,165446,,,,
20250311,086790,하나금융지주,58800,-500,638980,,,,
20250311,088260,이리츠코크렙,4280,-45,19565,,,,
20250311,088350,한화생명,2555,-85,1414990,,,,
20250311,088790,진도,1813,-3,5073,,,,
20250311,088980,맥쿼리인프라,11150,-130,880996,,,,
20250311,089470,HDC현대EP,3540,-15,15133,,,,
20250311,089590,제주항공,7030,-60,190015,,,,
20250311,089860,롯데렌탈,29100,300,63042,,,,
20250311,090080,평화산업,1249,18,913674,,,,
20250311,090350,노루페인트,7550,-120,43993,,,,
20250311,090355,노루페인트우,12170,70,152,,,,
20250311,090370,메타랩스,1384,1,34269,,,,
20250311,090430,아모레퍼시픽,112800,-1600,235907,,,,
20250311,090435,아모레퍼시픽우,34850,-150,26710,,,,
20250311,090460,비에이치,14890,-150,223374,,,,
20250311,091810,트리니티항공,2314,-34,659807,,,,
20250311,092200,디아이씨,4495,-65,230050,,,,
20250311,092220,KEC,3880,-75,108930,,,,
20250311,092230,KPX홀딩스,55100,-600,2293,,,,
20250311,092440,기신정기,2415,15,17743,,,,
20250311,092780,DYP,4570,-10,9813,,,,
20250311,092790,넥스틸,17020,640,1220739,,,,
20250311,093050,LF,15180,-320,78620,,,,
20250311,093240,형지엘리트,1841,-70,1187199,,,,
20250311,093370,후성,4445,-115,443820,,,,
20250311,094280,효성ITX,11840,-20,3405,,,,
20250311,094800,맵스리얼티,4220,-30,12051,,,,
20250311,095570,AJ네트웍스,3920,-20,89905,,,,
20250311,095720,웅진씽크빅,3096,-20,38191,,,,
20250311,096760,JW홀딩스,3020,-50,125459,,,,
20250311,096770,SK이노베이션,134400,-1300,373162,,,,
20250311,096775,SK이노베이션우,80900,-400,4109,,,,
20250311,097230,HJ중공업,8550,-300,2298198,,,,
20250311,097520,엠씨넥스,24400,150,197144,,,,
20250311,097950,CJ제일제당,257000,-2000,86665,,,,
20250311,097955,CJ제일제당 우,132800,100,2504,,,,
20250311,100090,SK오션플랜트,15190,-150,164682,,,,
20250311,100220,비상교육,4835,-85,42173,,,,
20250311,100250,진양홀딩스,2910,-5,49625,,,,
20250311,100840,SNT에너지,34150,-1200,352401,,,,
20250311,101140,인바이오젠,7240,60,11379,,,,
20250311,101530,해태제과식품,6340,10,45022,,,,
20250311,102260,동성케미컬,3770,-20,38809,,,,
20250311,102460,이연제약,11730,-90,23817,,,,
20250311,103140,풍산,65400,-800,425616,,,,
20250311,103590,일진전기,27000,-450,424273,,,,
20250311,104700,한국철강,8100,-130,34963,,,,
20250311,105560,KB금융,77400,-1100,1259132,,,,
20250311,105630,한세실업,12370,50,76965,,,,
20250311,105840,우진,7690,-120,148600,,,,
20250311,107590,미원홀딩스,72900,-400,417,,,,
20250311,108320,LX세미콘,57800,-2700,60323,,,,
20250311,108670,LX하우시스,30550,-400,18233,,,,
20250311,108675,LX하우시스우,17950,-250,1359,,,,
20250311,109070,주성코퍼레이션,1185,0,0,,,,
20250311,111110,호전실업,7820,190,25503,,,,
20250311,111380,동인기연,15310,-280,4192,,,,
20250311,111770,영원무역,46650,-150,97563,,,,
20250311,112610,씨에스윈드,36000,-1000,204156,,,,
20250311,114090,GKL,11080,-130,144268,,,,
20250311,117580,대성에너지,7920,-60,60526,,,,
20250311,118000,메타케어,2950,-60,30216,,,,
20250311,119650,KC코트렐,950,-8,58545,,,,
20250311,120030,조선선재,99700,-2500,2569,,,,
20250311,120110,코오롱인더,32400,-1050,115618,,,,
20250311,120115,코오롱인더우,19620,-110,3330,,,,
20250311,122900,아이마켓코리아,7870,-30,19322,,,,
20250311,123690,한국화장품,6710,50,59361,,,,
20250311,123700,SJM,2920,0,11406,,,,
20250311,123890,한국자산신탁,2525,-10,147210,,,,
20250311,126560,현대퓨처넷,3385,-30,71714,,,,
20250311,126720,수산인더스트리,20250,-250,40135,,,,
20250311,128820,대성산업,3417,-20,79814,,,,
20250311,128940,한미약품,244000,-5500,62486,,,,
20250311,129260,인터지스,2520,-20,121876,,,,
20250311,130660,한전산업,10700,-260,147319,,,,
20250311,133820,화인베스틸,1121,-26,64512,,,,
20250311,134380,미원화학,7870,60,400,,,,
20250311,134790,시디즈,24200,0,1799,,,,
20250311,136490,선진,5770,-50,94379,,,,
20250311,137310,에스디바이오센서,9910,-220,92323,,,,
20250311,138040,메리츠금융지주,118100,-1600,233002,,,,
20250311,138930,BNK금융지주,10350,10,854181,,,,
20250311,139130,iM금융지주,8730,-180,415128,,,,
20250311,139480,이마트,83600,-1000,243864,,,,
20250311,139990,아주스틸,4240,-125,26158,,,,
20250311,143210,핸즈코퍼레이션,1900,-5,2658,,,,
20250311,145210,다이나믹디자인,7870,-1070,66224,,,,
20250311,145270,케이탑리츠,987,11,369024,,,,
20250311,145720,덴티움,60700,-1600,46031,,,,
20250311,145990,삼양사,45200,-250,11977,,,,
20250311,145995,삼양사우,29300,50,200,,,,
20250311,155660,DSR,3970,-40,12966,,,,
20250311,161000,애경케미칼,7280,-220,347670,,,,
20250311,161390,한국타이어앤테크놀로지,38800,-550,337116,,,,
20250311,161890,한국콜마,61500,-400,230850,,,,
20250311,163560,동일고무벨트,7570,-60,42536,,,,
20250311,170900,동아에스티,43407,-607,21107,,,,
20250311,175330,JB금융지주,16580,-80,313509,,,,
20250311,178920,PI첨단소재,18750,-150,74273,,,,
20250311,180640,한진칼,81900,900,55604,,,,
20250311,18064K,한진칼우,23550,250,77,,,,
20250311,181710,NHN,18840,-550,67596,,,,
20250311,183190,아세아시멘트,10340,-20,51760,,,,
20250311,185750,종근당,77800,-1200,37307,,,,
20250311,192080,더블유게임즈,45950,-1050,69401,,,,
20250311,192400,쿠쿠홀딩스,22200,-600,16346,,,,
20250311,192650,드림텍,7100,-50,151361,,,,
20250311,192820,코스맥스,174500,2500,157133,,,,
20250311,194370,제이에스코퍼레이션,8400,200,309504,,,,
20250311,195870,해성디에스,27450,-1000,95917,,,,
20250311,200880,서연이화,12630,-280,121229,,,,
20250311,204320,HL만도,42100,-150,164590,,,,
20250311,207940,삼성바이오로직스,1571823,-22076,31580,,,,
20250311,210540,디와이파워,12620,-100,42657,,,,
20250311,210980,SK디앤디,8320,90,53189,,,,
20250311,213500,한솔제지,8910,-60,53000,,,,
20250311,214320,이노션,18400,-20,86364,,,,
20250311,214330,금호에이치티,16320,-164,13057,,,,
20250311,214390,경보제약,6440,220,28499,,,,
20250311,214420,토니모리,8130,-150,1065829,,,,
20250311,226320,잇츠한불,11150,-230,33070,,,,
20250311,227840,현대코퍼레이션홀딩스,10380,-150,23993,,,,
20250311,229640,LS에코에너지,34950,-450,128024,,,,
20250311,234080,JW생명과학,10490,-60,22932,,,,
20250311,241560,두산밥캣,50300,300,251225,,,,
20250311,241590,화승엔터프라이즈,8450,-330,426039,,,,
20250311,244920,에이플러스에셋,4000,5,74759,,,,
20250311,248070,솔루엠,17090,80,71805,,,,
20250311,248170,샘표식품,26650,-300,39448,,,,
20250311,249420,일동제약,11070,-160,36699,,,,
20250311,251270,넷마블,40100,-1050,189695,,,,
20250311,259960,크래프톤,346000,-4500,132761,,,,
20250311,264900,크라운제과,8030,-70,6569,,,,
20250311,26490K,크라운제과우,9380,10,1401,,,,
20250311,267250,HD현대,73800,-2600,181722,,,,
20250311,267260,HD현대일렉트릭,330000,-12000,249493,,,,
20250311,267270,HD건설기계,76900,100,226204,,,,
20250311,267290,경동도시가스,17460,-100,6067,,,,
20250311,267850,아시아나IDT,11200,-70,15625,,,,
20250311,268280,미원에스씨,147000,2100,1554,,,,
20250311,271560,오리온,109200,1600,118327,,,,
20250311,271940,일진하이솔루스,14360,-270,60820,,,,
20250311,271980,제일약품,10550,-110,3926,,,,
20250311,272210,한화시스템,38000,-1650,8404554,,,,
20250311,272450,진에어,9800,-220,162558,,,,
20250311,272550,삼양패키징,14180,-150,10716,,,,
20250311,278470,에이피알,65800,500,1164741,,,,
20250311,280360,롯데웰푸드,116200,-1900,12532,,,,
20250311,281820,케이씨텍,33350,-200,52308,,,,
20250311,282330,BGF리테일,104700,1100,58614,,,,
20250311,284740,쿠쿠홈시스,21150,-300,25594,,,,
20250311,285130,SK케미칼,41800,-1500,28505,,,,
20250311,28513K,SK케미칼우,20050,70,1731,,,,
20250311,286940,롯데이노베이트,19700,-250,24884,,,,
20250311,293480,하나제약,10280,-120,15930,,,,
20250311,293940,신한알파리츠,5960,-70,125004,,,,
20250311,294870,IPARK현대산업개발,20950,-350,539232,,,,
20250311,298000,효성화학,77800,0,0,,,,
20250311,298020,효성티앤씨,236500,-10000,16168,,,,
20250311,298040,효성중공업,423000,500,69368,,,,
20250311,298050,HS효성첨단소재,185100,-4600,11396,,,,
20250311,298690,에어부산,2200,-45,195506,,,,
20250311,300720,한일시멘트,16350,180,122858,,,,
20250311,302440,SK바이오사이언스,40650,-950,203937,,,,
20250311,306200,세아제강,193500,-1600,44581,,,,
20250311,307950,현대오토에버,129600,-700,38972,,,,
20250311,308170,씨티알모빌리티,5630,-70,5044,,,,
20250311,316140,우리금융지주,15980,-130,1545311,,,,
20250311,317400,자이에스앤디,3255,-30,27117,,,,
20250311,322000,HD현대에너지솔루션,25650,-550,76068,,,,
20250311,323410,카카오뱅크,22550,-550,387227,,,,
20250311,326030,SK바이오팜,105100,-2200,156340,,,,
20250311,329180,HD현대중공업,297500,-11000,347863,,,,
20250311,330590,롯데리츠,3450,-60,260971,,,,
20250311,334890,이지스밸류플러스리츠,4302,-78,103658,,,,
20250311,336260,두산퓨얼셀,15790,-200,225421,,,,
20250311,33626K,두산퓨얼셀1우,4600,-40,5978,,,,
20250311,33626L,두산퓨얼셀2우B,7670,-100,605,,,,
20250311,336370,솔루스첨단소재,9240,-260,102753,,,,
20250311,33637K,솔루스첨단소재1우,1979,-21,26794,,,,
20250311,33637L,솔루스첨단소재2우B,4050,20,8151,,,,
20250311,338100,NH프라임리츠,4520,-10,26939,,,,
20250311,339770,교촌에프앤비,5770,-40,104023,,,,
20250311,344820,KCC글라스,31600,50,25398,,,,
20250311,348950,제이알글로벌리츠,2620,-55,486686,,,,
20250311,350520,이지스레지던스리츠,4130,-20,30370,,,,
20250311,352820,하이브,237000,-2000,167065,,,,
20250311,353200,대덕전자,16810,-440,368905,,,,
20250311,35320K,대덕전자1우,8000,10,4445,,,,
20250311,357120,코람코라이프인프라리츠,4455,-30,56033,,,,
20250311,357250,미래에셋맵스리츠,2675,-25,33551,,,,
20250311,357430,마스턴프리미어리츠,1507,-5,22072,,,,
20250311,361610,SK아이이테크놀로지,26300,-950,138785,,,,
20250311,363280,티와이홀딩스,2340,-30,44623,,,,
20250311,36328K,티와이홀딩스우,3870,25,1057,,,,
20250311,365550,ESR켄달스퀘어리츠,4808,-89,115280,,,,
20250311,372910,한컴라이프케어,3365,-85,125976,,,,
20250311,373220,LG에너지솔루션,341000,-8500,150783,,,,
20250311,375500,DL이앤씨,44450,-450,245282,,,,
20250311,37550K,DL이앤씨우,17200,-270,3138,,,,
20250311,37550L,DL이앤씨2우(전환),27150,250,1852,,,,
20250311,377190,디앤디플랫폼리츠,3250,-35,83260,,,,
20250311,377300,카카오페이,30800,-950,244892,,,,
20250311,377740,바이오노트,4800,-35,84695,,,,
20250311,378850,화승알앤에이,3165,-15,58114,,,,
20250311,381970,케이카,12690,-10,76103,,,,
20250311,383220,F&F,71000,-500,61300,,,,
20250311,383800,LX홀딩스,6550,-70,120493,,,,
20250311,38380K,LX홀딩스1우,8020,20,1160,,,,
20250311,395400,SK리츠,5010,-80,347161,,,,
20250311,396690,미래에셋글로벌리츠,2785,-35,73801,,,,
20250311,400760,NH올원리츠,3551,-5,42010,,,,
20250311,402340,SK스퀘어,87700,-1500,285069,,,,
20250311,403550,쏘카,14310,-480,8647,,,,
20250311,404990,신한서부티엔디리츠,3095,-10,123590,,,,
20250311,415640,KB발해인프라,7240,80,41926,,,,
20250311,417310,코람코더원리츠,4940,-20,27075,,,,
20250311,432320,KB스타리츠,3735,-60,48127,,,,
20250311,443060,HD현대마린솔루션,138300,-6700,151921,,,,
20250311,446070,유니드비티플러스,3870,160,180835,,,,
20250311,448730,삼성FN리츠,4635,-30,22726,,,,
20250311,450080,에코프로머티,74300,-1800,559456,,,,
20250311,451800,한화리츠,3735,10,267987,,,,
20250311,452260,한화갤러리아,1229,-13,333862,,,,
20250311,45226K,한화갤러리아우,2480,25,1616,,,,
20250311,453340,현대그린푸드,13750,-170,40872,,,,
20250311,454910,두산로보틱스,62700,0,242847,,,,
20250311,456040,OCI,58400,-1700,51583,,,,
20250311,457190,이수스페셜티케미컬,50600,-1600,721390,,,,
20250311,460850,동국씨엠,6940,-30,86065,,,,
20250311,460860,동국제강,9440,-110,168438,,,,
20250311,462520,조선내화,14410,0,6192,,,,
20250311,462870,시프트업,54500,-2700,332943,,,,
20250311,465770,STX그린로지스,8510,-370,91165,,,,
20250311,475150,SK이터닉스,14500,100,251739,,,,
20250311,475560,더본코리아,28500,-700,75811,,,,
20250311,481850,신한글로벌액티브리츠,1558,-25,69745,,,,
20250311,484870,엠앤씨솔루션,28700,700,546921,,,,
20250311,487570,HS효성,30250,-300,7529,,,,
20250311,489790,한화비전,49350,1000,1662138,,,,
20250311,499790,GS피앤엘,19330,-670,61917,,,,
20250311,900140,엘브이엠씨홀딩스,1685,-44,269635,,,,
20250311,950210,프레스티지바이오파마,13330,70,46301,,,,
20250312,000020,동화약품,6220,20,25168,,,,
20250312,000040,KR모터스,1975,-5,21658,,,,
20250312,000050,경방,6540,0,2838,,,,
20250312,000070,삼양홀딩스,40104,-67,11552,,,,
20250312,000080,하이트진로,19050,0,69756,,,,
20250312,000087,하이트진로2우B,15170,40,112,,,,
20250312,000100,유한양행,118800,-1100,453638,,,,
20250312,000105,유한양행우,105600,-400,2835,,,,
20250312,000120,CJ대한통운,92800,-1300,35929,,,,
20250312,000140,하이트진로홀딩스,8550,-50,25347,,,,
20250312,000145,하이트진로홀딩스우,10190,-30,833,,,,
20250312,000150,두산,342000,18000,239362,,,,
20250312,000155,두산우,153200,1600,15652,,,,
20250312,000157,두산2우B,138000,1500,1672,,,,
20250312,000180,성창기업지주,6500,-55,6821,,,,
20250312,000210,DL,36500,1000,74399,,,,
20250312,000215,DL우,19510,-140,2549,,,,
20250312,000220,유유제약,4545,30,40220,,,,
20250312,000225,유유제약1우,4830,-15,4533,,,,
20250312,000227,유유제약2우B,9590,-40,526,,,,
20250312,000230,일동홀딩스,6120,50,9855,,,,
20250312,000240,한국앤컴퍼니,16080,90,41339,,,,
20250312,000270,기아,99100,700,1144714,,,,
20250312,000300,DH오토넥스,4200,0,0,,,,
20250312,000320,노루홀딩스,13960,-90,7171,,,,
20250312,000325,노루홀딩스우,27750,-100,419,,,,
20250312,000370,한화손해보험,4275,290,1475418,,,,
20250312,000390,SP삼화,6290,40,17048,,,,
20250312,000400,롯데손해보험,1866,68,267608,,,,
20250312,000430,대원강업,3715,-10,25414,,,,
20250312,000480,CR홀딩스,5370,10,11503,,,,
20250312,000490,대동,12190,360,715114,,,,
20250312,000500,가온전선,26144,-1306,226644,,,,
20250312,000520,삼일제약,12000,-40,94616,,,,
20250312,000540,흥국화재,3350,105,101665,,,,
20250312,000545,흥국화재우,4935,210,27302,,,,
20250312,000590,CS홀딩스,71900,-1200,223,,,,
20250312,000640,동아쏘시오홀딩스,95761,283,10686,,,,
20250312,000650,천일고속,38050,-450,133,,,,
20250312,000660,SK하이닉스,198900,11100,4064278,,,,
20250312,000670,영풍,47524,-146,84040,,,,
20250312,000680,LS네트웍스,3950,-30,444979,,,,
20250312,000700,유수홀딩스,5480,10,9363,,,,
20250312,000720,현대건설,33700,-300,1013232,,,,
20250312,000725,현대건설우,49850,550,3236,,,,
20250312,000760,이화산업,10200,0,531,,,,
20250312,000810,삼성화재,394500,3000,82752,,,,
20250312,000815,삼성화재우,292500,500,7942,,,,
20250312,000850,화천기공,28400,-50,770,,,,
20250312,000860,강남제비스코,12205,-125,8854,,,,
20250312,000880,한화,54861,-6363,2377811,,,,
20250312,00088K,한화3우B,19250,-1289,169292,,,,
20250312,000890,보해양조,2175,30,39664,,,,
20250312,000910,유니온,5530,10,448755,,,,
20250312,000950,전방,19480,70,263,,,,
20250312,000970,한국주철관,6210,-20,19935,,,,
20250312,000990,DB하이텍,45350,1350,284634,,,,
20250312,001020,페이퍼코리아,3500,55,20330,,,,
20250312,001040,CJ,105300,-600,68852,,,,
20250312,001045,CJ우,62000,1300,5458,,,,
20250312,00104K,CJ4우(전환),86800,400,8484,,,,
20250312,001060,JW중외제약,22050,50,48590,,,,
20250312,001065,JW중외제약우,28100,-250,128,,,,
20250312,001067,JW중외제약2우B,60300,-200,4,,,,
20250312,001070,대한방직,5350,-20,807,,,,
20250312,001080,만호제강,2600,-20,11930,,,,
20250312,001120,LX인터내셔널,25750,-250,238318,,,,
20250312,001130,대한제분,12920,50,21320,,,,
20250312,001200,유진투자증권,2605,15,420318,,,,
20250312,001210,금호전기,3425,0,8000,,,,
20250312,001230,동국홀딩스,1705,11,74966,,,,
20250312,001250,GS글로벌,2605,-45,497671,,,,
20250312,001260,남광토건,8330,60,15975,,,,
20250312,001270,부국증권,27000,200,284,,,,
20250312,001275,부국증권우,21850,-150,147,,,,
20250312,001290,상상인증권,412,3,153343,,,,
20250312,001340,PKC,6810,100,100591,,,,
20250312,001360,삼성제약,1573,-29,192847,,,,
20250312,001380,SG글로벌,6000,50,225975,,,,
20250312,001390,KG케미칼,3900,-40,119682,,,,
20250312,001420,태원물산,3530,-25,2136,,,,
20250312,001430,세아베스틸지주,20800,300,63062,,,,
20250312,001440,대한전선,11940,150,740796,,,,
20250312,001450,현대해상,24750,2450,1226862,,,,
20250312,001460,BYC,26500,-300,1543,,,,
20250312,001465,BYC우,12480,-30,1854,,,,
20250312,001470,삼부토건,484,-16,13804085,,,,
20250312,001500,현대차증권,6200,-50,78921,,,,
20250312,001510,SK증권,933,3,154925,,,,
20250312,001515,SK증권우,3454,38,3209,,,,
20250312,001520,동양,1242,0,193512,,,,
20250312,001525,동양우,8300,-200,90,,,,
20250312,001527,동양2우B,16700,0,93,,,,
20250312,001530,DI동일,42905,-810,35072,,,,
20250312,001550,조비,10490,130,4090,,,,
20250312,001560,제일연마,9070,20,5757,,,,
20250312,001570,금양,13120,120,2000700,,,,
20250312,001620,케이비아이동국실업,2420,-30,8016,,,,
20250312,001630,종근당홀딩스,43400,-50,4764,,,,
20250312,001680,대상,24700,-100,170263,,,,
20250312,001685,대상우,17570,220,3920,,,,
20250312,001720,신영증권,79800,-200,6636,,,,
20250312,001740,SK네트웍스,4315,30,204119,,,,
20250312,001750,한양증권,12060,-90,29974,,,,
20250312,001755,한양증권우,12420,-100,4025,,,,
20250312,001770,SHD,14980,-10,1598,,,,
20250312,001780,알루코,2260,85,815958,,,,
20250312,001790,대한제당,2685,-15,88263,,,,
20250312,001795,대한제당우,2250,-20,6700,,,,
20250312,001800,오리온홀딩스,15150,-10,84647,,,,
20250312,001820,삼화콘덴서,27700,250,31226,,,,
20250312,001940,KISCO홀딩스,19750,160,7871,,,,
20250312,002020,코오롱,19600,640,175256,,,,
20250312,002025,코오롱우,13880,370,11031,,,,
20250312,002030,아세아,268000,7000,1236,,,,
20250312,002070,비비안,17018,474,4228,,,,
20250312,002100,경농,9110,10,7432,,,,
20250312,002140,고려산업,2900,35,814977,,,,
20250312,002150,도화엔지니어링,6650,60,42546,,,,
20250312,002170,SYTS,47000,350,701,,,,
20250312,002200,한국수출포장,2745,15,68929,,,,
20250312,002210,동성제약,3814,-16,45734,,,,
20250312,002220,한일철강,1872,2,3809,,,,
20250312,002240,고려제강,18050,80,20982,,,,
20250312,002310,아세아제지,7170,-30,219075,,,,
20250312,002320,한진,19420,20,8562,,,,
20250312,002350,넥센타이어,5310,10,112375,,,,
20250312,002355,넥센타이어1우B,2815,15,7440,,,,
20250312,002360,SH에너지화학,4770,10,11175,,,,
20250312,002380,KCC,276500,-2000,46512,,,,
20250312,002390,한독,11250,0,14147,,,,
20250312,002410,범양건영,2215,40,3623755,,,,
20250312,002420,세기상사,5150,0,712,,,,
20250312,002450,삼익악기,1150,-18,294369,,,,
20250312,002460,HS화성,9540,140,21863,,,,
20250312,002600,조흥,163800,-2100,38,,,,
20250312,002620,제일파마홀딩스,7370,40,1203,,,,
20250312,002630,오리엔트바이오,2738,-76,1490317,,,,
20250312,002690,동일제강,1242,-3,28011,,,,
20250312,002700,신일전자,1468,-7,146323,,,,
20250312,002710,TCC스틸,28150,-300,200109,,,,
20250312,002720,국제약품,4850,15,55970,,,,
20250312,002760,보락,1084,6,604598,,,,
20250312,002780,진흥기업,778,0,99701,,,,
20250312,002785,진흥기업우B,3160,-15,539,,,,
20250312,002787,진흥기업2우B,9340,-240,376,,,,
20250312,002790,아모레퍼시픽홀딩스,21800,300,122723,,,,
20250312,002795,아모레퍼시픽홀딩스우,9180,20,5394,,,,
20250312,00279K,아모레퍼시픽홀딩스3우C,18060,60,2914,,,,
20250312,002810,삼영무역,13450,100,3686,,,,
20250312,002820,SUN&L,2815,-20,1369,,,,
20250312,002840,미원상사,179400,-300,1723,,,,
20250312,002870,신풍,1092,8,55951,,,,
20250312,002880,디와이에이,978,-7,21245,,,,
20250312,002900,TYM,4990,-50,327297,,,,
20250312,002920,유성기업,1839,0,15136,,,,
20250312,002960,한국쉘석유,310500,-1000,1093,,,,
20250312,002990,금호건설,2560,95,140244,,,,
20250312,002995,금호건설우,12450,-50,7768,,,,
20250312,003000,부광약품,4273,0,106828,,,,
20250312,003010,혜인,5260,-120,70249,,,,
20250312,003030,세아제강지주,278000,13000,63010,,,,
20250312,003060,에이프로젠바이오로직스,752,9,456795,,,,
20250312,003070,코오롱글로벌,8850,0,12856,,,,
20250312,003075,코오롱글로벌우,15350,-30,213,,,,
20250312,003080,SB성보,2460,10,8408,,,,
20250312,003090,대웅,19440,210,24617,,,,
20250312,003120,일성아이에스,15270,0,1331,,,,
20250312,003160,디아이,12150,520,943841,,,,
20250312,003200,일신방직,7850,10,13658,,,,
20250312,003220,대원제약,14250,220,888684,,,,
20250312,003230,삼양식품,880000,6000,48838,,,,
20250312,003240,태광산업,751000,-12000,896,,,,
20250312,003280,흥아해운,1719,-7,846974,,,,
20250312,003300,한일홀딩스,13900,0,4604,,,,
20250312,003350,한국화장품제조,9990,630,862880,,,,
20250312,003460,유화증권,2315,0,44013,,,,
20250312,003465,유화증권우,2340,60,18843,,,,
20250312,003470,유안타증권,2750,25,214429,,,,
20250312,003475,유안타증권우,3050,20,30014,,,,
20250312,003480,한진중공업홀딩스,3535,0,13895,,,,
20250312,003490,대한항공,23300,50,830046,,,,
20250312,003495,대한항공우,21850,0,1758,,,,
20250312,003520,영진약품,2015,10,52672,,,,
20250312,003530,한화투자증권,3500,90,571110,,,,
20250312,003535,한화투자증권우,5990,-10,4758,,,,
20250312,003540,대신증권,16900,30,65645,,,,
20250312,003545,대신증권우,16110,0,48109,,,,
20250312,003547,대신증권2우B,15520,40,36294,,,,
20250312,003550,LG,67800,-500,243666,,,,
20250312,003555,LG우,57200,-300,1849,,,,
20250312,003570,SNT다이내믹스,34650,-1300,296812,,,,
20250312,003580,HLB글로벌,4015,90,83778,,,,
20250312,003610,방림,3900,0,137444,,,,
20250312,003620,KG모빌리티,4057,-21,587190,,,,
20250312,003650,미창석유,90100,0,526,,,,
20250312,003670,포스코퓨처엠,140938,2133,400581,,,,
20250312,003680,한성기업,4820,-45,14859,,,,
20250312,003690,코리안리,8100,10,188903,,,,
20250312,003720,삼영,4170,40,388558,,,,
20250312,003780,진양산업,8420,-80,102696,,,,
20250312,003830,대한화섬,112000,800,60,,,,
20250312,003850,보령,9650,-30,67374,,,,
20250312,003920,남양유업,74200,0,8200,,,,
20250312,003925,남양유업우,40000,150,3279,,,,
20250312,003960,사조대림,42300,50,15320,,,,
20250312,004000,롯데정밀화학,41100,-100,72409,,,,
20250312,004020,현대제철,29150,700,1501263,,,,
20250312,004060,SG세계물산,3160,0,44334,,,,
20250312,004080,신흥,14600,50,288,,,,
20250312,004090,한국석유,12890,0,63426,,,,
20250312,004100,태양금속,2685,5,273026,,,,
20250312,004105,태양금속우,4300,-60,13872,,,,
20250312,004140,동방,2350,-50,302175,,,,
20250312,004150,한솔홀딩스,2465,-10,20682,,,,
20250312,004170,신세계,155400,-2800,37345,,,,
20250312,004250,NPC,4020,-10,48770,,,,
20250312,004255,NPC우,2400,10,4946,,,,
20250312,004270,남성,8800,-48,8449,,,,
20250312,004310,현대약품,3270,10,30221,,,,
20250312,004360,세방,12000,0,20964,,,,
20250312,004365,세방우,7750,10,8449,,,,
20250312,004370,농심,391000,3000,25411,,,,
20250312,004380,삼익THK,14396,-26,150549,,,,
20250312,004410,서울식품,1410,0,50809,,,,
20250312,004415,서울식품우,13330,1050,4733,,,,
20250312,004430,송원산업,12100,140,27917,,,,
20250312,004440,삼일씨엔에스,4110,0,317374,,,,
20250312,004450,삼화왕관,30150,100,1650,,,,
20250312,004490,세방전지,69700,700,47107,,,,
20250312,004540,깨끗한나라,2300,-10,51817,,,,
20250312,004545,깨끗한나라우,11670,-160,445,,,,
20250312,004560,현대비앤지스틸,13280,0,48380,,,,
20250312,004690,삼천리,90200,-400,10001,,,,
20250312,004700,조광피혁,53300,200,384,,,,
20250312,004710,한솔테크닉스,3990,50,41000,,,,
20250312,004720,팜젠사이언스,4200,45,7179,,,,
20250312,004770,써니전자,2140,60,264960,,,,
20250312,004800,효성,47950,350,8362,,,,
20250312,004830,덕성,7160,210,836547,,,,
20250312,004835,덕성우,11250,690,179154,,,,
20250312,004840,DRB동일,4250,-45,10523,,,,
20250312,004870,티웨이홀딩스,3315,-33,90606,,,,
20250312,004890,동일산업,40000,-200,6752,,,,
20250312,004910,조광페인트,5850,130,22657,,,,
20250312,004920,씨아이테크,1037,-29,18997,,,,
20250312,004960,한신공영,6320,20,14090,,,,
20250312,004970,신라교역,8650,100,13195,,,,
20250312,004980,성신양회,7460,20,20405,,,,
20250312,004985,성신양회우,10980,-50,2467,,,,
20250312,004990,롯데지주,23200,0,71574,,,,
20250312,00499K,롯데지주우,26750,400,367,,,,
20250312,005010,휴스틸,6180,-120,12971597,,,,
20250312,005030,부산주공,486,0,0,,,,
20250312,005070,코스모신소재,49500,800,333372,,,,
20250312,005090,SGC에너지,22950,0,10256,,,,
20250312,005110,한창,1254,0,0,,,,
20250312,005180,빙그레,95100,3900,55377,,,,
20250312,005250,녹십자홀딩스,13680,-70,48873,,,,
20250312,005257,녹십자홀딩스2우,22400,-100,21,,,,
20250312,005300,롯데칠성,108100,700,8010,,,,
20250312,005305,롯데칠성우,65900,0,2499,,,,
20250312,005320,온타이드,876,8,37560,,,,
20250312,005360,모나미,2025,5,9449,,,,
20250312,005380,현대차,198200,2600,351293,,,,
20250312,005385,현대차우,148000,2000,38931,,,,
20250312,005387,현대차2우B,150400,2500,54827,,,,
20250312,005389,현대차3우B,147100,1700,7746,,,,
20250312,005420,코스모화학,18700,310,89153,,,,
20250312,005430,한국공항,50600,0,3151,,,,
20250312,005440,현대지에프홀딩스,5190,-170,310729,,,,
20250312,005490,POSCO홀딩스,314000,17500,742490,,,,
20250312,005500,삼진제약,18080,210,13863,,,,
20250312,005610,삼립,52500,-800,15058,,,,
20250312,005680,삼영전자,9910,-90,25098,,,,
20250312,005690,파미셀,12250,980,6148489,,,,
20250312,005720,넥센,4565,20,3649,,,,
20250312,005725,넥센우,3050,-75,291,,,,
20250312,005740,크라운해태홀딩스,5310,0,12792,,,,
20250312,005745,크라운해태홀딩스우,7710,-20,1472,,,,
20250312,005750,대림바스,3995,0,19123,,,,
20250312,005800,신영와코루,10210,30,8683,,,,
20250312,005810,풍산홀딩스,27850,-650,40221,,,,
20250312,005820,원림,14200,260,2971,,,,
20250312,005830,DB손해보험,97200,3600,244329,,,,
20250312,005850,에스엘,33650,1800,227592,,,,
20250312,005870,휴니드,8400,-290,410483,,,,
20250312,005880,대한해운,1706,-48,2881791,,,,
20250312,005930,삼성전자,54900,1300,17973221,,,,
20250312,005935,삼성전자우,45550,550,1420523,,,,
20250312,005940,NH투자증권,14600,140,564498,,,,
20250312,005945,NH투자증권우,13040,-100,152304,,,,
20250312,005950,이수화학,6290,60,28153,,,,
20250312,005960,동부건설,3590,55,12533,,,,
20250312,005965,동부건설우,18940,280,240,,,,
20250312,006040,동원산업,35750,100,11786,,,,
20250312,006060,화승인더,5120,-70,166901,,,,
20250312,006090,사조오양,8570,0,10746,,,,
20250312,006110,삼아알미늄,30400,1350,182515,,,,
20250312,006120,SK디스커버리,39150,1000,35571,,,,
20250312,006125,SK디스커버리우,33150,250,5772,,,,
20250312,006200,한국전자홀딩스,3450,0,8326,,,,
20250312,006220,제주은행,7730,60,34787,,,,
20250312,006260,LS,101800,-400,205161,,,,
20250312,006280,녹십자,126200,400,25453,,,,
20250312,006340,대원전선,2960,15,744225,,,,
20250312,006345,대원전선우,3935,40,13943,,,,
20250312,006360,GS건설,18080,110,295412,,,,
20250312,006370,대구백화점,9760,540,98438,,,,
20250312,006380,카프로,3660,0,0,,,,
20250312,006400,삼성SDI,208534,3917,387217,,,,
20250312,006405,삼성SDI우,131941,289,3730,,,,
20250312,006490,프리티,7220,170,270267,,,,
20250312,006570,대림통상,2445,35,16863,,,,
20250312,006650,대한유화,98500,-100,18319,,,,
20250312,006660,삼성공조,18880,80,2078214,,,,
20250312,006740,블루산업개발,2299,5,23740,,,,
20250312,006800,미래에셋증권,9349,259,1128375,,,,
20250312,006805,미래에셋증권우,4568,10,36562,,,,
20250312,00680K,미래에셋증권2우B,4094,-25,260141,,,,
20250312,006840,AK홀딩스,10430,70,1078,,,,
20250312,006880,신송홀딩스,7450,70,413571,,,,
20250312,006890,태경케미컬,11810,30,15886,,,,
20250312,006980,우성,14410,-110,3218,,,,
20250312,007070,GS리테일,14800,-210,183698,,,,
20250312,007110,일신석재,1957,10,1091958,,,,
20250312,007120,미래아이앤지,806,11,76344,,,,
20250312,007160,사조산업,34000,-400,9838,,,,
20250312,007210,벽산,2220,-5,129524,,,,
20250312,007280,한국특강,3540,88,23592,,,,
20250312,007310,오뚜기,400500,2500,3068,,,,
20250312,007340,DN오토모티브,21400,150,55144,,,,
20250312,007460,에이프로젠,742,4,1018451,,,,
20250312,007540,샘표,41650,-100,4558,,,,
20250312,007570,일양약품,12060,45,10356,,,,
20250312,007575,일양약품우,13425,-283,111,,,,
20250312,007590,동방아그로,6010,0,3483,,,,
20250312,007610,선도전기,3000,0,0,,,,
20250312,007660,이수페타시스,38700,1300,1027994,,,,
20250312,007690,국도화학,31100,-350,5450,,,,
20250312,007700,F&F홀딩스,12780,-130,9869,,,,
20250312,007810,코리아써키트,11870,640,154265,,,,
20250312,007815,코리아써우,5710,60,25518,,,,
20250312,00781K,코리아써키트2우B,5400,100,21,,,,
20250312,007860,서연,7170,-10,96813,,,,
20250312,007980,TP,1344,-6,100590,,,,
20250312,008040,사조동아원,1066,21,1049462,,,,
20250312,008060,대덕,7080,0,83237,,,,
20250312,00806K,대덕1우,7290,-90,1298,,,,
20250312,008250,이건산업,5120,-30,33582,,,,
20250312,008260,NI스틸,3470,10,113381,,,,
20250312,008350,남선알미늄,1394,20,507702,,,,
20250312,008355,남선알미우,14680,-20,378,,,,
20250312,008420,문배철강,2690,10,430635,,,,
20250312,008490,서흥,14860,-450,31033,,,,
20250312,008600,윌비스,6929,145,25499,,,,
20250312,008700,아남전자,1539,-4,479408,,,,
20250312,008730,율촌화학,27200,1200,78980,,,,
20250312,008770,호텔신라,39100,200,41420,,,,
20250312,008775,호텔신라우,32150,0,10231,,,,
20250312,008870,금비,58000,1500,840,,,,
20250312,008930,한미사이언스,27600,300,59090,,,,
20250312,008970,KBI동양철관,1670,-78,10561074,,,,
20250312,009070,KCTC,3830,-20,39114,,,,
20250312,009140,경인전자,18600,-70,1895,,,,
20250312,009150,삼성전기,137300,1500,199437,,,,
20250312,009155,삼성전기우,60200,200,11050,,,,
20250312,009160,SIMPAC,3845,40,76119,,,,
20250312,009180,한솔로지스틱스,2345,15,58713,,,,
20250312,009190,대양금속,1356,-9,103376,,,,
20250312,009200,무림페이퍼,2040,5,46643,,,,
20250312,009240,한샘,44050,-200,20105,,,,
20250312,009270,신원,1305,-18,333294,,,,
20250312,009290,광동제약,5600,-80,43547,,,,
20250312,009310,참엔지니어링,1525,350,349776,,,,
20250312,009320,아진전자부품,1030,-4,72008,,,,
20250312,009410,태영건설,2555,40,101748,,,,
20250312,009415,태영건설우,5270,30,5969,,,,
20250312,009420,한올바이오파마,34600,-100,263919,,,,
20250312,009440,KC그린홀딩스,771,-3,13779,,,,
20250312,009450,경동나비엔,80000,-1300,29598,,,,
20250312,009460,한창제지,3570,-5,10943,,,,
20250312,009470,삼화전기,35150,350,68519,,,,
20250312,009540,HD한국조선해양,212500,-4500,444824,,,,
20250312,009580,무림P&P,2825,10,119622,,,,
20250312,009680,모토닉,9410,60,40669,,,,
20250312,009770,삼정펄프,26650,300,5001,,,,
20250312,009810,MDS스피어,3065,40,14306,,,,
20250312,009830,한화솔루션,19242,236,1238822,,,,
20250312,009835,한화솔루션우,16618,180,3115,,,,
20250312,009900,명신산업,8900,140,105566,,,,
20250312,009970,영원무역홀딩스,91100,1100,12052,,,,
20250312,010040,한국내화,2160,-35,13774,,,,
20250312,010060,OCI홀딩스,79900,700,61595,,,,
20250312,010100,한국무브넥스,4500,40,290569,,,,
20250312,010120,LS ELECTRIC,39580,-1420,3544625,,,,
20250312,010130,고려아연,1065000,220000,172603,,,,
20250312,010140,삼성중공업,14360,140,49016196,,,,
20250312,010400,우진아이엔에스,2920,-5,9232,,,,
20250312,010580,에스엠벡셀,1196,-4,67737,,,,
20250312,010640,진양폴리,5098,-34,95968,,,,
20250312,010660,화천기계,3030,10,69537,,,,
20250312,010690,화신,7400,-20,199065,,,,
20250312,010770,평화홀딩스,7000,-170,573548,,,,
20250312,010780,아이에스동서,16780,-30,40702,,,,
20250312,010820,퍼스텍,3655,-110,1444285,,,,
20250312,010950,S-Oil,60500,300,121169,,,,
20250312,010955,S-Oil우,38300,200,2903,,,,
20250312,010960,삼호개발,3045,-5,13328,,,,
20250312,011000,진원생명과학,10375,0,24199,,,,
20250312,011070,LG이노텍,171400,200,129113,,,,
20250312,011090,에넥스,2565,-20,16576,,,,
20250312,011150,CJ씨푸드,3055,35,222458,,,,
20250312,011155,CJ씨푸드1우,15780,170,298,,,,
20250312,011170,롯데케미칼,74900,500,254294,,,,
20250312,011200,HMM,20950,-300,2175055,,,,
20250312,011210,현대위아,44300,150,75571,,,,
20250312,011230,삼화전자,3570,-60,91285,,,,
20250312,011280,태림포장,2115,30,187737,,,,
20250312,011300,우성머티리얼스,5020,-190,65627,,,,
20250312,011330,유니켐,13120,60,2928,,,,
20250312,011390,부산산업,71800,800,3016,,,,
20250312,011420,갤럭시아에스엠,2040,0,198541,,,,
20250312,011500,한농화성,17650,50,388227,,,,
20250312,011690,와이투솔루션,2370,40,201707,,,,
20250312,011700,한신기계,3115,5,70117,,,,
20250312,011760,현대코퍼레이션,23800,-1350,181777,,,,
20250312,011780,금호석유화학,111400,-4000,242634,,,,
20250312,011785,금호석유화학우,52100,-800,2964,,,,
20250312,011790,SKC,118714,470,299926,,,,
20250312,011810,STX,4070,50,41061,,,,
20250312,011930,신성이엔지,12290,210,28375,,,,
20250312,012030,DB,1289,26,174653,,,,
20250312,012160,영흥,1995,5,5682,,,,
20250312,012170,아센디오,2710,625,5347461,,,,
20250312,012200,계양전기,1421,8,12702,,,,
20250312,012205,계양전기우,3214,0,3725,,,,
20250312,012280,영화금속,835,-8,55473,,,,
20250312,012320,경동인베스트,63600,-100,25364,,,,
20250312,012330,현대모비스,248000,0,173718,,,,
20250312,012450,한화에어로스페이스,654829,-12801,736945,,,,
20250312,012610,경인양행,2890,15,33790,,,,
20250312,012630,HDC,14150,-340,169433,,,,
20250312,012690,모나리자,2880,45,54020,,,,
20250312,012750,에스원,58800,0,18092,,,,
20250312,012800,대창,1400,35,546498,,,,
20250312,013000,세우글로벌,1229,21,34864,,,,
20250312,013360,일성건설,3485,15,673579,,,,
20250312,013520,화승코퍼레이션,1654,-3,41926,,,,
20250312,013570,디와이,3885,-40,44591,,,,
20250312,013580,계룡건설,13460,-70,13775,,,,
20250312,013700,까뮤이앤씨,1267,25,436073,,,,
20250312,013870,지엠비코리아,3720,25,26663,,,,
20250312,013890,지누스,18100,200,50053,,,,
20250312,014130,한익스프레스,3360,-55,18923,,,,
20250312,014160,대영포장,1406,-10,699923,,,,
20250312,014280,금강공업,4180,5,69298,,,,
20250312,014285,금강공업우,6140,-160,1238,,,,
20250312,014440,영보화학,4690,20,48594,,,,
20250312,014530,극동유화,3335,-25,62321,,,,
20250312,014580,태경비케이,4500,45,25217,,,,
20250312,014680,한솔케미칼,132500,9300,159822,,,,
20250312,014710,사조씨푸드,5120,50,46051,,,,
20250312,014790,HL D&I,2275,45,62875,,,,
20250312,014820,동원시스템즈,35900,650,13971,,,,
20250312,014825,동원시스템즈우,17720,90,445,,,,
20250312,014830,유니드,78100,-1000,54658,,,,
20250312,014910,성문전자,1117,0,12730,,,,
20250312,014915,성문전자우,4565,-15,1671,,,,
20250312,014990,인디에프,3765,30,16877,,,,
20250312,015020,이스타코,3296,-104,381671,,,,
20250312,015230,대창단조,5400,-10,62557,,,,
20250312,015260,에이엔피,495,0,10503,,,,
20250312,015360,INVENI,9620,-40,26740,,,,
20250312,015590,DKME,2575,0,0,,,,
20250312,015760,한국전력,22250,0,867592,,,,
20250312,015860,일진홀딩스,3660,40,29500,,,,
20250312,015890,태경산업,4750,5,26172,,,,
20250312,016090,대현,2175,-85,138877,,,,
20250312,016360,삼성증권,45200,650,244320,,,,
20250312,016380,KG스틸,6770,0,228962,,,,
20250312,016450,한세예스24홀딩스,4005,-30,18187,,,,
20250312,016580,환인제약,11490,30,8354,,,,
20250312,016590,신대양제지,6180,-40,18228,,,,
20250312,016610,DB증권,5940,20,72370,,,,
20250312,016710,대성홀딩스,7050,30,5633,,,,
20250312,016740,두올,3125,-35,76527,,,,
20250312,016800,퍼시스,43300,250,781,,,,
20250312,016880,웅진,856,14,160653,,,,
20250312,017040,광명전기,1416,28,151726,,,,
20250312,017180,명문제약,1617,1,19898,,,,
20250312,017370,우신시스템,5970,120,33721,,,,
20250312,017390,서울가스,49300,-50,2012,,,,
20250312,017550,수산세보틱스,1989,2,75943,,,,
20250312,017670,SK텔레콤,55900,300,372127,,,,
20250312,017800,현대엘리베이터,53300,100,119309,,,,
20250312,017810,풀무원,17330,-130,186157,,,,
20250312,017860,DS단석,26491,545,185920,,,,
20250312,017900,광전자,1792,26,21359,,,,
20250312,017940,E1,59600,-300,9597,,,,
20250312,017960,한국카본,15650,290,1651850,,,,
20250312,018250,애경산업,14500,360,64628,,,,
20250312,018260,삼성에스디에스,119100,600,121528,,,,
20250312,018470,조일알미늄,1668,43,1494915,,,,
20250312,018500,동원모빌리티,1760,-5,528186,,,,
20250312,018670,SK가스,240000,2500,4254,,,,
20250312,018880,한온시스템,3783,-14,1110415,,,,
20250312,019170,신풍제약,8210,10,106605,,,,
20250312,019175,신풍제약우,12510,-60,1589,,,,
20250312,019180,티에이치엔,3040,-5,34116,,,,
20250312,019490,엑시큐어하이트론,699,-12,1088347,,,,
20250312,019680,대교,2155,15,17311,,,,
20250312,019685,대교우B,1229,-11,2003,,,,
20250312,020000,한섬,15880,-40,39694,,,,
20250312,020120,키다리스튜디오,3560,-80,99064,,,,
20250312,020150,롯데에너지머티리얼즈,26700,-350,85746,,,,
20250312,020560,아시아나항공,10640,10,91061,,,,
20250312,020760,일진디스플,857,-8,9747,,,,
20250312,021050,서원,1281,6,96522,,,,
20250312,021240,코웨이,83000,3200,122482,,,,
20250312,021820,세원정공,7780,0,6815,,,,
20250312,022100,포스코DX,28200,2000,12287555,,,,
20250312,023000,삼원강재,2360,20,4651,,,,
20250312,023150,MH에탄올,4995,5,19835,,,,
20250312,023350,한국종합기술,5210,10,26622,,,,
20250312,023450,동남합성,34200,200,1047,,,,
20250312,023530,롯데쇼핑,67200,-300,54443,,,,
20250312,023590,다우기술,21400,-500,133519,,,,
20250312,023800,인지컨트롤스,5710,-10,10775,,,,
20250312,023810,인팩,5660,-60,19269,,,,
20250312,023960,에쓰씨엔지니어링,1288,3,71531,,,,
20250312,024070,WISCOM,1781,-49,15180,,,,
20250312,024090,디씨엠,11380,-20,2261,,,,
20250312,024110,기업은행,15630,100,964619,,,,
20250312,024720,콜마홀딩스,7140,150,34791,,,,
20250312,024890,대원화성,4840,35,6148,,,,
20250312,024900,디와이덕양,2750,45,69928,,,,
20250312,025000,KPX케미칼,41646,-188,3446,,,,
20250312,025530,SJM홀딩스,3120,55,4487,,,,
20250312,025540,한국단자,67300,200,35284,,,,
20250312,025560,미래산업,2764,67,78560,,,,
20250312,025620,차AI헬스케어,3710,10,4778,,,,
20250312,025750,한솔홈데코,4215,65,96722,,,,
20250312,025820,이구산업,4835,215,974460,,,,
20250312,025860,남해화학,6350,0,58352,,,,
20250312,025890,한국주강,1754,7,4433,,,,
20250312,026890,스틱인베스트먼트,7170,10,56338,,,,
20250312,026940,부국철강,2525,45,44329,,,,
20250312,026960,동서,25600,250,47717,,,,
20250312,027410,BGF,3340,-25,28121,,,,
20250312,027740,마니커,1726,4,39124,,,,
20250312,027970,한국제지,4020,-5,11264,,,,
20250312,028050,삼성E&A,18550,200,1603864,,,,
20250312,028100,동아지질,13540,-80,22342,,,,
20250312,028260,삼성물산,119600,400,281555,,,,
20250312,02826K,삼성물산우B,88100,100,1994,,,,
20250312,028670,팬오션,3685,-250,3536444,,,,
20250312,029460,케이씨,18400,-50,6892,,,,
20250312,029530,신도리코,38200,-100,4859,,,,
20250312,029780,삼성카드,42750,50,38916,,,,
20250312,030000,제일기획,17330,-90,222793,,,,
20250312,030190,NICE평가정보,12560,60,35118,,,,
20250312,030200,KT,48850,1300,365345,,,,
20250312,030210,다올투자증권,3090,5,153673,,,,
20250312,030610,교보증권,6630,-30,111404,,,,
20250312,030720,동원수산,4965,-25,6551,,,,
20250312,031430,신세계인터내셔날,10320,90,62262,,,,
20250312,031820,아이티센씨티에스,6060,80,25206,,,,
20250312,032350,롯데관광개발,7850,-40,191054,,,,
20250312,032560,황금에스티,5230,100,26988,,,,
20250312,032640,LG유플러스,10690,240,815051,,,,
20250312,032830,삼성생명,84100,1000,237900,,,,
20250312,033240,자화전자,13260,160,43668,,,,
20250312,033250,체시스,5685,90,28138,,,,
20250312,033270,유나이티드제약,19250,170,32233,,,,
20250312,033530,SJG세종,4185,-45,19974,,,,
20250312,033780,KT&G,95200,-800,259338,,,,
20250312,033920,무학,6540,-10,19795,,,,
20250312,034020,두산에너빌리티,26250,700,9482846,,,,
20250312,034120,SBS,21700,300,52182,,,,
20250312,034220,LG디스플레이,9130,20,798794,,,,
20250312,034230,파라다이스,11020,-40,174099,,,,
20250312,034310,NICE,11230,-320,77203,,,,
20250312,034590,인천도시가스,24600,-50,4724,,,,
20250312,034730,SK,137000,0,145307,,,,
20250312,03473K,SK우,122300,0,864,,,,
20250312,034830,한국토지신탁,1006,2,124284,,,,
20250312,035000,HS애드,7280,10,9146,,,,
20250312,035150,백산,14760,-150,83341,,,,
20250312,035250,강원랜드,16920,130,511044,,,,
20250312,035420,NAVER,214000,1500,409913,,,,
20250312,035510,신세계 I&C,12400,-340,147018,,,,
20250312,035720,카카오,44100,0,1976354,,,,
20250312,036420,콘텐트리중앙,8660,60,46809,,,,
20250312,036460,한국가스공사,35850,-1000,1126281,,,,
20250312,036530,SNT홀딩스,30050,-1000,31279,,,,
20250312,036570,NC,157800,-1500,110931,,,,
20250312,036580,팜스코,2110,10,9806,,,,
20250312,037270,YG PLUS,5190,150,1608259,,,,
20250312,037560,LG헬로비전,2350,-15,45366,,,,
20250312,037710,광주신세계,29700,-250,48491,,,,
20250312,039130,하나투어,57200,1100,101438,,,,
20250312,039490,키움증권,121300,2300,127434,,,,
20250312,039570,HDC랩스,8890,30,12056,,,,
20250312,041650,상신브레이크,2930,-20,17878,,,,
20250312,042660,한화오션,71000,-7000,9440490,,,,
20250312,042700,한미반도체,90400,4300,748637,,,,
20250312,044380,주연테크,1705,5,7465,,,,
20250312,044450,KSS해운,8860,30,33079,,,,
20250312,044820,코스맥스비티아이,9530,60,9491,,,,
20250312,047040,대우건설,3490,55,533248,,,,
20250312,047050,포스코인터내셔널,59100,300,2097291,,,,
20250312,047400,유니온머티리얼,2155,-5,334444,,,,
20250312,047810,한국항공우주,82000,-3000,2862334,,,,
20250312,049800,우진플라임,2015,-20,1779,,,,
20250312,051600,한전KPS,41450,600,143544,,,,
20250312,051630,진양화학,4000,-50,74754,,,,
20250312,051900,LG생활건강,330000,7000,44548,,,,
20250312,051905,LG생활건강우,127700,2100,6335,,,,
20250312,051910,LG화학,251000,13000,309456,,,,
20250312,051915,LG화학우,118400,5900,83923,,,,
20250312,052690,한전기술,63800,1000,83883,,,,
20250312,053210,스카이라이프,4420,-10,15675,,,,
20250312,053690,한미글로벌,16710,20,83228,,,,
20250312,055490,테이팩스,13940,30,3723,,,,
20250312,055550,신한지주,45150,150,1183350,,,,
20250312,058430,포스코스틸리온,4535,55,3693620,,,,
20250312,058650,세아홀딩스,94500,-1000,117,,,,
20250312,058730,다스코,3065,0,65931,,,,
20250312,058850,KTcs,2705,0,95385,,,,
20250312,058860,KTis,2605,0,57674,,,,
20250312,060980,HL홀딩스,37150,350,11362,,,,
20250312,062040,산일전기,60700,-300,309567,,,,
20250312,063160,종근당바이오,20050,-100,9091,,,,
20250312,064350,현대로템,94300,2100,5182304,,,,
20250312,064400,LG씨엔에스,52200,1500,982245,,,,
20250312,064960,SNT모티브,24250,-100,48455,,,,
20250312,066570,LG전자,82200,400,860939,,,,
20250312,066575,LG전자우,39100,300,29276,,,,
20250312,066970,엘앤에프,75500,-4300,898360,,,,
20250312,067830,세이브존I&C,2205,20,41147,,,,
20250312,068270,셀트리온,171592,3213,500061,,,,
20250312,068290,삼성출판사,15250,420,17267,,,,
20250312,069260,TKG휴켐스,16050,20,38904,,,,
20250312,069460,대호에이엘,6400,40,124143,,,,
20250312,069620,대웅제약,120200,-700,24789,,,,
20250312,069640,한세엠케이,1996,-16,3289,,,,
20250312,069730,DSR제강,3530,5,78675,,,,
20250312,069960,현대백화점,59600,-600,46328,,,,
20250312,070960,모나용평,3875,-65,323076,,,,
20250312,071050,한국금융지주,74800,1000,92402,,,,
20250312,071055,한국금융지주우,54000,200,12662,,,,
20250312,071090,하이스틸,4055,-55,789432,,,,
20250312,071320,지역난방공사,49150,-950,28923,,,,
20250312,071840,롯데하이마트,7660,-30,20867,,,,
20250312,071950,코아스,10090,-10,17502,,,,
20250312,071970,HD현대마린엔진,27700,-1700,1589921,,,,
20250312,072130,유엔젤,5830,10,306282,,,,
20250312,072710,농심홀딩스,65000,-500,6668,,,,
20250312,073240,금호타이어,4890,5,152669,,,,
20250312,074610,이엔플러스,7650,-200,48147,,,,
20250312,075180,새론오토모티브,3460,-35,6388,,,,
20250312,075580,세진중공업,7640,-220,999604,,,,
20250312,077500,유니퀘스트,6670,590,3569498,,,,
20250312,077970,STX엔진,24400,-1750,752216,,,,
20250312,078000,텔코웨어,8980,-20,4652,,,,
20250312,078520,에이블씨엔씨,7260,170,73049,,,,
20250312,078930,GS,36800,300,215931,,,,
20250312,078935,GS우,36150,-150,6463,,,,
20250312,079160,CJ CGV,4980,-10,141220,,,,
20250312,079430,현대리바트,7240,-110,65020,,,,
20250312,079550,LIG디펜스앤에어로스페이스,280500,-28500,724848,,,,
20250312,079900,전진건설로봇,55700,-1300,576313,,,,
20250312,079980,휴비스,2585,-60,75504,,,,
20250312,081000,일진다이아,11680,130,11615,,,,
20250312,081660,미스토홀딩스,35950,-1300,146772,,,,
20250312,082640,동양생명,5060,65,233828,,,,
20250312,082740,한화엔진,23400,-1600,3789549,,,,
20250312,083420,그린케미칼,6390,30,43397,,,,
20250312,084010,대한제강,10476,54,45673,,,,
20250312,084670,동양고속,7190,0,2840,,,,
20250312,084680,이월드,1337,2,100720,,,,
20250312,084690,대상홀딩스,11370,140,450750,,,,
20250312,084695,대상홀딩스우,21600,150,14347,,,,
20250312,084870,TBH글로벌,1123,0,24545,,,,
20250312,085310,엔케이,9190,-20,28839,,,,
20250312,085620,미래에셋생명,4480,10,18568,,,,
20250312,086280,현대글로비스,121500,-1800,270173,,,,
20250312,086790,하나금융지주,60500,1700,1150668,,,,
20250312,088260,이리츠코크렙,4275,-5,20848,,,,
20250312,088350,한화생명,2675,120,1944968,,,,
20250312,088790,진도,1820,7,18196,,,,
20250312,088980,맥쿼리인프라,11020,-130,942487,,,,
20250312,089470,HDC현대EP,3570,30,21199,,,,
20250312,089590,제주항공,7060,30,108424,,,,
20250312,089860,롯데렌탈,28900,-200,70699,,,,
20250312,090080,평화산업,1209,-40,769352,,,,
20250312,090350,노루페인트,7580,30,14417,,,,
20250312,090355,노루페인트우,12070,-100,539,,,,
20250312,090370,메타랩스,1394,10,585406,,,,
20250312,090430,아모레퍼시픽,113500,700,187804,,,,
20250312,090435,아모레퍼시픽우,35050,200,17900,,,,
20250312,090460,비에이치,15220,330,172014,,,,
20250312,091810,트리니티항공,2324,10,768985,,,,
20250312,092200,디아이씨,4555,60,369913,,,,
20250312,092220,KEC,3940,60,57565,,,,
20250312,092230,KPX홀딩스,55200,100,2204,,,,
20250312,092440,기신정기,2420,5,6269,,,,
20250312,092780,DYP,4590,20,3338,,,,
20250312,092790,넥스틸,15450,-1570,4871220,,,,
20250312,093050,LF,15130,-50,64954,,,,
20250312,093240,형지엘리트,1867,26,569369,,,,
20250312,093370,후성,4615,170,311533,,,,
20250312,094280,효성ITX,11850,10,3046,,,,
20250312,094800,맵스리얼티,4240,20,24624,,,,
20250312,095570,AJ네트웍스,3860,-60,109171,,,,
20250312,095720,웅진씽크빅,3092,-4,25795,,,,
20250312,096760,JW홀딩스,3025,5,74283,,,,
20250312,096770,SK이노베이션,138600,4200,390033,,,,
20250312,096775,SK이노베이션우,81400,500,2528,,,,
20250312,097230,HJ중공업,7820,-730,4386489,,,,
20250312,097520,엠씨넥스,24750,350,122240,,,,
20250312,097950,CJ제일제당,257500,500,57472,,,,
20250312,097955,CJ제일제당 우,133700,900,2336,,,,
20250312,100090,SK오션플랜트,15320,130,212170,,,,
20250312,100220,비상교육,4835,0,12407,,,,
20250312,100250,진양홀딩스,2910,0,20943,,,,
20250312,100840,SNT에너지,31850,-2300,509896,,,,
20250312,101140,인바이오젠,7080,-160,7273,,,,
20250312,101530,해태제과식품,6200,-140,133816,,,,
20250312,102260,동성케미컬,3869,99,40688,,,,
20250312,102460,이연제약,11850,120,23086,,,,
20250312,103140,풍산,61500,-3900,726717,,,,
20250312,103590,일진전기,26750,-250,388032,,,,
20250312,104700,한국철강,8120,20,31513,,,,
20250312,105560,KB금융,76900,-500,1425883,,,,
20250312,105630,한세실업,12170,-200,75534,,,,
20250312,105840,우진,7720,30,114096,,,,
20250312,107590,미원홀딩스,72600,-300,75,,,,
20250312,108320,LX세미콘,57900,100,36028,,,,
20250312,108670,LX하우시스,30500,-50,9735,,,,
20250312,108675,LX하우시스우,18020,70,368,,,,
20250312,109070,주성코퍼레이션,1185,0,0,,,,
20250312,111110,호전실업,7830,10,17920,,,,
20250312,111380,동인기연,15780,470,7820,,,,
20250312,111770,영원무역,46650,0,37491,,,,
20250312,112610,씨에스윈드,36250,250,131443,,,,
20250312,114090,GKL,11130,50,31327,,,,
20250312,117580,대성에너지,7930,10,22757,,,,
20250312,118000,메타케어,2960,10,20530,,,,
20250312,119650,KC코트렐,966,16,31000,,,,
20250312,120030,조선선재,99500,-200,1636,,,,
20250312,120110,코오롱인더,32100,-300,91547,,,,
20250312,120115,코오롱인더우,19640,20,2033,,,,
20250312,122900,아이마켓코리아,7870,0,30756,,,,
20250312,123690,한국화장품,6910,200,98645,,,,
20250312,123700,SJM,2930,10,8302,,,,
20250312,123890,한국자산신탁,2515,-10,91318,,,,
20250312,126560,현대퓨처넷,3365,-20,141168,,,,
20250312,126720,수산인더스트리,20450,200,13619,,,,
20250312,128820,대성산업,3422,5,52967,,,,
20250312,128940,한미약품,243000,-1000,52739,,,,
20250312,129260,인터지스,2480,-40,123103,,,,
20250312,130660,한전산업,10800,100,125884,,,,
20250312,133820,화인베스틸,1092,-29,128810,,,,
20250312,134380,미원화학,7790,-80,550,,,,
20250312,134790,시디즈,24550,350,338,,,,
20250312,136490,선진,5800,30,48207,,,,
20250312,137310,에스디바이오센서,9880,-30,52366,,,,
20250312,138040,메리츠금융지주,118500,400,224835,,,,
20250312,138930,BNK금융지주,10540,190,751637,,,,
20250312,139130,iM금융지주,8840,110,264490,,,,
20250312,139480,이마트,82300,-1300,320355,,,,
20250312,139990,아주스틸,4245,5,21713,,,,
20250312,143210,핸즈코퍼레이션,1899,-1,1501,,,,
20250312,145210,다이나믹디자인,8130,260,53115,,,,
20250312,145270,케이탑리츠,986,-1,30318,,,,
20250312,145720,덴티움,61400,700,19614,,,,
20250312,145990,삼양사,45150,-50,4878,,,,
20250312,145995,삼양사우,29300,0,445,,,,
20250312,155660,DSR,3955,-15,7424,,,,
20250312,161000,애경케미칼,7450,170,180819,,,,
20250312,161390,한국타이어앤테크놀로지,39400,600,233332,,,,
20250312,161890,한국콜마,64800,3300,411224,,,,
20250312,163560,동일고무벨트,7480,-90,32119,,,,
20250312,170900,동아에스티,44062,655,29328,,,,
20250312,175330,JB금융지주,16710,130,324283,,,,
20250312,178920,PI첨단소재,18910,160,119349,,,,
20250312,180640,한진칼,83000,1100,62719,,,,
20250312,18064K,한진칼우,23800,250,436,,,,
20250312,181710,NHN,18500,-340,83111,,,,
20250312,183190,아세아시멘트,10500,160,48581,,,,
20250312,185750,종근당,78100,300,20132,,,,
20250312,192080,더블유게임즈,47600,1650,57303,,,,
20250312,192400,쿠쿠홀딩스,22450,250,16782,,,,
20250312,192650,드림텍,7110,10,88790,,,,
20250312,192820,코스맥스,178800,4300,120601,,,,
20250312,194370,제이에스코퍼레이션,8250,-150,309344,,,,
20250312,195870,해성디에스,30000,2550,147389,,,,
20250312,200880,서연이화,12540,-90,116551,,,,
20250312,204320,HL만도,41050,-1050,189669,,,,
20250312,207940,삼성바이오로직스,1588012,16189,37970,,,,
20250312,210540,디와이파워,12560,-60,38900,,,,
20250312,210980,SK디앤디,8370,50,111976,,,,
20250312,213500,한솔제지,8800,-110,78831,,,,
20250312,214320,이노션,18450,50,22796,,,,
20250312,214330,금호에이치티,16429,109,5994,,,,
20250312,214390,경보제약,6310,-130,28459,,,,
20250312,214420,토니모리,8720,590,5951300,,,,
20250312,226320,잇츠한불,11230,80,16319,,,,
20250312,227840,현대코퍼레이션홀딩스,10380,0,7758,,,,
20250312,229640,LS에코에너지,34400,-550,136603,,,,
20250312,234080,JW생명과학,11000,510,129340,,,,
20250312,241560,두산밥캣,51300,1000,470490,,,,
20250312,241590,화승엔터프라이즈,8350,-100,326128,,,,
20250312,244920,에이플러스에셋,4000,0,24078,,,,
20250312,248070,솔루엠,17800,710,139352,,,,
20250312,248170,샘표식품,26500,-150,22434,,,,
20250312,249420,일동제약,11080,10,35087,,,,
20250312,251270,넷마블,39250,-850,278726,,,,
20250312,259960,크래프톤,345500,-500,103896,,,,
20250312,264900,크라운제과,8030,0,5654,,,,
20250312,26490K,크라운제과우,9230,-150,947,,,,
20250312,267250,HD현대,75000,1200,121758,,,,
20250312,267260,HD현대일렉트릭,341500,11500,382397,,,,
20250312,267270,HD건설기계,74500,-2400,282429,,,,
20250312,267290,경동도시가스,17470,10,2769,,,,
20250312,267850,아시아나IDT,11180,-20,3883,,,,
20250312,268280,미원에스씨,146500,-500,255,,,,
20250312,271560,오리온,108200,-1000,83908,,,,
20250312,271940,일진하이솔루스,14540,180,35289,,,,
20250312,271980,제일약품,10530,-20,7750,,,,
20250312,272210,한화시스템,35250,-2750,9334894,,,,
20250312,272450,진에어,9710,-90,192910,,,,
20250312,272550,삼양패키징,14230,50,4926,,,,
20250312,278470,에이피알,67500,1700,919248,,,,
20250312,280360,롯데웰푸드,116500,300,13402,,,,
20250312,281820,케이씨텍,35000,1650,95716,,,,
20250312,282330,BGF리테일,104400,-300,25558,,,,
20250312,284740,쿠쿠홈시스,21050,-100,21674,,,,
20250312,285130,SK케미칼,41950,150,27108,,,,
20250312,28513K,SK케미칼우,20200,150,3043,,,,
20250312,286940,롯데이노베이트,19730,30,11502,,,,
20250312,293480,하나제약,10310,30,10088,,,,
20250312,293940,신한알파리츠,5860,-100,180447,,,,
20250312,294870,IPARK현대산업개발,20650,-300,456391,,,,
20250312,298000,효성화학,77800,0,0,,,,
20250312,298020,효성티앤씨,239000,2500,7365,,,,
20250312,298040,효성중공업,426000,3000,51073,,,,
20250312,298050,HS효성첨단소재,189100,4000,7838,,,,
20250312,298690,에어부산,2205,5,63783,,,,
20250312,300720,한일시멘트,16500,150,150754,,,,
20250312,302440,SK바이오사이언스,41050,400,151107,,,,
20250312,306200,세아제강,193700,200,95644,,,,
20250312,307950,현대오토에버,134800,5200,75336,,,,
20250312,308170,씨티알모빌리티,5630,0,3927,,,,
20250312,316140,우리금융지주,15990,10,1784582,,,,
20250312,317400,자이에스앤디,3260,5,13090,,,,
20250312,322000,HD현대에너지솔루션,25250,-400,57485,,,,
20250312,323410,카카오뱅크,22950,400,276113,,,,
20250312,326030,SK바이오팜,105500,400,100288,,,,
20250312,329180,HD현대중공업,296000,-1500,358233,,,,
20250312,330590,롯데리츠,3400,-50,264688,,,,
20250312,334890,이지스밸류플러스리츠,4316,14,97081,,,,
20250312,336260,두산퓨얼셀,15840,50,117199,,,,
20250312,33626K,두산퓨얼셀1우,4600,0,4830,,,,
20250312,33626L,두산퓨얼셀2우B,7680,10,843,,,,
20250312,336370,솔루스첨단소재,9220,-20,89294,,,,
20250312,33637K,솔루스첨단소재1우,1967,-12,20152,,,,
20250312,33637L,솔루스첨단소재2우B,3975,-75,4179,,,,
20250312,338100,NH프라임리츠,4520,0,14719,,,,
20250312,339770,교촌에프앤비,5770,0,81516,,,,
20250312,344820,KCC글라스,31700,100,29223,,,,
20250312,348950,제이알글로벌리츠,2610,-10,446783,,,,
20250312,350520,이지스레지던스리츠,4140,10,25842,,,,
20250312,352820,하이브,233000,-4000,212297,,,,
20250312,353200,대덕전자,17570,760,298302,,,,
20250312,35320K,대덕전자1우,7950,-50,4045,,,,
20250312,357120,코람코라이프인프라리츠,4390,-65,61301,,,,
20250312,357250,미래에셋맵스리츠,2660,-15,26955,,,,
20250312,357430,마스턴프리미어리츠,1505,-2,61764,,,,
20250312,361610,SK아이이테크놀로지,26850,550,127800,,,,
20250312,363280,티와이홀딩스,2315,-25,26355,,,,
20250312,36328K,티와이홀딩스우,3825,-45,407,,,,
20250312,365550,ESR켄달스퀘어리츠,4783,-25,90148,,,,
20250312,372910,한컴라이프케어,3450,85,352722,,,,
20250312,373220,LG에너지솔루션,348500,7500,189492,,,,
20250312,375500,DL이앤씨,45200,750,283768,,,,
20250312,37550K,DL이앤씨우,17530,330,9202,,,,
20250312,37550L,DL이앤씨2우(전환),27950,800,6617,,,,
20250312,377190,디앤디플랫폼리츠,3215,-35,51620,,,,
20250312,377300,카카오페이,31100,300,141812,,,,
20250312,377740,바이오노트,4825,25,25396,,,,
20250312,378850,화승알앤에이,3230,65,85514,,,,
20250312,381970,케이카,12730,40,35965,,,,
20250312,383220,F&F,70900,-100,45365,,,,
20250312,383800,LX홀딩스,6550,0,118166,,,,
20250312,38380K,LX홀딩스1우,8030,10,2748,,,,
20250312,395400,SK리츠,4955,-55,317640,,,,
20250312,396690,미래에셋글로벌리츠,2785,0,38874,,,,
20250312,400760,NH올원리츠,3526,-25,56720,,,,
20250312,402340,SK스퀘어,92000,4300,235064,,,,
20250312,403550,쏘카,14320,10,1291,,,,
20250312,404990,신한서부티엔디리츠,3000,-95,325766,,,,
20250312,415640,KB발해인프라,7400,160,64416,,,,
20250312,417310,코람코더원리츠,4930,-10,20424,,,,
20250312,432320,KB스타리츠,3620,-115,139396,,,,
20250312,443060,HD현대마린솔루션,139800,1500,175331,,,,
20250312,446070,유니드비티플러스,3885,15,27565,,,,
20250312,448730,삼성FN리츠,4635,0,28066,,,,
20250312,450080,에코프로머티,74200,-100,537729,,,,
20250312,451800,한화리츠,3725,-10,335692,,,,
20250312,452260,한화갤러리아,1247,18,771760,,,,
20250312,45226K,한화갤러리아우,2435,-45,2914,,,,
20250312,453340,현대그린푸드,13630,-120,34000,,,,
20250312,454910,두산로보틱스,62700,0,170443,,,,
20250312,456040,OCI,59400,1000,20666,,,,
20250312,457190,이수스페셜티케미컬,52000,1400,459900,,,,
20250312,460850,동국씨엠,7000,60,75180,,,,
20250312,460860,동국제강,9790,350,398420,,,,
20250312,462520,조선내화,14400,-10,3647,,,,
20250312,462870,시프트업,55300,800,129849,,,,
20250312,465770,STX그린로지스,8300,-210,79086,,,,
20250312,475150,SK이터닉스,14640,140,190846,,,,
20250312,475560,더본코리아,28650,150,43113,,,,
20250312,481850,신한글로벌액티브리츠,1550,-8,73702,,,,
20250312,484870,엠앤씨솔루션,25666,-3034,809385,,,,
20250312,487570,HS효성,30750,500,4794,,,,
20250312,489790,한화비전,53900,4550,10904639,,,,
20250312,499790,GS피앤엘,19420,90,77257,,,,
20250312,900140,엘브이엠씨홀딩스,1685,0,331620,,,,
20250312,950210,프레스티지바이오파마,13630,300,30589,,,,
20250313,000020,동화약품,6160,-60,56017,,,,
20250313,000040,KR모터스,1975,0,17818,,,,
20250313,000050,경방,6520,-20,2607,,,,
20250313,000070,삼양홀딩스,39971,-133,20624,,,,
20250313,000080,하이트진로,19370,320,155162,,,,
20250313,000087,하이트진로2우B,15170,0,163,,,,
20250313,000100,유한양행,120400,1600,661019,,,,
20250313,000105,유한양행우,106100,500,5402,,,,
20250313,000120,CJ대한통운,90300,-2500,81010,,,,
20250313,000140,하이트진로홀딩스,8520,-30,24662,,,,
20250313,000145,하이트진로홀딩스우,10190,0,9,,,,
20250313,000150,두산,331000,-11000,231187,,,,
20250313,000155,두산우,150600,-2600,12834,,,,
20250313,000157,두산2우B,136100,-1900,1873,,,,
20250313,000180,성창기업지주,6500,0,4083,,,,
20250313,000210,DL,35700,-800,49611,,,,
20250313,000215,DL우,19320,-190,703,,,,
20250313,000220,유유제약,4405,-140,83664,,,,
20250313,000225,유유제약1우,4770,-60,1957,,,,
20250313,000227,유유제약2우B,9590,0,128,,,,
20250313,000230,일동홀딩스,6110,-10,145842,,,,
20250313,000240,한국앤컴퍼니,16260,180,167012,,,,
20250313,000270,기아,100400,1300,2279252,,,,
20250313,000300,DH오토넥스,4200,0,0,,,,
20250313,000320,노루홀딩스,13960,0,12026,,,,
20250313,000325,노루홀딩스우,28000,250,20,,,,
20250313,000370,한화손해보험,4200,-75,508869,,,,
20250313,000390,SP삼화,6200,-90,27482,,,,
20250313,000400,롯데손해보험,1852,-14,139890,,,,
20250313,000430,대원강업,3690,-25,54217,,,,
20250313,000480,CR홀딩스,5330,-40,28648,,,,
20250313,000490,대동,12280,90,347300,,,,
20250313,000500,가온전선,27700,1556,300524,,,,
20250313,000520,삼일제약,12080,80,72390,,,,
20250313,000540,흥국화재,3295,-55,41840,,,,
20250313,000545,흥국화재우,4860,-75,13907,,,,
20250313,000590,CS홀딩스,72000,100,553,,,,
20250313,000640,동아쏘시오홀딩스,95859,98,7683,,,,
20250313,000650,천일고속,38650,600,88,,,,
20250313,000660,SK하이닉스,199700,800,3883033,,,,
20250313,000670,영풍,47086,-438,86137,,,,
20250313,000680,LS네트웍스,4280,330,16015216,,,,
20250313,000700,유수홀딩스,5490,10,14339,,,,
20250313,000720,현대건설,32300,-1400,1688948,,,,
20250313,000725,현대건설우,48050,-1800,10358,,,,
20250313,000760,이화산업,10310,110,1074,,,,
20250313,000810,삼성화재,387500,-7000,105647,,,,
20250313,000815,삼성화재우,290000,-2500,4630,,,,
20250313,000850,화천기공,28350,-50,1434,,,,
20250313,000860,강남제비스코,12030,-175,10637,,,,
20250313,000880,한화,54801,-60,1194484,,,,
20250313,00088K,한화3우B,19321,71,63358,,,,
20250313,000890,보해양조,2145,-30,64543,,,,
20250313,000910,유니온,5350,-180,291098,,,,
20250313,000950,전방,19490,10,1385,,,,
20250313,000970,한국주철관,6200,-10,10908,,,,
20250313,000990,DB하이텍,43850,-1500,266581,,,,
20250313,001020,페이퍼코리아,3470,-30,8254,,,,
20250313,001040,CJ,109300,4000,226727,,,,
20250313,001045,CJ우,61900,-100,8057,,,,
20250313,00104K,CJ4우(전환),88700,1900,13808,,,,
20250313,001060,JW중외제약,21950,-100,58429,,,,
20250313,001065,JW중외제약우,28000,-100,26,,,,
20250313,001067,JW중외제약2우B,60600,300,1,,,,
20250313,001070,대한방직,5290,-60,10189,,,,
20250313,001080,만호제강,2550,-50,1310,,,,
20250313,001120,LX인터내셔널,25700,-50,239254,,,,
20250313,001130,대한제분,12900,-20,9420,,,,
20250313,001200,유진투자증권,2575,-30,347557,,,,
20250313,001210,금호전기,3520,95,17998,,,,
20250313,001230,동국홀딩스,1698,-7,108006,,,,
20250313,001250,GS글로벌,2590,-15,366664,,,,
20250313,001260,남광토건,8160,-170,12629,,,,
20250313,001270,부국증권,26850,-150,1651,,,,
20250313,001275,부국증권우,21850,0,378,,,,
20250313,001290,상상인증권,423,11,709148,,,,
20250313,001340,PKC,6750,-60,125452,,,,
20250313,001360,삼성제약,1594,21,243482,,,,
20250313,001380,SG글로벌,5960,-40,304124,,,,
20250313,001390,KG케미칼,3865,-35,162414,,,,
20250313,001420,태원물산,3525,-5,1658,,,,
20250313,001430,세아베스틸지주,20550,-250,60709,,,,
20250313,001440,대한전선,12120,180,2542527,,,,
20250313,001450,현대해상,23300,-1450,824487,,,,
20250313,001460,BYC,26800,300,1527,,,,
20250313,001465,BYC우,12560,80,3999,,,,
20250313,001470,삼부토건,470,-14,9649608,,,,
20250313,001500,현대차증권,6200,0,49051,,,,
20250313,001510,SK증권,937,4,250655,,,,
20250313,001515,SK증권우,3440,-14,1780,,,,
20250313,001520,동양,1218,-24,250392,,,,
20250313,001525,동양우,8370,70,8,,,,
20250313,001527,동양2우B,16700,0,0,,,,
20250313,001530,DI동일,42239,-666,42222,,,,
20250313,001550,조비,10400,-90,8226,,,,
20250313,001560,제일연마,8960,-110,2195,,,,
20250313,001570,금양,14630,1510,8958750,,,,
20250313,001620,케이비아이동국실업,2420,0,12696,,,,
20250313,001630,종근당홀딩스,43250,-150,4303,,,,
20250313,001680,대상,24500,-200,126933,,,,
20250313,001685,대상우,17440,-130,2917,,,,
20250313,001720,신영증권,79600,-200,3660,,,,
20250313,001740,SK네트웍스,4285,-30,202626,,,,
20250313,001750,한양증권,11590,-470,106201,,,,
20250313,001755,한양증권우,12220,-200,5463,,,,
20250313,001770,SHD,14990,10,427,,,,
20250313,001780,알루코,2180,-80,375719,,,,
20250313,001790,대한제당,2695,10,66481,,,,
20250313,001795,대한제당우,2265,15,2063,,,,
20250313,001800,오리온홀딩스,15080,-70,117909,,,,
20250313,001820,삼화콘덴서,27750,50,29479,,,,
20250313,001940,KISCO홀딩스,19840,90,15474,,,,
20250313,002020,코오롱,21500,1900,492920,,,,
20250313,002025,코오롱우,14290,410,23501,,,,
20250313,002030,아세아,267500,-500,925,,,,
20250313,002070,비비안,16841,-177,3125,,,,
20250313,002100,경농,9050,-60,8716,,,,
20250313,002140,고려산업,2800,-100,599937,,,,
20250313,002150,도화엔지니어링,6630,-20,13113,,,,
20250313,002170,SYTS,46650,-350,626,,,,
20250313,002200,한국수출포장,2745,0,22792,,,,
20250313,002210,동성제약,3854,40,31296,,,,
20250313,002220,한일철강,1866,-6,4811,,,,
20250313,002240,고려제강,17770,-280,24438,,,,
20250313,002310,아세아제지,7200,30,133657,,,,
20250313,002320,한진,19400,-20,5566,,,,
20250313,002350,넥센타이어,5330,20,65624,,,,
20250313,002355,넥센타이어1우B,2800,-15,3064,,,,
20250313,002360,SH에너지화학,4850,80,12731,,,,
20250313,002380,KCC,273000,-3500,38697,,,,
20250313,002390,한독,11220,-30,10675,,,,
20250313,002410,범양건영,2060,-155,1563519,,,,
20250313,002420,세기상사,5130,-20,3417,,,,
20250313,002450,삼익악기,1130,-20,244106,,,,
20250313,002460,HS화성,9590,50,41606,,,,
20250313,002600,조흥,163400,-400,3,,,,
20250313,002620,제일파마홀딩스,7350,-20,1071,,,,
20250313,002630,오리엔트바이오,2872,134,2594976,,,,
20250313,002690,동일제강,1230,-12,11000,,,,
20250313,002700,신일전자,1453,-15,152675,,,,
20250313,002710,TCC스틸,27300,-850,232410,,,,
20250313,002720,국제약품,4770,-80,81648,,,,
20250313,002760,보락,1067,-17,330784,,,,
20250313,002780,진흥기업,781,3,95363,,,,
20250313,002785,진흥기업우B,3165,5,86,,,,
20250313,002787,진흥기업2우B,9260,-80,132,,,,
20250313,002790,아모레퍼시픽홀딩스,21200,-600,349040,,,,
20250313,002795,아모레퍼시픽홀딩스우,9180,0,1666,,,,
20250313,00279K,아모레퍼시픽홀딩스3우C,17960,-100,13263,,,,
20250313,002810,삼영무역,13480,30,5000,,,,
20250313,002820,SUN&L,2825,10,1251,,,,
20250313,002840,미원상사,179500,100,2371,,,,
20250313,002870,신풍,1019,-73,474184,,,,
20250313,002880,디와이에이,969,-9,25604,,,,
20250313,002900,TYM,5000,10,180975,,,,
20250313,002920,유성기업,1839,0,29918,,,,
20250313,002960,한국쉘석유,309500,-1000,1110,,,,
20250313,002990,금호건설,2525,-35,98465,,,,
20250313,002995,금호건설우,12430,-20,2163,,,,
20250313,003000,부광약품,4181,-92,127588,,,,
20250313,003010,혜인,5210,-50,39572,,,,
20250313,003030,세아제강지주,277500,-500,30809,,,,
20250313,003060,에이프로젠바이오로직스,735,-17,353092,,,,
20250313,003070,코오롱글로벌,8940,90,11542,,,,
20250313,003075,코오롱글로벌우,15490,140,574,,,,
20250313,003080,SB성보,2455,-5,6264,,,,
20250313,003090,대웅,19360,-80,38311,,,,
20250313,003120,일성아이에스,15350,80,3047,,,,
20250313,003160,디아이,11910,-240,602802,,,,
20250313,003200,일신방직,7910,60,34699,,,,
20250313,003220,대원제약,14080,-170,96321,,,,
20250313,003230,삼양식품,881000,1000,59674,,,,
20250313,003240,태광산업,760000,9000,1898,,,,
20250313,003280,흥아해운,1700,-19,1207228,,,,
20250313,003300,한일홀딩스,14040,140,3280,,,,
20250313,003350,한국화장품제조,9850,-140,296940,,,,
20250313,003460,유화증권,2330,15,74828,,,,
20250313,003465,유화증권우,2310,-30,68418,,,,
20250313,003470,유안타증권,2790,40,413428,,,,
20250313,003475,유안타증권우,3045,-5,30723,,,,
20250313,003480,한진중공업홀딩스,3540,5,9897,,,,
20250313,003490,대한항공,23000,-300,2260967,,,,
20250313,003495,대한항공우,21850,0,554,,,,
20250313,003520,영진약품,1994,-21,176619,,,,
20250313,003530,한화투자증권,3480,-20,748605,,,,
20250313,003535,한화투자증권우,5980,-10,2740,,,,
20250313,003540,대신증권,16910,10,86839,,,,
20250313,003545,대신증권우,16110,0,35867,,,,
20250313,003547,대신증권2우B,15530,10,26219,,,,
20250313,003550,LG,68000,200,356793,,,,
20250313,003555,LG우,57000,-200,2989,,,,
20250313,003570,SNT다이내믹스,36000,1350,181542,,,,
20250313,003580,HLB글로벌,3830,-185,210400,,,,
20250313,003610,방림,3880,-20,147838,,,,
20250313,003620,KG모빌리티,4223,166,814563,,,,
20250313,003650,미창석유,102000,11900,20957,,,,
20250313,003670,포스코퓨처엠,136576,-4362,525270,,,,
20250313,003680,한성기업,4825,5,12041,,,,
20250313,003690,코리안리,8120,20,133808,,,,
20250313,003720,삼영,3990,-180,190968,,,,
20250313,003780,진양산업,8500,80,90052,,,,
20250313,003830,대한화섬,112000,0,323,,,,
20250313,003850,보령,9570,-80,77305,,,,
20250313,003920,남양유업,72800,-1400,13574,,,,
20250313,003925,남양유업우,39850,-150,4102,,,,
20250313,003960,사조대림,40150,-2150,132505,,,,
20250313,004000,롯데정밀화학,40450,-650,63375,,,,
20250313,004020,현대제철,30000,850,1716940,,,,
20250313,004060,SG세계물산,3150,-10,25927,,,,
20250313,004080,신흥,14650,50,344,,,,
20250313,004090,한국석유,12720,-170,71605,,,,
20250313,004100,태양금속,2715,30,245335,,,,
20250313,004105,태양금속우,4320,20,6997,,,,
20250313,004140,동방,2350,0,250300,,,,
20250313,004150,한솔홀딩스,2460,-5,42072,,,,
20250313,004170,신세계,154900,-500,33967,,,,
20250313,004250,NPC,3975,-45,20029,,,,
20250313,004255,NPC우,2410,10,4786,,,,
20250313,004270,남성,8562,-238,9145,,,,
20250313,004310,현대약품,3240,-30,47270,,,,
20250313,004360,세방,11990,-10,22517,,,,
20250313,004365,세방우,7750,0,11435,,,,
20250313,004370,농심,382000,-9000,67119,,,,
20250313,004380,삼익THK,14096,-300,92280,,,,
20250313,004410,서울식품,1410,0,66522,,,,
20250313,004415,서울식품우,11990,-1340,3339,,,,
20250313,004430,송원산업,11880,-220,33821,,,,
20250313,004440,삼일씨엔에스,4025,-85,41522,,,,
20250313,004450,삼화왕관,30950,800,4074,,,,
20250313,004490,세방전지,70000,300,51138,,,,
20250313,004540,깨끗한나라,2285,-15,52723,,,,
20250313,004545,깨끗한나라우,11620,-50,856,,,,
20250313,004560,현대비앤지스틸,13200,-80,40426,,,,
20250313,004690,삼천리,90300,100,4544,,,,
20250313,004700,조광피혁,52900,-400,986,,,,
20250313,004710,한솔테크닉스,3979,-11,27307,,,,
20250313,004720,팜젠사이언스,4165,-35,14412,,,,
20250313,004770,써니전자,2090,-50,389208,,,,
20250313,004800,효성,47050,-900,10058,,,,
20250313,004830,덕성,7190,30,970308,,,,
20250313,004835,덕성우,10950,-300,79967,,,,
20250313,004840,DRB동일,4210,-40,2922,,,,
20250313,004870,티웨이홀딩스,3310,-5,84669,,,,
20250313,004890,동일산업,40000,0,5391,,,,
20250313,004910,조광페인트,5730,-120,25832,,,,
20250313,004920,씨아이테크,1034,-3,31709,,,,
20250313,004960,한신공영,6270,-50,18024,,,,
20250313,004970,신라교역,8620,-30,4701,,,,
20250313,004980,성신양회,7330,-130,48063,,,,
20250313,004985,성신양회우,10940,-40,3130,,,,
20250313,004990,롯데지주,23200,0,111957,,,,
20250313,00499K,롯데지주우,26800,50,63,,,,
20250313,005010,휴스틸,6080,-100,9609134,,,,
20250313,005030,부산주공,486,0,0,,,,
20250313,005070,코스모신소재,48200,-1300,396488,,,,
20250313,005090,SGC에너지,22900,-50,14933,,,,
20250313,005110,한창,1254,0,0,,,,
20250313,005180,빙그레,94700,-400,26691,,,,
20250313,005250,녹십자홀딩스,13800,120,62308,,,,
20250313,005257,녹십자홀딩스2우,21900,-500,1276,,,,
20250313,005300,롯데칠성,107200,-900,21819,,,,
20250313,005305,롯데칠성우,65900,0,161,,,,
20250313,005320,온타이드,862,-14,41500,,,,
20250313,005360,모나미,2010,-15,24683,,,,
20250313,005380,현대차,201000,2800,578677,,,,
20250313,005385,현대차우,148100,100,34661,,,,
20250313,005387,현대차2우B,152000,1600,58936,,,,
20250313,005389,현대차3우B,147600,500,7879,,,,
20250313,005420,코스모화학,19700,1000,169740,,,,
20250313,005430,한국공항,51000,400,5569,,,,
20250313,005440,현대지에프홀딩스,5140,-50,89143,,,,
20250313,005490,POSCO홀딩스,312500,-1500,596974,,,,
20250313,005500,삼진제약,17720,-360,10596,,,,
20250313,005610,삼립,52300,-200,6924,,,,
20250313,005680,삼영전자,10000,90,9074,,,,
20250313,005690,파미셀,12640,390,2727424,,,,
20250313,005720,넥센,4485,-80,87168,,,,
20250313,005725,넥센우,3090,40,31,,,,
20250313,005740,크라운해태홀딩스,5350,40,17634,,,,
20250313,005745,크라운해태홀딩스우,7610,-100,203,,,,
20250313,005750,대림바스,3950,-45,15654,,,,
20250313,005800,신영와코루,10250,40,3028,,,,
20250313,005810,풍산홀딩스,28400,550,35253,,,,
20250313,005820,원림,14190,-10,2974,,,,
20250313,005830,DB손해보험,96100,-1100,284262,,,,
20250313,005850,에스엘,34950,1300,612845,,,,
20250313,005870,휴니드,8800,400,840543,,,,
20250313,005880,대한해운,1707,1,1043030,,,,
20250313,005930,삼성전자,54700,-200,24132151,,,,
20250313,005935,삼성전자우,45350,-200,1329249,,,,
20250313,005940,NH투자증권,14730,130,1015834,,,,
20250313,005945,NH투자증권우,13070,30,68186,,,,
20250313,005950,이수화학,6240,-50,32916,,,,
20250313,005960,동부건설,3600,10,15242,,,,
20250313,005965,동부건설우,18560,-380,356,,,,
20250313,006040,동원산업,35650,-100,14766,,,,
20250313,006060,화승인더,5050,-70,36345,,,,
20250313,006090,사조오양,8500,-70,8279,,,,
20250313,006110,삼아알미늄,30200,-200,100936,,,,
20250313,006120,SK디스커버리,38000,-1150,98996,,,,
20250313,006125,SK디스커버리우,33000,-150,4023,,,,
20250313,006200,한국전자홀딩스,3450,0,4140,,,,
20250313,006220,제주은행,7830,100,57040,,,,
20250313,006260,LS,121100,19300,3233957,,,,
20250313,006280,녹십자,125900,-300,41950,,,,
20250313,006340,대원전선,2995,35,855605,,,,
20250313,006345,대원전선우,3955,20,21338,,,,
20250313,006360,GS건설,17740,-340,437221,,,,
20250313,006370,대구백화점,9450,-310,59954,,,,
20250313,006380,카프로,3660,0,0,,,,
20250313,006400,삼성SDI,199722,-8812,1089451,,,,
20250313,006405,삼성SDI우,127122,-4819,8414,,,,
20250313,006490,프리티,7000,-220,110901,,,,
20250313,006570,대림통상,2470,25,6387,,,,
20250313,006650,대한유화,98200,-300,59872,,,,
20250313,006660,삼성공조,17370,-1510,1472013,,,,
20250313,006740,블루산업개발,2299,0,26595,,,,
20250313,006800,미래에셋증권,9588,239,2353749,,,,
20250313,006805,미래에셋증권우,4617,49,33935,,,,
20250313,00680K,미래에셋증권2우B,4168,74,412776,,,,
20250313,006840,AK홀딩스,10490,60,2468,,,,
20250313,006880,신송홀딩스,7120,-330,300804,,,,
20250313,006890,태경케미컬,11750,-60,17800,,,,
20250313,006980,우성,14400,-10,767,,,,
20250313,007070,GS리테일,14860,60,139459,,,,
20250313,007110,일신석재,1980,23,561406,,,,
20250313,007120,미래아이앤지,780,-26,246243,,,,
20250313,007160,사조산업,33800,-200,10655,,,,
20250313,007210,벽산,2160,-60,567067,,,,
20250313,007280,한국특강,3514,-26,27773,,,,
20250313,007310,오뚜기,397500,-3000,5225,,,,
20250313,007340,DN오토모티브,20850,-550,84188,,,,
20250313,007460,에이프로젠,727,-15,1454191,,,,
20250313,007540,샘표,42000,350,2569,,,,
20250313,007570,일양약품,12060,0,18410,,,,
20250313,007575,일양약품우,13578,153,7,,,,
20250313,007590,동방아그로,6010,0,1792,,,,
20250313,007610,선도전기,3000,0,0,,,,
20250313,007660,이수페타시스,39550,850,1295883,,,,
20250313,007690,국도화학,30350,-750,11500,,,,
20250313,007700,F&F홀딩스,12510,-270,12946,,,,
20250313,007810,코리아써키트,11560,-310,138132,,,,
20250313,007815,코리아써우,5630,-80,2046,,,,
20250313,00781K,코리아써키트2우B,5300,-100,97,,,,
20250313,007860,서연,7230,60,110443,,,,
20250313,007980,TP,1344,0,51442,,,,
20250313,008040,사조동아원,1064,-2,864659,,,,
20250313,008060,대덕,7080,0,56023,,,,
20250313,00806K,대덕1우,7320,30,48,,,,
20250313,008250,이건산업,5040,-80,28602,,,,
20250313,008260,NI스틸,3450,-20,122389,,,,
20250313,008350,남선알미늄,1370,-24,370340,,,,
20250313,008355,남선알미우,14400,-280,2745,,,,
20250313,008420,문배철강,2575,-115,852027,,,,
20250313,008490,서흥,14680,-180,39377,,,,
20250313,008600,윌비스,6836,-93,14987,,,,
20250313,008700,아남전자,1510,-29,625383,,,,
20250313,008730,율촌화학,26600,-600,55528,,,,
20250313,008770,호텔신라,39700,600,115730,,,,
20250313,008775,호텔신라우,31700,-450,3032,,,,
20250313,008870,금비,56200,-1800,1136,,,,
20250313,008930,한미사이언스,27300,-300,86016,,,,
20250313,008970,KBI동양철관,1583,-87,15824218,,,,
20250313,009070,KCTC,3780,-50,51364,,,,
20250313,009140,경인전자,18600,0,487,,,,
20250313,009150,삼성전기,138100,800,449549,,,,
20250313,009155,삼성전기우,60400,200,8768,,,,
20250313,009160,SIMPAC,3865,20,57694,,,,
20250313,009180,한솔로지스틱스,2335,-10,56855,,,,
20250313,009190,대양금속,1346,-10,270802,,,,
20250313,009200,무림페이퍼,2040,0,207105,,,,
20250313,009240,한샘,44450,400,39369,,,,
20250313,009270,신원,1316,11,217849,,,,
20250313,009290,광동제약,5570,-30,29721,,,,
20250313,009310,참엔지니어링,1705,180,6409686,,,,
20250313,009320,아진전자부품,1032,2,118744,,,,
20250313,009410,태영건설,2490,-65,88200,,,,
20250313,009415,태영건설우,5270,0,928,,,,
20250313,009420,한올바이오파마,34750,150,276578,,,,
20250313,009440,KC그린홀딩스,765,-6,10205,,,,
20250313,009450,경동나비엔,80700,700,54159,,,,
20250313,009460,한창제지,3485,-85,21303,,,,
20250313,009470,삼화전기,36400,1250,99307,,,,
20250313,009540,HD한국조선해양,214500,2000,310393,,,,
20250313,009580,무림P&P,2920,95,5450699,,,,
20250313,009680,모토닉,9410,0,34964,,,,
20250313,009770,삼정펄프,26450,-200,3276,,,,
20250313,009810,MDS스피어,3065,0,13757,,,,
20250313,009830,한화솔루션,19195,-47,1322545,,,,
20250313,009835,한화솔루션우,16347,-271,8015,,,,
20250313,009900,명신산업,9010,110,154633,,,,
20250313,009970,영원무역홀딩스,93600,2500,17859,,,,
20250313,010040,한국내화,2180,20,6371,,,,
20250313,010060,OCI홀딩스,79100,-800,59420,,,,
20250313,010100,한국무브넥스,4390,-110,294621,,,,
20250313,010120,LS ELECTRIC,41000,1420,4495310,,,,
20250313,010130,고려아연,955000,-110000,164139,,,,
20250313,010140,삼성중공업,14080,-280,19036020,,,,
20250313,010400,우진아이엔에스,2940,20,801,,,,
20250313,010580,에스엠벡셀,1189,-7,49262,,,,
20250313,010640,진양폴리,5081,-17,38024,,,,
20250313,010660,화천기계,3060,30,66955,,,,
20250313,010690,화신,7460,60,173319,,,,
20250313,010770,평화홀딩스,6780,-220,646976,,,,
20250313,010780,아이에스동서,16600,-180,40859,,,,
20250313,010820,퍼스텍,3725,70,1200881,,,,
20250313,010950,S-Oil,60200,-300,211495,,,,
20250313,010955,S-Oil우,38250,-50,3215,,,,
20250313,010960,삼호개발,3045,0,22767,,,,
20250313,011000,진원생명과학,10300,-75,19245,,,,
20250313,011070,LG이노텍,159700,-11700,639456,,,,
20250313,011090,에넥스,2565,0,11192,,,,
20250313,011150,CJ씨푸드,3055,0,131805,,,,
20250313,011155,CJ씨푸드1우,15620,-160,529,,,,
20250313,011170,롯데케미칼,75400,500,492195,,,,
20250313,011200,HMM,20600,-350,2710209,,,,
20250313,011210,현대위아,44800,500,197901,,,,
20250313,011230,삼화전자,3485,-85,71266,,,,
20250313,011280,태림포장,2070,-45,148312,,,,
20250313,011300,우성머티리얼스,5050,30,29885,,,,
20250313,011330,유니켐,13030,-90,14624,,,,
20250313,011390,부산산업,72900,1100,3753,,,,
20250313,011420,갤럭시아에스엠,2015,-25,229602,,,,
20250313,011500,한농화성,17530,-120,404529,,,,
20250313,011690,와이투솔루션,2220,-150,308465,,,,
20250313,011700,한신기계,3065,-50,205684,,,,
20250313,011760,현대코퍼레이션,23850,50,56659,,,,
20250313,011780,금호석유화학,111000,-400,259631,,,,
20250313,011785,금호석유화학우,52000,-100,2645,,,,
20250313,011790,SKC,122661,3947,980706,,,,
20250313,011810,STX,4000,-70,81410,,,,
20250313,011930,신성이엔지,12030,-260,45721,,,,
20250313,012030,DB,1261,-28,329463,,,,
20250313,012160,영흥,1990,-5,3304,,,,
20250313,012170,아센디오,2805,95,5318466,,,,
20250313,012200,계양전기,1401,-20,35045,,,,
20250313,012205,계양전기우,3214,0,1847,,,,
20250313,012280,영화금속,837,2,21527,,,,
20250313,012320,경동인베스트,63000,-600,16306,,,,
20250313,012330,현대모비스,256000,8000,219828,,,,
20250313,012450,한화에어로스페이스,696187,41358,641185,,,,
20250313,012610,경인양행,2850,-40,43766,,,,
20250313,012630,HDC,14610,460,167923,,,,
20250313,012690,모나리자,2860,-20,103382,,,,
20250313,012750,에스원,60800,2000,58771,,,,
20250313,012800,대창,1386,-14,451263,,,,
20250313,013000,세우글로벌,1229,0,32820,,,,
20250313,013360,일성건설,3550,65,686384,,,,
20250313,013520,화승코퍼레이션,1670,16,70745,,,,
20250313,013570,디와이,3880,-5,23056,,,,
20250313,013580,계룡건설,13400,-60,20259,,,,
20250313,013700,까뮤이앤씨,1249,-18,120402,,,,
20250313,013870,지엠비코리아,3720,0,6735,,,,
20250313,013890,지누스,18070,-30,91024,,,,
20250313,014130,한익스프레스,3385,25,9972,,,,
20250313,014160,대영포장,1380,-26,1404814,,,,
20250313,014280,금강공업,4100,-80,65356,,,,
20250313,014285,금강공업우,6200,60,115,,,,
20250313,014440,영보화학,4595,-95,44538,,,,
20250313,014530,극동유화,3325,-10,41323,,,,
20250313,014580,태경비케이,4440,-60,68656,,,,
20250313,014680,한솔케미칼,131000,-1500,159987,,,,
20250313,014710,사조씨푸드,5020,-100,65522,,,,
20250313,014790,HL D&I,2245,-30,23426,,,,
20250313,014820,동원시스템즈,35200,-700,19871,,,,
20250313,014825,동원시스템즈우,17720,0,84,,,,
20250313,014830,유니드,77300,-800,33231,,,,
20250313,014910,성문전자,1129,12,22154,,,,
20250313,014915,성문전자우,4510,-55,468,,,,
20250313,014990,인디에프,3700,-65,18363,,,,
20250313,015020,이스타코,3406,110,407482,,,,
20250313,015230,대창단조,5380,-20,36739,,,,
20250313,015260,에이엔피,492,-3,15409,,,,
20250313,015360,INVENI,9660,40,6435,,,,
20250313,015590,DKME,2575,0,0,,,,
20250313,015760,한국전력,22350,100,1407816,,,,
20250313,015860,일진홀딩스,3655,-5,34977,,,,
20250313,015890,태경산업,4710,-40,25529,,,,
20250313,016090,대현,2205,30,49612,,,,
20250313,016360,삼성증권,45500,300,322429,,,,
20250313,016380,KG스틸,6820,50,338547,,,,
20250313,016450,한세예스24홀딩스,4020,15,30745,,,,
20250313,016580,환인제약,11470,-20,8193,,,,
20250313,016590,신대양제지,6270,90,35662,,,,
20250313,016610,DB증권,5910,-30,69068,,,,
20250313,016710,대성홀딩스,7060,10,7014,,,,
20250313,016740,두올,3095,-30,85061,,,,
20250313,016800,퍼시스,42800,-500,3437,,,,
20250313,016880,웅진,859,3,32948,,,,
20250313,017040,광명전기,1428,12,479789,,,,
20250313,017180,명문제약,1618,1,12113,,,,
20250313,017370,우신시스템,6000,30,131676,,,,
20250313,017390,서울가스,49200,-100,1454,,,,
20250313,017550,수산세보틱스,1969,-20,73179,,,,
20250313,017670,SK텔레콤,56000,100,595666,,,,
20250313,017800,현대엘리베이터,55300,2000,213823,,,,
20250313,017810,풀무원,17370,40,157483,,,,
20250313,017860,DS단석,25748,-743,236934,,,,
20250313,017900,광전자,1771,-21,26453,,,,
20250313,017940,E1,60000,400,8651,,,,
20250313,017960,한국카본,15600,-50,373408,,,,
20250313,018250,애경산업,14300,-200,96196,,,,
20250313,018260,삼성에스디에스,119200,100,160573,,,,
20250313,018470,조일알미늄,1652,-16,748587,,,,
20250313,018500,동원모빌리티,1764,4,469407,,,,
20250313,018670,SK가스,250500,10500,18163,,,,
20250313,018880,한온시스템,3722,-61,1297706,,,,
20250313,019170,신풍제약,8160,-50,117451,,,,
20250313,019175,신풍제약우,12420,-90,3667,,,,
20250313,019180,티에이치엔,3060,20,108425,,,,
20250313,019490,엑시큐어하이트론,710,11,1686120,,,,
20250313,019680,대교,2170,15,21198,,,,
20250313,019685,대교우B,1271,42,5049,,,,
20250313,020000,한섬,15720,-160,30070,,,,
20250313,020120,키다리스튜디오,3490,-70,81747,,,,
20250313,020150,롯데에너지머티리얼즈,26150,-550,75523,,,,
20250313,020560,아시아나항공,10570,-70,122392,,,,
20250313,020760,일진디스플,857,0,44177,,,,
20250313,021050,서원,1268,-13,222260,,,,
20250313,021240,코웨이,84500,1500,111570,,,,
20250313,021820,세원정공,7770,-10,2403,,,,
20250313,022100,포스코DX,29300,1100,6946875,,,,
20250313,023000,삼원강재,2360,0,3128,,,,
20250313,023150,MH에탄올,5040,45,2733,,,,
20250313,023350,한국종합기술,5300,90,44225,,,,
20250313,023450,동남합성,34100,-100,2232,,,,
20250313,023530,롯데쇼핑,67100,-100,65468,,,,
20250313,023590,다우기술,21600,200,70106,,,,
20250313,023800,인지컨트롤스,5690,-20,11363,,,,
20250313,023810,인팩,5650,-10,14567,,,,
20250313,023960,에쓰씨엔지니어링,1283,-5,58933,,,,
20250313,024070,WISCOM,1889,108,21343,,,,
20250313,024090,디씨엠,11390,10,5555,,,,
20250313,024110,기업은행,15780,150,2178297,,,,
20250313,024720,콜마홀딩스,7080,-60,45022,,,,
20250313,024890,대원화성,4840,0,4122,,,,
20250313,024900,디와이덕양,2750,0,66321,,,,
20250313,025000,KPX케미칼,41363,-283,5764,,,,
20250313,025530,SJM홀딩스,3115,-5,3057,,,,
20250313,025540,한국단자,67200,-100,25949,,,,
20250313,025560,미래산업,2764,0,73450,,,,
20250313,025620,차AI헬스케어,3690,-20,3888,,,,
20250313,025750,한솔홈데코,4200,-15,89893,,,,
20250313,025820,이구산업,4800,-35,1420902,,,,
20250313,025860,남해화학,6320,-30,73194,,,,
20250313,025890,한국주강,1749,-5,2370,,,,
20250313,026890,스틱인베스트먼트,6960,-210,67668,,,,
20250313,026940,부국철강,2450,-75,34406,,,,
20250313,026960,동서,25700,100,76588,,,,
20250313,027410,BGF,3350,10,20347,,,,
20250313,027740,마니커,1738,12,43048,,,,
20250313,027970,한국제지,4005,-15,8525,,,,
20250313,028050,삼성E&A,19300,750,4118117,,,,
20250313,028100,동아지질,13470,-70,21056,,,,
20250313,028260,삼성물산,118900,-700,285549,,,,
20250313,02826K,삼성물산우B,88100,0,2353,,,,
20250313,028670,팬오션,3710,25,1606658,,,,
20250313,029460,케이씨,18490,90,6182,,,,
20250313,029530,신도리코,38200,0,2165,,,,
20250313,029780,삼성카드,42600,-150,93322,,,,
20250313,030000,제일기획,17710,380,248281,,,,
20250313,030190,NICE평가정보,12500,-60,25419,,,,
20250313,030200,KT,48400,-450,748911,,,,
20250313,030210,다올투자증권,3160,70,136507,,,,
20250313,030610,교보증권,6630,0,57764,,,,
20250313,030720,동원수산,4995,30,2352,,,,
20250313,031430,신세계인터내셔날,10330,10,158080,,,,
20250313,031820,아이티센씨티에스,6020,-40,27567,,,,
20250313,032350,롯데관광개발,7670,-180,522966,,,,
20250313,032560,황금에스티,5230,0,13847,,,,
20250313,032640,LG유플러스,10730,40,1184208,,,,
20250313,032830,삼성생명,83100,-1000,341093,,,,
20250313,033240,자화전자,12990,-270,72410,,,,
20250313,033250,체시스,5610,-75,37164,,,,
20250313,033270,유나이티드제약,18960,-290,15671,,,,
20250313,033530,SJG세종,4285,100,43104,,,,
20250313,033780,KT&G,96100,900,415717,,,,
20250313,033920,무학,6540,0,37853,,,,
20250313,034020,두산에너빌리티,25850,-400,9559895,,,,
20250313,034120,SBS,21200,-500,64945,,,,
20250313,034220,LG디스플레이,8980,-150,2190059,,,,
20250313,034230,파라다이스,10300,-720,818554,,,,
20250313,034310,NICE,11170,-60,21710,,,,
20250313,034590,인천도시가스,24550,-50,1745,,,,
20250313,034730,SK,137100,100,200931,,,,
20250313,03473K,SK우,121800,-500,381,,,,
20250313,034830,한국토지신탁,1001,-5,134259,,,,
20250313,035000,HS애드,7280,0,23091,,,,
20250313,035150,백산,14760,0,50491,,,,
20250313,035250,강원랜드,16640,-280,1310670,,,,
20250313,035420,NAVER,216000,2000,622944,,,,
20250313,035510,신세계 I&C,12330,-70,103080,,,,
20250313,035720,카카오,43150,-950,3269454,,,,
20250313,036420,콘텐트리중앙,8670,10,56102,,,,
20250313,036460,한국가스공사,36700,850,1227337,,,,
20250313,036530,SNT홀딩스,31350,1300,24150,,,,
20250313,036570,NC,163000,5200,176597,,,,
20250313,036580,팜스코,2095,-15,12774,,,,
20250313,037270,YG PLUS,5060,-130,982851,,,,
20250313,037560,LG헬로비전,2380,30,83452,,,,
20250313,037710,광주신세계,29600,-100,42193,,,,
20250313,039130,하나투어,57100,-100,95055,,,,
20250313,039490,키움증권,121500,200,82701,,,,
20250313,039570,HDC랩스,8770,-120,6725,,,,
20250313,041650,상신브레이크,2940,10,10063,,,,
20250313,042660,한화오션,73500,2500,5571764,,,,
20250313,042700,한미반도체,91000,600,968691,,,,
20250313,044380,주연테크,1715,10,9203,,,,
20250313,044450,KSS해운,8710,-150,51462,,,,
20250313,044820,코스맥스비티아이,9600,70,3711,,,,
20250313,047040,대우건설,3450,-40,600545,,,,
20250313,047050,포스코인터내셔널,57000,-2100,1719167,,,,
20250313,047400,유니온머티리얼,2105,-50,207177,,,,
20250313,047810,한국항공우주,84300,2300,2747199,,,,
20250313,049800,우진플라임,2010,-5,1506,,,,
20250313,051600,한전KPS,43650,2200,310263,,,,
20250313,051630,진양화학,4055,55,126513,,,,
20250313,051900,LG생활건강,327000,-3000,99691,,,,
20250313,051905,LG생활건강우,126700,-1000,5539,,,,
20250313,051910,LG화학,242500,-8500,311370,,,,
20250313,051915,LG화학우,115000,-3400,49695,,,,
20250313,052690,한전기술,63400,-400,182924,,,,
20250313,053210,스카이라이프,4405,-15,14064,,,,
20250313,053690,한미글로벌,16780,70,64553,,,,
20250313,055490,테이팩스,13770,-170,4418,,,,
20250313,055550,신한지주,45850,700,1607399,,,,
20250313,058430,포스코스틸리온,4415,-120,2482740,,,,
20250313,058650,세아홀딩스,94500,0,63,,,,
20250313,058730,다스코,3015,-50,77719,,,,
20250313,058850,KTcs,2680,-25,351480,,,,
20250313,058860,KTis,2595,-10,79055,,,,
20250313,060980,HL홀딩스,37250,100,13405,,,,
20250313,062040,산일전기,64900,4200,544464,,,,
20250313,063160,종근당바이오,19990,-60,9258,,,,
20250313,064350,현대로템,104000,9700,4785074,,,,
20250313,064400,LG씨엔에스,51700,-500,462240,,,,
20250313,064960,SNT모티브,25000,750,62679,,,,
20250313,066570,LG전자,80500,-1700,638383,,,,
20250313,066575,LG전자우,38550,-550,12596,,,,
20250313,066970,엘앤에프,76100,600,831709,,,,
20250313,067830,세이브존I&C,2200,-5,26703,,,,
20250313,068270,셀트리온,169481,-2111,597310,,,,
20250313,068290,삼성출판사,14970,-280,14903,,,,
20250313,069260,TKG휴켐스,16080,30,61114,,,,
20250313,069460,대호에이엘,6520,120,84133,,,,
20250313,069620,대웅제약,120300,100,20809,,,,
20250313,069640,한세엠케이,2034,38,3993,,,,
20250313,069730,DSR제강,3485,-45,27322,,,,
20250313,069960,현대백화점,59200,-400,70338,,,,
20250313,070960,모나용평,3910,35,98498,,,,
20250313,071050,한국금융지주,74600,-200,266561,,,,
20250313,071055,한국금융지주우,54700,700,9444,,,,
20250313,071090,하이스틸,4020,-35,851311,,,,
20250313,071320,지역난방공사,49100,-50,8518,,,,
20250313,071840,롯데하이마트,7380,-280,38111,,,,
20250313,071950,코아스,10050,-40,9527,,,,
20250313,071970,HD현대마린엔진,29050,1350,2867225,,,,
20250313,072130,유엔젤,5770,-60,214467,,,,
20250313,072710,농심홀딩스,64800,-200,3914,,,,
20250313,073240,금호타이어,4950,60,314924,,,,
20250313,074610,이엔플러스,7800,150,36950,,,,
20250313,075180,새론오토모티브,3530,70,2018,,,,
20250313,075580,세진중공업,7650,10,413976,,,,
20250313,077500,유니퀘스트,6800,130,451955,,,,
20250313,077970,STX엔진,25450,1050,354357,,,,
20250313,078000,텔코웨어,9000,20,3422,,,,
20250313,078520,에이블씨엔씨,7170,-90,51185,,,,
20250313,078930,GS,36750,-50,450613,,,,
20250313,078935,GS우,36350,200,2122,,,,
20250313,079160,CJ CGV,4910,-70,305777,,,,
20250313,079430,현대리바트,7230,-10,18904,,,,
20250313,079550,LIG디펜스앤에어로스페이스,279500,-1000,699715,,,,
20250313,079900,전진건설로봇,55500,-200,220112,,,,
20250313,079980,휴비스,2615,30,32415,,,,
20250313,081000,일진다이아,11400,-280,10582,,,,
20250313,081660,미스토홀딩스,34950,-1000,235032,,,,
20250313,082640,동양생명,5000,-60,166615,,,,
20250313,082740,한화엔진,23700,300,1442467,,,,
20250313,083420,그린케미칼,6420,30,99863,,,,
20250313,084010,대한제강,10569,93,48245,,,,
20250313,084670,동양고속,7160,-30,247,,,,
20250313,084680,이월드,1326,-11,147744,,,,
20250313,084690,대상홀딩스,11420,50,275355,,,,
20250313,084695,대상홀딩스우,21400,-200,13678,,,,
20250313,084870,TBH글로벌,1128,5,20366,,,,
20250313,085310,엔케이,9160,-30,25695,,,,
20250313,085620,미래에셋생명,4510,30,12144,,,,
20250313,086280,현대글로비스,120900,-600,193863,,,,
20250313,086790,하나금융지주,61600,1100,1647441,,,,
20250313,088260,이리츠코크렙,4255,-20,22015,,,,
20250313,088350,한화생명,2740,65,2865106,,,,
20250313,088790,진도,1820,0,31418,,,,
20250313,088980,맥쿼리인프라,10990,-30,607963,,,,
20250313,089470,HDC현대EP,3590,20,8746,,,,
20250313,089590,제주항공,7120,60,111034,,,,
20250313,089860,롯데렌탈,29550,650,82659,,,,
20250313,090080,평화산업,1192,-17,498796,,,,
20250313,090350,노루페인트,7560,-20,24034,,,,
20250313,090355,노루페인트우,12000,-70,100,,,,
20250313,090370,메타랩스,1389,-5,37698,,,,
20250313,090430,아모레퍼시픽,112600,-900,418402,,,,
20250313,090435,아모레퍼시픽우,34300,-750,17897,,,,
20250313,090460,비에이치,14830,-390,186345,,,,
20250313,091810,트리니티항공,2295,-29,723292,,,,
20250313,092200,디아이씨,4425,-130,290377,,,,
20250313,092220,KEC,3850,-90,83259,,,,
20250313,092230,KPX홀딩스,55200,0,3179,,,,
20250313,092440,기신정기,2415,-5,4016,,,,
20250313,092780,DYP,4605,15,5115,,,,
20250313,092790,넥스틸,16090,640,11481782,,,,
20250313,093050,LF,15220,90,22904,,,,
20250313,093240,형지엘리트,1924,57,640240,,,,
20250313,093370,후성,4510,-105,376535,,,,
20250313,094280,효성ITX,11820,-30,1449,,,,
20250313,094800,맵스리얼티,4275,35,28380,,,,
20250313,095570,AJ네트웍스,3855,-5,75252,,,,
20250313,095720,웅진씽크빅,3100,8,17628,,,,
20250313,096760,JW홀딩스,3020,-5,31420,,,,
20250313,096770,SK이노베이션,139200,600,1044354,,,,
20250313,096775,SK이노베이션우,81200,-200,3439,,,,
20250313,097230,HJ중공업,8040,220,2286473,,,,
20250313,097520,엠씨넥스,23800,-950,87898,,,,
20250313,097950,CJ제일제당,250500,-7000,102173,,,,
20250313,097955,CJ제일제당 우,132300,-1400,3614,,,,
20250313,100090,SK오션플랜트,14960,-360,169479,,,,
20250313,100220,비상교육,4850,15,16430,,,,
20250313,100250,진양홀딩스,2915,5,29929,,,,
20250313,100840,SNT에너지,34200,2350,298216,,,,
20250313,101140,인바이오젠,6840,-240,9553,,,,
20250313,101530,해태제과식품,6050,-150,130760,,,,
20250313,102260,동성케미컬,3810,-59,167996,,,,
20250313,102460,이연제약,11750,-100,32398,,,,
20250313,103140,풍산,63800,2300,415039,,,,
20250313,103590,일진전기,27100,350,389192,,,,
20250313,104700,한국철강,8030,-90,12180,,,,
20250313,105560,KB금융,78600,1700,2826631,,,,
20250313,105630,한세실업,11860,-310,173555,,,,
20250313,105840,우진,7630,-90,70662,,,,
20250313,107590,미원홀딩스,72600,0,1214,,,,
20250313,108320,LX세미콘,57000,-900,29699,,,,
20250313,108670,LX하우시스,30300,-200,13889,,,,
20250313,108675,LX하우시스우,18190,170,569,,,,
20250313,109070,주성코퍼레이션,1185,0,0,,,,
20250313,111110,호전실업,7730,-100,12825,,,,
20250313,111380,동인기연,15390,-390,7161,,,,
20250313,111770,영원무역,47150,500,65656,,,,
20250313,112610,씨에스윈드,37150,900,203663,,,,
20250313,114090,GKL,10720,-410,308950,,,,
20250313,117580,대성에너지,7880,-50,47279,,,,
20250313,118000,메타케어,2920,-40,13872,,,,
20250313,119650,KC코트렐,938,-28,23929,,,,
20250313,120030,조선선재,99100,-400,1074,,,,
20250313,120110,코오롱인더,31600,-500,142541,,,,
20250313,120115,코오롱인더우,19490,-150,3934,,,,
20250313,122900,아이마켓코리아,7820,-50,20089,,,,
20250313,123690,한국화장품,6810,-100,50602,,,,
20250313,123700,SJM,2940,10,9880,,,,
20250313,123890,한국자산신탁,2480,-35,248884,,,,
20250313,126560,현대퓨처넷,3350,-15,53384,,,,
20250313,126720,수산인더스트리,20550,100,23231,,,,
20250313,128820,대성산업,3129,-293,1157052,,,,
20250313,128940,한미약품,242000,-1000,91970,,,,
20250313,129260,인터지스,2475,-5,107194,,,,
20250313,130660,한전산업,10780,-20,136064,,,,
20250313,133820,화인베스틸,1118,26,62610,,,,
20250313,134380,미원화학,7810,20,3170,,,,
20250313,134790,시디즈,24550,0,1745,,,,
20250313,136490,선진,5760,-40,29290,,,,
20250313,137310,에스디바이오센서,10100,220,93754,,,,
20250313,138040,메리츠금융지주,117800,-700,257212,,,,
20250313,138930,BNK금융지주,10320,-220,2073708,,,,
20250313,139130,iM금융지주,8840,0,357734,,,,
20250313,139480,이마트,83200,900,265135,,,,
20250313,139990,아주스틸,4200,-45,9886,,,,
20250313,143210,핸즈코퍼레이션,1896,-3,652,,,,
20250313,145210,다이나믹디자인,8190,60,20943,,,,
20250313,145270,케이탑리츠,980,-6,26360,,,,
20250313,145720,덴티움,60900,-500,25352,,,,
20250313,145990,삼양사,44700,-450,9969,,,,
20250313,145995,삼양사우,29350,50,173,,,,
20250313,155660,DSR,3860,-95,18595,,,,
20250313,161000,애경케미칼,7220,-230,245092,,,,
20250313,161390,한국타이어앤테크놀로지,40700,1300,576017,,,,
20250313,161890,한국콜마,66700,1900,496830,,,,
20250313,163560,동일고무벨트,7390,-90,47984,,,,
20250313,170900,동아에스티,43537,-525,29990,,,,
20250313,175330,JB금융지주,16420,-290,1230147,,,,
20250313,178920,PI첨단소재,18580,-330,109528,,,,
20250313,180640,한진칼,82700,-300,70892,,,,
20250313,18064K,한진칼우,23350,-450,795,,,,
20250313,181710,NHN,18090,-410,73785,,,,
20250313,183190,아세아시멘트,10450,-50,34976,,,,
20250313,185750,종근당,78800,700,25777,,,,
20250313,192080,더블유게임즈,50300,2700,131640,,,,
20250313,192400,쿠쿠홀딩스,22450,0,9908,,,,
20250313,192650,드림텍,7010,-100,112550,,,,
20250313,192820,코스맥스,184900,6100,104274,,,,
20250313,194370,제이에스코퍼레이션,8015,-235,104118,,,,
20250313,195870,해성디에스,29050,-950,96207,,,,
20250313,200880,서연이화,12540,0,119375,,,,
20250313,204320,HL만도,41500,450,280107,,,,
20250313,207940,삼성바이오로직스,1549746,-38266,75003,,,,
20250313,210540,디와이파워,12420,-140,16881,,,,
20250313,210980,SK디앤디,8300,-70,79927,,,,
20250313,213500,한솔제지,8760,-40,81570,,,,
20250313,214320,이노션,18400,-50,29250,,,,
20250313,214330,금호에이치티,16076,-353,9304,,,,
20250313,214390,경보제약,6220,-90,44000,,,,
20250313,214420,토니모리,8760,40,1831020,,,,
20250313,226320,잇츠한불,11080,-150,13480,,,,
20250313,227840,현대코퍼레이션홀딩스,10350,-30,8770,,,,
20250313,229640,LS에코에너지,34750,350,297782,,,,
20250313,234080,JW생명과학,11100,100,71926,,,,
20250313,241560,두산밥캣,50400,-900,380724,,,,
20250313,241590,화승엔터프라이즈,8350,0,383409,,,,
20250313,244920,에이플러스에셋,4000,0,5751,,,,
20250313,248070,솔루엠,17710,-90,77566,,,,
20250313,248170,샘표식품,26150,-350,18542,,,,
20250313,249420,일동제약,11370,290,510562,,,,
20250313,251270,넷마블,40400,1150,462722,,,,
20250313,259960,크래프톤,358000,12500,225941,,,,
20250313,264900,크라운제과,8040,10,3152,,,,
20250313,26490K,크라운제과우,9230,0,2401,,,,
20250313,267250,HD현대,75100,100,236221,,,,
20250313,267260,HD현대일렉트릭,330500,-11000,362927,,,,
20250313,267270,HD건설기계,74600,100,96973,,,,
20250313,267290,경동도시가스,17480,10,2239,,,,
20250313,267850,아시아나IDT,11240,60,13104,,,,
20250313,268280,미원에스씨,147500,1000,1552,,,,
20250313,271560,오리온,108800,600,106572,,,,
20250313,271940,일진하이솔루스,14470,-70,47212,,,,
20250313,271980,제일약품,10450,-80,5108,,,,
20250313,272210,한화시스템,35050,-200,6581845,,,,
20250313,272450,진에어,9630,-80,171161,,,,
20250313,272550,삼양패키징,14210,-20,4807,,,,
20250313,278470,에이피알,67700,200,533059,,,,
20250313,280360,롯데웰푸드,116100,-400,10699,,,,
20250313,281820,케이씨텍,36250,1250,149269,,,,
20250313,282330,BGF리테일,105100,700,54144,,,,
20250313,284740,쿠쿠홈시스,21350,300,15465,,,,
20250313,285130,SK케미칼,41850,-100,29670,,,,
20250313,28513K,SK케미칼우,20150,-50,1189,,,,
20250313,286940,롯데이노베이트,19530,-200,13886,,,,
20250313,293480,하나제약,10400,90,28785,,,,
20250313,293940,신한알파리츠,5900,40,110449,,,,
20250313,294870,IPARK현대산업개발,20650,0,217033,,,,
20250313,298000,효성화학,77800,0,0,,,,
20250313,298020,효성티앤씨,233500,-5500,16128,,,,
20250313,298040,효성중공업,429500,3500,80324,,,,
20250313,298050,HS효성첨단소재,182600,-6500,14124,,,,
20250313,298690,에어부산,2195,-10,96453,,,,
20250313,300720,한일시멘트,16750,250,119030,,,,
20250313,302440,SK바이오사이언스,42700,1650,476242,,,,
20250313,306200,세아제강,201500,7800,94277,,,,
20250313,307950,현대오토에버,136700,1900,95390,,,,
20250313,308170,씨티알모빌리티,5640,10,7336,,,,
20250313,316140,우리금융지주,16030,40,2680947,,,,
20250313,317400,자이에스앤디,3200,-60,17066,,,,
20250313,322000,HD현대에너지솔루션,25250,0,54208,,,,
20250313,323410,카카오뱅크,22950,0,765265,,,,
20250313,326030,SK바이오팜,105100,-400,156664,,,,
20250313,329180,HD현대중공업,310000,14000,344344,,,,
20250313,330590,롯데리츠,3460,60,199872,,,,
20250313,334890,이지스밸류플러스리츠,4297,-19,75533,,,,
20250313,336260,두산퓨얼셀,15810,-30,201499,,,,
20250313,33626K,두산퓨얼셀1우,4605,5,4255,,,,
20250313,33626L,두산퓨얼셀2우B,7690,10,191,,,,
20250313,336370,솔루스첨단소재,9150,-70,123872,,,,
20250313,33637K,솔루스첨단소재1우,1964,-3,30358,,,,
20250313,33637L,솔루스첨단소재2우B,3980,5,4428,,,,
20250313,338100,NH프라임리츠,4510,-10,5158,,,,
20250313,339770,교촌에프앤비,5650,-120,54151,,,,
20250313,344820,KCC글라스,31450,-250,19203,,,,
20250313,348950,제이알글로벌리츠,2615,5,367758,,,,
20250313,350520,이지스레지던스리츠,4115,-25,36420,,,,
20250313,352820,하이브,233500,500,193942,,,,
20250313,353200,대덕전자,17370,-200,255978,,,,
20250313,35320K,대덕전자1우,8030,80,1224,,,,
20250313,357120,코람코라이프인프라리츠,4345,-45,55762,,,,
20250313,357250,미래에셋맵스리츠,2645,-15,33770,,,,
20250313,357430,마스턴프리미어리츠,1492,-13,94403,,,,
20250313,361610,SK아이이테크놀로지,26050,-800,252863,,,,
20250313,363280,티와이홀딩스,2260,-55,152159,,,,
20250313,36328K,티와이홀딩스우,3800,-25,254,,,,
20250313,365550,ESR켄달스퀘어리츠,4763,-20,117426,,,,
20250313,372910,한컴라이프케어,3440,-10,156628,,,,
20250313,373220,LG에너지솔루션,340500,-8000,336473,,,,
20250313,375500,DL이앤씨,45400,200,246507,,,,
20250313,37550K,DL이앤씨우,17800,270,5992,,,,
20250313,37550L,DL이앤씨2우(전환),28200,250,6686,,,,
20250313,377190,디앤디플랫폼리츠,3185,-30,61947,,,,
20250313,377300,카카오페이,30600,-500,285272,,,,
20250313,377740,바이오노트,4845,20,38513,,,,
20250313,378850,화승알앤에이,3155,-75,80351,,,,
20250313,381970,케이카,12870,140,57537,,,,
20250313,383220,F&F,68300,-2600,124233,,,,
20250313,383800,LX홀딩스,6560,10,70794,,,,
20250313,38380K,LX홀딩스1우,8010,-20,440,,,,
20250313,395400,SK리츠,4950,-5,199613,,,,
20250313,396690,미래에셋글로벌리츠,2770,-15,32039,,,,
20250313,400760,NH올원리츠,3507,-19,45541,,,,
20250313,402340,SK스퀘어,92200,200,288123,,,,
20250313,403550,쏘카,14210,-110,847,,,,
20250313,404990,신한서부티엔디리츠,3020,20,161653,,,,
20250313,415640,KB발해인프라,7300,-100,35122,,,,
20250313,417310,코람코더원리츠,4840,-90,38371,,,,
20250313,432320,KB스타리츠,3640,20,26204,,,,
20250313,443060,HD현대마린솔루션,139700,-100,110964,,,,
20250313,446070,유니드비티플러스,3850,-35,17926,,,,
20250313,448730,삼성FN리츠,4570,-65,34724,,,,
20250313,450080,에코프로머티,72500,-1700,647689,,,,
20250313,451800,한화리츠,3720,-5,201096,,,,
20250313,452260,한화갤러리아,1220,-27,565463,,,,
20250313,45226K,한화갤러리아우,2425,-10,4906,,,,
20250313,453340,현대그린푸드,13570,-60,57930,,,,
20250313,454910,두산로보틱스,62600,-100,254478,,,,
20250313,456040,OCI,58500,-900,29042,,,,
20250313,457190,이수스페셜티케미컬,53100,1100,1022057,,,,
20250313,460850,동국씨엠,7090,90,110033,,,,
20250313,460860,동국제강,9770,-20,225121,,,,
20250313,462520,조선내화,14350,-50,3222,,,,
20250313,462870,시프트업,53300,-2000,256255,,,,
20250313,465770,STX그린로지스,8270,-30,76247,,,,
20250313,475150,SK이터닉스,14240,-400,232579,,,,
20250313,475560,더본코리아,29150,500,73046,,,,
20250313,481850,신한글로벌액티브리츠,1538,-12,57049,,,,
20250313,484870,엠앤씨솔루션,27400,1734,658083,,,,
20250313,487570,HS효성,30650,-100,9715,,,,
20250313,489790,한화비전,55700,1800,3611629,,,,
20250313,499790,GS피앤엘,18970,-450,71580,,,,
20250313,900140,엘브이엠씨홀딩스,1669,-16,265093,,,,
20250313,950210,프레스티지바이오파마,13730,100,47993,,,,
20250314,000020,동화약품,6180,20,27171,,,,
20250314,000040,KR모터스,1980,5,12475,,,,
20250314,000050,경방,6580,60,3869,,,,
20250314,000070,삼양홀딩스,40238,267,34645,,,,
20250314,000080,하이트진로,19270,-100,90643,,,,
20250314,000087,하이트진로2우B,15200,30,222,,,,
20250314,000100,유한양행,124800,4400,1020934,,,,
20250314,000105,유한양행우,109500,3400,7462,,,,
20250314,000120,CJ대한통운,90400,100,41134,,,,
20250314,000140,하이트진로홀딩스,8530,10,5595,,,,
20250314,000145,하이트진로홀딩스우,10180,-10,74,,,,
20250314,000150,두산,342000,11000,95107,,,,
20250314,000155,두산우,152300,1700,9188,,,,
20250314,000157,두산2우B,139000,2900,2283,,,,
20250314,000180,성창기업지주,6515,15,5130,,,,
20250314,000210,DL,35000,-700,51524,,,,
20250314,000215,DL우,19300,-20,1516,,,,
20250314,000220,유유제약,4420,15,41164,,,,
20250314,000225,유유제약1우,4795,25,11075,,,,
20250314,000227,유유제약2우B,9590,0,77,,,,
20250314,000230,일동홀딩스,6140,30,14467,,,,
20250314,000240,한국앤컴퍼니,16110,-150,85744,,,,
20250314,000270,기아,99500,-900,1408638,,,,
20250314,000300,DH오토넥스,4200,0,0,,,,
20250314,000320,노루홀딩스,14030,70,10096,,,,
20250314,000325,노루홀딩스우,28000,0,93,,,,
20250314,000370,한화손해보험,4105,-95,456041,,,,
20250314,000390,SP삼화,6220,20,10564,,,,
20250314,000400,롯데손해보험,1839,-13,124910,,,,
20250314,000430,대원강업,3655,-35,88054,,,,
20250314,000480,CR홀딩스,5310,-20,14930,,,,
20250314,000490,대동,12200,-80,235654,,,,
20250314,000500,가온전선,29951,2251,342195,,,,
20250314,000520,삼일제약,12330,250,161022,,,,
20250314,000540,흥국화재,3265,-30,71070,,,,
20250314,000545,흥국화재우,5280,420,50765,,,,
20250314,000590,CS홀딩스,72100,100,191,,,,
20250314,000640,동아쏘시오홀딩스,96927,1068,12565,,,,
20250314,000650,천일고속,38900,250,30,,,,
20250314,000660,SK하이닉스,204500,4800,3397462,,,,
20250314,000670,영풍,47135,49,78428,,,,
20250314,000680,LS네트웍스,4255,-25,2212996,,,,
20250314,000700,유수홀딩스,5480,-10,35718,,,,
20250314,000720,현대건설,32600,300,593839,,,,
20250314,000725,현대건설우,48350,300,2717,,,,
20250314,000760,이화산업,10360,50,220,,,,
20250314,000810,삼성화재,377000,-10500,77786,,,,
20250314,000815,삼성화재우,289000,-1000,9742,,,,
20250314,000850,화천기공,28300,-50,3032,,,,
20250314,000860,강남제비스코,12055,25,7170,,,,
20250314,000880,한화,55281,480,642965,,,,
20250314,00088K,한화3우B,19291,-30,77211,,,,
20250314,000890,보해양조,2170,25,79610,,,,
20250314,000910,유니온,5360,10,229968,,,,
20250314,000950,전방,19520,30,421,,,,
20250314,000970,한국주철관,6240,40,14447,,,,
20250314,000990,DB하이텍,44700,850,173878,,,,
20250314,001020,페이퍼코리아,3470,0,5938,,,,
20250314,001040,CJ,127800,18500,787543,,,,
20250314,001045,CJ우,65900,4000,76746,,,,
20250314,00104K,CJ4우(전환),97200,8500,44880,,,,
20250314,001060,JW중외제약,22150,200,51390,,,,
20250314,001065,JW중외제약우,28100,100,130,,,,
20250314,001067,JW중외제약2우B,60600,0,0,,,,
20250314,001070,대한방직,5260,-30,15975,,,,
20250314,001080,만호제강,2535,-15,5870,,,,
20250314,001120,LX인터내셔널,25550,-150,224482,,,,
20250314,001130,대한제분,12950,50,18010,,,,
20250314,001200,유진투자증권,2565,-10,323913,,,,
20250314,001210,금호전기,3505,-15,6578,,,,
20250314,001230,동국홀딩스,1701,3,118040,,,,
20250314,001250,GS글로벌,2615,25,215068,,,,
20250314,001260,남광토건,8230,70,13928,,,,
20250314,001270,부국증권,26800,-50,1881,,,,
20250314,001275,부국증권우,21900,50,1782,,,,
20250314,001290,상상인증권,420,-3,225386,,,,
20250314,001340,PKC,6900,150,112800,,,,
20250314,001360,삼성제약,1577,-17,165873,,,,
20250314,001380,SG글로벌,6000,40,180258,,,,
20250314,001390,KG케미칼,3900,35,138510,,,,
20250314,001420,태원물산,3510,-15,693,,,,
20250314,001430,세아베스틸지주,20050,-500,149556,,,,
20250314,001440,대한전선,13010,890,11322204,,,,
20250314,001450,현대해상,22950,-350,296244,,,,
20250314,001460,BYC,27150,350,1285,,,,
20250314,001465,BYC우,12530,-30,2065,,,,
20250314,001470,삼부토건,451,-19,8113401,,,,
20250314,001500,현대차증권,6220,20,56766,,,,
20250314,001510,SK증권,937,0,91129,,,,
20250314,001515,SK증권우,3458,18,1221,,,,
20250314,001520,동양,1230,12,280493,,,,
20250314,001525,동양우,9320,950,3806,,,,
20250314,001527,동양2우B,16780,80,17,,,,
20250314,001530,DI동일,43620,1381,66130,,,,
20250314,001550,조비,10440,40,6060,,,,
20250314,001560,제일연마,8990,30,4578,,,,
20250314,001570,금양,13430,-1200,3494087,,,,
20250314,001620,케이비아이동국실업,2450,30,12005,,,,
20250314,001630,종근당홀딩스,43150,-100,3335,,,,
20250314,001680,대상,24400,-100,73717,,,,
20250314,001685,대상우,17510,70,4090,,,,
20250314,001720,신영증권,79600,0,6692,,,,
20250314,001740,SK네트웍스,4305,20,175366,,,,
20250314,001750,한양증권,11510,-80,25474,,,,
20250314,001755,한양증권우,12160,-60,2155,,,,
20250314,001770,SHD,14760,-230,942,,,,
20250314,001780,알루코,2210,30,154189,,,,
20250314,001790,대한제당,2720,25,88422,,,,
20250314,001795,대한제당우,2280,15,5209,,,,
20250314,001800,오리온홀딩스,15120,40,103444,,,,
20250314,001820,삼화콘덴서,28050,300,32905,,,,
20250314,001940,KISCO홀딩스,19840,0,9818,,,,
20250314,002020,코오롱,24950,3450,1168603,,,,
20250314,002025,코오롱우,15330,1040,83954,,,,
20250314,002030,아세아,266500,-1000,1258,,,,
20250314,002070,비비안,15458,-1383,51919,,,,
20250314,002100,경농,9110,60,3370,,,,
20250314,002140,고려산업,2790,-10,309997,,,,
20250314,002150,도화엔지니어링,6660,30,9264,,,,
20250314,002170,SYTS,47100,450,125,,,,
20250314,002200,한국수출포장,2745,0,11236,,,,
20250314,002210,동성제약,3914,60,54371,,,,
20250314,002220,한일철강,1855,-11,9189,,,,
20250314,002240,고려제강,17770,0,16419,,,,
20250314,002310,아세아제지,7210,10,300529,,,,
20250314,002320,한진,19400,0,8960,,,,
20250314,002350,넥센타이어,5360,30,111850,,,,
20250314,002355,넥센타이어1우B,2870,70,3052,,,,
20250314,002360,SH에너지화학,4820,-30,10422,,,,
20250314,002380,KCC,284000,11000,43821,,,,
20250314,002390,한독,11430,210,22769,,,,
20250314,002410,범양건영,2045,-15,1517546,,,,
20250314,002420,세기상사,5130,0,1200,,,,
20250314,002450,삼익악기,1164,34,156273,,,,
20250314,002460,HS화성,9700,110,21030,,,,
20250314,002600,조흥,165400,2000,4,,,,
20250314,002620,제일파마홀딩스,7400,50,645,,,,
20250314,002630,오리엔트바이오,3012,140,2403326,,,,
20250314,002690,동일제강,1254,24,22596,,,,
20250314,002700,신일전자,1461,8,75821,,,,
20250314,002710,TCC스틸,27350,50,173215,,,,
20250314,002720,국제약품,4785,15,58933,,,,
20250314,002760,보락,1077,10,205028,,,,
20250314,002780,진흥기업,784,3,71399,,,,
20250314,002785,진흥기업우B,3110,-55,149,,,,
20250314,002787,진흥기업2우B,9680,420,1975,,,,
20250314,002790,아모레퍼시픽홀딩스,21450,250,117381,,,,
20250314,002795,아모레퍼시픽홀딩스우,9180,0,1769,,,,
20250314,00279K,아모레퍼시픽홀딩스3우C,18030,70,1227,,,,
20250314,002810,삼영무역,13520,40,11136,,,,
20250314,002820,SUN&L,2810,-15,5477,,,,
20250314,002840,미원상사,181700,2200,2307,,,,
20250314,002870,신풍,1324,305,3956150,,,,
20250314,002880,디와이에이,968,-1,31760,,,,
20250314,002900,TYM,4875,-125,237888,,,,
20250314,002920,유성기업,1837,-2,10338,,,,
20250314,002960,한국쉘석유,308000,-1500,1388,,,,
20250314,002990,금호건설,2545,20,22629,,,,
20250314,002995,금호건설우,12350,-80,1935,,,,
20250314,003000,부광약품,4222,41,80441,,,,
20250314,003010,혜인,5210,0,54206,,,,
20250314,003030,세아제강지주,268000,-9500,38388,,,,
20250314,003060,에이프로젠바이오로직스,783,48,455101,,,,
20250314,003070,코오롱글로벌,9090,150,21685,,,,
20250314,003075,코오롱글로벌우,15450,-40,932,,,,
20250314,003080,SB성보,2450,-5,14926,,,,
20250314,003090,대웅,19430,70,13503,,,,
20250314,003120,일성아이에스,15350,0,1805,,,,
20250314,003160,디아이,13070,1160,2180196,,,,
20250314,003200,일신방직,7920,10,12403,,,,
20250314,003220,대원제약,14100,20,53504,,,,
20250314,003230,삼양식품,917000,36000,43648,,,,
20250314,003240,태광산업,750000,-10000,885,,,,
20250314,003280,흥아해운,1705,5,1038402,,,,
20250314,003300,한일홀딩스,14120,80,5413,,,,
20250314,003350,한국화장품제조,9890,40,226730,,,,
20250314,003460,유화증권,2330,0,85883,,,,
20250314,003465,유화증권우,2310,0,600,,,,
20250314,003470,유안타증권,2775,-15,189826,,,,
20250314,003475,유안타증권우,3040,-5,37998,,,,
20250314,003480,한진중공업홀딩스,3525,-15,26868,,,,
20250314,003490,대한항공,22700,-300,1095616,,,,
20250314,003495,대한항공우,21850,0,1930,,,,
20250314,003520,영진약품,1995,1,128482,,,,
20250314,003530,한화투자증권,3435,-45,518134,,,,
20250314,003535,한화투자증권우,5940,-40,3149,,,,
20250314,003540,대신증권,16940,30,63545,,,,
20250314,003545,대신증권우,16050,-60,59455,,,,
20250314,003547,대신증권2우B,15480,-50,25588,,,,
20250314,003550,LG,67400,-600,265688,,,,
20250314,003555,LG우,56900,-100,2762,,,,
20250314,003570,SNT다이내믹스,35050,-950,91867,,,,
20250314,003580,HLB글로벌,3885,55,135458,,,,
20250314,003610,방림,3910,30,151209,,,,
20250314,003620,KG모빌리티,4126,-97,386818,,,,
20250314,003650,미창석유,99200,-2800,4358,,,,
20250314,003670,포스코퓨처엠,133183,-3393,367792,,,,
20250314,003680,한성기업,4815,-10,9468,,,,
20250314,003690,코리안리,8060,-60,244297,,,,
20250314,003720,삼영,4290,300,361534,,,,
20250314,003780,진양산업,8740,240,93339,,,,
20250314,003830,대한화섬,112200,200,219,,,,
20250314,003850,보령,9640,70,47337,,,,
20250314,003920,남양유업,72500,-300,9420,,,,
20250314,003925,남양유업우,39000,-850,7075,,,,
20250314,003960,사조대림,40350,200,17376,,,,
20250314,004000,롯데정밀화학,40400,-50,44526,,,,
20250314,004020,현대제철,28800,-1200,950513,,,,
20250314,004060,SG세계물산,3160,10,17113,,,,
20250314,004080,신흥,14650,0,585,,,,
20250314,004090,한국석유,12760,40,59914,,,,
20250314,004100,태양금속,2730,15,310649,,,,
20250314,004105,태양금속우,4380,60,11670,,,,
20250314,004140,동방,2315,-35,248618,,,,
20250314,004150,한솔홀딩스,2470,10,8271,,,,
20250314,004170,신세계,149700,-5200,57104,,,,
20250314,004250,NPC,4005,30,8939,,,,
20250314,004255,NPC우,2415,5,1064,,,,
20250314,004270,남성,8562,0,5068,,,,
20250314,004310,현대약품,3285,45,30101,,,,
20250314,004360,세방,11920,-70,63719,,,,
20250314,004365,세방우,7700,-50,398,,,,
20250314,004370,농심,383000,1000,27777,,,,
20250314,004380,삼익THK,14722,626,201235,,,,
20250314,004410,서울식품,1410,0,82650,,,,
20250314,004415,서울식품우,11990,0,1091,,,,
20250314,004430,송원산업,12000,120,19377,,,,
20250314,004440,삼일씨엔에스,3965,-60,32162,,,,
20250314,004450,삼화왕관,30950,0,1610,,,,
20250314,004490,세방전지,70700,700,43017,,,,
20250314,004540,깨끗한나라,2295,10,59381,,,,
20250314,004545,깨끗한나라우,11450,-170,344,,,,
20250314,004560,현대비앤지스틸,13250,50,37525,,,,
20250314,004690,삼천리,89800,-500,8000,,,,
20250314,004700,조광피혁,51500,-1400,3006,,,,
20250314,004710,한솔테크닉스,4083,104,49505,,,,
20250314,004720,팜젠사이언스,4175,10,23709,,,,
20250314,004770,써니전자,2175,85,235830,,,,
20250314,004800,효성,47800,750,11729,,,,
20250314,004830,덕성,7370,180,310587,,,,
20250314,004835,덕성우,10980,30,19685,,,,
20250314,004840,DRB동일,4245,35,3049,,,,
20250314,004870,티웨이홀딩스,3406,96,131084,,,,
20250314,004890,동일산업,40000,0,6526,,,,
20250314,004910,조광페인트,5830,100,9003,,,,
20250314,004920,씨아이테크,1029,-5,13248,,,,
20250314,004960,한신공영,6280,10,40618,,,,
20250314,004970,신라교역,8760,140,24393,,,,
20250314,004980,성신양회,7360,30,23219,,,,
20250314,004985,성신양회우,11110,170,691,,,,
20250314,004990,롯데지주,22950,-250,55222,,,,
20250314,00499K,롯데지주우,26950,150,275,,,,
20250314,005010,휴스틸,6060,-20,6942031,,,,
20250314,005030,부산주공,486,0,0,,,,
20250314,005070,코스모신소재,48250,50,411484,,,,
20250314,005090,SGC에너지,23050,150,11717,,,,
20250314,005110,한창,1254,0,0,,,,
20250314,005180,빙그레,94900,200,23184,,,,
20250314,005250,녹십자홀딩스,13900,100,51214,,,,
20250314,005257,녹십자홀딩스2우,21600,-300,503,,,,
20250314,005300,롯데칠성,107100,-100,8312,,,,
20250314,005305,롯데칠성우,66100,200,641,,,,
20250314,005320,온타이드,844,-18,79109,,,,
20250314,005360,모나미,2010,0,33240,,,,
20250314,005380,현대차,198500,-2500,473953,,,,
20250314,005385,현대차우,146900,-1200,44961,,,,
20250314,005387,현대차2우B,149800,-2200,50076,,,,
20250314,005389,현대차3우B,146700,-900,5298,,,,
20250314,005420,코스모화학,18940,-760,162173,,,,
20250314,005430,한국공항,51500,500,5664,,,,
20250314,005440,현대지에프홀딩스,5270,130,75815,,,,
20250314,005490,POSCO홀딩스,304500,-8000,366199,,,,
20250314,005500,삼진제약,17670,-50,11806,,,,
20250314,005610,삼립,52700,400,6321,,,,
20250314,005680,삼영전자,9980,-20,19380,,,,
20250314,005690,파미셀,12360,-280,2093136,,,,
20250314,005720,넥센,4585,100,42951,,,,
20250314,005725,넥센우,3075,-15,2712,,,,
20250314,005740,크라운해태홀딩스,5380,30,5731,,,,
20250314,005745,크라운해태홀딩스우,7560,-50,54,,,,
20250314,005750,대림바스,3955,5,32792,,,,
20250314,005800,신영와코루,10280,30,2971,,,,
20250314,005810,풍산홀딩스,28200,-200,29202,,,,
20250314,005820,원림,14000,-190,24,,,,
20250314,005830,DB손해보험,94900,-1200,113583,,,,
20250314,005850,에스엘,34400,-550,129817,,,,
20250314,005870,휴니드,8560,-240,351020,,,,
20250314,005880,대한해운,1716,9,1282697,,,,
20250314,005930,삼성전자,54700,0,10845154,,,,
20250314,005935,삼성전자우,45500,150,638535,,,,
20250314,005940,NH투자증권,14490,-240,425011,,,,
20250314,005945,NH투자증권우,13000,-70,114755,,,,
20250314,005950,이수화학,6340,100,55871,,,,
20250314,005960,동부건설,3590,-10,11240,,,,
20250314,005965,동부건설우,18650,90,152,,,,
20250314,006040,동원산업,36200,550,33534,,,,
20250314,006060,화승인더,5160,110,141781,,,,
20250314,006090,사조오양,8480,-20,15770,,,,
20250314,006110,삼아알미늄,29550,-650,64760,,,,
20250314,006120,SK디스커버리,39900,1900,69468,,,,
20250314,006125,SK디스커버리우,33500,500,7129,,,,
20250314,006200,한국전자홀딩스,3530,80,3876,,,,
20250314,006220,제주은행,7760,-70,38330,,,,
20250314,006260,LS,130100,9000,2359703,,,,
20250314,006280,녹십자,128500,2600,50800,,,,
20250314,006340,대원전선,3095,100,1258985,,,,
20250314,006345,대원전선우,4105,150,31774,,,,
20250314,006360,GS건설,17780,40,190385,,,,
20250314,006370,대구백화점,7850,-1600,431787,,,,
20250314,006380,카프로,3660,0,0,,,,
20250314,006400,삼성SDI,187386,-12336,2851908,,,,
20250314,006405,삼성SDI우,122496,-4626,14842,,,,
20250314,006490,프리티,7005,5,88241,,,,
20250314,006570,대림통상,2475,5,1550,,,,
20250314,006650,대한유화,98900,700,21100,,,,
20250314,006660,삼성공조,17950,580,1110706,,,,
20250314,006740,블루산업개발,2313,14,25535,,,,
20250314,006800,미래에셋증권,9508,-80,803013,,,,
20250314,006805,미래에셋증권우,4622,5,23837,,,,
20250314,00680K,미래에셋증권2우B,4153,-15,110273,,,,
20250314,006840,AK홀딩스,10800,310,4314,,,,
20250314,006880,신송홀딩스,7190,70,135757,,,,
20250314,006890,태경케미컬,11760,10,20620,,,,
20250314,006980,우성,14580,180,2173,,,,
20250314,007070,GS리테일,14740,-120,129654,,,,
20250314,007110,일신석재,2040,60,3311810,,,,
20250314,007120,미래아이앤지,782,2,64169,,,,
20250314,007160,사조산업,33800,0,5034,,,,
20250314,007210,벽산,2195,35,177008,,,,
20250314,007280,한국특강,3528,14,16018,,,,
20250314,007310,오뚜기,394500,-3000,4281,,,,
20250314,007340,DN오토모티브,20600,-250,55042,,,,
20250314,007460,에이프로젠,749,22,2234905,,,,
20250314,007540,샘표,42200,200,2040,,,,
20250314,007570,일양약품,12082,22,18358,,,,
20250314,007575,일양약품우,13520,-58,49,,,,
20250314,007590,동방아그로,6030,20,1822,,,,
20250314,007610,선도전기,3000,0,0,,,,
20250314,007660,이수페타시스,40300,750,844811,,,,
20250314,007690,국도화학,30400,50,6077,,,,
20250314,007700,F&F홀딩스,12550,40,10794,,,,
20250314,007810,코리아써키트,11930,370,84140,,,,
20250314,007815,코리아써우,5750,120,573,,,,
20250314,00781K,코리아써키트2우B,5200,-100,1001,,,,
20250314,007860,서연,7740,510,621689,,,,
20250314,007980,TP,1345,1,62642,,,,
20250314,008040,사조동아원,1035,-29,335099,,,,
20250314,008060,대덕,7130,50,59761,,,,
20250314,00806K,대덕1우,7280,-40,530,,,,
20250314,008250,이건산업,5090,50,24484,,,,
20250314,008260,NI스틸,3495,45,174740,,,,
20250314,008350,남선알미늄,1370,0,122174,,,,
20250314,008355,남선알미우,14400,0,382,,,,
20250314,008420,문배철강,2600,25,676877,,,,
20250314,008490,서흥,15230,550,18362,,,,
20250314,008600,윌비스,7043,207,19069,,,,
20250314,008700,아남전자,1578,68,960152,,,,
20250314,008730,율촌화학,25950,-650,116865,,,,
20250314,008770,호텔신라,39150,-550,75339,,,,
20250314,008775,호텔신라우,32000,300,2183,,,,
20250314,008870,금비,56700,500,963,,,,
20250314,008930,한미사이언스,27950,650,64649,,,,
20250314,008970,KBI동양철관,1638,55,23416071,,,,
20250314,009070,KCTC,3780,0,43576,,,,
20250314,009140,경인전자,18450,-150,4074,,,,
20250314,009150,삼성전기,137400,-700,269055,,,,
20250314,009155,삼성전기우,60900,500,6480,,,,
20250314,009160,SIMPAC,3920,55,104993,,,,
20250314,009180,한솔로지스틱스,2350,15,82664,,,,
20250314,009190,대양금속,1378,32,214649,,,,
20250314,009200,무림페이퍼,2060,20,46795,,,,
20250314,009240,한샘,43500,-950,32472,,,,
20250314,009270,신원,1353,37,6822688,,,,
20250314,009290,광동제약,5530,-40,48039,,,,
20250314,009310,참엔지니어링,1660,-45,1487127,,,,
20250314,009320,아진전자부품,1049,17,41775,,,,
20250314,009410,태영건설,2420,-70,111773,,,,
20250314,009415,태영건설우,5250,-20,1206,,,,
20250314,009420,한올바이오파마,34800,50,265319,,,,
20250314,009440,KC그린홀딩스,752,-13,14448,,,,
20250314,009450,경동나비엔,80100,-600,39675,,,,
20250314,009460,한창제지,3500,15,14839,,,,
20250314,009470,삼화전기,38200,1800,118062,,,,
20250314,009540,HD한국조선해양,214000,-500,136430,,,,
20250314,009580,무림P&P,2905,-15,557014,,,,
20250314,009680,모토닉,9370,-40,28180,,,,
20250314,009770,삼정펄프,26550,100,131,,,,
20250314,009810,MDS스피어,3045,-20,15530,,,,
20250314,009830,한화솔루션,19006,-189,852793,,,,
20250314,009835,한화솔루션우,16420,73,6784,,,,
20250314,009900,명신산업,8940,-70,110721,,,,
20250314,009970,영원무역홀딩스,93600,0,12667,,,,
20250314,010040,한국내화,2160,-20,7622,,,,
20250314,010060,OCI홀딩스,79300,200,26186,,,,
20250314,010100,한국무브넥스,4680,290,734584,,,,
20250314,010120,LS ELECTRIC,41300,300,1689185,,,,
20250314,010130,고려아연,913000,-42000,73364,,,,
20250314,010140,삼성중공업,14320,240,8537547,,,,
20250314,010400,우진아이엔에스,2930,-10,4110,,,,
20250314,010580,에스엠벡셀,1189,0,12797,,,,
20250314,010640,진양폴리,5294,213,96245,,,,
20250314,010660,화천기계,3110,50,80783,,,,
20250314,010690,화신,7450,-10,76179,,,,
20250314,010770,평화홀딩스,7060,280,712647,,,,
20250314,010780,아이에스동서,16600,0,18650,,,,
20250314,010820,퍼스텍,3720,-5,701080,,,,
20250314,010950,S-Oil,59000,-1200,103373,,,,
20250314,010955,S-Oil우,38150,-100,2172,,,,
20250314,010960,삼호개발,3065,20,6506,,,,
20250314,011000,진원생명과학,10400,100,24067,,,,
20250314,011070,LG이노텍,158000,-1700,208157,,,,
20250314,011090,에넥스,2565,0,4968,,,,
20250314,011150,CJ씨푸드,3110,55,306653,,,,
20250314,011155,CJ씨푸드1우,15830,210,108,,,,
20250314,011170,롯데케미칼,74100,-1300,222175,,,,
20250314,011200,HMM,20700,100,1976062,,,,
20250314,011210,현대위아,44550,-250,57239,,,,
20250314,011230,삼화전자,3480,-5,28798,,,,
20250314,011280,태림포장,2110,40,88158,,,,
20250314,011300,우성머티리얼스,5080,30,19442,,,,
20250314,011330,유니켐,13000,-30,4305,,,,
20250314,011390,부산산업,74400,1500,6250,,,,
20250314,011420,갤럭시아에스엠,2020,5,191121,,,,
20250314,011500,한농화성,17810,280,1340295,,,,
20250314,011690,와이투솔루션,2265,45,103368,,,,
20250314,011700,한신기계,3095,30,92931,,,,
20250314,011760,현대코퍼레이션,24150,300,90549,,,,
20250314,011780,금호석유화학,113500,2500,124220,,,,
20250314,011785,금호석유화학우,52000,0,3100,,,,
20250314,011790,SKC,128301,5640,488991,,,,
20250314,011810,STX,4020,20,60693,,,,
20250314,011930,신성이엔지,12300,270,39219,,,,
20250314,012030,DB,1266,5,161851,,,,
20250314,012160,영흥,2000,10,4170,,,,
20250314,012170,아센디오,2880,75,2498722,,,,
20250314,012200,계양전기,1406,5,6091,,,,
20250314,012205,계양전기우,3282,68,1158,,,,
20250314,012280,영화금속,830,-7,54622,,,,
20250314,012320,경동인베스트,61900,-1100,15813,,,,
20250314,012330,현대모비스,255500,-500,216811,,,,
20250314,012450,한화에어로스페이스,694217,-1970,299519,,,,
20250314,012610,경인양행,2885,35,24199,,,,
20250314,012630,HDC,14540,-70,87552,,,,
20250314,012690,모나리자,2845,-15,66984,,,,
20250314,012750,에스원,61600,800,34445,,,,
20250314,012800,대창,1407,21,1145576,,,,
20250314,013000,세우글로벌,1235,6,15703,,,,
20250314,013360,일성건설,3810,260,1528853,,,,
20250314,013520,화승코퍼레이션,1666,-4,29498,,,,
20250314,013570,디와이,3915,35,25560,,,,
20250314,013580,계룡건설,13410,10,11689,,,,
20250314,013700,까뮤이앤씨,1247,-2,69357,,,,
20250314,013870,지엠비코리아,3780,60,9825,,,,
20250314,013890,지누스,17990,-80,56150,,,,
20250314,014130,한익스프레스,3435,50,5404,,,,
20250314,014160,대영포장,1416,36,881679,,,,
20250314,014280,금강공업,4035,-65,51858,,,,
20250314,014285,금강공업우,6440,240,121,,,,
20250314,014440,영보화학,4595,0,29359,,,,
20250314,014530,극동유화,3335,10,26133,,,,
20250314,014580,태경비케이,4515,75,35648,,,,
20250314,014680,한솔케미칼,137500,6500,136117,,,,
20250314,014710,사조씨푸드,5120,100,62781,,,,
20250314,014790,HL D&I,2255,10,53242,,,,
20250314,014820,동원시스템즈,35350,150,7883,,,,
20250314,014825,동원시스템즈우,17720,0,33,,,,
20250314,014830,유니드,78500,1200,31707,,,,
20250314,014910,성문전자,1112,-17,14073,,,,
20250314,014915,성문전자우,4845,335,82,,,,
20250314,014990,인디에프,3795,95,48711,,,,
20250314,015020,이스타코,3654,248,584481,,,,
20250314,015230,대창단조,5360,-20,33108,,,,
20250314,015260,에이엔피,495,3,11932,,,,
20250314,015360,INVENI,9620,-40,16340,,,,
20250314,015590,DKME,2575,0,0,,,,
20250314,015760,한국전력,22250,-100,992208,,,,
20250314,015860,일진홀딩스,3650,-5,18136,,,,
20250314,015890,태경산업,4770,60,27677,,,,
20250314,016090,대현,2175,-30,76614,,,,
20250314,016360,삼성증권,45050,-450,247700,,,,
20250314,016380,KG스틸,6740,-80,211178,,,,
20250314,016450,한세예스24홀딩스,4080,60,35803,,,,
20250314,016580,환인제약,11520,50,11390,,,,
20250314,016590,신대양제지,6570,300,50111,,,,
20250314,016610,DB증권,5900,-10,65003,,,,
20250314,016710,대성홀딩스,7000,-60,6384,,,,
20250314,016740,두올,3085,-10,7721,,,,
20250314,016800,퍼시스,42300,-500,671,,,,
20250314,016880,웅진,859,0,58058,,,,
20250314,017040,광명전기,1437,9,124748,,,,
20250314,017180,명문제약,1633,15,19708,,,,
20250314,017370,우신시스템,6150,150,35125,,,,
20250314,017390,서울가스,49200,0,1311,,,,
20250314,017550,수산세보틱스,1960,-9,54226,,,,
20250314,017670,SK텔레콤,55300,-700,510417,,,,
20250314,017800,현대엘리베이터,55500,200,71515,,,,
20250314,017810,풀무원,17160,-210,239180,,,,
20250314,017860,DS단석,25748,0,234025,,,,
20250314,017900,광전자,1792,21,17166,,,,
20250314,017940,E1,61100,1100,14911,,,,
20250314,017960,한국카본,15630,30,350896,,,,
20250314,018250,애경산업,14250,-50,28312,,,,
20250314,018260,삼성에스디에스,120200,1000,109152,,,,
20250314,018470,조일알미늄,1652,0,397306,,,,
20250314,018500,동원모빌리티,1880,116,669428,,,,
20250314,018670,SK가스,259500,9000,19535,,,,
20250314,018880,한온시스템,3713,-9,800471,,,,
20250314,019170,신풍제약,8120,-40,117343,,,,
20250314,019175,신풍제약우,12430,10,1965,,,,
20250314,019180,티에이치엔,3070,10,65491,,,,
20250314,019490,엑시큐어하이트론,720,10,1135906,,,,
20250314,019680,대교,2165,-5,21179,,,,
20250314,019685,대교우B,1282,11,15555,,,,
20250314,020000,한섬,15820,100,28018,,,,
20250314,020120,키다리스튜디오,3520,30,51874,,,,
20250314,020150,롯데에너지머티리얼즈,26100,-50,148917,,,,
20250314,020560,아시아나항공,10580,10,64895,,,,
20250314,020760,일진디스플,842,-15,47330,,,,
20250314,021050,서원,1274,6,144313,,,,
20250314,021240,코웨이,83500,-1000,145203,,,,
20250314,021820,세원정공,7840,70,7559,,,,
20250314,022100,포스코DX,27600,-1700,4659536,,,,
20250314,023000,삼원강재,2330,-30,29558,,,,
20250314,023150,MH에탄올,5050,10,7550,,,,
20250314,023350,한국종합기술,5470,170,43594,,,,
20250314,023450,동남합성,34300,200,1978,,,,
20250314,023530,롯데쇼핑,66700,-400,31410,,,,
20250314,023590,다우기술,21550,-50,55545,,,,
20250314,023800,인지컨트롤스,5860,170,14060,,,,
20250314,023810,인팩,5690,40,14314,,,,
20250314,023960,에쓰씨엔지니어링,1280,-3,32064,,,,
20250314,024070,WISCOM,1863,-26,10014,,,,
20250314,024090,디씨엠,11360,-30,1728,,,,
20250314,024110,기업은행,15700,-80,879679,,,,
20250314,024720,콜마홀딩스,7140,60,20816,,,,
20250314,024890,대원화성,4810,-30,4781,,,,
20250314,024900,디와이덕양,2820,70,45969,,,,
20250314,025000,KPX케미칼,41457,94,3307,,,,
20250314,025530,SJM홀딩스,3090,-25,6114,,,,
20250314,025540,한국단자,70500,3300,79727,,,,
20250314,025560,미래산업,2781,17,48760,,,,
20250314,025620,차AI헬스케어,3660,-30,5725,,,,
20250314,025750,한솔홈데코,4350,150,72331,,,,
20250314,025820,이구산업,4950,150,1512216,,,,
20250314,025860,남해화학,6380,60,67392,,,,
20250314,025890,한국주강,1743,-6,7594,,,,
20250314,026890,스틱인베스트먼트,7120,160,37068,,,,
20250314,026940,부국철강,2500,50,52325,,,,
20250314,026960,동서,25750,50,50022,,,,
20250314,027410,BGF,3400,50,54301,,,,
20250314,027740,마니커,1756,18,76470,,,,
20250314,027970,한국제지,3995,-10,6602,,,,
20250314,028050,삼성E&A,18740,-560,1658343,,,,
20250314,028100,동아지질,13450,-20,8278,,,,
20250314,028260,삼성물산,119600,700,275806,,,,
20250314,02826K,삼성물산우B,88500,400,1148,,,,
20250314,028670,팬오션,3610,-100,2011516,,,,
20250314,029460,케이씨,18900,410,10617,,,,
20250314,029530,신도리코,37900,-300,10636,,,,
20250314,029780,삼성카드,42550,-50,37968,,,,
20250314,030000,제일기획,17680,-30,172362,,,,
20250314,030190,NICE평가정보,12340,-160,60231,,,,
20250314,030200,KT,49100,700,513610,,,,
20250314,030210,다올투자증권,3035,-125,162140,,,,
20250314,030610,교보증권,6670,40,60841,,,,
20250314,030720,동원수산,4995,0,7997,,,,
20250314,031210,서울보증보험,32000,,18092710,,,,
20250314,031430,신세계인터내셔날,10330,0,81031,,,,
20250314,031820,아이티센씨티에스,6020,0,17261,,,,
20250314,032350,롯데관광개발,7780,110,139952,,,,
20250314,032560,황금에스티,5200,-30,8589,,,,
20250314,032640,LG유플러스,10710,-20,569189,,,,
20250314,032830,삼성생명,82000,-1100,213583,,,,
20250314,033240,자화전자,13270,280,48402,,,,
20250314,033250,체시스,5780,170,37224,,,,
20250314,033270,유나이티드제약,19080,120,13590,,,,
20250314,033530,SJG세종,4300,15,25841,,,,
20250314,033780,KT&G,95000,-1100,179380,,,,
20250314,033920,무학,6660,120,86361,,,,
20250314,034020,두산에너빌리티,26750,900,11307695,,,,
20250314,034120,SBS,21000,-200,55079,,,,
20250314,034220,LG디스플레이,8990,10,636840,,,,
20250314,034230,파라다이스,10320,20,345083,,,,
20250314,034310,NICE,11180,10,17258,,,,
20250314,034590,인천도시가스,24650,100,223,,,,
20250314,034730,SK,137100,0,91730,,,,
20250314,03473K,SK우,122200,400,478,,,,
20250314,034830,한국토지신탁,1001,0,64962,,,,
20250314,035000,HS애드,7270,-10,43623,,,,
20250314,035150,백산,14580,-180,67132,,,,
20250314,035250,강원랜드,16780,140,345001,,,,
20250314,035420,NAVER,208000,-8000,519114,,,,
20250314,035510,신세계 I&C,12470,140,91736,,,,
20250314,035720,카카오,43450,300,1733603,,,,
20250314,036420,콘텐트리중앙,8420,-250,54461,,,,
20250314,036460,한국가스공사,36750,50,765861,,,,
20250314,036530,SNT홀딩스,32000,650,19920,,,,
20250314,036570,NC,164800,1800,94501,,,,
20250314,036580,팜스코,2125,30,8029,,,,
20250314,037270,YG PLUS,5140,80,803461,,,,
20250314,037560,LG헬로비전,2370,-10,44212,,,,
20250314,037710,광주신세계,29300,-300,52533,,,,
20250314,039130,하나투어,56000,-1100,52034,,,,
20250314,039490,키움증권,120700,-800,45623,,,,
20250314,039570,HDC랩스,8720,-50,6829,,,,
20250314,041650,상신브레이크,2935,-5,25011,,,,
20250314,042660,한화오션,74300,800,2861617,,,,
20250314,042700,한미반도체,87800,-3200,862579,,,,
20250314,044380,주연테크,1710,-5,6337,,,,
20250314,044450,KSS해운,8730,20,29646,,,,
20250314,044820,코스맥스비티아이,9560,-40,3186,,,,
20250314,047040,대우건설,3465,15,380325,,,,
20250314,047050,포스코인터내셔널,55700,-1300,1359901,,,,
20250314,047400,유니온머티리얼,2105,0,117827,,,,
20250314,047810,한국항공우주,85700,1400,1249494,,,,
20250314,049800,우진플라임,2010,0,2346,,,,
20250314,051600,한전KPS,43500,-150,98662,,,,
20250314,051630,진양화학,4160,105,127834,,,,
20250314,051900,LG생활건강,327000,0,21517,,,,
20250314,051905,LG생활건강우,127300,600,5184,,,,
20250314,051910,LG화학,231000,-11500,402574,,,,
20250314,051915,LG화학우,112300,-2700,57492,,,,
20250314,052690,한전기술,64000,600,53076,,,,
20250314,053210,스카이라이프,4395,-10,5950,,,,
20250314,053690,한미글로벌,16730,-50,56151,,,,
20250314,055490,테이팩스,13840,70,4561,,,,
20250314,055550,신한지주,45700,-150,1036479,,,,
20250314,058430,포스코스틸리온,4440,25,2664120,,,,
20250314,058650,세아홀딩스,94700,200,565,,,,
20250314,058730,다스코,3030,15,28912,,,,
20250314,058850,KTcs,2705,25,79932,,,,
20250314,058860,KTis,2600,5,44906,,,,
20250314,060980,HL홀딩스,37300,50,6463,,,,
20250314,062040,산일전기,64400,-500,228631,,,,
20250314,063160,종근당바이오,19990,0,8173,,,,
20250314,064350,현대로템,101600,-2400,1840362,,,,
20250314,064400,LG씨엔에스,51700,0,320626,,,,
20250314,064960,SNT모티브,24850,-150,63147,,,,
20250314,066570,LG전자,80500,0,448426,,,,
20250314,066575,LG전자우,38750,200,16678,,,,
20250314,066970,엘앤에프,73400,-2700,390176,,,,
20250314,067830,세이브존I&C,2215,15,18277,,,,
20250314,068270,셀트리온,170857,1376,568106,,,,
20250314,068290,삼성출판사,15100,130,10531,,,,
20250314,069260,TKG휴켐스,15970,-110,29836,,,,
20250314,069460,대호에이엘,6570,50,73765,,,,
20250314,069620,대웅제약,119900,-400,16490,,,,
20250314,069640,한세엠케이,2030,-4,895,,,,
20250314,069730,DSR제강,3535,50,7158,,,,
20250314,069960,현대백화점,59000,-200,50290,,,,
20250314,070960,모나용평,4000,90,272241,,,,
20250314,071050,한국금융지주,73800,-800,116463,,,,
20250314,071055,한국금융지주우,54800,100,11636,,,,
20250314,071090,하이스틸,4385,365,22007253,,,,
20250314,071320,지역난방공사,49200,100,9101,,,,
20250314,071840,롯데하이마트,7540,160,24177,,,,
20250314,071950,코아스,10040,-10,4169,,,,
20250314,071970,HD현대마린엔진,28500,-550,538755,,,,
20250314,072130,유엔젤,5500,-270,411099,,,,
20250314,072710,농심홀딩스,65500,700,6540,,,,
20250314,073240,금호타이어,4875,-75,294699,,,,
20250314,074610,이엔플러스,7770,-30,35284,,,,
20250314,075180,새론오토모티브,3415,-115,23172,,,,
20250314,075580,세진중공업,7730,80,293654,,,,
20250314,077500,유니퀘스트,6900,100,414971,,,,
20250314,077970,STX엔진,25550,100,186671,,,,
20250314,078000,텔코웨어,9020,20,1025,,,,
20250314,078520,에이블씨엔씨,7180,10,71055,,,,
20250314,078930,GS,36900,150,201730,,,,
20250314,078935,GS우,36400,50,5051,,,,
20250314,079160,CJ CGV,4930,20,128944,,,,
20250314,079430,현대리바트,7250,20,13324,,,,
20250314,079550,LIG디펜스앤에어로스페이스,276000,-3500,261921,,,,
20250314,079900,전진건설로봇,55100,-400,225059,,,,
20250314,079980,휴비스,2610,-5,9488,,,,
20250314,081000,일진다이아,11390,-10,7317,,,,
20250314,081660,미스토홀딩스,35350,400,111235,,,,
20250314,082640,동양생명,4975,-25,107758,,,,
20250314,082740,한화엔진,23350,-350,976200,,,,
20250314,083420,그린케미칼,6480,60,47915,,,,
20250314,084010,대한제강,10782,213,51297,,,,
20250314,084670,동양고속,7190,30,512,,,,
20250314,084680,이월드,1318,-8,96287,,,,
20250314,084690,대상홀딩스,11750,330,374911,,,,
20250314,084695,대상홀딩스우,22750,1350,14341,,,,
20250314,084870,TBH글로벌,1136,8,21046,,,,
20250314,085310,엔케이,9110,-50,24910,,,,
20250314,085620,미래에셋생명,4525,15,7165,,,,
20250314,086280,현대글로비스,121300,400,100509,,,,
20250314,086790,하나금융지주,60100,-1500,1107925,,,,
20250314,088260,이리츠코크렙,4280,25,15359,,,,
20250314,088350,한화생명,2660,-80,1112313,,,,
20250314,088790,진도,1823,3,11081,,,,
20250314,088980,맥쿼리인프라,10980,-10,434818,,,,
20250314,089470,HDC현대EP,3605,15,5986,,,,
20250314,089590,제주항공,7080,-40,89396,,,,
20250314,089860,롯데렌탈,29800,250,26934,,,,
20250314,090080,평화산업,1190,-2,449016,,,,
20250314,090350,노루페인트,7690,130,28523,,,,
20250314,090355,노루페인트우,12270,270,534,,,,
20250314,090370,메타랩스,1389,0,20490,,,,
20250314,090430,아모레퍼시픽,112600,0,143705,,,,
20250314,090435,아모레퍼시픽우,34350,50,7806,,,,
20250314,090460,비에이치,14810,-20,182372,,,,
20250314,091810,트리니티항공,2272,-23,963584,,,,
20250314,092200,디아이씨,4600,175,291231,,,,
20250314,092220,KEC,3970,120,83881,,,,
20250314,092230,KPX홀딩스,55500,300,1603,,,,
20250314,092440,기신정기,2415,0,1943,,,,
20250314,092780,DYP,4595,-10,2244,,,,
20250314,092790,넥스틸,16760,670,4646547,,,,
20250314,093050,LF,15160,-60,25973,,,,
20250314,093240,형지엘리트,2033,109,2446058,,,,
20250314,093370,후성,4570,60,191878,,,,
20250314,094280,효성ITX,11820,0,5100,,,,
20250314,094800,맵스리얼티,4285,10,16776,,,,
20250314,095570,AJ네트웍스,3830,-25,115915,,,,
20250314,095720,웅진씽크빅,3094,-6,10413,,,,
20250314,096760,JW홀딩스,3020,0,28259,,,,
20250314,096770,SK이노베이션,132000,-7200,331659,,,,
20250314,096775,SK이노베이션우,80400,-800,12229,,,,
20250314,097230,HJ중공업,7900,-140,1775834,,,,
20250314,097520,엠씨넥스,24550,750,73747,,,,
20250314,097950,CJ제일제당,250500,0,55717,,,,
20250314,097955,CJ제일제당 우,133700,1400,1402,,,,
20250314,100090,SK오션플랜트,14870,-90,121728,,,,
20250314,100220,비상교육,4900,50,12456,,,,
20250314,100250,진양홀딩스,2920,5,9357,,,,
20250314,100840,SNT에너지,33900,-300,154721,,,,
20250314,101140,인바이오젠,6940,100,5676,,,,
20250314,101530,해태제과식품,6090,40,53008,,,,
20250314,102260,동성케미컬,3810,0,12384,,,,
20250314,102460,이연제약,11780,30,15103,,,,
20250314,103140,풍산,64700,900,326875,,,,
20250314,103590,일진전기,27900,800,418320,,,,
20250314,104700,한국철강,8000,-30,14616,,,,
20250314,105560,KB금융,78300,-300,1596060,,,,
20250314,105630,한세실업,12000,140,94180,,,,
20250314,105840,우진,7780,150,89375,,,,
20250314,107590,미원홀딩스,72700,100,50,,,,
20250314,108320,LX세미콘,57600,600,16323,,,,
20250314,108670,LX하우시스,30200,-100,18956,,,,
20250314,108675,LX하우시스우,18080,-110,1042,,,,
20250314,109070,주성코퍼레이션,1185,0,0,,,,
20250314,111110,호전실업,7880,150,16180,,,,
20250314,111380,동인기연,15500,110,2919,,,,
20250314,111770,영원무역,47250,100,41748,,,,
20250314,112610,씨에스윈드,36500,-650,119271,,,,
20250314,114090,GKL,10680,-40,118531,,,,
20250314,117580,대성에너지,7860,-20,26888,,,,
20250314,118000,메타케어,2910,-10,5753,,,,
20250314,119650,KC코트렐,934,-4,78229,,,,
20250314,120030,조선선재,98000,-1100,1726,,,,
20250314,120110,코오롱인더,31700,100,54574,,,,
20250314,120115,코오롱인더우,19490,0,4426,,,,
20250314,122900,아이마켓코리아,7790,-30,30556,,,,
20250314,123690,한국화장품,6780,-30,32255,,,,
20250314,123700,SJM,2950,10,11824,,,,
20250314,123890,한국자산신탁,2480,0,164648,,,,
20250314,126560,현대퓨처넷,3375,25,154740,,,,
20250314,126720,수산인더스트리,20900,350,29022,,,,
20250314,128820,대성산업,3165,36,274438,,,,
20250314,128940,한미약품,245000,3000,30574,,,,
20250314,129260,인터지스,2535,60,131992,,,,
20250314,130660,한전산업,11080,300,143143,,,,
20250314,133820,화인베스틸,1121,3,54569,,,,
20250314,134380,미원화학,7810,0,840,,,,
20250314,134790,시디즈,24350,-200,1351,,,,
20250314,136490,선진,5740,-20,20077,,,,
20250314,137310,에스디바이오센서,9900,-200,77058,,,,
20250314,138040,메리츠금융지주,115500,-2300,312445,,,,
20250314,138930,BNK금융지주,10490,170,949222,,,,
20250314,139130,iM금융지주,8870,30,206000,,,,
20250314,139480,이마트,84100,900,110458,,,,
20250314,139990,아주스틸,4290,90,17309,,,,
20250314,143210,핸즈코퍼레이션,1895,-1,16988,,,,
20250314,145210,다이나믹디자인,9120,930,60935,,,,
20250314,145270,케이탑리츠,986,6,19428,,,,
20250314,145720,덴티움,62100,1200,15210,,,,
20250314,145990,삼양사,44700,0,9991,,,,
20250314,145995,삼양사우,29350,0,599,,,,
20250314,155660,DSR,3825,-35,39111,,,,
20250314,161000,애경케미칼,7240,20,142008,,,,
20250314,161390,한국타이어앤테크놀로지,40200,-500,252987,,,,
20250314,161890,한국콜마,66100,-600,196425,,,,
20250314,163560,동일고무벨트,7450,60,25952,,,,
20250314,170900,동아에스티,43680,143,14796,,,,
20250314,175330,JB금융지주,16710,290,389325,,,,
20250314,178920,PI첨단소재,17990,-590,154187,,,,
20250314,180640,한진칼,81100,-1600,46358,,,,
20250314,18064K,한진칼우,23600,250,398,,,,
20250314,181710,NHN,18120,30,36005,,,,
20250314,183190,아세아시멘트,10230,-220,54882,,,,
20250314,185750,종근당,79300,500,23716,,,,
20250314,192080,더블유게임즈,50000,-300,39531,,,,
20250314,192400,쿠쿠홀딩스,22600,150,7742,,,,
20250314,192650,드림텍,7050,40,82014,,,,
20250314,192820,코스맥스,181400,-3500,72189,,,,
20250314,194370,제이에스코퍼레이션,8400,385,179048,,,,
20250314,195870,해성디에스,30550,1500,152866,,,,
20250314,200880,서연이화,12740,200,104766,,,,
20250314,204320,HL만도,40850,-650,146238,,,,
20250314,207940,삼성바이오로직스,1546803,-2943,54648,,,,
20250314,210540,디와이파워,12390,-30,22811,,,,
20250314,210980,SK디앤디,8540,240,102849,,,,
20250314,213500,한솔제지,8630,-130,96207,,,,
20250314,214320,이노션,18580,180,46056,,,,
20250314,214330,금호에이치티,16375,299,6606,,,,
20250314,214390,경보제약,6190,-30,59368,,,,
20250314,214420,토니모리,8880,120,906287,,,,
20250314,226320,잇츠한불,11270,190,6846,,,,
20250314,227840,현대코퍼레이션홀딩스,10380,30,11379,,,,
20250314,229640,LS에코에너지,36600,1850,289682,,,,
20250314,234080,JW생명과학,11330,230,83097,,,,
20250314,241560,두산밥캣,49550,-850,219187,,,,
20250314,241590,화승엔터프라이즈,8220,-130,432592,,,,
20250314,244920,에이플러스에셋,4000,0,50187,,,,
20250314,248070,솔루엠,17750,40,71832,,,,
20250314,248170,샘표식품,26250,100,8032,,,,
20250314,249420,일동제약,11290,-80,66386,,,,
20250314,251270,넷마블,40100,-300,122892,,,,
20250314,259960,크래프톤,356000,-2000,81671,,,,
20250314,264900,크라운제과,7930,-110,14773,,,,
20250314,26490K,크라운제과우,9210,-20,912,,,,
20250314,267250,HD현대,74700,-400,75026,,,,
20250314,267260,HD현대일렉트릭,338500,8000,189927,,,,
20250314,267270,HD건설기계,73300,-1300,137734,,,,
20250314,267290,경동도시가스,17540,60,4745,,,,
20250314,267850,아시아나IDT,11350,110,3191,,,,
20250314,268280,미원에스씨,147400,-100,1346,,,,
20250314,271560,오리온,110400,1600,197409,,,,
20250314,271940,일진하이솔루스,14420,-50,41470,,,,
20250314,271980,제일약품,10450,0,8386,,,,
20250314,272210,한화시스템,35050,0,2942661,,,,
20250314,272450,진에어,9610,-20,132381,,,,
20250314,272550,삼양패키징,14150,-60,8405,,,,
20250314,278470,에이피알,67400,-300,415810,,,,
20250314,280360,롯데웰푸드,118000,1900,8940,,,,
20250314,281820,케이씨텍,37500,1250,114714,,,,
20250314,282330,BGF리테일,104300,-800,33524,,,,
20250314,284740,쿠쿠홈시스,21500,150,19287,,,,
20250314,285130,SK케미칼,42100,250,21133,,,,
20250314,28513K,SK케미칼우,20300,150,2234,,,,
20250314,286940,롯데이노베이트,19520,-10,19022,,,,
20250314,293480,하나제약,10400,0,5845,,,,
20250314,293940,신한알파리츠,5920,20,143493,,,,
20250314,294870,IPARK현대산업개발,20450,-200,144999,,,,
20250314,298000,효성화학,77800,0,0,,,,
20250314,298020,효성티앤씨,233500,0,5859,,,,
20250314,298040,효성중공업,454000,24500,69609,,,,
20250314,298050,HS효성첨단소재,183600,1000,9080,,,,
20250314,298690,에어부산,2195,0,71400,,,,
20250314,300720,한일시멘트,16380,-370,103116,,,,
20250314,302440,SK바이오사이언스,42750,50,187904,,,,
20250314,306200,세아제강,204000,2500,52423,,,,
20250314,307950,현대오토에버,136700,0,26470,,,,
20250314,308170,씨티알모빌리티,5680,40,4488,,,,
20250314,316140,우리금융지주,16050,20,1355815,,,,
20250314,317400,자이에스앤디,3225,25,9577,,,,
20250314,322000,HD현대에너지솔루션,25900,650,47346,,,,
20250314,323410,카카오뱅크,23000,50,295997,,,,
20250314,326030,SK바이오팜,106600,1500,153613,,,,
20250314,329180,HD현대중공업,304500,-5500,162685,,,,
20250314,330590,롯데리츠,3450,-10,94407,,,,
20250314,334890,이지스밸류플러스리츠,4361,64,92813,,,,
20250314,336260,두산퓨얼셀,15910,100,130439,,,,
20250314,33626K,두산퓨얼셀1우,4610,5,1563,,,,
20250314,33626L,두산퓨얼셀2우B,7690,0,413,,,,
20250314,336370,솔루스첨단소재,9230,80,88725,,,,
20250314,33637K,솔루스첨단소재1우,1972,8,3301,,,,
20250314,33637L,솔루스첨단소재2우B,4095,115,4146,,,,
20250314,338100,NH프라임리츠,4490,-20,18519,,,,
20250314,339770,교촌에프앤비,5850,200,283475,,,,
20250314,344820,KCC글라스,31400,-50,17359,,,,
20250314,348950,제이알글로벌리츠,2600,-15,203587,,,,
20250314,350520,이지스레지던스리츠,4125,10,8585,,,,
20250314,352820,하이브,232000,-1500,195374,,,,
20250314,353200,대덕전자,18130,760,322140,,,,
20250314,35320K,대덕전자1우,8060,30,2206,,,,
20250314,357120,코람코라이프인프라리츠,4335,-10,69588,,,,
20250314,357250,미래에셋맵스리츠,2625,-20,40367,,,,
20250314,357430,마스턴프리미어리츠,1488,-4,99881,,,,
20250314,361610,SK아이이테크놀로지,25700,-350,128225,,,,
20250314,363280,티와이홀딩스,2215,-45,86346,,,,
20250314,36328K,티와이홀딩스우,3770,-30,1128,,,,
20250314,365550,ESR켄달스퀘어리츠,4758,-5,99576,,,,
20250314,372910,한컴라이프케어,3410,-30,85768,,,,
20250314,373220,LG에너지솔루션,326500,-14000,448904,,,,
20250314,375500,DL이앤씨,43400,-2000,197376,,,,
20250314,37550K,DL이앤씨우,17760,-40,2242,,,,
20250314,37550L,DL이앤씨2우(전환),27650,-550,2733,,,,
20250314,377190,디앤디플랫폼리츠,3185,0,69908,,,,
20250314,377300,카카오페이,30650,50,226467,,,,
20250314,377740,바이오노트,4825,-20,26571,,,,
20250314,378850,화승알앤에이,3165,10,44752,,,,
20250314,381970,케이카,13000,130,62963,,,,
20250314,383220,F&F,67200,-1100,81981,,,,
20250314,383800,LX홀딩스,6640,80,95439,,,,
20250314,38380K,LX홀딩스1우,8010,0,503,,,,
20250314,395400,SK리츠,4940,-10,115286,,,,
20250314,396690,미래에셋글로벌리츠,2760,-10,20991,,,,
20250314,400760,NH올원리츠,3487,-20,42440,,,,
20250314,402340,SK스퀘어,93400,1200,169491,,,,
20250314,403550,쏘카,16750,2540,191851,,,,
20250314,404990,신한서부티엔디리츠,3135,115,84576,,,,
20250314,415640,KB발해인프라,7380,80,42183,,,,
20250314,417310,코람코더원리츠,4885,45,41022,,,,
20250314,432320,KB스타리츠,3685,45,56117,,,,
20250314,443060,HD현대마린솔루션,142700,3000,121059,,,,
20250314,446070,유니드비티플러스,3845,-5,9217,,,,
20250314,448730,삼성FN리츠,4580,10,53009,,,,
20250314,450080,에코프로머티,71600,-900,557183,,,,
20250314,451800,한화리츠,3655,-65,284997,,,,
20250314,452260,한화갤러리아,1218,-2,259164,,,,
20250314,45226K,한화갤러리아우,2420,-5,5474,,,,
20250314,453340,현대그린푸드,13560,-10,19779,,,,
20250314,454910,두산로보틱스,62000,-600,271539,,,,
20250314,456040,OCI,58400,-100,26796,,,,
20250314,457190,이수스페셜티케미컬,55100,2000,2757378,,,,
20250314,460850,동국씨엠,7130,40,143997,,,,
20250314,460860,동국제강,9660,-110,212003,,,,
20250314,462520,조선내화,14410,60,1029,,,,
20250314,462870,시프트업,56900,3600,332437,,,,
20250314,465770,STX그린로지스,8280,10,61635,,,,
20250314,475150,SK이터닉스,14880,640,291588,,,,
20250314,475560,더본코리아,28550,-600,111255,,,,
20250314,481850,신한글로벌액티브리츠,1559,21,53509,,,,
20250314,484870,엠앤씨솔루션,26333,-1067,327921,,,,
20250314,487570,HS효성,30600,-50,9069,,,,
20250314,489790,한화비전,62800,7100,10167649,,,,
20250314,499790,GS피앤엘,19070,100,40181,,,,
20250314,900140,엘브이엠씨홀딩스,1698,29,357223,,,,
20250314,950210,프레스티지바이오파마,13720,-10,36864,,,,
20250317,000020,동화약품,6190,10,66677,,,,
20250317,000040,KR모터스,1940,-40,29289,,,,
20250317,000050,경방,6590,10,5337,,,,
20250317,000070,삼양홀딩스,40104,-134,32893,,,,
20250317,000080,하이트진로,19420,150,149858,,,,
20250317,000087,하이트진로2우B,15230,30,1234,,,,
20250317,000100,유한양행,125700,900,658842,,,,
20250317,000105,유한양행우,110800,1300,10628,,,,
20250317,000120,CJ대한통운,89500,-900,54341,,,,
20250317,000140,하이트진로홀딩스,8580,50,23332,,,,
20250317,000145,하이트진로홀딩스우,10190,10,8,,,,
20250317,000150,두산,338000,-4000,85500,,,,
20250317,000155,두산우,149500,-2800,11293,,,,
20250317,000157,두산2우B,137000,-2000,1584,,,,
20250317,000180,성창기업지주,6470,-45,9376,,,,
20250317,000210,DL,35550,550,35660,,,,
20250317,000215,DL우,19150,-150,1849,,,,
20250317,000220,유유제약,4450,30,11487,,,,
20250317,000225,유유제약1우,4730,-65,4080,,,,
20250317,000227,유유제약2우B,9590,0,289,,,,
20250317,000230,일동홀딩스,6190,50,13092,,,,
20250317,000240,한국앤컴퍼니,16330,220,110375,,,,
20250317,000270,기아,98800,-700,1892886,,,,
20250317,000300,DH오토넥스,4200,0,0,,,,
20250317,000320,노루홀딩스,14370,340,22707,,,,
20250317,000325,노루홀딩스우,28500,500,537,,,,
20250317,000370,한화손해보험,4100,-5,207648,,,,
20250317,000390,SP삼화,6450,230,7632976,,,,
20250317,000400,롯데손해보험,1822,-17,131929,,,,
20250317,000430,대원강업,3645,-10,50701,,,,
20250317,000480,CR홀딩스,5300,-10,14512,,,,
20250317,000490,대동,12450,250,303084,,,,
20250317,000500,가온전선,29340,-611,103533,,,,
20250317,000520,삼일제약,12490,160,175209,,,,
20250317,000540,흥국화재,3275,10,53614,,,,
20250317,000545,흥국화재우,5300,20,22438,,,,
20250317,000590,CS홀딩스,72000,-100,128,,,,
20250317,000640,동아쏘시오홀딩스,95761,-1166,14776,,,,
20250317,000650,천일고속,38950,50,1828,,,,
20250317,000660,SK하이닉스,206000,1500,2584679,,,,
20250317,000670,영풍,47232,97,57890,,,,
20250317,000680,LS네트웍스,4155,-100,745294,,,,
20250317,000700,유수홀딩스,5490,10,13377,,,,
20250317,000720,현대건설,32950,350,578450,,,,
20250317,000725,현대건설우,48950,600,1442,,,,
20250317,000760,이화산업,10450,90,123,,,,
20250317,000810,삼성화재,388000,11000,57489,,,,
20250317,000815,삼성화재우,289500,500,6913,,,,
20250317,000850,화천기공,28450,150,3507,,,,
20250317,000860,강남제비스코,12155,100,3708,,,,
20250317,000880,한화,56302,1021,509871,,,,
20250317,00088K,한화3우B,19381,90,75663,,,,
20250317,000890,보해양조,2190,20,59903,,,,
20250317,000910,유니온,5320,-40,197255,,,,
20250317,000950,전방,19500,-20,339,,,,
20250317,000970,한국주철관,6240,0,7314,,,,
20250317,000990,DB하이텍,47250,2550,569766,,,,
20250317,001020,페이퍼코리아,3485,15,8522,,,,
20250317,001040,CJ,131200,3400,718698,,,,
20250317,001045,CJ우,66300,400,55366,,,,
20250317,00104K,CJ4우(전환),99100,1900,65068,,,,
20250317,001060,JW중외제약,22100,-50,42299,,,,
20250317,001065,JW중외제약우,28350,250,9,,,,
20250317,001067,JW중외제약2우B,61000,400,1,,,,
20250317,001070,대한방직,5230,-30,12912,,,,
20250317,001080,만호제강,2545,10,6150,,,,
20250317,001120,LX인터내셔널,25750,200,87610,,,,
20250317,001130,대한제분,12990,40,6030,,,,
20250317,001200,유진투자증권,2585,20,321152,,,,
20250317,001210,금호전기,3415,-90,22664,,,,
20250317,001230,동국홀딩스,1701,0,43521,,,,
20250317,001250,GS글로벌,2610,-5,270419,,,,
20250317,001260,남광토건,8310,80,22144,,,,
20250317,001270,부국증권,26950,150,4395,,,,
20250317,001275,부국증권우,21900,0,1320,,,,
20250317,001290,상상인증권,419,-1,12873,,,,
20250317,001340,PKC,6850,-50,108011,,,,
20250317,001360,삼성제약,1583,6,158893,,,,
20250317,001380,SG글로벌,6301,301,465923,,,,
20250317,001390,KG케미칼,3860,-40,129817,,,,
20250317,001420,태원물산,3530,20,940,,,,
20250317,001430,세아베스틸지주,20350,300,96458,,,,
20250317,001440,대한전선,12750,-260,2775346,,,,
20250317,001450,현대해상,22900,-50,207197,,,,
20250317,001460,BYC,27100,-50,569,,,,
20250317,001465,BYC우,12490,-40,1636,,,,
20250317,001470,삼부토건,417,-34,15026455,,,,
20250317,001500,현대차증권,5790,-430,2162400,,,,
20250317,001510,SK증권,941,4,349468,,,,
20250317,001515,SK증권우,3452,-6,311,,,,
20250317,001520,동양,1236,6,322619,,,,
20250317,001525,동양우,8320,-1000,1807,,,,
20250317,001527,동양2우B,16720,-60,2,,,,
20250317,001530,DI동일,43762,142,32849,,,,
20250317,001550,조비,10420,-20,4122,,,,
20250317,001560,제일연마,8960,-30,3871,,,,
20250317,001570,금양,12720,-710,2375964,,,,
20250317,001620,케이비아이동국실업,2475,25,7683,,,,
20250317,001630,종근당홀딩스,43300,150,5010,,,,
20250317,001680,대상,24500,100,56688,,,,
20250317,001685,대상우,17590,80,4032,,,,
20250317,001720,신영증권,77700,-1900,27007,,,,
20250317,001740,SK네트웍스,4410,105,199102,,,,
20250317,001750,한양증권,12040,530,37940,,,,
20250317,001755,한양증권우,12420,260,8363,,,,
20250317,001770,SHD,14760,0,1917,,,,
20250317,001780,알루코,2185,-25,179237,,,,
20250317,001790,대한제당,2760,40,224212,,,,
20250317,001795,대한제당우,2285,5,4834,,,,
20250317,001800,오리온홀딩스,15300,180,133540,,,,
20250317,001820,삼화콘덴서,27800,-250,37463,,,,
20250317,001940,KISCO홀딩스,19770,-70,4610,,,,
20250317,002020,코오롱,25500,550,517251,,,,
20250317,002025,코오롱우,15560,230,36624,,,,
20250317,002030,아세아,266000,-500,838,,,,
20250317,002070,비비안,15577,119,8874,,,,
20250317,002100,경농,9190,80,20008,,,,
20250317,002140,고려산업,2815,25,199376,,,,
20250317,002150,도화엔지니어링,6650,-10,19489,,,,
20250317,002170,SYTS,47750,650,1513,,,,
20250317,002200,한국수출포장,2745,0,25188,,,,
20250317,002210,동성제약,3864,-50,25150,,,,
20250317,002220,한일철강,1911,56,18857,,,,
20250317,002240,고려제강,17750,-20,6598,,,,
20250317,002310,아세아제지,7230,20,100170,,,,
20250317,002320,한진,19470,70,2521,,,,
20250317,002350,넥센타이어,5370,10,59225,,,,
20250317,002355,넥센타이어1우B,2830,-40,19359,,,,
20250317,002360,SH에너지화학,4770,-50,13019,,,,
20250317,002380,KCC,281500,-2500,21782,,,,
20250317,002390,한독,11350,-80,15670,,,,
20250317,002410,범양건영,2065,20,1297777,,,,
20250317,002420,세기상사,5100,-30,769,,,,
20250317,002450,삼익악기,1175,11,95280,,,,
20250317,002460,HS화성,9700,0,17673,,,,
20250317,002600,조흥,163500,-1900,14,,,,
20250317,002620,제일파마홀딩스,7330,-70,1619,,,,
20250317,002630,오리엔트바이오,3266,254,11019059,,,,
20250317,002690,동일제강,1244,-10,29358,,,,
20250317,002700,신일전자,1457,-4,102812,,,,
20250317,002710,TCC스틸,26900,-450,191109,,,,
20250317,002720,국제약품,4725,-60,84318,,,,
20250317,002760,보락,1100,23,585477,,,,
20250317,002780,진흥기업,778,-6,125280,,,,
20250317,002785,진흥기업우B,3125,15,2596,,,,
20250317,002787,진흥기업2우B,9720,40,2,,,,
20250317,002790,아모레퍼시픽홀딩스,21600,150,111090,,,,
20250317,002795,아모레퍼시픽홀딩스우,9120,-60,17574,,,,
20250317,00279K,아모레퍼시픽홀딩스3우C,18040,10,1947,,,,
20250317,002810,삼영무역,13520,0,7864,,,,
20250317,002820,SUN&L,2810,0,7477,,,,
20250317,002840,미원상사,183500,1800,2484,,,,
20250317,002870,신풍,1263,-61,5221853,,,,
20250317,002880,디와이에이,971,3,18394,,,,
20250317,002900,TYM,4930,55,154073,,,,
20250317,002920,유성기업,1839,2,9358,,,,
20250317,002960,한국쉘석유,309000,1000,1461,,,,
20250317,002990,금호건설,2535,-10,27280,,,,
20250317,002995,금호건설우,12540,190,1369,,,,
20250317,003000,부광약품,4213,-9,70727,,,,
20250317,003010,혜인,5190,-20,37850,,,,
20250317,003030,세아제강지주,268000,0,16240,,,,
20250317,003060,에이프로젠바이오로직스,771,-12,296013,,,,
20250317,003070,코오롱글로벌,8920,-170,21845,,,,
20250317,003075,코오롱글로벌우,15190,-260,2320,,,,
20250317,003080,SB성보,2455,5,37689,,,,
20250317,003090,대웅,19900,470,24624,,,,
20250317,003120,일성아이에스,15340,-10,3510,,,,
20250317,003160,디아이,14020,950,1944853,,,,
20250317,003200,일신방직,7960,40,46379,,,,
20250317,003220,대원제약,14050,-50,111447,,,,
20250317,003230,삼양식품,926000,9000,57800,,,,
20250317,003240,태광산업,729000,-21000,1070,,,,
20250317,003280,흥아해운,1707,2,1610555,,,,
20250317,003300,한일홀딩스,14060,-60,5310,,,,
20250317,003350,한국화장품제조,9980,90,303490,,,,
20250317,003460,유화증권,2325,-5,6739,,,,
20250317,003465,유화증권우,2310,0,31970,,,,
20250317,003470,유안타증권,2830,55,336590,,,,
20250317,003475,유안타증권우,3045,5,9736,,,,
20250317,003480,한진중공업홀딩스,3545,20,23178,,,,
20250317,003490,대한항공,22850,150,972604,,,,
20250317,003495,대한항공우,21850,0,1197,,,,
20250317,003520,영진약품,1994,-1,138846,,,,
20250317,003530,한화투자증권,3485,50,658528,,,,
20250317,003535,한화투자증권우,5950,10,2197,,,,
20250317,003540,대신증권,17170,230,176392,,,,
20250317,003545,대신증권우,16080,30,73087,,,,
20250317,003547,대신증권2우B,15430,-50,58210,,,,
20250317,003550,LG,68600,1200,260197,,,,
20250317,003555,LG우,57100,200,2158,,,,
20250317,003570,SNT다이내믹스,36050,1000,150900,,,,
20250317,003580,HLB글로벌,4005,120,132181,,,,
20250317,003610,방림,3900,-10,107437,,,,
20250317,003620,KG모빌리티,4084,-42,471600,,,,
20250317,003650,미창석유,99300,100,2471,,,,
20250317,003670,포스코퓨처엠,131729,-1454,262379,,,,
20250317,003680,한성기업,4815,0,40399,,,,
20250317,003690,코리안리,8080,20,234588,,,,
20250317,003720,삼영,4190,-100,183172,,,,
20250317,003780,진양산업,8810,70,162791,,,,
20250317,003830,대한화섬,111500,-700,461,,,,
20250317,003850,보령,9490,-150,161960,,,,
20250317,003920,남양유업,72300,-200,16420,,,,
20250317,003925,남양유업우,38000,-1000,10872,,,,
20250317,003960,사조대림,40400,50,42392,,,,
20250317,004000,롯데정밀화학,40450,50,51481,,,,
20250317,004020,현대제철,29150,350,403375,,,,
20250317,004060,SG세계물산,3180,20,23294,,,,
20250317,004080,신흥,14600,-50,49,,,,
20250317,004090,한국석유,12760,0,86786,,,,
20250317,004100,태양금속,2785,55,363084,,,,
20250317,004105,태양금속우,4520,140,16571,,,,
20250317,004140,동방,2345,30,233083,,,,
20250317,004150,한솔홀딩스,2480,10,26911,,,,
20250317,004170,신세계,150000,300,20928,,,,
20250317,004250,NPC,3980,-25,9003,,,,
20250317,004255,NPC우,2420,5,3985,,,,
20250317,004270,남성,8586,24,8434,,,,
20250317,004310,현대약품,3260,-25,38557,,,,
20250317,004360,세방,11900,-20,12798,,,,
20250317,004365,세방우,7680,-20,604,,,,
20250317,004370,농심,389000,6000,23571,,,,
20250317,004380,삼익THK,14853,131,133456,,,,
20250317,004410,서울식품,1400,-10,55015,,,,
20250317,004415,서울식품우,11970,-20,914,,,,
20250317,004430,송원산업,12010,10,44927,,,,
20250317,004440,삼일씨엔에스,4025,60,21705,,,,
20250317,004450,삼화왕관,30800,-150,1529,,,,
20250317,004490,세방전지,70300,-400,41950,,,,
20250317,004540,깨끗한나라,2375,80,2948151,,,,
20250317,004545,깨끗한나라우,11820,370,944,,,,
20250317,004560,현대비앤지스틸,13240,-10,56603,,,,
20250317,004690,삼천리,90000,200,9575,,,,
20250317,004700,조광피혁,51600,100,726,,,,
20250317,004710,한솔테크닉스,4128,45,51669,,,,
20250317,004720,팜젠사이언스,4120,-55,25882,,,,
20250317,004770,써니전자,2300,125,838875,,,,
20250317,004800,효성,48250,450,16739,,,,
20250317,004830,덕성,7430,60,312305,,,,
20250317,004835,덕성우,11500,520,22416,,,,
20250317,004840,DRB동일,4220,-25,3956,,,,
20250317,004870,티웨이홀딩스,3401,-5,58089,,,,
20250317,004890,동일산업,39900,-100,2057,,,,
20250317,004910,조광페인트,5870,40,17980,,,,
20250317,004920,씨아이테크,1043,14,38335,,,,
20250317,004960,한신공영,6280,0,9919,,,,
20250317,004970,신라교역,8740,-20,16590,,,,
20250317,004980,성신양회,7310,-50,42308,,,,
20250317,004985,성신양회우,11040,-70,818,,,,
20250317,004990,롯데지주,23250,300,51969,,,,
20250317,00499K,롯데지주우,27000,50,189,,,,
20250317,005010,휴스틸,6250,190,5993030,,,,
20250317,005030,부산주공,486,0,0,,,,
20250317,005070,코스모신소재,48000,-250,303522,,,,
20250317,005090,SGC에너지,23150,100,9264,,,,
20250317,005110,한창,1254,0,0,,,,
20250317,005180,빙그레,93300,-1600,59692,,,,
20250317,005250,녹십자홀딩스,14060,160,30319,,,,
20250317,005257,녹십자홀딩스2우,21900,300,13,,,,
20250317,005300,롯데칠성,108500,1400,7351,,,,
20250317,005305,롯데칠성우,65800,-300,673,,,,
20250317,005320,온타이드,878,34,44613,,,,
20250317,005360,모나미,2010,0,17267,,,,
20250317,005380,현대차,199000,500,369290,,,,
20250317,005385,현대차우,146100,-800,33844,,,,
20250317,005387,현대차2우B,148400,-1400,67374,,,,
20250317,005389,현대차3우B,146400,-300,7683,,,,
20250317,005420,코스모화학,19000,60,114218,,,,
20250317,005430,한국공항,51100,-400,4196,,,,
20250317,005440,현대지에프홀딩스,5310,40,76833,,,,
20250317,005490,POSCO홀딩스,307000,2500,328872,,,,
20250317,005500,삼진제약,17800,130,8392,,,,
20250317,005610,삼립,51800,-900,17459,,,,
20250317,005680,삼영전자,9960,-20,16652,,,,
20250317,005690,파미셀,12290,-70,967960,,,,
20250317,005720,넥센,4490,-95,106928,,,,
20250317,005725,넥센우,3100,25,200,,,,
20250317,005740,크라운해태홀딩스,5390,10,15107,,,,
20250317,005745,크라운해태홀딩스우,7660,100,67,,,,
20250317,005750,대림바스,4045,90,21361,,,,
20250317,005800,신영와코루,10370,90,4739,,,,
20250317,005810,풍산홀딩스,28400,200,25295,,,,
20250317,005820,원림,13890,-110,191,,,,
20250317,005830,DB손해보험,95200,300,215098,,,,
20250317,005850,에스엘,34950,550,100108,,,,
20250317,005870,휴니드,9040,480,850317,,,,
20250317,005880,대한해운,1706,-10,1217347,,,,
20250317,005930,삼성전자,57600,2900,35559021,,,,
20250317,005935,삼성전자우,47450,1950,2269492,,,,
20250317,005940,NH투자증권,15040,550,717687,,,,
20250317,005945,NH투자증권우,13090,90,109813,,,,
20250317,005950,이수화학,6240,-100,60004,,,,
20250317,005960,동부건설,3595,5,15564,,,,
20250317,005965,동부건설우,18590,-60,220,,,,
20250317,006040,동원산업,36500,300,25644,,,,
20250317,006060,화승인더,5160,0,95424,,,,
20250317,006090,사조오양,8470,-10,3375,,,,
20250317,006110,삼아알미늄,29000,-550,53899,,,,
20250317,006120,SK디스커버리,40200,300,27494,,,,
20250317,006125,SK디스커버리우,33800,300,13093,,,,
20250317,006200,한국전자홀딩스,3485,-45,3847,,,,
20250317,006220,제주은행,7810,50,33196,,,,
20250317,006260,LS,121700,-8400,725086,,,,
20250317,006280,녹십자,130900,2400,24393,,,,
20250317,006340,대원전선,3025,-70,861878,,,,
20250317,006345,대원전선우,4030,-75,14737,,,,
20250317,006360,GS건설,17950,170,113614,,,,
20250317,006370,대구백화점,8080,230,113666,,,,
20250317,006380,카프로,3660,0,0,,,,
20250317,006400,삼성SDI,186407,-979,976834,,,,
20250317,006405,삼성SDI우,120183,-2313,8992,,,,
20250317,006490,프리티,6660,-345,346059,,,,
20250317,006570,대림통상,2445,-30,5192,,,,
20250317,006650,대한유화,98000,-900,24753,,,,
20250317,006660,삼성공조,19070,1120,4592456,,,,
20250317,006740,블루산업개발,2313,0,37945,,,,
20250317,006800,미래에셋증권,9877,369,2333243,,,,
20250317,006805,미래에셋증권우,4720,98,100216,,,,
20250317,00680K,미래에셋증권2우B,4177,24,334284,,,,
20250317,006840,AK홀딩스,10720,-80,13982,,,,
20250317,006880,신송홀딩스,7180,-10,144233,,,,
20250317,006890,태경케미컬,11800,40,17623,,,,
20250317,006980,우성,14610,30,1677,,,,
20250317,007070,GS리테일,14700,-40,126691,,,,
20250317,007110,일신석재,2010,-30,791200,,,,
20250317,007120,미래아이앤지,794,12,65999,,,,
20250317,007160,사조산업,33700,-100,6716,,,,
20250317,007210,벽산,2205,10,186766,,,,
20250317,007280,한국특강,3482,-46,32004,,,,
20250317,007310,오뚜기,399500,5000,2351,,,,
20250317,007340,DN오토모티브,22200,1600,233449,,,,
20250317,007460,에이프로젠,752,3,1361167,,,,
20250317,007540,샘표,41850,-350,2055,,,,
20250317,007570,일양약품,12071,-11,34329,,,,
20250317,007575,일양약품우,13896,376,241,,,,
20250317,007590,동방아그로,6030,0,3090,,,,
20250317,007610,선도전기,3000,0,0,,,,
20250317,007660,이수페타시스,41050,750,1609344,,,,
20250317,007690,국도화학,30500,100,7028,,,,
20250317,007700,F&F홀딩스,12570,20,5453,,,,
20250317,007810,코리아써키트,12140,210,144170,,,,
20250317,007815,코리아써우,5850,100,3925,,,,
20250317,00781K,코리아써키트2우B,5120,-80,1084,,,,
20250317,007860,서연,7740,0,377441,,,,
20250317,007980,TP,1359,14,73769,,,,
20250317,008040,사조동아원,1037,2,501677,,,,
20250317,008060,대덕,7150,20,86697,,,,
20250317,00806K,대덕1우,7320,40,554,,,,
20250317,008250,이건산업,5100,10,21669,,,,
20250317,008260,NI스틸,3480,-15,72720,,,,
20250317,008350,남선알미늄,1381,11,239967,,,,
20250317,008355,남선알미우,14550,150,960,,,,
20250317,008420,문배철강,2605,5,203860,,,,
20250317,008490,서흥,15730,500,28796,,,,
20250317,008600,윌비스,7332,289,49688,,,,
20250317,008700,아남전자,1592,14,372371,,,,
20250317,008730,율촌화학,28150,2200,231233,,,,
20250317,008770,호텔신라,39300,150,48621,,,,
20250317,008775,호텔신라우,31900,-100,726,,,,
20250317,008870,금비,56400,-300,773,,,,
20250317,008930,한미사이언스,28600,650,78003,,,,
20250317,008970,KBI동양철관,1599,-39,5912533,,,,
20250317,009070,KCTC,3795,15,33145,,,,
20250317,009140,경인전자,18670,220,1670,,,,
20250317,009150,삼성전기,139800,2400,323118,,,,
20250317,009155,삼성전기우,61200,300,13418,,,,
20250317,009160,SIMPAC,3995,75,145965,,,,
20250317,009180,한솔로지스틱스,2330,-20,75436,,,,
20250317,009190,대양금속,1356,-22,66959,,,,
20250317,009200,무림페이퍼,2090,30,89189,,,,
20250317,009240,한샘,43600,100,30589,,,,
20250317,009270,신원,1358,5,487384,,,,
20250317,009290,광동제약,5560,30,34627,,,,
20250317,009310,참엔지니어링,1585,-75,522897,,,,
20250317,009320,아진전자부품,1056,7,62293,,,,
20250317,009410,태영건설,2365,-55,222471,,,,
20250317,009415,태영건설우,5160,-90,11203,,,,
20250317,009420,한올바이오파마,35750,950,214396,,,,
20250317,009440,KC그린홀딩스,743,-9,20398,,,,
20250317,009450,경동나비엔,80000,-100,148729,,,,
20250317,009460,한창제지,3505,5,6589,,,,
20250317,009470,삼화전기,38250,50,102582,,,,
20250317,009540,HD한국조선해양,216500,2500,232866,,,,
20250317,009580,무림P&P,2945,40,448438,,,,
20250317,009680,모토닉,9380,10,61278,,,,
20250317,009770,삼정펄프,26300,-250,1654,,,,
20250317,009810,MDS스피어,3045,0,18989,,,,
20250317,009830,한화솔루션,19053,47,1044565,,,,
20250317,009835,한화솔루션우,16374,-46,4321,,,,
20250317,009900,명신산업,8950,10,137939,,,,
20250317,009970,영원무역홀딩스,99900,6300,28318,,,,
20250317,010040,한국내화,2180,20,10614,,,,
20250317,010060,OCI홀딩스,79300,0,44063,,,,
20250317,010100,한국무브넥스,4710,30,800793,,,,
20250317,010120,LS ELECTRIC,41400,100,1905105,,,,
20250317,010130,고려아연,893000,-20000,42153,,,,
20250317,010140,삼성중공업,14790,470,20321168,,,,
20250317,010400,우진아이엔에스,2910,-20,4031,,,,
20250317,010580,에스엠벡셀,1213,24,44283,,,,
20250317,010640,진양폴리,5465,171,103666,,,,
20250317,010660,화천기계,3165,55,69242,,,,
20250317,010690,화신,7400,-50,96317,,,,
20250317,010770,평화홀딩스,7090,30,945033,,,,
20250317,010780,아이에스동서,16650,50,34544,,,,
20250317,010820,퍼스텍,3880,160,2037312,,,,
20250317,010950,S-Oil,58500,-500,148438,,,,
20250317,010955,S-Oil우,38000,-150,4654,,,,
20250317,010960,삼호개발,3065,0,10786,,,,
20250317,011000,진원생명과학,10300,-100,40046,,,,
20250317,011070,LG이노텍,158900,900,166247,,,,
20250317,011090,에넥스,2550,-15,29686,,,,
20250317,011150,CJ씨푸드,3120,10,149828,,,,
20250317,011155,CJ씨푸드1우,15850,20,267,,,,
20250317,011170,롯데케미칼,69800,-4300,370090,,,,
20250317,011200,HMM,20850,150,1346575,,,,
20250317,011210,현대위아,45250,700,47315,,,,
20250317,011230,삼화전자,3480,0,31265,,,,
20250317,011280,태림포장,2135,25,114272,,,,
20250317,011300,우성머티리얼스,5080,0,45815,,,,
20250317,011330,유니켐,12960,-40,9271,,,,
20250317,011390,부산산업,73400,-1000,3290,,,,
20250317,011420,갤럭시아에스엠,2020,0,128313,,,,
20250317,011500,한농화성,17770,-40,328900,,,,
20250317,011690,와이투솔루션,2265,0,94830,,,,
20250317,011700,한신기계,3070,-25,90934,,,,
20250317,011760,현대코퍼레이션,23900,-250,47017,,,,
20250317,011780,금호석유화학,112800,-700,219535,,,,
20250317,011785,금호석유화학우,52100,100,7125,,,,
20250317,011790,SKC,125857,-2444,412295,,,,
20250317,011810,STX,3980,-40,93620,,,,
20250317,011930,신성이엔지,12390,90,39444,,,,
20250317,012030,DB,1341,75,1394392,,,,
20250317,012160,영흥,1990,-10,10435,,,,
20250317,012170,아센디오,2730,-150,1098637,,,,
20250317,012200,계양전기,1408,2,21702,,,,
20250317,012205,계양전기우,3238,-44,1064,,,,
20250317,012280,영화금속,830,0,37945,,,,
20250317,012320,경동인베스트,62600,700,15252,,,,
20250317,012330,현대모비스,259500,4000,159986,,,,
20250317,012450,한화에어로스페이스,741483,47266,676451,,,,
20250317,012610,경인양행,2885,0,64325,,,,
20250317,012630,HDC,14350,-190,110330,,,,
20250317,012690,모나리자,2890,45,676788,,,,
20250317,012750,에스원,62100,500,29858,,,,
20250317,012800,대창,1387,-20,692752,,,,
20250317,013000,세우글로벌,1245,10,13043,,,,
20250317,013360,일성건설,3840,30,2083541,,,,
20250317,013520,화승코퍼레이션,1683,17,59787,,,,
20250317,013570,디와이,4025,110,83847,,,,
20250317,013580,계룡건설,13220,-190,24739,,,,
20250317,013700,까뮤이앤씨,1241,-6,77917,,,,
20250317,013870,지엠비코리아,3810,30,15469,,,,
20250317,013890,지누스,19200,1210,146003,,,,
20250317,014130,한익스프레스,3355,-80,9911,,,,
20250317,014160,대영포장,1456,40,1192475,,,,
20250317,014280,금강공업,4040,5,49122,,,,
20250317,014285,금강공업우,6400,-40,14,,,,
20250317,014440,영보화학,4730,135,78070,,,,
20250317,014530,극동유화,3330,-5,29542,,,,
20250317,014580,태경비케이,4535,20,147550,,,,
20250317,014680,한솔케미칼,143700,6200,87831,,,,
20250317,014710,사조씨푸드,5180,60,42979,,,,
20250317,014790,HL D&I,2225,-30,99146,,,,
20250317,014820,동원시스템즈,36000,650,15936,,,,
20250317,014825,동원시스템즈우,17780,60,165,,,,
20250317,014830,유니드,77700,-800,40550,,,,
20250317,014910,성문전자,1132,20,30574,,,,
20250317,014915,성문전자우,4605,-240,304,,,,
20250317,014990,인디에프,3735,-60,23176,,,,
20250317,015020,이스타코,3570,-84,983215,,,,
20250317,015230,대창단조,5360,0,74939,,,,
20250317,015260,에이엔피,490,-5,27305,,,,
20250317,015360,INVENI,9530,-90,70835,,,,
20250317,015590,DKME,2575,0,0,,,,
20250317,015760,한국전력,22150,-100,1344995,,,,
20250317,015860,일진홀딩스,3655,5,32249,,,,
20250317,015890,태경산업,4770,0,18073,,,,
20250317,016090,대현,2110,-65,172896,,,,
20250317,016360,삼성증권,46050,1000,166255,,,,
20250317,016380,KG스틸,6670,-70,181198,,,,
20250317,016450,한세예스24홀딩스,4115,35,29390,,,,
20250317,016580,환인제약,11510,-10,9503,,,,
20250317,016590,신대양제지,6580,10,41671,,,,
20250317,016610,DB증권,5880,-20,46786,,,,
20250317,016710,대성홀딩스,7030,30,2911,,,,
20250317,016740,두올,3200,115,167391,,,,
20250317,016800,퍼시스,42300,0,542,,,,
20250317,016880,웅진,856,-3,42917,,,,
20250317,017040,광명전기,1453,16,214583,,,,
20250317,017180,명문제약,1625,-8,41617,,,,
20250317,017370,우신시스템,6160,10,20398,,,,
20250317,017390,서울가스,49150,-50,1486,,,,
20250317,017550,수산세보틱스,1985,25,71383,,,,
20250317,017670,SK텔레콤,55800,500,550101,,,,
20250317,017800,현대엘리베이터,56100,600,80806,,,,
20250317,017810,풀무원,17260,100,135219,,,,
20250317,017860,DS단석,25649,-99,153955,,,,
20250317,017900,광전자,1783,-9,24072,,,,
20250317,017940,E1,60900,-200,14653,,,,
20250317,017960,한국카본,15530,-100,588288,,,,
20250317,018250,애경산업,14400,150,45613,,,,
20250317,018260,삼성에스디에스,122800,2600,120017,,,,
20250317,018470,조일알미늄,1623,-29,490503,,,,
20250317,018500,동원모빌리티,1822,-58,1324843,,,,
20250317,018670,SK가스,262000,2500,9132,,,,
20250317,018880,한온시스템,3741,28,835322,,,,
20250317,019170,신풍제약,8110,-10,113627,,,,
20250317,019175,신풍제약우,12430,0,803,,,,
20250317,019180,티에이치엔,3065,-5,50083,,,,
20250317,019490,엑시큐어하이트론,708,-12,811013,,,,
20250317,019680,대교,2185,20,9193,,,,
20250317,019685,대교우B,1277,-5,9155,,,,
20250317,020000,한섬,15840,20,24649,,,,
20250317,020120,키다리스튜디오,3455,-65,91271,,,,
20250317,020150,롯데에너지머티리얼즈,26100,0,67131,,,,
20250317,020560,아시아나항공,10480,-100,106565,,,,
20250317,020760,일진디스플,830,-12,53674,,,,
20250317,021050,서원,1259,-15,134449,,,,
20250317,021240,코웨이,86600,3100,190136,,,,
20250317,021820,세원정공,7880,40,7498,,,,
20250317,022100,포스코DX,27000,-600,2901949,,,,
20250317,023000,삼원강재,2335,5,2720,,,,
20250317,023150,MH에탄올,5030,-20,5104,,,,
20250317,023350,한국종합기술,5510,40,63523,,,,
20250317,023450,동남합성,34000,-300,2035,,,,
20250317,023530,롯데쇼핑,66300,-400,33302,,,,
20250317,023590,다우기술,21600,50,47435,,,,
20250317,023800,인지컨트롤스,5930,70,43969,,,,
20250317,023810,인팩,5720,30,8808,,,,
20250317,023960,에쓰씨엔지니어링,1276,-4,80922,,,,
20250317,024070,WISCOM,1891,28,7818,,,,
20250317,024090,디씨엠,11380,20,2012,,,,
20250317,024110,기업은행,15800,100,1047633,,,,
20250317,024720,콜마홀딩스,9280,2140,6169103,,,,
20250317,024890,대원화성,4800,-10,4708,,,,
20250317,024900,디와이덕양,2850,30,84790,,,,
20250317,025000,KPX케미칼,41457,0,3858,,,,
20250317,025530,SJM홀딩스,3110,20,2672,,,,
20250317,025540,한국단자,72600,2100,82748,,,,
20250317,025560,미래산업,2771,-10,88370,,,,
20250317,025620,차AI헬스케어,3650,-10,7061,,,,
20250317,025750,한솔홈데코,4400,50,93038,,,,
20250317,025820,이구산업,4790,-160,812771,,,,
20250317,025860,남해화학,6420,40,48440,,,,
20250317,025890,한국주강,1735,-8,9095,,,,
20250317,026890,스틱인베스트먼트,7100,-20,27481,,,,
20250317,026940,부국철강,2495,-5,36332,,,,
20250317,026960,동서,25950,200,60560,,,,
20250317,027410,BGF,3400,0,54483,,,,
20250317,027740,마니커,1764,8,125675,,,,
20250317,027970,한국제지,4000,5,21303,,,,
20250317,028050,삼성E&A,19420,680,1658310,,,,
20250317,028100,동아지질,13450,0,9741,,,,
20250317,028260,삼성물산,123500,3900,373791,,,,
20250317,02826K,삼성물산우B,89400,900,4954,,,,
20250317,028670,팬오션,3615,5,950540,,,,
20250317,029460,케이씨,19290,390,12016,,,,
20250317,029530,신도리코,38200,300,26773,,,,
20250317,029780,삼성카드,43300,750,74294,,,,
20250317,030000,제일기획,17810,130,143483,,,,
20250317,030190,NICE평가정보,12140,-200,55076,,,,
20250317,030200,KT,49800,700,345293,,,,
20250317,030210,다올투자증권,2890,-145,119501,,,,
20250317,030610,교보증권,6580,-90,213956,,,,
20250317,030720,동원수산,5000,5,6131,,,,
20250317,031210,서울보증보험,32300,300,4408651,,,,
20250317,031430,신세계인터내셔날,10450,120,73985,,,,
20250317,031820,아이티센씨티에스,6030,10,16528,,,,
20250317,032350,롯데관광개발,7770,-10,111337,,,,
20250317,032560,황금에스티,5180,-20,4833,,,,
20250317,032640,LG유플러스,10900,190,886983,,,,
20250317,032830,삼성생명,82600,600,248719,,,,
20250317,033240,자화전자,13350,80,113210,,,,
20250317,033250,체시스,5885,105,101620,,,,
20250317,033270,유나이티드제약,19180,100,13684,,,,
20250317,033530,SJG세종,4340,40,52363,,,,
20250317,033780,KT&G,96300,1300,183054,,,,
20250317,033920,무학,6770,110,56787,,,,
20250317,034020,두산에너빌리티,25600,-1150,12152675,,,,
20250317,034120,SBS,20850,-150,38675,,,,
20250317,034220,LG디스플레이,9200,210,1235076,,,,
20250317,034230,파라다이스,10520,200,195241,,,,
20250317,034310,NICE,11340,160,29013,,,,
20250317,034590,인천도시가스,24650,0,463,,,,
20250317,034730,SK,138200,1100,84352,,,,
20250317,03473K,SK우,122000,-200,893,,,,
20250317,034830,한국토지신탁,1001,0,222152,,,,
20250317,035000,HS애드,7170,-100,94066,,,,
20250317,035150,백산,15000,420,45661,,,,
20250317,035250,강원랜드,16900,120,427102,,,,
20250317,035420,NAVER,211000,3000,481843,,,,
20250317,035510,신세계 I&C,12330,-140,94687,,,,
20250317,035720,카카오,43500,50,1693348,,,,
20250317,036420,콘텐트리중앙,8470,50,32774,,,,
20250317,036460,한국가스공사,36850,100,593202,,,,
20250317,036530,SNT홀딩스,32100,100,9673,,,,
20250317,036570,NC,164400,-400,43866,,,,
20250317,036580,팜스코,2170,45,40596,,,,
20250317,037270,YG PLUS,5200,60,974442,,,,
20250317,037560,LG헬로비전,2365,-5,27451,,,,
20250317,037710,광주신세계,29400,100,65376,,,,
20250317,039130,하나투어,55300,-700,60012,,,,
20250317,039490,키움증권,121700,1000,58126,,,,
20250317,039570,HDC랩스,8580,-140,9969,,,,
20250317,041650,상신브레이크,2920,-15,17870,,,,
20250317,042660,한화오션,76300,2000,5731492,,,,
20250317,042700,한미반도체,87100,-700,804864,,,,
20250317,044380,주연테크,1695,-15,14099,,,,
20250317,044450,KSS해운,8630,-100,67891,,,,
20250317,044820,코스맥스비티아이,9770,210,12778,,,,
20250317,047040,대우건설,3480,15,392845,,,,
20250317,047050,포스코인터내셔널,54600,-1100,944203,,,,
20250317,047400,유니온머티리얼,2100,-5,116766,,,,
20250317,047810,한국항공우주,95000,9300,4066136,,,,
20250317,049800,우진플라임,2015,5,5511,,,,
20250317,051600,한전KPS,43500,0,100563,,,,
20250317,051630,진양화학,4360,200,207430,,,,
20250317,051900,LG생활건강,328000,1000,26434,,,,
20250317,051905,LG생활건강우,125600,-1700,5280,,,,
20250317,051910,LG화학,235000,4000,214597,,,,
20250317,051915,LG화학우,112900,600,33503,,,,
20250317,052690,한전기술,61900,-2100,209337,,,,
20250317,053210,스카이라이프,4480,85,18443,,,,
20250317,053690,한미글로벌,17000,270,71920,,,,
20250317,055490,테이팩스,13990,150,3303,,,,
20250317,055550,신한지주,46550,850,1005906,,,,
20250317,058430,포스코스틸리온,4500,60,1015540,,,,
20250317,058650,세아홀딩스,94200,-500,638,,,,
20250317,058730,다스코,3000,-30,51544,,,,
20250317,058850,KTcs,2705,0,182765,,,,
20250317,058860,KTis,2600,0,57629,,,,
20250317,060980,HL홀딩스,37300,0,8004,,,,
20250317,062040,산일전기,66600,2200,364087,,,,
20250317,063160,종근당바이오,20050,60,7242,,,,
20250317,064350,현대로템,109000,7400,2334779,,,,
20250317,064400,LG씨엔에스,51200,-500,380336,,,,
20250317,064960,SNT모티브,25550,700,50830,,,,
20250317,066570,LG전자,82100,1600,786495,,,,
20250317,066575,LG전자우,38850,100,35575,,,,
20250317,066970,엘앤에프,74300,900,210904,,,,
20250317,067830,세이브존I&C,2230,15,20265,,,,
20250317,068270,셀트리온,172419,1562,451546,,,,
20250317,068290,삼성출판사,15170,70,9637,,,,
20250317,069260,TKG휴켐스,16100,130,34791,,,,
20250317,069460,대호에이엘,6605,35,70261,,,,
20250317,069620,대웅제약,120900,1000,19180,,,,
20250317,069640,한세엠케이,1974,-56,1817,,,,
20250317,069730,DSR제강,3540,5,7509,,,,
20250317,069960,현대백화점,60500,1500,53083,,,,
20250317,070960,모나용평,3980,-20,127464,,,,
20250317,071050,한국금융지주,75500,1700,139749,,,,
20250317,071055,한국금융지주우,55500,700,7166,,,,
20250317,071090,하이스틸,4325,-60,2811514,,,,
20250317,071320,지역난방공사,49000,-200,11608,,,,
20250317,071840,롯데하이마트,7510,-30,27528,,,,
20250317,071950,코아스,9980,-60,8388,,,,
20250317,071970,HD현대마린엔진,28050,-450,775611,,,,
20250317,072130,유엔젤,5530,30,200985,,,,
20250317,072710,농심홀딩스,65500,0,2384,,,,
20250317,073240,금호타이어,4965,90,188224,,,,
20250317,074610,이엔플러스,8250,480,60498,,,,
20250317,075180,새론오토모티브,3400,-15,6399,,,,
20250317,075580,세진중공업,7860,130,479738,,,,
20250317,077500,유니퀘스트,7210,310,1340557,,,,
20250317,077970,STX엔진,25750,200,327003,,,,
20250317,078000,텔코웨어,9030,10,18867,,,,
20250317,078520,에이블씨엔씨,7070,-110,204590,,,,
20250317,078930,GS,37150,250,183515,,,,
20250317,078935,GS우,36350,-50,3754,,,,
20250317,079160,CJ CGV,4905,-25,176876,,,,
20250317,079430,현대리바트,7350,100,17261,,,,
20250317,079550,LIG디펜스앤에어로스페이스,292500,16500,529473,,,,
20250317,079900,전진건설로봇,56400,1300,393793,,,,
20250317,079980,휴비스,2645,35,32558,,,,
20250317,081000,일진다이아,11810,420,32185,,,,
20250317,081660,미스토홀딩스,38000,2650,794271,,,,
20250317,082640,동양생명,5070,95,189567,,,,
20250317,082740,한화엔진,23700,350,1348057,,,,
20250317,083420,그린케미칼,6400,-80,64528,,,,
20250317,084010,대한제강,10762,-20,65581,,,,
20250317,084670,동양고속,7150,-40,1027,,,,
20250317,084680,이월드,1286,-32,319326,,,,
20250317,084690,대상홀딩스,12150,400,413256,,,,
20250317,084695,대상홀딩스우,24550,1800,21799,,,,
20250317,084870,TBH글로벌,1155,19,18992,,,,
20250317,085310,엔케이,8990,-120,20082,,,,
20250317,085620,미래에셋생명,4455,-70,37630,,,,
20250317,086280,현대글로비스,121700,400,105747,,,,
20250317,086790,하나금융지주,61000,900,699956,,,,
20250317,088260,이리츠코크렙,4270,-10,39214,,,,
20250317,088350,한화생명,2655,-5,1075657,,,,
20250317,088790,진도,1830,7,15972,,,,
20250317,088980,맥쿼리인프라,10890,-90,857526,,,,
20250317,089470,HDC현대EP,3650,45,28569,,,,
20250317,089590,제주항공,7120,40,110979,,,,
20250317,089860,롯데렌탈,29800,0,26518,,,,
20250317,090080,평화산업,1195,5,1023664,,,,
20250317,090350,노루페인트,7800,110,95582,,,,
20250317,090355,노루페인트우,12300,30,271,,,,
20250317,090370,메타랩스,1382,-7,18158,,,,
20250317,090430,아모레퍼시픽,111800,-800,237211,,,,
20250317,090435,아모레퍼시픽우,34200,-150,18313,,,,
20250317,090460,비에이치,14930,120,102283,,,,
20250317,091810,트리니티항공,2267,-5,731050,,,,
20250317,092200,디아이씨,4535,-65,227145,,,,
20250317,092220,KEC,4020,50,122564,,,,
20250317,092230,KPX홀딩스,55800,300,1604,,,,
20250317,092440,기신정기,2420,5,3289,,,,
20250317,092780,DYP,4600,5,3863,,,,
20250317,092790,넥스틸,16930,170,5898579,,,,
20250317,093050,LF,15400,240,38775,,,,
20250317,093240,형지엘리트,2046,13,1924289,,,,
20250317,093370,후성,4640,70,278747,,,,
20250317,094280,효성ITX,11840,20,2893,,,,
20250317,094800,맵스리얼티,4270,-15,32451,,,,
20250317,095570,AJ네트웍스,3835,5,66146,,,,
20250317,095720,웅진씽크빅,3082,-12,23398,,,,
20250317,096760,JW홀딩스,3025,5,35100,,,,
20250317,096770,SK이노베이션,126200,-5800,369244,,,,
20250317,096775,SK이노베이션우,78400,-2000,2039,,,,
20250317,097230,HJ중공업,7860,-40,1855942,,,,
20250317,097520,엠씨넥스,25050,500,180984,,,,
20250317,097950,CJ제일제당,252500,2000,43804,,,,
20250317,097955,CJ제일제당 우,134400,700,1965,,,,
20250317,100090,SK오션플랜트,14950,80,85925,,,,
20250317,100220,비상교육,4935,35,10921,,,,
20250317,100250,진양홀딩스,2920,0,13258,,,,
20250317,100840,SNT에너지,32800,-1100,320091,,,,
20250317,101140,인바이오젠,7170,230,11018,,,,
20250317,101530,해태제과식품,6200,110,42758,,,,
20250317,102260,동성케미컬,3785,-25,36577,,,,
20250317,102460,이연제약,11800,20,21527,,,,
20250317,103140,풍산,64900,200,313721,,,,
20250317,103590,일진전기,30350,2450,1259994,,,,
20250317,104700,한국철강,8020,20,6456,,,,
20250317,105560,KB금융,78900,600,804423,,,,
20250317,105630,한세실업,12130,130,87887,,,,
20250317,105840,우진,7400,-380,250295,,,,
20250317,107590,미원홀딩스,72800,100,14,,,,
20250317,108320,LX세미콘,57900,300,30018,,,,
20250317,108670,LX하우시스,30350,150,13985,,,,
20250317,108675,LX하우시스우,18010,-70,1146,,,,
20250317,109070,주성코퍼레이션,1185,0,0,,,,
20250317,111110,호전실업,7890,10,11116,,,,
20250317,111380,동인기연,15380,-120,20924,,,,
20250317,111770,영원무역,49600,2350,53541,,,,
20250317,112610,씨에스윈드,37500,1000,246641,,,,
20250317,114090,GKL,10770,90,89044,,,,
20250317,117580,대성에너지,7850,-10,20619,,,,
20250317,118000,메타케어,2840,-70,33142,,,,
20250317,119650,KC코트렐,924,-10,65887,,,,
20250317,120030,조선선재,98400,400,2133,,,,
20250317,120110,코오롱인더,32000,300,54439,,,,
20250317,120115,코오롱인더우,19510,20,2004,,,,
20250317,122900,아이마켓코리아,7820,30,35159,,,,
20250317,123690,한국화장품,6700,-80,55486,,,,
20250317,123700,SJM,2970,20,12586,,,,
20250317,123890,한국자산신탁,2475,-5,144936,,,,
20250317,126560,현대퓨처넷,3300,-75,214228,,,,
20250317,126720,수산인더스트리,20500,-400,21096,,,,
20250317,128820,대성산업,3252,87,240985,,,,
20250317,128940,한미약품,246000,1000,37194,,,,
20250317,129260,인터지스,2520,-15,72911,,,,
20250317,130660,한전산업,10600,-480,392796,,,,
20250317,133820,화인베스틸,1095,-26,125719,,,,
20250317,134380,미원화학,7800,-10,200,,,,
20250317,134790,시디즈,24850,500,1793,,,,
20250317,136490,선진,5790,50,26171,,,,
20250317,137310,에스디바이오센서,9970,70,41391,,,,
20250317,138040,메리츠금융지주,117700,2200,176826,,,,
20250317,138930,BNK금융지주,11000,510,1087170,,,,
20250317,139130,iM금융지주,9140,270,547686,,,,
20250317,139480,이마트,82900,-1200,229208,,,,
20250317,139990,아주스틸,4220,-70,15582,,,,
20250317,143210,핸즈코퍼레이션,1852,-43,25100,,,,
20250317,145210,다이나믹디자인,9120,0,17648,,,,
20250317,145270,케이탑리츠,974,-12,55238,,,,
20250317,145720,덴티움,63700,1600,16387,,,,
20250317,145990,삼양사,45300,600,17673,,,,
20250317,145995,삼양사우,29650,300,213,,,,
20250317,155660,DSR,3880,55,19569,,,,
20250317,161000,애경케미칼,7180,-60,173488,,,,
20250317,161390,한국타이어앤테크놀로지,40550,350,306670,,,,
20250317,161890,한국콜마,66600,500,372471,,,,
20250317,163560,동일고무벨트,7500,50,27548,,,,
20250317,170900,동아에스티,43728,48,16330,,,,
20250317,175330,JB금융지주,17080,370,273632,,,,
20250317,178920,PI첨단소재,18200,210,105049,,,,
20250317,180640,한진칼,83700,2600,37358,,,,
20250317,18064K,한진칼우,23850,250,79,,,,
20250317,181710,NHN,18180,60,43252,,,,
20250317,183190,아세아시멘트,10270,40,32473,,,,
20250317,185750,종근당,80600,1300,18631,,,,
20250317,192080,더블유게임즈,50700,700,36339,,,,
20250317,192400,쿠쿠홀딩스,22250,-350,16508,,,,
20250317,192650,드림텍,7090,40,140522,,,,
20250317,192820,코스맥스,180500,-900,92176,,,,
20250317,194370,제이에스코퍼레이션,8550,150,231292,,,,
20250317,195870,해성디에스,30000,-550,94373,,,,
20250317,200880,서연이화,12720,-20,70056,,,,
20250317,204320,HL만도,40300,-550,292677,,,,
20250317,207940,삼성바이오로직스,1573294,26491,36598,,,,
20250317,210540,디와이파워,12370,-20,29233,,,,
20250317,210980,SK디앤디,8490,-50,58567,,,,
20250317,213500,한솔제지,8650,20,54311,,,,
20250317,214320,이노션,18550,-30,69755,,,,
20250317,214330,금호에이치티,16130,-245,6142,,,,
20250317,214390,경보제약,5850,-340,86513,,,,
20250317,214420,토니모리,8800,-80,1327213,,,,
20250317,226320,잇츠한불,11330,60,17010,,,,
20250317,227840,현대코퍼레이션홀딩스,10270,-110,17010,,,,
20250317,229640,LS에코에너지,35850,-750,158077,,,,
20250317,234080,JW생명과학,11630,300,110150,,,,
20250317,241560,두산밥캣,50500,950,157457,,,,
20250317,241590,화승엔터프라이즈,8490,270,351026,,,,
20250317,244920,에이플러스에셋,3995,-5,47029,,,,
20250317,248070,솔루엠,17800,50,34273,,,,
20250317,248170,샘표식품,26200,-50,10954,,,,
20250317,249420,일동제약,11210,-80,43339,,,,
20250317,251270,넷마블,40500,400,97669,,,,
20250317,259960,크래프톤,357500,1500,157264,,,,
20250317,264900,크라운제과,8000,70,3989,,,,
20250317,26490K,크라운제과우,9120,-90,1539,,,,
20250317,267250,HD현대,75900,1200,96795,,,,
20250317,267260,HD현대일렉트릭,359000,20500,334627,,,,
20250317,267270,HD건설기계,73100,-200,136708,,,,
20250317,267290,경동도시가스,17560,20,1830,,,,
20250317,267850,아시아나IDT,11340,-10,7106,,,,
20250317,268280,미원에스씨,149200,1800,1179,,,,
20250317,271560,오리온,113700,3300,215642,,,,
20250317,271940,일진하이솔루스,14580,160,63551,,,,
20250317,271980,제일약품,10400,-50,6014,,,,
20250317,272210,한화시스템,38850,3800,18542825,,,,
20250317,272450,진에어,9580,-30,138454,,,,
20250317,272550,삼양패키징,14180,30,3122,,,,
20250317,278470,에이피알,69100,1700,464024,,,,
20250317,280360,롯데웰푸드,118500,500,9860,,,,
20250317,281820,케이씨텍,38600,1100,128675,,,,
20250317,282330,BGF리테일,105600,1300,29663,,,,
20250317,284740,쿠쿠홈시스,21600,100,14228,,,,
20250317,285130,SK케미칼,42600,500,23634,,,,
20250317,28513K,SK케미칼우,20050,-250,5397,,,,
20250317,286940,롯데이노베이트,19440,-80,16889,,,,
20250317,293480,하나제약,10540,140,17372,,,,
20250317,293940,신한알파리츠,5910,-10,84445,,,,
20250317,294870,IPARK현대산업개발,20700,250,149871,,,,
20250317,298000,효성화학,77800,0,0,,,,
20250317,298020,효성티앤씨,233000,-500,9273,,,,
20250317,298040,효성중공업,475000,21000,76842,,,,
20250317,298050,HS효성첨단소재,185600,2000,6603,,,,
20250317,298690,에어부산,2195,0,96578,,,,
20250317,300720,한일시멘트,16580,200,72503,,,,
20250317,302440,SK바이오사이언스,42450,-300,112437,,,,
20250317,306200,세아제강,204500,500,35673,,,,
20250317,307950,현대오토에버,134200,-2500,35664,,,,
20250317,308170,씨티알모빌리티,5680,0,2397,,,,
20250317,316140,우리금융지주,16470,420,1726005,,,,
20250317,317400,자이에스앤디,3220,-5,6508,,,,
20250317,322000,HD현대에너지솔루션,24950,-950,116304,,,,
20250317,323410,카카오뱅크,23600,600,426778,,,,
20250317,326030,SK바이오팜,106300,-300,243122,,,,
20250317,329180,HD현대중공업,315000,10500,356056,,,,
20250317,330590,롯데리츠,3480,30,198733,,,,
20250317,334890,이지스밸류플러스리츠,4410,49,51595,,,,
20250317,336260,두산퓨얼셀,16280,370,191783,,,,
20250317,33626K,두산퓨얼셀1우,4635,25,9811,,,,
20250317,33626L,두산퓨얼셀2우B,7690,0,1689,,,,
20250317,336370,솔루스첨단소재,9290,60,86579,,,,
20250317,33637K,솔루스첨단소재1우,1966,-6,19566,,,,
20250317,33637L,솔루스첨단소재2우B,3980,-115,4566,,,,
20250317,338100,NH프라임리츠,4460,-30,19269,,,,
20250317,339770,교촌에프앤비,5940,90,119476,,,,
20250317,344820,KCC글라스,31650,250,24562,,,,
20250317,348950,제이알글로벌리츠,2615,15,238387,,,,
20250317,350520,이지스레지던스리츠,4120,-5,27736,,,,
20250317,352820,하이브,238500,6500,187752,,,,
20250317,353200,대덕전자,18350,220,300914,,,,
20250317,35320K,대덕전자1우,8030,-30,5041,,,,
20250317,357120,코람코라이프인프라리츠,4435,100,52779,,,,
20250317,357250,미래에셋맵스리츠,2620,-5,15980,,,,
20250317,357430,마스턴프리미어리츠,1490,2,32044,,,,
20250317,361610,SK아이이테크놀로지,25750,50,69069,,,,
20250317,363280,티와이홀딩스,2130,-85,139746,,,,
20250317,36328K,티와이홀딩스우,3710,-60,12742,,,,
20250317,365550,ESR켄달스퀘어리츠,4842,84,228539,,,,
20250317,372910,한컴라이프케어,3380,-30,116140,,,,
20250317,373220,LG에너지솔루션,325000,-1500,255211,,,,
20250317,375500,DL이앤씨,43900,500,129986,,,,
20250317,37550K,DL이앤씨우,17700,-60,1375,,,,
20250317,37550L,DL이앤씨2우(전환),27650,0,1838,,,,
20250317,377190,디앤디플랫폼리츠,3225,40,57042,,,,
20250317,377300,카카오페이,31600,950,196348,,,,
20250317,377740,바이오노트,4895,70,40488,,,,
20250317,378850,화승알앤에이,3160,-5,55879,,,,
20250317,381970,케이카,13000,0,52726,,,,
20250317,383220,F&F,67400,200,60470,,,,
20250317,383800,LX홀딩스,6650,10,54309,,,,
20250317,38380K,LX홀딩스1우,7860,-150,6087,,,,
20250317,395400,SK리츠,4985,45,160777,,,,
20250317,396690,미래에셋글로벌리츠,2755,-5,23143,,,,
20250317,400760,NH올원리츠,3502,15,41972,,,,
20250317,402340,SK스퀘어,93600,200,210333,,,,
20250317,403550,쏘카,15150,-1600,67546,,,,
20250317,404990,신한서부티엔디리츠,3155,20,103017,,,,
20250317,415640,KB발해인프라,7370,-10,13631,,,,
20250317,417310,코람코더원리츠,4910,25,26328,,,,
20250317,432320,KB스타리츠,3760,75,43639,,,,
20250317,443060,HD현대마린솔루션,147800,5100,156126,,,,
20250317,446070,유니드비티플러스,4040,195,567851,,,,
20250317,448730,삼성FN리츠,4620,40,40115,,,,
20250317,450080,에코프로머티,70700,-900,374077,,,,
20250317,451800,한화리츠,3650,-5,127498,,,,
20250317,452260,한화갤러리아,1249,31,569474,,,,
20250317,45226K,한화갤러리아우,2400,-20,1549,,,,
20250317,453340,현대그린푸드,13720,160,23727,,,,
20250317,454910,두산로보틱스,61500,-500,237523,,,,
20250317,456040,OCI,59500,1100,29536,,,,
20250317,457190,이수스페셜티케미컬,54600,-500,765739,,,,
20250317,460850,동국씨엠,7040,-90,109049,,,,
20250317,460860,동국제강,9610,-50,270587,,,,
20250317,462520,조선내화,14380,-30,2436,,,,
20250317,462870,시프트업,59500,2600,373492,,,,
20250317,465770,STX그린로지스,8280,0,52237,,,,
20250317,475150,SK이터닉스,14750,-130,150497,,,,
20250317,475560,더본코리아,27900,-650,158281,,,,
20250317,480370,씨케이솔루션,6331,,52416446,,,,
20250317,481850,신한글로벌액티브리츠,1555,-4,73148,,,,
20250317,484870,엠앤씨솔루션,28700,2367,585831,,,,
20250317,487570,HS효성,33850,3250,74485,,,,
20250317,489790,한화비전,59100,-3700,4175106,,,,
20250317,499790,GS피앤엘,19190,120,23246,,,,
20250317,900140,엘브이엠씨홀딩스,1661,-37,305509,,,,
20250317,950210,프레스티지바이오파마,13540,-180,109375,,,,
20250318,000020,동화약품,6210,20,38690,,,,
20250318,000040,KR모터스,1970,30,18083,,,,
20250318,000050,경방,6570,-20,3520,,,,
20250318,000070,삼양홀딩스,40104,0,20899,,,,
20250318,000080,하이트진로,19360,-60,92162,,,,
20250318,000087,하이트진로2우B,15220,-10,1053,,,,
20250318,000100,유한양행,126500,800,637371,,,,
20250318,000105,유한양행우,111000,200,5339,,,,
20250318,000120,CJ대한통운,88600,-900,57112,,,,
20250318,000140,하이트진로홀딩스,8590,10,8180,,,,
20250318,000145,하이트진로홀딩스우,10170,-20,11,,,,
20250318,000150,두산,343000,5000,140774,,,,
20250318,000155,두산우,151200,1700,12863,,,,
20250318,000157,두산2우B,138300,1300,1353,,,,
20250318,000180,성창기업지주,6400,-70,6424,,,,
20250318,000210,DL,35100,-450,25722,,,,
20250318,000215,DL우,19360,210,1192,,,,
20250318,000220,유유제약,4470,20,25544,,,,
20250318,000225,유유제약1우,4785,55,6483,,,,
20250318,000227,유유제약2우B,9560,-30,281,,,,
20250318,000230,일동홀딩스,6210,20,26168,,,,
20250318,000240,한국앤컴퍼니,16230,-100,127161,,,,
20250318,000270,기아,96400,-2400,2228720,,,,
20250318,000300,DH오토넥스,4200,0,0,,,,
20250318,000320,노루홀딩스,14190,-180,13137,,,,
20250318,000325,노루홀딩스우,28500,0,127,,,,
20250318,000370,한화손해보험,4220,120,330985,,,,
20250318,000390,SP삼화,6500,50,473604,,,,
20250318,000400,롯데손해보험,1801,-21,258296,,,,
20250318,000430,대원강업,3650,5,32844,,,,
20250318,000480,CR홀딩스,5280,-20,14499,,,,
20250318,000490,대동,12390,-60,470396,,,,
20250318,000500,가온전선,29173,-167,101053,,,,
20250318,000520,삼일제약,12250,-240,117054,,,,
20250318,000540,흥국화재,3305,30,60127,,,,
20250318,000545,흥국화재우,5170,-130,28104,,,,
20250318,000590,CS홀딩스,72200,200,251,,,,
20250318,000640,동아쏘시오홀딩스,96538,777,10918,,,,
20250318,000650,천일고속,39100,150,53,,,,
20250318,000660,SK하이닉스,203000,-3000,2696191,,,,
20250318,000670,영풍,47621,389,56791,,,,
20250318,000680,LS네트웍스,4115,-40,1540933,,,,
20250318,000700,유수홀딩스,5470,-20,14508,,,,
20250318,000720,현대건설,33550,600,519464,,,,
20250318,000725,현대건설우,49000,50,3945,,,,
20250318,000760,이화산업,10490,40,108,,,,
20250318,000810,삼성화재,394500,6500,52183,,,,
20250318,000815,삼성화재우,293000,3500,6497,,,,
20250318,000850,화천기공,28000,-450,9632,,,,
20250318,000860,강남제비스코,11980,-175,8344,,,,
20250318,000880,한화,58343,2041,1018359,,,,
20250318,00088K,한화3우B,20036,655,156603,,,,
20250318,000890,보해양조,2215,25,34444,,,,
20250318,000910,유니온,5280,-40,197037,,,,
20250318,000950,전방,19480,-20,281,,,,
20250318,000970,한국주철관,6270,30,18377,,,,
20250318,000990,DB하이텍,46650,-600,270429,,,,
20250318,001020,페이퍼코리아,3505,20,1349,,,,
20250318,001040,CJ,127300,-3900,209283,,,,
20250318,001045,CJ우,66200,-100,6876,,,,
20250318,00104K,CJ4우(전환),97900,-1200,13808,,,,
20250318,001060,JW중외제약,22150,50,41388,,,,
20250318,001065,JW중외제약우,28350,0,22,,,,
20250318,001067,JW중외제약2우B,60800,-200,2,,,,
20250318,001070,대한방직,5250,20,1158,,,,
20250318,001080,만호제강,2500,-45,23440,,,,
20250318,001120,LX인터내셔널,25800,50,117187,,,,
20250318,001130,대한제분,12890,-100,12620,,,,
20250318,001200,유진투자증권,2595,10,364192,,,,
20250318,001210,금호전기,3450,35,24462,,,,
20250318,001230,동국홀딩스,1707,6,52704,,,,
20250318,001250,GS글로벌,2640,30,954050,,,,
20250318,001260,남광토건,8270,-40,16855,,,,
20250318,001270,부국증권,26950,0,1585,,,,
20250318,001275,부국증권우,21850,-50,221,,,,
20250318,001290,상상인증권,421,2,25949,,,,
20250318,001340,PKC,6810,-40,155933,,,,
20250318,001360,삼성제약,1582,-1,145539,,,,
20250318,001380,SG글로벌,6481,180,350869,,,,
20250318,001390,KG케미칼,3850,-10,120781,,,,
20250318,001420,태원물산,3415,-115,2556,,,,
20250318,001430,세아베스틸지주,19920,-430,82191,,,,
20250318,001440,대한전선,12820,70,1881306,,,,
20250318,001450,현대해상,23200,300,268904,,,,
20250318,001460,BYC,27200,100,479,,,,
20250318,001465,BYC우,12500,10,194,,,,
20250318,001470,삼부토건,439,22,23808531,,,,
20250318,001500,현대차증권,5800,10,333542,,,,
20250318,001510,SK증권,943,2,171256,,,,
20250318,001515,SK증권우,3428,-24,1425,,,,
20250318,001520,동양,1234,-2,84317,,,,
20250318,001525,동양우,8260,-60,368,,,,
20250318,001527,동양2우B,16620,-100,51,,,,
20250318,001530,DI동일,43715,-47,40798,,,,
20250318,001550,조비,10470,50,4949,,,,
20250318,001560,제일연마,8970,10,5059,,,,
20250318,001570,금양,11970,-750,2706452,,,,
20250318,001620,케이비아이동국실업,2435,-40,3389,,,,
20250318,001630,종근당홀딩스,43100,-200,5669,,,,
20250318,001680,대상,24400,-100,128357,,,,
20250318,001685,대상우,17520,-70,4271,,,,
20250318,001720,신영증권,80400,2700,16987,,,,
20250318,001740,SK네트웍스,4380,-30,207905,,,,
20250318,001750,한양증권,12000,-40,28989,,,,
20250318,001755,한양증권우,12500,80,2701,,,,
20250318,001770,SHD,14990,230,2843,,,,
20250318,001780,알루코,2265,80,558148,,,,
20250318,001790,대한제당,2785,25,313460,,,,
20250318,001795,대한제당우,2290,5,4368,,,,
20250318,001800,오리온홀딩스,15290,-10,86997,,,,
20250318,001820,삼화콘덴서,27900,100,19353,,,,
20250318,001940,KISCO홀딩스,19680,-90,11254,,,,
20250318,002020,코오롱,27200,1700,344230,,,,
20250318,002025,코오롱우,16130,570,33012,,,,
20250318,002030,아세아,264000,-2000,2023,,,,
20250318,002070,비비안,15557,-20,4877,,,,
20250318,002100,경농,9230,40,10552,,,,
20250318,002140,고려산업,2800,-15,159068,,,,
20250318,002150,도화엔지니어링,6660,10,20004,,,,
20250318,002170,SYTS,47800,50,1844,,,,
20250318,002200,한국수출포장,2750,5,13227,,,,
20250318,002210,동성제약,3874,10,21380,,,,
20250318,002220,한일철강,1902,-9,20129,,,,
20250318,002240,고려제강,17700,-50,10261,,,,
20250318,002310,아세아제지,7240,10,196550,,,,
20250318,002320,한진,19510,40,13097,,,,
20250318,002350,넥센타이어,5440,70,120765,,,,
20250318,002355,넥센타이어1우B,2825,-5,162,,,,
20250318,002360,SH에너지화학,4760,-10,11167,,,,
20250318,002380,KCC,278500,-3000,21808,,,,
20250318,002390,한독,11320,-30,10144,,,,
20250318,002410,범양건영,2200,135,4711310,,,,
20250318,002420,세기상사,5070,-30,2313,,,,
20250318,002450,삼익악기,1180,5,114600,,,,
20250318,002460,HS화성,9750,50,12537,,,,
20250318,002600,조흥,163500,0,38,,,,
20250318,002620,제일파마홀딩스,8400,1070,1656145,,,,
20250318,002630,오리엔트바이오,3662,396,23542117,,,,
20250318,002690,동일제강,1237,-7,19461,,,,
20250318,002700,신일전자,1458,1,73428,,,,
20250318,002710,TCC스틸,26950,50,130271,,,,
20250318,002720,국제약품,4710,-15,82104,,,,
20250318,002760,보락,1101,1,242040,,,,
20250318,002780,진흥기업,785,7,132509,,,,
20250318,002785,진흥기업우B,3135,10,1153,,,,
20250318,002787,진흥기업2우B,9640,-80,61,,,,
20250318,002790,아모레퍼시픽홀딩스,21450,-150,86353,,,,
20250318,002795,아모레퍼시픽홀딩스우,9120,0,4826,,,,
20250318,00279K,아모레퍼시픽홀딩스3우C,18100,60,5105,,,,
20250318,002810,삼영무역,13520,0,6187,,,,
20250318,002820,SUN&L,2800,-10,2995,,,,
20250318,002840,미원상사,183400,-100,1880,,,,
20250318,002870,신풍,1265,2,4112918,,,,
20250318,002880,디와이에이,948,-23,78903,,,,
20250318,002900,TYM,5030,100,231892,,,,
20250318,002920,유성기업,1835,-4,7869,,,,
20250318,002960,한국쉘석유,309500,500,1050,,,,
20250318,002990,금호건설,2555,20,34646,,,,
20250318,002995,금호건설우,12610,70,1039,,,,
20250318,003000,부광약품,4218,5,67912,,,,
20250318,003010,혜인,5190,0,35112,,,,
20250318,003030,세아제강지주,260500,-7500,10481,,,,
20250318,003060,에이프로젠바이오로직스,805,34,852149,,,,
20250318,003070,코오롱글로벌,8900,-20,16930,,,,
20250318,003075,코오롱글로벌우,15530,340,1452,,,,
20250318,003080,SB성보,2440,-15,6043,,,,
20250318,003090,대웅,20050,150,27079,,,,
20250318,003120,일성아이에스,15280,-60,1448,,,,
20250318,003160,디아이,14160,140,1208861,,,,
20250318,003200,일신방직,8040,80,7189,,,,
20250318,003220,대원제약,14060,10,50120,,,,
20250318,003230,삼양식품,926000,0,39278,,,,
20250318,003240,태광산업,738000,9000,339,,,,
20250318,003280,흥아해운,1678,-29,1511661,,,,
20250318,003300,한일홀딩스,14080,20,8927,,,,
20250318,003350,한국화장품제조,9910,-70,279370,,,,
20250318,003460,유화증권,2320,-5,62171,,,,
20250318,003465,유화증권우,2335,25,20,,,,
20250318,003470,유안타증권,2830,0,183515,,,,
20250318,003475,유안타증권우,3045,0,72010,,,,
20250318,003480,한진중공업홀딩스,3555,10,11717,,,,
20250318,003490,대한항공,22700,-150,1015742,,,,
20250318,003495,대한항공우,21900,50,1202,,,,
20250318,003520,영진약품,1998,4,65959,,,,
20250318,003530,한화투자증권,3475,-10,469552,,,,
20250318,003535,한화투자증권우,6030,80,6938,,,,
20250318,003540,대신증권,17310,140,161050,,,,
20250318,003545,대신증권우,16140,60,77852,,,,
20250318,003547,대신증권2우B,15560,130,46197,,,,
20250318,003550,LG,68800,200,197001,,,,
20250318,003555,LG우,57200,100,5144,,,,
20250318,003570,SNT다이내믹스,34950,-1100,141855,,,,
20250318,003580,HLB글로벌,4005,0,97249,,,,
20250318,003610,방림,3870,-30,133794,,,,
20250318,003620,KG모빌리티,3966,-118,445301,,,,
20250318,003650,미창석유,100600,1300,2192,,,,
20250318,003670,포스코퓨처엠,133280,1551,266898,,,,
20250318,003680,한성기업,4820,5,23894,,,,
20250318,003690,코리안리,8110,30,123288,,,,
20250318,003720,삼영,4155,-35,114172,,,,
20250318,003780,진양산업,8780,-30,96010,,,,
20250318,003830,대한화섬,111600,100,1053,,,,
20250318,003850,보령,9500,10,84553,,,,
20250318,003920,남양유업,73300,1000,13166,,,,
20250318,003925,남양유업우,38000,0,3305,,,,
20250318,003960,사조대림,40300,-100,22645,,,,
20250318,004000,롯데정밀화학,40400,-50,35129,,,,
20250318,004020,현대제철,29350,200,467568,,,,
20250318,004060,SG세계물산,3190,10,13376,,,,
20250318,004080,신흥,14650,50,1821,,,,
20250318,004090,한국석유,13050,290,193487,,,,
20250318,004100,태양금속,2795,10,470276,,,,
20250318,004105,태양금속우,4560,40,17416,,,,
20250318,004140,동방,2310,-35,199925,,,,
20250318,004150,한솔홀딩스,2460,-20,60380,,,,
20250318,004170,신세계,147600,-2400,22732,,,,
20250318,004250,NPC,3985,5,13073,,,,
20250318,004255,NPC우,2370,-50,6671,,,,
20250318,004270,남성,8610,24,3599,,,,
20250318,004310,현대약품,3260,0,33834,,,,
20250318,004360,세방,11900,0,24093,,,,
20250318,004365,세방우,7720,40,2174,,,,
20250318,004370,농심,400000,11000,30628,,,,
20250318,004380,삼익THK,14775,-78,81890,,,,
20250318,004410,서울식품,1410,10,60670,,,,
20250318,004415,서울식품우,12020,50,273,,,,
20250318,004430,송원산업,12000,-10,21998,,,,
20250318,004440,삼일씨엔에스,4160,135,18567,,,,
20250318,004450,삼화왕관,30900,100,978,,,,
20250318,004490,세방전지,70000,-300,48793,,,,
20250318,004540,깨끗한나라,2345,-30,301418,,,,
20250318,004545,깨끗한나라우,11810,-10,51,,,,
20250318,004560,현대비앤지스틸,13220,-20,45980,,,,
20250318,004690,삼천리,89500,-500,8007,,,,
20250318,004700,조광피혁,52000,400,718,,,,
20250318,004710,한솔테크닉스,4128,0,46537,,,,
20250318,004720,팜젠사이언스,4115,-5,14605,,,,
20250318,004770,써니전자,2310,10,602880,,,,
20250318,004800,효성,48400,150,9648,,,,
20250318,004830,덕성,7400,-30,285114,,,,
20250318,004835,덕성우,11380,-120,10148,,,,
20250318,004840,DRB동일,4200,-20,27154,,,,
20250318,004870,티웨이홀딩스,3396,-5,82944,,,,
20250318,004890,동일산업,40500,600,2963,,,,
20250318,004910,조광페인트,5890,20,24758,,,,
20250318,004920,씨아이테크,1025,-18,64903,,,,
20250318,004960,한신공영,6270,-10,11899,,,,
20250318,004970,신라교역,8720,-20,7198,,,,
20250318,004980,성신양회,7240,-70,55458,,,,
20250318,004985,성신양회우,10920,-120,3293,,,,
20250318,004990,롯데지주,23150,-100,41807,,,,
20250318,00499K,롯데지주우,26950,-50,944,,,,
20250318,005010,휴스틸,6740,490,14694018,,,,
20250318,005030,부산주공,486,0,0,,,,
20250318,005070,코스모신소재,48000,0,342513,,,,
20250318,005090,SGC에너지,23100,-50,11228,,,,
20250318,005110,한창,1254,0,0,,,,
20250318,005180,빙그레,94200,900,55095,,,,
20250318,005250,녹십자홀딩스,14200,140,72445,,,,
20250318,005257,녹십자홀딩스2우,21750,-150,80,,,,
20250318,005300,롯데칠성,107400,-1100,11037,,,,
20250318,005305,롯데칠성우,66000,200,677,,,,
20250318,005320,온타이드,872,-6,28695,,,,
20250318,005360,모나미,2005,-5,30132,,,,
20250318,005380,현대차,200500,1500,505699,,,,
20250318,005385,현대차우,149000,2900,35094,,,,
20250318,005387,현대차2우B,151000,2600,92711,,,,
20250318,005389,현대차3우B,148600,2200,9893,,,,
20250318,005420,코스모화학,18940,-60,97483,,,,
20250318,005430,한국공항,50900,-200,6460,,,,
20250318,005440,현대지에프홀딩스,5310,0,73914,,,,
20250318,005490,POSCO홀딩스,305000,-2000,278184,,,,
20250318,005500,삼진제약,17930,130,16978,,,,
20250318,005610,삼립,51900,100,6259,,,,
20250318,005680,삼영전자,10050,90,9581,,,,
20250318,005690,파미셀,12340,50,1546311,,,,
20250318,005720,넥센,4485,-5,31053,,,,
20250318,005725,넥센우,3165,65,764,,,,
20250318,005740,크라운해태홀딩스,5410,20,10061,,,,
20250318,005745,크라운해태홀딩스우,7670,10,95,,,,
20250318,005750,대림바스,3990,-55,11677,,,,
20250318,005800,신영와코루,10300,-70,2792,,,,
20250318,005810,풍산홀딩스,28150,-250,20330,,,,
20250318,005820,원림,13840,-50,1772,,,,
20250318,005830,DB손해보험,96900,1700,123084,,,,
20250318,005850,에스엘,35400,450,96479,,,,
20250318,005870,휴니드,8790,-250,428534,,,,
20250318,005880,대한해운,1696,-10,1222228,,,,
20250318,005930,삼성전자,57600,0,28138594,,,,
20250318,005935,삼성전자우,47900,450,2218996,,,,
20250318,005940,NH투자증권,15150,110,590268,,,,
20250318,005945,NH투자증권우,13190,100,100211,,,,
20250318,005950,이수화학,6240,0,41546,,,,
20250318,005960,동부건설,3625,30,30255,,,,
20250318,005965,동부건설우,18590,0,41,,,,
20250318,006040,동원산업,36400,-100,17739,,,,
20250318,006060,화승인더,5130,-30,143632,,,,
20250318,006090,사조오양,8460,-10,7541,,,,
20250318,006110,삼아알미늄,29200,200,40009,,,,
20250318,006120,SK디스커버리,40050,-150,21076,,,,
20250318,006125,SK디스커버리우,33650,-150,2571,,,,
20250318,006200,한국전자홀딩스,3470,-15,11672,,,,
20250318,006220,제주은행,7910,100,70813,,,,
20250318,006260,LS,122800,1100,554183,,,,
20250318,006280,녹십자,135400,4500,99348,,,,
20250318,006340,대원전선,3005,-20,1059543,,,,
20250318,006345,대원전선우,4030,0,15840,,,,
20250318,006360,GS건설,17820,-130,194609,,,,
20250318,006370,대구백화점,8220,140,76832,,,,
20250318,006380,카프로,3660,0,0,,,,
20250318,006400,삼성SDI,186799,392,772604,,,,
20250318,006405,삼성SDI우,120376,193,8114,,,,
20250318,006490,프리티,6955,295,158604,,,,
20250318,006570,대림통상,2470,25,3437,,,,
20250318,006650,대한유화,96700,-1300,12608,,,,
20250318,006660,삼성공조,19050,-20,1681927,,,,
20250318,006740,블루산업개발,2313,0,18735,,,,
20250318,006800,미래에셋증권,9827,-50,906789,,,,
20250318,006805,미래에셋증권우,4735,15,39181,,,,
20250318,00680K,미래에셋증권2우B,4182,5,237955,,,,
20250318,006840,AK홀딩스,10610,-110,13137,,,,
20250318,006880,신송홀딩스,7080,-100,108929,,,,
20250318,006890,태경케미컬,11740,-60,21322,,,,
20250318,006980,우성,14550,-60,789,,,,
20250318,007070,GS리테일,14610,-90,206837,,,,
20250318,007110,일신석재,2050,40,10006034,,,,
20250318,007120,미래아이앤지,793,-1,62697,,,,
20250318,007160,사조산업,34050,350,6248,,,,
20250318,007210,벽산,2200,-5,180419,,,,
20250318,007280,한국특강,3462,-20,43032,,,,
20250318,007310,오뚜기,402500,3000,2306,,,,
20250318,007340,DN오토모티브,21750,-450,68192,,,,
20250318,007460,에이프로젠,796,44,6007006,,,,
20250318,007540,샘표,41950,100,1433,,,,
20250318,007570,일양약품,12205,134,29104,,,,
20250318,007575,일양약품우,13884,-12,323,,,,
20250318,007590,동방아그로,6040,10,3381,,,,
20250318,007610,선도전기,3000,0,0,,,,
20250318,007660,이수페타시스,41150,100,765555,,,,
20250318,007690,국도화학,30250,-250,7982,,,,
20250318,007700,F&F홀딩스,12490,-80,3503,,,,
20250318,007810,코리아써키트,11760,-380,111162,,,,
20250318,007815,코리아써우,5800,-50,203,,,,
20250318,00781K,코리아써키트2우B,5360,240,649,,,,
20250318,007860,서연,7510,-230,208185,,,,
20250318,007980,TP,1368,9,75330,,,,
20250318,008040,사조동아원,1033,-4,323882,,,,
20250318,008060,대덕,7180,30,113065,,,,
20250318,00806K,대덕1우,7370,50,1779,,,,
20250318,008250,이건산업,5170,70,20076,,,,
20250318,008260,NI스틸,3530,50,117128,,,,
20250318,008350,남선알미늄,1377,-4,192762,,,,
20250318,008355,남선알미우,14450,-100,821,,,,
20250318,008420,문배철강,2670,65,272928,,,,
20250318,008490,서흥,15670,-60,13871,,,,
20250318,008600,윌비스,7167,-165,18502,,,,
20250318,008700,아남전자,1600,8,322473,,,,
20250318,008730,율촌화학,28500,350,110926,,,,
20250318,008770,호텔신라,38900,-400,43977,,,,
20250318,008775,호텔신라우,32700,800,11725,,,,
20250318,008870,금비,56400,0,408,,,,
20250318,008930,한미사이언스,28450,-150,60090,,,,
20250318,008970,KBI동양철관,2079,480,55472329,,,,
20250318,009070,KCTC,3765,-30,46428,,,,
20250318,009140,경인전자,18620,-50,1480,,,,
20250318,009150,삼성전기,137100,-2700,211056,,,,
20250318,009155,삼성전기우,61300,100,6853,,,,
20250318,009160,SIMPAC,3990,-5,28266,,,,
20250318,009180,한솔로지스틱스,2305,-25,91226,,,,
20250318,009190,대양금속,1371,15,137347,,,,
20250318,009200,무림페이퍼,2075,-15,50709,,,,
20250318,009240,한샘,43200,-400,22641,,,,
20250318,009270,신원,1365,7,780813,,,,
20250318,009290,광동제약,5560,0,19379,,,,
20250318,009310,참엔지니어링,1545,-40,233597,,,,
20250318,009320,아진전자부품,1034,-22,48359,,,,
20250318,009410,태영건설,2410,45,373159,,,,
20250318,009415,태영건설우,5140,-20,11650,,,,
20250318,009420,한올바이오파마,34250,-1500,933874,,,,
20250318,009440,KC그린홀딩스,738,-5,28438,,,,
20250318,009450,경동나비엔,81400,1400,77891,,,,
20250318,009460,한창제지,3510,5,4177,,,,
20250318,009470,삼화전기,37400,-850,56578,,,,
20250318,009540,HD한국조선해양,220500,4000,259810,,,,
20250318,009580,무림P&P,2935,-10,159199,,,,
20250318,009680,모토닉,9290,-90,43157,,,,
20250318,009770,삼정펄프,26250,-50,8379,,,,
20250318,009810,MDS스피어,3055,10,20423,,,,
20250318,009830,한화솔루션,19430,377,1359836,,,,
20250318,009835,한화솔루션우,16591,217,3538,,,,
20250318,009900,명신산업,9000,50,108639,,,,
20250318,009970,영원무역홀딩스,95200,-4700,13409,,,,
20250318,010040,한국내화,2200,20,37857,,,,
20250318,010060,OCI홀딩스,78600,-700,31167,,,,
20250318,010100,한국무브넥스,4640,-70,302896,,,,
20250318,010120,LS ELECTRIC,41800,400,3169775,,,,
20250318,010130,고려아연,882000,-11000,20798,,,,
20250318,010140,삼성중공업,15440,650,26324577,,,,
20250318,010400,우진아이엔에스,2815,-95,27546,,,,
20250318,010580,에스엠벡셀,1205,-8,53774,,,,
20250318,010640,진양폴리,5516,51,64018,,,,
20250318,010660,화천기계,3145,-20,65991,,,,
20250318,010690,화신,7420,20,76473,,,,
20250318,010770,평화홀딩스,7200,110,590904,,,,
20250318,010780,아이에스동서,16970,320,25445,,,,
20250318,010820,퍼스텍,3875,-5,1610862,,,,
20250318,010950,S-Oil,58300,-200,77889,,,,
20250318,010955,S-Oil우,38200,200,2001,,,,
20250318,010960,삼호개발,3075,10,16053,,,,
20250318,011000,진원생명과학,10425,125,32307,,,,
20250318,011070,LG이노텍,158000,-900,124546,,,,
20250318,011090,에넥스,2555,5,20735,,,,
20250318,011150,CJ씨푸드,3105,-15,124604,,,,
20250318,011155,CJ씨푸드1우,15870,20,1171,,,,
20250318,011170,롯데케미칼,68700,-1100,188480,,,,
20250318,011200,HMM,20800,-50,1527052,,,,
20250318,011210,현대위아,47000,1750,161589,,,,
20250318,011230,삼화전자,3430,-50,63177,,,,
20250318,011280,태림포장,2095,-40,319174,,,,
20250318,011300,우성머티리얼스,5170,90,39069,,,,
20250318,011330,유니켐,12960,0,8426,,,,
20250318,011390,부산산업,73500,100,5181,,,,
20250318,011420,갤럭시아에스엠,2030,10,198493,,,,
20250318,011500,한농화성,17960,190,346183,,,,
20250318,011690,와이투솔루션,2260,-5,69394,,,,
20250318,011700,한신기계,3060,-10,90404,,,,
20250318,011760,현대코퍼레이션,24200,300,127274,,,,
20250318,011780,금호석유화학,111800,-1000,111272,,,,
20250318,011785,금호석유화학우,51800,-300,2594,,,,
20250318,011790,SKC,121439,-4418,376149,,,,
20250318,011810,STX,4010,30,72696,,,,
20250318,011930,신성이엔지,12380,-10,42591,,,,
20250318,012030,DB,1342,1,488594,,,,
20250318,012160,영흥,2005,15,7194,,,,
20250318,012170,아센디오,2500,-230,487718,,,,
20250318,012200,계양전기,1413,5,39837,,,,
20250318,012205,계양전기우,3282,44,225,,,,
20250318,012280,영화금속,828,-2,75455,,,,
20250318,012320,경동인베스트,62700,100,8171,,,,
20250318,012330,현대모비스,264000,4500,222834,,,,
20250318,012450,한화에어로스페이스,752315,10832,476280,,,,
20250318,012610,경인양행,2910,25,51431,,,,
20250318,012630,HDC,14250,-100,176248,,,,
20250318,012690,모나리자,2880,-10,93467,,,,
20250318,012750,에스원,61000,-1100,28066,,,,
20250318,012800,대창,1392,5,772102,,,,
20250318,013000,세우글로벌,1246,1,15810,,,,
20250318,013360,일성건설,3830,-10,1242388,,,,
20250318,013520,화승코퍼레이션,1682,-1,67172,,,,
20250318,013570,디와이,4010,-15,36833,,,,
20250318,013580,계룡건설,13310,90,6576,,,,
20250318,013700,까뮤이앤씨,1230,-11,55693,,,,
20250318,013870,지엠비코리아,3830,20,7041,,,,
20250318,013890,지누스,18840,-360,56778,,,,
20250318,014130,한익스프레스,3395,40,17504,,,,
20250318,014160,대영포장,1452,-4,721830,,,,
20250318,014280,금강공업,4040,0,44655,,,,
20250318,014285,금강공업우,6400,0,36,,,,
20250318,014440,영보화학,4655,-75,35354,,,,
20250318,014530,극동유화,3345,15,33528,,,,
20250318,014580,태경비케이,4540,5,60999,,,,
20250318,014680,한솔케미칼,139000,-4700,139287,,,,
20250318,014710,사조씨푸드,5240,60,70617,,,,
20250318,014790,HL D&I,2220,-5,69160,,,,
20250318,014820,동원시스템즈,36000,0,23641,,,,
20250318,014825,동원시스템즈우,17770,-10,199,,,,
20250318,014830,유니드,77700,0,54043,,,,
20250318,014910,성문전자,1127,-5,15836,,,,
20250318,014915,성문전자우,4865,260,1090,,,,
20250318,014990,인디에프,3615,-120,96041,,,,
20250318,015020,이스타코,3480,-90,681711,,,,
20250318,015230,대창단조,5290,-70,65512,,,,
20250318,015260,에이엔피,480,-10,82308,,,,
20250318,015360,INVENI,9340,-190,47950,,,,
20250318,015590,DKME,2575,0,0,,,,
20250318,015760,한국전력,21750,-400,1528700,,,,
20250318,015860,일진홀딩스,3670,15,18534,,,,
20250318,015890,태경산업,4760,-10,17183,,,,
20250318,016090,대현,2075,-35,74969,,,,
20250318,016360,삼성증권,45900,-150,142121,,,,
20250318,016380,KG스틸,6720,50,165550,,,,
20250318,016450,한세예스24홀딩스,4120,5,16512,,,,
20250318,016580,환인제약,11510,0,11570,,,,
20250318,016590,신대양제지,6470,-110,48363,,,,
20250318,016610,DB증권,5900,20,26647,,,,
20250318,016710,대성홀딩스,7030,0,3532,,,,
20250318,016740,두올,3200,0,111633,,,,
20250318,016800,퍼시스,42250,-50,1875,,,,
20250318,016880,웅진,856,0,52004,,,,
20250318,017040,광명전기,1430,-23,57262,,,,
20250318,017180,명문제약,1619,-6,58304,,,,
20250318,017370,우신시스템,6110,-50,37373,,,,
20250318,017390,서울가스,49100,-50,1691,,,,
20250318,017550,수산세보틱스,1978,-7,83789,,,,
20250318,017670,SK텔레콤,55900,100,419298,,,,
20250318,017800,현대엘리베이터,55600,-500,65824,,,,
20250318,017810,풀무원,17500,240,153096,,,,
20250318,017860,DS단석,25550,-99,164358,,,,
20250318,017900,광전자,1760,-23,35826,,,,
20250318,017940,E1,61000,100,9376,,,,
20250318,017960,한국카본,16200,670,1029969,,,,
20250318,018250,애경산업,14270,-130,48255,,,,
20250318,018260,삼성에스디에스,121700,-1100,96542,,,,
20250318,018470,조일알미늄,1633,10,314807,,,,
20250318,018500,동원모빌리티,1817,-5,605072,,,,
20250318,018670,SK가스,259000,-3000,13892,,,,
20250318,018880,한온시스템,3699,-42,1206584,,,,
20250318,019170,신풍제약,8210,100,97392,,,,
20250318,019175,신풍제약우,12450,20,1239,,,,
20250318,019180,티에이치엔,3070,5,59382,,,,
20250318,019490,엑시큐어하이트론,708,0,1239321,,,,
20250318,019680,대교,2135,-50,50298,,,,
20250318,019685,대교우B,1284,7,1072,,,,
20250318,020000,한섬,15690,-150,30392,,,,
20250318,020120,키다리스튜디오,3415,-40,86341,,,,
20250318,020150,롯데에너지머티리얼즈,26550,450,97196,,,,
20250318,020560,아시아나항공,10450,-30,73784,,,,
20250318,020760,일진디스플,824,-6,56845,,,,
20250318,021050,서원,1259,0,157068,,,,
20250318,021240,코웨이,85600,-1000,120156,,,,
20250318,021820,세원정공,7870,-10,4746,,,,
20250318,022100,포스코DX,27500,500,4802217,,,,
20250318,023000,삼원강재,2340,5,3895,,,,
20250318,023150,MH에탄올,5030,0,2842,,,,
20250318,023350,한국종합기술,5470,-40,56834,,,,
20250318,023450,동남합성,34150,150,2799,,,,
20250318,023530,롯데쇼핑,64200,-2100,61957,,,,
20250318,023590,다우기술,21900,300,161439,,,,
20250318,023800,인지컨트롤스,5870,-60,32999,,,,
20250318,023810,인팩,5720,0,6101,,,,
20250318,023960,에쓰씨엔지니어링,1256,-20,275953,,,,
20250318,024070,WISCOM,1910,19,1940,,,,
20250318,024090,디씨엠,11520,140,4035,,,,
20250318,024110,기업은행,15800,0,1272001,,,,
20250318,024720,콜마홀딩스,9480,200,6358859,,,,
20250318,024890,대원화성,4785,-15,4261,,,,
20250318,024900,디와이덕양,2870,20,34982,,,,
20250318,025000,KPX케미칼,41410,-47,3088,,,,
20250318,025530,SJM홀딩스,3115,5,7260,,,,
20250318,025540,한국단자,70700,-1900,48185,,,,
20250318,025560,미래산업,2746,-25,83780,,,,
20250318,025620,차AI헬스케어,3560,-90,14838,,,,
20250318,025750,한솔홈데코,4375,-25,40988,,,,
20250318,025820,이구산업,4920,130,717213,,,,
20250318,025860,남해화학,6430,10,47398,,,,
20250318,025890,한국주강,1761,26,12012,,,,
20250318,026890,스틱인베스트먼트,7150,50,34960,,,,
20250318,026940,부국철강,2505,10,49024,,,,
20250318,026960,동서,26400,450,117451,,,,
20250318,027410,BGF,3405,5,55038,,,,
20250318,027740,마니커,1764,0,41669,,,,
20250318,027970,한국제지,4000,0,4127,,,,
20250318,028050,삼성E&A,20600,1180,4186740,,,,
20250318,028100,동아지질,13350,-100,23669,,,,
20250318,028260,삼성물산,122300,-1200,177144,,,,
20250318,02826K,삼성물산우B,89200,-200,1421,,,,
20250318,028670,팬오션,3560,-55,1997019,,,,
20250318,029460,케이씨,19140,-150,13157,,,,
20250318,029530,신도리코,38200,0,3020,,,,
20250318,029780,삼성카드,43000,-300,112778,,,,
20250318,030000,제일기획,17850,40,161049,,,,
20250318,030190,NICE평가정보,12260,120,100610,,,,
20250318,030200,KT,49500,-300,292814,,,,
20250318,030210,다올투자증권,2850,-40,83173,,,,
20250318,030610,교보증권,6540,-40,121645,,,,
20250318,030720,동원수산,5010,10,2808,,,,
20250318,031210,서울보증보험,31750,-550,1293658,,,,
20250318,031430,신세계인터내셔날,10390,-60,92568,,,,
20250318,031820,아이티센씨티에스,6090,60,35839,,,,
20250318,032350,롯데관광개발,7800,30,172197,,,,
20250318,032560,황금에스티,5140,-40,36549,,,,
20250318,032640,LG유플러스,10810,-90,715448,,,,
20250318,032830,삼성생명,84100,1500,311864,,,,
20250318,033240,자화전자,13320,-30,49901,,,,
20250318,033250,체시스,5855,-30,41345,,,,
20250318,033270,유나이티드제약,19020,-160,19073,,,,
20250318,033530,SJG세종,4300,-40,31879,,,,
20250318,033780,KT&G,96800,500,237595,,,,
20250318,033920,무학,6860,90,56627,,,,
20250318,034020,두산에너빌리티,25800,200,9464041,,,,
20250318,034120,SBS,20600,-250,86777,,,,
20250318,034220,LG디스플레이,9120,-80,787501,,,,
20250318,034230,파라다이스,10560,40,136215,,,,
20250318,034310,NICE,11350,10,6049,,,,
20250318,034590,인천도시가스,24600,-50,665,,,,
20250318,034730,SK,137400,-800,74702,,,,
20250318,03473K,SK우,122200,200,334,,,,
20250318,034830,한국토지신탁,1001,0,149069,,,,
20250318,035000,HS애드,6700,-470,143010,,,,
20250318,035150,백산,14780,-220,47441,,,,
20250318,035250,강원랜드,16930,30,336587,,,,
20250318,035420,NAVER,209000,-2000,669726,,,,
20250318,035510,신세계 I&C,12340,10,59987,,,,
20250318,035720,카카오,44000,500,2475410,,,,
20250318,036420,콘텐트리중앙,8370,-100,36445,,,,
20250318,036460,한국가스공사,36500,-350,506284,,,,
20250318,036530,SNT홀딩스,32100,0,24547,,,,
20250318,036570,NC,163400,-1000,34863,,,,
20250318,036580,팜스코,2155,-15,13308,,,,
20250318,037270,YG PLUS,5090,-110,1024732,,,,
20250318,037560,LG헬로비전,2370,5,46986,,,,
20250318,037710,광주신세계,29550,150,53431,,,,
20250318,039130,하나투어,54600,-700,37001,,,,
20250318,039490,키움증권,125300,3600,108921,,,,
20250318,039570,HDC랩스,8470,-110,15927,,,,
20250318,041650,상신브레이크,2935,15,15282,,,,
20250318,042660,한화오션,81400,5100,9087386,,,,
20250318,042700,한미반도체,88400,1300,1080731,,,,
20250318,044380,주연테크,1675,-20,15845,,,,
20250318,044450,KSS해운,8640,10,33805,,,,
20250318,044820,코스맥스비티아이,9970,200,26359,,,,
20250318,047040,대우건설,3495,15,315370,,,,
20250318,047050,포스코인터내셔널,55900,1300,1126214,,,,
20250318,047400,유니온머티리얼,2085,-15,119355,,,,
20250318,047810,한국항공우주,85000,-10000,5782025,,,,
20250318,049800,우진플라임,2030,15,3000,,,,
20250318,051600,한전KPS,43100,-400,94052,,,,
20250318,051630,진양화학,4430,70,103398,,,,
20250318,051900,LG생활건강,325000,-3000,22618,,,,
20250318,051905,LG생활건강우,124600,-1000,5955,,,,
20250318,051910,LG화학,231500,-3500,222768,,,,
20250318,051915,LG화학우,111900,-1000,36630,,,,
20250318,052690,한전기술,62200,300,126244,,,,
20250318,053210,스카이라이프,4485,5,19850,,,,
20250318,053690,한미글로벌,16910,-90,62992,,,,
20250318,055490,테이팩스,13870,-120,9923,,,,
20250318,055550,신한지주,46550,0,1051074,,,,
20250318,058430,포스코스틸리온,4585,85,1414130,,,,
20250318,058650,세아홀딩스,94600,400,65,,,,
20250318,058730,다스코,3010,10,62584,,,,
20250318,058850,KTcs,2665,-40,371972,,,,
20250318,058860,KTis,2590,-10,62227,,,,
20250318,060980,HL홀딩스,37350,50,11877,,,,
20250318,062040,산일전기,66000,-600,181719,,,,
20250318,063160,종근당바이오,20050,0,16953,,,,
20250318,064350,현대로템,110900,1900,1842642,,,,
20250318,064400,LG씨엔에스,51700,500,346065,,,,
20250318,064960,SNT모티브,25550,0,33102,,,,
20250318,066570,LG전자,80700,-1400,579314,,,,
20250318,066575,LG전자우,38900,50,11651,,,,
20250318,066970,엘앤에프,73700,-600,299229,,,,
20250318,067830,세이브존I&C,2250,20,30720,,,,
20250318,068270,셀트리온,172052,-367,488349,,,,
20250318,068290,삼성출판사,15070,-100,16901,,,,
20250318,069260,TKG휴켐스,15960,-140,45508,,,,
20250318,069460,대호에이엘,6525,-80,170290,,,,
20250318,069620,대웅제약,120900,0,21499,,,,
20250318,069640,한세엠케이,2066,92,1850,,,,
20250318,069730,DSR제강,3535,-5,47084,,,,
20250318,069960,현대백화점,57700,-2800,102489,,,,
20250318,070960,모나용평,4065,85,1061359,,,,
20250318,071050,한국금융지주,75500,0,91100,,,,
20250318,071055,한국금융지주우,56400,900,17489,,,,
20250318,071090,하이스틸,4610,285,5879632,,,,
20250318,071320,지역난방공사,49700,700,21311,,,,
20250318,071840,롯데하이마트,7470,-40,25943,,,,
20250318,071950,코아스,9950,-30,9689,,,,
20250318,071970,HD현대마린엔진,29500,1450,2805128,,,,
20250318,072130,유엔젤,5470,-60,196623,,,,
20250318,072710,농심홀딩스,65100,-400,3912,,,,
20250318,073240,금호타이어,4900,-65,408032,,,,
20250318,074610,이엔플러스,7820,-430,42744,,,,
20250318,075180,새론오토모티브,3405,5,945,,,,
20250318,075580,세진중공업,8010,150,505715,,,,
20250318,077500,유니퀘스트,7160,-50,441386,,,,
20250318,077970,STX엔진,26900,1150,1137392,,,,
20250318,078000,텔코웨어,9100,70,13429,,,,
20250318,078520,에이블씨엔씨,7030,-40,62407,,,,
20250318,078930,GS,37150,0,159374,,,,
20250318,078935,GS우,36400,50,3034,,,,
20250318,079160,CJ CGV,4870,-35,339667,,,,
20250318,079430,현대리바트,7360,10,8869,,,,
20250318,079550,LIG디펜스앤에어로스페이스,281500,-11000,345058,,,,
20250318,079900,전진건설로봇,58200,1800,468439,,,,
20250318,079980,휴비스,2630,-15,31091,,,,
20250318,081000,일진다이아,11740,-70,11688,,,,
20250318,081660,미스토홀딩스,38750,750,235927,,,,
20250318,082640,동양생명,5100,30,130697,,,,
20250318,082740,한화엔진,26950,3250,16227200,,,,
20250318,083420,그린케미칼,6440,40,1046018,,,,
20250318,084010,대한제강,10702,-60,46510,,,,
20250318,084670,동양고속,7200,50,1745,,,,
20250318,084680,이월드,1276,-10,150235,,,,
20250318,084690,대상홀딩스,12200,50,350566,,,,
20250318,084695,대상홀딩스우,24050,-500,21850,,,,
20250318,084870,TBH글로벌,1145,-10,29794,,,,
20250318,085310,엔케이,8990,0,12773,,,,
20250318,085620,미래에셋생명,4415,-40,17316,,,,
20250318,086280,현대글로비스,122200,500,94760,,,,
20250318,086790,하나금융지주,61100,100,783093,,,,
20250318,088260,이리츠코크렙,4270,0,29697,,,,
20250318,088350,한화생명,2665,10,718185,,,,
20250318,088790,진도,1828,-2,9371,,,,
20250318,088980,맥쿼리인프라,10950,60,656650,,,,
20250318,089470,HDC현대EP,3635,-15,18620,,,,
20250318,089590,제주항공,7070,-50,129454,,,,
20250318,089860,롯데렌탈,29650,-150,23122,,,,
20250318,090080,평화산업,1210,15,508958,,,,
20250318,090350,노루페인트,7760,-40,37443,,,,
20250318,090355,노루페인트우,12690,390,651,,,,
20250318,090370,메타랩스,1405,23,46775,,,,
20250318,090430,아모레퍼시픽,111900,100,202200,,,,
20250318,090435,아모레퍼시픽우,34200,0,11852,,,,
20250318,090460,비에이치,14820,-110,169654,,,,
20250318,091810,트리니티항공,2238,-29,1520810,,,,
20250318,092200,디아이씨,4505,-30,137363,,,,
20250318,092220,KEC,3970,-50,74366,,,,
20250318,092230,KPX홀딩스,56100,300,858,,,,
20250318,092440,기신정기,2355,-65,85767,,,,
20250318,092780,DYP,4565,-35,5998,,,,
20250318,092790,넥스틸,18040,1110,9029992,,,,
20250318,093050,LF,15400,0,16290,,,,
20250318,093240,형지엘리트,2077,31,1556591,,,,
20250318,093370,후성,5190,550,4716009,,,,
20250318,094280,효성ITX,11820,-20,4494,,,,
20250318,094800,맵스리얼티,4250,-20,26596,,,,
20250318,095570,AJ네트웍스,3790,-45,76069,,,,
20250318,095720,웅진씽크빅,3082,0,53325,,,,
20250318,096760,JW홀딩스,3035,10,51621,,,,
20250318,096770,SK이노베이션,126100,-100,181875,,,,
20250318,096775,SK이노베이션우,78400,0,3919,,,,
20250318,097230,HJ중공업,7940,80,1980957,,,,
20250318,097520,엠씨넥스,24900,-150,58535,,,,
20250318,097950,CJ제일제당,253500,1000,48586,,,,
20250318,097955,CJ제일제당 우,134600,200,1932,,,,
20250318,100090,SK오션플랜트,14610,-340,134325,,,,
20250318,100220,비상교육,4840,-95,28439,,,,
20250318,100250,진양홀딩스,2920,0,15114,,,,
20250318,100840,SNT에너지,34050,1250,346378,,,,
20250318,101140,인바이오젠,7050,-120,5913,,,,
20250318,101530,해태제과식품,6320,120,71384,,,,
20250318,102260,동성케미컬,3780,-5,25182,,,,
20250318,102460,이연제약,11810,10,22539,,,,
20250318,103140,풍산,63800,-1100,260498,,,,
20250318,103590,일진전기,30000,-350,610237,,,,
20250318,104700,한국철강,8040,20,16459,,,,
20250318,105560,KB금융,80200,1300,1164823,,,,
20250318,105630,한세실업,12120,-10,46988,,,,
20250318,105840,우진,7420,20,144333,,,,
20250318,107590,미원홀딩스,72700,-100,183,,,,
20250318,108320,LX세미콘,57800,-100,23881,,,,
20250318,108670,LX하우시스,30250,-100,13007,,,,
20250318,108675,LX하우시스우,18040,30,665,,,,
20250318,109070,주성코퍼레이션,1185,0,0,,,,
20250318,111110,호전실업,7900,10,11226,,,,
20250318,111380,동인기연,15460,80,2858,,,,
20250318,111770,영원무역,49850,250,50455,,,,
20250318,112610,씨에스윈드,36850,-650,112948,,,,
20250318,114090,GKL,10660,-110,64509,,,,
20250318,117580,대성에너지,7900,50,24714,,,,
20250318,118000,메타케어,3690,850,1724547,,,,
20250318,119650,KC코트렐,904,-20,88422,,,,
20250318,120030,조선선재,98400,0,1088,,,,
20250318,120110,코오롱인더,31650,-350,42662,,,,
20250318,120115,코오롱인더우,19520,10,1621,,,,
20250318,122900,아이마켓코리아,7830,10,15741,,,,
20250318,123690,한국화장품,6680,-20,48422,,,,
20250318,123700,SJM,2950,-20,12718,,,,
20250318,123890,한국자산신탁,2480,5,98148,,,,
20250318,126560,현대퓨처넷,3260,-40,109650,,,,
20250318,126720,수산인더스트리,20500,0,23456,,,,
20250318,128820,대성산업,3309,57,173185,,,,
20250318,128940,한미약품,245500,-500,36051,,,,
20250318,129260,인터지스,2500,-20,61445,,,,
20250318,130660,한전산업,10640,40,138265,,,,
20250318,133820,화인베스틸,1032,-63,249705,,,,
20250318,134380,미원화학,7890,90,1910,,,,
20250318,134790,시디즈,24950,100,197,,,,
20250318,136490,선진,5770,-20,25687,,,,
20250318,137310,에스디바이오센서,9930,-40,54889,,,,
20250318,138040,메리츠금융지주,118800,1100,160325,,,,
20250318,138930,BNK금융지주,10990,-10,733526,,,,
20250318,139130,iM금융지주,9110,-30,402417,,,,
20250318,139480,이마트,80400,-2500,165855,,,,
20250318,139990,아주스틸,4220,0,9053,,,,
20250318,143210,핸즈코퍼레이션,1858,6,1936,,,,
20250318,145210,다이나믹디자인,9510,390,20510,,,,
20250318,145270,케이탑리츠,988,14,59353,,,,
20250318,145720,덴티움,62100,-1600,27194,,,,
20250318,145990,삼양사,45600,300,13869,,,,
20250318,145995,삼양사우,29650,0,378,,,,
20250318,155660,DSR,3885,5,20745,,,,
20250318,161000,애경케미칼,7260,80,140600,,,,
20250318,161390,한국타이어앤테크놀로지,40300,-250,316552,,,,
20250318,161890,한국콜마,65600,-1000,224585,,,,
20250318,163560,동일고무벨트,7700,200,81260,,,,
20250318,170900,동아에스티,44110,382,12931,,,,
20250318,175330,JB금융지주,16920,-160,249226,,,,
20250318,178920,PI첨단소재,17900,-300,173759,,,,
20250318,180640,한진칼,83500,-200,31531,,,,
20250318,18064K,한진칼우,23750,-100,63,,,,
20250318,181710,NHN,18290,110,36575,,,,
20250318,183190,아세아시멘트,10200,-70,38185,,,,
20250318,185750,종근당,81100,500,24192,,,,
20250318,192080,더블유게임즈,50000,-700,33473,,,,
20250318,192400,쿠쿠홀딩스,22250,0,3756,,,,
20250318,192650,드림텍,7060,-30,144713,,,,
20250318,192820,코스맥스,181600,1100,77484,,,,
20250318,194370,제이에스코퍼레이션,8580,30,110246,,,,
20250318,195870,해성디에스,28950,-1050,104014,,,,
20250318,200880,서연이화,12720,0,73579,,,,
20250318,204320,HL만도,41650,1350,269268,,,,
20250318,207940,삼성바이오로직스,1595371,22077,30326,,,,
20250318,210540,디와이파워,12490,120,33032,,,,
20250318,210980,SK디앤디,8560,70,55009,,,,
20250318,213500,한솔제지,8670,20,27389,,,,
20250318,214320,이노션,18640,90,47342,,,,
20250318,214330,금호에이치티,15885,-245,19173,,,,
20250318,214390,경보제약,5880,30,77187,,,,
20250318,214420,토니모리,8790,-10,857805,,,,
20250318,226320,잇츠한불,11250,-80,10099,,,,
20250318,227840,현대코퍼레이션홀딩스,10450,180,10680,,,,
20250318,229640,LS에코에너지,35700,-150,132980,,,,
20250318,234080,JW생명과학,11550,-80,47203,,,,
20250318,241560,두산밥캣,50100,-400,156352,,,,
20250318,241590,화승엔터프라이즈,8750,260,306557,,,,
20250318,244920,에이플러스에셋,3985,-10,12438,,,,
20250318,248070,솔루엠,17700,-100,60198,,,,
20250318,248170,샘표식품,26200,0,7256,,,,
20250318,249420,일동제약,11150,-60,45681,,,,
20250318,251270,넷마블,40350,-150,121960,,,,
20250318,259960,크래프톤,351000,-6500,155238,,,,
20250318,264900,크라운제과,8060,60,12287,,,,
20250318,26490K,크라운제과우,9070,-50,4493,,,,
20250318,267250,HD현대,75900,0,97171,,,,
20250318,267260,HD현대일렉트릭,361000,2000,234457,,,,
20250318,267270,HD건설기계,74000,900,127352,,,,
20250318,267290,경동도시가스,17500,-60,6577,,,,
20250318,267850,아시아나IDT,11300,-40,2950,,,,
20250318,268280,미원에스씨,150000,800,298,,,,
20250318,271560,오리온,112800,-900,121538,,,,
20250318,271940,일진하이솔루스,14380,-200,64394,,,,
20250318,271980,제일약품,13520,3120,1336784,,,,
20250318,272210,한화시스템,41300,2450,20100768,,,,
20250318,272450,진에어,9580,0,95528,,,,
20250318,272550,삼양패키징,14210,30,6760,,,,
20250318,278470,에이피알,66900,-2200,569767,,,,
20250318,280360,롯데웰푸드,118400,-100,7526,,,,
20250318,281820,케이씨텍,37800,-800,82084,,,,
20250318,282330,BGF리테일,105100,-500,26572,,,,
20250318,284740,쿠쿠홈시스,21400,-200,23274,,,,
20250318,285130,SK케미칼,42250,-350,20498,,,,
20250318,28513K,SK케미칼우,20150,100,2786,,,,
20250318,286940,롯데이노베이트,19530,90,19111,,,,
20250318,293480,하나제약,10600,60,19585,,,,
20250318,293940,신한알파리츠,5940,30,136813,,,,
20250318,294870,IPARK현대산업개발,20600,-100,160989,,,,
20250318,298000,효성화학,77800,0,0,,,,
20250318,298020,효성티앤씨,229500,-3500,6889,,,,
20250318,298040,효성중공업,474500,-500,50386,,,,
20250318,298050,HS효성첨단소재,183800,-1800,5286,,,,
20250318,298690,에어부산,2180,-15,79963,,,,
20250318,300720,한일시멘트,16510,-70,56176,,,,
20250318,302440,SK바이오사이언스,42950,500,126801,,,,
20250318,306200,세아제강,209000,4500,42836,,,,
20250318,307950,현대오토에버,132400,-1800,37761,,,,
20250318,308170,씨티알모빌리티,5660,-20,7581,,,,
20250318,316140,우리금융지주,16540,70,1247855,,,,
20250318,317400,자이에스앤디,3200,-20,16302,,,,
20250318,322000,HD현대에너지솔루션,25100,150,55963,,,,
20250318,323410,카카오뱅크,23300,-300,464766,,,,
20250318,326030,SK바이오팜,106700,400,130970,,,,
20250318,329180,HD현대중공업,316500,1500,361480,,,,
20250318,330590,롯데리츠,3530,50,294552,,,,
20250318,334890,이지스밸류플러스리츠,4415,5,64705,,,,
20250318,336260,두산퓨얼셀,16020,-260,122928,,,,
20250318,33626K,두산퓨얼셀1우,4640,5,5397,,,,
20250318,33626L,두산퓨얼셀2우B,7690,0,90,,,,
20250318,336370,솔루스첨단소재,9200,-90,97293,,,,
20250318,33637K,솔루스첨단소재1우,1987,21,16207,,,,
20250318,33637L,솔루스첨단소재2우B,4000,20,2203,,,,
20250318,338100,NH프라임리츠,4470,10,9707,,,,
20250318,339770,교촌에프앤비,5940,0,57927,,,,
20250318,344820,KCC글라스,32000,350,24702,,,,
20250318,348950,제이알글로벌리츠,2665,50,389675,,,,
20250318,350520,이지스레지던스리츠,4120,0,10658,,,,
20250318,352820,하이브,228500,-10000,214516,,,,
20250318,353200,대덕전자,18060,-290,263166,,,,
20250318,35320K,대덕전자1우,8050,20,3067,,,,
20250318,357120,코람코라이프인프라리츠,4430,-5,70462,,,,
20250318,357250,미래에셋맵스리츠,2630,10,14975,,,,
20250318,357430,마스턴프리미어리츠,1499,9,6800,,,,
20250318,361610,SK아이이테크놀로지,25300,-450,131182,,,,
20250318,363280,티와이홀딩스,2100,-30,167179,,,,
20250318,36328K,티와이홀딩스우,3690,-20,865,,,,
20250318,365550,ESR켄달스퀘어리츠,4922,80,161930,,,,
20250318,372910,한컴라이프케어,3400,20,315262,,,,
20250318,373220,LG에너지솔루션,325000,0,184156,,,,
20250318,375500,DL이앤씨,44000,100,131991,,,,
20250318,37550K,DL이앤씨우,17680,-20,2328,,,,
20250318,37550L,DL이앤씨2우(전환),27750,100,1804,,,,
20250318,377190,디앤디플랫폼리츠,3275,50,93552,,,,
20250318,377300,카카오페이,32800,1200,507808,,,,
20250318,377740,바이오노트,4910,15,54446,,,,
20250318,378850,화승알앤에이,3125,-35,43152,,,,
20250318,381970,케이카,13050,50,29958,,,,
20250318,383220,F&F,66600,-800,36562,,,,
20250318,383800,LX홀딩스,6630,-20,59408,,,,
20250318,38380K,LX홀딩스1우,7900,40,474,,,,
20250318,395400,SK리츠,4985,0,149981,,,,
20250318,396690,미래에셋글로벌리츠,2755,0,24855,,,,
20250318,400760,NH올원리츠,3526,24,37994,,,,
20250318,402340,SK스퀘어,93800,200,198850,,,,
20250318,403550,쏘카,15120,-30,10322,,,,
20250318,404990,신한서부티엔디리츠,3180,25,84285,,,,
20250318,415640,KB발해인프라,7410,40,24861,,,,
20250318,417310,코람코더원리츠,4900,-10,33321,,,,
20250318,432320,KB스타리츠,3830,70,74375,,,,
20250318,443060,HD현대마린솔루션,155500,7700,301388,,,,
20250318,446070,유니드비티플러스,4055,15,31384,,,,
20250318,448730,삼성FN리츠,4620,0,42373,,,,
20250318,450080,에코프로머티,71600,900,553436,,,,
20250318,451800,한화리츠,3710,60,208290,,,,
20250318,452260,한화갤러리아,1261,12,867668,,,,
20250318,45226K,한화갤러리아우,2450,50,2118,,,,
20250318,453340,현대그린푸드,13770,50,29831,,,,
20250318,454910,두산로보틱스,61400,-100,142623,,,,
20250318,456040,OCI,59500,0,15510,,,,
20250318,457190,이수스페셜티케미컬,56800,2200,775838,,,,
20250318,460850,동국씨엠,7090,50,102512,,,,
20250318,460860,동국제강,9730,120,253280,,,,
20250318,462520,조선내화,14390,10,3841,,,,
20250318,462870,시프트업,59100,-400,138152,,,,
20250318,465770,STX그린로지스,8330,50,28388,,,,
20250318,475150,SK이터닉스,14750,0,129012,,,,
20250318,475560,더본코리아,28450,550,120201,,,,
20250318,480370,씨케이솔루션,5939,-392,14634073,,,,
20250318,481850,신한글로벌액티브리츠,1557,2,85947,,,,
20250318,484870,엠앤씨솔루션,28300,-400,466125,,,,
20250318,487570,HS효성,34100,250,23938,,,,
20250318,489790,한화비전,58300,-800,2484774,,,,
20250318,499790,GS피앤엘,19220,30,39080,,,,
20250318,900140,엘브이엠씨홀딩스,1662,1,221599,,,,
20250318,950210,프레스티지바이오파마,12630,-910,178620,,,,
20250319,000020,동화약품,6170,-40,36616,,,,
20250319,000040,KR모터스,1925,-45,31146,,,,
20250319,000050,경방,6580,10,5606,,,,
20250319,000070,삼양홀딩스,40171,67,27536,,,,
20250319,000080,하이트진로,19430,70,94967,,,,
20250319,000087,하이트진로2우B,15220,0,318,,,,
20250319,000100,유한양행,127800,1300,563585,,,,
20250319,000105,유한양행우,112000,1000,6781,,,,
20250319,000120,CJ대한통운,88900,300,42373,,,,
20250319,000140,하이트진로홀딩스,8610,20,10041,,,,
20250319,000145,하이트진로홀딩스우,10170,0,207,,,,
20250319,000150,두산,321000,-22000,205041,,,,
20250319,000155,두산우,145600,-5600,18433,,,,
20250319,000157,두산2우B,135100,-3200,2212,,,,
20250319,000180,성창기업지주,6435,35,4230,,,,
20250319,000210,DL,35650,550,64607,,,,
20250319,000215,DL우,19470,110,151,,,,
20250319,000220,유유제약,4485,15,39497,,,,
20250319,000225,유유제약1우,4745,-40,6442,,,,
20250319,000227,유유제약2우B,9480,-80,459,,,,
20250319,000230,일동홀딩스,6320,110,31426,,,,
20250319,000240,한국앤컴퍼니,16580,350,173177,,,,
20250319,000270,기아,97100,700,1094424,,,,
20250319,000300,DH오토넥스,4200,0,0,,,,
20250319,000320,노루홀딩스,14260,70,13999,,,,
20250319,000325,노루홀딩스우,28700,200,163,,,,
20250319,000370,한화손해보험,4230,10,147329,,,,
20250319,000390,SP삼화,6400,-100,303492,,,,
20250319,000400,롯데손해보험,1808,7,86178,,,,
20250319,000430,대원강업,3640,-10,38564,,,,
20250319,000480,CR홀딩스,5280,0,12530,,,,
20250319,000490,대동,12080,-310,275685,,,,
20250319,000500,가온전선,28506,-667,96966,,,,
20250319,000520,삼일제약,12880,630,267799,,,,
20250319,000540,흥국화재,3330,25,28245,,,,
20250319,000545,흥국화재우,5070,-100,6313,,,,
20250319,000590,CS홀딩스,72400,200,537,,,,
20250319,000640,동아쏘시오홀딩스,95179,-1359,14905,,,,
20250319,000650,천일고속,39200,100,198,,,,
20250319,000660,SK하이닉스,205500,2500,3102000,,,,
20250319,000670,영풍,47378,-243,35688,,,,
20250319,000680,LS네트웍스,4105,-10,458422,,,,
20250319,000700,유수홀딩스,5460,-10,11642,,,,
20250319,000720,현대건설,33800,250,537446,,,,
20250319,000725,현대건설우,49150,150,970,,,,
20250319,000760,이화산업,10500,10,4207,,,,
20250319,000810,삼성화재,397500,3000,84233,,,,
20250319,000815,삼성화재우,293000,0,9036,,,,
20250319,000850,화천기공,28000,0,2489,,,,
20250319,000860,강남제비스코,11980,0,19661,,,,
20250319,000880,한화,58403,60,390271,,,,
20250319,00088K,한화3우B,20106,70,59358,,,,
20250319,000890,보해양조,2215,0,27631,,,,
20250319,000910,유니온,5220,-60,255498,,,,
20250319,000950,전방,19250,-230,154,,,,
20250319,000970,한국주철관,6310,40,31334,,,,
20250319,000990,DB하이텍,46550,-100,323555,,,,
20250319,001020,페이퍼코리아,3525,20,911,,,,
20250319,001040,CJ,127300,0,246943,,,,
20250319,001045,CJ우,66000,-200,6769,,,,
20250319,00104K,CJ4우(전환),97200,-700,24226,,,,
20250319,001060,JW중외제약,21950,-200,39463,,,,
20250319,001065,JW중외제약우,28250,-100,105,,,,
20250319,001067,JW중외제약2우B,60800,0,0,,,,
20250319,001070,대한방직,5280,30,2669,,,,
20250319,001080,만호제강,2505,5,32280,,,,
20250319,001120,LX인터내셔널,25850,50,95696,,,,
20250319,001130,대한제분,12900,10,5120,,,,
20250319,001200,유진투자증권,2600,5,233534,,,,
20250319,001210,금호전기,3500,50,19328,,,,
20250319,001230,동국홀딩스,1714,7,77694,,,,
20250319,001250,GS글로벌,2635,-5,2321927,,,,
20250319,001260,남광토건,8070,-200,29533,,,,
20250319,001270,부국증권,26950,0,565,,,,
20250319,001275,부국증권우,21900,50,713,,,,
20250319,001290,상상인증권,423,2,214857,,,,
20250319,001340,PKC,6930,120,131207,,,,
20250319,001360,삼성제약,1568,-14,219283,,,,
20250319,001380,SG글로벌,6752,271,1692377,,,,
20250319,001390,KG케미칼,3890,40,73222,,,,
20250319,001420,태원물산,3350,-65,2584,,,,
20250319,001430,세아베스틸지주,19800,-120,80861,,,,
20250319,001440,대한전선,12640,-180,1232375,,,,
20250319,001450,현대해상,23250,50,172770,,,,
20250319,001460,BYC,27150,-50,157,,,,
20250319,001465,BYC우,12620,120,1376,,,,
20250319,001470,삼부토건,444,5,10645912,,,,
20250319,001500,현대차증권,5780,-20,436251,,,,
20250319,001510,SK증권,937,-6,148028,,,,
20250319,001515,SK증권우,3428,0,3098,,,,
20250319,001520,동양,1230,-4,88296,,,,
20250319,001525,동양우,8150,-110,123,,,,
20250319,001527,동양2우B,16900,280,66,,,,
20250319,001530,DI동일,42953,-762,42095,,,,
20250319,001550,조비,10450,-20,2861,,,,
20250319,001560,제일연마,9020,50,7633,,,,
20250319,001570,금양,11520,-450,2172980,,,,
20250319,001620,케이비아이동국실업,2435,0,5406,,,,
20250319,001630,종근당홀딩스,43500,400,4339,,,,
20250319,001680,대상,24800,400,121508,,,,
20250319,001685,대상우,17770,250,11706,,,,
20250319,001720,신영증권,80000,-400,4546,,,,
20250319,001740,SK네트웍스,4425,45,223888,,,,
20250319,001750,한양증권,12500,500,58969,,,,
20250319,001755,한양증권우,12800,300,3279,,,,
20250319,001770,SHD,14790,-200,1580,,,,
20250319,001780,알루코,2280,15,415823,,,,
20250319,001790,대한제당,2840,55,479785,,,,
20250319,001795,대한제당우,2305,15,8522,,,,
20250319,001800,오리온홀딩스,15780,490,446869,,,,
20250319,001820,삼화콘덴서,28000,100,37262,,,,
20250319,001940,KISCO홀딩스,19800,120,7335,,,,
20250319,002020,코오롱,29900,2700,714006,,,,
20250319,002025,코오롱우,16630,500,28920,,,,
20250319,002030,아세아,264000,0,1201,,,,
20250319,002070,비비안,15557,0,5730,,,,
20250319,002100,경농,9210,-20,9331,,,,
20250319,002140,고려산업,2770,-30,176868,,,,
20250319,002150,도화엔지니어링,6650,-10,18188,,,,
20250319,002170,SYTS,48200,400,7842,,,,
20250319,002200,한국수출포장,2750,0,46908,,,,
20250319,002210,동성제약,3870,-4,29214,,,,
20250319,002220,한일철강,1890,-12,1878,,,,
20250319,002240,고려제강,17660,-40,8139,,,,
20250319,002310,아세아제지,7440,200,201522,,,,
20250319,002320,한진,19510,0,8895,,,,
20250319,002350,넥센타이어,5460,20,104949,,,,
20250319,002355,넥센타이어1우B,2825,0,7228,,,,
20250319,002360,SH에너지화학,4730,-30,18440,,,,
20250319,002380,KCC,283000,4500,28006,,,,
20250319,002390,한독,11260,-60,11416,,,,
20250319,002410,범양건영,2045,-155,1438500,,,,
20250319,002420,세기상사,5080,10,792,,,,
20250319,002450,삼익악기,1179,-1,99190,,,,
20250319,002460,HS화성,9740,-10,11896,,,,
20250319,002600,조흥,164500,1000,15,,,,
20250319,002620,제일파마홀딩스,7820,-580,127700,,,,
20250319,002630,오리엔트바이오,3272,-390,6981393,,,,
20250319,002690,동일제강,1227,-10,15984,,,,
20250319,002700,신일전자,1463,5,83736,,,,
20250319,002710,TCC스틸,26600,-350,133707,,,,
20250319,002720,국제약품,4700,-10,59504,,,,
20250319,002760,보락,1081,-20,170789,,,,
20250319,002780,진흥기업,774,-11,270193,,,,
20250319,002785,진흥기업우B,3145,10,592,,,,
20250319,002787,진흥기업2우B,9630,-10,169,,,,
20250319,002790,아모레퍼시픽홀딩스,21450,0,84840,,,,
20250319,002795,아모레퍼시픽홀딩스우,9140,20,4829,,,,
20250319,00279K,아모레퍼시픽홀딩스3우C,18150,50,3974,,,,
20250319,002810,삼영무역,13530,10,19266,,,,
20250319,002820,SUN&L,2735,-65,22689,,,,
20250319,002840,미원상사,184400,1000,1652,,,,
20250319,002870,신풍,1413,148,8660340,,,,
20250319,002880,디와이에이,910,-38,90060,,,,
20250319,002900,TYM,4885,-145,199335,,,,
20250319,002920,유성기업,1834,-1,26346,,,,
20250319,002960,한국쉘석유,310000,500,2254,,,,
20250319,002990,금호건설,2540,-15,20035,,,,
20250319,002995,금호건설우,12530,-80,835,,,,
20250319,003000,부광약품,4218,0,108908,,,,
20250319,003010,혜인,5120,-70,39524,,,,
20250319,003030,세아제강지주,256500,-4000,21241,,,,
20250319,003060,에이프로젠바이오로직스,813,8,451679,,,,
20250319,003070,코오롱글로벌,8960,60,17252,,,,
20250319,003075,코오롱글로벌우,15670,140,831,,,,
20250319,003080,SB성보,2445,5,497,,,,
20250319,003090,대웅,20150,100,15130,,,,
20250319,003120,일성아이에스,15290,10,1076,,,,
20250319,003160,디아이,15220,1060,2594419,,,,
20250319,003200,일신방직,8100,60,10002,,,,
20250319,003220,대원제약,14030,-30,60675,,,,
20250319,003230,삼양식품,921000,-5000,75091,,,,
20250319,003240,태광산업,741000,3000,475,,,,
20250319,003280,흥아해운,1645,-33,1453523,,,,
20250319,003300,한일홀딩스,14130,50,10075,,,,
20250319,003350,한국화장품제조,9800,-110,207615,,,,
20250319,003460,유화증권,2315,-5,10224,,,,
20250319,003465,유화증권우,2335,0,1012,,,,
20250319,003470,유안타증권,2820,-10,241347,,,,
20250319,003475,유안타증권우,3070,25,50627,,,,
20250319,003480,한진중공업홀딩스,3560,5,46920,,,,
20250319,003490,대한항공,22750,50,940872,,,,
20250319,003495,대한항공우,22200,300,4958,,,,
20250319,003520,영진약품,1997,-1,49943,,,,
20250319,003530,한화투자증권,3495,20,509411,,,,
20250319,003535,한화투자증권우,6000,-30,1646,,,,
20250319,003540,대신증권,17250,-60,136646,,,,
20250319,003545,대신증권우,16190,50,95030,,,,
20250319,003547,대신증권2우B,15580,20,59132,,,,
20250319,003550,LG,70200,1400,460270,,,,
20250319,003555,LG우,57500,300,14893,,,,
20250319,003570,SNT다이내믹스,34900,-50,83081,,,,
20250319,003580,HLB글로벌,3830,-175,312159,,,,
20250319,003610,방림,3860,-10,156173,,,,
20250319,003620,KG모빌리티,4041,75,440773,,,,
20250319,003650,미창석유,100700,100,1501,,,,
20250319,003670,포스코퓨처엠,137836,4556,439287,,,,
20250319,003680,한성기업,4870,50,19182,,,,
20250319,003690,코리안리,8100,-10,210589,,,,
20250319,003720,삼영,4120,-35,148719,,,,
20250319,003780,진양산업,8170,-610,218752,,,,
20250319,003830,대한화섬,112200,600,314,,,,
20250319,003850,보령,9480,-20,63380,,,,
20250319,003920,남양유업,71700,-1600,12639,,,,
20250319,003925,남양유업우,37500,-500,6036,,,,
20250319,003960,사조대림,40800,500,32333,,,,
20250319,004000,롯데정밀화학,40650,250,29502,,,,
20250319,004020,현대제철,28650,-700,698341,,,,
20250319,004060,SG세계물산,3190,0,20890,,,,
20250319,004080,신흥,14670,20,148,,,,
20250319,004090,한국석유,12980,-70,77031,,,,
20250319,004100,태양금속,2730,-65,427514,,,,
20250319,004105,태양금속우,4430,-130,15020,,,,
20250319,004140,동방,2275,-35,306748,,,,
20250319,004150,한솔홀딩스,2475,15,42809,,,,
20250319,004170,신세계,147400,-200,20003,,,,
20250319,004250,NPC,3985,0,14633,,,,
20250319,004255,NPC우,2385,15,2547,,,,
20250319,004270,남성,8824,214,5286,,,,
20250319,004310,현대약품,3285,25,56653,,,,
20250319,004360,세방,11800,-100,21436,,,,
20250319,004365,세방우,7700,-20,224,,,,
20250319,004370,농심,422000,22000,76199,,,,
20250319,004380,삼익THK,14618,-157,326491,,,,
20250319,004410,서울식품,1410,0,70615,,,,
20250319,004415,서울식품우,12060,40,76,,,,
20250319,004430,송원산업,12360,360,44377,,,,
20250319,004440,삼일씨엔에스,4165,5,36159,,,,
20250319,004450,삼화왕관,30600,-300,1428,,,,
20250319,004490,세방전지,70600,600,34421,,,,
20250319,004540,깨끗한나라,2305,-40,187583,,,,
20250319,004545,깨끗한나라우,11900,90,1677,,,,
20250319,004560,현대비앤지스틸,13180,-40,40755,,,,
20250319,004690,삼천리,89900,400,6062,,,,
20250319,004700,조광피혁,51800,-200,971,,,,
20250319,004710,한솔테크닉스,4246,118,95981,,,,
20250319,004720,팜젠사이언스,4130,15,11302,,,,
20250319,004770,써니전자,2250,-60,491812,,,,
20250319,004800,효성,48750,350,16093,,,,
20250319,004830,덕성,7330,-70,382931,,,,
20250319,004835,덕성우,11030,-350,15374,,,,
20250319,004840,DRB동일,4160,-40,21526,,,,
20250319,004870,티웨이홀딩스,3387,-9,79398,,,,
20250319,004890,동일산업,40400,-100,1179,,,,
20250319,004910,조광페인트,5940,50,13868,,,,
20250319,004920,씨아이테크,1035,10,83204,,,,
20250319,004960,한신공영,6290,20,2672,,,,
20250319,004970,신라교역,8720,0,4356,,,,
20250319,004980,성신양회,7230,-10,17990,,,,
20250319,004985,성신양회우,11150,230,871,,,,
20250319,004990,롯데지주,23250,100,55662,,,,
20250319,00499K,롯데지주우,27050,100,372,,,,
20250319,005010,휴스틸,6390,-350,5654326,,,,
20250319,005030,부산주공,486,0,0,,,,
20250319,005070,코스모신소재,48500,500,352880,,,,
20250319,005090,SGC에너지,22950,-150,22413,,,,
20250319,005110,한창,1254,0,0,,,,
20250319,005180,빙그레,92500,-1700,52688,,,,
20250319,005250,녹십자홀딩스,14130,-70,30018,,,,
20250319,005257,녹십자홀딩스2우,21700,-50,123,,,,
20250319,005300,롯데칠성,109200,1800,13052,,,,
20250319,005305,롯데칠성우,65900,-100,3013,,,,
20250319,005320,온타이드,878,6,20214,,,,
20250319,005360,모나미,2005,0,27743,,,,
20250319,005380,현대차,204000,3500,520541,,,,
20250319,005385,현대차우,152000,3000,50610,,,,
20250319,005387,현대차2우B,155400,4400,90632,,,,
20250319,005389,현대차3우B,151200,2600,8498,,,,
20250319,005420,코스모화학,18970,30,84003,,,,
20250319,005430,한국공항,51000,100,8596,,,,
20250319,005440,현대지에프홀딩스,5300,-10,83746,,,,
20250319,005490,POSCO홀딩스,312500,7500,436098,,,,
20250319,005500,삼진제약,17780,-150,12248,,,,
20250319,005610,삼립,53500,1600,26884,,,,
20250319,005680,삼영전자,9970,-80,20160,,,,
20250319,005690,파미셀,11440,-900,1985010,,,,
20250319,005720,넥센,4515,30,47499,,,,
20250319,005725,넥센우,3180,15,1489,,,,
20250319,005740,크라운해태홀딩스,5460,50,26272,,,,
20250319,005745,크라운해태홀딩스우,7670,0,1260,,,,
20250319,005750,대림바스,3990,0,22297,,,,
20250319,005800,신영와코루,10260,-40,10198,,,,
20250319,005810,풍산홀딩스,28950,800,70301,,,,
20250319,005820,원림,14040,200,1326,,,,
20250319,005830,DB손해보험,98600,1700,174300,,,,
20250319,005850,에스엘,37000,1600,202633,,,,
20250319,005870,휴니드,8820,30,328579,,,,
20250319,005880,대한해운,1700,4,1376766,,,,
20250319,005930,삼성전자,58500,900,29421759,,,,
20250319,005935,삼성전자우,48600,700,1978492,,,,
20250319,005940,NH투자증권,15010,-140,506250,,,,
20250319,005945,NH투자증권우,13260,70,131282,,,,
20250319,005950,이수화학,6250,10,66123,,,,
20250319,005960,동부건설,3590,-35,22154,,,,
20250319,005965,동부건설우,18720,130,141,,,,
20250319,006040,동원산업,36650,250,16963,,,,
20250319,006060,화승인더,5100,-30,51630,,,,
20250319,006090,사조오양,8440,-20,6252,,,,
20250319,006110,삼아알미늄,29600,400,63335,,,,
20250319,006120,SK디스커버리,39950,-100,11970,,,,
20250319,006125,SK디스커버리우,33950,300,2276,,,,
20250319,006200,한국전자홀딩스,3500,30,5852,,,,
20250319,006220,제주은행,7880,-30,33979,,,,
20250319,006260,LS,118000,-4800,420890,,,,
20250319,006280,녹십자,136200,800,43968,,,,
20250319,006340,대원전선,3010,5,535906,,,,
20250319,006345,대원전선우,4015,-15,19509,,,,
20250319,006360,GS건설,17820,0,246706,,,,
20250319,006370,대구백화점,7870,-350,267233,,,,
20250319,006380,카프로,3660,0,0,,,,
20250319,006400,삼성SDI,187876,1077,790168,,,,
20250319,006405,삼성SDI우,119123,-1253,12046,,,,
20250319,006490,프리티,7005,50,76227,,,,
20250319,006570,대림통상,2440,-30,5954,,,,
20250319,006650,대한유화,98800,2100,32809,,,,
20250319,006660,삼성공조,18970,-80,4357257,,,,
20250319,006740,블루산업개발,2315,2,33370,,,,
20250319,006800,미래에셋증권,9658,-169,758956,,,,
20250319,006805,미래에셋증권우,4715,-20,17787,,,,
20250319,00680K,미래에셋증권2우B,4177,-5,242406,,,,
20250319,006840,AK홀딩스,10570,-40,5450,,,,
20250319,006880,신송홀딩스,7150,70,134124,,,,
20250319,006890,태경케미컬,11780,40,16979,,,,
20250319,006980,우성,14540,-10,399,,,,
20250319,007070,GS리테일,14630,20,151612,,,,
20250319,007110,일신석재,2005,-45,1617154,,,,
20250319,007120,미래아이앤지,791,-2,114662,,,,
20250319,007160,사조산업,34350,300,7763,,,,
20250319,007210,벽산,2205,5,131108,,,,
20250319,007280,한국특강,3488,26,35441,,,,
20250319,007310,오뚜기,409500,7000,6802,,,,
20250319,007340,DN오토모티브,21300,-450,73600,,,,
20250319,007460,에이프로젠,786,-10,1679464,,,,
20250319,007540,샘표,41700,-250,1477,,,,
20250319,007570,일양약품,12351,146,45860,,,,
20250319,007575,일양약품우,13990,106,119,,,,
20250319,007590,동방아그로,6040,0,2041,,,,
20250319,007610,선도전기,3000,0,0,,,,
20250319,007660,이수페타시스,40200,-950,878960,,,,
20250319,007690,국도화학,30400,150,5337,,,,
20250319,007700,F&F홀딩스,12490,0,4762,,,,
20250319,007810,코리아써키트,12520,760,384305,,,,
20250319,007815,코리아써우,5890,90,3348,,,,
20250319,00781K,코리아써키트2우B,5380,20,548,,,,
20250319,007860,서연,8490,980,2617651,,,,
20250319,007980,TP,1366,-2,98698,,,,
20250319,008040,사조동아원,1062,29,842219,,,,
20250319,008060,대덕,7150,-30,75369,,,,
20250319,00806K,대덕1우,7310,-60,425,,,,
20250319,008250,이건산업,5070,-100,25393,,,,
20250319,008260,NI스틸,3515,-15,56957,,,,
20250319,008350,남선알미늄,1393,16,339190,,,,
20250319,008355,남선알미우,14500,50,732,,,,
20250319,008420,문배철강,2630,-40,222105,,,,
20250319,008490,서흥,15050,-620,33541,,,,
20250319,008600,윌비스,7208,41,27495,,,,
20250319,008700,아남전자,1567,-33,369229,,,,
20250319,008730,율촌화학,28800,300,121394,,,,
20250319,008770,호텔신라,38950,50,46326,,,,
20250319,008775,호텔신라우,32350,-350,1698,,,,
20250319,008870,금비,56400,0,239,,,,
20250319,008930,한미사이언스,28600,150,68222,,,,
20250319,008970,KBI동양철관,2240,161,145217907,,,,
20250319,009070,KCTC,3750,-15,38841,,,,
20250319,009140,경인전자,18770,150,796,,,,
20250319,009150,삼성전기,138000,900,156085,,,,
20250319,009155,삼성전기우,61500,200,5104,,,,
20250319,009160,SIMPAC,4010,20,31711,,,,
20250319,009180,한솔로지스틱스,2310,5,58607,,,,
20250319,009190,대양금속,1380,9,183296,,,,
20250319,009200,무림페이퍼,2075,0,50933,,,,
20250319,009240,한샘,43400,200,22904,,,,
20250319,009270,신원,1344,-21,507046,,,,
20250319,009290,광동제약,5570,10,26549,,,,
20250319,009310,참엔지니어링,1540,-5,95901,,,,
20250319,009320,아진전자부품,1031,-3,24327,,,,
20250319,009410,태영건설,2495,85,594359,,,,
20250319,009415,태영건설우,5450,310,7924,,,,
20250319,009420,한올바이오파마,35100,850,379249,,,,
20250319,009440,KC그린홀딩스,756,18,24106,,,,
20250319,009450,경동나비엔,78400,-3000,76529,,,,
20250319,009460,한창제지,3475,-35,9150,,,,
20250319,009470,삼화전기,37700,300,77698,,,,
20250319,009540,HD한국조선해양,219000,-1500,218004,,,,
20250319,009580,무림P&P,2960,25,145322,,,,
20250319,009680,모토닉,9270,-20,34387,,,,
20250319,009770,삼정펄프,26400,150,5707,,,,
20250319,009810,MDS스피어,3065,10,19708,,,,
20250319,009830,한화솔루션,20374,944,3227053,,,,
20250319,009835,한화솔루션우,17251,660,21834,,,,
20250319,009900,명신산업,9030,30,154061,,,,
20250319,009970,영원무역홀딩스,97900,2700,19580,,,,
20250319,010040,한국내화,2215,15,20060,,,,
20250319,010060,OCI홀딩스,80400,1800,67500,,,,
20250319,010100,한국무브넥스,4600,-40,289533,,,,
20250319,010120,LS ELECTRIC,41900,100,2318535,,,,
20250319,010130,고려아연,827000,-55000,45865,,,,
20250319,010140,삼성중공업,15210,-230,17296217,,,,
20250319,010400,우진아이엔에스,2855,40,25513,,,,
20250319,010580,에스엠벡셀,1212,7,24982,,,,
20250319,010640,진양폴리,5217,-299,108392,,,,
20250319,010660,화천기계,3070,-75,161355,,,,
20250319,010690,화신,7700,280,150806,,,,
20250319,010770,평화홀딩스,6590,-610,801045,,,,
20250319,010780,아이에스동서,17070,100,61574,,,,
20250319,010820,퍼스텍,3870,-5,834910,,,,
20250319,010950,S-Oil,58300,0,144764,,,,
20250319,010955,S-Oil우,38100,-100,2471,,,,
20250319,010960,삼호개발,3085,10,4374,,,,
20250319,011000,진원생명과학,10450,25,36408,,,,
20250319,011070,LG이노텍,159600,1600,135502,,,,
20250319,011090,에넥스,2565,10,14825,,,,
20250319,011150,CJ씨푸드,3195,90,835581,,,,
20250319,011155,CJ씨푸드1우,16180,310,103,,,,
20250319,011170,롯데케미칼,71000,2300,302495,,,,
20250319,011200,HMM,20000,-800,2390038,,,,
20250319,011210,현대위아,48600,1600,232066,,,,
20250319,011230,삼화전자,3795,365,593764,,,,
20250319,011280,태림포장,2095,0,120537,,,,
20250319,011300,우성머티리얼스,5350,180,191786,,,,
20250319,011330,유니켐,12960,0,2671,,,,
20250319,011390,부산산업,71000,-2500,10663,,,,
20250319,011420,갤럭시아에스엠,2010,-20,144861,,,,
20250319,011500,한농화성,17920,-40,266513,,,,
20250319,011690,와이투솔루션,2245,-15,113864,,,,
20250319,011700,한신기계,3050,-10,83233,,,,
20250319,011760,현대코퍼레이션,23900,-300,49967,,,,
20250319,011780,금호석유화학,112800,1000,169212,,,,
20250319,011785,금호석유화학우,52400,600,4347,,,,
20250319,011790,SKC,118620,-2819,320914,,,,
20250319,011810,STX,4035,25,78998,,,,
20250319,011930,신성이엔지,12770,390,95658,,,,
20250319,012030,DB,1332,-10,179208,,,,
20250319,012160,영흥,1995,-10,2771,,,,
20250319,012170,아센디오,2590,90,1377046,,,,
20250319,012200,계양전기,1414,1,15195,,,,
20250319,012205,계양전기우,3287,5,1644,,,,
20250319,012280,영화금속,827,-1,71999,,,,
20250319,012320,경동인베스트,62600,-100,8998,,,,
20250319,012330,현대모비스,270000,6000,342647,,,,
20250319,012450,한화에어로스페이스,744437,-7878,396364,,,,
20250319,012610,경인양행,2985,75,88940,,,,
20250319,012630,HDC,14320,70,96319,,,,
20250319,012690,모나리자,2860,-20,139227,,,,
20250319,012750,에스원,62000,1000,24252,,,,
20250319,012800,대창,1458,66,2251321,,,,
20250319,013000,세우글로벌,1238,-8,33598,,,,
20250319,013360,일성건설,3495,-335,1871787,,,,
20250319,013520,화승코퍼레이션,1737,55,90250,,,,
20250319,013570,디와이,4080,70,64388,,,,
20250319,013580,계룡건설,13320,10,11596,,,,
20250319,013700,까뮤이앤씨,1231,1,57195,,,,
20250319,013870,지엠비코리아,3845,15,12197,,,,
20250319,013890,지누스,19780,940,166193,,,,
20250319,014130,한익스프레스,3405,10,7653,,,,
20250319,014160,대영포장,1417,-35,890503,,,,
20250319,014280,금강공업,4060,20,44600,,,,
20250319,014285,금강공업우,6390,-10,156,,,,
20250319,014440,영보화학,4645,-10,25745,,,,
20250319,014530,극동유화,3360,15,26285,,,,
20250319,014580,태경비케이,4510,-30,45857,,,,
20250319,014680,한솔케미칼,141000,2000,72607,,,,
20250319,014710,사조씨푸드,5270,30,71398,,,,
20250319,014790,HL D&I,2250,30,134738,,,,
20250319,014820,동원시스템즈,36700,700,22459,,,,
20250319,014825,동원시스템즈우,17810,40,1054,,,,
20250319,014830,유니드,75900,-1800,72500,,,,
20250319,014910,성문전자,1127,0,8993,,,,
20250319,014915,성문전자우,4840,-25,109,,,,
20250319,014990,인디에프,3605,-10,36795,,,,
20250319,015020,이스타코,3198,-282,868551,,,,
20250319,015230,대창단조,5220,-70,68065,,,,
20250319,015260,에이엔피,484,4,68957,,,,
20250319,015360,INVENI,9310,-30,32015,,,,
20250319,015590,DKME,2575,0,0,,,,
20250319,015760,한국전력,21850,100,1020319,,,,
20250319,015860,일진홀딩스,3660,-10,30125,,,,
20250319,015890,태경산업,4800,40,36237,,,,
20250319,016090,대현,2085,10,56780,,,,
20250319,016360,삼성증권,46300,400,130395,,,,
20250319,016380,KG스틸,6670,-50,149132,,,,
20250319,016450,한세예스24홀딩스,4110,-10,37375,,,,
20250319,016580,환인제약,11500,-10,11697,,,,
20250319,016590,신대양제지,6580,110,28433,,,,
20250319,016610,DB증권,5920,20,72245,,,,
20250319,016710,대성홀딩스,7040,10,4451,,,,
20250319,016740,두올,3200,0,104229,,,,
20250319,016800,퍼시스,42750,500,1020,,,,
20250319,016880,웅진,858,2,45057,,,,
20250319,017040,광명전기,1439,9,888229,,,,
20250319,017180,명문제약,1622,3,25451,,,,
20250319,017370,우신시스템,6150,40,34936,,,,
20250319,017390,서울가스,49050,-50,2903,,,,
20250319,017550,수산세보틱스,1966,-12,83118,,,,
20250319,017670,SK텔레콤,56700,800,482354,,,,
20250319,017800,현대엘리베이터,55900,300,65422,,,,
20250319,017810,풀무원,16500,-1000,288244,,,,
20250319,017860,DS단석,25500,-50,139017,,,,
20250319,017900,광전자,1750,-10,53305,,,,
20250319,017940,E1,62000,1000,35322,,,,
20250319,017960,한국카본,15870,-330,395885,,,,
20250319,018250,애경산업,14260,-10,27793,,,,
20250319,018260,삼성에스디에스,122100,400,96307,,,,
20250319,018470,조일알미늄,1643,10,345261,,,,
20250319,018500,동원모빌리티,1743,-74,1013903,,,,
20250319,018670,SK가스,259000,0,9506,,,,
20250319,018880,한온시스템,3764,65,739479,,,,
20250319,019170,신풍제약,8120,-90,147088,,,,
20250319,019175,신풍제약우,12410,-40,1554,,,,
20250319,019180,티에이치엔,3075,5,61872,,,,
20250319,019490,엑시큐어하이트론,697,-11,857934,,,,
20250319,019680,대교,2160,25,7174,,,,
20250319,019685,대교우B,1285,1,12302,,,,
20250319,020000,한섬,15780,90,29432,,,,
20250319,020120,키다리스튜디오,3405,-10,119288,,,,
20250319,020150,롯데에너지머티리얼즈,26500,-50,110785,,,,
20250319,020560,아시아나항공,10390,-60,78422,,,,
20250319,020760,일진디스플,815,-9,40802,,,,
20250319,021050,서원,1297,38,367395,,,,
20250319,021240,코웨이,84600,-1000,107161,,,,
20250319,021820,세원정공,7880,10,4155,,,,
20250319,022100,포스코DX,28100,600,5462694,,,,
20250319,023000,삼원강재,2350,10,8526,,,,
20250319,023150,MH에탄올,5060,30,4257,,,,
20250319,023350,한국종합기술,5320,-150,47416,,,,
20250319,023450,동남합성,34050,-100,808,,,,
20250319,023530,롯데쇼핑,63800,-400,52511,,,,
20250319,023590,다우기술,22300,400,90351,,,,
20250319,023800,인지컨트롤스,6000,130,20577,,,,
20250319,023810,인팩,5720,0,5024,,,,
20250319,023960,에쓰씨엔지니어링,1295,39,676196,,,,
20250319,024070,WISCOM,1926,16,13983,,,,
20250319,024090,디씨엠,11600,80,2872,,,,
20250319,024110,기업은행,15800,0,1220495,,,,
20250319,024720,콜마홀딩스,9530,50,2498377,,,,
20250319,024890,대원화성,4780,-5,2254,,,,
20250319,024900,디와이덕양,2915,45,114017,,,,
20250319,025000,KPX케미칼,41551,141,3149,,,,
20250319,025530,SJM홀딩스,3120,5,1710,,,,
20250319,025540,한국단자,70700,0,48353,,,,
20250319,025560,미래산업,2816,70,135250,,,,
20250319,025620,차AI헬스케어,3455,-105,20691,,,,
20250319,025750,한솔홈데코,4260,-115,100276,,,,
20250319,025820,이구산업,5070,150,2346524,,,,
20250319,025860,남해화학,6460,30,26357,,,,
20250319,025890,한국주강,1758,-3,7197,,,,
20250319,026890,스틱인베스트먼트,7330,180,33016,,,,
20250319,026940,부국철강,2510,5,64997,,,,
20250319,026960,동서,26600,200,58740,,,,
20250319,027410,BGF,3435,30,103058,,,,
20250319,027740,마니커,1760,-4,32330,,,,
20250319,027970,한국제지,4000,0,12516,,,,
20250319,028050,삼성E&A,20050,-550,1827389,,,,
20250319,028100,동아지질,13270,-80,23813,,,,
20250319,028260,삼성물산,123200,900,162004,,,,
20250319,02826K,삼성물산우B,89500,300,2275,,,,
20250319,028670,팬오션,3540,-20,1243215,,,,
20250319,029460,케이씨,18960,-180,4925,,,,
20250319,029530,신도리코,38000,-200,4700,,,,
20250319,029780,삼성카드,43900,900,64821,,,,
20250319,030000,제일기획,18080,230,186187,,,,
20250319,030190,NICE평가정보,12230,-30,52570,,,,
20250319,030200,KT,50700,1200,498981,,,,
20250319,030210,다올투자증권,2855,5,21507,,,,
20250319,030610,교보증권,6550,10,171485,,,,
20250319,030720,동원수산,4995,-15,2239,,,,
20250319,031210,서울보증보험,37400,5650,12266032,,,,
20250319,031430,신세계인터내셔날,10300,-90,104939,,,,
20250319,031820,아이티센씨티에스,6090,0,30531,,,,
20250319,032350,롯데관광개발,7710,-90,286483,,,,
20250319,032560,황금에스티,5140,0,11357,,,,
20250319,032640,LG유플러스,10860,50,560142,,,,
20250319,032830,삼성생명,85300,1200,238416,,,,
20250319,033240,자화전자,13370,50,46565,,,,
20250319,033250,체시스,5745,-110,79127,,,,
20250319,033270,유나이티드제약,19300,280,16874,,,,
20250319,033530,SJG세종,4305,5,24452,,,,
20250319,033780,KT&G,97500,700,225467,,,,
20250319,033920,무학,6850,-10,43020,,,,
20250319,034020,두산에너빌리티,26600,800,15416506,,,,
20250319,034120,SBS,20000,-600,175684,,,,
20250319,034220,LG디스플레이,9200,80,1108820,,,,
20250319,034230,파라다이스,10620,60,152296,,,,
20250319,034310,NICE,11450,100,6735,,,,
20250319,034590,인천도시가스,24750,150,1175,,,,
20250319,034730,SK,138400,1000,124155,,,,
20250319,03473K,SK우,124000,1800,669,,,,
20250319,034830,한국토지신탁,1002,1,132644,,,,
20250319,035000,HS애드,6720,20,52363,,,,
20250319,035150,백산,14770,-10,52344,,,,
20250319,035250,강원랜드,16990,60,406380,,,,
20250319,035420,NAVER,208000,-1000,710932,,,,
20250319,035510,신세계 I&C,12130,-210,129212,,,,
20250319,035720,카카오,43300,-700,1642570,,,,
20250319,036420,콘텐트리중앙,8420,50,16129,,,,
20250319,036460,한국가스공사,37400,900,714589,,,,
20250319,036530,SNT홀딩스,32300,200,41201,,,,
20250319,036570,NC,163600,200,46986,,,,
20250319,036580,팜스코,2170,15,16686,,,,
20250319,037270,YG PLUS,5190,100,2461913,,,,
20250319,037560,LG헬로비전,2370,0,45878,,,,
20250319,037710,광주신세계,29650,100,52161,,,,
20250319,039130,하나투어,53900,-700,78199,,,,
20250319,039490,키움증권,133900,8600,241845,,,,
20250319,039570,HDC랩스,8470,0,8562,,,,
20250319,041650,상신브레이크,2950,15,15034,,,,
20250319,042660,한화오션,80100,-1300,5717348,,,,
20250319,042700,한미반도체,88500,100,597616,,,,
20250319,044380,주연테크,1655,-20,17664,,,,
20250319,044450,KSS해운,8690,50,21811,,,,
20250319,044820,코스맥스비티아이,10010,40,20977,,,,
20250319,047040,대우건설,3380,-115,1443458,,,,
20250319,047050,포스코인터내셔널,56600,700,1014974,,,,
20250319,047400,유니온머티리얼,2020,-65,306309,,,,
20250319,047810,한국항공우주,88600,3600,3830778,,,,
20250319,049800,우진플라임,2000,-30,8337,,,,
20250319,051600,한전KPS,42850,-250,76761,,,,
20250319,051630,진양화학,4045,-385,228593,,,,
20250319,051900,LG생활건강,325500,500,24676,,,,
20250319,051905,LG생활건강우,124900,300,4538,,,,
20250319,051910,LG화학,242000,10500,611502,,,,
20250319,051915,LG화학우,117200,5300,93702,,,,
20250319,052690,한전기술,61900,-300,90396,,,,
20250319,053210,스카이라이프,4545,60,21108,,,,
20250319,053690,한미글로벌,16630,-280,78602,,,,
20250319,055490,테이팩스,14160,290,9726,,,,
20250319,055550,신한지주,47250,700,988729,,,,
20250319,058430,포스코스틸리온,4730,145,13465450,,,,
20250319,058650,세아홀딩스,95000,400,415,,,,
20250319,058730,다스코,2925,-85,142702,,,,
20250319,058850,KTcs,2660,-5,139933,,,,
20250319,058860,KTis,2575,-15,96074,,,,
20250319,060980,HL홀딩스,37200,-150,10340,,,,
20250319,062040,산일전기,62600,-3400,342470,,,,
20250319,063160,종근당바이오,20350,300,8940,,,,
20250319,064350,현대로템,112500,1600,2273077,,,,
20250319,064400,LG씨엔에스,52800,1100,851039,,,,
20250319,064960,SNT모티브,25700,150,49206,,,,
20250319,066570,LG전자,81900,1200,574156,,,,
20250319,066575,LG전자우,39150,250,27444,,,,
20250319,066970,엘앤에프,71600,-2100,401806,,,,
20250319,067830,세이브존I&C,2275,25,37513,,,,
20250319,068270,셀트리온,171868,-184,345776,,,,
20250319,068290,삼성출판사,14990,-80,8857,,,,
20250319,069260,TKG휴켐스,16190,230,62493,,,,
20250319,069460,대호에이엘,7090,565,482998,,,,
20250319,069620,대웅제약,119200,-1700,36722,,,,
20250319,069640,한세엠케이,2084,18,2250,,,,
20250319,069730,DSR제강,3610,75,15860,,,,
20250319,069960,현대백화점,56300,-1400,177553,,,,
20250319,070960,모나용평,3930,-135,257771,,,,
20250319,071050,한국금융지주,76500,1000,118358,,,,
20250319,071055,한국금융지주우,57000,600,16596,,,,
20250319,071090,하이스틸,4465,-145,5381893,,,,
20250319,071320,지역난방공사,51200,1500,31915,,,,
20250319,071840,롯데하이마트,7430,-40,10131,,,,
20250319,071950,코아스,9880,-70,10155,,,,
20250319,071970,HD현대마린엔진,29100,-400,531634,,,,
20250319,072130,유엔젤,5510,40,246642,,,,
20250319,072710,농심홀딩스,66500,1400,9210,,,,
20250319,073240,금호타이어,4950,50,191267,,,,
20250319,074610,이엔플러스,7730,-90,20948,,,,
20250319,075180,새론오토모티브,3355,-50,27063,,,,
20250319,075580,세진중공업,7720,-290,835720,,,,
20250319,077500,유니퀘스트,6310,-850,1110584,,,,
20250319,077970,STX엔진,26600,-300,392033,,,,
20250319,078000,텔코웨어,9110,10,40450,,,,
20250319,078520,에이블씨엔씨,7030,0,69468,,,,
20250319,078930,GS,37150,0,184281,,,,
20250319,078935,GS우,36500,100,3346,,,,
20250319,079160,CJ CGV,4875,5,101403,,,,
20250319,079430,현대리바트,7340,-20,11167,,,,
20250319,079550,LIG디펜스앤에어로스페이스,283500,2000,379261,,,,
20250319,079900,전진건설로봇,55400,-2800,340070,,,,
20250319,079980,휴비스,2645,15,20615,,,,
20250319,081000,일진다이아,11840,100,14235,,,,
20250319,081660,미스토홀딩스,39450,700,137280,,,,
20250319,082640,동양생명,5200,100,200387,,,,
20250319,082740,한화엔진,26300,-650,3573040,,,,
20250319,083420,그린케미칼,6300,-140,128492,,,,
20250319,084010,대한제강,10696,-6,39783,,,,
20250319,084670,동양고속,7150,-50,571,,,,
20250319,084680,이월드,1297,21,286741,,,,
20250319,084690,대상홀딩스,11670,-530,497520,,,,
20250319,084695,대상홀딩스우,22500,-1550,24298,,,,
20250319,084870,TBH글로벌,1143,-2,41744,,,,
20250319,085310,엔케이,8650,-340,52796,,,,
20250319,085620,미래에셋생명,4455,40,52061,,,,
20250319,086280,현대글로비스,120300,-1900,170923,,,,
20250319,086790,하나금융지주,62000,900,626136,,,,
20250319,088260,이리츠코크렙,4315,45,52488,,,,
20250319,088350,한화생명,2695,30,975503,,,,
20250319,088790,진도,1818,-10,6684,,,,
20250319,088980,맥쿼리인프라,10980,30,553508,,,,
20250319,089470,HDC현대EP,3645,10,16881,,,,
20250319,089590,제주항공,7050,-20,89365,,,,
20250319,089860,롯데렌탈,29350,-300,53032,,,,
20250319,090080,평화산업,1159,-51,721281,,,,
20250319,090350,노루페인트,7770,10,18342,,,,
20250319,090355,노루페인트우,12790,100,178,,,,
20250319,090370,메타랩스,1426,21,62143,,,,
20250319,090430,아모레퍼시픽,110700,-1200,249650,,,,
20250319,090435,아모레퍼시픽우,34450,250,12249,,,,
20250319,090460,비에이치,15000,180,132605,,,,
20250319,091810,트리니티항공,2224,-14,814050,,,,
20250319,092200,디아이씨,4470,-35,261175,,,,
20250319,092220,KEC,4005,35,71895,,,,
20250319,092230,KPX홀딩스,56200,100,1139,,,,
20250319,092440,기신정기,2370,15,16173,,,,
20250319,092780,DYP,4565,0,1554,,,,
20250319,092790,넥스틸,17270,-770,4544673,,,,
20250319,093050,LF,15480,80,29331,,,,
20250319,093240,형지엘리트,1880,-197,2246308,,,,
20250319,093370,후성,5360,170,1547851,,,,
20250319,094280,효성ITX,11830,10,4825,,,,
20250319,094800,맵스리얼티,4255,5,20509,,,,
20250319,095570,AJ네트웍스,3840,50,77775,,,,
20250319,095720,웅진씽크빅,3070,-12,53173,,,,
20250319,096760,JW홀딩스,3010,-25,32377,,,,
20250319,096770,SK이노베이션,124600,-1500,316698,,,,
20250319,096775,SK이노베이션우,77500,-900,10564,,,,
20250319,097230,HJ중공업,7510,-430,2789501,,,,
20250319,097520,엠씨넥스,24600,-300,61757,,,,
20250319,097950,CJ제일제당,265000,11500,118202,,,,
20250319,097955,CJ제일제당 우,136600,2000,6391,,,,
20250319,100090,SK오션플랜트,14620,10,68391,,,,
20250319,100220,비상교육,4745,-95,15339,,,,
20250319,100250,진양홀딩스,2915,-5,11760,,,,
20250319,100840,SNT에너지,33250,-800,198407,,,,
20250319,101140,인바이오젠,7060,10,6653,,,,
20250319,101530,해태제과식품,6430,110,115627,,,,
20250319,102260,동성케미컬,3770,-10,52065,,,,
20250319,102460,이연제약,11770,-40,32676,,,,
20250319,103140,풍산,69400,5600,1298591,,,,
20250319,103590,일진전기,28450,-1550,831950,,,,
20250319,104700,한국철강,8110,70,25186,,,,
20250319,105560,KB금융,81200,1000,907656,,,,
20250319,105630,한세실업,12210,90,70859,,,,
20250319,105840,우진,7530,110,105712,,,,
20250319,107590,미원홀딩스,73100,400,303,,,,
20250319,108320,LX세미콘,57600,-200,34487,,,,
20250319,108670,LX하우시스,30150,-100,23655,,,,
20250319,108675,LX하우시스우,18130,90,415,,,,
20250319,109070,주성코퍼레이션,1185,0,0,,,,
20250319,111110,호전실업,8050,150,26087,,,,
20250319,111380,동인기연,15600,140,7869,,,,
20250319,111770,영원무역,52000,2150,97558,,,,
20250319,112610,씨에스윈드,38100,1250,193036,,,,
20250319,114090,GKL,10700,40,84227,,,,
20250319,117580,대성에너지,7890,-10,21979,,,,
20250319,118000,메타케어,3350,-340,827181,,,,
20250319,119650,KC코트렐,918,14,33134,,,,
20250319,120030,조선선재,98100,-300,1168,,,,
20250319,120110,코오롱인더,31800,150,82452,,,,
20250319,120115,코오롱인더우,19560,40,1758,,,,
20250319,122900,아이마켓코리아,7820,-10,33179,,,,
20250319,123690,한국화장품,6610,-70,60048,,,,
20250319,123700,SJM,2985,35,12119,,,,
20250319,123890,한국자산신탁,2480,0,119941,,,,
20250319,126560,현대퓨처넷,3260,0,101198,,,,
20250319,126720,수산인더스트리,20450,-50,33803,,,,
20250319,128820,대성산업,3330,21,131768,,,,
20250319,128940,한미약품,246000,500,28663,,,,
20250319,129260,인터지스,2485,-15,88878,,,,
20250319,130660,한전산업,10520,-120,159162,,,,
20250319,133820,화인베스틸,998,-34,252313,,,,
20250319,134380,미원화학,7890,0,2190,,,,
20250319,134790,시디즈,24400,-550,3484,,,,
20250319,136490,선진,5740,-30,17457,,,,
20250319,137310,에스디바이오센서,10160,230,110632,,,,
20250319,138040,메리츠금융지주,120100,1300,204272,,,,
20250319,138930,BNK금융지주,11100,110,629087,,,,
20250319,139130,iM금융지주,9100,-10,321867,,,,
20250319,139480,이마트,78000,-2400,295394,,,,
20250319,139990,아주스틸,4205,-15,8811,,,,
20250319,143210,핸즈코퍼레이션,1863,5,937,,,,
20250319,145210,다이나믹디자인,11030,1520,298972,,,,
20250319,145270,케이탑리츠,984,-4,24968,,,,
20250319,145720,덴티움,62100,0,10634,,,,
20250319,145990,삼양사,46100,500,16959,,,,
20250319,145995,삼양사우,29650,0,310,,,,
20250319,155660,DSR,3900,15,5436,,,,
20250319,161000,애경케미칼,7290,30,125066,,,,
20250319,161390,한국타이어앤테크놀로지,41750,1450,513215,,,,
20250319,161890,한국콜마,65300,-300,133544,,,,
20250319,163560,동일고무벨트,7640,-60,69276,,,,
20250319,170900,동아에스티,43824,-286,15100,,,,
20250319,175330,JB금융지주,17260,340,284693,,,,
20250319,178920,PI첨단소재,18560,660,119563,,,,
20250319,180640,한진칼,83300,-200,57976,,,,
20250319,18064K,한진칼우,23800,50,349,,,,
20250319,181710,NHN,18470,180,43152,,,,
20250319,183190,아세아시멘트,10210,10,28103,,,,
20250319,185750,종근당,81900,800,30002,,,,
20250319,192080,더블유게임즈,50300,300,26950,,,,
20250319,192400,쿠쿠홀딩스,22000,-250,7896,,,,
20250319,192650,드림텍,7120,60,120248,,,,
20250319,192820,코스맥스,179900,-1700,55865,,,,
20250319,194370,제이에스코퍼레이션,8925,345,476970,,,,
20250319,195870,해성디에스,29950,1000,91137,,,,
20250319,200880,서연이화,13180,460,383005,,,,
20250319,204320,HL만도,41300,-350,136884,,,,
20250319,207940,삼성바이오로직스,1588012,-7359,26611,,,,
20250319,210540,디와이파워,12220,-270,39632,,,,
20250319,210980,SK디앤디,9080,520,328585,,,,
20250319,213500,한솔제지,8670,0,48135,,,,
20250319,214320,이노션,18680,40,31202,,,,
20250319,214330,금호에이치티,15912,27,7709,,,,
20250319,214390,경보제약,5900,20,20974,,,,
20250319,214420,토니모리,9000,210,1546645,,,,
20250319,226320,잇츠한불,11320,70,12804,,,,
20250319,227840,현대코퍼레이션홀딩스,10430,-20,7365,,,,
20250319,229640,LS에코에너지,35800,100,86408,,,,
20250319,234080,JW생명과학,11380,-170,57481,,,,
20250319,241560,두산밥캣,50900,800,233803,,,,
20250319,241590,화승엔터프라이즈,8900,150,537335,,,,
20250319,244920,에이플러스에셋,3985,0,39403,,,,
20250319,248070,솔루엠,17810,110,74729,,,,
20250319,248170,샘표식품,26350,150,7613,,,,
20250319,249420,일동제약,11200,50,44797,,,,
20250319,251270,넷마블,40350,0,96436,,,,
20250319,259960,크래프톤,348000,-3000,162501,,,,
20250319,264900,크라운제과,8050,-10,28805,,,,
20250319,26490K,크라운제과우,9310,240,2085,,,,
20250319,267250,HD현대,76300,400,110012,,,,
20250319,267260,HD현대일렉트릭,346000,-15000,208321,,,,
20250319,267270,HD건설기계,71600,-2400,190148,,,,
20250319,267290,경동도시가스,17570,70,3292,,,,
20250319,267850,아시아나IDT,11320,20,2614,,,,
20250319,268280,미원에스씨,149700,-300,1433,,,,
20250319,271560,오리온,118300,5500,623363,,,,
20250319,271940,일진하이솔루스,14410,30,58113,,,,
20250319,271980,제일약품,12380,-1140,567227,,,,
20250319,272210,한화시스템,42250,950,11972267,,,,
20250319,272450,진에어,9570,-10,127113,,,,
20250319,272550,삼양패키징,14210,0,6932,,,,
20250319,278470,에이피알,66800,-100,402305,,,,
20250319,280360,롯데웰푸드,117800,-600,28766,,,,
20250319,281820,케이씨텍,37700,-100,90762,,,,
20250319,282330,BGF리테일,106600,1500,40345,,,,
20250319,284740,쿠쿠홈시스,21250,-150,14894,,,,
20250319,285130,SK케미칼,42950,700,21570,,,,
20250319,28513K,SK케미칼우,20200,50,1347,,,,
20250319,286940,롯데이노베이트,19650,120,15730,,,,
20250319,293480,하나제약,10600,0,23986,,,,
20250319,293940,신한알파리츠,6070,130,220501,,,,
20250319,294870,IPARK현대산업개발,20200,-400,176811,,,,
20250319,298000,효성화학,77800,0,0,,,,
20250319,298020,효성티앤씨,234000,4500,8324,,,,
20250319,298040,효성중공업,461000,-13500,59316,,,,
20250319,298050,HS효성첨단소재,187500,3700,8123,,,,
20250319,298690,에어부산,2160,-20,139027,,,,
20250319,300720,한일시멘트,16740,230,89580,,,,
20250319,302440,SK바이오사이언스,43000,50,93499,,,,
20250319,306200,세아제강,206000,-3000,48171,,,,
20250319,307950,현대오토에버,133000,600,23774,,,,
20250319,308170,씨티알모빌리티,5520,-140,2742,,,,
20250319,316140,우리금융지주,16680,140,1600855,,,,
20250319,317400,자이에스앤디,3230,30,5804,,,,
20250319,322000,HD현대에너지솔루션,25800,700,117254,,,,
20250319,323410,카카오뱅크,23650,350,359084,,,,
20250319,326030,SK바이오팜,106100,-600,127252,,,,
20250319,329180,HD현대중공업,311000,-5500,236502,,,,
20250319,330590,롯데리츠,3550,20,196749,,,,
20250319,334890,이지스밸류플러스리츠,4420,5,38816,,,,
20250319,336260,두산퓨얼셀,16000,-20,90861,,,,
20250319,33626K,두산퓨얼셀1우,4555,-85,12621,,,,
20250319,33626L,두산퓨얼셀2우B,7680,-10,735,,,,
20250319,336370,솔루스첨단소재,9280,80,79322,,,,
20250319,33637K,솔루스첨단소재1우,1997,10,12593,,,,
20250319,33637L,솔루스첨단소재2우B,4005,5,1110,,,,
20250319,338100,NH프라임리츠,4500,30,15095,,,,
20250319,339770,교촌에프앤비,5880,-60,70185,,,,
20250319,344820,KCC글라스,32000,0,22617,,,,
20250319,348950,제이알글로벌리츠,2680,15,243032,,,,
20250319,350520,이지스레지던스리츠,4130,10,23517,,,,
20250319,352820,하이브,234000,5500,152224,,,,
20250319,353200,대덕전자,18300,240,354972,,,,
20250319,35320K,대덕전자1우,8070,20,5893,,,,
20250319,357120,코람코라이프인프라리츠,4495,65,73815,,,,
20250319,357250,미래에셋맵스리츠,2645,15,26065,,,,
20250319,357430,마스턴프리미어리츠,1503,4,14935,,,,
20250319,361610,SK아이이테크놀로지,25750,450,82437,,,,
20250319,363280,티와이홀딩스,2105,5,73652,,,,
20250319,36328K,티와이홀딩스우,3690,0,1383,,,,
20250319,365550,ESR켄달스퀘어리츠,4942,20,199787,,,,
20250319,372910,한컴라이프케어,3395,-5,145096,,,,
20250319,373220,LG에너지솔루션,330500,5500,251845,,,,
20250319,375500,DL이앤씨,42850,-1150,254884,,,,
20250319,37550K,DL이앤씨우,17600,-80,1295,,,,
20250319,37550L,DL이앤씨2우(전환),27150,-600,2519,,,,
20250319,377190,디앤디플랫폼리츠,3300,25,104156,,,,
20250319,377300,카카오페이,32400,-400,168476,,,,
20250319,377740,바이오노트,4900,-10,34054,,,,
20250319,378850,화승알앤에이,3185,60,51101,,,,
20250319,381970,케이카,13100,50,49914,,,,
20250319,383220,F&F,66600,0,38672,,,,
20250319,383800,LX홀딩스,6630,0,58945,,,,
20250319,38380K,LX홀딩스1우,7920,20,1454,,,,
20250319,395400,SK리츠,5020,35,232472,,,,
20250319,396690,미래에셋글로벌리츠,2760,5,48319,,,,
20250319,400760,NH올원리츠,3546,20,34461,,,,
20250319,402340,SK스퀘어,94700,900,246360,,,,
20250319,403550,쏘카,15070,-50,11319,,,,
20250319,404990,신한서부티엔디리츠,3185,5,139661,,,,
20250319,415640,KB발해인프라,7500,90,40372,,,,
20250319,417310,코람코더원리츠,4950,50,51107,,,,
20250319,432320,KB스타리츠,3850,20,68618,,,,
20250319,443060,HD현대마린솔루션,149100,-6400,131291,,,,
20250319,446070,유니드비티플러스,4065,10,19109,,,,
20250319,448730,삼성FN리츠,4605,-15,63462,,,,
20250319,450080,에코프로머티,71900,300,432872,,,,
20250319,451800,한화리츠,3765,55,493126,,,,
20250319,452260,한화갤러리아,1263,2,343699,,,,
20250319,45226K,한화갤러리아우,2400,-50,2304,,,,
20250319,453340,현대그린푸드,14070,300,65145,,,,
20250319,454910,두산로보틱스,60400,-1000,244446,,,,
20250319,456040,OCI,59900,400,25827,,,,
20250319,457190,이수스페셜티케미컬,57000,200,657451,,,,
20250319,460850,동국씨엠,7180,90,125071,,,,
20250319,460860,동국제강,9660,-70,193001,,,,
20250319,462520,조선내화,14400,10,1319,,,,
20250319,462870,시프트업,60700,1600,112956,,,,
20250319,465770,STX그린로지스,8250,-80,31518,,,,
20250319,475150,SK이터닉스,14550,-200,197643,,,,
20250319,475560,더본코리아,28500,50,59348,,,,
20250319,480370,씨케이솔루션,6212,273,22375240,,,,
20250319,481850,신한글로벌액티브리츠,1552,-5,60468,,,,
20250319,484870,엠앤씨솔루션,28400,100,287367,,,,
20250319,487570,HS효성,34100,0,16531,,,,
20250319,489790,한화비전,58800,500,1603630,,,,
20250319,499790,GS피앤엘,19460,240,31690,,,,
20250319,900140,엘브이엠씨홀딩스,1682,20,227707,,,,
20250319,950210,프레스티지바이오파마,12500,-130,213369,,,,
20250320,000020,동화약품,6130,-40,39339,,,,
20250320,000040,KR모터스,2030,105,156544,,,,
20250320,000050,경방,6640,60,12599,,,,
20250320,000070,삼양홀딩스,40505,334,30494,,,,
20250320,000080,하이트진로,19490,60,133485,,,,
20250320,000087,하이트진로2우B,15190,-30,948,,,,
20250320,000100,유한양행,131100,3300,5868004,,,,
20250320,000105,유한양행우,112900,900,39621,,,,
20250320,000120,CJ대한통운,87800,-1100,57359,,,,
20250320,000140,하이트진로홀딩스,8640,30,12656,,,,
20250320,000145,하이트진로홀딩스우,10160,-10,26,,,,
20250320,000150,두산,319000,-2000,109150,,,,
20250320,000155,두산우,145800,200,10338,,,,
20250320,000157,두산2우B,136000,900,954,,,,
20250320,000180,성창기업지주,6445,10,2191,,,,
20250320,000210,DL,35150,-500,41796,,,,
20250320,000215,DL우,19430,-40,127,,,,
20250320,000220,유유제약,4455,-30,19653,,,,
20250320,000225,유유제약1우,4775,30,2294,,,,
20250320,000227,유유제약2우B,9440,-40,614,,,,
20250320,000230,일동홀딩스,6360,40,35134,,,,
20250320,000240,한국앤컴퍼니,16250,-330,123890,,,,
20250320,000270,기아,96000,-1100,1056834,,,,
20250320,000300,DH오토넥스,4200,0,0,,,,
20250320,000320,노루홀딩스,14160,-100,13076,,,,
20250320,000325,노루홀딩스우,28700,0,70,,,,
20250320,000370,한화손해보험,4185,-45,183123,,,,
20250320,000390,SP삼화,6290,-110,202017,,,,
20250320,000400,롯데손해보험,1781,-27,304429,,,,
20250320,000430,대원강업,3635,-5,20721,,,,
20250320,000480,CR홀딩스,5300,20,6924,,,,
20250320,000490,대동,11430,-650,282879,,,,
20250320,000500,가온전선,28173,-333,83673,,,,
20250320,000520,삼일제약,12590,-290,171919,,,,
20250320,000540,흥국화재,3310,-20,37364,,,,
20250320,000545,흥국화재우,5200,130,7490,,,,
20250320,000590,CS홀딩스,71900,-500,891,,,,
20250320,000640,동아쏘시오홀딩스,94207,-972,11989,,,,
20250320,000650,천일고속,38550,-650,143,,,,
20250320,000660,SK하이닉스,210000,4500,2779557,,,,
20250320,000670,영풍,47767,389,51867,,,,
20250320,000680,LS네트웍스,4010,-95,428275,,,,
20250320,000700,유수홀딩스,5480,20,5730,,,,
20250320,000720,현대건설,33950,150,312659,,,,
20250320,000725,현대건설우,49200,50,1943,,,,
20250320,000760,이화산업,10520,20,493,,,,
20250320,000810,삼성화재,397000,-500,73665,,,,
20250320,000815,삼성화재우,294000,1000,7486,,,,
20250320,000850,화천기공,27900,-100,3013,,,,
20250320,000860,강남제비스코,11879,-101,3794,,,,
20250320,000880,한화,57022,-1381,489720,,,,
20250320,00088K,한화3우B,19633,-473,66638,,,,
20250320,000890,보해양조,2210,-5,39519,,,,
20250320,000910,유니온,5230,10,232583,,,,
20250320,000950,전방,19240,-10,1104,,,,
20250320,000970,한국주철관,6290,-20,19833,,,,
20250320,000990,DB하이텍,47750,1200,591911,,,,
20250320,001020,페이퍼코리아,3475,-50,3706,,,,
20250320,001040,CJ,126500,-800,370499,,,,
20250320,001045,CJ우,67000,1000,10252,,,,
20250320,00104K,CJ4우(전환),97000,-200,30597,,,,
20250320,001060,JW중외제약,21900,-50,94181,,,,
20250320,001065,JW중외제약우,28150,-100,46,,,,
20250320,001067,JW중외제약2우B,60500,-300,4,,,,
20250320,001070,대한방직,5210,-70,5345,,,,
20250320,001080,만호제강,2570,65,28150,,,,
20250320,001120,LX인터내셔널,25950,100,127092,,,,
20250320,001130,대한제분,12940,40,25790,,,,
20250320,001200,유진투자증권,2570,-30,379603,,,,
20250320,001210,금호전기,3420,-80,42727,,,,
20250320,001230,동국홀딩스,1721,7,98859,,,,
20250320,001250,GS글로벌,2585,-50,1006518,,,,
20250320,001260,남광토건,8030,-40,14201,,,,
20250320,001270,부국증권,27050,100,3636,,,,
20250320,001275,부국증권우,21900,0,1163,,,,
20250320,001290,상상인증권,425,2,63034,,,,
20250320,001340,PKC,6860,-70,124027,,,,
20250320,001360,삼성제약,1566,-2,262804,,,,
20250320,001380,SG글로벌,6822,70,1739157,,,,
20250320,001390,KG케미칼,3870,-20,122849,,,,
20250320,001420,태원물산,3340,-10,3418,,,,
20250320,001430,세아베스틸지주,19750,-50,72895,,,,
20250320,001440,대한전선,12700,60,1491359,,,,
20250320,001450,현대해상,23050,-200,235281,,,,
20250320,001460,BYC,26950,-200,296,,,,
20250320,001465,BYC우,12500,-120,470,,,,
20250320,001470,삼부토건,422,-22,5097870,,,,
20250320,001500,현대차증권,5790,10,297201,,,,
20250320,001510,SK증권,935,-2,216167,,,,
20250320,001515,SK증권우,3384,-44,4730,,,,
20250320,001520,동양,1218,-12,92045,,,,
20250320,001525,동양우,8230,80,1302,,,,
20250320,001527,동양2우B,16440,-460,142,,,,
20250320,001530,DI동일,42572,-381,32525,,,,
20250320,001550,조비,10470,20,5230,,,,
20250320,001560,제일연마,8890,-130,2674,,,,
20250320,001570,금양,10380,-1140,3141618,,,,
20250320,001620,케이비아이동국실업,2445,10,5584,,,,
20250320,001630,종근당홀딩스,43800,300,2940,,,,
20250320,001680,대상,24850,50,90511,,,,
20250320,001685,대상우,17710,-60,5099,,,,
20250320,001720,신영증권,80100,100,2987,,,,
20250320,001740,SK네트웍스,4415,-10,186514,,,,
20250320,001750,한양증권,12240,-260,32933,,,,
20250320,001755,한양증권우,12800,0,2311,,,,
20250320,001770,SHD,14970,180,942,,,,
20250320,001780,알루코,2250,-30,405230,,,,
20250320,001790,대한제당,2885,45,910063,,,,
20250320,001795,대한제당우,2325,20,25742,,,,
20250320,001800,오리온홀딩스,16140,360,380791,,,,
20250320,001820,삼화콘덴서,27750,-250,39479,,,,
20250320,001940,KISCO홀딩스,19710,-90,5031,,,,
20250320,002020,코오롱,25050,-4850,1038143,,,,
20250320,002025,코오롱우,15140,-1490,58368,,,,
20250320,002030,아세아,265500,1500,1342,,,,
20250320,002070,비비안,15419,-138,4182,,,,
20250320,002100,경농,9250,40,17365,,,,
20250320,002140,고려산업,2720,-50,189843,,,,
20250320,002150,도화엔지니어링,6620,-30,17810,,,,
20250320,002170,SYTS,48400,200,7212,,,,
20250320,002200,한국수출포장,2750,0,20622,,,,
20250320,002210,동성제약,3864,-6,15860,,,,
20250320,002220,한일철강,1880,-10,1010,,,,
20250320,002240,고려제강,17800,140,18483,,,,
20250320,002310,아세아제지,7250,-190,229621,,,,
20250320,002320,한진,19500,-10,22757,,,,
20250320,002350,넥센타이어,5450,-10,151532,,,,
20250320,002355,넥센타이어1우B,2815,-10,273,,,,
20250320,002360,SH에너지화학,4610,-120,56133,,,,
20250320,002380,KCC,274000,-9000,16065,,,,
20250320,002390,한독,11250,-10,12006,,,,
20250320,002410,범양건영,1935,-110,936955,,,,
20250320,002420,세기상사,5010,-70,4366,,,,
20250320,002450,삼익악기,1170,-9,91272,,,,
20250320,002460,HS화성,9660,-80,19303,,,,
20250320,002600,조흥,164800,300,5,,,,
20250320,002620,제일파마홀딩스,7660,-160,42393,,,,
20250320,002630,오리엔트바이오,3076,-196,3407356,,,,
20250320,002690,동일제강,1229,2,6497,,,,
20250320,002700,신일전자,1510,47,415104,,,,
20250320,002710,TCC스틸,27250,650,363289,,,,
20250320,002720,국제약품,4650,-50,82422,,,,
20250320,002760,보락,1055,-26,274231,,,,
20250320,002780,진흥기업,758,-16,565366,,,,
20250320,002785,진흥기업우B,3130,-15,15,,,,
20250320,002787,진흥기업2우B,9680,50,3,,,,
20250320,002790,아모레퍼시픽홀딩스,21400,-50,130403,,,,
20250320,002795,아모레퍼시픽홀딩스우,9170,30,2667,,,,
20250320,00279K,아모레퍼시픽홀딩스3우C,18150,0,11583,,,,
20250320,002810,삼영무역,13500,-30,13445,,,,
20250320,002820,SUN&L,2770,35,1720,,,,
20250320,002840,미원상사,185900,1500,953,,,,
20250320,002870,신풍,1292,-121,1034217,,,,
20250320,002880,디와이에이,928,18,73419,,,,
20250320,002900,TYM,4705,-180,252472,,,,
20250320,002920,유성기업,1835,1,13499,,,,
20250320,002960,한국쉘석유,310500,500,778,,,,
20250320,002990,금호건설,2630,90,165108,,,,
20250320,002995,금호건설우,12490,-40,1188,,,,
20250320,003000,부광약품,4259,41,131469,,,,
20250320,003010,혜인,5000,-120,100486,,,,
20250320,003030,세아제강지주,256500,0,13051,,,,
20250320,003060,에이프로젠바이오로직스,813,0,832205,,,,
20250320,003070,코오롱글로벌,8770,-190,29003,,,,
20250320,003075,코오롱글로벌우,15470,-200,894,,,,
20250320,003080,SB성보,2445,0,9799,,,,
20250320,003090,대웅,20050,-100,22243,,,,
20250320,003120,일성아이에스,15300,10,1110,,,,
20250320,003160,디아이,15310,90,1159164,,,,
20250320,003200,일신방직,8100,0,37868,,,,
20250320,003220,대원제약,14000,-30,53078,,,,
20250320,003230,삼양식품,908000,-13000,48742,,,,
20250320,003240,태광산업,745000,4000,389,,,,
20250320,003280,흥아해운,1641,-4,966868,,,,
20250320,003300,한일홀딩스,14060,-70,12838,,,,
20250320,003350,한국화장품제조,10020,220,434065,,,,
20250320,003460,유화증권,2320,5,64232,,,,
20250320,003465,유화증권우,2320,-15,75427,,,,
20250320,003470,유안타증권,2820,0,264493,,,,
20250320,003475,유안타증권우,3060,-10,16330,,,,
20250320,003480,한진중공업홀딩스,3545,-15,37293,,,,
20250320,003490,대한항공,22400,-350,1562246,,,,
20250320,003495,대한항공우,21750,-450,3504,,,,
20250320,003520,영진약품,1995,-2,88094,,,,
20250320,003530,한화투자증권,3490,-5,788525,,,,
20250320,003535,한화투자증권우,5930,-70,3925,,,,
20250320,003540,대신증권,17160,-90,196857,,,,
20250320,003545,대신증권우,16140,-50,93820,,,,
20250320,003547,대신증권2우B,15580,0,39328,,,,
20250320,003550,LG,70000,-200,274683,,,,
20250320,003555,LG우,57500,0,8827,,,,
20250320,003570,SNT다이내믹스,33550,-1350,182254,,,,
20250320,003580,HLB글로벌,3620,-210,283859,,,,
20250320,003610,방림,3760,-100,162520,,,,
20250320,003620,KG모빌리티,4175,134,533628,,,,
20250320,003650,미창석유,99900,-800,538,,,,
20250320,003670,포스코퓨처엠,139096,1260,378999,,,,
20250320,003680,한성기업,4885,15,10258,,,,
20250320,003690,코리안리,8100,0,159479,,,,
20250320,003720,삼영,4055,-65,164686,,,,
20250320,003780,진양산업,7420,-750,690573,,,,
20250320,003830,대한화섬,113000,800,130,,,,
20250320,003850,보령,9380,-100,138966,,,,
20250320,003920,남양유업,71000,-700,11954,,,,
20250320,003925,남양유업우,36900,-600,9303,,,,
20250320,003960,사조대림,41200,400,23929,,,,
20250320,004000,롯데정밀화학,41150,500,24516,,,,
20250320,004020,현대제철,29300,650,961871,,,,
20250320,004060,SG세계물산,3190,0,27231,,,,
20250320,004080,신흥,14680,10,1486,,,,
20250320,004090,한국석유,12800,-180,86793,,,,
20250320,004100,태양금속,2690,-40,414814,,,,
20250320,004105,태양금속우,4350,-80,13890,,,,
20250320,004140,동방,2265,-10,245103,,,,
20250320,004150,한솔홀딩스,2470,-5,33386,,,,
20250320,004170,신세계,148100,700,18859,,,,
20250320,004250,NPC,3965,-20,18216,,,,
20250320,004255,NPC우,2405,20,260,,,,
20250320,004270,남성,8713,-111,7175,,,,
20250320,004310,현대약품,3230,-55,76010,,,,
20250320,004360,세방,11690,-110,28636,,,,
20250320,004365,세방우,7650,-50,1430,,,,
20250320,004370,농심,426500,4500,66675,,,,
20250320,004380,삼익THK,14187,-431,105130,,,,
20250320,004410,서울식품,1410,0,56615,,,,
20250320,004415,서울식품우,12050,-10,1193,,,,
20250320,004430,송원산업,12870,510,341709,,,,
20250320,004440,삼일씨엔에스,4100,-65,34955,,,,
20250320,004450,삼화왕관,30850,250,1130,,,,
20250320,004490,세방전지,69000,-1600,53852,,,,
20250320,004540,깨끗한나라,2275,-30,94616,,,,
20250320,004545,깨끗한나라우,11890,-10,54,,,,
20250320,004560,현대비앤지스틸,12930,-250,59344,,,,
20250320,004690,삼천리,89600,-300,9508,,,,
20250320,004700,조광피혁,51800,0,2750,,,,
20250320,004710,한솔테크닉스,4172,-74,37690,,,,
20250320,004720,팜젠사이언스,4135,5,8352,,,,
20250320,004770,써니전자,2170,-80,571330,,,,
20250320,004800,효성,48650,-100,15705,,,,
20250320,004830,덕성,7210,-120,332842,,,,
20250320,004835,덕성우,10800,-230,13096,,,,
20250320,004840,DRB동일,4125,-35,5205,,,,
20250320,004870,티웨이홀딩스,3325,-62,78307,,,,
20250320,004890,동일산업,40250,-150,1257,,,,
20250320,004910,조광페인트,5870,-70,33222,,,,
20250320,004920,씨아이테크,1047,12,41709,,,,
20250320,004960,한신공영,6290,0,13313,,,,
20250320,004970,신라교역,8770,50,11507,,,,
20250320,004980,성신양회,7230,0,17285,,,,
20250320,004985,성신양회우,10970,-180,1176,,,,
20250320,004990,롯데지주,23100,-150,60454,,,,
20250320,00499K,롯데지주우,26400,-650,305,,,,
20250320,005010,휴스틸,6050,-340,4457845,,,,
20250320,005030,부산주공,486,0,0,,,,
20250320,005070,코스모신소재,49250,750,480634,,,,
20250320,005090,SGC에너지,22950,0,10603,,,,
20250320,005110,한창,1254,0,0,,,,
20250320,005180,빙그레,94500,2000,41659,,,,
20250320,005250,녹십자홀딩스,13950,-180,42673,,,,
20250320,005257,녹십자홀딩스2우,20900,-800,1118,,,,
20250320,005300,롯데칠성,111200,2000,26091,,,,
20250320,005305,롯데칠성우,65900,0,1503,,,,
20250320,005320,온타이드,888,10,10530,,,,
20250320,005360,모나미,2000,-5,50984,,,,
20250320,005380,현대차,202500,-1500,635938,,,,
20250320,005385,현대차우,151300,-700,24482,,,,
20250320,005387,현대차2우B,154100,-1300,41096,,,,
20250320,005389,현대차3우B,150700,-500,7130,,,,
20250320,005420,코스모화학,18900,-70,105001,,,,
20250320,005430,한국공항,50600,-400,6136,,,,
20250320,005440,현대지에프홀딩스,5290,-10,135877,,,,
20250320,005490,POSCO홀딩스,332000,19500,1087678,,,,
20250320,005500,삼진제약,17800,20,9826,,,,
20250320,005610,삼립,53400,-100,9648,,,,
20250320,005680,삼영전자,9950,-20,9454,,,,
20250320,005690,파미셀,11620,180,844950,,,,
20250320,005720,넥센,4515,0,55928,,,,
20250320,005725,넥센우,3170,-10,413,,,,
20250320,005740,크라운해태홀딩스,5450,-10,20451,,,,
20250320,005745,크라운해태홀딩스우,7680,10,116,,,,
20250320,005750,대림바스,3975,-15,18517,,,,
20250320,005800,신영와코루,10230,-30,9244,,,,
20250320,005810,풍산홀딩스,28600,-350,34407,,,,
20250320,005820,원림,13940,-100,3499,,,,
20250320,005830,DB손해보험,97500,-1100,152561,,,,
20250320,005850,에스엘,36450,-550,232368,,,,
20250320,005870,휴니드,8470,-350,384910,,,,
20250320,005880,대한해운,1684,-16,1290120,,,,
20250320,005930,삼성전자,60200,1700,34989004,,,,
20250320,005935,삼성전자우,50000,1400,2521350,,,,
20250320,005940,NH투자증권,15040,30,349199,,,,
20250320,005945,NH투자증권우,13300,40,119969,,,,
20250320,005950,이수화학,6240,-10,41698,,,,
20250320,005960,동부건설,3580,-10,6149,,,,
20250320,005965,동부건설우,18340,-380,343,,,,
20250320,006040,동원산업,37800,1150,51313,,,,
20250320,006060,화승인더,5130,30,74410,,,,
20250320,006090,사조오양,8490,50,4905,,,,
20250320,006110,삼아알미늄,29350,-250,37267,,,,
20250320,006120,SK디스커버리,40150,200,14630,,,,
20250320,006125,SK디스커버리우,33850,-100,3588,,,,
20250320,006200,한국전자홀딩스,3535,35,7054,,,,
20250320,006220,제주은행,7750,-130,76019,,,,
20250320,006260,LS,123300,5300,473135,,,,
20250320,006280,녹십자,133500,-2700,28796,,,,
20250320,006340,대원전선,2960,-50,952662,,,,
20250320,006345,대원전선우,3880,-135,35402,,,,
20250320,006360,GS건설,17490,-330,283186,,,,
20250320,006370,대구백화점,7920,50,73687,,,,
20250320,006380,카프로,3660,0,0,,,,
20250320,006400,삼성SDI,198254,10378,1348839,,,,
20250320,006405,삼성SDI우,120858,1735,12644,,,,
20250320,006490,프리티,6870,-135,115317,,,,
20250320,006570,대림통상,2320,-120,20320,,,,
20250320,006650,대한유화,99200,400,24319,,,,
20250320,006660,삼성공조,18150,-820,4287910,,,,
20250320,006740,블루산업개발,2315,0,47470,,,,
20250320,006800,미래에셋증권,9697,39,905114,,,,
20250320,006805,미래에셋증권우,4725,10,34925,,,,
20250320,00680K,미래에셋증권2우B,4172,-5,361107,,,,
20250320,006840,AK홀딩스,10490,-80,2029,,,,
20250320,006880,신송홀딩스,7020,-130,160851,,,,
20250320,006890,태경케미컬,11790,10,26798,,,,
20250320,006980,우성,14480,-60,528,,,,
20250320,007070,GS리테일,14650,20,128353,,,,
20250320,007110,일신석재,1965,-40,1324887,,,,
20250320,007120,미래아이앤지,787,-4,37234,,,,
20250320,007160,사조산업,34200,-150,4820,,,,
20250320,007210,벽산,2190,-15,211252,,,,
20250320,007280,한국특강,3492,4,52474,,,,
20250320,007310,오뚜기,423500,14000,9230,,,,
20250320,007340,DN오토모티브,21350,50,41839,,,,
20250320,007460,에이프로젠,777,-9,2714463,,,,
20250320,007540,샘표,42300,600,3329,,,,
20250320,007570,일양약품,12306,-45,18023,,,,
20250320,007575,일양약품우,13708,-282,321,,,,
20250320,007590,동방아그로,6040,0,401,,,,
20250320,007610,선도전기,3000,0,0,,,,
20250320,007660,이수페타시스,40100,-100,540104,,,,
20250320,007690,국도화학,30550,150,5027,,,,
20250320,007700,F&F홀딩스,12580,90,4936,,,,
20250320,007810,코리아써키트,12250,-270,129570,,,,
20250320,007815,코리아써우,5920,30,1046,,,,
20250320,00781K,코리아써키트2우B,5500,120,325,,,,
20250320,007860,서연,8230,-260,880456,,,,
20250320,007980,TP,1364,-2,88674,,,,
20250320,008040,사조동아원,1039,-23,408583,,,,
20250320,008060,대덕,7140,-10,72914,,,,
20250320,00806K,대덕1우,7330,20,876,,,,
20250320,008250,이건산업,5000,-70,39352,,,,
20250320,008260,NI스틸,3475,-40,104464,,,,
20250320,008350,남선알미늄,1388,-5,347067,,,,
20250320,008355,남선알미우,14350,-150,1878,,,,
20250320,008420,문배철강,2625,-5,283060,,,,
20250320,008490,서흥,14870,-180,21431,,,,
20250320,008600,윌비스,6898,-310,23665,,,,
20250320,008700,아남전자,1534,-33,437437,,,,
20250320,008730,율촌화학,28550,-250,78764,,,,
20250320,008770,호텔신라,38950,0,42347,,,,
20250320,008775,호텔신라우,32550,200,2371,,,,
20250320,008870,금비,56000,-400,797,,,,
20250320,008930,한미사이언스,28200,-400,80347,,,,
20250320,008970,KBI동양철관,2240,0,39367759,,,,
20250320,009070,KCTC,3725,-25,32581,,,,
20250320,009140,경인전자,18880,110,1487,,,,
20250320,009150,삼성전기,139500,1500,259013,,,,
20250320,009155,삼성전기우,61700,200,6958,,,,
20250320,009160,SIMPAC,3995,-15,29502,,,,
20250320,009180,한솔로지스틱스,2305,-5,53421,,,,
20250320,009190,대양금속,1379,-1,163493,,,,
20250320,009200,무림페이퍼,2075,0,40621,,,,
20250320,009240,한샘,43500,100,15940,,,,
20250320,009270,신원,1334,-10,371899,,,,
20250320,009290,광동제약,5520,-50,36989,,,,
20250320,009310,참엔지니어링,1490,-50,86618,,,,
20250320,009320,아진전자부품,1010,-21,62482,,,,
20250320,009410,태영건설,3240,745,6043295,,,,
20250320,009415,태영건설우,7080,1630,16533,,,,
20250320,009420,한올바이오파마,29400,-5700,3205287,,,,
20250320,009440,KC그린홀딩스,756,0,0,,,,
20250320,009450,경동나비엔,76900,-1500,67992,,,,
20250320,009460,한창제지,3480,5,21107,,,,
20250320,009470,삼화전기,37100,-600,45876,,,,
20250320,009540,HD한국조선해양,209500,-9500,341477,,,,
20250320,009580,무림P&P,2910,-50,197713,,,,
20250320,009680,모토닉,9220,-50,27860,,,,
20250320,009770,삼정펄프,26600,200,6053,,,,
20250320,009810,MDS스피어,3135,70,31777,,,,
20250320,009830,한화솔루션,19902,-472,1229627,,,,
20250320,009835,한화솔루션우,16889,-362,7617,,,,
20250320,009900,명신산업,8930,-100,172492,,,,
20250320,009970,영원무역홀딩스,96700,-1200,11837,,,,
20250320,010040,한국내화,2215,0,24225,,,,
20250320,010060,OCI홀딩스,79600,-800,47996,,,,
20250320,010100,한국무브넥스,4570,-30,796495,,,,
20250320,010120,LS ELECTRIC,40700,-1200,1736980,,,,
20250320,010130,고려아연,847000,20000,44889,,,,
20250320,010140,삼성중공업,14540,-670,14987688,,,,
20250320,010400,우진아이엔에스,2860,5,321,,,,
20250320,010580,에스엠벡셀,1220,8,61596,,,,
20250320,010640,진양폴리,4800,-417,271552,,,,
20250320,010660,화천기계,3055,-15,96386,,,,
20250320,010690,화신,7800,100,236245,,,,
20250320,010770,평화홀딩스,6350,-240,678250,,,,
20250320,010780,아이에스동서,17080,10,25829,,,,
20250320,010820,퍼스텍,3665,-205,930650,,,,
20250320,010950,S-Oil,58300,0,80392,,,,
20250320,010955,S-Oil우,38150,50,4429,,,,
20250320,010960,삼호개발,3080,-5,27861,,,,
20250320,011000,진원생명과학,10525,75,33687,,,,
20250320,011070,LG이노텍,161600,2000,149177,,,,
20250320,011090,에넥스,2580,15,30448,,,,
20250320,011150,CJ씨푸드,3195,0,840850,,,,
20250320,011155,CJ씨푸드1우,16820,640,1172,,,,
20250320,011170,롯데케미칼,70200,-800,149009,,,,
20250320,011200,HMM,20050,50,1899891,,,,
20250320,011210,현대위아,47050,-1550,133494,,,,
20250320,011230,삼화전자,4350,555,2054568,,,,
20250320,011280,태림포장,2055,-40,159160,,,,
20250320,011300,우성머티리얼스,6070,720,301122,,,,
20250320,011330,유니켐,14440,1480,74127,,,,
20250320,011390,부산산업,70600,-400,2714,,,,
20250320,011420,갤럭시아에스엠,1987,-23,208299,,,,
20250320,011500,한농화성,17390,-530,361641,,,,
20250320,011690,와이투솔루션,2300,55,1517458,,,,
20250320,011700,한신기계,2980,-70,142644,,,,
20250320,011760,현대코퍼레이션,23750,-150,54332,,,,
20250320,011780,금호석유화학,114300,1500,169952,,,,
20250320,011785,금호석유화학우,53000,600,4263,,,,
20250320,011790,SKC,114954,-3666,468451,,,,
20250320,011810,STX,3975,-60,102841,,,,
20250320,011930,신성이엔지,12490,-280,58456,,,,
20250320,012030,DB,1356,24,489242,,,,
20250320,012160,영흥,2005,10,4602,,,,
20250320,012170,아센디오,2775,185,1215613,,,,
20250320,012200,계양전기,1413,-1,36228,,,,
20250320,012205,계양전기우,3277,-10,454,,,,
20250320,012280,영화금속,834,7,46274,,,,
20250320,012320,경동인베스트,63300,700,15246,,,,
20250320,012330,현대모비스,270500,500,330007,,,,
20250320,012450,한화에어로스페이스,710957,-33480,431223,,,,
20250320,012610,경인양행,2965,-20,42279,,,,
20250320,012630,HDC,14080,-240,92212,,,,
20250320,012690,모나리자,2825,-35,80032,,,,
20250320,012750,에스원,62400,400,17823,,,,
20250320,012800,대창,1410,-48,1357434,,,,
20250320,013000,세우글로벌,1238,0,11683,,,,
20250320,013360,일성건설,3300,-195,1302035,,,,
20250320,013520,화승코퍼레이션,1753,16,108056,,,,
20250320,013570,디와이,3945,-135,51134,,,,
20250320,013580,계룡건설,13340,20,12988,,,,
20250320,013700,까뮤이앤씨,1215,-16,82787,,,,
20250320,013870,지엠비코리아,3785,-60,12631,,,,
20250320,013890,지누스,19390,-390,81550,,,,
20250320,014130,한익스프레스,3405,0,4006,,,,
20250320,014160,대영포장,1394,-23,1119036,,,,
20250320,014280,금강공업,4005,-55,45160,,,,
20250320,014285,금강공업우,6420,30,13,,,,
20250320,014440,영보화학,4600,-45,41039,,,,
20250320,014530,극동유화,3345,-15,25124,,,,
20250320,014580,태경비케이,4455,-55,72345,,,,
20250320,014680,한솔케미칼,134000,-7000,98859,,,,
20250320,014710,사조씨푸드,5210,-60,35614,,,,
20250320,014790,HL D&I,2265,15,150143,,,,
20250320,014820,동원시스템즈,37050,350,27240,,,,
20250320,014825,동원시스템즈우,18200,390,55,,,,
20250320,014830,유니드,79000,3100,84582,,,,
20250320,014910,성문전자,1111,-16,24515,,,,
20250320,014915,성문전자우,4610,-230,159,,,,
20250320,014990,인디에프,3545,-60,34988,,,,
20250320,015020,이스타코,2880,-318,1031606,,,,
20250320,015230,대창단조,5130,-90,80464,,,,
20250320,015260,에이엔피,485,1,44028,,,,
20250320,015360,INVENI,9300,-10,21600,,,,
20250320,015590,DKME,2575,0,0,,,,
20250320,015760,한국전력,22000,150,793552,,,,
20250320,015860,일진홀딩스,3650,-10,28257,,,,
20250320,015890,태경산업,4880,80,163032,,,,
20250320,016090,대현,2095,10,130388,,,,
20250320,016360,삼성증권,46250,-50,149235,,,,
20250320,016380,KG스틸,6740,70,251673,,,,
20250320,016450,한세예스24홀딩스,4090,-20,39522,,,,
20250320,016580,환인제약,11540,40,14338,,,,
20250320,016590,신대양제지,7150,570,162921,,,,
20250320,016610,DB증권,5930,10,55408,,,,
20250320,016710,대성홀딩스,7050,10,4080,,,,
20250320,016740,두올,3125,-75,57780,,,,
20250320,016800,퍼시스,42750,0,3174,,,,
20250320,016880,웅진,857,-1,91413,,,,
20250320,017040,광명전기,1414,-25,299386,,,,
20250320,017180,명문제약,1614,-8,61069,,,,
20250320,017370,우신시스템,6170,20,41144,,,,
20250320,017390,서울가스,49000,-50,915,,,,
20250320,017550,수산세보틱스,1925,-41,182671,,,,
20250320,017670,SK텔레콤,56300,-400,327396,,,,
20250320,017800,현대엘리베이터,54200,-1700,96370,,,,
20250320,017810,풀무원,16510,10,343895,,,,
20250320,017860,DS단석,25055,-445,220889,,,,
20250320,017900,광전자,1743,-7,74170,,,,
20250320,017940,E1,63400,1400,15857,,,,
20250320,017960,한국카본,14820,-1050,1246477,,,,
20250320,018250,애경산업,14510,250,60764,,,,
20250320,018260,삼성에스디에스,122500,400,109626,,,,
20250320,018470,조일알미늄,1616,-27,297436,,,,
20250320,018500,동원모빌리티,1686,-57,635590,,,,
20250320,018670,SK가스,259000,0,6451,,,,
20250320,018880,한온시스템,3676,-88,1155149,,,,
20250320,019170,신풍제약,8020,-100,156632,,,,
20250320,019175,신풍제약우,12390,-20,1929,,,,
20250320,019180,티에이치엔,3120,45,109643,,,,
20250320,019490,엑시큐어하이트론,823,126,27945044,,,,
20250320,019680,대교,2135,-25,10203,,,,
20250320,019685,대교우B,1271,-14,14004,,,,
20250320,020000,한섬,15770,-10,23922,,,,
20250320,020120,키다리스튜디오,3350,-55,116796,,,,
20250320,020150,롯데에너지머티리얼즈,26450,-50,88156,,,,
20250320,020560,아시아나항공,10270,-120,107322,,,,
20250320,020760,일진디스플,822,7,67037,,,,
20250320,021050,서원,1275,-22,182510,,,,
20250320,021240,코웨이,87000,2400,358060,,,,
20250320,021820,세원정공,7890,10,6333,,,,
20250320,022100,포스코DX,27400,-700,5863438,,,,
20250320,023000,삼원강재,2335,-15,10647,,,,
20250320,023150,MH에탄올,5090,30,2763,,,,
20250320,023350,한국종합기술,5130,-190,57504,,,,
20250320,023450,동남합성,34250,200,1024,,,,
20250320,023530,롯데쇼핑,64600,800,34082,,,,
20250320,023590,다우기술,21800,-500,61472,,,,
20250320,023800,인지컨트롤스,5910,-90,590724,,,,
20250320,023810,인팩,5720,0,6948,,,,
20250320,023960,에쓰씨엔지니어링,1280,-15,92639,,,,
20250320,024070,WISCOM,1917,-9,3246,,,,
20250320,024090,디씨엠,11660,60,3923,,,,
20250320,024110,기업은행,15780,-20,1232758,,,,
20250320,024720,콜마홀딩스,9500,-30,392062,,,,
20250320,024890,대원화성,4760,-20,7875,,,,
20250320,024900,디와이덕양,2870,-45,49645,,,,
20250320,025000,KPX케미칼,41693,142,1732,,,,
20250320,025530,SJM홀딩스,3145,25,10052,,,,
20250320,025540,한국단자,70400,-300,54227,,,,
20250320,025560,미래산업,2806,-10,75365,,,,
20250320,025620,차AI헬스케어,3440,-15,20736,,,,
20250320,025750,한솔홈데코,4110,-150,93527,,,,
20250320,025820,이구산업,4970,-100,1160948,,,,
20250320,025860,남해화학,6400,-60,51562,,,,
20250320,025890,한국주강,1747,-11,2166,,,,
20250320,026890,스틱인베스트먼트,7440,110,58153,,,,
20250320,026940,부국철강,2505,-5,54320,,,,
20250320,026960,동서,27000,400,122658,,,,
20250320,027410,BGF,3445,10,30497,,,,
20250320,027740,마니커,1766,6,37053,,,,
20250320,027970,한국제지,4005,5,3188,,,,
20250320,028050,삼성E&A,20250,200,1422672,,,,
20250320,028100,동아지질,13140,-130,24636,,,,
20250320,028260,삼성물산,124100,900,160103,,,,
20250320,02826K,삼성물산우B,89200,-300,2225,,,,
20250320,028670,팬오션,3520,-20,1486238,,,,
20250320,029460,케이씨,18570,-390,8679,,,,
20250320,029530,신도리코,38300,300,4808,,,,
20250320,029780,삼성카드,44250,350,59055,,,,
20250320,030000,제일기획,18000,-80,207363,,,,
20250320,030190,NICE평가정보,12150,-80,62892,,,,
20250320,030200,KT,50700,0,399091,,,,
20250320,030210,다올투자증권,2870,15,64767,,,,
20250320,030610,교보증권,6530,-20,208689,,,,
20250320,030720,동원수산,4995,0,3159,,,,
20250320,031210,서울보증보험,34600,-2800,1963540,,,,
20250320,031430,신세계인터내셔날,10210,-90,162038,,,,
20250320,031820,아이티센씨티에스,5950,-140,19328,,,,
20250320,032350,롯데관광개발,7770,60,129473,,,,
20250320,032560,황금에스티,5170,30,6334,,,,
20250320,032640,LG유플러스,10820,-40,600899,,,,
20250320,032830,삼성생명,85700,400,192196,,,,
20250320,033240,자화전자,13370,0,76710,,,,
20250320,033250,체시스,5665,-80,47623,,,,
20250320,033270,유나이티드제약,19440,140,37043,,,,
20250320,033530,SJG세종,4225,-80,32995,,,,
20250320,033780,KT&G,102100,4600,445765,,,,
20250320,033920,무학,6820,-30,20206,,,,
20250320,034020,두산에너빌리티,25500,-1100,7791782,,,,
20250320,034120,SBS,19490,-510,136112,,,,
20250320,034220,LG디스플레이,9230,30,756905,,,,
20250320,034230,파라다이스,10550,-70,176649,,,,
20250320,034310,NICE,11550,100,10280,,,,
20250320,034590,인천도시가스,24700,-50,463,,,,
20250320,034730,SK,138600,200,90653,,,,
20250320,03473K,SK우,124000,0,523,,,,
20250320,034830,한국토지신탁,1000,-2,290461,,,,
20250320,035000,HS애드,6640,-80,30603,,,,
20250320,035150,백산,14840,70,44343,,,,
20250320,035250,강원랜드,16990,0,275315,,,,
20250320,035420,NAVER,208000,0,593445,,,,
20250320,035510,신세계 I&C,12150,20,135548,,,,
20250320,035720,카카오,42650,-650,1761461,,,,
20250320,036420,콘텐트리중앙,8320,-100,18377,,,,
20250320,036460,한국가스공사,36400,-1000,619780,,,,
20250320,036530,SNT홀딩스,31800,-500,13530,,,,
20250320,036570,NC,162700,-900,35525,,,,
20250320,036580,팜스코,2160,-10,7824,,,,
20250320,037270,YG PLUS,4950,-240,1280198,,,,
20250320,037560,LG헬로비전,2345,-25,39554,,,,
20250320,037710,광주신세계,29550,-100,53524,,,,
20250320,039130,하나투어,53700,-200,34106,,,,
20250320,039490,키움증권,129400,-4500,180433,,,,
20250320,039570,HDC랩스,8470,0,16203,,,,
20250320,041650,상신브레이크,2955,5,16342,,,,
20250320,042660,한화오션,74800,-5300,5491310,,,,
20250320,042700,한미반도체,90400,1900,807118,,,,
20250320,044380,주연테크,1660,5,10891,,,,
20250320,044450,KSS해운,8590,-100,44661,,,,
20250320,044820,코스맥스비티아이,10050,40,15048,,,,
20250320,047040,대우건설,3320,-60,1242281,,,,
20250320,047050,포스코인터내셔널,55800,-800,869635,,,,
20250320,047400,유니온머티리얼,2005,-15,144371,,,,
20250320,047810,한국항공우주,85900,-2700,2077408,,,,
20250320,049800,우진플라임,2015,15,8017,,,,
20250320,051600,한전KPS,42550,-300,54489,,,,
20250320,051630,진양화학,3580,-465,811487,,,,
20250320,051900,LG생활건강,324500,-1000,24578,,,,
20250320,051905,LG생활건강우,125500,600,3768,,,,
20250320,051910,LG화학,257000,15000,673739,,,,
20250320,051915,LG화학우,121400,4200,99070,,,,
20250320,052690,한전기술,61000,-900,94762,,,,
20250320,053210,스카이라이프,4545,0,26422,,,,
20250320,053690,한미글로벌,16400,-230,61675,,,,
20250320,055490,테이팩스,14060,-100,4077,,,,
20250320,055550,신한지주,47550,300,1125789,,,,
20250320,058430,포스코스틸리온,4750,20,4615410,,,,
20250320,058650,세아홀딩스,94200,-800,619,,,,
20250320,058730,다스코,2895,-30,100957,,,,
20250320,058850,KTcs,2635,-25,208895,,,,
20250320,058860,KTis,2545,-30,106641,,,,
20250320,060980,HL홀딩스,37650,450,14725,,,,
20250320,062040,산일전기,62000,-600,199844,,,,
20250320,063160,종근당바이오,20550,200,9924,,,,
20250320,064350,현대로템,108500,-4000,2205811,,,,
20250320,064400,LG씨엔에스,52400,-400,386265,,,,
20250320,064960,SNT모티브,25900,200,56342,,,,
20250320,066570,LG전자,82800,900,641530,,,,
20250320,066575,LG전자우,39450,300,23150,,,,
20250320,066970,엘앤에프,73200,1600,384142,,,,
20250320,067830,세이브존I&C,2265,-10,29295,,,,
20250320,068270,셀트리온,171041,-827,395931,,,,
20250320,068290,삼성출판사,15020,30,13629,,,,
20250320,069260,TKG휴켐스,16120,-70,26788,,,,
20250320,069460,대호에이엘,7610,520,428452,,,,
20250320,069620,대웅제약,118400,-800,32088,,,,
20250320,069640,한세엠케이,2030,-54,1084,,,,
20250320,069730,DSR제강,3515,-95,9714,,,,
20250320,069960,현대백화점,56900,600,76066,,,,
20250320,070960,모나용평,3875,-55,119240,,,,
20250320,071050,한국금융지주,76600,100,127152,,,,
20250320,071055,한국금융지주우,56800,-200,21558,,,,
20250320,071090,하이스틸,4205,-260,1605370,,,,
20250320,071320,지역난방공사,50200,-1000,13976,,,,
20250320,071840,롯데하이마트,7400,-30,5357,,,,
20250320,071950,코아스,9670,-210,5424,,,,
20250320,071970,HD현대마린엔진,27450,-1650,965836,,,,
20250320,072130,유엔젤,5640,130,150796,,,,
20250320,072710,농심홀딩스,67200,700,7303,,,,
20250320,073240,금호타이어,4890,-60,222194,,,,
20250320,074610,이엔플러스,7450,-280,38036,,,,
20250320,075180,새론오토모티브,3345,-10,28480,,,,
20250320,075580,세진중공업,7560,-160,602239,,,,
20250320,077500,유니퀘스트,6130,-180,366298,,,,
20250320,077970,STX엔진,24500,-2100,855521,,,,
20250320,078000,텔코웨어,8990,-120,42034,,,,
20250320,078520,에이블씨엔씨,6950,-80,116875,,,,
20250320,078930,GS,37150,0,181761,,,,
20250320,078935,GS우,36350,-150,4239,,,,
20250320,079160,CJ CGV,4825,-50,263588,,,,
20250320,079430,현대리바트,7220,-120,26079,,,,
20250320,079550,LIG디펜스앤에어로스페이스,270500,-13000,464297,,,,
20250320,079900,전진건설로봇,51500,-3900,295375,,,,
20250320,079980,휴비스,2730,85,1620130,,,,
20250320,081000,일진다이아,11710,-130,10017,,,,
20250320,081660,미스토홀딩스,39500,50,114420,,,,
20250320,082640,동양생명,5210,10,258742,,,,
20250320,082740,한화엔진,24200,-2100,3902889,,,,
20250320,083420,그린케미칼,6230,-70,91665,,,,
20250320,084010,대한제강,10689,-7,48181,,,,
20250320,084670,동양고속,7120,-30,2474,,,,
20250320,084680,이월드,1308,11,139717,,,,
20250320,084690,대상홀딩스,11370,-300,433560,,,,
20250320,084695,대상홀딩스우,21700,-800,16816,,,,
20250320,084870,TBH글로벌,1133,-10,19980,,,,
20250320,085310,엔케이,8600,-50,19862,,,,
20250320,085620,미래에셋생명,4510,55,23969,,,,
20250320,086280,현대글로비스,120700,400,89755,,,,
20250320,086790,하나금융지주,62200,200,732806,,,,
20250320,088260,이리츠코크렙,4290,-25,21014,,,,
20250320,088350,한화생명,2675,-20,388402,,,,
20250320,088790,진도,1807,-11,14794,,,,
20250320,088980,맥쿼리인프라,10990,10,503707,,,,
20250320,089470,HDC현대EP,3655,10,11080,,,,
20250320,089590,제주항공,7050,0,94998,,,,
20250320,089860,롯데렌탈,29650,300,29123,,,,
20250320,090080,평화산업,1139,-20,447894,,,,
20250320,090350,노루페인트,7770,0,29394,,,,
20250320,090355,노루페인트우,12790,0,780,,,,
20250320,090370,메타랩스,1416,-10,43791,,,,
20250320,090430,아모레퍼시픽,109700,-1000,375029,,,,
20250320,090435,아모레퍼시픽우,34550,100,8851,,,,
20250320,090460,비에이치,15060,60,92849,,,,
20250320,091810,트리니티항공,2205,-19,845986,,,,
20250320,092200,디아이씨,4355,-115,247912,,,,
20250320,092220,KEC,4045,40,115726,,,,
20250320,092230,KPX홀딩스,55900,-300,390,,,,
20250320,092440,기신정기,2385,15,26758,,,,
20250320,092780,DYP,4590,25,11496,,,,
20250320,092790,넥스틸,16730,-540,3937963,,,,
20250320,093050,LF,15460,-20,37398,,,,
20250320,093240,형지엘리트,1819,-61,1226977,,,,
20250320,093370,후성,5100,-260,1231638,,,,
20250320,094280,효성ITX,11860,30,3841,,,,
20250320,094800,맵스리얼티,4275,20,27340,,,,
20250320,095570,AJ네트웍스,3830,-10,33336,,,,
20250320,095720,웅진씽크빅,3080,10,51694,,,,
20250320,096760,JW홀딩스,3015,5,12151,,,,
20250320,096770,SK이노베이션,125200,600,616815,,,,
20250320,096775,SK이노베이션우,77400,-100,18073,,,,
20250320,097230,HJ중공업,7240,-270,1935032,,,,
20250320,097520,엠씨넥스,24650,50,55387,,,,
20250320,097950,CJ제일제당,265500,500,104928,,,,
20250320,097955,CJ제일제당 우,137500,900,4483,,,,
20250320,100090,SK오션플랜트,14620,0,59886,,,,
20250320,100220,비상교육,4695,-50,33006,,,,
20250320,100250,진양홀딩스,2915,0,55957,,,,
20250320,100840,SNT에너지,31350,-1900,564194,,,,
20250320,101140,인바이오젠,7150,90,11260,,,,
20250320,101530,해태제과식품,6490,60,73448,,,,
20250320,102260,동성케미컬,3780,10,25183,,,,
20250320,102460,이연제약,11690,-80,19320,,,,
20250320,103140,풍산,67300,-2100,738984,,,,
20250320,103590,일진전기,28600,150,413722,,,,
20250320,104700,한국철강,8150,40,26365,,,,
20250320,105560,KB금융,82300,1100,1260292,,,,
20250320,105630,한세실업,12110,-100,86084,,,,
20250320,105840,우진,7400,-130,98144,,,,
20250320,107590,미원홀딩스,73400,300,213,,,,
20250320,108320,LX세미콘,58200,600,44518,,,,
20250320,108670,LX하우시스,30700,550,29192,,,,
20250320,108675,LX하우시스우,18090,-40,528,,,,
20250320,109070,주성코퍼레이션,1185,0,0,,,,
20250320,111110,호전실업,7900,-150,5059,,,,
20250320,111380,동인기연,15550,-50,7125,,,,
20250320,111770,영원무역,52800,800,60125,,,,
20250320,112610,씨에스윈드,37600,-500,119885,,,,
20250320,114090,GKL,10700,0,47643,,,,
20250320,117580,대성에너지,7850,-40,34234,,,,
20250320,118000,메타케어,3180,-170,412283,,,,
20250320,119650,KC코트렐,918,0,0,,,,
20250320,120030,조선선재,98900,800,702,,,,
20250320,120110,코오롱인더,31450,-350,66431,,,,
20250320,120115,코오롱인더우,19500,-60,3750,,,,
20250320,122900,아이마켓코리아,7870,50,10920,,,,
20250320,123690,한국화장품,6660,50,232494,,,,
20250320,123700,SJM,2965,-20,12187,,,,
20250320,123890,한국자산신탁,2485,5,82631,,,,
20250320,126560,현대퓨처넷,3140,-120,172265,,,,
20250320,126720,수산인더스트리,20050,-400,55758,,,,
20250320,128820,대성산업,3479,149,554300,,,,
20250320,128940,한미약품,242000,-4000,56745,,,,
20250320,129260,인터지스,2455,-30,132564,,,,
20250320,130660,한전산업,10290,-230,187326,,,,
20250320,133820,화인베스틸,1029,31,153947,,,,
20250320,134380,미원화학,7990,100,250,,,,
20250320,134790,시디즈,24950,550,10122,,,,
20250320,136490,선진,5720,-20,24025,,,,
20250320,137310,에스디바이오센서,10050,-110,76759,,,,
20250320,138040,메리츠금융지주,120200,100,261612,,,,
20250320,138930,BNK금융지주,11000,-100,526199,,,,
20250320,139130,iM금융지주,9120,20,286621,,,,
20250320,139480,이마트,78900,900,168480,,,,
20250320,139990,아주스틸,4195,-10,14514,,,,
20250320,143210,핸즈코퍼레이션,1814,-49,3080,,,,
20250320,145210,다이나믹디자인,11260,230,206750,,,,
20250320,145270,케이탑리츠,983,-1,20769,,,,
20250320,145720,덴티움,61600,-500,12318,,,,
20250320,145990,삼양사,46600,500,29963,,,,
20250320,145995,삼양사우,29550,-100,789,,,,
20250320,155660,DSR,3880,-20,8893,,,,
20250320,161000,애경케미칼,7290,0,153353,,,,
20250320,161390,한국타이어앤테크놀로지,41400,-350,410789,,,,
20250320,161890,한국콜마,65800,500,195569,,,,
20250320,163560,동일고무벨트,7450,-190,57266,,,,
20250320,170900,동아에스티,44110,286,15498,,,,
20250320,175330,JB금융지주,17380,120,242498,,,,
20250320,178920,PI첨단소재,18230,-330,97958,,,,
20250320,180640,한진칼,83800,500,29939,,,,
20250320,18064K,한진칼우,23450,-350,281,,,,
20250320,181710,NHN,18390,-80,37091,,,,
20250320,183190,아세아시멘트,10210,0,22278,,,,
20250320,185750,종근당,80700,-1200,22513,,,,
20250320,192080,더블유게임즈,51000,700,41303,,,,
20250320,192400,쿠쿠홀딩스,22100,100,14098,,,,
20250320,192650,드림텍,7040,-80,160975,,,,
20250320,192820,코스맥스,180600,700,68743,,,,
20250320,194370,제이에스코퍼레이션,8715,-210,136606,,,,
20250320,195870,해성디에스,29850,-100,51780,,,,
20250320,200880,서연이화,12970,-210,131072,,,,
20250320,204320,HL만도,41000,-300,203166,,,,
20250320,207940,삼성바이오로직스,1577710,-10302,29732,,,,
20250320,210540,디와이파워,11980,-240,57830,,,,
20250320,210980,SK디앤디,9130,50,218331,,,,
20250320,213500,한솔제지,8660,-10,46260,,,,
20250320,214320,이노션,18750,70,46887,,,,
20250320,214330,금호에이치티,15368,-544,54642,,,,
20250320,214390,경보제약,5740,-160,39932,,,,
20250320,214420,토니모리,9040,40,3115249,,,,
20250320,226320,잇츠한불,11180,-140,21951,,,,
20250320,227840,현대코퍼레이션홀딩스,10410,-20,4355,,,,
20250320,229640,LS에코에너지,35050,-750,135849,,,,
20250320,234080,JW생명과학,11300,-80,39181,,,,
20250320,241560,두산밥캣,50000,-900,145580,,,,
20250320,241590,화승엔터프라이즈,8720,-180,665391,,,,
20250320,244920,에이플러스에셋,4025,40,37738,,,,
20250320,248070,솔루엠,17750,-60,78695,,,,
20250320,248170,샘표식품,26400,50,13732,,,,
20250320,249420,일동제약,11090,-110,54859,,,,
20250320,251270,넷마블,40000,-350,115585,,,,
20250320,259960,크래프톤,328500,-19500,286432,,,,
20250320,264900,크라운제과,8180,130,27164,,,,
20250320,26490K,크라운제과우,9300,-10,754,,,,
20250320,267250,HD현대,75400,-900,75121,,,,
20250320,267260,HD현대일렉트릭,350500,4500,235193,,,,
20250320,267270,HD건설기계,70200,-1400,142744,,,,
20250320,267290,경동도시가스,17530,-40,6143,,,,
20250320,267850,아시아나IDT,11250,-70,6038,,,,
20250320,268280,미원에스씨,150100,400,83,,,,
20250320,271560,오리온,119400,1100,347386,,,,
20250320,271940,일진하이솔루스,14380,-30,55463,,,,
20250320,271980,제일약품,11700,-680,179557,,,,
20250320,272210,한화시스템,38800,-3450,9205377,,,,
20250320,272450,진에어,9550,-20,116323,,,,
20250320,272550,삼양패키징,14160,-50,15472,,,,
20250320,278470,에이피알,68700,1900,949559,,,,
20250320,280360,롯데웰푸드,123800,6000,38245,,,,
20250320,281820,케이씨텍,37850,150,58411,,,,
20250320,282330,BGF리테일,110100,3500,67170,,,,
20250320,284740,쿠쿠홈시스,21350,100,34866,,,,
20250320,285130,SK케미칼,42550,-400,31180,,,,
20250320,28513K,SK케미칼우,20200,0,2730,,,,
20250320,286940,롯데이노베이트,19640,-10,16374,,,,
20250320,293480,하나제약,10600,0,20161,,,,
20250320,293940,신한알파리츠,6030,-40,134781,,,,
20250320,294870,IPARK현대산업개발,19200,-1000,487382,,,,
20250320,298000,효성화학,77800,0,0,,,,
20250320,298020,효성티앤씨,231000,-3000,7286,,,,
20250320,298040,효성중공업,463000,2000,54497,,,,
20250320,298050,HS효성첨단소재,186500,-1000,5848,,,,
20250320,298690,에어부산,2170,10,113819,,,,
20250320,300720,한일시멘트,16800,60,110213,,,,
20250320,302440,SK바이오사이언스,42350,-650,103864,,,,
20250320,306200,세아제강,205000,-1000,27310,,,,
20250320,307950,현대오토에버,131600,-1400,35795,,,,
20250320,308170,씨티알모빌리티,5470,-50,7755,,,,
20250320,316140,우리금융지주,16730,50,1319247,,,,
20250320,317400,자이에스앤디,3225,-5,12803,,,,
20250320,322000,HD현대에너지솔루션,25100,-700,86377,,,,
20250320,323410,카카오뱅크,23050,-600,467485,,,,
20250320,326030,SK바이오팜,103900,-2200,175074,,,,
20250320,329180,HD현대중공업,300000,-11000,337998,,,,
20250320,330590,롯데리츠,3550,0,155031,,,,
20250320,334890,이지스밸류플러스리츠,4430,10,37081,,,,
20250320,336260,두산퓨얼셀,15880,-120,127145,,,,
20250320,33626K,두산퓨얼셀1우,4560,5,3496,,,,
20250320,33626L,두산퓨얼셀2우B,7630,-50,858,,,,
20250320,336370,솔루스첨단소재,9310,30,74329,,,,
20250320,33637K,솔루스첨단소재1우,1978,-19,16913,,,,
20250320,33637L,솔루스첨단소재2우B,3910,-95,8839,,,,
20250320,338100,NH프라임리츠,4470,-30,9152,,,,
20250320,339770,교촌에프앤비,6010,130,143503,,,,
20250320,344820,KCC글라스,32250,250,26243,,,,
20250320,348950,제이알글로벌리츠,2680,0,209248,,,,
20250320,350520,이지스레지던스리츠,4130,0,4977,,,,
20250320,352820,하이브,229000,-5000,127529,,,,
20250320,353200,대덕전자,18150,-150,261094,,,,
20250320,35320K,대덕전자1우,8080,10,5616,,,,
20250320,357120,코람코라이프인프라리츠,4495,0,49004,,,,
20250320,357250,미래에셋맵스리츠,2670,25,22522,,,,
20250320,357430,마스턴프리미어리츠,1505,2,31524,,,,
20250320,361610,SK아이이테크놀로지,26400,650,385752,,,,
20250320,363280,티와이홀딩스,2485,380,3375439,,,,
20250320,36328K,티와이홀딩스우,4195,505,129216,,,,
20250320,365550,ESR켄달스퀘어리츠,4952,10,110332,,,,
20250320,372910,한컴라이프케어,3335,-60,280932,,,,
20250320,373220,LG에너지솔루션,334500,4000,224094,,,,
20250320,375500,DL이앤씨,42000,-850,266070,,,,
20250320,37550K,DL이앤씨우,17440,-160,13970,,,,
20250320,37550L,DL이앤씨2우(전환),26400,-750,3775,,,,
20250320,377190,디앤디플랫폼리츠,3315,15,108063,,,,
20250320,377300,카카오페이,32000,-400,224909,,,,
20250320,377740,바이오노트,4900,0,26439,,,,
20250320,378850,화승알앤에이,3140,-45,81947,,,,
20250320,381970,케이카,13270,170,60861,,,,
20250320,383220,F&F,66500,-100,42135,,,,
20250320,383800,LX홀딩스,6620,-10,66247,,,,
20250320,38380K,LX홀딩스1우,7970,50,805,,,,
20250320,395400,SK리츠,5020,0,200607,,,,
20250320,396690,미래에셋글로벌리츠,2770,10,29721,,,,
20250320,400760,NH올원리츠,3517,-29,67603,,,,
20250320,402340,SK스퀘어,98900,4200,382757,,,,
20250320,403550,쏘카,15120,50,7053,,,,
20250320,404990,신한서부티엔디리츠,3115,-70,93182,,,,
20250320,415640,KB발해인프라,7550,50,41407,,,,
20250320,417310,코람코더원리츠,4940,-10,55475,,,,
20250320,432320,KB스타리츠,3855,5,40790,,,,
20250320,443060,HD현대마린솔루션,143300,-5800,109574,,,,
20250320,446070,유니드비티플러스,4060,-5,16045,,,,
20250320,448730,삼성FN리츠,4590,-15,31680,,,,
20250320,450080,에코프로머티,71900,0,618665,,,,
20250320,451800,한화리츠,3810,45,419619,,,,
20250320,452260,한화갤러리아,1237,-26,431665,,,,
20250320,45226K,한화갤러리아우,2400,0,3486,,,,
20250320,453340,현대그린푸드,14380,310,67064,,,,
20250320,454910,두산로보틱스,60200,-200,172021,,,,
20250320,456040,OCI,60200,300,40444,,,,
20250320,457190,이수스페셜티케미컬,56600,-400,564135,,,,
20250320,460850,동국씨엠,7100,-80,134108,,,,
20250320,460860,동국제강,9750,90,480040,,,,
20250320,462520,조선내화,14230,-170,8693,,,,
20250320,462870,시프트업,60200,-500,136925,,,,
20250320,465770,STX그린로지스,8470,220,723809,,,,
20250320,475150,SK이터닉스,14560,10,160551,,,,
20250320,475560,더본코리아,29100,600,103063,,,,
20250320,480370,씨케이솔루션,5797,-415,4054559,,,,
20250320,481850,신한글로벌액티브리츠,1548,-4,22494,,,,
20250320,484870,엠앤씨솔루션,26833,-1567,514557,,,,
20250320,487570,HS효성,33700,-400,20354,,,,
20250320,489790,한화비전,56100,-2700,1747034,,,,
20250320,499790,GS피앤엘,19560,100,30672,,,,
20250320,900140,엘브이엠씨홀딩스,1745,63,1383086,,,,
20250320,950210,프레스티지바이오파마,12580,80,101630,,,,
20250321,000020,동화약품,6090,-40,43308,,,,
20250321,000040,KR모터스,1950,-80,43112,,,,
20250321,000050,경방,6480,-160,18367,,,,
20250321,000070,삼양홀딩스,41906,1401,39980,,,,
20250321,000080,하이트진로,19740,250,204535,,,,
20250321,000087,하이트진로2우B,15200,10,313,,,,
20250321,000100,유한양행,121200,-9900,2007987,,,,
20250321,000105,유한양행우,108300,-4600,13614,,,,
20250321,000120,CJ대한통운,87400,-400,113193,,,,
20250321,000140,하이트진로홀딩스,8660,20,7518,,,,
20250321,000145,하이트진로홀딩스우,10160,0,19,,,,
20250321,000150,두산,318000,-1000,150517,,,,
20250321,000155,두산우,147300,1500,8589,,,,
20250321,000157,두산2우B,136800,800,1049,,,,
20250321,000180,성창기업지주,6440,-5,11241,,,,
20250321,000210,DL,33750,-1400,204140,,,,
20250321,000215,DL우,19770,340,3652,,,,
20250321,000220,유유제약,4430,-25,50068,,,,
20250321,000225,유유제약1우,4685,-90,15009,,,,
20250321,000227,유유제약2우B,9220,-220,562,,,,
20250321,000230,일동홀딩스,6300,-60,39763,,,,
20250321,000240,한국앤컴퍼니,16110,-140,104485,,,,
20250321,000270,기아,95700,-300,2448199,,,,
20250321,000300,DH오토넥스,4200,0,0,,,,
20250321,000320,노루홀딩스,14150,-10,8668,,,,
20250321,000325,노루홀딩스우,28600,-100,0,,,,
20250321,000370,한화손해보험,4100,-85,438576,,,,
20250321,000390,SP삼화,6290,0,97090,,,,
20250321,000400,롯데손해보험,1812,31,205447,,,,
20250321,000430,대원강업,3635,0,49892,,,,
20250321,000480,CR홀딩스,5250,-50,4653,,,,
20250321,000490,대동,11150,-280,197422,,,,
20250321,000500,가온전선,26950,-1223,174838,,,,
20250321,000520,삼일제약,12220,-370,142964,,,,
20250321,000540,흥국화재,3230,-80,133121,,,,
20250321,000545,흥국화재우,5160,-40,8015,,,,
20250321,000590,CS홀딩스,71300,-600,607,,,,
20250321,000640,동아쏘시오홀딩스,95567,1360,10362,,,,
20250321,000650,천일고속,38300,-250,238,,,,
20250321,000660,SK하이닉스,215500,5500,5731880,,,,
20250321,000670,영풍,46697,-1070,66751,,,,
20250321,000680,LS네트웍스,3935,-75,373472,,,,
20250321,000700,유수홀딩스,5500,20,5902,,,,
20250321,000720,현대건설,34200,250,669445,,,,
20250321,000725,현대건설우,49050,-150,3902,,,,
20250321,000760,이화산업,10320,-200,2230,,,,
20250321,000810,삼성화재,390500,-6500,82233,,,,
20250321,000815,삼성화재우,297000,3000,15068,,,,
20250321,000850,화천기공,27250,-650,7182,,,,
20250321,000860,강남제비스코,11729,-150,9204,,,,
20250321,000880,한화,49879,-7143,1482997,,,,
20250321,00088K,한화3우B,17750,-1883,303930,,,,
20250321,000890,보해양조,2310,100,383546,,,,
20250321,000910,유니온,5170,-60,234249,,,,
20250321,000950,전방,19260,20,1220,,,,
20250321,000970,한국주철관,6220,-70,28819,,,,
20250321,000990,DB하이텍,49000,1250,785947,,,,
20250321,001020,페이퍼코리아,3540,65,5397,,,,
20250321,001040,CJ,128100,1600,197103,,,,
20250321,001045,CJ우,66900,-100,10519,,,,
20250321,00104K,CJ4우(전환),98800,1800,31458,,,,
20250321,001060,JW중외제약,21900,0,42033,,,,
20250321,001065,JW중외제약우,28250,100,40,,,,
20250321,001067,JW중외제약2우B,60900,400,40,,,,
20250321,001070,대한방직,5230,20,6799,,,,
20250321,001080,만호제강,2605,35,22230,,,,
20250321,001120,LX인터내셔널,25800,-150,150477,,,,
20250321,001130,대한제분,12790,-150,52240,,,,
20250321,001200,유진투자증권,2600,30,558470,,,,
20250321,001210,금호전기,3270,-150,64159,,,,
20250321,001230,동국홀딩스,1707,-14,103137,,,,
20250321,001250,GS글로벌,2935,350,33722897,,,,
20250321,001260,남광토건,7890,-140,32667,,,,
20250321,001270,부국증권,26950,-100,2741,,,,
20250321,001275,부국증권우,21850,-50,792,,,,
20250321,001290,상상인증권,423,-2,267468,,,,
20250321,001340,PKC,6840,-20,223903,,,,
20250321,001360,삼성제약,1575,9,505624,,,,
20250321,001380,SG글로벌,6581,-241,1058294,,,,
20250321,001390,KG케미칼,3800,-70,187196,,,,
20250321,001420,태원물산,3300,-40,3679,,,,
20250321,001430,세아베스틸지주,19560,-190,88387,,,,
20250321,001440,대한전선,12510,-190,1060303,,,,
20250321,001450,현대해상,22950,-100,403833,,,,
20250321,001460,BYC,26900,-50,586,,,,
20250321,001465,BYC우,12600,100,2941,,,,
20250321,001470,삼부토건,404,-18,6768347,,,,
20250321,001500,현대차증권,5760,-30,358343,,,,
20250321,001510,SK증권,930,-5,268271,,,,
20250321,001515,SK증권우,3368,-16,1388,,,,
20250321,001520,동양,1184,-34,705037,,,,
20250321,001525,동양우,8130,-100,155,,,,
20250321,001527,동양2우B,16100,-340,997,,,,
20250321,001530,DI동일,42905,333,739611,,,,
20250321,001550,조비,10420,-50,3530,,,,
20250321,001560,제일연마,8720,-170,22308,,,,
20250321,001570,금양,9900,-480,4142543,,,,
20250321,001620,케이비아이동국실업,2455,10,7482,,,,
20250321,001630,종근당홀딩스,43200,-600,10090,,,,
20250321,001680,대상,25500,650,280564,,,,
20250321,001685,대상우,17600,-110,15851,,,,
20250321,001720,신영증권,80800,700,4776,,,,
20250321,001740,SK네트웍스,4395,-20,338679,,,,
20250321,001750,한양증권,12110,-130,17570,,,,
20250321,001755,한양증권우,12800,0,2456,,,,
20250321,001770,SHD,14900,-70,750,,,,
20250321,001780,알루코,2225,-25,235634,,,,
20250321,001790,대한제당,2940,55,531329,,,,
20250321,001795,대한제당우,2360,35,20442,,,,
20250321,001800,오리온홀딩스,15790,-350,133961,,,,
20250321,001820,삼화콘덴서,28600,850,50086,,,,
20250321,001940,KISCO홀딩스,19740,30,3872,,,,
20250321,002020,코오롱,25800,750,465557,,,,
20250321,002025,코오롱우,15390,250,18654,,,,
20250321,002030,아세아,268000,2500,1195,,,,
20250321,002070,비비안,15360,-59,4608,,,,
20250321,002100,경농,9200,-50,9002,,,,
20250321,002140,고려산업,2715,-5,213238,,,,
20250321,002150,도화엔지니어링,6560,-60,28431,,,,
20250321,002170,SYTS,47850,-550,2098,,,,
20250321,002200,한국수출포장,2735,-15,69896,,,,
20250321,002210,동성제약,3840,-24,19808,,,,
20250321,002220,한일철강,1865,-15,8827,,,,
20250321,002240,고려제강,17510,-290,35604,,,,
20250321,002310,아세아제지,7250,0,220132,,,,
20250321,002320,한진,19720,220,39612,,,,
20250321,002350,넥센타이어,5440,-10,169239,,,,
20250321,002355,넥센타이어1우B,2850,35,3137,,,,
20250321,002360,SH에너지화학,4590,-20,27631,,,,
20250321,002380,KCC,274500,500,15512,,,,
20250321,002390,한독,11290,40,18652,,,,
20250321,002410,범양건영,1935,0,0,,,,
20250321,002420,세기상사,4950,-60,4089,,,,
20250321,002450,삼익악기,1170,0,103821,,,,
20250321,002460,HS화성,9540,-120,18854,,,,
20250321,002600,조흥,164500,-300,5,,,,
20250321,002620,제일파마홀딩스,7600,-60,34890,,,,
20250321,002630,오리엔트바이오,2760,-316,3599435,,,,
20250321,002690,동일제강,1227,-2,25501,,,,
20250321,002700,신일전자,1499,-11,283907,,,,
20250321,002710,TCC스틸,27100,-150,256436,,,,
20250321,002720,국제약품,4645,-5,96182,,,,
20250321,002760,보락,1047,-8,247523,,,,
20250321,002780,진흥기업,754,-4,138146,,,,
20250321,002785,진흥기업우B,3130,0,42,,,,
20250321,002787,진흥기업2우B,9600,-80,2810,,,,
20250321,002790,아모레퍼시픽홀딩스,21400,0,150628,,,,
20250321,002795,아모레퍼시픽홀딩스우,9180,10,1449,,,,
20250321,00279K,아모레퍼시픽홀딩스3우C,18100,-50,6106,,,,
20250321,002810,삼영무역,13500,0,4890,,,,
20250321,002820,SUN&L,2770,0,2486,,,,
20250321,002840,미원상사,181000,-4900,1480,,,,
20250321,002870,신풍,1306,14,544709,,,,
20250321,002880,디와이에이,923,-5,21213,,,,
20250321,002900,TYM,4645,-60,182064,,,,
20250321,002920,유성기업,1831,-4,20014,,,,
20250321,002960,한국쉘석유,316500,6000,4242,,,,
20250321,002990,금호건설,2645,15,68068,,,,
20250321,002995,금호건설우,12300,-190,2139,,,,
20250321,003000,부광약품,4254,-5,131750,,,,
20250321,003010,혜인,4960,-40,48870,,,,
20250321,003030,세아제강지주,257000,500,24177,,,,
20250321,003060,에이프로젠바이오로직스,800,-13,475111,,,,
20250321,003070,코오롱글로벌,8790,20,28801,,,,
20250321,003075,코오롱글로벌우,15190,-280,358,,,,
20250321,003080,SB성보,2430,-15,26909,,,,
20250321,003090,대웅,19670,-380,41044,,,,
20250321,003120,일성아이에스,15230,-70,2551,,,,
20250321,003160,디아이,14940,-370,796999,,,,
20250321,003200,일신방직,8030,-70,8598,,,,
20250321,003220,대원제약,13970,-30,47778,,,,
20250321,003230,삼양식품,917000,9000,49195,,,,
20250321,003240,태광산업,753000,8000,736,,,,
20250321,003280,흥아해운,1627,-14,727039,,,,
20250321,003300,한일홀딩스,14000,-60,7007,,,,
20250321,003350,한국화장품제조,10100,80,613650,,,,
20250321,003460,유화증권,2315,-5,37448,,,,
20250321,003465,유화증권우,2310,-10,15018,,,,
20250321,003470,유안타증권,2845,25,388341,,,,
20250321,003475,유안타증권우,3060,0,46814,,,,
20250321,003480,한진중공업홀딩스,3545,0,43041,,,,
20250321,003490,대한항공,22400,0,1056892,,,,
20250321,003495,대한항공우,21800,50,1277,,,,
20250321,003520,영진약품,1980,-15,200180,,,,
20250321,003530,한화투자증권,3450,-40,546586,,,,
20250321,003535,한화투자증권우,5870,-60,3972,,,,
20250321,003540,대신증권,17250,90,227189,,,,
20250321,003545,대신증권우,16120,-20,189983,,,,
20250321,003547,대신증권2우B,15600,20,73896,,,,
20250321,003550,LG,69700,-300,298366,,,,
20250321,003555,LG우,57200,-300,15813,,,,
20250321,003570,SNT다이내믹스,34100,550,192292,,,,
20250321,003580,HLB글로벌,2965,-655,2360004,,,,
20250321,003610,방림,3700,-60,185074,,,,
20250321,003620,KG모빌리티,4052,-123,309689,,,,
20250321,003650,미창석유,101500,1600,1394,,,,
20250321,003670,포스코퓨처엠,133474,-5622,505490,,,,
20250321,003680,한성기업,4835,-50,18559,,,,
20250321,003690,코리안리,8110,10,147324,,,,
20250321,003720,삼영,4015,-40,180797,,,,
20250321,003780,진양산업,7420,0,268666,,,,
20250321,003830,대한화섬,112500,-500,322,,,,
20250321,003850,보령,9400,20,102348,,,,
20250321,003920,남양유업,71900,900,16745,,,,
20250321,003925,남양유업우,37150,250,8354,,,,
20250321,003960,사조대림,40800,-400,21571,,,,
20250321,004000,롯데정밀화학,41000,-150,40645,,,,
20250321,004020,현대제철,28800,-500,678029,,,,
20250321,004060,SG세계물산,3150,-40,27037,,,,
20250321,004080,신흥,14620,-60,564,,,,
20250321,004090,한국석유,12830,30,112069,,,,
20250321,004100,태양금속,2610,-80,408042,,,,
20250321,004105,태양금속우,4240,-110,21443,,,,
20250321,004140,동방,2220,-45,314205,,,,
20250321,004150,한솔홀딩스,2510,40,14885,,,,
20250321,004170,신세계,146700,-1400,113197,,,,
20250321,004250,NPC,3925,-40,35220,,,,
20250321,004255,NPC우,2420,15,323,,,,
20250321,004270,남성,8586,-127,5881,,,,
20250321,004310,현대약품,3230,0,63065,,,,
20250321,004360,세방,11650,-40,12470,,,,
20250321,004365,세방우,7650,0,1562,,,,
20250321,004370,농심,428000,1500,43196,,,,
20250321,004380,삼익THK,14840,653,3379549,,,,
20250321,004410,서울식품,1400,-10,71163,,,,
20250321,004415,서울식품우,12030,-20,582,,,,
20250321,004430,송원산업,13070,200,98849,,,,
20250321,004440,삼일씨엔에스,4100,0,24501,,,,
20250321,004450,삼화왕관,30750,-100,732,,,,
20250321,004490,세방전지,68700,-300,43181,,,,
20250321,004540,깨끗한나라,2280,5,104416,,,,
20250321,004545,깨끗한나라우,11900,10,107,,,,
20250321,004560,현대비앤지스틸,12860,-70,58986,,,,
20250321,004690,삼천리,89300,-300,12776,,,,
20250321,004700,조광피혁,52200,400,769,,,,
20250321,004710,한솔테크닉스,4152,-20,166526,,,,
20250321,004720,팜젠사이언스,4090,-45,19807,,,,
20250321,004770,써니전자,2180,10,461505,,,,
20250321,004800,효성,47900,-750,37761,,,,
20250321,004830,덕성,7750,540,2166412,,,,
20250321,004835,덕성우,11400,600,21428,,,,
20250321,004840,DRB동일,4140,15,9960,,,,
20250321,004870,티웨이홀딩스,3315,-10,94567,,,,
20250321,004890,동일산업,40100,-150,1453,,,,
20250321,004910,조광페인트,5750,-120,43540,,,,
20250321,004920,씨아이테크,1030,-17,67359,,,,
20250321,004960,한신공영,6280,-10,10613,,,,
20250321,004970,신라교역,8770,0,9163,,,,
20250321,004980,성신양회,7220,-10,24670,,,,
20250321,004985,성신양회우,10740,-230,2159,,,,
20250321,004990,롯데지주,23250,150,77217,,,,
20250321,00499K,롯데지주우,27000,600,4543,,,,
20250321,005010,휴스틸,6000,-50,3533501,,,,
20250321,005030,부산주공,486,0,0,,,,
20250321,005070,코스모신소재,48050,-1200,380422,,,,
20250321,005090,SGC에너지,22700,-250,65845,,,,
20250321,005110,한창,1254,0,0,,,,
20250321,005180,빙그레,98200,3700,97104,,,,
20250321,005250,녹십자홀딩스,13730,-220,100991,,,,
20250321,005257,녹십자홀딩스2우,21200,300,401,,,,
20250321,005300,롯데칠성,111900,700,61933,,,,
20250321,005305,롯데칠성우,65900,0,544,,,,
20250321,005320,온타이드,892,4,24522,,,,
20250321,005360,모나미,2005,5,32588,,,,
20250321,005380,현대차,205000,2500,552626,,,,
20250321,005385,현대차우,150400,-900,92770,,,,
20250321,005387,현대차2우B,153500,-600,200182,,,,
20250321,005389,현대차3우B,150300,-400,9983,,,,
20250321,005420,코스모화학,18290,-610,137071,,,,
20250321,005430,한국공항,50700,100,11018,,,,
20250321,005440,현대지에프홀딩스,5330,40,134407,,,,
20250321,005490,POSCO홀딩스,326000,-6000,665836,,,,
20250321,005500,삼진제약,17690,-110,8611,,,,
20250321,005610,삼립,53200,-200,21695,,,,
20250321,005680,삼영전자,9920,-30,7557,,,,
20250321,005690,파미셀,11430,-190,650830,,,,
20250321,005720,넥센,4515,0,34358,,,,
20250321,005725,넥센우,3170,0,99,,,,
20250321,005740,크라운해태홀딩스,5390,-60,22699,,,,
20250321,005745,크라운해태홀딩스우,7680,0,122,,,,
20250321,005750,대림바스,3970,-5,17904,,,,
20250321,005800,신영와코루,10200,-30,9568,,,,
20250321,005810,풍산홀딩스,28750,150,27334,,,,
20250321,005820,원림,13960,20,570,,,,
20250321,005830,DB손해보험,97700,200,397262,,,,
20250321,005850,에스엘,38000,1550,209696,,,,
20250321,005870,휴니드,8340,-130,190060,,,,
20250321,005880,대한해운,1668,-16,1542838,,,,
20250321,005930,삼성전자,61700,1500,40155612,,,,
20250321,005935,삼성전자우,50700,700,3136831,,,,
20250321,005940,NH투자증권,14850,-190,788119,,,,
20250321,005945,NH투자증권우,13290,-10,78010,,,,
20250321,005950,이수화학,6170,-70,78173,,,,
20250321,005960,동부건설,3525,-55,11385,,,,
20250321,005965,동부건설우,18340,0,287,,,,
20250321,006040,동원산업,38000,200,21260,,,,
20250321,006060,화승인더,5140,10,131677,,,,
20250321,006090,사조오양,8420,-70,3868,,,,
20250321,006110,삼아알미늄,28600,-750,41413,,,,
20250321,006120,SK디스커버리,41000,850,38292,,,,
20250321,006125,SK디스커버리우,33900,50,6374,,,,
20250321,006200,한국전자홀딩스,3525,-10,3229,,,,
20250321,006220,제주은행,7800,50,52706,,,,
20250321,006260,LS,116500,-6800,309818,,,,
20250321,006280,녹십자,132000,-1500,37400,,,,
20250321,006340,대원전선,2905,-55,807738,,,,
20250321,006345,대원전선우,3750,-130,21775,,,,
20250321,006360,GS건설,17580,90,429114,,,,
20250321,006370,대구백화점,8000,80,60287,,,,
20250321,006380,카프로,3660,0,0,,,,
20250321,006400,삼성SDI,196296,-1958,724664,,,,
20250321,006405,삼성SDI우,115653,-5205,28036,,,,
20250321,006490,프리티,6695,-175,223407,,,,
20250321,006570,대림통상,2340,20,3032,,,,
20250321,006650,대한유화,99000,-200,18197,,,,
20250321,006660,삼성공조,17170,-980,746843,,,,
20250321,006740,블루산업개발,2301,-14,50725,,,,
20250321,006800,미래에셋증권,9747,50,827550,,,,
20250321,006805,미래에셋증권우,4730,5,52297,,,,
20250321,00680K,미래에셋증권2우B,4158,-14,502461,,,,
20250321,006840,AK홀딩스,10350,-140,3674,,,,
20250321,006880,신송홀딩스,6950,-70,94130,,,,
20250321,006890,태경케미컬,11750,-40,15117,,,,
20250321,006980,우성,14320,-160,2617,,,,
20250321,007070,GS리테일,15140,490,308305,,,,
20250321,007110,일신석재,1958,-7,890228,,,,
20250321,007120,미래아이앤지,779,-8,50189,,,,
20250321,007160,사조산업,33950,-250,6334,,,,
20250321,007210,벽산,2150,-40,269253,,,,
20250321,007280,한국특강,3468,-24,37828,,,,
20250321,007310,오뚜기,426500,3000,9481,,,,
20250321,007340,DN오토모티브,21450,100,47964,,,,
20250321,007460,에이프로젠,756,-21,1554977,,,,
20250321,007540,샘표,41950,-350,1143,,,,
20250321,007570,일양약품,12015,-291,53448,,,,
20250321,007575,일양약품우,14084,376,1603,,,,
20250321,007590,동방아그로,6020,-20,4507,,,,
20250321,007610,선도전기,3000,0,0,,,,
20250321,007660,이수페타시스,39800,-300,1089732,,,,
20250321,007690,국도화학,29750,-800,11114,,,,
20250321,007700,F&F홀딩스,12500,-80,4415,,,,
20250321,007810,코리아써키트,12430,180,515273,,,,
20250321,007815,코리아써우,5970,50,3443,,,,
20250321,00781K,코리아써키트2우B,5400,-100,1528,,,,
20250321,007860,서연,8220,-10,447347,,,,
20250321,007980,TP,1353,-11,126252,,,,
20250321,008040,사조동아원,1039,0,366218,,,,
20250321,008060,대덕,7100,-40,248048,,,,
20250321,00806K,대덕1우,7300,-30,400,,,,
20250321,008250,이건산업,4950,-50,46577,,,,
20250321,008260,NI스틸,3440,-35,89033,,,,
20250321,008350,남선알미늄,1397,9,391729,,,,
20250321,008355,남선알미우,14500,150,639,,,,
20250321,008420,문배철강,2525,-100,245582,,,,
20250321,008490,서흥,15230,360,21294,,,,
20250321,008600,윌비스,4829,-2069,449896,,,,
20250321,008700,아남전자,1548,14,317585,,,,
20250321,008730,율촌화학,28750,200,51112,,,,
20250321,008770,호텔신라,40150,1200,151037,,,,
20250321,008775,호텔신라우,33850,1300,5215,,,,
20250321,008870,금비,55900,-100,1235,,,,
20250321,008930,한미사이언스,28400,200,65695,,,,
20250321,008970,KBI동양철관,2242,2,41755129,,,,
20250321,009070,KCTC,3730,5,106985,,,,
20250321,009140,경인전자,18790,-90,1704,,,,
20250321,009150,삼성전기,138500,-1000,245822,,,,
20250321,009155,삼성전기우,61600,-100,2683,,,,
20250321,009160,SIMPAC,3950,-45,47134,,,,
20250321,009180,한솔로지스틱스,2315,10,64678,,,,
20250321,009190,대양금속,1410,31,209229,,,,
20250321,009200,무림페이퍼,2045,-30,105800,,,,
20250321,009240,한샘,43250,-250,21006,,,,
20250321,009270,신원,1306,-28,542822,,,,
20250321,009290,광동제약,5500,-20,55546,,,,
20250321,009310,참엔지니어링,1465,-25,121013,,,,
20250321,009320,아진전자부품,1007,-3,47854,,,,
20250321,009410,태영건설,3215,-25,12514483,,,,
20250321,009415,태영건설우,7090,10,270077,,,,
20250321,009420,한올바이오파마,28550,-850,1159807,,,,
20250321,009440,KC그린홀딩스,756,0,0,,,,
20250321,009450,경동나비엔,76100,-800,41210,,,,
20250321,009460,한창제지,3445,-35,9816,,,,
20250321,009470,삼화전기,37150,50,72868,,,,
20250321,009540,HD한국조선해양,213500,4000,327180,,,,
20250321,009580,무림P&P,2900,-10,104992,,,,
20250321,009680,모토닉,9220,0,23691,,,,
20250321,009770,삼정펄프,25550,-1050,10586,,,,
20250321,009810,MDS스피어,3195,60,37333,,,,
20250321,009830,한화솔루션,18751,-1151,3536751,,,,
20250321,009835,한화솔루션우,16492,-397,7238,,,,
20250321,009900,명신산업,8860,-70,209554,,,,
20250321,009970,영원무역홀딩스,96700,0,8362,,,,
20250321,010040,한국내화,2175,-40,21335,,,,
20250321,010060,OCI홀딩스,76200,-3400,262584,,,,
20250321,010100,한국무브넥스,4500,-70,231561,,,,
20250321,010120,LS ELECTRIC,39020,-1680,2455185,,,,
20250321,010130,고려아연,848000,1000,101574,,,,
20250321,010140,삼성중공업,14580,40,10733577,,,,
20250321,010400,우진아이엔에스,2810,-50,4102,,,,
20250321,010580,에스엠벡셀,1221,1,40305,,,,
20250321,010640,진양폴리,4910,110,98628,,,,
20250321,010660,화천기계,3030,-25,110603,,,,
20250321,010690,화신,7750,-50,101442,,,,
20250321,010770,평화홀딩스,6070,-280,386744,,,,
20250321,010780,아이에스동서,16780,-300,52933,,,,
20250321,010820,퍼스텍,3610,-55,669085,,,,
20250321,010950,S-Oil,58000,-300,247182,,,,
20250321,010955,S-Oil우,38150,0,3061,,,,
20250321,010960,삼호개발,3075,-5,5741,,,,
20250321,011000,진원생명과학,10350,-175,39130,,,,
20250321,011070,LG이노텍,163200,1600,152670,,,,
20250321,011090,에넥스,2580,0,11189,,,,
20250321,011150,CJ씨푸드,3210,15,294507,,,,
20250321,011155,CJ씨푸드1우,16000,-820,1500,,,,
20250321,011170,롯데케미칼,69300,-900,155979,,,,
20250321,011200,HMM,19840,-210,2008944,,,,
20250321,011210,현대위아,45850,-1200,287303,,,,
20250321,011230,삼화전자,4185,-165,506845,,,,
20250321,011280,태림포장,2035,-20,155320,,,,
20250321,011300,우성머티리얼스,5960,-110,139525,,,,
20250321,011330,유니켐,14160,-280,46969,,,,
20250321,011390,부산산업,69700,-900,6895,,,,
20250321,011420,갤럭시아에스엠,1971,-16,213611,,,,
20250321,011500,한농화성,16580,-810,397556,,,,
20250321,011690,와이투솔루션,2325,25,233498,,,,
20250321,011700,한신기계,3015,35,126203,,,,
20250321,011760,현대코퍼레이션,23300,-450,68285,,,,
20250321,011780,금호석유화학,115700,1400,130100,,,,
20250321,011785,금호석유화학우,52500,-500,3801,,,,
20250321,011790,SKC,113826,-1128,278514,,,,
20250321,011810,STX,3895,-80,178517,,,,
20250321,011930,신성이엔지,12380,-110,40274,,,,
20250321,012030,DB,1379,23,470579,,,,
20250321,012160,영흥,1990,-15,3313,,,,
20250321,012170,아센디오,3210,435,4001704,,,,
20250321,012200,계양전기,1404,-9,51752,,,,
20250321,012205,계양전기우,3267,-10,1239,,,,
20250321,012280,영화금속,801,-33,359311,,,,
20250321,012320,경동인베스트,66500,3200,21827,,,,
20250321,012330,현대모비스,266500,-4000,259174,,,,
20250321,012450,한화에어로스페이스,618395,-92562,1841838,,,,
20250321,012610,경인양행,2970,5,35531,,,,
20250321,012630,HDC,14490,410,147803,,,,
20250321,012690,모나리자,2815,-10,84026,,,,
20250321,012750,에스원,61300,-1100,70457,,,,
20250321,012800,대창,1371,-39,884306,,,,
20250321,013000,세우글로벌,1228,-10,22636,,,,
20250321,013360,일성건설,3075,-225,1100252,,,,
20250321,013520,화승코퍼레이션,1749,-4,69223,,,,
20250321,013570,디와이,3905,-40,44922,,,,
20250321,013580,계룡건설,13320,-20,15710,,,,
20250321,013700,까뮤이앤씨,1199,-16,183110,,,,
20250321,013870,지엠비코리아,3840,55,30833,,,,
20250321,013890,지누스,19140,-250,47034,,,,
20250321,014130,한익스프레스,3350,-55,14440,,,,
20250321,014160,대영포장,1360,-34,1056647,,,,
20250321,014280,금강공업,4005,0,56030,,,,
20250321,014285,금강공업우,6380,-40,113,,,,
20250321,014440,영보화학,4390,-210,163234,,,,
20250321,014530,극동유화,3355,10,33420,,,,
20250321,014580,태경비케이,4415,-40,103309,,,,
20250321,014680,한솔케미칼,133900,-100,86631,,,,
20250321,014710,사조씨푸드,5200,-10,34586,,,,
20250321,014790,HL D&I,2235,-30,85317,,,,
20250321,014820,동원시스템즈,36500,-550,13237,,,,
20250321,014825,동원시스템즈우,18190,-10,314,,,,
20250321,014830,유니드,76800,-2200,44550,,,,
20250321,014910,성문전자,1111,0,29554,,,,
20250321,014915,성문전자우,4520,-90,42,,,,
20250321,014990,인디에프,3500,-45,44032,,,,
20250321,015020,이스타코,2680,-200,655599,,,,
20250321,015230,대창단조,5160,30,32478,,,,
20250321,015260,에이엔피,480,-5,36568,,,,
20250321,015360,INVENI,9320,20,30375,,,,
20250321,015590,DKME,2575,0,0,,,,
20250321,015760,한국전력,22100,100,1704881,,,,
20250321,015860,일진홀딩스,3630,-20,26175,,,,
20250321,015890,태경산업,4825,-55,58867,,,,
20250321,016090,대현,2080,-15,57478,,,,
20250321,016360,삼성증권,46450,200,425283,,,,
20250321,016380,KG스틸,6530,-210,201981,,,,
20250321,016450,한세예스24홀딩스,4080,-10,26550,,,,
20250321,016580,환인제약,11480,-60,12607,,,,
20250321,016590,신대양제지,6850,-300,52308,,,,
20250321,016610,DB증권,5900,-30,152438,,,,
20250321,016710,대성홀딩스,7030,-20,5195,,,,
20250321,016740,두올,3090,-35,37891,,,,
20250321,016800,퍼시스,42600,-150,168,,,,
20250321,016880,웅진,864,7,126228,,,,
20250321,017040,광명전기,1379,-35,187921,,,,
20250321,017180,명문제약,1599,-15,41673,,,,
20250321,017370,우신시스템,6130,-40,46788,,,,
20250321,017390,서울가스,49050,50,2480,,,,
20250321,017550,수산세보틱스,1875,-50,144581,,,,
20250321,017670,SK텔레콤,56300,0,447711,,,,
20250321,017800,현대엘리베이터,54400,200,131881,,,,
20250321,017810,풀무원,16450,-60,85952,,,,
20250321,017860,DS단석,24758,-297,263827,,,,
20250321,017900,광전자,1734,-9,30562,,,,
20250321,017940,E1,62500,-900,10638,,,,
20250321,017960,한국카본,14950,130,686891,,,,
20250321,018250,애경산업,14160,-350,118483,,,,
20250321,018260,삼성에스디에스,121200,-1300,205785,,,,
20250321,018470,조일알미늄,1610,-6,420531,,,,
20250321,018500,동원모빌리티,1596,-90,883995,,,,
20250321,018670,SK가스,261500,2500,14046,,,,
20250321,018880,한온시스템,3713,37,1097504,,,,
20250321,019170,신풍제약,8000,-20,209970,,,,
20250321,019175,신풍제약우,12360,-30,1335,,,,
20250321,019180,티에이치엔,3110,-10,47275,,,,
20250321,019490,엑시큐어하이트론,750,-73,4291068,,,,
20250321,019680,대교,2135,0,20159,,,,
20250321,019685,대교우B,1271,0,19680,,,,
20250321,020000,한섬,15800,30,47647,,,,
20250321,020120,키다리스튜디오,3315,-35,59759,,,,
20250321,020150,롯데에너지머티리얼즈,25950,-500,342189,,,,
20250321,020560,아시아나항공,10610,340,108935,,,,
20250321,020760,일진디스플,817,-5,23251,,,,
20250321,021050,서원,1258,-17,147239,,,,
20250321,021240,코웨이,87200,200,404140,,,,
20250321,021820,세원정공,7840,-50,7575,,,,
20250321,022100,포스코DX,27600,200,2534968,,,,
20250321,023000,삼원강재,2350,15,26405,,,,
20250321,023150,MH에탄올,5070,-20,3621,,,,
20250321,023350,한국종합기술,5080,-50,60920,,,,
20250321,023450,동남합성,34100,-150,945,,,,
20250321,023530,롯데쇼핑,65400,800,86262,,,,
20250321,023590,다우기술,21600,-200,50882,,,,
20250321,023800,인지컨트롤스,5890,-20,46815,,,,
20250321,023810,인팩,5720,0,6588,,,,
20250321,023960,에쓰씨엔지니어링,1281,1,70124,,,,
20250321,024070,WISCOM,1879,-38,4326,,,,
20250321,024090,디씨엠,11670,10,1760,,,,
20250321,024110,기업은행,15710,-70,2294212,,,,
20250321,024720,콜마홀딩스,9210,-290,394497,,,,
20250321,024890,대원화성,4735,-25,8822,,,,
20250321,024900,디와이덕양,2885,15,67922,,,,
20250321,025000,KPX케미칼,41646,-47,1983,,,,
20250321,025530,SJM홀딩스,3155,10,4976,,,,
20250321,025540,한국단자,69300,-1100,53843,,,,
20250321,025560,미래산업,2792,-14,99720,,,,
20250321,025620,차AI헬스케어,3400,-40,8647,,,,
20250321,025750,한솔홈데코,4190,80,47162,,,,
20250321,025820,이구산업,4800,-170,785109,,,,
20250321,025860,남해화학,6330,-70,161638,,,,
20250321,025890,한국주강,1734,-13,12197,,,,
20250321,026890,스틱인베스트먼트,7790,350,897389,,,,
20250321,026940,부국철강,2485,-20,71955,,,,
20250321,026960,동서,26700,-300,70066,,,,
20250321,027410,BGF,3460,15,40856,,,,
20250321,027740,마니커,1772,6,54503,,,,
20250321,027970,한국제지,4010,5,4383,,,,
20250321,028050,삼성E&A,20500,250,1430652,,,,
20250321,028100,동아지질,13160,20,20576,,,,
20250321,028260,삼성물산,124900,800,382337,,,,
20250321,02826K,삼성물산우B,90600,1400,2816,,,,
20250321,028670,팬오션,3585,65,1604503,,,,
20250321,029460,케이씨,18360,-210,28126,,,,
20250321,029530,신도리코,38400,100,3029,,,,
20250321,029780,삼성카드,43250,-1000,124822,,,,
20250321,030000,제일기획,18030,30,319657,,,,
20250321,030190,NICE평가정보,12380,230,70459,,,,
20250321,030200,KT,49750,-950,299550,,,,
20250321,030210,다올투자증권,3075,205,290611,,,,
20250321,030610,교보증권,6440,-90,217106,,,,
20250321,030720,동원수산,4985,-10,5016,,,,
20250321,031210,서울보증보험,34150,-450,1145383,,,,
20250321,031430,신세계인터내셔날,10400,190,285010,,,,
20250321,031820,아이티센씨티에스,5960,10,15427,,,,
20250321,032350,롯데관광개발,8080,310,546239,,,,
20250321,032560,황금에스티,5120,-50,6019,,,,
20250321,032640,LG유플러스,10750,-70,1425804,,,,
20250321,032830,삼성생명,86200,500,346615,,,,
20250321,033240,자화전자,13340,-30,73687,,,,
20250321,033250,체시스,5500,-165,72157,,,,
20250321,033270,유나이티드제약,19740,300,36945,,,,
20250321,033530,SJG세종,4230,5,23894,,,,
20250321,033780,KT&G,100600,-1500,323131,,,,
20250321,033920,무학,6760,-60,26639,,,,
20250321,034020,두산에너빌리티,27000,1500,16078140,,,,
20250321,034120,SBS,19280,-210,107808,,,,
20250321,034220,LG디스플레이,9360,130,1451834,,,,
20250321,034230,파라다이스,10790,240,1058520,,,,
20250321,034310,NICE,11480,-70,16513,,,,
20250321,034590,인천도시가스,24500,-200,1577,,,,
20250321,034730,SK,138900,300,140952,,,,
20250321,03473K,SK우,123500,-500,828,,,,
20250321,034830,한국토지신탁,992,-8,819693,,,,
20250321,035000,HS애드,6640,0,22868,,,,
20250321,035150,백산,15080,240,66316,,,,
20250321,035250,강원랜드,16940,-50,469069,,,,
20250321,035420,NAVER,209500,1500,685909,,,,
20250321,035510,신세계 I&C,12290,140,122450,,,,
20250321,035720,카카오,43600,950,1900729,,,,
20250321,036420,콘텐트리중앙,8600,280,59455,,,,
20250321,036460,한국가스공사,37550,1150,913902,,,,
20250321,036530,SNT홀딩스,32150,350,60403,,,,
20250321,036570,NC,163300,600,69573,,,,
20250321,036580,팜스코,2130,-30,33611,,,,
20250321,037270,YG PLUS,4950,0,1090242,,,,
20250321,037560,LG헬로비전,2355,10,158672,,,,
20250321,037710,광주신세계,29550,0,48057,,,,
20250321,039130,하나투어,54000,300,43270,,,,
20250321,039490,키움증권,132400,3000,182033,,,,
20250321,039570,HDC랩스,8370,-100,13235,,,,
20250321,041650,상신브레이크,2955,0,29074,,,,
20250321,042660,한화오션,73100,-1700,6577804,,,,
20250321,042700,한미반도체,90300,-100,1003828,,,,
20250321,044380,주연테크,1635,-25,17857,,,,
20250321,044450,KSS해운,8560,-30,29240,,,,
20250321,044820,코스맥스비티아이,10190,140,6324,,,,
20250321,047040,대우건설,3250,-70,4133209,,,,
20250321,047050,포스코인터내셔널,59000,3200,2003402,,,,
20250321,047400,유니온머티리얼,1984,-21,215157,,,,
20250321,047810,한국항공우주,84700,-1200,2153709,,,,
20250321,049800,우진플라임,2035,20,4236,,,,
20250321,051600,한전KPS,43150,600,97588,,,,
20250321,051630,진양화학,3550,-30,182282,,,,
20250321,051900,LG생활건강,326500,2000,51106,,,,
20250321,051905,LG생활건강우,128200,2700,6421,,,,
20250321,051910,LG화학,261500,4500,625338,,,,
20250321,051915,LG화학우,124900,3500,74696,,,,
20250321,052690,한전기술,61300,300,121140,,,,
20250321,053210,스카이라이프,4560,15,14275,,,,
20250321,053690,한미글로벌,16130,-270,74819,,,,
20250321,055490,테이팩스,13990,-70,5722,,,,
20250321,055550,신한지주,47800,250,1752832,,,,
20250321,058430,포스코스틸리온,4570,-180,1902800,,,,
20250321,058650,세아홀딩스,94500,300,26,,,,
20250321,058730,다스코,2900,5,86209,,,,
20250321,058850,KTcs,2625,-10,112655,,,,
20250321,058860,KTis,2550,5,45527,,,,
20250321,060980,HL홀딩스,38250,600,14794,,,,
20250321,062040,산일전기,60100,-1900,430449,,,,
20250321,063160,종근당바이오,20600,50,7292,,,,
20250321,064350,현대로템,111500,3000,2431663,,,,
20250321,064400,LG씨엔에스,52200,-200,265520,,,,
20250321,064960,SNT모티브,24850,-1050,40327,,,,
20250321,066570,LG전자,83400,600,638764,,,,
20250321,066575,LG전자우,39950,500,30069,,,,
20250321,066970,엘앤에프,71300,-1900,536140,,,,
20250321,067830,세이브존I&C,2220,-45,82162,,,,
20250321,068270,셀트리온,171408,367,629864,,,,
20250321,068290,삼성출판사,14950,-70,13896,,,,
20250321,069260,TKG휴켐스,15900,-220,81546,,,,
20250321,069460,대호에이엘,7865,255,410413,,,,
20250321,069620,대웅제약,118300,-100,39034,,,,
20250321,069640,한세엠케이,2028,-2,1493,,,,
20250321,069730,DSR제강,3455,-60,33384,,,,
20250321,069960,현대백화점,58100,1200,74755,,,,
20250321,070960,모나용평,3900,25,64016,,,,
20250321,071050,한국금융지주,76300,-300,172318,,,,
20250321,071055,한국금융지주우,56400,-400,46945,,,,
20250321,071090,하이스틸,4600,395,13156200,,,,
20250321,071320,지역난방공사,50400,200,10066,,,,
20250321,071840,롯데하이마트,7300,-100,26979,,,,
20250321,071950,코아스,9500,-170,8754,,,,
20250321,071970,HD현대마린엔진,28750,1300,652097,,,,
20250321,072130,유엔젤,5790,150,175356,,,,
20250321,072710,농심홀딩스,66800,-400,3069,,,,
20250321,073240,금호타이어,4950,60,358406,,,,
20250321,074610,이엔플러스,6020,-1430,307431,,,,
20250321,075180,새론오토모티브,3215,-130,57168,,,,
20250321,075580,세진중공업,7460,-100,477899,,,,
20250321,077500,유니퀘스트,6040,-90,229220,,,,
20250321,077970,STX엔진,25350,850,426181,,,,
20250321,078000,텔코웨어,8800,-190,9962,,,,
20250321,078520,에이블씨엔씨,6880,-70,201295,,,,
20250321,078930,GS,37450,300,595950,,,,
20250321,078935,GS우,36400,50,17278,,,,
20250321,079160,CJ CGV,4820,-5,245053,,,,
20250321,079430,현대리바트,7230,10,16444,,,,
20250321,079550,LIG디펜스앤에어로스페이스,269000,-1500,243990,,,,
20250321,079900,전진건설로봇,50100,-1400,203741,,,,
20250321,079980,휴비스,2720,-10,116531,,,,
20250321,081000,일진다이아,11560,-150,10106,,,,
20250321,081660,미스토홀딩스,39400,-100,163490,,,,
20250321,082640,동양생명,5180,-30,157000,,,,
20250321,082740,한화엔진,24450,250,4469586,,,,
20250321,083420,그린케미칼,6080,-150,104815,,,,
20250321,084010,대한제강,10802,113,48827,,,,
20250321,084670,동양고속,7080,-40,1521,,,,
20250321,084680,이월드,1287,-21,166359,,,,
20250321,084690,대상홀딩스,11360,-10,364452,,,,
20250321,084695,대상홀딩스우,21700,0,14430,,,,
20250321,084870,TBH글로벌,1126,-7,16626,,,,
20250321,085310,엔케이,8500,-100,15615,,,,
20250321,085620,미래에셋생명,4495,-15,12653,,,,
20250321,086280,현대글로비스,124600,3900,291946,,,,
20250321,086790,하나금융지주,62200,0,1068725,,,,
20250321,088260,이리츠코크렙,4320,30,35399,,,,
20250321,088350,한화생명,2600,-75,1426440,,,,
20250321,088790,진도,1805,-2,9440,,,,
20250321,088980,맥쿼리인프라,11000,10,601498,,,,
20250321,089470,HDC현대EP,3650,-5,17596,,,,
20250321,089590,제주항공,7050,0,139470,,,,
20250321,089860,롯데렌탈,29650,0,57704,,,,
20250321,090080,평화산업,1118,-21,436711,,,,
20250321,090350,노루페인트,7760,-10,32962,,,,
20250321,090355,노루페인트우,12700,-90,58,,,,
20250321,090370,메타랩스,1438,22,18755,,,,
20250321,090430,아모레퍼시픽,108900,-800,391161,,,,
20250321,090435,아모레퍼시픽우,34750,200,37851,,,,
20250321,090460,비에이치,14960,-100,133383,,,,
20250321,091810,트리니티항공,2195,-10,830215,,,,
20250321,092200,디아이씨,4475,120,1055562,,,,
20250321,092220,KEC,4000,-45,80934,,,,
20250321,092230,KPX홀딩스,56400,500,2191,,,,
20250321,092440,기신정기,2375,-10,23636,,,,
20250321,092780,DYP,4565,-25,8358,,,,
20250321,092790,넥스틸,16150,-580,2406063,,,,
20250321,093050,LF,15500,40,36469,,,,
20250321,093240,형지엘리트,1658,-161,1962771,,,,
20250321,093370,후성,5080,-20,553144,,,,
20250321,094280,효성ITX,11820,-40,3462,,,,
20250321,094800,맵스리얼티,4250,-25,27317,,,,
20250321,095570,AJ네트웍스,3830,0,74267,,,,
20250321,095720,웅진씽크빅,3038,-42,19232,,,,
20250321,096760,JW홀딩스,3015,0,23043,,,,
20250321,096770,SK이노베이션,123400,-1800,353512,,,,
20250321,096775,SK이노베이션우,76900,-500,4347,,,,
20250321,097230,HJ중공업,7200,-40,1829562,,,,
20250321,097520,엠씨넥스,24250,-400,49384,,,,
20250321,097950,CJ제일제당,268500,3000,93748,,,,
20250321,097955,CJ제일제당 우,137100,-400,6805,,,,
20250321,100090,SK오션플랜트,14240,-380,259982,,,,
20250321,100220,비상교육,4650,-45,53408,,,,
20250321,100250,진양홀딩스,2901,-14,24368,,,,
20250321,100840,SNT에너지,31400,50,223871,,,,
20250321,101140,인바이오젠,7320,170,48030,,,,
20250321,101530,해태제과식품,6450,-40,48262,,,,
20250321,102260,동성케미컬,3760,-20,25087,,,,
20250321,102460,이연제약,11900,210,19151,,,,
20250321,103140,풍산,65100,-2200,416052,,,,
20250321,103590,일진전기,27600,-1000,503525,,,,
20250321,104700,한국철강,8060,-90,74180,,,,
20250321,105560,KB금융,81300,-1000,2609924,,,,
20250321,105630,한세실업,12070,-40,49967,,,,
20250321,105840,우진,7460,60,104239,,,,
20250321,107590,미원홀딩스,72800,-600,112,,,,
20250321,108320,LX세미콘,58600,400,37489,,,,
20250321,108670,LX하우시스,30000,-700,24745,,,,
20250321,108675,LX하우시스우,18050,-40,1104,,,,
20250321,109070,주성코퍼레이션,1185,0,0,,,,
20250321,111110,호전실업,8020,120,22150,,,,
20250321,111380,동인기연,15450,-100,14879,,,,
20250321,111770,영원무역,52700,-100,174938,,,,
20250321,112610,씨에스윈드,37300,-300,153347,,,,
20250321,114090,GKL,10740,40,125412,,,,
20250321,117580,대성에너지,7830,-20,59528,,,,
20250321,118000,메타케어,3170,-10,115867,,,,
20250321,119650,KC코트렐,918,0,0,,,,
20250321,120030,조선선재,99300,400,2503,,,,
20250321,120110,코오롱인더,31200,-250,94378,,,,
20250321,120115,코오롱인더우,19440,-60,2363,,,,
20250321,122900,아이마켓코리아,7880,10,29401,,,,
20250321,123690,한국화장품,6830,170,122222,,,,
20250321,123700,SJM,2985,20,24884,,,,
20250321,123890,한국자산신탁,2480,-5,138938,,,,
20250321,126560,현대퓨처넷,3040,-100,299714,,,,
20250321,126720,수산인더스트리,20250,200,51983,,,,
20250321,128820,대성산업,3489,10,207818,,,,
20250321,128940,한미약품,241500,-500,41943,,,,
20250321,129260,인터지스,2395,-60,107744,,,,
20250321,130660,한전산업,10660,370,263140,,,,
20250321,133820,화인베스틸,1004,-25,94474,,,,
20250321,134380,미원화학,7990,0,2910,,,,
20250321,134790,시디즈,24750,-200,443,,,,
20250321,136490,선진,5750,30,32740,,,,
20250321,137310,에스디바이오센서,9600,-450,587094,,,,
20250321,138040,메리츠금융지주,117400,-2800,340281,,,,
20250321,138930,BNK금융지주,10830,-170,1864098,,,,
20250321,139130,iM금융지주,9010,-110,524854,,,,
20250321,139480,이마트,83700,4800,381304,,,,
20250321,139990,아주스틸,4200,5,25512,,,,
20250321,143210,핸즈코퍼레이션,1797,-17,9119,,,,
20250321,145210,다이나믹디자인,11260,0,101,,,,
20250321,145270,케이탑리츠,979,-4,49492,,,,
20250321,145720,덴티움,61100,-500,15976,,,,
20250321,145990,삼양사,46150,-450,15266,,,,
20250321,145995,삼양사우,30000,450,608,,,,
20250321,155660,DSR,3790,-90,38111,,,,
20250321,161000,애경케미칼,7100,-190,213281,,,,
20250321,161390,한국타이어앤테크놀로지,41700,300,469518,,,,
20250321,161890,한국콜마,66100,300,153885,,,,
20250321,163560,동일고무벨트,7400,-50,44182,,,,
20250321,170900,동아에스티,44348,238,13062,,,,
20250321,175330,JB금융지주,17820,440,638158,,,,
20250321,178920,PI첨단소재,18000,-230,138979,,,,
20250321,180640,한진칼,80700,-3100,50532,,,,
20250321,18064K,한진칼우,23300,-150,715,,,,
20250321,181710,NHN,18390,0,56651,,,,
20250321,183190,아세아시멘트,10200,-10,33013,,,,
20250321,185750,종근당,80200,-500,23792,,,,
20250321,192080,더블유게임즈,50500,-500,25533,,,,
20250321,192400,쿠쿠홀딩스,22100,0,6715,,,,
20250321,192650,드림텍,7070,30,132558,,,,
20250321,192820,코스맥스,180500,-100,85410,,,,
20250321,194370,제이에스코퍼레이션,8770,55,143334,,,,
20250321,195870,해성디에스,30050,200,139455,,,,
20250321,200880,서연이화,12780,-190,132884,,,,
20250321,204320,HL만도,40300,-700,198436,,,,
20250321,207940,삼성바이오로직스,1611560,33850,60732,,,,
20250321,210540,디와이파워,11900,-80,23431,,,,
20250321,210980,SK디앤디,9020,-110,80620,,,,
20250321,213500,한솔제지,8610,-50,64211,,,,
20250321,214320,이노션,18630,-120,414161,,,,
20250321,214330,금호에이치티,15450,82,7849,,,,
20250321,214390,경보제약,5620,-120,49840,,,,
20250321,214420,토니모리,9100,60,2320086,,,,
20250321,226320,잇츠한불,11070,-110,16150,,,,
20250321,227840,현대코퍼레이션홀딩스,10400,-10,8182,,,,
20250321,229640,LS에코에너지,35050,0,103954,,,,
20250321,234080,JW생명과학,11350,50,26927,,,,
20250321,241560,두산밥캣,51700,1700,359454,,,,
20250321,241590,화승엔터프라이즈,8800,80,230442,,,,
20250321,244920,에이플러스에셋,3990,-35,38404,,,,
20250321,248070,솔루엠,17730,-20,117387,,,,
20250321,248170,샘표식품,26000,-400,8658,,,,
20250321,249420,일동제약,11020,-70,57854,,,,
20250321,251270,넷마블,40900,900,270498,,,,
20250321,259960,크래프톤,325000,-3500,180468,,,,
20250321,264900,크라운제과,8200,20,18068,,,,
20250321,26490K,크라운제과우,9320,20,164,,,,
20250321,267250,HD현대,76200,800,232135,,,,
20250321,267260,HD현대일렉트릭,329500,-21000,295290,,,,
20250321,267270,HD건설기계,70300,100,109825,,,,
20250321,267290,경동도시가스,17500,-30,4976,,,,
20250321,267850,아시아나IDT,11270,20,8022,,,,
20250321,268280,미원에스씨,149700,-400,245,,,,
20250321,271560,오리온,121900,2500,235440,,,,
20250321,271940,일진하이솔루스,14370,-10,87750,,,,
20250321,271980,제일약품,11440,-260,114103,,,,
20250321,272210,한화시스템,36400,-2400,9912453,,,,
20250321,272450,진에어,9560,10,88801,,,,
20250321,272550,삼양패키징,14230,70,7629,,,,
20250321,278470,에이피알,67800,-900,363482,,,,
20250321,280360,롯데웰푸드,123400,-400,17951,,,,
20250321,281820,케이씨텍,36750,-1100,90857,,,,
20250321,282330,BGF리테일,112800,2700,98015,,,,
20250321,284740,쿠쿠홈시스,21350,0,63214,,,,
20250321,285130,SK케미칼,42600,50,36161,,,,
20250321,28513K,SK케미칼우,20150,-50,3090,,,,
20250321,286940,롯데이노베이트,19650,10,24696,,,,
20250321,293480,하나제약,10580,-20,16150,,,,
20250321,293940,신한알파리츠,6030,0,288633,,,,
20250321,294870,IPARK현대산업개발,19380,180,322512,,,,
20250321,298000,효성화학,77800,0,0,,,,
20250321,298020,효성티앤씨,234000,3000,8633,,,,
20250321,298040,효성중공업,451000,-12000,52454,,,,
20250321,298050,HS효성첨단소재,191500,5000,17148,,,,
20250321,298690,에어부산,2160,-10,158451,,,,
20250321,300720,한일시멘트,16940,140,88068,,,,
20250321,302440,SK바이오사이언스,42450,100,139757,,,,
20250321,306200,세아제강,205500,500,51470,,,,
20250321,307950,현대오토에버,131900,300,27324,,,,
20250321,308170,씨티알모빌리티,5500,30,15125,,,,
20250321,316140,우리금융지주,16790,60,2703757,,,,
20250321,317400,자이에스앤디,3200,-25,9329,,,,
20250321,322000,HD현대에너지솔루션,24550,-550,126222,,,,
20250321,323410,카카오뱅크,22950,-100,580105,,,,
20250321,326030,SK바이오팜,104500,600,194573,,,,
20250321,329180,HD현대중공업,299500,-500,237172,,,,
20250321,330590,롯데리츠,3530,-20,444629,,,,
20250321,334890,이지스밸류플러스리츠,4459,29,72642,,,,
20250321,336260,두산퓨얼셀,15400,-480,368541,,,,
20250321,33626K,두산퓨얼셀1우,4550,-10,5130,,,,
20250321,33626L,두산퓨얼셀2우B,7670,40,255,,,,
20250321,336370,솔루스첨단소재,8800,-510,501156,,,,
20250321,33637K,솔루스첨단소재1우,1947,-31,30214,,,,
20250321,33637L,솔루스첨단소재2우B,3880,-30,2350,,,,
20250321,338100,NH프라임리츠,4440,-30,18791,,,,
20250321,339770,교촌에프앤비,5900,-110,62312,,,,
20250321,344820,KCC글라스,31750,-500,36866,,,,
20250321,348950,제이알글로벌리츠,2620,-60,510731,,,,
20250321,350520,이지스레지던스리츠,4120,-10,15495,,,,
20250321,352820,하이브,232000,3000,246272,,,,
20250321,353200,대덕전자,18600,450,678994,,,,
20250321,35320K,대덕전자1우,8100,20,4591,,,,
20250321,357120,코람코라이프인프라리츠,4500,5,83344,,,,
20250321,357250,미래에셋맵스리츠,2670,0,32732,,,,
20250321,357430,마스턴프리미어리츠,1501,-4,33751,,,,
20250321,361610,SK아이이테크놀로지,25400,-1000,167152,,,,
20250321,363280,티와이홀딩스,2275,-210,798117,,,,
20250321,36328K,티와이홀딩스우,3820,-375,50470,,,,
20250321,365550,ESR켄달스퀘어리츠,5011,59,257615,,,,
20250321,372910,한컴라이프케어,3305,-30,209427,,,,
20250321,373220,LG에너지솔루션,329000,-5500,302913,,,,
20250321,375500,DL이앤씨,42050,50,297665,,,,
20250321,37550K,DL이앤씨우,17380,-60,1186,,,,
20250321,37550L,DL이앤씨2우(전환),26200,-200,4388,,,,
20250321,377190,디앤디플랫폼리츠,3300,-15,50609,,,,
20250321,377300,카카오페이,32050,50,201322,,,,
20250321,377740,바이오노트,4850,-50,48391,,,,
20250321,378850,화승알앤에이,3145,5,79914,,,,
20250321,381970,케이카,13330,60,24375,,,,
20250321,383220,F&F,66600,100,51910,,,,
20250321,383800,LX홀딩스,6600,-20,48028,,,,
20250321,38380K,LX홀딩스1우,7740,-230,1138,,,,
20250321,395400,SK리츠,5100,80,259541,,,,
20250321,396690,미래에셋글로벌리츠,2770,0,29130,,,,
20250321,400760,NH올원리츠,3512,-5,48857,,,,
20250321,402340,SK스퀘어,101200,2300,574844,,,,
20250321,403550,쏘카,14860,-260,7927,,,,
20250321,404990,신한서부티엔디리츠,3165,50,72824,,,,
20250321,415640,KB발해인프라,7550,0,6831,,,,
20250321,417310,코람코더원리츠,4950,10,17110,,,,
20250321,432320,KB스타리츠,3855,0,41418,,,,
20250321,443060,HD현대마린솔루션,142700,-600,108936,,,,
20250321,446070,유니드비티플러스,4035,-25,19423,,,,
20250321,448730,삼성FN리츠,4560,-30,58452,,,,
20250321,450080,에코프로머티,68600,-3300,761514,,,,
20250321,451800,한화리츠,3855,45,305884,,,,
20250321,452260,한화갤러리아,1195,-42,1599371,,,,
20250321,45226K,한화갤러리아우,2400,0,5883,,,,
20250321,453340,현대그린푸드,14320,-60,61029,,,,
20250321,454910,두산로보틱스,56300,-3900,717652,,,,
20250321,456040,OCI,58300,-1900,54426,,,,
20250321,457190,이수스페셜티케미컬,50500,-6100,923875,,,,
20250321,460850,동국씨엠,7090,-10,207429,,,,
20250321,460860,동국제강,9720,-30,193988,,,,
20250321,462520,조선내화,14150,-80,13462,,,,
20250321,462870,시프트업,58700,-1500,209046,,,,
20250321,465770,STX그린로지스,8410,-60,73382,,,,
20250321,475150,SK이터닉스,13950,-610,380872,,,,
20250321,475560,더본코리아,29200,100,72900,,,,
20250321,480370,씨케이솔루션,5261,-536,3262355,,,,
20250321,481850,신한글로벌액티브리츠,1538,-10,89379,,,,
20250321,484870,엠앤씨솔루션,28333,1500,592800,,,,
20250321,487570,HS효성,32250,-1450,21762,,,,
20250321,489790,한화비전,53700,-2400,2060926,,,,
20250321,499790,GS피앤엘,18760,-800,110097,,,,
20250321,900140,엘브이엠씨홀딩스,1788,43,609162,,,,
20250321,950210,프레스티지바이오파마,11800,-780,194939,,,,
20250324,000020,동화약품,6120,30,22901,,,,
20250324,000040,KR모터스,1955,5,16724,,,,
20250324,000050,경방,6430,-50,1580,,,,
20250324,000070,삼양홀딩스,41172,-734,20434,,,,
20250324,000080,하이트진로,19770,30,162941,,,,
20250324,000087,하이트진로2우B,15180,-20,1101,,,,
20250324,000100,유한양행,119600,-1600,440251,,,,
20250324,000105,유한양행우,106700,-1600,5251,,,,
20250324,000120,CJ대한통운,87700,300,38986,,,,
20250324,000140,하이트진로홀딩스,8670,10,23844,,,,
20250324,000145,하이트진로홀딩스우,10140,-20,19,,,,
20250324,000150,두산,314000,-4000,68572,,,,
20250324,000155,두산우,145700,-1600,9741,,,,
20250324,000157,두산2우B,134600,-2200,921,,,,
20250324,000180,성창기업지주,6390,-50,4229,,,,
20250324,000210,DL,34350,600,35811,,,,
20250324,000215,DL우,19510,-260,597,,,,
20250324,000220,유유제약,4420,-10,30166,,,,
20250324,000225,유유제약1우,4720,35,10310,,,,
20250324,000227,유유제약2우B,9430,210,64,,,,
20250324,000230,일동홀딩스,6470,170,50602,,,,
20250324,000240,한국앤컴퍼니,16200,90,71070,,,,
20250324,000270,기아,98700,3000,1564435,,,,
20250324,000300,DH오토넥스,4200,0,0,,,,
20250324,000320,노루홀딩스,14170,20,5461,,,,
20250324,000325,노루홀딩스우,28600,0,20,,,,
20250324,000370,한화손해보험,4280,180,475258,,,,
20250324,000390,SP삼화,6330,40,71100,,,,
20250324,000400,롯데손해보험,1801,-11,69312,,,,
20250324,000430,대원강업,3710,75,57198,,,,
20250324,000480,CR홀딩스,5220,-30,11852,,,,
20250324,000490,대동,11010,-140,135028,,,,
20250324,000500,가온전선,27311,361,52891,,,,
20250324,000520,삼일제약,12200,-20,94408,,,,
20250324,000540,흥국화재,3270,40,56581,,,,
20250324,000545,흥국화재우,5200,40,5876,,,,
20250324,000590,CS홀딩스,71300,0,425,,,,
20250324,000640,동아쏘시오홀딩스,95859,292,6042,,,,
20250324,000650,천일고속,38950,650,50,,,,
20250324,000660,SK하이닉스,211500,-4000,1611040,,,,
20250324,000670,영풍,47037,340,62547,,,,
20250324,000680,LS네트웍스,3855,-80,269587,,,,
20250324,000700,유수홀딩스,5490,-10,15791,,,,
20250324,000720,현대건설,33350,-850,320296,,,,
20250324,000725,현대건설우,49200,150,1358,,,,
20250324,000760,이화산업,10300,-20,91,,,,
20250324,000810,삼성화재,391000,500,44919,,,,
20250324,000815,삼성화재우,296500,-500,25879,,,,
20250324,000850,화천기공,27000,-250,5485,,,,
20250324,000860,강남제비스코,11679,-50,5223,,,,
20250324,000880,한화,52100,2221,579211,,,,
20250324,00088K,한화3우B,18123,373,72601,,,,
20250324,000890,보해양조,2510,200,864230,,,,
20250324,000910,유니온,5160,-10,196013,,,,
20250324,000950,전방,19490,230,808,,,,
20250324,000970,한국주철관,6210,-10,16472,,,,
20250324,000990,DB하이텍,47800,-1200,228198,,,,
20250324,001020,페이퍼코리아,3550,10,3343,,,,
20250324,001040,CJ,125800,-2300,139419,,,,
20250324,001045,CJ우,66900,0,5227,,,,
20250324,00104K,CJ4우(전환),95900,-2900,11867,,,,
20250324,001060,JW중외제약,22400,500,137380,,,,
20250324,001065,JW중외제약우,27900,-350,59,,,,
20250324,001067,JW중외제약2우B,60700,-200,0,,,,
20250324,001070,대한방직,5160,-70,10986,,,,
20250324,001080,만호제강,2755,150,16750,,,,
20250324,001120,LX인터내셔널,25800,0,122745,,,,
20250324,001130,대한제분,12870,80,13060,,,,
20250324,001200,유진투자증권,2630,30,491882,,,,
20250324,001210,금호전기,3250,-20,21123,,,,
20250324,001230,동국홀딩스,1694,-13,135142,,,,
20250324,001250,GS글로벌,2960,25,25116206,,,,
20250324,001260,남광토건,7810,-80,13964,,,,
20250324,001270,부국증권,27050,100,1150,,,,
20250324,001275,부국증권우,21850,0,1706,,,,
20250324,001290,상상인증권,420,-3,193121,,,,
20250324,001340,PKC,6720,-120,121197,,,,
20250324,001360,삼성제약,1623,48,1217165,,,,
20250324,001380,SG글로벌,7142,561,2708830,,,,
20250324,001390,KG케미칼,3805,5,95363,,,,
20250324,001420,태원물산,3325,25,1269,,,,
20250324,001430,세아베스틸지주,19820,260,49093,,,,
20250324,001440,대한전선,12490,-20,380602,,,,
20250324,001450,현대해상,23050,100,115823,,,,
20250324,001460,BYC,26650,-250,354,,,,
20250324,001465,BYC우,12500,-100,352,,,,
20250324,001470,삼부토건,414,10,8275447,,,,
20250324,001500,현대차증권,5780,20,137940,,,,
20250324,001510,SK증권,933,3,197738,,,,
20250324,001515,SK증권우,3366,-2,5697,,,,
20250324,001520,동양,1178,-6,114628,,,,
20250324,001525,동양우,8110,-20,213,,,,
20250324,001527,동양2우B,16340,240,522,,,,
20250324,001530,DI동일,42810,-95,61625,,,,
20250324,001550,조비,10350,-70,3743,,,,
20250324,001560,제일연마,8950,230,3783,,,,
20250324,001570,금양,9900,0,0,,,,
20250324,001620,케이비아이동국실업,2465,10,11689,,,,
20250324,001630,종근당홀딩스,43150,-50,3891,,,,
20250324,001680,대상,25150,-350,143030,,,,
20250324,001685,대상우,18010,410,15335,,,,
20250324,001720,신영증권,80700,-100,9308,,,,
20250324,001740,SK네트웍스,4395,0,186988,,,,
20250324,001750,한양증권,12100,-10,19100,,,,
20250324,001755,한양증권우,12710,-90,2612,,,,
20250324,001770,SHD,14990,90,3988,,,,
20250324,001780,알루코,2200,-25,127163,,,,
20250324,001790,대한제당,2825,-115,222077,,,,
20250324,001795,대한제당우,2305,-55,22234,,,,
20250324,001800,오리온홀딩스,15870,80,73456,,,,
20250324,001820,삼화콘덴서,27750,-850,33075,,,,
20250324,001940,KISCO홀딩스,19740,0,5921,,,,
20250324,002020,코오롱,24950,-850,248620,,,,
20250324,002025,코오롱우,14930,-460,7350,,,,
20250324,002030,아세아,267500,-500,1052,,,,
20250324,002070,비비안,15380,20,5806,,,,
20250324,002100,경농,9090,-110,16757,,,,
20250324,002140,고려산업,2720,5,102212,,,,
20250324,002150,도화엔지니어링,6540,-20,14385,,,,
20250324,002170,SYTS,47600,-250,3248,,,,
20250324,002200,한국수출포장,2745,10,28179,,,,
20250324,002210,동성제약,3814,-26,36755,,,,
20250324,002220,한일철강,1864,-1,14389,,,,
20250324,002240,고려제강,17570,60,12027,,,,
20250324,002310,아세아제지,7240,-10,67968,,,,
20250324,002320,한진,19510,-210,10797,,,,
20250324,002350,넥센타이어,5500,60,189075,,,,
20250324,002355,넥센타이어1우B,2825,-25,3809,,,,
20250324,002360,SH에너지화학,4660,70,19276,,,,
20250324,002380,KCC,282000,7500,27728,,,,
20250324,002390,한독,11420,130,14959,,,,
20250324,002410,범양건영,1935,0,0,,,,
20250324,002420,세기상사,5040,90,2879,,,,
20250324,002450,삼익악기,1167,-3,99428,,,,
20250324,002460,HS화성,9560,20,16507,,,,
20250324,002600,조흥,165800,1300,6,,,,
20250324,002620,제일파마홀딩스,7600,0,16488,,,,
20250324,002630,오리엔트바이오,2740,-20,4116679,,,,
20250324,002690,동일제강,1233,6,11598,,,,
20250324,002700,신일전자,1501,2,229143,,,,
20250324,002710,TCC스틸,26400,-700,93045,,,,
20250324,002720,국제약품,4665,20,62570,,,,
20250324,002760,보락,1054,7,114860,,,,
20250324,002780,진흥기업,746,-8,180452,,,,
20250324,002785,진흥기업우B,3140,10,231,,,,
20250324,002787,진흥기업2우B,9700,100,399,,,,
20250324,002790,아모레퍼시픽홀딩스,21450,50,52755,,,,
20250324,002795,아모레퍼시픽홀딩스우,9220,40,4787,,,,
20250324,00279K,아모레퍼시픽홀딩스3우C,18100,0,12613,,,,
20250324,002810,삼영무역,13550,50,14516,,,,
20250324,002820,SUN&L,2760,-10,624,,,,
20250324,002840,미원상사,183500,2500,778,,,,
20250324,002870,신풍,1272,-34,269835,,,,
20250324,002880,디와이에이,911,-12,21783,,,,
20250324,002900,TYM,4645,0,91114,,,,
20250324,002920,유성기업,1832,1,11361,,,,
20250324,002960,한국쉘석유,335500,19000,13264,,,,
20250324,002990,금호건설,2635,-10,26112,,,,
20250324,002995,금호건설우,12050,-250,2266,,,,
20250324,003000,부광약품,4195,-59,95002,,,,
20250324,003010,혜인,4985,25,32464,,,,
20250324,003030,세아제강지주,250000,-7000,11869,,,,
20250324,003060,에이프로젠바이오로직스,804,4,625640,,,,
20250324,003070,코오롱글로벌,8700,-90,15241,,,,
20250324,003075,코오롱글로벌우,15200,10,877,,,,
20250324,003080,SB성보,2460,30,36840,,,,
20250324,003090,대웅,19790,120,17550,,,,
20250324,003120,일성아이에스,15240,10,6820,,,,
20250324,003160,디아이,15090,150,624173,,,,
20250324,003200,일신방직,8120,90,22504,,,,
20250324,003220,대원제약,13930,-40,65760,,,,
20250324,003230,삼양식품,888000,-29000,30522,,,,
20250324,003240,태광산업,709000,-44000,1574,,,,
20250324,003280,흥아해운,1785,158,29178485,,,,
20250324,003300,한일홀딩스,14000,0,73259,,,,
20250324,003350,한국화장품제조,10480,380,533505,,,,
20250324,003460,유화증권,2320,5,37999,,,,
20250324,003465,유화증권우,2315,5,10138,,,,
20250324,003470,유안타증권,2820,-25,268425,,,,
20250324,003475,유안타증권우,3040,-20,80276,,,,
20250324,003480,한진중공업홀딩스,3560,15,31486,,,,
20250324,003490,대한항공,22300,-100,656854,,,,
20250324,003495,대한항공우,21750,-50,836,,,,
20250324,003520,영진약품,1977,-3,101475,,,,
20250324,003530,한화투자증권,3485,35,468569,,,,
20250324,003535,한화투자증권우,5850,-20,7423,,,,
20250324,003540,대신증권,17270,20,335105,,,,
20250324,003545,대신증권우,16110,-10,352526,,,,
20250324,003547,대신증권2우B,15580,-20,119011,,,,
20250324,003550,LG,69700,0,155051,,,,
20250324,003555,LG우,57300,100,11267,,,,
20250324,003570,SNT다이내믹스,33550,-550,74378,,,,
20250324,003580,HLB글로벌,3415,450,1259530,,,,
20250324,003610,방림,3700,0,200028,,,,
20250324,003620,KG모빌리티,4046,-6,132175,,,,
20250324,003650,미창석유,99700,-1800,2060,,,,
20250324,003670,포스코퓨처엠,132311,-1163,164826,,,,
20250324,003680,한성기업,4840,5,10567,,,,
20250324,003690,코리안리,8140,30,192918,,,,
20250324,003720,삼영,4000,-15,122224,,,,
20250324,003780,진양산업,7310,-110,165191,,,,
20250324,003830,대한화섬,112000,-500,195,,,,
20250324,003850,보령,9380,-20,84011,,,,
20250324,003920,남양유업,70800,-1100,7707,,,,
20250324,003925,남양유업우,37050,-100,3678,,,,
20250324,003960,사조대림,40300,-500,16194,,,,
20250324,004000,롯데정밀화학,40850,-150,31803,,,,
20250324,004020,현대제철,29500,700,534425,,,,
20250324,004060,SG세계물산,3210,60,24112,,,,
20250324,004080,신흥,14650,30,3439,,,,
20250324,004090,한국석유,12840,10,65755,,,,
20250324,004100,태양금속,2660,50,328906,,,,
20250324,004105,태양금속우,4350,110,9209,,,,
20250324,004140,동방,2230,10,236175,,,,
20250324,004150,한솔홀딩스,2510,0,15707,,,,
20250324,004170,신세계,146600,-100,20292,,,,
20250324,004250,NPC,3940,15,19858,,,,
20250324,004255,NPC우,2390,-30,465,,,,
20250324,004270,남성,8514,-72,4289,,,,
20250324,004310,현대약품,3235,5,15950,,,,
20250324,004360,세방,11680,30,12093,,,,
20250324,004365,세방우,7670,20,16632,,,,
20250324,004370,농심,421000,-7000,26031,,,,
20250324,004380,삼익THK,14775,-65,355332,,,,
20250324,004410,서울식품,1430,30,246975,,,,
20250324,004415,서울식품우,12080,50,812,,,,
20250324,004430,송원산업,13070,0,68374,,,,
20250324,004440,삼일씨엔에스,4090,-10,22398,,,,
20250324,004450,삼화왕관,30700,-50,558,,,,
20250324,004490,세방전지,69200,500,28432,,,,
20250324,004540,깨끗한나라,2270,-10,112272,,,,
20250324,004545,깨끗한나라우,11710,-190,289,,,,
20250324,004560,현대비앤지스틸,12810,-50,29276,,,,
20250324,004690,삼천리,89900,600,3192,,,,
20250324,004700,조광피혁,51200,-1000,1539,,,,
20250324,004710,한솔테크닉스,4122,-30,46225,,,,
20250324,004720,팜젠사이언스,4085,-5,12777,,,,
20250324,004770,써니전자,2180,0,459627,,,,
20250324,004800,효성,47200,-700,10820,,,,
20250324,004830,덕성,6980,-770,3845820,,,,
20250324,004835,덕성우,10650,-750,74236,,,,
20250324,004840,DRB동일,4095,-45,22355,,,,
20250324,004870,티웨이홀딩스,3306,-9,45814,,,,
20250324,004890,동일산업,40000,-100,454,,,,
20250324,004910,조광페인트,5700,-50,8460,,,,
20250324,004920,씨아이테크,1039,9,84895,,,,
20250324,004960,한신공영,6200,-80,27352,,,,
20250324,004970,신라교역,8790,20,13687,,,,
20250324,004980,성신양회,7220,0,11636,,,,
20250324,004985,성신양회우,10740,0,260,,,,
20250324,004990,롯데지주,23250,0,45158,,,,
20250324,00499K,롯데지주우,27100,100,5650,,,,
20250324,005010,휴스틸,5730,-270,3714604,,,,
20250324,005030,부산주공,486,0,0,,,,
20250324,005070,코스모신소재,47500,-550,184201,,,,
20250324,005090,SGC에너지,22700,0,20561,,,,
20250324,005110,한창,1254,0,0,,,,
20250324,005180,빙그레,97500,-700,37900,,,,
20250324,005250,녹십자홀딩스,13670,-60,26528,,,,
20250324,005257,녹십자홀딩스2우,20750,-450,144,,,,
20250324,005300,롯데칠성,112200,300,13879,,,,
20250324,005305,롯데칠성우,65600,-300,1742,,,,
20250324,005320,온타이드,890,-2,37843,,,,
20250324,005360,모나미,2010,5,32100,,,,
20250324,005380,현대차,213000,8000,1212302,,,,
20250324,005385,현대차우,153300,2900,68386,,,,
20250324,005387,현대차2우B,157200,3700,95559,,,,
20250324,005389,현대차3우B,153500,3200,14683,,,,
20250324,005420,코스모화학,18010,-280,66556,,,,
20250324,005430,한국공항,50500,-200,12473,,,,
20250324,005440,현대지에프홀딩스,5300,-30,77918,,,,
20250324,005490,POSCO홀딩스,308500,-17500,480012,,,,
20250324,005500,삼진제약,17700,10,9199,,,,
20250324,005610,삼립,57500,4300,140590,,,,
20250324,005680,삼영전자,9880,-40,14380,,,,
20250324,005690,파미셀,11570,140,3252270,,,,
20250324,005720,넥센,4640,125,57613,,,,
20250324,005725,넥센우,3130,-40,115,,,,
20250324,005740,크라운해태홀딩스,5410,20,5209,,,,
20250324,005745,크라운해태홀딩스우,7790,110,59,,,,
20250324,005750,대림바스,3970,0,10464,,,,
20250324,005800,신영와코루,10220,20,6162,,,,
20250324,005810,풍산홀딩스,28550,-200,24697,,,,
20250324,005820,원림,13920,-40,1201,,,,
20250324,005830,DB손해보험,98100,400,258476,,,,
20250324,005850,에스엘,38900,900,455362,,,,
20250324,005870,휴니드,10530,2190,11551429,,,,
20250324,005880,대한해운,1705,37,5733923,,,,
20250324,005930,삼성전자,60500,-1200,14088094,,,,
20250324,005935,삼성전자우,49700,-1000,1694274,,,,
20250324,005940,NH투자증권,14770,-80,611056,,,,
20250324,005945,NH투자증권우,13330,40,103646,,,,
20250324,005950,이수화학,6100,-70,38317,,,,
20250324,005960,동부건설,3480,-45,14928,,,,
20250324,005965,동부건설우,18200,-140,93,,,,
20250324,006040,동원산업,37800,-200,11652,,,,
20250324,006060,화승인더,4950,-190,486622,,,,
20250324,006090,사조오양,8260,-160,13087,,,,
20250324,006110,삼아알미늄,28300,-300,26207,,,,
20250324,006120,SK디스커버리,40650,-350,20526,,,,
20250324,006125,SK디스커버리우,33800,-100,6770,,,,
20250324,006200,한국전자홀딩스,3515,-10,6695,,,,
20250324,006220,제주은행,7900,100,59947,,,,
20250324,006260,LS,116300,-200,102408,,,,
20250324,006280,녹십자,132000,0,24960,,,,
20250324,006340,대원전선,2890,-15,387474,,,,
20250324,006345,대원전선우,3760,10,39584,,,,
20250324,006360,GS건설,17440,-140,162567,,,,
20250324,006370,대구백화점,8440,440,78206,,,,
20250324,006380,카프로,3660,0,0,,,,
20250324,006400,삼성SDI,197275,979,286162,,,,
20250324,006405,삼성SDI우,115268,-385,13185,,,,
20250324,006490,프리티,6635,-60,85272,,,,
20250324,006570,대림통상,2305,-35,10262,,,,
20250324,006650,대한유화,95700,-3300,25390,,,,
20250324,006660,삼성공조,16610,-560,513837,,,,
20250324,006740,블루산업개발,2304,3,20750,,,,
20250324,006800,미래에셋증권,9717,-30,384189,,,,
20250324,006805,미래에셋증권우,4706,-24,16296,,,,
20250324,00680K,미래에셋증권2우B,4192,34,367772,,,,
20250324,006840,AK홀딩스,10340,-10,2006,,,,
20250324,006880,신송홀딩스,7010,60,66889,,,,
20250324,006890,태경케미컬,11730,-20,12024,,,,
20250324,006980,우성,14380,60,3476,,,,
20250324,007070,GS리테일,15000,-140,146637,,,,
20250324,007110,일신석재,1951,-7,475631,,,,
20250324,007120,미래아이앤지,781,2,64005,,,,
20250324,007160,사조산업,33800,-150,5639,,,,
20250324,007210,벽산,2155,5,134824,,,,
20250324,007280,한국특강,3482,14,26247,,,,
20250324,007310,오뚜기,415500,-11000,4761,,,,
20250324,007340,DN오토모티브,21900,450,65888,,,,
20250324,007460,에이프로젠,767,11,2158652,,,,
20250324,007540,샘표,42050,100,1279,,,,
20250324,007570,일양약품,11355,-660,176730,,,,
20250324,007575,일양약품우,14107,23,1036,,,,
20250324,007590,동방아그로,6020,0,1430,,,,
20250324,007610,선도전기,3000,0,0,,,,
20250324,007660,이수페타시스,37950,-1850,1102128,,,,
20250324,007690,국도화학,30250,500,6014,,,,
20250324,007700,F&F홀딩스,12330,-170,6917,,,,
20250324,007810,코리아써키트,12720,290,1533716,,,,
20250324,007815,코리아써우,6040,70,16753,,,,
20250324,00781K,코리아써키트2우B,5430,30,685,,,,
20250324,007860,서연,8180,-40,462424,,,,
20250324,007980,TP,1350,-3,94590,,,,
20250324,008040,사조동아원,1062,23,891114,,,,
20250324,008060,대덕,7170,70,112836,,,,
20250324,00806K,대덕1우,7390,90,221,,,,
20250324,008250,이건산업,5090,140,47909,,,,
20250324,008260,NI스틸,3410,-30,68979,,,,
20250324,008350,남선알미늄,1428,31,951482,,,,
20250324,008355,남선알미우,14810,310,1291,,,,
20250324,008420,문배철강,2510,-15,103122,,,,
20250324,008490,서흥,15310,80,37819,,,,
20250324,008600,윌비스,3381,-1448,1186592,,,,
20250324,008700,아남전자,1550,2,3339942,,,,
20250324,008730,율촌화학,29700,950,98519,,,,
20250324,008770,호텔신라,40850,700,158449,,,,
20250324,008775,호텔신라우,34050,200,3371,,,,
20250324,008870,금비,55300,-600,678,,,,
20250324,008930,한미사이언스,28200,-200,26405,,,,
20250324,008970,KBI동양철관,2064,-178,17766622,,,,
20250324,009070,KCTC,3790,60,85613,,,,
20250324,009140,경인전자,18820,30,2551,,,,
20250324,009150,삼성전기,137600,-900,127611,,,,
20250324,009155,삼성전기우,61600,0,1177,,,,
20250324,009160,SIMPAC,3935,-15,21224,,,,
20250324,009180,한솔로지스틱스,2335,20,143405,,,,
20250324,009190,대양금속,1401,-9,169606,,,,
20250324,009200,무림페이퍼,2045,0,54939,,,,
20250324,009240,한샘,43750,500,19380,,,,
20250324,009270,신원,1271,-35,724700,,,,
20250324,009290,광동제약,5490,-10,30887,,,,
20250324,009310,참엔지니어링,1470,5,108617,,,,
20250324,009320,아진전자부품,1004,-3,16870,,,,
20250324,009410,태영건설,2885,-330,1444596,,,,
20250324,009415,태영건설우,6160,-930,40233,,,,
20250324,009420,한올바이오파마,28700,150,381433,,,,
20250324,009440,KC그린홀딩스,756,0,0,,,,
20250324,009450,경동나비엔,75200,-900,68811,,,,
20250324,009460,한창제지,3455,10,32975,,,,
20250324,009470,삼화전기,36550,-600,29383,,,,
20250324,009540,HD한국조선해양,211000,-2500,101445,,,,
20250324,009580,무림P&P,2870,-30,97710,,,,
20250324,009680,모토닉,9320,100,36357,,,,
20250324,009770,삼정펄프,25450,-100,19134,,,,
20250324,009810,MDS스피어,3175,-20,36386,,,,
20250324,009830,한화솔루션,18770,19,602428,,,,
20250324,009835,한화솔루션우,16356,-136,4240,,,,
20250324,009900,명신산업,9010,150,228462,,,,
20250324,009970,영원무역홀딩스,93800,-2900,10798,,,,
20250324,010040,한국내화,2150,-25,5802,,,,
20250324,010060,OCI홀딩스,76000,-200,41374,,,,
20250324,010100,한국무브넥스,4815,315,1385354,,,,
20250324,010120,LS ELECTRIC,38180,-840,1231405,,,,
20250324,010130,고려아연,819000,-29000,13716,,,,
20250324,010140,삼성중공업,14670,90,4698983,,,,
20250324,010400,우진아이엔에스,2760,-50,4422,,,,
20250324,010580,에스엠벡셀,1224,3,28617,,,,
20250324,010640,진양폴리,4817,-93,69192,,,,
20250324,010660,화천기계,3040,10,65854,,,,
20250324,010690,화신,8660,910,2909731,,,,
20250324,010770,평화홀딩스,6780,710,1705309,,,,
20250324,010780,아이에스동서,16860,80,19545,,,,
20250324,010820,퍼스텍,3685,75,1185041,,,,
20250324,010950,S-Oil,57700,-300,93123,,,,
20250324,010955,S-Oil우,37900,-250,2669,,,,
20250324,010960,삼호개발,3070,-5,19078,,,,
20250324,011000,진원생명과학,10425,75,39177,,,,
20250324,011070,LG이노텍,163700,500,62809,,,,
20250324,011090,에넥스,2565,-15,6558,,,,
20250324,011150,CJ씨푸드,3165,-45,227925,,,,
20250324,011155,CJ씨푸드1우,16200,200,248,,,,
20250324,011170,롯데케미칼,67900,-1400,59865,,,,
20250324,011200,HMM,20350,510,2362012,,,,
20250324,011210,현대위아,48500,2650,215151,,,,
20250324,011230,삼화전자,4335,150,148797,,,,
20250324,011280,태림포장,2045,10,64705,,,,
20250324,011300,우성머티리얼스,5960,0,49729,,,,
20250324,011330,유니켐,13960,-200,10739,,,,
20250324,011390,부산산업,68400,-1300,6876,,,,
20250324,011420,갤럭시아에스엠,1963,-8,94908,,,,
20250324,011500,한농화성,16580,0,143025,,,,
20250324,011690,와이투솔루션,2345,20,179384,,,,
20250324,011700,한신기계,3010,-5,46856,,,,
20250324,011760,현대코퍼레이션,24100,800,79346,,,,
20250324,011780,금호석유화학,119200,3500,150086,,,,
20250324,011785,금호석유화학우,53600,1100,5602,,,,
20250324,011790,SKC,112040,-1786,166620,,,,
20250324,011810,STX,4010,115,253540,,,,
20250324,011930,신성이엔지,12100,-280,47352,,,,
20250324,012030,DB,1351,-28,188080,,,,
20250324,012160,영흥,1995,5,4538,,,,
20250324,012170,아센디오,3525,315,2266435,,,,
20250324,012200,계양전기,1411,7,43597,,,,
20250324,012205,계양전기우,3248,-19,522,,,,
20250324,012280,영화금속,785,-16,460565,,,,
20250324,012320,경동인베스트,64500,-2000,13268,,,,
20250324,012330,현대모비스,279500,13000,377410,,,,
20250324,012450,한화에어로스페이스,664676,46281,737364,,,,
20250324,012610,경인양행,3015,45,43479,,,,
20250324,012630,HDC,14530,40,91550,,,,
20250324,012690,모나리자,2805,-10,77673,,,,
20250324,012750,에스원,62500,1200,38033,,,,
20250324,012800,대창,1403,32,838108,,,,
20250324,013000,세우글로벌,1220,-8,41880,,,,
20250324,013360,일성건설,3030,-45,917401,,,,
20250324,013520,화승코퍼레이션,1747,-2,15277,,,,
20250324,013570,디와이,4000,95,31601,,,,
20250324,013580,계룡건설,13270,-50,3904,,,,
20250324,013700,까뮤이앤씨,1191,-8,105340,,,,
20250324,013870,지엠비코리아,3825,-15,11691,,,,
20250324,013890,지누스,19000,-140,57789,,,,
20250324,014130,한익스프레스,3390,40,12777,,,,
20250324,014160,대영포장,1388,28,633587,,,,
20250324,014280,금강공업,4000,-5,31899,,,,
20250324,014285,금강공업우,6380,0,65,,,,
20250324,014440,영보화학,4380,-10,89736,,,,
20250324,014530,극동유화,3360,5,11505,,,,
20250324,014580,태경비케이,4460,45,56893,,,,
20250324,014680,한솔케미칼,130700,-3200,70381,,,,
20250324,014710,사조씨푸드,5200,0,28481,,,,
20250324,014790,HL D&I,2235,0,148580,,,,
20250324,014820,동원시스템즈,36200,-300,10460,,,,
20250324,014825,동원시스템즈우,18150,-40,37,,,,
20250324,014830,유니드,75400,-1400,38718,,,,
20250324,014910,성문전자,1100,-11,24603,,,,
20250324,014915,성문전자우,4580,60,164,,,,
20250324,014990,인디에프,3570,70,21154,,,,
20250324,015020,이스타코,2640,-40,364695,,,,
20250324,015230,대창단조,5130,-30,73510,,,,
20250324,015260,에이엔피,481,1,36266,,,,
20250324,015360,INVENI,9330,10,20585,,,,
20250324,015590,DKME,2575,0,0,,,,
20250324,015760,한국전력,22300,200,926757,,,,
20250324,015860,일진홀딩스,3630,0,16121,,,,
20250324,015890,태경산업,4880,55,31091,,,,
20250324,016090,대현,2030,-50,68796,,,,
20250324,016360,삼성증권,46800,350,125978,,,,
20250324,016380,KG스틸,6520,-10,100473,,,,
20250324,016450,한세예스24홀딩스,4080,0,21273,,,,
20250324,016580,환인제약,11530,50,12736,,,,
20250324,016590,신대양제지,6930,80,13552,,,,
20250324,016610,DB증권,5900,0,78972,,,,
20250324,016710,대성홀딩스,7040,10,6167,,,,
20250324,016740,두올,3095,5,45220,,,,
20250324,016800,퍼시스,41300,-1300,5694,,,,
20250324,016880,웅진,859,-5,309911,,,,
20250324,017040,광명전기,1369,-10,147546,,,,
20250324,017180,명문제약,1596,-3,33757,,,,
20250324,017370,우신시스템,6000,-130,33975,,,,
20250324,017390,서울가스,49050,0,1348,,,,
20250324,017550,수산세보틱스,1875,0,38849,,,,
20250324,017670,SK텔레콤,55800,-500,327348,,,,
20250324,017800,현대엘리베이터,55100,700,61522,,,,
20250324,017810,풀무원,16250,-200,80506,,,,
20250324,017860,DS단석,25154,396,164109,,,,
20250324,017900,광전자,1739,5,22904,,,,
20250324,017940,E1,61700,-800,6480,,,,
20250324,017960,한국카본,14790,-160,243562,,,,
20250324,018250,애경산업,14320,160,43528,,,,
20250324,018260,삼성에스디에스,120300,-900,101912,,,,
20250324,018470,조일알미늄,1607,-3,218030,,,,
20250324,018500,동원모빌리티,1604,8,489164,,,,
20250324,018670,SK가스,247000,-14500,13712,,,,
20250324,018880,한온시스템,3704,-9,412245,,,,
20250324,019170,신풍제약,8000,0,103787,,,,
20250324,019175,신풍제약우,12370,10,785,,,,
20250324,019180,티에이치엔,3155,45,263679,,,,
20250324,019490,엑시큐어하이트론,750,0,1958330,,,,
20250324,019680,대교,2135,0,18746,,,,
20250324,019685,대교우B,1273,2,3674,,,,
20250324,020000,한섬,15510,-290,36034,,,,
20250324,020120,키다리스튜디오,3315,0,70378,,,,
20250324,020150,롯데에너지머티리얼즈,25750,-200,77492,,,,
20250324,020560,아시아나항공,10560,-50,117119,,,,
20250324,020760,일진디스플,813,-4,30147,,,,
20250324,021050,서원,1268,10,80960,,,,
20250324,021240,코웨이,84900,-2300,59310,,,,
20250324,021820,세원정공,7860,20,7521,,,,
20250324,022100,포스코DX,26500,-1100,995019,,,,
20250324,023000,삼원강재,2360,10,5252,,,,
20250324,023150,MH에탄올,5000,-70,7024,,,,
20250324,023350,한국종합기술,5200,120,65545,,,,
20250324,023450,동남합성,33500,-600,1406,,,,
20250324,023530,롯데쇼핑,65500,100,46636,,,,
20250324,023590,다우기술,21550,-50,52638,,,,
20250324,023800,인지컨트롤스,5820,-70,36218,,,,
20250324,023810,인팩,5740,20,10186,,,,
20250324,023960,에쓰씨엔지니어링,1253,-28,81885,,,,
20250324,024070,WISCOM,1881,2,705,,,,
20250324,024090,디씨엠,11650,-20,2134,,,,
20250324,024110,기업은행,15740,30,882404,,,,
20250324,024720,콜마홀딩스,9600,390,407782,,,,
20250324,024890,대원화성,4695,-40,9838,,,,
20250324,024900,디와이덕양,2925,40,91206,,,,
20250324,025000,KPX케미칼,41599,-47,6243,,,,
20250324,025530,SJM홀딩스,3170,15,4566,,,,
20250324,025540,한국단자,69800,500,38435,,,,
20250324,025560,미래산업,2771,-21,60785,,,,
20250324,025620,차AI헬스케어,3350,-50,11482,,,,
20250324,025750,한솔홈데코,4155,-35,52032,,,,
20250324,025820,이구산업,4825,25,502512,,,,
20250324,025860,남해화학,6330,0,34408,,,,
20250324,025890,한국주강,1740,6,11813,,,,
20250324,026890,스틱인베스트먼트,8390,600,383944,,,,
20250324,026940,부국철강,2535,50,87277,,,,
20250324,026960,동서,27200,500,60313,,,,
20250324,027410,BGF,3460,0,15939,,,,
20250324,027740,마니커,1780,8,55092,,,,
20250324,027970,한국제지,4005,-5,5345,,,,
20250324,028050,삼성E&A,20100,-400,526279,,,,
20250324,028100,동아지질,13140,-20,5038,,,,
20250324,028260,삼성물산,124000,-900,137489,,,,
20250324,02826K,삼성물산우B,89200,-1400,1973,,,,
20250324,028670,팬오션,3620,35,966917,,,,
20250324,029460,케이씨,18350,-10,4220,,,,
20250324,029530,신도리코,38700,300,5020,,,,
20250324,029780,삼성카드,43600,350,79973,,,,
20250324,030000,제일기획,18050,20,128413,,,,
20250324,030190,NICE평가정보,12240,-140,43874,,,,
20250324,030200,KT,49600,-150,247304,,,,
20250324,030210,다올투자증권,3220,145,225418,,,,
20250324,030610,교보증권,6470,30,211141,,,,
20250324,030720,동원수산,5040,55,5152,,,,
20250324,031210,서울보증보험,35900,1750,2004070,,,,
20250324,031430,신세계인터내셔날,10350,-50,87403,,,,
20250324,031820,아이티센씨티에스,5930,-30,14634,,,,
20250324,032350,롯데관광개발,8040,-40,424694,,,,
20250324,032560,황금에스티,5090,-30,7046,,,,
20250324,032640,LG유플러스,10710,-40,534047,,,,
20250324,032830,삼성생명,85000,-1200,101816,,,,
20250324,033240,자화전자,13310,-30,41195,,,,
20250324,033250,체시스,5635,135,42167,,,,
20250324,033270,유나이티드제약,20850,1110,149400,,,,
20250324,033530,SJG세종,4315,85,65229,,,,
20250324,033780,KT&G,101100,500,262741,,,,
20250324,033920,무학,6770,10,21095,,,,
20250324,034020,두산에너빌리티,26600,-400,3809578,,,,
20250324,034120,SBS,19340,60,58330,,,,
20250324,034220,LG디스플레이,9160,-200,593572,,,,
20250324,034230,파라다이스,10710,-80,365736,,,,
20250324,034310,NICE,11440,-40,8290,,,,
20250324,034590,인천도시가스,24500,0,1389,,,,
20250324,034730,SK,138700,-200,81457,,,,
20250324,03473K,SK우,123600,100,604,,,,
20250324,034830,한국토지신탁,997,5,155912,,,,
20250324,035000,HS애드,6650,10,20866,,,,
20250324,035150,백산,15050,-30,54999,,,,
20250324,035250,강원랜드,16800,-140,317111,,,,
20250324,035420,NAVER,207000,-2500,354434,,,,
20250324,035510,신세계 I&C,12280,-10,69122,,,,
20250324,035720,카카오,41900,-1700,1792693,,,,
20250324,036420,콘텐트리중앙,8370,-230,40669,,,,
20250324,036460,한국가스공사,37100,-450,485983,,,,
20250324,036530,SNT홀딩스,33250,1100,31649,,,,
20250324,036570,NC,160700,-2600,36821,,,,
20250324,036580,팜스코,2160,30,18663,,,,
20250324,037270,YG PLUS,5160,210,3256623,,,,
20250324,037560,LG헬로비전,2365,10,33579,,,,
20250324,037710,광주신세계,29700,150,36757,,,,
20250324,039130,하나투어,54500,500,25074,,,,
20250324,039490,키움증권,131200,-1200,90637,,,,
20250324,039570,HDC랩스,8450,80,13013,,,,
20250324,041650,상신브레이크,2965,10,24758,,,,
20250324,042660,한화오션,73100,0,1551881,,,,
20250324,042700,한미반도체,87000,-3300,426643,,,,
20250324,044380,주연테크,1625,-10,29398,,,,
20250324,044450,KSS해운,8640,80,26382,,,,
20250324,044820,코스맥스비티아이,10360,170,7817,,,,
20250324,047040,대우건설,3270,20,677762,,,,
20250324,047050,포스코인터내셔널,57200,-1800,1360740,,,,
20250324,047400,유니온머티리얼,1991,7,94364,,,,
20250324,047810,한국항공우주,83900,-800,575459,,,,
20250324,049800,우진플라임,2050,15,15145,,,,
20250324,051600,한전KPS,42950,-200,41430,,,,
20250324,051630,진양화학,3580,30,157970,,,,
20250324,051900,LG생활건강,324000,-2500,22770,,,,
20250324,051905,LG생활건강우,128200,0,3934,,,,
20250324,051910,LG화학,264500,3000,402599,,,,
20250324,051915,LG화학우,124100,-800,43930,,,,
20250324,052690,한전기술,60700,-600,42205,,,,
20250324,053210,스카이라이프,4490,-70,40829,,,,
20250324,053690,한미글로벌,16110,-20,51539,,,,
20250324,055490,테이팩스,13450,-540,11368,,,,
20250324,055550,신한지주,48600,800,941614,,,,
20250324,058430,포스코스틸리온,4485,-85,910820,,,,
20250324,058650,세아홀딩스,94200,-300,79,,,,
20250324,058730,다스코,2870,-30,48861,,,,
20250324,058850,KTcs,2640,15,84973,,,,
20250324,058860,KTis,2560,10,35877,,,,
20250324,060980,HL홀딩스,37450,-800,17182,,,,
20250324,062040,산일전기,61300,1200,163449,,,,
20250324,063160,종근당바이오,20600,0,10595,,,,
20250324,064350,현대로템,115700,4200,1240235,,,,
20250324,064400,LG씨엔에스,52000,-200,191469,,,,
20250324,064960,SNT모티브,26750,1900,430005,,,,
20250324,066570,LG전자,81800,-1600,250685,,,,
20250324,066575,LG전자우,39550,-400,28899,,,,
20250324,066970,엘앤에프,69100,-2200,324917,,,,
20250324,067830,세이브존I&C,2225,5,16478,,,,
20250324,068270,셀트리온,169940,-1468,295077,,,,
20250324,068290,삼성출판사,15000,50,213275,,,,
20250324,069260,TKG휴켐스,15950,50,36547,,,,
20250324,069460,대호에이엘,7755,-110,430971,,,,
20250324,069620,대웅제약,119200,900,27506,,,,
20250324,069640,한세엠케이,2022,-6,1394,,,,
20250324,069730,DSR제강,3450,-5,31813,,,,
20250324,069960,현대백화점,57500,-600,29450,,,,
20250324,070960,모나용평,3900,0,107133,,,,
20250324,071050,한국금융지주,75100,-1200,130049,,,,
20250324,071055,한국금융지주우,56200,-200,16827,,,,
20250324,071090,하이스틸,4305,-295,2630851,,,,
20250324,071320,지역난방공사,51800,1400,23960,,,,
20250324,071840,롯데하이마트,7380,80,21435,,,,
20250324,071950,코아스,9530,30,5474,,,,
20250324,071970,HD현대마린엔진,27850,-900,316676,,,,
20250324,072130,유엔젤,5750,-40,122865,,,,
20250324,072710,농심홀딩스,66400,-400,4558,,,,
20250324,073240,금호타이어,4990,40,340529,,,,
20250324,074610,이엔플러스,5910,-110,97033,,,,
20250324,075180,새론오토모티브,3225,10,17606,,,,
20250324,075580,세진중공업,7240,-220,564086,,,,
20250324,077500,유니퀘스트,5960,-80,181827,,,,
20250324,077970,STX엔진,24650,-700,184057,,,,
20250324,078000,텔코웨어,8800,0,7018,,,,
20250324,078520,에이블씨엔씨,6910,30,69783,,,,
20250324,078930,GS,37000,-450,167043,,,,
20250324,078935,GS우,36500,100,7432,,,,
20250324,079160,CJ CGV,4820,0,127897,,,,
20250324,079430,현대리바트,7260,30,15210,,,,
20250324,079550,LIG디펜스앤에어로스페이스,268000,-1000,120276,,,,
20250324,079900,전진건설로봇,49500,-600,134404,,,,
20250324,079980,휴비스,2770,50,253384,,,,
20250324,081000,일진다이아,11490,-70,6614,,,,
20250324,081660,미스토홀딩스,39000,-400,172893,,,,
20250324,082640,동양생명,5230,50,105720,,,,
20250324,082740,한화엔진,23600,-850,1363751,,,,
20250324,083420,그린케미칼,6100,20,77306,,,,
20250324,084010,대한제강,10849,47,45069,,,,
20250324,084670,동양고속,7050,-30,2115,,,,
20250324,084680,이월드,1277,-10,82864,,,,
20250324,084690,대상홀딩스,11510,150,271113,,,,
20250324,084695,대상홀딩스우,23150,1450,16506,,,,
20250324,084870,TBH글로벌,1125,-1,37618,,,,
20250324,085310,엔케이,8600,100,12387,,,,
20250324,085620,미래에셋생명,4560,65,23121,,,,
20250324,086280,현대글로비스,131600,7000,315425,,,,
20250324,086790,하나금융지주,62500,300,555478,,,,
20250324,088260,이리츠코크렙,4300,-20,26789,,,,
20250324,088350,한화생명,2635,35,352187,,,,
20250324,088790,진도,1798,-7,14283,,,,
20250324,088980,맥쿼리인프라,11000,0,554007,,,,
20250324,089470,HDC현대EP,3620,-30,12293,,,,
20250324,089590,제주항공,7040,-10,89631,,,,
20250324,089860,롯데렌탈,29350,-300,50967,,,,
20250324,090080,평화산업,1144,26,533507,,,,
20250324,090350,노루페인트,7800,40,33701,,,,
20250324,090355,노루페인트우,12770,70,465,,,,
20250324,090370,메타랩스,1448,10,15129,,,,
20250324,090430,아모레퍼시픽,108700,-200,187900,,,,
20250324,090435,아모레퍼시픽우,35550,800,14621,,,,
20250324,090460,비에이치,15000,40,125118,,,,
20250324,091810,트리니티항공,2167,-28,1062840,,,,
20250324,092200,디아이씨,4525,50,270357,,,,
20250324,092220,KEC,3975,-25,58290,,,,
20250324,092230,KPX홀딩스,55700,-700,938,,,,
20250324,092440,기신정기,2405,30,8326,,,,
20250324,092780,DYP,4585,20,4529,,,,
20250324,092790,넥스틸,16300,150,3253653,,,,
20250324,093050,LF,15410,-90,25460,,,,
20250324,093240,형지엘리트,1562,-96,1544795,,,,
20250324,093370,후성,5090,10,260736,,,,
20250324,094280,효성ITX,11830,10,7703,,,,
20250324,094800,맵스리얼티,4260,10,16911,,,,
20250324,095570,AJ네트웍스,3805,-25,61229,,,,
20250324,095720,웅진씽크빅,3038,0,35527,,,,
20250324,096760,JW홀딩스,2990,-25,71245,,,,
20250324,096770,SK이노베이션,125500,2100,203566,,,,
20250324,096775,SK이노베이션우,77300,400,2573,,,,
20250324,097230,HJ중공업,7130,-70,1021734,,,,
20250324,097520,엠씨넥스,24800,550,55787,,,,
20250324,097950,CJ제일제당,266000,-2500,46867,,,,
20250324,097955,CJ제일제당 우,136800,-300,2866,,,,
20250324,100090,SK오션플랜트,14300,60,101137,,,,
20250324,100220,비상교육,4750,100,22424,,,,
20250324,100250,진양홀딩스,2901,0,12319,,,,
20250324,100840,SNT에너지,31150,-250,144492,,,,
20250324,101140,인바이오젠,7130,-190,24523,,,,
20250324,101530,해태제과식품,6500,50,58657,,,,
20250324,102260,동성케미컬,3745,-15,31914,,,,
20250324,102460,이연제약,11700,-200,26504,,,,
20250324,103140,풍산,66500,1400,197025,,,,
20250324,103590,일진전기,28050,450,383645,,,,
20250324,104700,한국철강,8190,130,20663,,,,
20250324,105560,KB금융,81800,500,808002,,,,
20250324,105630,한세실업,11970,-100,63756,,,,
20250324,105840,우진,7400,-60,65337,,,,
20250324,107590,미원홀딩스,72800,0,329,,,,
20250324,108320,LX세미콘,57900,-700,28895,,,,
20250324,108670,LX하우시스,30000,0,10869,,,,
20250324,108675,LX하우시스우,18000,-50,630,,,,
20250324,109070,주성코퍼레이션,1185,0,0,,,,
20250324,111110,호전실업,8040,20,35391,,,,
20250324,111380,동인기연,15310,-140,3894,,,,
20250324,111770,영원무역,51400,-1300,75245,,,,
20250324,112610,씨에스윈드,36900,-400,68780,,,,
20250324,114090,GKL,10680,-60,107568,,,,
20250324,117580,대성에너지,7800,-30,39933,,,,
20250324,118000,메타케어,3150,-20,111246,,,,
20250324,119650,KC코트렐,918,0,0,,,,
20250324,120030,조선선재,98800,-500,1213,,,,
20250324,120110,코오롱인더,30900,-300,37376,,,,
20250324,120115,코오롱인더우,19420,-20,1910,,,,
20250324,122900,아이마켓코리아,7920,40,18567,,,,
20250324,123690,한국화장품,6930,100,142032,,,,
20250324,123700,SJM,3000,15,21747,,,,
20250324,123890,한국자산신탁,2490,10,87881,,,,
20250324,126560,현대퓨처넷,2990,-50,245126,,,,
20250324,126720,수산인더스트리,20200,-50,32597,,,,
20250324,128820,대성산업,3576,87,270241,,,,
20250324,128940,한미약품,242000,500,15172,,,,
20250324,129260,인터지스,2360,-35,83030,,,,
20250324,130660,한전산업,10320,-340,185879,,,,
20250324,133820,화인베스틸,976,-28,82914,,,,
20250324,134380,미원화학,7850,-140,920,,,,
20250324,134790,시디즈,25000,250,3592,,,,
20250324,136490,선진,5790,40,14160,,,,
20250324,137310,에스디바이오센서,9600,0,97198,,,,
20250324,138040,메리츠금융지주,118400,1000,156756,,,,
20250324,138930,BNK금융지주,10930,100,603100,,,,
20250324,139130,iM금융지주,9150,140,345380,,,,
20250324,139480,이마트,82600,-1100,92211,,,,
20250324,139990,아주스틸,4160,-40,10703,,,,
20250324,143210,핸즈코퍼레이션,1790,-7,6081,,,,
20250324,145210,다이나믹디자인,11260,0,0,,,,
20250324,145270,케이탑리츠,979,0,70725,,,,
20250324,145720,덴티움,64800,3700,60719,,,,
20250324,145990,삼양사,46300,150,10153,,,,
20250324,145995,삼양사우,30300,300,1909,,,,
20250324,155660,DSR,3810,20,14722,,,,
20250324,161000,애경케미칼,7040,-60,104505,,,,
20250324,161390,한국타이어앤테크놀로지,42100,400,151027,,,,
20250324,161890,한국콜마,65400,-700,110105,,,,
20250324,163560,동일고무벨트,7400,0,16351,,,,
20250324,170900,동아에스티,44825,477,13015,,,,
20250324,175330,JB금융지주,17690,-130,511130,,,,
20250324,178920,PI첨단소재,17720,-280,74068,,,,
20250324,180640,한진칼,79800,-900,24842,,,,
20250324,18064K,한진칼우,23150,-150,595,,,,
20250324,181710,NHN,18390,0,50941,,,,
20250324,183190,아세아시멘트,10190,-10,33149,,,,
20250324,185750,종근당,81600,1400,15499,,,,
20250324,192080,더블유게임즈,50700,200,26005,,,,
20250324,192400,쿠쿠홀딩스,22150,50,5716,,,,
20250324,192650,드림텍,7070,0,70865,,,,
20250324,192820,코스맥스,182500,2000,53074,,,,
20250324,194370,제이에스코퍼레이션,8835,65,172792,,,,
20250324,195870,해성디에스,30550,500,74945,,,,
20250324,200880,서연이화,13520,740,538046,,,,
20250324,204320,HL만도,42150,1850,307326,,,,
20250324,207940,삼성바이오로직스,1586540,-25020,16060,,,,
20250324,210540,디와이파워,11720,-180,19283,,,,
20250324,210980,SK디앤디,8970,-50,52457,,,,
20250324,213500,한솔제지,8570,-40,41810,,,,
20250324,214320,이노션,18750,120,97614,,,,
20250324,214330,금호에이치티,15532,82,3649,,,,
20250324,214390,경보제약,5520,-100,60078,,,,
20250324,214420,토니모리,9130,30,767028,,,,
20250324,226320,잇츠한불,11210,140,13335,,,,
20250324,227840,현대코퍼레이션홀딩스,10430,30,5009,,,,
20250324,229640,LS에코에너지,34600,-450,73141,,,,
20250324,234080,JW생명과학,11500,150,42734,,,,
20250324,241560,두산밥캣,50700,-1000,135925,,,,
20250324,241590,화승엔터프라이즈,8710,-90,89356,,,,
20250324,244920,에이플러스에셋,3985,-5,71053,,,,
20250324,248070,솔루엠,18000,270,75976,,,,
20250324,248170,샘표식품,26350,350,5561,,,,
20250324,249420,일동제약,11040,20,38671,,,,
20250324,251270,넷마블,40050,-850,80139,,,,
20250324,259960,크래프톤,335500,10500,136601,,,,
20250324,264900,크라운제과,8200,0,14855,,,,
20250324,26490K,크라운제과우,9360,40,245,,,,
20250324,267250,HD현대,75300,-900,91567,,,,
20250324,267260,HD현대일렉트릭,335000,5500,125878,,,,
20250324,267270,HD건설기계,70300,0,85093,,,,
20250324,267290,경동도시가스,17510,10,4958,,,,
20250324,267850,아시아나IDT,11260,-10,4590,,,,
20250324,268280,미원에스씨,149400,-300,1226,,,,
20250324,271560,오리온,119600,-2300,131751,,,,
20250324,271940,일진하이솔루스,14030,-340,69797,,,,
20250324,271980,제일약품,11400,-40,97913,,,,
20250324,272210,한화시스템,36850,450,3067951,,,,
20250324,272450,진에어,9650,90,90584,,,,
20250324,272550,삼양패키징,14300,70,9513,,,,
20250324,278470,에이피알,68900,1100,191044,,,,
20250324,280360,롯데웰푸드,123400,0,10094,,,,
20250324,281820,케이씨텍,36850,100,99261,,,,
20250324,282330,BGF리테일,110900,-1900,14052,,,,
20250324,284740,쿠쿠홈시스,21100,-250,21937,,,,
20250324,285130,SK케미칼,42000,-600,19232,,,,
20250324,28513K,SK케미칼우,20100,-50,2007,,,,
20250324,286940,롯데이노베이트,19870,220,22722,,,,
20250324,293480,하나제약,10540,-40,13154,,,,
20250324,293940,신한알파리츠,5860,-170,267528,,,,
20250324,294870,IPARK현대산업개발,19780,400,162717,,,,
20250324,298000,효성화학,77800,0,0,,,,
20250324,298020,효성티앤씨,232000,-2000,3821,,,,
20250324,298040,효성중공업,459500,8500,31762,,,,
20250324,298050,HS효성첨단소재,187800,-3700,7846,,,,
20250324,298690,에어부산,2145,-15,111290,,,,
20250324,300720,한일시멘트,16630,-310,52422,,,,
20250324,302440,SK바이오사이언스,41500,-950,63960,,,,
20250324,306200,세아제강,207000,1500,46837,,,,
20250324,307950,현대오토에버,134400,2500,49389,,,,
20250324,308170,씨티알모빌리티,5450,-50,5860,,,,
20250324,316140,우리금융지주,16930,140,797302,,,,
20250324,317400,자이에스앤디,3190,-10,8129,,,,
20250324,322000,HD현대에너지솔루션,24150,-400,36339,,,,
20250324,323410,카카오뱅크,22900,-50,198266,,,,
20250324,326030,SK바이오팜,104200,-300,75422,,,,
20250324,329180,HD현대중공업,298500,-1000,97978,,,,
20250324,330590,롯데리츠,3495,-35,158881,,,,
20250324,334890,이지스밸류플러스리츠,4459,0,47723,,,,
20250324,336260,두산퓨얼셀,15400,0,83084,,,,
20250324,33626K,두산퓨얼셀1우,4495,-55,3409,,,,
20250324,33626L,두산퓨얼셀2우B,7650,-20,566,,,,
20250324,336370,솔루스첨단소재,8590,-210,172276,,,,
20250324,33637K,솔루스첨단소재1우,1935,-12,11714,,,,
20250324,33637L,솔루스첨단소재2우B,3875,-5,3273,,,,
20250324,338100,NH프라임리츠,4445,5,10756,,,,
20250324,339770,교촌에프앤비,5890,-10,136510,,,,
20250324,344820,KCC글라스,31600,-150,19067,,,,
20250324,348950,제이알글로벌리츠,2655,35,314695,,,,
20250324,350520,이지스레지던스리츠,4115,-5,10984,,,,
20250324,352820,하이브,233000,1000,106819,,,,
20250324,353200,대덕전자,18020,-580,371839,,,,
20250324,35320K,대덕전자1우,8100,0,2470,,,,
20250324,357120,코람코라이프인프라리츠,4455,-45,40724,,,,
20250324,357250,미래에셋맵스리츠,2670,0,11139,,,,
20250324,357430,마스턴프리미어리츠,1502,1,19306,,,,
20250324,361610,SK아이이테크놀로지,25050,-350,97998,,,,
20250324,363280,티와이홀딩스,2250,-25,118528,,,,
20250324,36328K,티와이홀딩스우,3805,-15,11695,,,,
20250324,365550,ESR켄달스퀘어리츠,5002,-9,163676,,,,
20250324,372910,한컴라이프케어,3420,115,2151629,,,,
20250324,373220,LG에너지솔루션,331500,2500,148739,,,,
20250324,375500,DL이앤씨,41500,-550,146681,,,,
20250324,37550K,DL이앤씨우,17350,-30,4294,,,,
20250324,37550L,DL이앤씨2우(전환),24950,-1250,12666,,,,
20250324,377190,디앤디플랫폼리츠,3255,-45,98966,,,,
20250324,377300,카카오페이,30650,-1400,324587,,,,
20250324,377740,바이오노트,4875,25,48338,,,,
20250324,378850,화승알앤에이,3180,35,46820,,,,
20250324,381970,케이카,13330,0,37414,,,,
20250324,383220,F&F,66400,-200,65631,,,,
20250324,383800,LX홀딩스,6610,10,73517,,,,
20250324,38380K,LX홀딩스1우,7850,110,1077,,,,
20250324,395400,SK리츠,5090,-10,249966,,,,
20250324,396690,미래에셋글로벌리츠,2770,0,26110,,,,
20250324,400760,NH올원리츠,3497,-15,29682,,,,
20250324,402340,SK스퀘어,100300,-900,113662,,,,
20250324,403550,쏘카,14740,-120,4308,,,,
20250324,404990,신한서부티엔디리츠,3115,-50,143645,,,,
20250324,415640,KB발해인프라,7590,40,15356,,,,
20250324,417310,코람코더원리츠,4900,-50,11342,,,,
20250324,432320,KB스타리츠,3850,-5,35009,,,,
20250324,443060,HD현대마린솔루션,140700,-2000,53105,,,,
20250324,446070,유니드비티플러스,4035,0,15868,,,,
20250324,448730,삼성FN리츠,4565,5,39422,,,,
20250324,450080,에코프로머티,67100,-1500,297117,,,,
20250324,451800,한화리츠,3875,20,7244912,,,,
20250324,452260,한화갤러리아,1198,3,1361190,,,,
20250324,45226K,한화갤러리아우,2400,0,1737,,,,
20250324,453340,현대그린푸드,14550,230,50473,,,,
20250324,454910,두산로보틱스,55300,-1000,172471,,,,
20250324,456040,OCI,58400,100,21447,,,,
20250324,457190,이수스페셜티케미컬,49800,-700,291861,,,,
20250324,460850,동국씨엠,7100,10,130604,,,,
20250324,460860,동국제강,9540,-180,149647,,,,
20250324,462520,조선내화,14150,0,2729,,,,
20250324,462870,시프트업,56400,-2300,201318,,,,
20250324,465770,STX그린로지스,10930,2520,9451311,,,,
20250324,475150,SK이터닉스,14160,210,162460,,,,
20250324,475560,더본코리아,28900,-300,73569,,,,
20250324,480370,씨케이솔루션,5068,-193,2186217,,,,
20250324,481850,신한글로벌액티브리츠,1556,18,68877,,,,
20250324,484870,엠앤씨솔루션,27833,-500,407025,,,,
20250324,487570,HS효성,35400,3150,80540,,,,
20250324,489790,한화비전,53300,-400,1074749,,,,
20250324,499790,GS피앤엘,18860,100,16605,,,,
20250324,900140,엘브이엠씨홀딩스,1841,53,833541,,,,
20250324,950210,프레스티지바이오파마,12310,510,139639,,,,
20250325,000020,동화약품,6160,40,34584,,,,
20250325,000040,KR모터스,1940,-15,13861,,,,
20250325,000050,경방,6480,50,2417,,,,
20250325,000070,삼양홀딩스,40238,-934,18018,,,,
20250325,000080,하이트진로,19770,0,102356,,,,
20250325,000087,하이트진로2우B,15190,10,303,,,,
20250325,000100,유한양행,125800,6200,2307338,,,,
20250325,000105,유한양행우,112800,6100,33861,,,,
20250325,000120,CJ대한통운,86500,-1200,69957,,,,
20250325,000140,하이트진로홀딩스,8580,-90,34433,,,,
20250325,000145,하이트진로홀딩스우,10140,0,63,,,,
20250325,000150,두산,308500,-5500,91567,,,,
20250325,000155,두산우,142900,-2800,8530,,,,
20250325,000157,두산2우B,132500,-2100,1014,,,,
20250325,000180,성창기업지주,6300,-90,10710,,,,
20250325,000210,DL,33850,-500,31825,,,,
20250325,000215,DL우,19610,100,307,,,,
20250325,000220,유유제약,4400,-20,37841,,,,
20250325,000225,유유제약1우,4715,-5,9670,,,,
20250325,000227,유유제약2우B,9420,-10,230,,,,
20250325,000230,일동홀딩스,6330,-140,26391,,,,
20250325,000240,한국앤컴퍼니,16310,110,110898,,,,
20250325,000270,기아,100800,2100,1515074,,,,
20250325,000300,DH오토넥스,4200,0,0,,,,
20250325,000320,노루홀딩스,14120,-50,8049,,,,
20250325,000325,노루홀딩스우,28350,-250,48,,,,
20250325,000370,한화손해보험,4230,-50,312889,,,,
20250325,000390,SP삼화,6180,-150,92692,,,,
20250325,000400,롯데손해보험,1781,-20,66698,,,,
20250325,000430,대원강업,3700,-10,193460,,,,
20250325,000480,CR홀딩스,5150,-70,14473,,,,
20250325,000490,대동,10880,-130,270046,,,,
20250325,000500,가온전선,26256,-1055,115549,,,,
20250325,000520,삼일제약,12080,-120,155545,,,,
20250325,000540,흥국화재,3205,-65,46268,,,,
20250325,000545,흥국화재우,5200,0,7385,,,,
20250325,000590,CS홀딩스,71000,-300,313,,,,
20250325,000640,동아쏘시오홀딩스,98772,2913,11838,,,,
20250325,000650,천일고속,38800,-150,68,,,,
20250325,000660,SK하이닉스,208000,-3500,2262656,,,,
20250325,000670,영풍,47378,341,34681,,,,
20250325,000680,LS네트웍스,3800,-55,297043,,,,
20250325,000700,유수홀딩스,5520,30,16684,,,,
20250325,000720,현대건설,34850,1500,1156303,,,,
20250325,000725,현대건설우,49150,-50,4154,,,,
20250325,000760,이화산업,10260,-40,698,,,,
20250325,000810,삼성화재,372500,-18500,84078,,,,
20250325,000815,삼성화재우,281500,-15000,24842,,,,
20250325,000850,화천기공,27000,0,3149,,,,
20250325,000860,강남제비스코,11654,-25,10549,,,,
20250325,000880,한화,50780,-1320,420729,,,,
20250325,00088K,한화3우B,17841,-282,126868,,,,
20250325,000890,보해양조,2520,10,531349,,,,
20250325,000910,유니온,5060,-100,191098,,,,
20250325,000950,전방,19490,0,655,,,,
20250325,000970,한국주철관,6170,-40,37307,,,,
20250325,000990,DB하이텍,45100,-2700,426290,,,,
20250325,001020,페이퍼코리아,3505,-45,1913,,,,
20250325,001040,CJ,123300,-2500,91469,,,,
20250325,001045,CJ우,67000,100,11085,,,,
20250325,00104K,CJ4우(전환),95500,-400,12568,,,,
20250325,001060,JW중외제약,22550,150,66929,,,,
20250325,001065,JW중외제약우,28250,350,85,,,,
20250325,001067,JW중외제약2우B,60700,0,6,,,,
20250325,001070,대한방직,5200,40,6747,,,,
20250325,001080,만호제강,2930,175,51400,,,,
20250325,001120,LX인터내셔널,25700,-100,152347,,,,
20250325,001130,대한제분,12850,-20,15220,,,,
20250325,001200,유진투자증권,2590,-40,460027,,,,
20250325,001210,금호전기,3220,-30,22423,,,,
20250325,001230,동국홀딩스,1678,-16,124750,,,,
20250325,001250,GS글로벌,2785,-175,7441052,,,,
20250325,001260,남광토건,7750,-60,21544,,,,
20250325,001270,부국증권,26850,-200,212,,,,
20250325,001275,부국증권우,21900,50,741,,,,
20250325,001290,상상인증권,420,0,28667,,,,
20250325,001340,PKC,6620,-100,143701,,,,
20250325,001360,삼성제약,1600,-23,254942,,,,
20250325,001380,SG글로벌,7012,-130,3273633,,,,
20250325,001390,KG케미칼,3760,-45,170643,,,,
20250325,001420,태원물산,3330,5,1125,,,,
20250325,001430,세아베스틸지주,19580,-240,60754,,,,
20250325,001440,대한전선,12310,-180,479608,,,,
20250325,001450,현대해상,22950,-100,235427,,,,
20250325,001460,BYC,26700,50,379,,,,
20250325,001465,BYC우,12430,-70,2458,,,,
20250325,001470,삼부토건,381,-33,9294444,,,,
20250325,001500,현대차증권,5740,-40,417854,,,,
20250325,001510,SK증권,930,-3,244824,,,,
20250325,001515,SK증권우,3342,-24,1554,,,,
20250325,001520,동양,1150,-28,227624,,,,
20250325,001525,동양우,8140,30,27,,,,
20250325,001527,동양2우B,15920,-420,484,,,,
20250325,001530,DI동일,42667,-143,47387,,,,
20250325,001550,조비,10330,-20,9168,,,,
20250325,001560,제일연마,8700,-250,3150,,,,
20250325,001570,금양,9900,0,0,,,,
20250325,001620,케이비아이동국실업,2470,5,15886,,,,
20250325,001630,종근당홀딩스,43250,100,4109,,,,
20250325,001680,대상,24350,-800,126649,,,,
20250325,001685,대상우,17790,-220,4904,,,,
20250325,001720,신영증권,80500,-200,9980,,,,
20250325,001740,SK네트웍스,4385,-10,134713,,,,
20250325,001750,한양증권,12080,-20,16121,,,,
20250325,001755,한양증권우,12710,0,1208,,,,
20250325,001770,SHD,14990,0,767,,,,
20250325,001780,알루코,2150,-50,300441,,,,
20250325,001790,대한제당,2820,-5,70585,,,,
20250325,001795,대한제당우,2290,-15,12948,,,,
20250325,001800,오리온홀딩스,16200,330,128622,,,,
20250325,001820,삼화콘덴서,26900,-850,46622,,,,
20250325,001940,KISCO홀딩스,19530,-210,8607,,,,
20250325,002020,코오롱,23650,-1300,240979,,,,
20250325,002025,코오롱우,14700,-230,8224,,,,
20250325,002030,아세아,262000,-5500,2403,,,,
20250325,002070,비비안,15399,19,5303,,,,
20250325,002100,경농,9050,-40,15712,,,,
20250325,002140,고려산업,2660,-60,272864,,,,
20250325,002150,도화엔지니어링,6460,-80,35817,,,,
20250325,002170,SYTS,47600,0,1670,,,,
20250325,002200,한국수출포장,2745,0,23402,,,,
20250325,002210,동성제약,3824,10,28182,,,,
20250325,002220,한일철강,1905,41,36355,,,,
20250325,002240,고려제강,17260,-310,16256,,,,
20250325,002310,아세아제지,7100,-140,205861,,,,
20250325,002320,한진,19300,-210,26735,,,,
20250325,002350,넥센타이어,5530,30,240379,,,,
20250325,002355,넥센타이어1우B,2810,-15,28931,,,,
20250325,002360,SH에너지화학,4630,-30,21080,,,,
20250325,002380,KCC,274500,-7500,13347,,,,
20250325,002390,한독,11440,20,42628,,,,
20250325,002410,범양건영,1935,0,0,,,,
20250325,002420,세기상사,4995,-45,2700,,,,
20250325,002450,삼익악기,1165,-2,105402,,,,
20250325,002460,HS화성,9600,40,25058,,,,
20250325,002600,조흥,164500,-1300,10,,,,
20250325,002620,제일파마홀딩스,7870,270,1057248,,,,
20250325,002630,오리엔트바이오,2424,-316,2795404,,,,
20250325,002690,동일제강,1233,0,4968,,,,
20250325,002700,신일전자,1502,1,176244,,,,
20250325,002710,TCC스틸,25350,-1050,108817,,,,
20250325,002720,국제약품,4650,-15,55623,,,,
20250325,002760,보락,1047,-7,104327,,,,
20250325,002780,진흥기업,740,-6,359468,,,,
20250325,002785,진흥기업우B,3140,0,436,,,,
20250325,002787,진흥기업2우B,9720,20,1,,,,
20250325,002790,아모레퍼시픽홀딩스,21250,-200,95112,,,,
20250325,002795,아모레퍼시픽홀딩스우,9170,-50,4001,,,,
20250325,00279K,아모레퍼시픽홀딩스3우C,18050,-50,9711,,,,
20250325,002810,삼영무역,13630,80,21654,,,,
20250325,002820,SUN&L,2880,120,2931,,,,
20250325,002840,미원상사,183900,400,1261,,,,
20250325,002870,신풍,1252,-20,466952,,,,
20250325,002880,디와이에이,901,-10,135556,,,,
20250325,002900,TYM,4565,-80,208905,,,,
20250325,002920,유성기업,1836,4,6065,,,,
20250325,002960,한국쉘석유,344500,9000,15074,,,,
20250325,002990,금호건설,2610,-25,44613,,,,
20250325,002995,금호건설우,11720,-330,2440,,,,
20250325,003000,부광약품,4177,-18,119901,,,,
20250325,003010,혜인,4900,-85,62170,,,,
20250325,003030,세아제강지주,234000,-16000,22827,,,,
20250325,003060,에이프로젠바이오로직스,781,-23,475015,,,,
20250325,003070,코오롱글로벌,8610,-90,30866,,,,
20250325,003075,코오롱글로벌우,15100,-100,874,,,,
20250325,003080,SB성보,2430,-30,116632,,,,
20250325,003090,대웅,20150,360,18000,,,,
20250325,003120,일성아이에스,15290,50,1256,,,,
20250325,003160,디아이,14500,-590,677475,,,,
20250325,003200,일신방직,8060,-60,8828,,,,
20250325,003220,대원제약,13790,-140,99397,,,,
20250325,003230,삼양식품,877000,-11000,42693,,,,
20250325,003240,태광산업,691000,-18000,1550,,,,
20250325,003280,흥아해운,1705,-80,6475060,,,,
20250325,003300,한일홀딩스,13860,-140,37487,,,,
20250325,003350,한국화장품제조,10340,-140,402670,,,,
20250325,003460,유화증권,2320,0,7228,,,,
20250325,003465,유화증권우,2360,45,96,,,,
20250325,003470,유안타증권,2820,0,494165,,,,
20250325,003475,유안타증권우,3050,10,96919,,,,
20250325,003480,한진중공업홀딩스,3560,0,18022,,,,
20250325,003490,대한항공,22450,150,888950,,,,
20250325,003495,대한항공우,21650,-100,1845,,,,
20250325,003520,영진약품,1973,-4,106666,,,,
20250325,003530,한화투자증권,3435,-50,485477,,,,
20250325,003535,한화투자증권우,5840,-10,3076,,,,
20250325,003540,대신증권,16150,-1120,420808,,,,
20250325,003545,대신증권우,15250,-860,425302,,,,
20250325,003547,대신증권2우B,14610,-970,178364,,,,
20250325,003550,LG,67500,-2200,322748,,,,
20250325,003555,LG우,55400,-1900,27253,,,,
20250325,003570,SNT다이내믹스,31550,-2000,238560,,,,
20250325,003580,HLB글로벌,3375,-40,495588,,,,
20250325,003610,방림,3735,35,86448,,,,
20250325,003620,KG모빌리티,4084,38,152120,,,,
20250325,003650,미창석유,98500,-1200,1340,,,,
20250325,003670,포스코퓨처엠,131536,-775,270486,,,,
20250325,003680,한성기업,4840,0,25830,,,,
20250325,003690,코리안리,8230,90,609435,,,,
20250325,003720,삼영,4020,20,126474,,,,
20250325,003780,진양산업,7320,10,126784,,,,
20250325,003830,대한화섬,113000,1000,218,,,,
20250325,003850,보령,9430,50,159191,,,,
20250325,003920,남양유업,70500,-300,14167,,,,
20250325,003925,남양유업우,36700,-350,6425,,,,
20250325,003960,사조대림,39700,-600,25691,,,,
20250325,004000,롯데정밀화학,40550,-300,50582,,,,
20250325,004020,현대제철,27450,-2050,2146662,,,,
20250325,004060,SG세계물산,3220,10,35688,,,,
20250325,004080,신흥,14600,-50,207,,,,
20250325,004090,한국석유,12680,-160,88077,,,,
20250325,004100,태양금속,2640,-20,268826,,,,
20250325,004105,태양금속우,4275,-75,12295,,,,
20250325,004140,동방,2200,-30,266932,,,,
20250325,004150,한솔홀딩스,2510,0,42793,,,,
20250325,004170,신세계,145600,-1000,16303,,,,
20250325,004250,NPC,3900,-40,16744,,,,
20250325,004255,NPC우,2400,10,2254,,,,
20250325,004270,남성,8395,-119,10581,,,,
20250325,004310,현대약품,3235,0,24852,,,,
20250325,004360,세방,11590,-90,21117,,,,
20250325,004365,세방우,7610,-60,8780,,,,
20250325,004370,농심,412500,-8500,33219,,,,
20250325,004380,삼익THK,13952,-823,291968,,,,
20250325,004410,서울식품,1450,20,139177,,,,
20250325,004415,서울식품우,12070,-10,788,,,,
20250325,004430,송원산업,12700,-370,56844,,,,
20250325,004440,삼일씨엔에스,4030,-60,18222,,,,
20250325,004450,삼화왕관,30800,100,1502,,,,
20250325,004490,세방전지,72900,3700,105643,,,,
20250325,004540,깨끗한나라,2215,-55,138717,,,,
20250325,004545,깨끗한나라우,11710,0,231,,,,
20250325,004560,현대비앤지스틸,12620,-190,131324,,,,
20250325,004690,삼천리,89800,-100,5951,,,,
20250325,004700,조광피혁,51400,200,3218,,,,
20250325,004710,한솔테크닉스,4364,242,266321,,,,
20250325,004720,팜젠사이언스,4090,5,24259,,,,
20250325,004770,써니전자,2200,20,265097,,,,
20250325,004800,효성,47550,350,8886,,,,
20250325,004830,덕성,7290,310,872689,,,,
20250325,004835,덕성우,10960,310,31155,,,,
20250325,004840,DRB동일,3990,-105,14475,,,,
20250325,004870,티웨이홀딩스,3244,-62,62173,,,,
20250325,004890,동일산업,40000,0,1616,,,,
20250325,004910,조광페인트,5660,-40,34985,,,,
20250325,004920,씨아이테크,1053,14,35267,,,,
20250325,004960,한신공영,6210,10,12329,,,,
20250325,004970,신라교역,8770,-20,20423,,,,
20250325,004980,성신양회,7130,-90,42912,,,,
20250325,004985,성신양회우,10680,-60,1740,,,,
20250325,004990,롯데지주,23200,-50,65210,,,,
20250325,00499K,롯데지주우,26900,-200,58,,,,
20250325,005010,휴스틸,5380,-350,2988464,,,,
20250325,005030,부산주공,486,0,0,,,,
20250325,005070,코스모신소재,46400,-1100,220989,,,,
20250325,005090,SGC에너지,22500,-200,21119,,,,
20250325,005110,한창,1254,0,0,,,,
20250325,005180,빙그레,93700,-3800,56790,,,,
20250325,005250,녹십자홀딩스,13790,120,41007,,,,
20250325,005257,녹십자홀딩스2우,20950,200,155,,,,
20250325,005300,롯데칠성,111000,-1200,14415,,,,
20250325,005305,롯데칠성우,65500,-100,1717,,,,
20250325,005320,온타이드,910,20,45767,,,,
20250325,005360,모나미,2010,0,34994,,,,
20250325,005380,현대차,220000,7000,2097056,,,,
20250325,005385,현대차우,158100,4800,184719,,,,
20250325,005387,현대차2우B,161200,4000,160703,,,,
20250325,005389,현대차3우B,157200,3700,20454,,,,
20250325,005420,코스모화학,17840,-170,69685,,,,
20250325,005430,한국공항,50500,0,9624,,,,
20250325,005440,현대지에프홀딩스,5120,-180,172644,,,,
20250325,005490,POSCO홀딩스,307500,-1000,268530,,,,
20250325,005500,삼진제약,17750,50,8035,,,,
20250325,005610,삼립,61000,3500,233031,,,,
20250325,005680,삼영전자,10020,140,9358,,,,
20250325,005690,파미셀,11080,-490,1851935,,,,
20250325,005720,넥센,4675,35,78474,,,,
20250325,005725,넥센우,3170,40,943,,,,
20250325,005740,크라운해태홀딩스,5390,-20,12765,,,,
20250325,005745,크라운해태홀딩스우,7760,-30,203,,,,
20250325,005750,대림바스,3960,-10,24826,,,,
20250325,005800,신영와코루,10200,-20,23725,,,,
20250325,005810,풍산홀딩스,27800,-750,31826,,,,
20250325,005820,원림,14000,80,2915,,,,
20250325,005830,DB손해보험,98000,-100,245734,,,,
20250325,005850,에스엘,39100,200,607139,,,,
20250325,005870,휴니드,9620,-910,3467855,,,,
20250325,005880,대한해운,1693,-12,1665913,,,,
20250325,005930,삼성전자,59800,-700,17259455,,,,
20250325,005935,삼성전자우,49250,-450,1592698,,,,
20250325,005940,NH투자증권,14930,160,460750,,,,
20250325,005945,NH투자증권우,13370,40,184769,,,,
20250325,005950,이수화학,6020,-80,60179,,,,
20250325,005960,동부건설,3480,0,11625,,,,
20250325,005965,동부건설우,18050,-150,290,,,,
20250325,006040,동원산업,37250,-550,9943,,,,
20250325,006060,화승인더,4940,-10,243433,,,,
20250325,006090,사조오양,8260,0,4565,,,,
20250325,006110,삼아알미늄,28200,-100,25518,,,,
20250325,006120,SK디스커버리,39050,-1600,33216,,,,
20250325,006125,SK디스커버리우,32700,-1100,7373,,,,
20250325,006200,한국전자홀딩스,3500,-15,10870,,,,
20250325,006220,제주은행,7760,-140,60325,,,,
20250325,006260,LS,113400,-2900,154246,,,,
20250325,006280,녹십자,133400,1400,22800,,,,
20250325,006340,대원전선,2840,-50,806324,,,,
20250325,006345,대원전선우,3700,-60,28072,,,,
20250325,006360,GS건설,17180,-260,344361,,,,
20250325,006370,대구백화점,8020,-420,40934,,,,
20250325,006380,카프로,3660,0,0,,,,
20250325,006400,삼성SDI,197764,489,254972,,,,
20250325,006405,삼성SDI우,115846,578,8359,,,,
20250325,006490,프리티,6700,65,64009,,,,
20250325,006570,대림통상,2415,110,7884,,,,
20250325,006650,대한유화,92500,-3200,26069,,,,
20250325,006660,삼성공조,16030,-580,580789,,,,
20250325,006740,블루산업개발,2283,-21,74250,,,,
20250325,006800,미래에셋증권,9877,160,928801,,,,
20250325,006805,미래에셋증권우,4666,-40,116066,,,,
20250325,00680K,미래에셋증권2우B,4187,-5,414772,,,,
20250325,006840,AK홀딩스,10100,-240,4396,,,,
20250325,006880,신송홀딩스,6810,-200,109678,,,,
20250325,006890,태경케미컬,11630,-100,31576,,,,
20250325,006980,우성,14470,90,742,,,,
20250325,007070,GS리테일,14890,-110,137244,,,,
20250325,007110,일신석재,1901,-50,977607,,,,
20250325,007120,미래아이앤지,777,-4,50143,,,,
20250325,007160,사조산업,33700,-100,5838,,,,
20250325,007210,벽산,2160,5,168467,,,,
20250325,007280,한국특강,3480,-2,45182,,,,
20250325,007310,오뚜기,414000,-1500,3459,,,,
20250325,007340,DN오토모티브,21900,0,50914,,,,
20250325,007460,에이프로젠,750,-17,1966935,,,,
20250325,007540,샘표,41700,-350,2340,,,,
20250325,007570,일양약품,11232,-123,189119,,,,
20250325,007575,일양약품우,12226,-1881,14699,,,,
20250325,007590,동방아그로,5990,-30,2410,,,,
20250325,007610,선도전기,3000,0,0,,,,
20250325,007660,이수페타시스,37150,-800,1396266,,,,
20250325,007690,국도화학,30150,-100,3828,,,,
20250325,007700,F&F홀딩스,12380,50,4114,,,,
20250325,007810,코리아써키트,12370,-350,401040,,,,
20250325,007815,코리아써우,5870,-170,1838,,,,
20250325,00781K,코리아써키트2우B,5400,-30,485,,,,
20250325,007860,서연,8170,-10,347891,,,,
20250325,007980,TP,1351,1,71843,,,,
20250325,008040,사조동아원,1060,-2,452217,,,,
20250325,008060,대덕,7150,-20,106928,,,,
20250325,00806K,대덕1우,7330,-60,332,,,,
20250325,008250,이건산업,4985,-105,27452,,,,
20250325,008260,NI스틸,3395,-15,54219,,,,
20250325,008350,남선알미늄,1440,12,778603,,,,
20250325,008355,남선알미우,15050,240,652,,,,
20250325,008420,문배철강,2465,-45,668945,,,,
20250325,008490,서흥,14810,-500,31257,,,,
20250325,008600,윌비스,3061,-320,1102718,,,,
20250325,008700,아남전자,1503,-47,904148,,,,
20250325,008730,율촌화학,29050,-650,71066,,,,
20250325,008770,호텔신라,40500,-350,59672,,,,
20250325,008775,호텔신라우,33500,-550,10493,,,,
20250325,008870,금비,55100,-200,689,,,,
20250325,008930,한미사이언스,28600,400,48574,,,,
20250325,008970,KBI동양철관,2101,37,54276772,,,,
20250325,009070,KCTC,3720,-70,46846,,,,
20250325,009140,경인전자,18720,-100,3730,,,,
20250325,009150,삼성전기,137600,0,214304,,,,
20250325,009155,삼성전기우,61200,-400,3242,,,,
20250325,009160,SIMPAC,3955,20,60104,,,,
20250325,009180,한솔로지스틱스,2375,40,212288,,,,
20250325,009190,대양금속,1425,24,243437,,,,
20250325,009200,무림페이퍼,2040,-5,55404,,,,
20250325,009240,한샘,43950,200,11922,,,,
20250325,009270,신원,1271,0,435902,,,,
20250325,009290,광동제약,5480,-10,35201,,,,
20250325,009310,참엔지니어링,1500,30,55206,,,,
20250325,009320,아진전자부품,1028,24,71150,,,,
20250325,009410,태영건설,2945,60,1726494,,,,
20250325,009415,태영건설우,6450,290,24468,,,,
20250325,009420,한올바이오파마,30150,1450,531655,,,,
20250325,009440,KC그린홀딩스,756,0,0,,,,
20250325,009450,경동나비엔,74800,-400,46134,,,,
20250325,009460,한창제지,3465,10,16218,,,,
20250325,009470,삼화전기,33200,-3350,211692,,,,
20250325,009540,HD한국조선해양,207000,-4000,183485,,,,
20250325,009580,무림P&P,2900,30,138257,,,,
20250325,009680,모토닉,9400,80,47708,,,,
20250325,009770,삼정펄프,25000,-450,4405,,,,
20250325,009810,MDS스피어,3125,-50,17561,,,,
20250325,009830,한화솔루션,18430,-340,934523,,,,
20250325,009835,한화솔루션우,16031,-325,5669,,,,
20250325,009900,명신산업,9180,170,860571,,,,
20250325,009970,영원무역홀딩스,94000,200,11801,,,,
20250325,010040,한국내화,2085,-65,75361,,,,
20250325,010060,OCI홀딩스,74200,-1800,57661,,,,
20250325,010100,한국무브넥스,4740,-75,1472169,,,,
20250325,010120,LS ELECTRIC,38240,60,1434640,,,,
20250325,010130,고려아연,824000,5000,14056,,,,
20250325,010140,삼성중공업,14000,-670,8624345,,,,
20250325,010400,우진아이엔에스,2690,-70,14441,,,,
20250325,010580,에스엠벡셀,1215,-9,32304,,,,
20250325,010640,진양폴리,4859,42,33385,,,,
20250325,010660,화천기계,3050,10,112072,,,,
20250325,010690,화신,8960,300,3767732,,,,
20250325,010770,평화홀딩스,6930,150,599804,,,,
20250325,010780,아이에스동서,17000,140,70669,,,,
20250325,010820,퍼스텍,3530,-155,753630,,,,
20250325,010950,S-Oil,57800,100,105665,,,,
20250325,010955,S-Oil우,37700,-200,2888,,,,
20250325,010960,삼호개발,3055,-15,16029,,,,
20250325,011000,진원생명과학,10325,-100,47691,,,,
20250325,011070,LG이노텍,167300,3600,144904,,,,
20250325,011090,에넥스,2570,5,21200,,,,
20250325,011150,CJ씨푸드,3115,-50,198503,,,,
20250325,011155,CJ씨푸드1우,15710,-490,756,,,,
20250325,011170,롯데케미칼,66300,-1600,121017,,,,
20250325,011200,HMM,20550,200,1784934,,,,
20250325,011210,현대위아,48800,300,190730,,,,
20250325,011230,삼화전자,4295,-40,199132,,,,
20250325,011280,태림포장,2035,-10,81024,,,,
20250325,011300,우성머티리얼스,6050,90,51295,,,,
20250325,011330,유니켐,13960,0,16985,,,,
20250325,011390,부산산업,66900,-1500,10241,,,,
20250325,011420,갤럭시아에스엠,1960,-3,173054,,,,
20250325,011500,한농화성,16160,-420,233455,,,,
20250325,011690,와이투솔루션,2350,5,153802,,,,
20250325,011700,한신기계,2960,-50,110462,,,,
20250325,011760,현대코퍼레이션,23350,-750,48883,,,,
20250325,011780,금호석유화학,117000,-2200,90144,,,,
20250325,011785,금호석유화학우,52800,-800,2928,,,,
20250325,011790,SKC,109596,-2444,180349,,,,
20250325,011810,STX,3905,-105,128675,,,,
20250325,011930,신성이엔지,12050,-50,50766,,,,
20250325,012030,DB,1307,-44,302853,,,,
20250325,012160,영흥,2000,5,7550,,,,
20250325,012170,아센디오,3545,20,1131379,,,,
20250325,012200,계양전기,1414,3,19232,,,,
20250325,012205,계양전기우,3359,111,4577,,,,
20250325,012280,영화금속,794,9,60579,,,,
20250325,012320,경동인베스트,63900,-600,14801,,,,
20250325,012330,현대모비스,281500,2000,358202,,,,
20250325,012450,한화에어로스페이스,643997,-20679,354896,,,,
20250325,012610,경인양행,2960,-55,67314,,,,
20250325,012630,HDC,14300,-230,76604,,,,
20250325,012690,모나리자,2790,-15,70619,,,,
20250325,012750,에스원,62600,100,66326,,,,
20250325,012800,대창,1405,2,1255257,,,,
20250325,013000,세우글로벌,1223,3,31369,,,,
20250325,013360,일성건설,2780,-250,1220989,,,,
20250325,013520,화승코퍼레이션,1757,10,61121,,,,
20250325,013570,디와이,3980,-20,54173,,,,
20250325,013580,계룡건설,13060,-210,12528,,,,
20250325,013700,까뮤이앤씨,1184,-7,108406,,,,
20250325,013870,지엠비코리아,3825,0,25054,,,,
20250325,013890,지누스,19900,900,349355,,,,
20250325,014130,한익스프레스,3375,-15,9773,,,,
20250325,014160,대영포장,1378,-10,915409,,,,
20250325,014280,금강공업,4000,0,62305,,,,
20250325,014285,금강공업우,6400,20,1,,,,
20250325,014440,영보화학,4510,130,38702,,,,
20250325,014530,극동유화,3345,-15,14340,,,,
20250325,014580,태경비케이,4405,-55,67187,,,,
20250325,014680,한솔케미칼,126700,-4000,79831,,,,
20250325,014710,사조씨푸드,5280,80,51922,,,,
20250325,014790,HL D&I,2190,-45,111434,,,,
20250325,014820,동원시스템즈,36050,-150,8175,,,,
20250325,014825,동원시스템즈우,18200,50,25,,,,
20250325,014830,유니드,75500,100,38074,,,,
20250325,014910,성문전자,1123,23,43579,,,,
20250325,014915,성문전자우,4465,-115,4089,,,,
20250325,014990,인디에프,3545,-25,19861,,,,
20250325,015020,이스타코,2408,-232,582745,,,,
20250325,015230,대창단조,5110,-20,71478,,,,
20250325,015260,에이엔피,487,6,21010,,,,
20250325,015360,INVENI,9400,70,32565,,,,
20250325,015590,DKME,2575,0,0,,,,
20250325,015760,한국전력,22600,300,1925660,,,,
20250325,015860,일진홀딩스,3590,-40,35311,,,,
20250325,015890,태경산업,4835,-45,35729,,,,
20250325,016090,대현,2025,-5,37462,,,,
20250325,016360,삼성증권,46700,-100,145180,,,,
20250325,016380,KG스틸,6490,-30,163852,,,,
20250325,016450,한세예스24홀딩스,4130,50,46463,,,,
20250325,016580,환인제약,11420,-110,20641,,,,
20250325,016590,신대양제지,6970,40,30287,,,,
20250325,016610,DB증권,5830,-70,92597,,,,
20250325,016710,대성홀딩스,7060,20,8297,,,,
20250325,016740,두올,3095,0,101563,,,,
20250325,016800,퍼시스,41200,-100,428,,,,
20250325,016880,웅진,853,-6,113321,,,,
20250325,017040,광명전기,1357,-12,126259,,,,
20250325,017180,명문제약,1597,1,15727,,,,
20250325,017370,우신시스템,6310,310,739487,,,,
20250325,017390,서울가스,49050,0,1957,,,,
20250325,017550,수산세보틱스,1850,-25,96666,,,,
20250325,017670,SK텔레콤,56100,300,315942,,,,
20250325,017800,현대엘리베이터,54700,-400,73830,,,,
20250325,017810,풀무원,15700,-550,166478,,,,
20250325,017860,DS단석,24411,-743,190125,,,,
20250325,017900,광전자,1731,-8,28350,,,,
20250325,017940,E1,61100,-600,12639,,,,
20250325,017960,한국카본,14200,-590,751014,,,,
20250325,018250,애경산업,14130,-190,42817,,,,
20250325,018260,삼성에스디에스,120600,300,79638,,,,
20250325,018470,조일알미늄,1592,-15,327154,,,,
20250325,018500,동원모빌리티,1599,-5,970210,,,,
20250325,018670,SK가스,243500,-3500,10783,,,,
20250325,018880,한온시스템,3727,23,1428336,,,,
20250325,019170,신풍제약,7990,-10,125252,,,,
20250325,019175,신풍제약우,12390,20,551,,,,
20250325,019180,티에이치엔,3185,30,168012,,,,
20250325,019490,엑시큐어하이트론,740,-10,1145789,,,,
20250325,019680,대교,2115,-20,17790,,,,
20250325,019685,대교우B,1271,-2,5821,,,,
20250325,020000,한섬,15530,20,31381,,,,
20250325,020120,키다리스튜디오,3270,-45,63175,,,,
20250325,020150,롯데에너지머티리얼즈,25000,-750,114076,,,,
20250325,020560,아시아나항공,10340,-220,125248,,,,
20250325,020760,일진디스플,813,0,17212,,,,
20250325,021050,서원,1250,-18,181450,,,,
20250325,021240,코웨이,86400,1500,107831,,,,
20250325,021820,세원정공,7900,40,5400,,,,
20250325,022100,포스코DX,26250,-250,893854,,,,
20250325,023000,삼원강재,2365,5,6545,,,,
20250325,023150,MH에탄올,5060,60,2985,,,,
20250325,023350,한국종합기술,5090,-110,56845,,,,
20250325,023450,동남합성,33600,100,2171,,,,
20250325,023530,롯데쇼핑,64500,-1000,49756,,,,
20250325,023590,다우기술,21250,-300,112388,,,,
20250325,023800,인지컨트롤스,5930,110,45780,,,,
20250325,023810,인팩,5840,100,124363,,,,
20250325,023960,에쓰씨엔지니어링,1253,0,60961,,,,
20250325,024070,WISCOM,1838,-43,3847,,,,
20250325,024090,디씨엠,11760,110,8087,,,,
20250325,024110,기업은행,15770,30,1443043,,,,
20250325,024720,콜마홀딩스,9100,-500,769497,,,,
20250325,024890,대원화성,4665,-30,8669,,,,
20250325,024900,디와이덕양,2935,10,650449,,,,
20250325,025000,KPX케미칼,41174,-425,8601,,,,
20250325,025530,SJM홀딩스,3100,-70,158203,,,,
20250325,025540,한국단자,71400,1600,83079,,,,
20250325,025560,미래산업,2771,0,52540,,,,
20250325,025620,차AI헬스케어,3400,50,21193,,,,
20250325,025750,한솔홈데코,4130,-25,56152,,,,
20250325,025820,이구산업,4790,-35,762187,,,,
20250325,025860,남해화학,6300,-30,66911,,,,
20250325,025890,한국주강,1752,12,8102,,,,
20250325,026890,스틱인베스트먼트,8590,200,115123,,,,
20250325,026940,부국철강,2525,-10,62092,,,,
20250325,026960,동서,27000,-200,69038,,,,
20250325,027410,BGF,3460,0,59144,,,,
20250325,027740,마니커,1778,-2,40022,,,,
20250325,027970,한국제지,3975,-30,5197,,,,
20250325,028050,삼성E&A,20100,0,759743,,,,
20250325,028100,동아지질,13160,20,12435,,,,
20250325,028260,삼성물산,124100,100,139862,,,,
20250325,02826K,삼성물산우B,88900,-300,737,,,,
20250325,028670,팬오션,3540,-80,1379431,,,,
20250325,029460,케이씨,18010,-340,4633,,,,
20250325,029530,신도리코,39600,900,9971,,,,
20250325,029780,삼성카드,44200,600,134359,,,,
20250325,030000,제일기획,18150,100,214853,,,,
20250325,030190,NICE평가정보,12250,10,26374,,,,
20250325,030200,KT,50000,400,169840,,,,
20250325,030210,다올투자증권,3350,130,283777,,,,
20250325,030610,교보증권,6460,-10,542904,,,,
20250325,030720,동원수산,4945,-95,5911,,,,
20250325,031210,서울보증보험,35400,-500,870877,,,,
20250325,031430,신세계인터내셔날,10220,-130,110355,,,,
20250325,031820,아이티센씨티에스,5730,-200,43629,,,,
20250325,032350,롯데관광개발,8040,0,163305,,,,
20250325,032560,황금에스티,5070,-20,13248,,,,
20250325,032640,LG유플러스,10800,90,700824,,,,
20250325,032830,삼성생명,84900,-100,171563,,,,
20250325,033240,자화전자,13150,-160,68720,,,,
20250325,033250,체시스,5565,-70,35848,,,,
20250325,033270,유나이티드제약,20450,-400,35024,,,,
20250325,033530,SJG세종,4355,40,141082,,,,
20250325,033780,KT&G,101300,200,184063,,,,
20250325,033920,무학,6730,-40,35468,,,,
20250325,034020,두산에너빌리티,26550,-50,6096858,,,,
20250325,034120,SBS,19180,-160,58111,,,,
20250325,034220,LG디스플레이,9170,10,508692,,,,
20250325,034230,파라다이스,10760,50,258852,,,,
20250325,034310,NICE,11340,-100,7646,,,,
20250325,034590,인천도시가스,24650,150,306,,,,
20250325,034730,SK,138800,100,177394,,,,
20250325,03473K,SK우,124200,600,1723,,,,
20250325,034830,한국토지신탁,993,-4,169639,,,,
20250325,035000,HS애드,6640,-10,24764,,,,
20250325,035150,백산,15100,50,60865,,,,
20250325,035250,강원랜드,16830,30,329154,,,,
20250325,035420,NAVER,207500,500,365297,,,,
20250325,035510,신세계 I&C,12120,-160,108896,,,,
20250325,035720,카카오,42200,300,827099,,,,
20250325,036420,콘텐트리중앙,8400,30,101343,,,,
20250325,036460,한국가스공사,36200,-900,355087,,,,
20250325,036530,SNT홀딩스,34950,1700,76934,,,,
20250325,036570,NC,161300,600,29268,,,,
20250325,036580,팜스코,2110,-50,52607,,,,
20250325,037270,YG PLUS,5520,360,10371262,,,,
20250325,037560,LG헬로비전,2365,0,127509,,,,
20250325,037710,광주신세계,29850,150,38887,,,,
20250325,039130,하나투어,54700,200,26091,,,,
20250325,039490,키움증권,130700,-500,82780,,,,
20250325,039570,HDC랩스,8410,-40,21396,,,,
20250325,041650,상신브레이크,3000,35,203867,,,,
20250325,042660,한화오션,68500,-4600,3026833,,,,
20250325,042700,한미반도체,85200,-1800,344483,,,,
20250325,044380,주연테크,1615,-10,13223,,,,
20250325,044450,KSS해운,8720,80,128013,,,,
20250325,044820,코스맥스비티아이,10360,0,11027,,,,
20250325,047040,대우건설,3290,20,438321,,,,
20250325,047050,포스코인터내셔널,53300,-3900,917289,,,,
20250325,047400,유니온머티리얼,1950,-41,195329,,,,
20250325,047810,한국항공우주,82000,-1900,1341700,,,,
20250325,049800,우진플라임,2000,-50,23412,,,,
20250325,051600,한전KPS,42700,-250,87174,,,,
20250325,051630,진양화학,3595,15,139522,,,,
20250325,051900,LG생활건강,323000,-1000,27797,,,,
20250325,051905,LG생활건강우,128300,100,3857,,,,
20250325,051910,LG화학,259500,-5000,255202,,,,
20250325,051915,LG화학우,120500,-3600,58928,,,,
20250325,052690,한전기술,60900,200,39857,,,,
20250325,053210,스카이라이프,4500,10,39422,,,,
20250325,053690,한미글로벌,15940,-170,67908,,,,
20250325,055490,테이팩스,13300,-150,7399,,,,
20250325,055550,신한지주,48950,350,1064323,,,,
20250325,058430,포스코스틸리온,4325,-160,880840,,,,
20250325,058650,세아홀딩스,94200,0,119,,,,
20250325,058730,다스코,2915,45,76276,,,,
20250325,058850,KTcs,2630,-10,191859,,,,
20250325,058860,KTis,2565,5,82805,,,,
20250325,060980,HL홀딩스,37100,-350,13525,,,,
20250325,062040,산일전기,59500,-1800,302192,,,,
20250325,063160,종근당바이오,20750,150,6153,,,,
20250325,064350,현대로템,105500,-10200,1973856,,,,
20250325,064400,LG씨엔에스,51600,-400,209816,,,,
20250325,064960,SNT모티브,28100,1350,521583,,,,
20250325,066570,LG전자,82800,1000,271450,,,,
20250325,066575,LG전자우,39800,250,19491,,,,
20250325,066970,엘앤에프,68700,-400,250876,,,,
20250325,067830,세이브존I&C,2250,25,11839,,,,
20250325,068270,셀트리온,170766,826,390800,,,,
20250325,068290,삼성출판사,14850,-150,13995,,,,
20250325,069260,TKG휴켐스,16030,80,33298,,,,
20250325,069460,대호에이엘,7450,-305,208341,,,,
20250325,069620,대웅제약,120800,1600,21288,,,,
20250325,069640,한세엠케이,2012,-10,3093,,,,
20250325,069730,DSR제강,3340,-110,49151,,,,
20250325,069960,현대백화점,56900,-600,67780,,,,
20250325,070960,모나용평,3760,-140,322303,,,,
20250325,071050,한국금융지주,75000,-100,150688,,,,
20250325,071055,한국금융지주우,56300,100,10052,,,,
20250325,071090,하이스틸,3850,-455,2302328,,,,
20250325,071320,지역난방공사,52200,400,17681,,,,
20250325,071840,롯데하이마트,7350,-30,27666,,,,
20250325,071950,코아스,9520,-10,3835,,,,
20250325,071970,HD현대마린엔진,27050,-800,662258,,,,
20250325,072130,유엔젤,5610,-140,287499,,,,
20250325,072710,농심홀딩스,65900,-500,4372,,,,
20250325,073240,금호타이어,5020,30,895781,,,,
20250325,074610,이엔플러스,6190,280,88927,,,,
20250325,075180,새론오토모티브,3270,45,15610,,,,
20250325,075580,세진중공업,7060,-180,390734,,,,
20250325,077500,유니퀘스트,5820,-140,258782,,,,
20250325,077970,STX엔진,24100,-550,353861,,,,
20250325,078000,텔코웨어,8800,0,33161,,,,
20250325,078520,에이블씨엔씨,6830,-80,124871,,,,
20250325,078930,GS,36900,-100,150378,,,,
20250325,078935,GS우,36400,-100,4113,,,,
20250325,079160,CJ CGV,4780,-40,236207,,,,
20250325,079430,현대리바트,7230,-30,31383,,,,
20250325,079550,LIG디펜스앤에어로스페이스,258000,-10000,198557,,,,
20250325,079900,전진건설로봇,50500,1000,310039,,,,
20250325,079980,휴비스,2700,-70,79030,,,,
20250325,081000,일진다이아,11320,-170,16286,,,,
20250325,081660,미스토홀딩스,38800,-200,129028,,,,
20250325,082640,동양생명,5170,-60,97309,,,,
20250325,082740,한화엔진,22500,-1100,2072925,,,,
20250325,083420,그린케미칼,6080,-20,37379,,,,
20250325,084010,대한제강,10776,-73,53971,,,,
20250325,084670,동양고속,7010,-40,1090,,,,
20250325,084680,이월드,1261,-16,116110,,,,
20250325,084690,대상홀딩스,11500,-10,228195,,,,
20250325,084695,대상홀딩스우,23100,-50,11561,,,,
20250325,084870,TBH글로벌,1120,-5,33315,,,,
20250325,085310,엔케이,8350,-250,12044,,,,
20250325,085620,미래에셋생명,4400,-160,25657,,,,
20250325,086280,현대글로비스,127100,-4500,302374,,,,
20250325,086790,하나금융지주,62600,100,467432,,,,
20250325,088260,이리츠코크렙,4325,25,40617,,,,
20250325,088350,한화생명,2615,-20,424950,,,,
20250325,088790,진도,1792,-6,9160,,,,
20250325,088980,맥쿼리인프라,11000,0,360712,,,,
20250325,089470,HDC현대EP,3625,5,24169,,,,
20250325,089590,제주항공,7040,0,96805,,,,
20250325,089860,롯데렌탈,29750,400,100456,,,,
20250325,090080,평화산업,1129,-15,469635,,,,
20250325,090350,노루페인트,7750,-50,39206,,,,
20250325,090355,노루페인트우,12760,-10,321,,,,
20250325,090370,메타랩스,1459,11,34939,,,,
20250325,090430,아모레퍼시픽,108800,100,226640,,,,
20250325,090435,아모레퍼시픽우,35500,-50,6017,,,,
20250325,090460,비에이치,14900,-100,180503,,,,
20250325,091810,트리니티항공,2176,9,851078,,,,
20250325,092200,디아이씨,4500,-25,1913080,,,,
20250325,092220,KEC,3910,-65,126106,,,,
20250325,092230,KPX홀딩스,54900,-800,9720,,,,
20250325,092440,기신정기,2405,0,6860,,,,
20250325,092780,DYP,4650,65,10393,,,,
20250325,092790,넥스틸,14550,-1750,3167463,,,,
20250325,093050,LF,15120,-290,57158,,,,
20250325,093240,형지엘리트,1489,-73,907380,,,,
20250325,093370,후성,4995,-95,281371,,,,
20250325,094280,효성ITX,11820,-10,6171,,,,
20250325,094800,맵스리얼티,4255,-5,5659,,,,
20250325,095570,AJ네트웍스,3795,-10,65182,,,,
20250325,095720,웅진씽크빅,3010,-28,48984,,,,
20250325,096760,JW홀딩스,3075,85,154326,,,,
20250325,096770,SK이노베이션,124100,-1400,135819,,,,
20250325,096775,SK이노베이션우,76400,-900,1669,,,,
20250325,097230,HJ중공업,6840,-290,1144199,,,,
20250325,097520,엠씨넥스,24850,50,57671,,,,
20250325,097950,CJ제일제당,259000,-7000,68723,,,,
20250325,097955,CJ제일제당 우,136700,-100,3380,,,,
20250325,100090,SK오션플랜트,14340,40,65360,,,,
20250325,100220,비상교육,4730,-20,17353,,,,
20250325,100250,진양홀딩스,2906,5,7065,,,,
20250325,100840,SNT에너지,30850,-300,178647,,,,
20250325,101140,인바이오젠,7220,90,5111,,,,
20250325,101530,해태제과식품,6350,-150,49182,,,,
20250325,102260,동성케미컬,3716,-29,74562,,,,
20250325,102460,이연제약,11830,130,27856,,,,
20250325,103140,풍산,63500,-3000,288947,,,,
20250325,103590,일진전기,27950,-100,508865,,,,
20250325,104700,한국철강,8050,-140,15289,,,,
20250325,105560,KB금융,81900,100,1311376,,,,
20250325,105630,한세실업,12040,70,61058,,,,
20250325,105840,우진,7420,20,92745,,,,
20250325,107590,미원홀딩스,72800,0,192,,,,
20250325,108320,LX세미콘,56700,-1200,47341,,,,
20250325,108670,LX하우시스,29900,-100,17081,,,,
20250325,108675,LX하우시스우,18000,0,588,,,,
20250325,109070,주성코퍼레이션,1185,0,0,,,,
20250325,111110,호전실업,8070,30,25556,,,,
20250325,111380,동인기연,15370,60,6738,,,,
20250325,111770,영원무역,51100,-300,39286,,,,
20250325,112610,씨에스윈드,36700,-200,100250,,,,
20250325,114090,GKL,10800,120,63811,,,,
20250325,117580,대성에너지,7780,-20,28619,,,,
20250325,118000,메타케어,3130,-20,54569,,,,
20250325,119650,KC코트렐,918,0,0,,,,
20250325,120030,조선선재,98100,-700,1799,,,,
20250325,120110,코오롱인더,30800,-100,70938,,,,
20250325,120115,코오롱인더우,19350,-70,3395,,,,
20250325,122900,아이마켓코리아,7910,-10,21767,,,,
20250325,123690,한국화장품,6830,-100,57219,,,,
20250325,123700,SJM,3015,15,40244,,,,
20250325,123890,한국자산신탁,2485,-5,164760,,,,
20250325,126560,현대퓨처넷,2985,-5,108077,,,,
20250325,126720,수산인더스트리,19970,-230,50546,,,,
20250325,128820,대성산업,3520,-56,118465,,,,
20250325,128940,한미약품,244000,2000,25966,,,,
20250325,129260,인터지스,2335,-25,95245,,,,
20250325,130660,한전산업,10390,70,164250,,,,
20250325,133820,화인베스틸,940,-36,98811,,,,
20250325,134380,미원화학,7880,30,870,,,,
20250325,134790,시디즈,25050,50,415,,,,
20250325,136490,선진,5680,-110,25881,,,,
20250325,137310,에스디바이오센서,9780,180,98386,,,,
20250325,138040,메리츠금융지주,118200,-200,147836,,,,
20250325,138930,BNK금융지주,10780,-150,1087338,,,,
20250325,139130,iM금융지주,9130,-20,297803,,,,
20250325,139480,이마트,80400,-2200,138417,,,,
20250325,139990,아주스틸,4065,-95,13546,,,,
20250325,143210,핸즈코퍼레이션,1820,30,6463,,,,
20250325,145210,다이나믹디자인,8460,-2800,248427,,,,
20250325,145270,케이탑리츠,975,-4,54063,,,,
20250325,145720,덴티움,67600,2800,82944,,,,
20250325,145990,삼양사,46200,-100,16535,,,,
20250325,145995,삼양사우,30000,-300,220,,,,
20250325,155660,DSR,3730,-80,20088,,,,
20250325,161000,애경케미칼,6890,-150,230408,,,,
20250325,161390,한국타이어앤테크놀로지,42650,550,443843,,,,
20250325,161890,한국콜마,64300,-1100,126777,,,,
20250325,163560,동일고무벨트,7440,40,28882,,,,
20250325,170900,동아에스티,44539,-286,11280,,,,
20250325,175330,JB금융지주,17820,130,218897,,,,
20250325,178920,PI첨단소재,17600,-120,71071,,,,
20250325,180640,한진칼,81100,1300,33157,,,,
20250325,18064K,한진칼우,23350,200,168,,,,
20250325,181710,NHN,18380,-10,38077,,,,
20250325,183190,아세아시멘트,10030,-160,41806,,,,
20250325,185750,종근당,80900,-700,9585,,,,
20250325,192080,더블유게임즈,50800,100,17160,,,,
20250325,192400,쿠쿠홀딩스,22000,-150,9191,,,,
20250325,192650,드림텍,7000,-70,115360,,,,
20250325,192820,코스맥스,178000,-4500,48872,,,,
20250325,194370,제이에스코퍼레이션,8915,80,128532,,,,
20250325,195870,해성디에스,29050,-1500,113219,,,,
20250325,200880,서연이화,13800,280,1217222,,,,
20250325,204320,HL만도,43700,1550,454089,,,,
20250325,207940,삼성바이오로직스,1580653,-5887,29289,,,,
20250325,210540,디와이파워,11560,-160,39904,,,,
20250325,210980,SK디앤디,8710,-260,83008,,,,
20250325,213500,한솔제지,8490,-80,132952,,,,
20250325,214320,이노션,18120,-630,186077,,,,
20250325,214330,금호에이치티,15613,81,6484,,,,
20250325,214390,경보제약,5630,110,21227,,,,
20250325,214420,토니모리,8590,-540,918652,,,,
20250325,226320,잇츠한불,11130,-80,15134,,,,
20250325,227840,현대코퍼레이션홀딩스,10420,-10,6306,,,,
20250325,229640,LS에코에너지,33250,-1350,154034,,,,
20250325,234080,JW생명과학,11400,-100,33556,,,,
20250325,241560,두산밥캣,50400,-300,105853,,,,
20250325,241590,화승엔터프라이즈,8820,110,254861,,,,
20250325,244920,에이플러스에셋,4020,35,44111,,,,
20250325,248070,솔루엠,17470,-530,144146,,,,
20250325,248170,샘표식품,25800,-550,16286,,,,
20250325,249420,일동제약,11150,110,39895,,,,
20250325,251270,넷마블,40250,200,96754,,,,
20250325,259960,크래프톤,336000,500,86148,,,,
20250325,264900,크라운제과,8130,-70,20075,,,,
20250325,26490K,크라운제과우,9070,-290,3703,,,,
20250325,267250,HD현대,74800,-500,139417,,,,
20250325,267260,HD현대일렉트릭,347000,12000,272889,,,,
20250325,267270,HD건설기계,70300,0,86824,,,,
20250325,267290,경동도시가스,17550,40,4098,,,,
20250325,267850,아시아나IDT,11190,-70,8889,,,,
20250325,268280,미원에스씨,149900,500,1794,,,,
20250325,271560,오리온,118900,-700,111176,,,,
20250325,271940,일진하이솔루스,14260,230,82763,,,,
20250325,271980,제일약품,12390,990,3466335,,,,
20250325,272210,한화시스템,34200,-2650,3460897,,,,
20250325,272450,진에어,9650,0,136800,,,,
20250325,272550,삼양패키징,14190,-110,8731,,,,
20250325,278470,에이피알,68800,-100,359895,,,,
20250325,280360,롯데웰푸드,122000,-1400,13934,,,,
20250325,281820,케이씨텍,36400,-450,96390,,,,
20250325,282330,BGF리테일,111700,800,20414,,,,
20250325,284740,쿠쿠홈시스,21250,150,25815,,,,
20250325,285130,SK케미칼,41700,-300,19406,,,,
20250325,28513K,SK케미칼우,20050,-50,4969,,,,
20250325,286940,롯데이노베이트,19200,-670,22713,,,,
20250325,293480,하나제약,10430,-110,25747,,,,
20250325,293940,신한알파리츠,5860,0,183233,,,,
20250325,294870,IPARK현대산업개발,19660,-120,148490,,,,
20250325,298000,효성화학,77800,0,0,,,,
20250325,298020,효성티앤씨,231000,-1000,6896,,,,
20250325,298040,효성중공업,457500,-2000,39487,,,,
20250325,298050,HS효성첨단소재,185200,-2600,7792,,,,
20250325,298690,에어부산,2125,-20,125890,,,,
20250325,300720,한일시멘트,16550,-80,64618,,,,
20250325,302440,SK바이오사이언스,42150,650,70031,,,,
20250325,306200,세아제강,185500,-21500,101106,,,,
20250325,307950,현대오토에버,135200,800,77262,,,,
20250325,308170,씨티알모빌리티,5350,-100,2688,,,,
20250325,316140,우리금융지주,16910,-20,1150451,,,,
20250325,317400,자이에스앤디,3205,15,22093,,,,
20250325,322000,HD현대에너지솔루션,24200,50,72458,,,,
20250325,323410,카카오뱅크,23150,250,279887,,,,
20250325,326030,SK바이오팜,107400,3200,155708,,,,
20250325,329180,HD현대중공업,287000,-11500,218093,,,,
20250325,330590,롯데리츠,3495,0,179155,,,,
20250325,334890,이지스밸류플러스리츠,4440,-19,40440,,,,
20250325,336260,두산퓨얼셀,15320,-80,105161,,,,
20250325,33626K,두산퓨얼셀1우,4420,-75,13005,,,,
20250325,33626L,두산퓨얼셀2우B,7650,0,1435,,,,
20250325,336370,솔루스첨단소재,8460,-130,130308,,,,
20250325,33637K,솔루스첨단소재1우,1904,-31,20964,,,,
20250325,33637L,솔루스첨단소재2우B,3780,-95,12936,,,,
20250325,338100,NH프라임리츠,4450,5,7917,,,,
20250325,339770,교촌에프앤비,5820,-70,73097,,,,
20250325,344820,KCC글라스,31800,200,39842,,,,
20250325,348950,제이알글로벌리츠,2650,-5,244046,,,,
20250325,350520,이지스레지던스리츠,4105,-10,28719,,,,
20250325,352820,하이브,240000,7000,127121,,,,
20250325,353200,대덕전자,17800,-220,337934,,,,
20250325,35320K,대덕전자1우,8050,-50,3505,,,,
20250325,357120,코람코라이프인프라리츠,4460,5,57994,,,,
20250325,357250,미래에셋맵스리츠,2675,5,12969,,,,
20250325,357430,마스턴프리미어리츠,1505,3,38203,,,,
20250325,361610,SK아이이테크놀로지,24400,-650,142411,,,,
20250325,363280,티와이홀딩스,2255,5,65048,,,,
20250325,36328K,티와이홀딩스우,3790,-15,1829,,,,
20250325,365550,ESR켄달스퀘어리츠,5002,0,131113,,,,
20250325,372910,한컴라이프케어,3510,90,619223,,,,
20250325,373220,LG에너지솔루션,335500,4000,179131,,,,
20250325,375500,DL이앤씨,41200,-300,207017,,,,
20250325,37550K,DL이앤씨우,17040,-310,1846,,,,
20250325,37550L,DL이앤씨2우(전환),25250,300,1701,,,,
20250325,377190,디앤디플랫폼리츠,3230,-25,89669,,,,
20250325,377300,카카오페이,30350,-300,232297,,,,
20250325,377740,바이오노트,4905,30,81923,,,,
20250325,378850,화승알앤에이,3250,70,1203331,,,,
20250325,381970,케이카,13270,-60,58157,,,,
20250325,383220,F&F,65700,-700,68824,,,,
20250325,383800,LX홀딩스,6580,-30,105097,,,,
20250325,38380K,LX홀딩스1우,7820,-30,255,,,,
20250325,395400,SK리츠,5070,-20,149371,,,,
20250325,396690,미래에셋글로벌리츠,2740,-30,59155,,,,
20250325,400760,NH올원리츠,3507,10,45000,,,,
20250325,402340,SK스퀘어,99800,-500,233668,,,,
20250325,403550,쏘카,14540,-200,9834,,,,
20250325,404990,신한서부티엔디리츠,3200,85,59234,,,,
20250325,415640,KB발해인프라,7640,50,23906,,,,
20250325,417310,코람코더원리츠,4910,10,21827,,,,
20250325,432320,KB스타리츠,3850,0,27040,,,,
20250325,443060,HD현대마린솔루션,144500,3800,96450,,,,
20250325,446070,유니드비티플러스,4030,-5,21497,,,,
20250325,448730,삼성FN리츠,4560,-5,30388,,,,
20250325,450080,에코프로머티,67200,100,362382,,,,
20250325,451800,한화리츠,3860,-15,146197,,,,
20250325,452260,한화갤러리아,1173,-25,767729,,,,
20250325,45226K,한화갤러리아우,2405,5,2836,,,,
20250325,453340,현대그린푸드,14500,-50,46281,,,,
20250325,454910,두산로보틱스,54100,-1200,165142,,,,
20250325,456040,OCI,57600,-800,36910,,,,
20250325,457190,이수스페셜티케미컬,47000,-2800,497740,,,,
20250325,460850,동국씨엠,7080,-20,92643,,,,
20250325,460860,동국제강,9140,-400,297258,,,,
20250325,462520,조선내화,13970,-180,9710,,,,
20250325,462870,시프트업,54800,-1600,169094,,,,
20250325,465770,STX그린로지스,10550,-380,7465569,,,,
20250325,475150,SK이터닉스,14000,-160,232083,,,,
20250325,475560,더본코리아,29550,650,100220,,,,
20250325,480370,씨케이솔루션,5143,75,4663995,,,,
20250325,481850,신한글로벌액티브리츠,1547,-9,28016,,,,
20250325,484870,엠앤씨솔루션,26700,-1133,269862,,,,
20250325,487570,HS효성,34800,-600,14979,,,,
20250325,489790,한화비전,54800,1500,1230779,,,,
20250325,499790,GS피앤엘,18800,-60,14168,,,,
20250325,900140,엘브이엠씨홀딩스,1851,10,484191,,,,
20250325,950210,프레스티지바이오파마,12830,520,156265,,,,
20250326,000020,동화약품,6130,-30,25512,,,,
20250326,000040,KR모터스,1940,0,15695,,,,
20250326,000050,경방,6470,-10,2415,,,,
20250326,000070,삼양홀딩스,40238,0,16301,,,,
20250326,000080,하이트진로,19670,-100,95683,,,,
20250326,000087,하이트진로2우B,15170,-20,331,,,,
20250326,000100,유한양행,121600,-4200,674565,,,,
20250326,000105,유한양행우,110000,-2800,9174,,,,
20250326,000120,CJ대한통운,86300,-200,30449,,,,
20250326,000140,하이트진로홀딩스,8560,-20,5712,,,,
20250326,000145,하이트진로홀딩스우,10140,0,11,,,,
20250326,000150,두산,323500,15000,93804,,,,
20250326,000155,두산우,145400,2500,7423,,,,
20250326,000157,두산2우B,133900,1400,1765,,,,
20250326,000180,성창기업지주,6275,-25,8260,,,,
20250326,000210,DL,34800,950,69719,,,,
20250326,000215,DL우,19140,-470,982,,,,
20250326,000220,유유제약,4400,0,54560,,,,
20250326,000225,유유제약1우,4710,-5,7600,,,,
20250326,000227,유유제약2우B,9380,-40,658,,,,
20250326,000230,일동홀딩스,6210,-120,12595,,,,
20250326,000240,한국앤컴퍼니,16450,140,116248,,,,
20250326,000270,기아,101400,600,1181983,,,,
20250326,000300,DH오토넥스,4200,0,0,,,,
20250326,000320,노루홀딩스,13970,-150,24326,,,,
20250326,000325,노루홀딩스우,28850,500,115,,,,
20250326,000370,한화손해보험,4170,-60,230516,,,,
20250326,000390,SP삼화,6160,-20,91685,,,,
20250326,000400,롯데손해보험,1780,-1,63818,,,,
20250326,000430,대원강업,3700,0,34071,,,,
20250326,000480,CR홀딩스,5160,10,5434,,,,
20250326,000490,대동,10720,-160,193504,,,,
20250326,000500,가온전선,26256,0,120696,,,,
20250326,000520,삼일제약,11780,-300,160247,,,,
20250326,000540,흥국화재,3175,-30,46763,,,,
20250326,000545,흥국화재우,5470,270,19630,,,,
20250326,000590,CS홀딩스,71200,200,656,,,,
20250326,000640,동아쏘시오홀딩스,98092,-680,10198,,,,
20250326,000650,천일고속,38650,-150,80,,,,
20250326,000660,SK하이닉스,214000,6000,2058540,,,,
20250326,000670,영풍,47524,146,29181,,,,
20250326,000680,LS네트웍스,3790,-10,232695,,,,
20250326,000700,유수홀딩스,5590,70,51515,,,,
20250326,000720,현대건설,34450,-400,381563,,,,
20250326,000725,현대건설우,48150,-1000,1754,,,,
20250326,000760,이화산업,10270,10,1263,,,,
20250326,000810,삼성화재,359500,-13000,104823,,,,
20250326,000815,삼성화재우,275000,-6500,12615,,,,
20250326,000850,화천기공,27250,250,1529,,,,
20250326,000860,강남제비스코,11955,301,44307,,,,
20250326,000880,한화,51320,540,283706,,,,
20250326,00088K,한화3우B,17800,-41,56988,,,,
20250326,000890,보해양조,2245,-275,841116,,,,
20250326,000910,유니온,5110,50,134459,,,,
20250326,000950,전방,19290,-200,3272,,,,
20250326,000970,한국주철관,6210,40,45959,,,,
20250326,000990,DB하이텍,44700,-400,259868,,,,
20250326,001020,페이퍼코리아,3545,40,7596,,,,
20250326,001040,CJ,126500,3200,101637,,,,
20250326,001045,CJ우,68000,1000,4137,,,,
20250326,00104K,CJ4우(전환),97000,1500,15306,,,,
20250326,001060,JW중외제약,22600,50,44318,,,,
20250326,001065,JW중외제약우,28400,150,41,,,,
20250326,001067,JW중외제약2우B,60600,-100,13,,,,
20250326,001070,대한방직,5230,30,3146,,,,
20250326,001080,만호제강,2925,-5,21680,,,,
20250326,001120,LX인터내셔널,25800,100,92152,,,,
20250326,001130,대한제분,12840,-10,15260,,,,
20250326,001200,유진투자증권,2575,-15,353721,,,,
20250326,001210,금호전기,3170,-50,30856,,,,
20250326,001230,동국홀딩스,1674,-4,153799,,,,
20250326,001250,GS글로벌,2700,-85,2920482,,,,
20250326,001260,남광토건,7830,80,7969,,,,
20250326,001270,부국증권,26950,100,1483,,,,
20250326,001275,부국증권우,21950,50,1441,,,,
20250326,001290,상상인증권,428,8,76362,,,,
20250326,001340,PKC,6750,130,116681,,,,
20250326,001360,삼성제약,1552,-48,325543,,,,
20250326,001380,SG글로벌,4908,-2104,9318288,,,,
20250326,001390,KG케미칼,3790,30,62491,,,,
20250326,001420,태원물산,3295,-35,2183,,,,
20250326,001430,세아베스틸지주,20050,470,92931,,,,
20250326,001440,대한전선,12620,310,888029,,,,
20250326,001450,현대해상,22900,-50,163612,,,,
20250326,001460,BYC,26800,100,783,,,,
20250326,001465,BYC우,12460,30,865,,,,
20250326,001470,삼부토건,398,17,9761401,,,,
20250326,001500,현대차증권,5850,110,313700,,,,
20250326,001510,SK증권,933,3,205608,,,,
20250326,001515,SK증권우,3342,0,2020,,,,
20250326,001520,동양,1148,-2,170354,,,,
20250326,001525,동양우,8180,40,6,,,,
20250326,001527,동양2우B,16800,880,985,,,,
20250326,001530,DI동일,42001,-666,93291,,,,
20250326,001550,조비,10290,-40,4454,,,,
20250326,001560,제일연마,8520,-180,6720,,,,
20250326,001570,금양,9900,0,0,,,,
20250326,001620,케이비아이동국실업,2465,-5,14945,,,,
20250326,001630,종근당홀딩스,44300,1050,3850,,,,
20250326,001680,대상,24050,-300,184119,,,,
20250326,001685,대상우,17600,-190,13204,,,,
20250326,001720,신영증권,81000,500,10908,,,,
20250326,001740,SK네트웍스,4400,15,155110,,,,
20250326,001750,한양증권,12100,20,18547,,,,
20250326,001755,한양증권우,12640,-70,919,,,,
20250326,001770,SHD,15000,10,519,,,,
20250326,001780,알루코,2200,50,245556,,,,
20250326,001790,대한제당,2800,-20,46866,,,,
20250326,001795,대한제당우,2290,0,5089,,,,
20250326,001800,오리온홀딩스,16150,-50,113096,,,,
20250326,001820,삼화콘덴서,27500,600,21714,,,,
20250326,001940,KISCO홀딩스,19480,-50,7474,,,,
20250326,002020,코오롱,23700,50,128122,,,,
20250326,002025,코오롱우,14810,110,2271,,,,
20250326,002030,아세아,262500,500,1457,,,,
20250326,002070,비비안,15774,375,14807,,,,
20250326,002100,경농,9010,-40,30692,,,,
20250326,002140,고려산업,2680,20,164870,,,,
20250326,002150,도화엔지니어링,6530,70,22018,,,,
20250326,002170,SYTS,47650,50,1996,,,,
20250326,002200,한국수출포장,2730,-15,50271,,,,
20250326,002210,동성제약,3774,-50,52148,,,,
20250326,002220,한일철강,1890,-15,10886,,,,
20250326,002240,고려제강,17290,30,4118,,,,
20250326,002310,아세아제지,7090,-10,190702,,,,
20250326,002320,한진,19310,10,5056,,,,
20250326,002350,넥센타이어,5610,80,158939,,,,
20250326,002355,넥센타이어1우B,2840,30,20388,,,,
20250326,002360,SH에너지화학,4600,-30,81557,,,,
20250326,002380,KCC,273000,-1500,8719,,,,
20250326,002390,한독,11380,-60,11813,,,,
20250326,002410,범양건영,1935,0,0,,,,
20250326,002420,세기상사,5040,45,756,,,,
20250326,002450,삼익악기,1162,-3,81332,,,,
20250326,002460,HS화성,9630,30,19673,,,,
20250326,002600,조흥,165300,800,1,,,,
20250326,002620,제일파마홀딩스,7670,-200,61371,,,,
20250326,002630,오리엔트바이오,3150,726,13296295,,,,
20250326,002690,동일제강,1214,-19,16850,,,,
20250326,002700,신일전자,1511,9,259533,,,,
20250326,002710,TCC스틸,25700,350,91419,,,,
20250326,002720,국제약품,4670,20,53421,,,,
20250326,002760,보락,1043,-4,85954,,,,
20250326,002780,진흥기업,741,1,120658,,,,
20250326,002785,진흥기업우B,3125,-15,1895,,,,
20250326,002787,진흥기업2우B,9630,-90,0,,,,
20250326,002790,아모레퍼시픽홀딩스,21100,-150,103098,,,,
20250326,002795,아모레퍼시픽홀딩스우,9220,50,3833,,,,
20250326,00279K,아모레퍼시픽홀딩스3우C,18060,10,5340,,,,
20250326,002810,삼영무역,13530,-100,11482,,,,
20250326,002820,SUN&L,2855,-25,4738,,,,
20250326,002840,미원상사,185400,1500,2229,,,,
20250326,002870,신풍,1182,-70,306979,,,,
20250326,002880,디와이에이,895,-6,14787,,,,
20250326,002900,TYM,4530,-35,164761,,,,
20250326,002920,유성기업,1841,5,15398,,,,
20250326,002960,한국쉘석유,344500,0,5526,,,,
20250326,002990,금호건설,2590,-20,31356,,,,
20250326,002995,금호건설우,11520,-200,1453,,,,
20250326,003000,부광약품,4177,0,82967,,,,
20250326,003010,혜인,4885,-15,38394,,,,
20250326,003030,세아제강지주,243500,9500,16608,,,,
20250326,003060,에이프로젠바이오로직스,781,0,233248,,,,
20250326,003070,코오롱글로벌,8600,-10,13561,,,,
20250326,003075,코오롱글로벌우,15450,350,2889,,,,
20250326,003080,SB성보,2450,20,91605,,,,
20250326,003090,대웅,19980,-170,16787,,,,
20250326,003120,일성아이에스,15330,40,695,,,,
20250326,003160,디아이,14940,440,534627,,,,
20250326,003200,일신방직,8010,-50,6122,,,,
20250326,003220,대원제약,13950,160,34773,,,,
20250326,003230,삼양식품,872000,-5000,37284,,,,
20250326,003240,태광산업,700000,9000,824,,,,
20250326,003280,흥아해운,1676,-29,2003055,,,,
20250326,003300,한일홀딩스,13960,100,18065,,,,
20250326,003350,한국화장품제조,10200,-140,389740,,,,
20250326,003460,유화증권,2320,0,26635,,,,
20250326,003465,유화증권우,2315,-45,30003,,,,
20250326,003470,유안타증권,2820,0,247234,,,,
20250326,003475,유안타증권우,3050,0,115466,,,,
20250326,003480,한진중공업홀딩스,3540,-20,7372,,,,
20250326,003490,대한항공,22300,-150,583186,,,,
20250326,003495,대한항공우,21650,0,1452,,,,
20250326,003520,영진약품,1973,0,96769,,,,
20250326,003530,한화투자증권,3435,0,297225,,,,
20250326,003535,한화투자증권우,5710,-130,7917,,,,
20250326,003540,대신증권,16320,170,165659,,,,
20250326,003545,대신증권우,15280,30,107403,,,,
20250326,003547,대신증권2우B,14760,150,53552,,,,
20250326,003550,LG,67200,-300,205683,,,,
20250326,003555,LG우,55500,100,65604,,,,
20250326,003570,SNT다이내믹스,31300,-250,72501,,,,
20250326,003580,HLB글로벌,3385,10,124364,,,,
20250326,003610,방림,3720,-15,73243,,,,
20250326,003620,KG모빌리티,4121,37,132643,,,,
20250326,003650,미창석유,100000,1500,818,,,,
20250326,003670,포스코퓨처엠,134250,2714,270252,,,,
20250326,003680,한성기업,4820,-20,14113,,,,
20250326,003690,코리안리,8140,-90,243543,,,,
20250326,003720,삼영,4005,-15,164948,,,,
20250326,003780,진양산업,7340,20,136848,,,,
20250326,003830,대한화섬,113200,200,321,,,,
20250326,003850,보령,9390,-40,94744,,,,
20250326,003920,남양유업,71300,800,8472,,,,
20250326,003925,남양유업우,36900,200,1747,,,,
20250326,003960,사조대림,39350,-350,12584,,,,
20250326,004000,롯데정밀화학,40500,-50,25593,,,,
20250326,004020,현대제철,27350,-100,896583,,,,
20250326,004060,SG세계물산,3120,-100,59260,,,,
20250326,004080,신흥,14630,30,780,,,,
20250326,004090,한국석유,12750,70,48208,,,,
20250326,004100,태양금속,2590,-50,467924,,,,
20250326,004105,태양금속우,4230,-45,14595,,,,
20250326,004140,동방,2205,5,157943,,,,
20250326,004150,한솔홀딩스,2505,-5,13822,,,,
20250326,004170,신세계,145600,0,11797,,,,
20250326,004250,NPC,3895,-5,3980,,,,
20250326,004255,NPC우,2370,-30,1532,,,,
20250326,004270,남성,8506,111,2748,,,,
20250326,004310,현대약품,3235,0,60316,,,,
20250326,004360,세방,11600,10,9889,,,,
20250326,004365,세방우,7630,20,7239,,,,
20250326,004370,농심,405000,-7500,26811,,,,
20250326,004380,삼익THK,14226,274,359919,,,,
20250326,004410,서울식품,1430,-20,79144,,,,
20250326,004415,서울식품우,12060,-10,613,,,,
20250326,004430,송원산업,12710,10,45976,,,,
20250326,004440,삼일씨엔에스,4045,15,8682,,,,
20250326,004450,삼화왕관,30550,-250,157,,,,
20250326,004490,세방전지,72700,-200,22120,,,,
20250326,004540,깨끗한나라,2225,10,54345,,,,
20250326,004545,깨끗한나라우,11580,-130,208,,,,
20250326,004560,현대비앤지스틸,12680,60,48804,,,,
20250326,004690,삼천리,90500,700,9432,,,,
20250326,004700,조광피혁,50900,-500,1962,,,,
20250326,004710,한솔테크닉스,4275,-89,82227,,,,
20250326,004720,팜젠사이언스,4090,0,6990,,,,
20250326,004770,써니전자,2205,5,713430,,,,
20250326,004800,효성,48200,650,8749,,,,
20250326,004830,덕성,6920,-370,1027947,,,,
20250326,004835,덕성우,10180,-780,39273,,,,
20250326,004840,DRB동일,3995,5,13079,,,,
20250326,004870,티웨이홀딩스,3258,14,41233,,,,
20250326,004890,동일산업,40150,150,1185,,,,
20250326,004910,조광페인트,5770,110,20021,,,,
20250326,004920,씨아이테크,1055,2,36868,,,,
20250326,004960,한신공영,6140,-70,24489,,,,
20250326,004970,신라교역,8770,0,6790,,,,
20250326,004980,성신양회,7220,90,49751,,,,
20250326,004985,성신양회우,11120,440,2880,,,,
20250326,004990,롯데지주,23050,-150,75503,,,,
20250326,00499K,롯데지주우,26900,0,68,,,,
20250326,005010,휴스틸,5440,60,1672654,,,,
20250326,005030,부산주공,486,0,0,,,,
20250326,005070,코스모신소재,46600,200,208472,,,,
20250326,005090,SGC에너지,22650,150,12043,,,,
20250326,005110,한창,1254,0,0,,,,
20250326,005180,빙그레,94600,900,27566,,,,
20250326,005250,녹십자홀딩스,13730,-60,27607,,,,
20250326,005257,녹십자홀딩스2우,20550,-400,495,,,,
20250326,005300,롯데칠성,110300,-700,12636,,,,
20250326,005305,롯데칠성우,65700,200,656,,,,
20250326,005320,온타이드,900,-10,73803,,,,
20250326,005360,모나미,2010,0,18355,,,,
20250326,005380,현대차,222000,2000,1220193,,,,
20250326,005385,현대차우,160600,2500,85659,,,,
20250326,005387,현대차2우B,164200,3000,154685,,,,
20250326,005389,현대차3우B,159400,2200,18875,,,,
20250326,005420,코스모화학,17930,90,60889,,,,
20250326,005430,한국공항,50500,0,2030,,,,
20250326,005440,현대지에프홀딩스,5080,-40,130566,,,,
20250326,005490,POSCO홀딩스,307000,-500,254049,,,,
20250326,005500,삼진제약,17750,0,9033,,,,
20250326,005610,삼립,60100,-900,56913,,,,
20250326,005680,삼영전자,9960,-60,12923,,,,
20250326,005690,파미셀,11400,320,1175296,,,,
20250326,005720,넥센,4770,95,96949,,,,
20250326,005725,넥센우,3240,70,8799,,,,
20250326,005740,크라운해태홀딩스,5420,30,14034,,,,
20250326,005745,크라운해태홀딩스우,7600,-160,882,,,,
20250326,005750,대림바스,4010,50,6699,,,,
20250326,005800,신영와코루,10180,-20,4455,,,,
20250326,005810,풍산홀딩스,28900,1100,73867,,,,
20250326,005820,원림,13810,-190,3725,,,,
20250326,005830,DB손해보험,98000,0,345003,,,,
20250326,005850,에스엘,39100,0,233238,,,,
20250326,005870,휴니드,9550,-70,1363986,,,,
20250326,005880,대한해운,1683,-10,1003008,,,,
20250326,005930,삼성전자,61400,1600,16431645,,,,
20250326,005935,삼성전자우,50200,950,1115879,,,,
20250326,005940,NH투자증권,14970,40,704017,,,,
20250326,005945,NH투자증권우,13360,-10,164911,,,,
20250326,005950,이수화학,6100,80,49737,,,,
20250326,005960,동부건설,3500,20,3380,,,,
20250326,005965,동부건설우,17980,-70,145,,,,
20250326,006040,동원산업,37250,0,6614,,,,
20250326,006060,화승인더,4940,0,32250,,,,
20250326,006090,사조오양,8190,-70,5260,,,,
20250326,006110,삼아알미늄,28500,300,29822,,,,
20250326,006120,SK디스커버리,39050,0,18546,,,,
20250326,006125,SK디스커버리우,33700,1000,8068,,,,
20250326,006200,한국전자홀딩스,3455,-45,4596,,,,
20250326,006220,제주은행,7790,30,31495,,,,
20250326,006260,LS,115800,2400,130701,,,,
20250326,006280,녹십자,131300,-2100,19338,,,,
20250326,006340,대원전선,2955,115,25282571,,,,
20250326,006345,대원전선우,3830,130,2022247,,,,
20250326,006360,GS건설,17150,-30,183381,,,,
20250326,006370,대구백화점,7920,-100,48404,,,,
20250326,006380,카프로,3660,0,0,,,,
20250326,006400,삼성SDI,204128,6364,445857,,,,
20250326,006405,삼성SDI우,119894,4048,13176,,,,
20250326,006490,프리티,6545,-155,63308,,,,
20250326,006570,대림통상,2405,-10,4016,,,,
20250326,006650,대한유화,98500,6000,36952,,,,
20250326,006660,삼성공조,16850,820,2513411,,,,
20250326,006740,블루산업개발,2283,0,37795,,,,
20250326,006800,미래에셋증권,10056,179,2002365,,,,
20250326,006805,미래에셋증권우,4706,40,71266,,,,
20250326,00680K,미래에셋증권2우B,4216,29,565967,,,,
20250326,006840,AK홀딩스,10160,60,1733,,,,
20250326,006880,신송홀딩스,6850,40,129309,,,,
20250326,006890,태경케미컬,11690,60,32022,,,,
20250326,006980,우성,14470,0,2262,,,,
20250326,007070,GS리테일,14960,70,76382,,,,
20250326,007110,일신석재,2030,129,2558643,,,,
20250326,007120,미래아이앤지,770,-7,137218,,,,
20250326,007160,사조산업,33800,100,4458,,,,
20250326,007210,벽산,2180,20,159250,,,,
20250326,007280,한국특강,3496,16,16412,,,,
20250326,007310,오뚜기,410500,-3500,1868,,,,
20250326,007340,DN오토모티브,21700,-200,30846,,,,
20250326,007460,에이프로젠,752,2,914723,,,,
20250326,007540,샘표,41450,-250,2007,,,,
20250326,007570,일양약품,11277,45,66592,,,,
20250326,007575,일양약품우,12203,-23,673,,,,
20250326,007590,동방아그로,6000,10,3101,,,,
20250326,007610,선도전기,3000,0,0,,,,
20250326,007660,이수페타시스,40900,3750,2799413,,,,
20250326,007690,국도화학,30000,-150,2754,,,,
20250326,007700,F&F홀딩스,12260,-120,20182,,,,
20250326,007810,코리아써키트,12280,-90,152061,,,,
20250326,007815,코리아써우,5970,100,898,,,,
20250326,00781K,코리아써키트2우B,5410,10,128,,,,
20250326,007860,서연,8120,-50,328214,,,,
20250326,007980,TP,1354,3,86807,,,,
20250326,008040,사조동아원,1058,-2,324408,,,,
20250326,008060,대덕,7170,20,102202,,,,
20250326,00806K,대덕1우,7270,-60,625,,,,
20250326,008250,이건산업,5400,415,211032,,,,
20250326,008260,NI스틸,3390,-5,79042,,,,
20250326,008350,남선알미늄,1353,-87,1659205,,,,
20250326,008355,남선알미우,14200,-850,2552,,,,
20250326,008420,문배철강,2430,-35,74157,,,,
20250326,008490,서흥,14720,-90,26756,,,,
20250326,008600,윌비스,3030,-31,429662,,,,
20250326,008700,아남전자,1503,0,393883,,,,
20250326,008730,율촌화학,27700,-1350,89446,,,,
20250326,008770,호텔신라,40500,0,52260,,,,
20250326,008775,호텔신라우,33150,-350,3888,,,,
20250326,008870,금비,54400,-700,1809,,,,
20250326,008930,한미사이언스,28250,-350,35367,,,,
20250326,008970,KBI동양철관,2016,-85,16362069,,,,
20250326,009070,KCTC,3720,0,26863,,,,
20250326,009140,경인전자,18970,250,3080,,,,
20250326,009150,삼성전기,139200,1600,203917,,,,
20250326,009155,삼성전기우,61500,300,6632,,,,
20250326,009160,SIMPAC,3980,25,93908,,,,
20250326,009180,한솔로지스틱스,2350,-25,92571,,,,
20250326,009190,대양금속,1430,5,146066,,,,
20250326,009200,무림페이퍼,2055,15,52680,,,,
20250326,009240,한샘,44000,50,13295,,,,
20250326,009270,신원,1320,49,580131,,,,
20250326,009290,광동제약,5470,-10,44123,,,,
20250326,009310,참엔지니어링,1590,90,449260,,,,
20250326,009320,아진전자부품,1040,12,47464,,,,
20250326,009410,태영건설,2795,-150,612068,,,,
20250326,009415,태영건설우,5890,-560,28816,,,,
20250326,009420,한올바이오파마,29400,-750,343873,,,,
20250326,009440,KC그린홀딩스,756,0,0,,,,
20250326,009450,경동나비엔,75200,400,28217,,,,
20250326,009460,한창제지,3590,125,20384,,,,
20250326,009470,삼화전기,33700,500,83085,,,,
20250326,009540,HD한국조선해양,207500,500,168519,,,,
20250326,009580,무림P&P,2945,45,155035,,,,
20250326,009680,모토닉,9380,-20,25041,,,,
20250326,009770,삼정펄프,24800,-200,2537,,,,
20250326,009810,MDS스피어,3165,40,12428,,,,
20250326,009830,한화솔루션,18855,425,614455,,,,
20250326,009835,한화솔루션우,16257,226,9075,,,,
20250326,009900,명신산업,9260,80,220736,,,,
20250326,009970,영원무역홀딩스,93900,-100,8282,,,,
20250326,010040,한국내화,2110,25,12227,,,,
20250326,010060,OCI홀딩스,73900,-300,45815,,,,
20250326,010100,한국무브넥스,4675,-65,375040,,,,
20250326,010120,LS ELECTRIC,38640,400,1329120,,,,
20250326,010130,고려아연,849000,25000,20260,,,,
20250326,010140,삼성중공업,14070,70,5526680,,,,
20250326,010400,우진아이엔에스,2695,5,6188,,,,
20250326,010580,에스엠벡셀,1209,-6,40093,,,,
20250326,010640,진양폴리,4868,9,66523,,,,
20250326,010660,화천기계,3185,135,233989,,,,
20250326,010690,화신,8900,-60,752745,,,,
20250326,010770,평화홀딩스,6330,-600,1639385,,,,
20250326,010780,아이에스동서,17080,80,26389,,,,
20250326,010820,퍼스텍,3545,15,317261,,,,
20250326,010950,S-Oil,57800,0,99557,,,,
20250326,010955,S-Oil우,37550,-150,2422,,,,
20250326,010960,삼호개발,3090,35,20328,,,,
20250326,011000,진원생명과학,10350,25,31351,,,,
20250326,011070,LG이노텍,174800,7500,360303,,,,
20250326,011090,에넥스,2585,15,11688,,,,
20250326,011150,CJ씨푸드,3105,-10,156919,,,,
20250326,011155,CJ씨푸드1우,16860,1150,992,,,,
20250326,011170,롯데케미칼,68100,1800,87978,,,,
20250326,011200,HMM,20500,-50,1074723,,,,
20250326,011210,현대위아,48500,-300,126600,,,,
20250326,011230,삼화전자,4410,115,221977,,,,
20250326,011280,태림포장,2060,25,68578,,,,
20250326,011300,우성머티리얼스,6240,190,74180,,,,
20250326,011330,유니켐,13910,-50,9672,,,,
20250326,011390,부산산업,70300,3400,6885,,,,
20250326,011420,갤럭시아에스엠,2020,60,161524,,,,
20250326,011500,한농화성,16460,300,178636,,,,
20250326,011690,와이투솔루션,2475,125,426679,,,,
20250326,011700,한신기계,2970,10,61287,,,,
20250326,011760,현대코퍼레이션,23250,-100,55461,,,,
20250326,011780,금호석유화학,123300,6300,162271,,,,
20250326,011785,금호석유화학우,54200,1400,12895,,,,
20250326,011790,SKC,112322,2726,214954,,,,
20250326,011810,STX,3930,25,90835,,,,
20250326,011930,신성이엔지,12340,290,42669,,,,
20250326,012030,DB,1298,-9,131394,,,,
20250326,012160,영흥,1995,-5,9643,,,,
20250326,012170,아센디오,3550,5,507643,,,,
20250326,012200,계양전기,1408,-6,21851,,,,
20250326,012205,계양전기우,3359,0,14,,,,
20250326,012280,영화금속,800,6,77225,,,,
20250326,012320,경동인베스트,62700,-1200,7251,,,,
20250326,012330,현대모비스,285500,4000,189924,,,,
20250326,012450,한화에어로스페이스,656798,12801,342537,,,,
20250326,012610,경인양행,3000,40,43667,,,,
20250326,012630,HDC,13920,-380,218120,,,,
20250326,012690,모나리자,2815,25,85191,,,,
20250326,012750,에스원,63600,1000,28235,,,,
20250326,012800,대창,1489,84,38786130,,,,
20250326,013000,세우글로벌,1239,16,46915,,,,
20250326,013360,일성건설,3610,830,4660368,,,,
20250326,013520,화승코퍼레이션,1720,-37,37804,,,,
20250326,013570,디와이,3975,-5,13765,,,,
20250326,013580,계룡건설,13110,50,6661,,,,
20250326,013700,까뮤이앤씨,1182,-2,54120,,,,
20250326,013870,지엠비코리아,3830,5,5985,,,,
20250326,013890,지누스,21550,1650,295160,,,,
20250326,014130,한익스프레스,3340,-35,17213,,,,
20250326,014160,대영포장,1324,-54,1801851,,,,
20250326,014280,금강공업,3985,-15,40211,,,,
20250326,014285,금강공업우,6400,0,208,,,,
20250326,014440,영보화학,4590,80,66610,,,,
20250326,014530,극동유화,3340,-5,55104,,,,
20250326,014580,태경비케이,4390,-15,57812,,,,
20250326,014680,한솔케미칼,128200,1500,59398,,,,
20250326,014710,사조씨푸드,5180,-100,52598,,,,
20250326,014790,HL D&I,2210,20,36641,,,,
20250326,014820,동원시스템즈,36550,500,9075,,,,
20250326,014825,동원시스템즈우,18250,50,31,,,,
20250326,014830,유니드,76100,600,23011,,,,
20250326,014910,성문전자,1122,-1,19003,,,,
20250326,014915,성문전자우,4465,0,6,,,,
20250326,014990,인디에프,3625,80,29778,,,,
20250326,015020,이스타코,3130,722,2922620,,,,
20250326,015230,대창단조,5000,-110,89249,,,,
20250326,015260,에이엔피,487,0,44613,,,,
20250326,015360,INVENI,9360,-40,13770,,,,
20250326,015590,DKME,2575,0,0,,,,
20250326,015760,한국전력,22600,0,868476,,,,
20250326,015860,일진홀딩스,3610,20,22698,,,,
20250326,015890,태경산업,4845,10,17701,,,,
20250326,016090,대현,2025,0,52107,,,,
20250326,016360,삼성증권,46650,-50,177217,,,,
20250326,016380,KG스틸,6440,-50,105318,,,,
20250326,016450,한세예스24홀딩스,4105,-25,39101,,,,
20250326,016580,환인제약,11540,120,24156,,,,
20250326,016590,신대양제지,6840,-130,22152,,,,
20250326,016610,DB증권,5820,-10,136066,,,,
20250326,016710,대성홀딩스,7030,-30,7235,,,,
20250326,016740,두올,3075,-20,38523,,,,
20250326,016800,퍼시스,42300,1100,204,,,,
20250326,016880,웅진,853,0,108915,,,,
20250326,017040,광명전기,1362,5,87727,,,,
20250326,017180,명문제약,1613,16,17778,,,,
20250326,017370,우신시스템,6570,260,246797,,,,
20250326,017390,서울가스,49150,100,1230,,,,
20250326,017550,수산세보틱스,1852,2,104026,,,,
20250326,017670,SK텔레콤,55800,-300,303640,,,,
20250326,017800,현대엘리베이터,54100,-600,50498,,,,
20250326,017810,풀무원,15620,-80,78607,,,,
20250326,017860,DS단석,24609,198,141024,,,,
20250326,017900,광전자,1743,12,52693,,,,
20250326,017940,E1,60900,-200,11515,,,,
20250326,017960,한국카본,14240,40,476612,,,,
20250326,018250,애경산업,14290,160,79975,,,,
20250326,018260,삼성에스디에스,121500,900,86443,,,,
20250326,018470,조일알미늄,1630,38,391913,,,,
20250326,018500,동원모빌리티,1970,371,3284722,,,,
20250326,018670,SK가스,239500,-4000,13793,,,,
20250326,018880,한온시스템,3727,0,416382,,,,
20250326,019170,신풍제약,8000,10,147198,,,,
20250326,019175,신풍제약우,12220,-170,1997,,,,
20250326,019180,티에이치엔,3170,-15,173311,,,,
20250326,019490,엑시큐어하이트론,740,0,1148955,,,,
20250326,019680,대교,2135,20,11562,,,,
20250326,019685,대교우B,1280,9,7889,,,,
20250326,020000,한섬,15550,20,19499,,,,
20250326,020120,키다리스튜디오,3295,25,64510,,,,
20250326,020150,롯데에너지머티리얼즈,26300,1300,91314,,,,
20250326,020560,아시아나항공,10360,20,61967,,,,
20250326,020760,일진디스플,817,4,41994,,,,
20250326,021050,서원,1338,88,5312436,,,,
20250326,021240,코웨이,87600,1200,125397,,,,
20250326,021820,세원정공,7850,-50,5099,,,,
20250326,022100,포스코DX,26550,300,780591,,,,
20250326,023000,삼원강재,2360,-5,7632,,,,
20250326,023150,MH에탄올,5050,-10,2365,,,,
20250326,023350,한국종합기술,5750,660,531658,,,,
20250326,023450,동남합성,34000,400,2165,,,,
20250326,023530,롯데쇼핑,64100,-400,33405,,,,
20250326,023590,다우기술,21300,50,169523,,,,
20250326,023800,인지컨트롤스,5900,-30,23541,,,,
20250326,023810,인팩,5760,-80,25236,,,,
20250326,023960,에쓰씨엔지니어링,1263,10,87324,,,,
20250326,024070,WISCOM,1930,92,187344,,,,
20250326,024090,디씨엠,12120,360,11258,,,,
20250326,024110,기업은행,15650,-120,1320899,,,,
20250326,024720,콜마홀딩스,8620,-480,627836,,,,
20250326,024890,대원화성,4675,10,1468,,,,
20250326,024900,디와이덕양,2970,35,114634,,,,
20250326,025000,KPX케미칼,41127,-47,6743,,,,
20250326,025530,SJM홀딩스,3160,60,11401,,,,
20250326,025540,한국단자,72100,700,31793,,,,
20250326,025560,미래산업,2764,-7,60270,,,,
20250326,025620,차AI헬스케어,3520,120,216198,,,,
20250326,025750,한솔홈데코,4250,120,207114,,,,
20250326,025820,이구산업,5930,1140,33325889,,,,
20250326,025860,남해화학,6280,-20,43293,,,,
20250326,025890,한국주강,1781,29,16259,,,,
20250326,026890,스틱인베스트먼트,8800,210,102309,,,,
20250326,026940,부국철강,2450,-75,141622,,,,
20250326,026960,동서,28900,1900,206006,,,,
20250326,027410,BGF,3460,0,34540,,,,
20250326,027740,마니커,1778,0,33407,,,,
20250326,027970,한국제지,4000,25,4643,,,,
20250326,028050,삼성E&A,20450,350,1142366,,,,
20250326,028100,동아지질,13300,140,12027,,,,
20250326,028260,삼성물산,124300,200,131779,,,,
20250326,02826K,삼성물산우B,88800,-100,1034,,,,
20250326,028670,팬오션,3490,-50,857953,,,,
20250326,029460,케이씨,18050,40,5181,,,,
20250326,029530,신도리코,39100,-500,5495,,,,
20250326,029780,삼성카드,41100,-3100,203792,,,,
20250326,030000,제일기획,17910,-240,151018,,,,
20250326,030190,NICE평가정보,12370,120,26436,,,,
20250326,030200,KT,49800,-200,219485,,,,
20250326,030210,다올투자증권,3300,-50,705320,,,,
20250326,030610,교보증권,6680,220,607286,,,,
20250326,030720,동원수산,4910,-35,3057,,,,
20250326,031210,서울보증보험,34200,-1200,579110,,,,
20250326,031430,신세계인터내셔날,10340,120,87924,,,,
20250326,031820,아이티센씨티에스,5740,10,9758,,,,
20250326,032350,롯데관광개발,8000,-40,117186,,,,
20250326,032560,황금에스티,5060,-10,18773,,,,
20250326,032640,LG유플러스,10760,-40,510334,,,,
20250326,032830,삼성생명,84300,-600,134092,,,,
20250326,033240,자화전자,13330,180,37821,,,,
20250326,033250,체시스,5570,5,21506,,,,
20250326,033270,유나이티드제약,20200,-250,18417,,,,
20250326,033530,SJG세종,4375,20,56617,,,,
20250326,033780,KT&G,100100,-1200,176341,,,,
20250326,033920,무학,6630,-100,23396,,,,
20250326,034020,두산에너빌리티,25750,-800,4072877,,,,
20250326,034120,SBS,18830,-350,80103,,,,
20250326,034220,LG디스플레이,9380,210,965816,,,,
20250326,034230,파라다이스,10840,80,225241,,,,
20250326,034310,NICE,11370,30,6380,,,,
20250326,034590,인천도시가스,24750,100,927,,,,
20250326,034730,SK,139000,200,124439,,,,
20250326,03473K,SK우,124500,300,416,,,,
20250326,034830,한국토지신탁,996,3,73461,,,,
20250326,035000,HS애드,6650,10,15255,,,,
20250326,035150,백산,14920,-180,50742,,,,
20250326,035250,강원랜드,16890,60,447079,,,,
20250326,035420,NAVER,204000,-3500,790441,,,,
20250326,035510,신세계 I&C,12120,0,68904,,,,
20250326,035720,카카오,42900,700,1180900,,,,
20250326,036420,콘텐트리중앙,8200,-200,38582,,,,
20250326,036460,한국가스공사,36300,100,274480,,,,
20250326,036530,SNT홀딩스,33600,-1350,59604,,,,
20250326,036570,NC,161800,500,34371,,,,
20250326,036580,팜스코,2115,5,17852,,,,
20250326,037270,YG PLUS,5360,-160,3353101,,,,
20250326,037560,LG헬로비전,2385,20,141299,,,,
20250326,037710,광주신세계,30100,250,59845,,,,
20250326,039130,하나투어,54200,-500,18348,,,,
20250326,039490,키움증권,133400,2700,150076,,,,
20250326,039570,HDC랩스,8470,60,14385,,,,
20250326,041650,상신브레이크,3010,10,105485,,,,
20250326,042660,한화오션,70400,1900,2910250,,,,
20250326,042700,한미반도체,85000,-200,249655,,,,
20250326,044380,주연테크,1630,15,12761,,,,
20250326,044450,KSS해운,8660,-60,28216,,,,
20250326,044820,코스맥스비티아이,10390,30,16196,,,,
20250326,047040,대우건설,3270,-20,408607,,,,
20250326,047050,포스코인터내셔널,53800,500,445443,,,,
20250326,047400,유니온머티리얼,1970,20,105093,,,,
20250326,047810,한국항공우주,79000,-3000,1183772,,,,
20250326,049800,우진플라임,1990,-10,34028,,,,
20250326,051600,한전KPS,42450,-250,43806,,,,
20250326,051630,진양화학,3495,-100,172565,,,,
20250326,051900,LG생활건강,325000,2000,18487,,,,
20250326,051905,LG생활건강우,128000,-300,2570,,,,
20250326,051910,LG화학,272000,12500,412341,,,,
20250326,051915,LG화학우,124800,4300,68298,,,,
20250326,052690,한전기술,60300,-600,48598,,,,
20250326,053210,스카이라이프,4570,70,25715,,,,
20250326,053690,한미글로벌,16010,70,39425,,,,
20250326,055490,테이팩스,13540,240,4845,,,,
20250326,055550,신한지주,48500,-450,979827,,,,
20250326,058430,포스코스틸리온,4280,-45,700220,,,,
20250326,058650,세아홀딩스,95400,1200,267,,,,
20250326,058730,다스코,2885,-30,89740,,,,
20250326,058850,KTcs,2625,-5,259777,,,,
20250326,058860,KTis,2560,-5,47942,,,,
20250326,060980,HL홀딩스,37150,50,8762,,,,
20250326,062040,산일전기,57600,-1900,474828,,,,
20250326,063160,종근당바이오,20350,-400,9813,,,,
20250326,064350,현대로템,106000,500,1436490,,,,
20250326,064400,LG씨엔에스,52000,400,281388,,,,
20250326,064960,SNT모티브,28000,-100,154041,,,,
20250326,066570,LG전자,84800,2000,731000,,,,
20250326,066575,LG전자우,40800,1000,37394,,,,
20250326,066970,엘앤에프,70500,1800,266984,,,,
20250326,067830,세이브존I&C,2260,10,54156,,,,
20250326,068270,셀트리온,170215,-551,283624,,,,
20250326,068290,삼성출판사,15000,150,12865,,,,
20250326,069260,TKG휴켐스,15980,-50,30666,,,,
20250326,069460,대호에이엘,7535,85,123115,,,,
20250326,069620,대웅제약,122000,1200,27527,,,,
20250326,069640,한세엠케이,2052,40,246200,,,,
20250326,069730,DSR제강,3345,5,20706,,,,
20250326,069960,현대백화점,56600,-300,21642,,,,
20250326,070960,모나용평,3840,80,230705,,,,
20250326,071050,한국금융지주,76100,1100,103370,,,,
20250326,071055,한국금융지주우,57300,1000,14187,,,,
20250326,071090,하이스틸,3750,-100,803447,,,,
20250326,071320,지역난방공사,51700,-500,31483,,,,
20250326,071840,롯데하이마트,7360,10,7261,,,,
20250326,071950,코아스,9190,-330,6776,,,,
20250326,071970,HD현대마린엔진,26450,-600,491323,,,,
20250326,072130,유엔젤,5290,-320,334676,,,,
20250326,072710,농심홀딩스,65300,-600,7762,,,,
20250326,073240,금호타이어,5010,-10,302346,,,,
20250326,074610,이엔플러스,6020,-170,81433,,,,
20250326,075180,새론오토모티브,3255,-15,9809,,,,
20250326,075580,세진중공업,7140,80,315419,,,,
20250326,077500,유니퀘스트,5840,20,171520,,,,
20250326,077970,STX엔진,23200,-900,494625,,,,
20250326,078000,텔코웨어,8760,-40,14415,,,,
20250326,078520,에이블씨엔씨,6840,10,77279,,,,
20250326,078930,GS,37050,150,146969,,,,
20250326,078935,GS우,36450,50,4172,,,,
20250326,079160,CJ CGV,4765,-15,126145,,,,
20250326,079430,현대리바트,7250,20,22659,,,,
20250326,079550,LIG디펜스앤에어로스페이스,254000,-4000,203320,,,,
20250326,079900,전진건설로봇,46050,-4450,357666,,,,
20250326,079980,휴비스,2725,25,29891,,,,
20250326,081000,일진다이아,11380,60,5182,,,,
20250326,081660,미스토홀딩스,38850,50,122346,,,,
20250326,082640,동양생명,5150,-20,126871,,,,
20250326,082740,한화엔진,22200,-300,1967748,,,,
20250326,083420,그린케미칼,6120,40,64338,,,,
20250326,084010,대한제강,10802,26,44061,,,,
20250326,084670,동양고속,6990,-20,1363,,,,
20250326,084680,이월드,1275,14,126843,,,,
20250326,084690,대상홀딩스,11160,-340,542494,,,,
20250326,084695,대상홀딩스우,21450,-1650,25294,,,,
20250326,084870,TBH글로벌,1114,-6,41216,,,,
20250326,085310,엔케이,8310,-40,21558,,,,
20250326,085620,미래에셋생명,4405,5,10875,,,,
20250326,086280,현대글로비스,128000,900,113160,,,,
20250326,086790,하나금융지주,62000,-600,417289,,,,
20250326,088260,이리츠코크렙,4300,-25,39511,,,,
20250326,088350,한화생명,2605,-10,541483,,,,
20250326,088790,진도,1796,4,14728,,,,
20250326,088980,맥쿼리인프라,10970,-30,443911,,,,
20250326,089470,HDC현대EP,3625,0,10185,,,,
20250326,089590,제주항공,7020,-20,148657,,,,
20250326,089860,롯데렌탈,29500,-250,42790,,,,
20250326,090080,평화산업,1122,-7,555976,,,,
20250326,090350,노루페인트,7750,0,41167,,,,
20250326,090355,노루페인트우,12850,90,127,,,,
20250326,090370,메타랩스,1472,13,14792,,,,
20250326,090430,아모레퍼시픽,106700,-2100,341858,,,,
20250326,090435,아모레퍼시픽우,35100,-400,12581,,,,
20250326,090460,비에이치,15020,120,230929,,,,
20250326,091810,트리니티항공,2181,5,731383,,,,
20250326,092200,디아이씨,4635,135,1223765,,,,
20250326,092220,KEC,3930,20,67478,,,,
20250326,092230,KPX홀딩스,54300,-600,3603,,,,
20250326,092440,기신정기,2400,-5,11518,,,,
20250326,092780,DYP,4655,5,6448,,,,
20250326,092790,넥스틸,13900,-650,1618983,,,,
20250326,093050,LF,15270,150,57776,,,,
20250326,093240,형지엘리트,1933,444,7632159,,,,
20250326,093370,후성,4960,-35,171833,,,,
20250326,094280,효성ITX,11840,20,3790,,,,
20250326,094800,맵스리얼티,4240,-15,30379,,,,
20250326,095570,AJ네트웍스,3795,0,32671,,,,
20250326,095720,웅진씽크빅,3016,6,35786,,,,
20250326,096760,JW홀딩스,3055,-20,53676,,,,
20250326,096770,SK이노베이션,126000,1900,132217,,,,
20250326,096775,SK이노베이션우,77400,1000,1626,,,,
20250326,097230,HJ중공업,6570,-270,1483018,,,,
20250326,097520,엠씨넥스,24600,-250,40293,,,,
20250326,097950,CJ제일제당,257500,-1500,36438,,,,
20250326,097955,CJ제일제당 우,136400,-300,2038,,,,
20250326,100090,SK오션플랜트,13360,-980,390625,,,,
20250326,100220,비상교육,4650,-80,11794,,,,
20250326,100250,진양홀딩스,2891,-15,10399,,,,
20250326,100840,SNT에너지,30600,-250,192281,,,,
20250326,101140,인바이오젠,7250,30,13866,,,,
20250326,101530,해태제과식품,6350,0,34708,,,,
20250326,102260,동성케미컬,3735,19,15644,,,,
20250326,102460,이연제약,11840,10,32063,,,,
20250326,103140,풍산,67900,4400,627332,,,,
20250326,103590,일진전기,27950,0,346237,,,,
20250326,104700,한국철강,8010,-40,15078,,,,
20250326,105560,KB금융,81800,-100,970252,,,,
20250326,105630,한세실업,11970,-70,77627,,,,
20250326,105840,우진,7460,40,73654,,,,
20250326,107590,미원홀딩스,72900,100,48,,,,
20250326,108320,LX세미콘,57000,300,29997,,,,
20250326,108670,LX하우시스,30000,100,10448,,,,
20250326,108675,LX하우시스우,17940,-60,1107,,,,
20250326,109070,주성코퍼레이션,1443,258,57512491,,,,
20250326,111110,호전실업,8110,40,13645,,,,
20250326,111380,동인기연,15330,-40,4942,,,,
20250326,111770,영원무역,50100,-1000,35607,,,,
20250326,112610,씨에스윈드,36150,-550,154993,,,,
20250326,114090,GKL,10860,60,50054,,,,
20250326,117580,대성에너지,7830,50,19154,,,,
20250326,118000,메타케어,3090,-40,112239,,,,
20250326,119650,KC코트렐,918,0,0,,,,
20250326,120030,조선선재,97300,-800,1889,,,,
20250326,120110,코오롱인더,30850,50,77368,,,,
20250326,120115,코오롱인더우,19310,-40,4256,,,,
20250326,122900,아이마켓코리아,7920,10,28197,,,,
20250326,123690,한국화장품,6790,-40,53003,,,,
20250326,123700,SJM,3025,10,19826,,,,
20250326,123890,한국자산신탁,2485,0,146056,,,,
20250326,126560,현대퓨처넷,2990,5,29597,,,,
20250326,126720,수산인더스트리,19900,-70,27771,,,,
20250326,128820,대성산업,3520,0,239823,,,,
20250326,128940,한미약품,243000,-1000,32554,,,,
20250326,129260,인터지스,2460,125,248563,,,,
20250326,130660,한전산업,10340,-50,77433,,,,
20250326,133820,화인베스틸,953,13,65244,,,,
20250326,134380,미원화학,7900,20,2030,,,,
20250326,134790,시디즈,25700,650,14444,,,,
20250326,136490,선진,5600,-80,35252,,,,
20250326,137310,에스디바이오센서,9760,-20,49004,,,,
20250326,138040,메리츠금융지주,119600,1400,145835,,,,
20250326,138930,BNK금융지주,10350,-430,1256153,,,,
20250326,139130,iM금융지주,9010,-120,452731,,,,
20250326,139480,이마트,80300,-100,74355,,,,
20250326,139990,아주스틸,4040,-25,11272,,,,
20250326,143210,핸즈코퍼레이션,1804,-16,6512,,,,
20250326,145210,다이나믹디자인,7390,-1070,187214,,,,
20250326,145270,케이탑리츠,975,0,46538,,,,
20250326,145720,덴티움,69300,1700,58645,,,,
20250326,145990,삼양사,46200,0,14029,,,,
20250326,145995,삼양사우,30000,0,316,,,,
20250326,155660,DSR,3785,55,6875,,,,
20250326,161000,애경케미칼,7050,160,84974,,,,
20250326,161390,한국타이어앤테크놀로지,42050,-600,232251,,,,
20250326,161890,한국콜마,63800,-500,77313,,,,
20250326,163560,동일고무벨트,7330,-110,27053,,,,
20250326,170900,동아에스티,44491,-48,6294,,,,
20250326,175330,JB금융지주,17280,-540,365641,,,,
20250326,178920,PI첨단소재,17610,10,80789,,,,
20250326,180640,한진칼,82500,1400,24255,,,,
20250326,18064K,한진칼우,23300,-50,973,,,,
20250326,181710,NHN,18560,180,39274,,,,
20250326,183190,아세아시멘트,10080,50,38037,,,,
20250326,185750,종근당,80600,-300,12655,,,,
20250326,192080,더블유게임즈,51200,400,37928,,,,
20250326,192400,쿠쿠홀딩스,22000,0,6030,,,,
20250326,192650,드림텍,7070,70,88187,,,,
20250326,192820,코스맥스,175600,-2400,46240,,,,
20250326,194370,제이에스코퍼레이션,8770,-145,167988,,,,
20250326,195870,해성디에스,29200,150,61805,,,,
20250326,200880,서연이화,13740,-60,345489,,,,
20250326,204320,HL만도,42850,-850,192602,,,,
20250326,207940,삼성바이오로직스,1577710,-2943,23979,,,,
20250326,210540,디와이파워,11720,160,49578,,,,
20250326,210980,SK디앤디,8660,-50,53740,,,,
20250326,213500,한솔제지,8540,50,32087,,,,
20250326,214320,이노션,17950,-170,110796,,,,
20250326,214330,금호에이치티,15504,-109,7934,,,,
20250326,214390,경보제약,5610,-20,22966,,,,
20250326,214420,토니모리,8790,200,564974,,,,
20250326,226320,잇츠한불,11080,-50,11871,,,,
20250326,227840,현대코퍼레이션홀딩스,10380,-40,7826,,,,
20250326,229640,LS에코에너지,33900,650,93920,,,,
20250326,234080,JW생명과학,11510,110,69177,,,,
20250326,241560,두산밥캣,49300,-1100,243397,,,,
20250326,241590,화승엔터프라이즈,8710,-110,197889,,,,
20250326,244920,에이플러스에셋,4040,20,20711,,,,
20250326,248070,솔루엠,17440,-30,65743,,,,
20250326,248170,샘표식품,25900,100,6768,,,,
20250326,249420,일동제약,11160,10,26216,,,,
20250326,251270,넷마블,41400,1150,171177,,,,
20250326,259960,크래프톤,338500,2500,75899,,,,
20250326,264900,크라운제과,8070,-60,8127,,,,
20250326,26490K,크라운제과우,9280,210,799,,,,
20250326,267250,HD현대,74100,-700,92191,,,,
20250326,267260,HD현대일렉트릭,333000,-14000,240010,,,,
20250326,267270,HD건설기계,69800,-500,122951,,,,
20250326,267290,경동도시가스,17560,10,2146,,,,
20250326,267850,아시아나IDT,11150,-40,12300,,,,
20250326,268280,미원에스씨,149900,0,1342,,,,
20250326,271560,오리온,116300,-2600,119841,,,,
20250326,271940,일진하이솔루스,14100,-160,34722,,,,
20250326,271980,제일약품,11850,-540,273810,,,,
20250326,272210,한화시스템,34250,50,2771452,,,,
20250326,272450,진에어,9640,-10,58797,,,,
20250326,272550,삼양패키징,14170,-20,12116,,,,
20250326,278470,에이피알,69800,1000,464806,,,,
20250326,280360,롯데웰푸드,118100,-3900,27973,,,,
20250326,281820,케이씨텍,38050,1650,97918,,,,
20250326,282330,BGF리테일,109000,-2700,14318,,,,
20250326,284740,쿠쿠홈시스,21500,250,15739,,,,
20250326,285130,SK케미칼,41550,-150,33305,,,,
20250326,28513K,SK케미칼우,20100,50,2352,,,,
20250326,286940,롯데이노베이트,19170,-30,12386,,,,
20250326,293480,하나제약,10360,-70,17947,,,,
20250326,293940,신한알파리츠,5800,-60,191101,,,,
20250326,294870,IPARK현대산업개발,19770,110,149338,,,,
20250326,298000,효성화학,77800,0,0,,,,
20250326,298020,효성티앤씨,240000,9000,14744,,,,
20250326,298040,효성중공업,476500,19000,53159,,,,
20250326,298050,HS효성첨단소재,191700,6500,15066,,,,
20250326,298690,에어부산,2125,0,124894,,,,
20250326,300720,한일시멘트,16560,10,38687,,,,
20250326,302440,SK바이오사이언스,41850,-300,43293,,,,
20250326,306200,세아제강,190400,4900,52252,,,,
20250326,307950,현대오토에버,135200,0,23154,,,,
20250326,308170,씨티알모빌리티,5210,-140,16668,,,,
20250326,316140,우리금융지주,16900,-10,1066307,,,,
20250326,317400,자이에스앤디,3200,-5,42335,,,,
20250326,322000,HD현대에너지솔루션,25350,1150,74381,,,,
20250326,323410,카카오뱅크,23150,0,332429,,,,
20250326,326030,SK바이오팜,104100,-3300,132972,,,,
20250326,329180,HD현대중공업,288000,1000,159444,,,,
20250326,330590,롯데리츠,3555,60,309091,,,,
20250326,334890,이지스밸류플러스리츠,4509,69,72767,,,,
20250326,336260,두산퓨얼셀,15500,180,66438,,,,
20250326,33626K,두산퓨얼셀1우,4415,-5,9366,,,,
20250326,33626L,두산퓨얼셀2우B,7650,0,102,,,,
20250326,336370,솔루스첨단소재,8690,230,100927,,,,
20250326,33637K,솔루스첨단소재1우,1927,23,6467,,,,
20250326,33637L,솔루스첨단소재2우B,3770,-10,2745,,,,
20250326,338100,NH프라임리츠,4445,-5,7910,,,,
20250326,339770,교촌에프앤비,5670,-150,122257,,,,
20250326,344820,KCC글라스,31700,-100,22052,,,,
20250326,348950,제이알글로벌리츠,2680,30,275462,,,,
20250326,350520,이지스레지던스리츠,4130,25,23985,,,,
20250326,352820,하이브,242000,2000,99315,,,,
20250326,353200,대덕전자,17640,-160,331590,,,,
20250326,35320K,대덕전자1우,8090,40,2704,,,,
20250326,357120,코람코라이프인프라리츠,4455,-5,44264,,,,
20250326,357250,미래에셋맵스리츠,2680,5,19941,,,,
20250326,357430,마스턴프리미어리츠,1513,8,37899,,,,
20250326,361610,SK아이이테크놀로지,24850,450,106712,,,,
20250326,363280,티와이홀딩스,2215,-40,309414,,,,
20250326,36328K,티와이홀딩스우,3740,-50,5043,,,,
20250326,365550,ESR켄달스퀘어리츠,4872,-130,223647,,,,
20250326,372910,한컴라이프케어,3415,-95,2968520,,,,
20250326,373220,LG에너지솔루션,360000,24500,537163,,,,
20250326,375500,DL이앤씨,41950,750,132838,,,,
20250326,37550K,DL이앤씨우,17030,-10,3118,,,,
20250326,37550L,DL이앤씨2우(전환),26450,1200,1919,,,,
20250326,377190,디앤디플랫폼리츠,3300,70,171344,,,,
20250326,377300,카카오페이,30400,50,405740,,,,
20250326,377740,바이오노트,4945,40,42649,,,,
20250326,378850,화승알앤에이,3255,5,175853,,,,
20250326,381970,케이카,13100,-170,45170,,,,
20250326,383220,F&F,64500,-1200,54957,,,,
20250326,383800,LX홀딩스,6600,20,57953,,,,
20250326,38380K,LX홀딩스1우,7750,-70,1206,,,,
20250326,395400,SK리츠,5010,-60,238892,,,,
20250326,396690,미래에셋글로벌리츠,2720,-20,50650,,,,
20250326,400760,NH올원리츠,3512,5,33404,,,,
20250326,402340,SK스퀘어,99700,-100,199156,,,,
20250326,403550,쏘카,14500,-40,4988,,,,
20250326,404990,신한서부티엔디리츠,3190,-10,49369,,,,
20250326,415640,KB발해인프라,7630,-10,15141,,,,
20250326,417310,코람코더원리츠,4905,-5,21023,,,,
20250326,432320,KB스타리츠,3845,-5,32286,,,,
20250326,443060,HD현대마린솔루션,141900,-2600,68682,,,,
20250326,446070,유니드비티플러스,4040,10,13750,,,,
20250326,448730,삼성FN리츠,4575,15,23491,,,,
20250326,450080,에코프로머티,66900,-300,425220,,,,
20250326,451800,한화리츠,3890,30,210315,,,,
20250326,452260,한화갤러리아,1170,-3,370385,,,,
20250326,45226K,한화갤러리아우,2350,-55,2929,,,,
20250326,453340,현대그린푸드,14800,300,53538,,,,
20250326,454910,두산로보틱스,53900,-200,119923,,,,
20250326,456040,OCI,57800,200,18000,,,,
20250326,457190,이수스페셜티케미컬,49100,2100,423776,,,,
20250326,460850,동국씨엠,7110,30,95595,,,,
20250326,460860,동국제강,9380,240,85155,,,,
20250326,462520,조선내화,13880,-90,9762,,,,
20250326,462870,시프트업,54500,-300,146153,,,,
20250326,465770,STX그린로지스,10800,250,3317910,,,,
20250326,475150,SK이터닉스,14400,400,146345,,,,
20250326,475560,더본코리아,28950,-600,73631,,,,
20250326,480370,씨케이솔루션,5126,-17,2479612,,,,
20250326,481850,신한글로벌액티브리츠,1554,7,45393,,,,
20250326,484870,엠앤씨솔루션,26900,200,319269,,,,
20250326,487570,HS효성,34750,-50,12818,,,,
20250326,489790,한화비전,56700,1900,1209486,,,,
20250326,499790,GS피앤엘,18770,-30,9897,,,,
20250326,900140,엘브이엠씨홀딩스,1848,-3,390325,,,,
20250326,950210,프레스티지바이오파마,12410,-420,97305,,,,
20250327,000020,동화약품,6150,20,29793,,,,
20250327,000040,KR모터스,1945,5,24834,,,,
20250327,000050,경방,6570,100,5633,,,,
20250327,000070,삼양홀딩스,40171,-67,12087,,,,
20250327,000080,하이트진로,19560,-110,83536,,,,
20250327,000087,하이트진로2우B,15160,-10,433,,,,
20250327,000100,유한양행,118100,-3500,514614,,,,
20250327,000105,유한양행우,107300,-2700,6694,,,,
20250327,000120,CJ대한통운,85300,-1000,40332,,,,
20250327,000140,하이트진로홀딩스,8530,-30,7485,,,,
20250327,000145,하이트진로홀딩스우,10180,40,19,,,,
20250327,000150,두산,302500,-21000,148765,,,,
20250327,000155,두산우,139800,-5600,9525,,,,
20250327,000157,두산2우B,130500,-3400,1232,,,,
20250327,000180,성창기업지주,6290,15,8782,,,,
20250327,000210,DL,34300,-500,29109,,,,
20250327,000215,DL우,19230,90,1298,,,,
20250327,000220,유유제약,4375,-25,32300,,,,
20250327,000225,유유제약1우,4695,-15,2985,,,,
20250327,000227,유유제약2우B,9710,330,558,,,,
20250327,000230,일동홀딩스,6240,30,21621,,,,
20250327,000240,한국앤컴퍼니,16390,-60,135929,,,,
20250327,000270,기아,97900,-3500,1400285,,,,
20250327,000300,DH오토넥스,4200,0,0,,,,
20250327,000320,노루홀딩스,13700,-270,12901,,,,
20250327,000325,노루홀딩스우,29000,150,189,,,,
20250327,000370,한화손해보험,4115,-55,134289,,,,
20250327,000390,SP삼화,6090,-70,82951,,,,
20250327,000400,롯데손해보험,1803,23,190029,,,,
20250327,000430,대원강업,3645,-55,54767,,,,
20250327,000480,CR홀딩스,5140,-20,13308,,,,
20250327,000490,대동,10660,-60,174511,,,,
20250327,000500,가온전선,24616,-1640,209176,,,,
20250327,000520,삼일제약,11690,-90,152213,,,,
20250327,000540,흥국화재,3370,195,2878915,,,,
20250327,000545,흥국화재우,6140,670,181513,,,,
20250327,000590,CS홀딩스,71000,-200,264,,,,
20250327,000640,동아쏘시오홀딩스,96636,-1456,4310,,,,
20250327,000650,천일고속,38750,100,40,,,,
20250327,000660,SK하이닉스,207000,-7000,2287220,,,,
20250327,000670,영풍,43195,-4329,153505,,,,
20250327,000680,LS네트웍스,3665,-125,276948,,,,
20250327,000700,유수홀딩스,5590,0,18217,,,,
20250327,000720,현대건설,34700,250,467266,,,,
20250327,000725,현대건설우,48450,300,1065,,,,
20250327,000760,이화산업,10250,-20,108,,,,
20250327,000810,삼성화재,358000,-1500,96915,,,,
20250327,000815,삼성화재우,273500,-1500,8470,,,,
20250327,000850,화천기공,27650,400,5543,,,,
20250327,000860,강남제비스코,12030,75,31704,,,,
20250327,000880,한화,49339,-1981,237972,,,,
20250327,00088K,한화3우B,17529,-271,37688,,,,
20250327,000890,보해양조,2200,-45,171581,,,,
20250327,000910,유니온,5220,110,358289,,,,
20250327,000950,전방,19270,-20,3790,,,,
20250327,000970,한국주철관,6180,-30,22565,,,,
20250327,000990,DB하이텍,44600,-100,200751,,,,
20250327,001020,페이퍼코리아,3520,-25,2511,,,,
20250327,001040,CJ,121100,-5400,115066,,,,
20250327,001045,CJ우,67400,-600,7180,,,,
20250327,00104K,CJ4우(전환),94000,-3000,17307,,,,
20250327,001060,JW중외제약,22400,-200,54786,,,,
20250327,001065,JW중외제약우,28600,200,30,,,,
20250327,001067,JW중외제약2우B,60900,300,9,,,,
20250327,001070,대한방직,5230,0,989,,,,
20250327,001080,만호제강,2840,-85,20070,,,,
20250327,001120,LX인터내셔널,25600,-200,90290,,,,
20250327,001130,대한제분,12850,10,8220,,,,
20250327,001200,유진투자증권,2540,-35,347489,,,,
20250327,001210,금호전기,3225,55,23053,,,,
20250327,001230,동국홀딩스,1663,-11,252394,,,,
20250327,001250,GS글로벌,2660,-40,3308907,,,,
20250327,001260,남광토건,7840,10,11746,,,,
20250327,001270,부국증권,27050,100,1940,,,,
20250327,001275,부국증권우,21900,-50,729,,,,
20250327,001290,상상인증권,432,4,43650,,,,
20250327,001340,PKC,6490,-260,209529,,,,
20250327,001360,삼성제약,1526,-26,201109,,,,
20250327,001380,SG글로벌,4518,-390,3416436,,,,
20250327,001390,KG케미칼,3750,-40,81828,,,,
20250327,001420,태원물산,3310,15,2962,,,,
20250327,001430,세아베스틸지주,18500,-1550,209303,,,,
20250327,001440,대한전선,12280,-340,572555,,,,
20250327,001450,현대해상,22700,-200,173094,,,,
20250327,001460,BYC,26800,0,739,,,,
20250327,001465,BYC우,12500,40,1367,,,,
20250327,001470,삼부토건,377,-21,6217767,,,,
20250327,001500,현대차증권,5840,-10,311984,,,,
20250327,001510,SK증권,922,-11,214522,,,,
20250327,001515,SK증권우,3316,-26,2172,,,,
20250327,001520,동양,1126,-22,180434,,,,
20250327,001525,동양우,8300,120,113,,,,
20250327,001527,동양2우B,16880,80,1,,,,
20250327,001530,DI동일,44143,2142,92442,,,,
20250327,001550,조비,10600,310,93938,,,,
20250327,001560,제일연마,8400,-120,6032,,,,
20250327,001570,금양,9900,0,0,,,,
20250327,001620,케이비아이동국실업,2420,-45,11077,,,,
20250327,001630,종근당홀딩스,44000,-300,2833,,,,
20250327,001680,대상,23950,-100,125155,,,,
20250327,001685,대상우,17820,220,19921,,,,
20250327,001720,신영증권,80000,-1000,9212,,,,
20250327,001740,SK네트웍스,4370,-30,207947,,,,
20250327,001750,한양증권,12040,-60,22312,,,,
20250327,001755,한양증권우,12550,-90,288,,,,
20250327,001770,SHD,14980,-20,1125,,,,
20250327,001780,알루코,2155,-45,153697,,,,
20250327,001790,대한제당,2765,-35,78426,,,,
20250327,001795,대한제당우,2270,-20,17343,,,,
20250327,001800,오리온홀딩스,16000,-150,86967,,,,
20250327,001820,삼화콘덴서,26850,-650,22102,,,,
20250327,001940,KISCO홀딩스,19470,-10,3757,,,,
20250327,002020,코오롱,22750,-950,167665,,,,
20250327,002025,코오롱우,14210,-600,7722,,,,
20250327,002030,아세아,262500,0,834,,,,
20250327,002070,비비안,15853,79,21278,,,,
20250327,002100,경농,9010,0,84544,,,,
20250327,002140,고려산업,2670,-10,88139,,,,
20250327,002150,도화엔지니어링,6580,50,8626,,,,
20250327,002170,SYTS,47700,50,788,,,,
20250327,002200,한국수출포장,2735,5,10802,,,,
20250327,002210,동성제약,3800,26,15494,,,,
20250327,002220,한일철강,1865,-25,17408,,,,
20250327,002240,고려제강,17350,60,6779,,,,
20250327,002310,아세아제지,6860,-230,905928,,,,
20250327,002320,한진,19300,-10,13715,,,,
20250327,002350,넥센타이어,5570,-40,87751,,,,
20250327,002355,넥센타이어1우B,2845,5,4985,,,,
20250327,002360,SH에너지화학,4470,-130,40528,,,,
20250327,002380,KCC,268000,-5000,15486,,,,
20250327,002390,한독,11280,-100,6222,,,,
20250327,002410,범양건영,1935,0,0,,,,
20250327,002420,세기상사,4930,-110,4674,,,,
20250327,002450,삼익악기,1154,-8,186427,,,,
20250327,002460,HS화성,9620,-10,18640,,,,
20250327,002600,조흥,165400,100,3,,,,
20250327,002620,제일파마홀딩스,7740,70,99753,,,,
20250327,002630,오리엔트바이오,3710,560,22123185,,,,
20250327,002690,동일제강,1234,20,6606,,,,
20250327,002700,신일전자,1495,-16,231676,,,,
20250327,002710,TCC스틸,24300,-1400,126820,,,,
20250327,002720,국제약품,4600,-70,101518,,,,
20250327,002760,보락,1031,-12,170205,,,,
20250327,002780,진흥기업,738,-3,369953,,,,
20250327,002785,진흥기업우B,3135,10,560,,,,
20250327,002787,진흥기업2우B,9720,90,1,,,,
20250327,002790,아모레퍼시픽홀딩스,20600,-500,160843,,,,
20250327,002795,아모레퍼시픽홀딩스우,8980,-240,11262,,,,
20250327,00279K,아모레퍼시픽홀딩스3우C,17560,-500,9047,,,,
20250327,002810,삼영무역,13600,70,9959,,,,
20250327,002820,SUN&L,2915,60,2322,,,,
20250327,002840,미원상사,184400,-1000,1368,,,,
20250327,002870,신풍,1230,48,237085,,,,
20250327,002880,디와이에이,893,-2,29421,,,,
20250327,002900,TYM,4700,170,344274,,,,
20250327,002920,유성기업,1840,-1,20454,,,,
20250327,002960,한국쉘석유,340000,-4500,2312,,,,
20250327,002990,금호건설,2620,30,30252,,,,
20250327,002995,금호건설우,11300,-220,2159,,,,
20250327,003000,부광약품,4113,-64,117389,,,,
20250327,003010,혜인,4940,55,34608,,,,
20250327,003030,세아제강지주,239000,-4500,9214,,,,
20250327,003060,에이프로젠바이오로직스,786,5,417835,,,,
20250327,003070,코오롱글로벌,8620,20,38267,,,,
20250327,003075,코오롱글로벌우,15130,-320,739,,,,
20250327,003080,SB성보,2455,5,113605,,,,
20250327,003090,대웅,19740,-240,16217,,,,
20250327,003120,일성아이에스,15330,0,529,,,,
20250327,003160,디아이,14510,-430,412176,,,,
20250327,003200,일신방직,8050,40,20705,,,,
20250327,003220,대원제약,13840,-110,25570,,,,
20250327,003230,삼양식품,832000,-40000,63945,,,,
20250327,003240,태광산업,695000,-5000,487,,,,
20250327,003280,흥아해운,1661,-15,1310391,,,,
20250327,003300,한일홀딩스,13950,-10,7521,,,,
20250327,003350,한국화장품제조,10400,200,328800,,,,
20250327,003460,유화증권,2330,10,7186,,,,
20250327,003465,유화증권우,2325,10,3474,,,,
20250327,003470,유안타증권,2810,-10,735710,,,,
20250327,003475,유안타증권우,3045,-5,208857,,,,
20250327,003480,한진중공업홀딩스,3560,20,16894,,,,
20250327,003490,대한항공,22200,-100,610719,,,,
20250327,003495,대한항공우,21650,0,521,,,,
20250327,003520,영진약품,1980,7,126242,,,,
20250327,003530,한화투자증권,3375,-60,519128,,,,
20250327,003535,한화투자증권우,5670,-40,5948,,,,
20250327,003540,대신증권,16320,0,98411,,,,
20250327,003545,대신증권우,15490,210,200169,,,,
20250327,003547,대신증권2우B,14820,60,61552,,,,
20250327,003550,LG,66800,-400,214535,,,,
20250327,003555,LG우,55400,-100,4731,,,,
20250327,003570,SNT다이내믹스,30700,-600,56471,,,,
20250327,003580,HLB글로벌,3425,40,188579,,,,
20250327,003610,방림,3700,-20,117851,,,,
20250327,003620,KG모빌리티,4078,-43,97998,,,,
20250327,003650,미창석유,100000,0,1130,,,,
20250327,003670,포스코퓨처엠,130954,-3296,145644,,,,
20250327,003680,한성기업,4950,130,97165,,,,
20250327,003690,코리안리,8180,40,167113,,,,
20250327,003720,삼영,3925,-80,173961,,,,
20250327,003780,진양산업,7370,30,199921,,,,
20250327,003830,대한화섬,113200,0,381,,,,
20250327,003850,보령,9190,-200,188949,,,,
20250327,003920,남양유업,71500,200,13942,,,,
20250327,003925,남양유업우,37350,450,2238,,,,
20250327,003960,사조대림,39550,200,15406,,,,
20250327,004000,롯데정밀화학,40300,-200,28219,,,,
20250327,004020,현대제철,26450,-900,832165,,,,
20250327,004060,SG세계물산,3090,-30,39975,,,,
20250327,004080,신흥,14680,50,111,,,,
20250327,004090,한국석유,12780,30,284997,,,,
20250327,004100,태양금속,2700,110,1228983,,,,
20250327,004105,태양금속우,4315,85,29799,,,,
20250327,004140,동방,2175,-30,231035,,,,
20250327,004150,한솔홀딩스,2505,0,19437,,,,
20250327,004170,신세계,146800,1200,25667,,,,
20250327,004250,NPC,3900,5,6096,,,,
20250327,004255,NPC우,2370,0,4671,,,,
20250327,004270,남성,8355,-151,3479,,,,
20250327,004310,현대약품,3210,-25,42146,,,,
20250327,004360,세방,11500,-100,8487,,,,
20250327,004365,세방우,7630,0,27837,,,,
20250327,004370,농심,411000,6000,24780,,,,
20250327,004380,삼익THK,13848,-378,116768,,,,
20250327,004410,서울식품,1430,0,24975,,,,
20250327,004415,서울식품우,12030,-30,758,,,,
20250327,004430,송원산업,12550,-160,37363,,,,
20250327,004440,삼일씨엔에스,3975,-70,21118,,,,
20250327,004450,삼화왕관,30500,-50,1172,,,,
20250327,004490,세방전지,69600,-3100,38913,,,,
20250327,004540,깨끗한나라,2235,10,243238,,,,
20250327,004545,깨끗한나라우,11760,180,803,,,,
20250327,004560,현대비앤지스틸,12360,-320,52184,,,,
20250327,004690,삼천리,88200,-2300,14001,,,,
20250327,004700,조광피혁,52000,1100,1258,,,,
20250327,004710,한솔테크닉스,4216,-59,51586,,,,
20250327,004720,팜젠사이언스,4070,-20,23471,,,,
20250327,004770,써니전자,2190,-15,514254,,,,
20250327,004800,효성,48100,-100,8027,,,,
20250327,004830,덕성,7150,230,670848,,,,
20250327,004835,덕성우,10640,460,51039,,,,
20250327,004840,DRB동일,4100,105,5647,,,,
20250327,004870,티웨이홀딩스,3230,-28,76862,,,,
20250327,004890,동일산업,40150,0,391,,,,
20250327,004910,조광페인트,5610,-160,24763,,,,
20250327,004920,씨아이테크,1062,7,47199,,,,
20250327,004960,한신공영,6140,0,17961,,,,
20250327,004970,신라교역,8740,-30,3559,,,,
20250327,004980,성신양회,7210,-10,14027,,,,
20250327,004985,성신양회우,10540,-580,5234,,,,
20250327,004990,롯데지주,23000,-50,103411,,,,
20250327,00499K,롯데지주우,27100,200,122,,,,
20250327,005010,휴스틸,5280,-160,1440939,,,,
20250327,005030,부산주공,486,0,0,,,,
20250327,005070,코스모신소재,44500,-2100,220016,,,,
20250327,005090,SGC에너지,22600,-50,7450,,,,
20250327,005110,한창,1254,0,0,,,,
20250327,005180,빙그레,93100,-1500,29646,,,,
20250327,005250,녹십자홀딩스,13580,-150,46596,,,,
20250327,005257,녹십자홀딩스2우,20600,50,140,,,,
20250327,005300,롯데칠성,109600,-700,13421,,,,
20250327,005305,롯데칠성우,66200,500,1459,,,,
20250327,005320,온타이드,892,-8,45184,,,,
20250327,005360,모나미,2010,0,14227,,,,
20250327,005380,현대차,212500,-9500,1027562,,,,
20250327,005385,현대차우,157000,-3600,68138,,,,
20250327,005387,현대차2우B,160400,-3800,94901,,,,
20250327,005389,현대차3우B,155400,-4000,15238,,,,
20250327,005420,코스모화학,17610,-320,53105,,,,
20250327,005430,한국공항,50200,-300,12672,,,,
20250327,005440,현대지에프홀딩스,5070,-10,91199,,,,
20250327,005490,POSCO홀딩스,300500,-6500,208639,,,,
20250327,005500,삼진제약,17820,70,11073,,,,
20250327,005610,삼립,57500,-2600,61727,,,,
20250327,005680,삼영전자,9930,-30,7748,,,,
20250327,005690,파미셀,10460,-940,1817978,,,,
20250327,005720,넥센,4680,-90,97454,,,,
20250327,005725,넥센우,3265,25,981,,,,
20250327,005740,크라운해태홀딩스,5400,-20,17280,,,,
20250327,005745,크라운해태홀딩스우,7560,-40,794,,,,
20250327,005750,대림바스,3905,-105,20897,,,,
20250327,005800,신영와코루,10130,-50,8765,,,,
20250327,005810,풍산홀딩스,28300,-600,22449,,,,
20250327,005820,원림,13690,-120,3017,,,,
20250327,005830,DB손해보험,90400,-7600,199739,,,,
20250327,005850,에스엘,39700,600,179526,,,,
20250327,005870,휴니드,9260,-290,853595,,,,
20250327,005880,대한해운,1673,-10,909288,,,,
20250327,005930,삼성전자,61800,400,20389790,,,,
20250327,005935,삼성전자우,50800,600,1506610,,,,
20250327,005940,NH투자증권,14790,-180,527187,,,,
20250327,005945,NH투자증권우,13320,-40,350449,,,,
20250327,005950,이수화학,6030,-70,50947,,,,
20250327,005960,동부건설,3510,10,8980,,,,
20250327,005965,동부건설우,17910,-70,1350,,,,
20250327,006040,동원산업,36200,-1050,41097,,,,
20250327,006060,화승인더,4845,-95,180675,,,,
20250327,006090,사조오양,8230,40,3951,,,,
20250327,006110,삼아알미늄,27600,-900,33384,,,,
20250327,006120,SK디스커버리,38850,-200,13144,,,,
20250327,006125,SK디스커버리우,33800,100,2120,,,,
20250327,006200,한국전자홀딩스,3455,0,3310,,,,
20250327,006220,제주은행,7710,-80,40675,,,,
20250327,006260,LS,111200,-4600,132964,,,,
20250327,006280,녹십자,127400,-3900,29600,,,,
20250327,006340,대원전선,2815,-140,3207429,,,,
20250327,006345,대원전선우,3800,-30,210227,,,,
20250327,006360,GS건설,17370,220,300650,,,,
20250327,006370,대구백화점,8030,110,28485,,,,
20250327,006380,카프로,3660,0,0,,,,
20250327,006400,삼성SDI,197275,-6853,305262,,,,
20250327,006405,삼성SDI우,118448,-1446,4068,,,,
20250327,006490,프리티,6605,60,81103,,,,
20250327,006570,대림통상,2440,35,4905,,,,
20250327,006650,대한유화,99000,500,20255,,,,
20250327,006660,삼성공조,15910,-940,377889,,,,
20250327,006740,블루산업개발,2271,-12,25555,,,,
20250327,006800,미래에셋증권,9907,-149,819631,,,,
20250327,006805,미래에셋증권우,4563,-143,63427,,,,
20250327,00680K,미래에셋증권2우B,4216,0,416601,,,,
20250327,006840,AK홀딩스,10170,10,909,,,,
20250327,006880,신송홀딩스,6850,0,87945,,,,
20250327,006890,태경케미컬,11730,40,61115,,,,
20250327,006980,우성,14620,150,783,,,,
20250327,007070,GS리테일,14820,-140,73442,,,,
20250327,007110,일신석재,1967,-63,2733357,,,,
20250327,007120,미래아이앤지,776,6,22568,,,,
20250327,007160,사조산업,34300,500,10882,,,,
20250327,007210,벽산,2180,0,169458,,,,
20250327,007280,한국특강,3502,6,9031,,,,
20250327,007310,오뚜기,410500,0,1974,,,,
20250327,007340,DN오토모티브,21250,-450,40064,,,,
20250327,007460,에이프로젠,747,-5,1167226,,,,
20250327,007540,샘표,41500,50,784,,,,
20250327,007570,일양약품,11366,89,148962,,,,
20250327,007575,일양약품우,12438,235,3101,,,,
20250327,007590,동방아그로,6000,0,1750,,,,
20250327,007610,선도전기,3000,0,0,,,,
20250327,007660,이수페타시스,39600,-1300,1367596,,,,
20250327,007690,국도화학,30150,150,5538,,,,
20250327,007700,F&F홀딩스,12240,-20,7563,,,,
20250327,007810,코리아써키트,11770,-510,145283,,,,
20250327,007815,코리아써우,5920,-50,408,,,,
20250327,00781K,코리아써키트2우B,5360,-50,201,,,,
20250327,007860,서연,7980,-140,312187,,,,
20250327,007980,TP,1352,-2,65453,,,,
20250327,008040,사조동아원,1030,-28,322132,,,,
20250327,008060,대덕,7160,-10,132744,,,,
20250327,00806K,대덕1우,7270,0,2321,,,,
20250327,008250,이건산업,5850,450,1310815,,,,
20250327,008260,NI스틸,3395,5,43113,,,,
20250327,008350,남선알미늄,1321,-32,846166,,,,
20250327,008355,남선알미우,13760,-440,2272,,,,
20250327,008420,문배철강,2435,5,65363,,,,
20250327,008490,서흥,14470,-250,17799,,,,
20250327,008600,윌비스,3102,72,529924,,,,
20250327,008700,아남전자,1492,-11,706172,,,,
20250327,008730,율촌화학,27500,-200,28624,,,,
20250327,008770,호텔신라,40850,350,89157,,,,
20250327,008775,호텔신라우,33900,750,11624,,,,
20250327,008870,금비,53600,-800,1748,,,,
20250327,008930,한미사이언스,27800,-450,46172,,,,
20250327,008970,KBI동양철관,1899,-117,10079595,,,,
20250327,009070,KCTC,3715,-5,36091,,,,
20250327,009140,경인전자,18890,-80,1998,,,,
20250327,009150,삼성전기,137100,-2100,130604,,,,
20250327,009155,삼성전기우,60700,-800,4663,,,,
20250327,009160,SIMPAC,3915,-65,28352,,,,
20250327,009180,한솔로지스틱스,2325,-25,196785,,,,
20250327,009190,대양금속,1410,-20,211112,,,,
20250327,009200,무림페이퍼,2055,0,170704,,,,
20250327,009240,한샘,43800,-200,18826,,,,
20250327,009270,신원,1332,12,731335,,,,
20250327,009290,광동제약,5460,-10,29468,,,,
20250327,009310,참엔지니어링,1605,15,82311,,,,
20250327,009320,아진전자부품,1040,0,79969,,,,
20250327,009410,태영건설,2780,-15,348694,,,,
20250327,009415,태영건설우,5690,-200,20690,,,,
20250327,009420,한올바이오파마,28800,-600,262684,,,,
20250327,009440,KC그린홀딩스,756,0,0,,,,
20250327,009450,경동나비엔,74600,-600,45685,,,,
20250327,009460,한창제지,3745,155,116792,,,,
20250327,009470,삼화전기,31500,-2200,126097,,,,
20250327,009540,HD한국조선해양,196400,-11100,258843,,,,
20250327,009580,무림P&P,2890,-55,4627205,,,,
20250327,009680,모토닉,9270,-110,32965,,,,
20250327,009770,삼정펄프,25200,400,6201,,,,
20250327,009810,MDS스피어,3205,40,16423,,,,
20250327,009830,한화솔루션,18355,-500,665031,,,,
20250327,009835,한화솔루션우,16212,-45,2465,,,,
20250327,009900,명신산업,9000,-260,216844,,,,
20250327,009970,영원무역홀딩스,93200,-700,4354,,,,
20250327,010040,한국내화,2120,10,20685,,,,
20250327,010060,OCI홀딩스,72300,-1600,32113,,,,
20250327,010100,한국무브넥스,4555,-120,322062,,,,
20250327,010120,LS ELECTRIC,36120,-2520,2093100,,,,
20250327,010130,고려아연,839000,-10000,29255,,,,
20250327,010140,삼성중공업,13770,-300,8427365,,,,
20250327,010400,우진아이엔에스,2680,-15,10174,,,,
20250327,010580,에스엠벡셀,1209,0,36456,,,,
20250327,010640,진양폴리,4825,-43,85584,,,,
20250327,010660,화천기계,3245,60,882237,,,,
20250327,010690,화신,8650,-250,529843,,,,
20250327,010770,평화홀딩스,6240,-90,1247929,,,,
20250327,010780,아이에스동서,16860,-220,22907,,,,
20250327,010820,퍼스텍,3505,-40,306819,,,,
20250327,010950,S-Oil,57900,100,73188,,,,
20250327,010955,S-Oil우,37550,0,2383,,,,
20250327,010960,삼호개발,3085,-5,64409,,,,
20250327,011000,진원생명과학,10200,-150,50890,,,,
20250327,011070,LG이노텍,171600,-3200,98359,,,,
20250327,011090,에넥스,2625,40,68406,,,,
20250327,011150,CJ씨푸드,3145,40,304357,,,,
20250327,011155,CJ씨푸드1우,16800,-60,2271,,,,
20250327,011170,롯데케미칼,71800,3700,209410,,,,
20250327,011200,HMM,20050,-450,955729,,,,
20250327,011210,현대위아,47550,-950,82557,,,,
20250327,011230,삼화전자,4445,35,183455,,,,
20250327,011280,태림포장,2065,5,70374,,,,
20250327,011300,우성머티리얼스,6040,-200,100789,,,,
20250327,011330,유니켐,13500,-410,7730,,,,
20250327,011390,부산산업,70000,-300,8064,,,,
20250327,011420,갤럭시아에스엠,1982,-38,177245,,,,
20250327,011500,한농화성,15890,-570,135068,,,,
20250327,011690,와이투솔루션,2370,-105,229467,,,,
20250327,011700,한신기계,2875,-95,112338,,,,
20250327,011760,현대코퍼레이션,22500,-750,54046,,,,
20250327,011780,금호석유화학,123900,600,126061,,,,
20250327,011785,금호석유화학우,54300,100,2685,,,,
20250327,011790,SKC,106870,-5452,219846,,,,
20250327,011810,STX,3820,-110,91071,,,,
20250327,011930,신성이엔지,12080,-260,38483,,,,
20250327,012030,DB,1284,-14,109458,,,,
20250327,012160,영흥,2020,25,9934,,,,
20250327,012170,아센디오,3500,-50,320673,,,,
20250327,012200,계양전기,1390,-18,36303,,,,
20250327,012205,계양전기우,3238,-121,2294,,,,
20250327,012280,영화금속,800,0,66317,,,,
20250327,012320,경동인베스트,61900,-800,7435,,,,
20250327,012330,현대모비스,279500,-6000,330838,,,,
20250327,012450,한화에어로스페이스,652860,-3938,218449,,,,
20250327,012610,경인양행,2985,-15,49651,,,,
20250327,012630,HDC,14520,600,211559,,,,
20250327,012690,모나리자,2820,5,176222,,,,
20250327,012750,에스원,64000,400,38792,,,,
20250327,012800,대창,1425,-64,3924910,,,,
20250327,013000,세우글로벌,1270,31,47071,,,,
20250327,013360,일성건설,3695,85,8838348,,,,
20250327,013520,화승코퍼레이션,1713,-7,24819,,,,
20250327,013570,디와이,3940,-35,18902,,,,
20250327,013580,계룡건설,13150,40,5986,,,,
20250327,013700,까뮤이앤씨,1171,-11,81729,,,,
20250327,013870,지엠비코리아,3830,0,18246,,,,
20250327,013890,지누스,21000,-550,124866,,,,
20250327,014130,한익스프레스,3325,-15,8787,,,,
20250327,014160,대영포장,1354,30,1879561,,,,
20250327,014280,금강공업,4465,480,1514178,,,,
20250327,014285,금강공업우,6560,160,1532,,,,
20250327,014440,영보화학,4550,-40,58462,,,,
20250327,014530,극동유화,3350,10,33521,,,,
20250327,014580,태경비케이,4410,20,46116,,,,
20250327,014680,한솔케미칼,124200,-4000,59052,,,,
20250327,014710,사조씨푸드,5170,-10,86386,,,,
20250327,014790,HL D&I,2220,10,44982,,,,
20250327,014820,동원시스템즈,35700,-850,6876,,,,
20250327,014825,동원시스템즈우,18020,-230,221,,,,
20250327,014830,유니드,76300,200,18817,,,,
20250327,014910,성문전자,1123,1,30439,,,,
20250327,014915,성문전자우,4445,-20,61,,,,
20250327,014990,인디에프,3630,5,25692,,,,
20250327,015020,이스타코,3374,244,3740194,,,,
20250327,015230,대창단조,5020,20,49848,,,,
20250327,015260,에이엔피,491,4,37153,,,,
20250327,015360,INVENI,9260,-100,24110,,,,
20250327,015590,DKME,2575,0,0,,,,
20250327,015760,한국전력,22300,-300,968867,,,,
20250327,015860,일진홀딩스,3605,-5,18796,,,,
20250327,015890,태경산업,4840,-5,14625,,,,
20250327,016090,대현,2050,25,76093,,,,
20250327,016360,삼성증권,45950,-700,129630,,,,
20250327,016380,KG스틸,6430,-10,140102,,,,
20250327,016450,한세예스24홀딩스,4110,5,79601,,,,
20250327,016580,환인제약,11500,-40,9203,,,,
20250327,016590,신대양제지,6800,-40,10904,,,,
20250327,016610,DB증권,5780,-40,178783,,,,
20250327,016710,대성홀딩스,7060,30,2883,,,,
20250327,016740,두올,3075,0,183984,,,,
20250327,016800,퍼시스,41900,-400,895,,,,
20250327,016880,웅진,857,4,150920,,,,
20250327,017040,광명전기,1340,-22,125304,,,,
20250327,017180,명문제약,1598,-15,12422,,,,
20250327,017370,우신시스템,6300,-270,221662,,,,
20250327,017390,서울가스,49050,-100,1526,,,,
20250327,017550,수산세보틱스,1807,-45,143306,,,,
20250327,017670,SK텔레콤,55700,-100,295742,,,,
20250327,017800,현대엘리베이터,56400,2300,176032,,,,
20250327,017810,풀무원,15870,250,169002,,,,
20250327,017860,DS단석,26144,1535,3306494,,,,
20250327,017900,광전자,1735,-8,10941,,,,
20250327,017940,E1,60600,-300,4061,,,,
20250327,017960,한국카본,13840,-400,678838,,,,
20250327,018250,애경산업,13770,-520,66200,,,,
20250327,018260,삼성에스디에스,121000,-500,70109,,,,
20250327,018470,조일알미늄,1594,-36,307897,,,,
20250327,018500,동원모빌리티,1735,-235,7266638,,,,
20250327,018670,SK가스,236500,-3000,8555,,,,
20250327,018880,한온시스템,3578,-149,1153792,,,,
20250327,019170,신풍제약,7860,-140,174960,,,,
20250327,019175,신풍제약우,12050,-170,736,,,,
20250327,019180,티에이치엔,3050,-120,236475,,,,
20250327,019490,엑시큐어하이트론,725,-15,1204720,,,,
20250327,019680,대교,2125,-10,7036,,,,
20250327,019685,대교우B,1271,-9,50194,,,,
20250327,020000,한섬,15560,10,18617,,,,
20250327,020120,키다리스튜디오,3270,-25,70734,,,,
20250327,020150,롯데에너지머티리얼즈,25300,-1000,76833,,,,
20250327,020560,아시아나항공,10360,0,51072,,,,
20250327,020760,일진디스플,807,-10,22670,,,,
20250327,021050,서원,1301,-37,614969,,,,
20250327,021240,코웨이,87000,-600,81135,,,,
20250327,021820,세원정공,7840,-10,3423,,,,
20250327,022100,포스코DX,25300,-1250,855732,,,,
20250327,023000,삼원강재,2350,-10,4154,,,,
20250327,023150,MH에탄올,5090,40,7204,,,,
20250327,023350,한국종합기술,5520,-230,571192,,,,
20250327,023450,동남합성,33850,-150,1310,,,,
20250327,023530,롯데쇼핑,64400,300,67100,,,,
20250327,023590,다우기술,21050,-250,269976,,,,
20250327,023800,인지컨트롤스,5880,-20,17044,,,,
20250327,023810,인팩,5690,-70,5112,,,,
20250327,023960,에쓰씨엔지니어링,1262,-1,54490,,,,
20250327,024070,WISCOM,1865,-65,43385,,,,
20250327,024090,디씨엠,12070,-50,1420,,,,
20250327,024110,기업은행,15510,-140,1742208,,,,
20250327,024720,콜마홀딩스,8680,60,897644,,,,
20250327,024890,대원화성,4600,-75,11026,,,,
20250327,024900,디와이덕양,2900,-70,105548,,,,
20250327,025000,KPX케미칼,41127,0,1828,,,,
20250327,025530,SJM홀딩스,3150,-10,7808,,,,
20250327,025540,한국단자,69700,-2400,28539,,,,
20250327,025560,미래산업,2767,3,41135,,,,
20250327,025620,차AI헬스케어,4575,1055,1175597,,,,
20250327,025750,한솔홈데코,4350,100,309998,,,,
20250327,025820,이구산업,5620,-310,5437405,,,,
20250327,025860,남해화학,6410,130,260212,,,,
20250327,025890,한국주강,1759,-22,5093,,,,
20250327,026890,스틱인베스트먼트,9440,640,434102,,,,
20250327,026940,부국철강,2365,-85,150796,,,,
20250327,026960,동서,27400,-1500,113227,,,,
20250327,027410,BGF,3455,-5,25299,,,,
20250327,027740,마니커,1780,2,26852,,,,
20250327,027970,한국제지,3965,-35,12300,,,,
20250327,028050,삼성E&A,19880,-570,793407,,,,
20250327,028100,동아지질,13210,-90,30703,,,,
20250327,028260,삼성물산,124000,-300,150294,,,,
20250327,02826K,삼성물산우B,88800,0,1522,,,,
20250327,028670,팬오션,3465,-25,629414,,,,
20250327,029460,케이씨,18100,50,5473,,,,
20250327,029530,신도리코,38200,-900,6679,,,,
20250327,029780,삼성카드,40650,-450,75197,,,,
20250327,030000,제일기획,17950,40,117772,,,,
20250327,030190,NICE평가정보,12280,-90,27877,,,,
20250327,030200,KT,49850,50,261841,,,,
20250327,030210,다올투자증권,3445,145,419716,,,,
20250327,030610,교보증권,6080,-600,653167,,,,
20250327,030720,동원수산,4940,30,6830,,,,
20250327,031210,서울보증보험,33800,-400,326521,,,,
20250327,031430,신세계인터내셔날,10270,-70,102243,,,,
20250327,031820,아이티센씨티에스,5750,10,10322,,,,
20250327,032350,롯데관광개발,8020,20,164137,,,,
20250327,032560,황금에스티,5030,-30,10139,,,,
20250327,032640,LG유플러스,10720,-40,988311,,,,
20250327,032830,삼성생명,85700,1400,164102,,,,
20250327,033240,자화전자,12850,-480,114641,,,,
20250327,033250,체시스,5700,130,70304,,,,
20250327,033270,유나이티드제약,20050,-150,24382,,,,
20250327,033530,SJG세종,4320,-55,37980,,,,
20250327,033780,KT&G,102000,1900,324127,,,,
20250327,033920,무학,6600,-30,43625,,,,
20250327,034020,두산에너빌리티,25050,-700,3399033,,,,
20250327,034120,SBS,18830,0,46104,,,,
20250327,034220,LG디스플레이,9190,-190,959857,,,,
20250327,034230,파라다이스,10850,10,174075,,,,
20250327,034310,NICE,11460,90,27675,,,,
20250327,034590,인천도시가스,24700,-50,1956,,,,
20250327,034730,SK,137200,-1800,120462,,,,
20250327,03473K,SK우,123700,-800,1095,,,,
20250327,034830,한국토지신탁,1000,4,223994,,,,
20250327,035000,HS애드,6700,50,28252,,,,
20250327,035150,백산,14870,-50,51401,,,,
20250327,035250,강원랜드,16750,-140,440055,,,,
20250327,035420,NAVER,197800,-6200,1501086,,,,
20250327,035510,신세계 I&C,12230,110,82210,,,,
20250327,035720,카카오,41600,-1300,1360153,,,,
20250327,036420,콘텐트리중앙,8510,310,95462,,,,
20250327,036460,한국가스공사,35900,-400,312509,,,,
20250327,036530,SNT홀딩스,33550,-50,11290,,,,
20250327,036570,NC,161600,-200,36184,,,,
20250327,036580,팜스코,2085,-30,35830,,,,
20250327,037270,YG PLUS,5400,40,4393899,,,,
20250327,037560,LG헬로비전,2380,-5,84043,,,,
20250327,037710,광주신세계,29850,-250,86314,,,,
20250327,039130,하나투어,53900,-300,12337,,,,
20250327,039490,키움증권,133100,-300,92676,,,,
20250327,039570,HDC랩스,8560,90,16627,,,,
20250327,041650,상신브레이크,3015,5,32309,,,,
20250327,042660,한화오션,67500,-2900,2606503,,,,
20250327,042700,한미반도체,79900,-5100,702107,,,,
20250327,044380,주연테크,1650,20,21602,,,,
20250327,044450,KSS해운,8670,10,49637,,,,
20250327,044820,코스맥스비티아이,10390,0,11066,,,,
20250327,047040,대우건설,3275,5,335544,,,,
20250327,047050,포스코인터내셔널,53200,-600,411633,,,,
20250327,047400,유니온머티리얼,2050,80,345210,,,,
20250327,047810,한국항공우주,77500,-1500,757160,,,,
20250327,049800,우진플라임,2010,20,12286,,,,
20250327,051600,한전KPS,41650,-800,61281,,,,
20250327,051630,진양화학,3500,5,181543,,,,
20250327,051900,LG생활건강,329000,4000,37196,,,,
20250327,051905,LG생활건강우,131200,3200,16773,,,,
20250327,051910,LG화학,269000,-3000,281035,,,,
20250327,051915,LG화학우,124300,-500,53283,,,,
20250327,052690,한전기술,59100,-1200,65916,,,,
20250327,053210,스카이라이프,4520,-50,6954,,,,
20250327,053690,한미글로벌,15590,-420,83165,,,,
20250327,055490,테이팩스,13440,-100,6081,,,,
20250327,055550,신한지주,48400,-100,1018355,,,,
20250327,058430,포스코스틸리온,4050,-230,957140,,,,
20250327,058650,세아홀딩스,93500,-1900,250,,,,
20250327,058730,다스코,2955,70,227543,,,,
20250327,058850,KTcs,2565,-60,254775,,,,
20250327,058860,KTis,2525,-35,72245,,,,
20250327,060980,HL홀딩스,36950,-200,10184,,,,
20250327,062040,산일전기,55600,-2000,367306,,,,
20250327,063160,종근당바이오,20350,0,11594,,,,
20250327,064350,현대로템,103400,-2600,747421,,,,
20250327,064400,LG씨엔에스,51100,-900,178120,,,,
20250327,064960,SNT모티브,27500,-500,90188,,,,
20250327,066570,LG전자,82400,-2400,376636,,,,
20250327,066575,LG전자우,39750,-1050,23480,,,,
20250327,066970,엘앤에프,67900,-2600,185203,,,,
20250327,067830,세이브존I&C,2230,-30,8657,,,,
20250327,068270,셀트리온,166359,-3856,310039,,,,
20250327,068290,삼성출판사,15060,60,18469,,,,
20250327,069260,TKG휴켐스,15920,-60,36186,,,,
20250327,069460,대호에이엘,7560,25,133124,,,,
20250327,069620,대웅제약,119400,-2600,12129,,,,
20250327,069640,한세엠케이,2056,4,7147,,,,
20250327,069730,DSR제강,3430,85,11525,,,,
20250327,069960,현대백화점,59300,2700,118450,,,,
20250327,070960,모나용평,3800,-40,190164,,,,
20250327,071050,한국금융지주,74500,-1600,59353,,,,
20250327,071055,한국금융지주우,56800,-500,9601,,,,
20250327,071090,하이스틸,3660,-90,981892,,,,
20250327,071320,지역난방공사,51100,-600,24811,,,,
20250327,071840,롯데하이마트,7370,10,9756,,,,
20250327,071950,코아스,9180,-10,15026,,,,
20250327,071970,HD현대마린엔진,24900,-1550,609170,,,,
20250327,072130,유엔젤,5330,40,172776,,,,
20250327,072710,농심홀딩스,65700,400,2778,,,,
20250327,073240,금호타이어,4860,-150,377876,,,,
20250327,074610,이엔플러스,5450,-570,234035,,,,
20250327,075180,새론오토모티브,3320,65,21472,,,,
20250327,075580,세진중공업,6950,-190,355695,,,,
20250327,077500,유니퀘스트,5620,-220,208459,,,,
20250327,077970,STX엔진,21100,-2100,1505516,,,,
20250327,078000,텔코웨어,8720,-40,24785,,,,
20250327,078520,에이블씨엔씨,6880,40,60102,,,,
20250327,078930,GS,37450,400,246494,,,,
20250327,078935,GS우,36600,150,4496,,,,
20250327,079160,CJ CGV,4740,-25,166259,,,,
20250327,079430,현대리바트,7220,-30,22259,,,,
20250327,079550,LIG디펜스앤에어로스페이스,249000,-5000,120025,,,,
20250327,079900,전진건설로봇,43850,-2200,304999,,,,
20250327,079980,휴비스,2685,-40,59048,,,,
20250327,081000,일진다이아,11300,-80,8123,,,,
20250327,081660,미스토홀딩스,39000,150,160106,,,,
20250327,082640,동양생명,5160,10,85641,,,,
20250327,082740,한화엔진,21100,-1100,1840280,,,,
20250327,083420,그린케미칼,6260,140,4230077,,,,
20250327,084010,대한제강,10642,-160,52821,,,,
20250327,084670,동양고속,7000,10,606,,,,
20250327,084680,이월드,1270,-5,86205,,,,
20250327,084690,대상홀딩스,12970,1810,8373537,,,,
20250327,084695,대상홀딩스우,23000,1550,36446,,,,
20250327,084870,TBH글로벌,1155,41,37142,,,,
20250327,085310,엔케이,8320,10,10472,,,,
20250327,085620,미래에셋생명,4420,15,23595,,,,
20250327,086280,현대글로비스,122100,-5900,182724,,,,
20250327,086790,하나금융지주,61600,-400,379815,,,,
20250327,088260,이리츠코크렙,4290,-10,50579,,,,
20250327,088350,한화생명,2590,-15,372836,,,,
20250327,088790,진도,1764,-32,44664,,,,
20250327,088980,맥쿼리인프라,11000,30,358155,,,,
20250327,089470,HDC현대EP,3600,-25,13103,,,,
20250327,089590,제주항공,6940,-80,296597,,,,
20250327,089860,롯데렌탈,29250,-250,34689,,,,
20250327,090080,평화산업,1100,-22,1210785,,,,
20250327,090350,노루페인트,7720,-30,32610,,,,
20250327,090355,노루페인트우,12850,0,465,,,,
20250327,090370,메타랩스,1463,-9,11413,,,,
20250327,090430,아모레퍼시픽,103000,-3700,557197,,,,
20250327,090435,아모레퍼시픽우,34000,-1100,21940,,,,
20250327,090460,비에이치,14620,-400,323215,,,,
20250327,091810,트리니티항공,2119,-62,1133951,,,,
20250327,092200,디아이씨,4700,65,624887,,,,
20250327,092220,KEC,3865,-65,98693,,,,
20250327,092230,KPX홀딩스,54000,-300,5617,,,,
20250327,092440,기신정기,2380,-20,9853,,,,
20250327,092780,DYP,4635,-20,6623,,,,
20250327,092790,넥스틸,13280,-620,1750357,,,,
20250327,093050,LF,15240,-30,27187,,,,
20250327,093240,형지엘리트,2251,318,24189632,,,,
20250327,093370,후성,4860,-100,184432,,,,
20250327,094280,효성ITX,11860,20,2807,,,,
20250327,094800,맵스리얼티,4245,5,42180,,,,
20250327,095570,AJ네트웍스,3765,-30,108341,,,,
20250327,095720,웅진씽크빅,3042,26,48781,,,,
20250327,096760,JW홀딩스,3045,-10,30145,,,,
20250327,096770,SK이노베이션,121900,-4100,142172,,,,
20250327,096775,SK이노베이션우,76700,-700,1359,,,,
20250327,097230,HJ중공업,6200,-370,1800399,,,,
20250327,097520,엠씨넥스,24250,-350,31372,,,,
20250327,097950,CJ제일제당,256500,-1000,27765,,,,
20250327,097955,CJ제일제당 우,136800,400,4507,,,,
20250327,100090,SK오션플랜트,13180,-180,140697,,,,
20250327,100220,비상교육,4670,20,10735,,,,
20250327,100250,진양홀딩스,2896,5,47570,,,,
20250327,100840,SNT에너지,29650,-950,114855,,,,
20250327,101140,인바이오젠,7270,20,9617,,,,
20250327,101530,해태제과식품,6500,150,111406,,,,
20250327,102260,동성케미컬,3735,0,18967,,,,
20250327,102460,이연제약,11760,-80,19572,,,,
20250327,103140,풍산,65500,-2400,213611,,,,
20250327,103590,일진전기,25800,-2150,897533,,,,
20250327,104700,한국철강,8100,90,8921,,,,
20250327,105560,KB금융,80200,-1600,1149285,,,,
20250327,105630,한세실업,12000,30,89610,,,,
20250327,105840,우진,7250,-210,90470,,,,
20250327,107590,미원홀딩스,72900,0,255,,,,
20250327,108320,LX세미콘,56100,-900,34748,,,,
20250327,108670,LX하우시스,29800,-200,13638,,,,
20250327,108675,LX하우시스우,17800,-140,4590,,,,
20250327,109070,주성코퍼레이션,1423,-20,16832495,,,,
20250327,111110,호전실업,8000,-110,23861,,,,
20250327,111380,동인기연,15120,-210,7174,,,,
20250327,111770,영원무역,49400,-700,39389,,,,
20250327,112610,씨에스윈드,35800,-350,101434,,,,
20250327,114090,GKL,10860,0,72691,,,,
20250327,117580,대성에너지,7790,-40,30737,,,,
20250327,118000,메타케어,3030,-60,39915,,,,
20250327,119650,KC코트렐,918,0,0,,,,
20250327,120030,조선선재,96500,-800,1302,,,,
20250327,120110,코오롱인더,30750,-100,78951,,,,
20250327,120115,코오롱인더우,19340,30,1818,,,,
20250327,122900,아이마켓코리아,7900,-20,14347,,,,
20250327,123690,한국화장품,6680,-110,37872,,,,
20250327,123700,SJM,3010,-15,15391,,,,
20250327,123890,한국자산신탁,2480,-5,143347,,,,
20250327,126560,현대퓨처넷,2965,-25,97273,,,,
20250327,126720,수산인더스트리,19820,-80,52394,,,,
20250327,128820,대성산업,3432,-88,174133,,,,
20250327,128940,한미약품,237500,-5500,42059,,,,
20250327,129260,인터지스,2445,-15,314094,,,,
20250327,130660,한전산업,10090,-250,98283,,,,
20250327,133820,화인베스틸,852,-101,321537,,,,
20250327,134380,미원화학,7900,0,1130,,,,
20250327,134790,시디즈,26250,550,8165,,,,
20250327,136490,선진,5580,-20,18673,,,,
20250327,137310,에스디바이오센서,9710,-50,66715,,,,
20250327,138040,메리츠금융지주,122800,3200,285047,,,,
20250327,138930,BNK금융지주,10250,-100,759797,,,,
20250327,139130,iM금융지주,8970,-40,467902,,,,
20250327,139480,이마트,81800,1500,178408,,,,
20250327,139990,아주스틸,4020,-20,11751,,,,
20250327,143210,핸즈코퍼레이션,1752,-52,8121,,,,
20250327,145210,다이나믹디자인,7320,-70,58570,,,,
20250327,145270,케이탑리츠,973,-2,27998,,,,
20250327,145720,덴티움,72400,3100,164717,,,,
20250327,145990,삼양사,46100,-100,8755,,,,
20250327,145995,삼양사우,29900,-100,323,,,,
20250327,155660,DSR,3725,-60,14325,,,,
20250327,161000,애경케미칼,6930,-120,67961,,,,
20250327,161390,한국타이어앤테크놀로지,41800,-250,295992,,,,
20250327,161890,한국콜마,64300,500,103509,,,,
20250327,163560,동일고무벨트,7250,-80,35564,,,,
20250327,170900,동아에스티,43728,-763,19999,,,,
20250327,175330,JB금융지주,17320,40,393592,,,,
20250327,178920,PI첨단소재,17110,-500,69204,,,,
20250327,180640,한진칼,82400,-100,26746,,,,
20250327,18064K,한진칼우,23250,-50,121,,,,
20250327,181710,NHN,18350,-210,24284,,,,
20250327,183190,아세아시멘트,9980,-100,39215,,,,
20250327,185750,종근당,79800,-800,15324,,,,
20250327,192080,더블유게임즈,50600,-600,19195,,,,
20250327,192400,쿠쿠홀딩스,22400,400,17731,,,,
20250327,192650,드림텍,6980,-90,104740,,,,
20250327,192820,코스맥스,172000,-3600,59374,,,,
20250327,194370,제이에스코퍼레이션,8735,-35,76498,,,,
20250327,195870,해성디에스,28200,-1000,63412,,,,
20250327,200880,서연이화,13300,-440,216067,,,,
20250327,204320,HL만도,39700,-3150,490642,,,,
20250327,207940,삼성바이오로직스,1558577,-19133,15296,,,,
20250327,210540,디와이파워,11490,-230,14150,,,,
20250327,210980,SK디앤디,8650,-10,39815,,,,
20250327,213500,한솔제지,8430,-110,58302,,,,
20250327,214320,이노션,17890,-60,53480,,,,
20250327,214330,금호에이치티,15368,-136,10209,,,,
20250327,214390,경보제약,5600,-10,17209,,,,
20250327,214420,토니모리,8870,80,887257,,,,
20250327,226320,잇츠한불,11290,210,13279,,,,
20250327,227840,현대코퍼레이션홀딩스,10420,40,10442,,,,
20250327,229640,LS에코에너지,32100,-1800,145244,,,,
20250327,234080,JW생명과학,11530,20,62547,,,,
20250327,241560,두산밥캣,50000,700,244912,,,,
20250327,241590,화승엔터프라이즈,8660,-50,271648,,,,
20250327,244920,에이플러스에셋,4060,20,60778,,,,
20250327,248070,솔루엠,17320,-120,60527,,,,
20250327,248170,샘표식품,25550,-350,11320,,,,
20250327,249420,일동제약,11080,-80,28978,,,,
20250327,251270,넷마블,41450,50,131767,,,,
20250327,259960,크래프톤,338500,0,194137,,,,
20250327,264900,크라운제과,8110,40,8021,,,,
20250327,26490K,크라운제과우,9270,-10,3384,,,,
20250327,267250,HD현대,74100,0,113523,,,,
20250327,267260,HD현대일렉트릭,304000,-29000,483052,,,,
20250327,267270,HD건설기계,68300,-1500,92914,,,,
20250327,267290,경동도시가스,17580,20,3583,,,,
20250327,267850,아시아나IDT,11110,-40,6704,,,,
20250327,268280,미원에스씨,150900,1000,1022,,,,
20250327,271560,오리온,119100,2800,141112,,,,
20250327,271940,일진하이솔루스,13920,-180,42739,,,,
20250327,271980,제일약품,12010,160,925678,,,,
20250327,272210,한화시스템,32850,-1400,2046878,,,,
20250327,272450,진에어,9530,-110,94461,,,,
20250327,272550,삼양패키징,14020,-150,11910,,,,
20250327,278470,에이피알,71300,1500,558867,,,,
20250327,280360,롯데웰푸드,118000,-100,13645,,,,
20250327,281820,케이씨텍,34550,-3500,143628,,,,
20250327,282330,BGF리테일,110600,1600,48517,,,,
20250327,284740,쿠쿠홈시스,21300,-200,13863,,,,
20250327,285130,SK케미칼,40900,-650,24919,,,,
20250327,28513K,SK케미칼우,20000,-100,5088,,,,
20250327,286940,롯데이노베이트,19020,-150,16835,,,,
20250327,293480,하나제약,10390,30,13485,,,,
20250327,293940,신한알파리츠,5770,-30,211314,,,,
20250327,294870,IPARK현대산업개발,21050,1280,800990,,,,
20250327,298000,효성화학,77800,0,0,,,,
20250327,298020,효성티앤씨,235500,-4500,6021,,,,
20250327,298040,효성중공업,443500,-33000,67829,,,,
20250327,298050,HS효성첨단소재,187800,-3900,7227,,,,
20250327,298690,에어부산,2095,-30,140441,,,,
20250327,300720,한일시멘트,16430,-130,36766,,,,
20250327,302440,SK바이오사이언스,41600,-250,48245,,,,
20250327,306200,세아제강,183000,-7400,42646,,,,
20250327,307950,현대오토에버,131100,-4100,34512,,,,
20250327,308170,씨티알모빌리티,5320,110,3702,,,,
20250327,316140,우리금융지주,16690,-210,1226618,,,,
20250327,317400,자이에스앤디,3175,-25,66393,,,,
20250327,322000,HD현대에너지솔루션,24400,-950,62160,,,,
20250327,323410,카카오뱅크,22800,-350,212385,,,,
20250327,326030,SK바이오팜,102000,-2100,84570,,,,
20250327,329180,HD현대중공업,276500,-11500,249784,,,,
20250327,330590,롯데리츠,3525,-30,138895,,,,
20250327,334890,이지스밸류플러스리츠,4568,59,55426,,,,
20250327,336260,두산퓨얼셀,15120,-380,105437,,,,
20250327,33626K,두산퓨얼셀1우,4380,-35,4621,,,,
20250327,33626L,두산퓨얼셀2우B,7530,-120,345,,,,
20250327,336370,솔루스첨단소재,8400,-290,98298,,,,
20250327,33637K,솔루스첨단소재1우,1883,-44,26906,,,,
20250327,33637L,솔루스첨단소재2우B,3705,-65,7106,,,,
20250327,338100,NH프라임리츠,4445,0,7594,,,,
20250327,339770,교촌에프앤비,5650,-20,136052,,,,
20250327,344820,KCC글라스,32250,550,34047,,,,
20250327,348950,제이알글로벌리츠,2670,-10,191759,,,,
20250327,350520,이지스레지던스리츠,4120,-10,35000,,,,
20250327,352820,하이브,245000,3000,133782,,,,
20250327,353200,대덕전자,17500,-140,241373,,,,
20250327,35320K,대덕전자1우,7990,-100,11263,,,,
20250327,357120,코람코라이프인프라리츠,4455,0,27315,,,,
20250327,357250,미래에셋맵스리츠,2680,0,28221,,,,
20250327,357430,마스턴프리미어리츠,1517,4,22460,,,,
20250327,361610,SK아이이테크놀로지,24350,-500,77939,,,,
20250327,363280,티와이홀딩스,2195,-20,45290,,,,
20250327,36328K,티와이홀딩스우,3715,-25,995,,,,
20250327,365550,ESR켄달스퀘어리츠,4703,-169,186854,,,,
20250327,372910,한컴라이프케어,3745,330,5631197,,,,
20250327,373220,LG에너지솔루션,356500,-3500,228114,,,,
20250327,375500,DL이앤씨,42400,450,153270,,,,
20250327,37550K,DL이앤씨우,17100,70,1691,,,,
20250327,37550L,DL이앤씨2우(전환),26750,300,7055,,,,
20250327,377190,디앤디플랫폼리츠,3285,-15,77899,,,,
20250327,377300,카카오페이,30150,-250,203396,,,,
20250327,377740,바이오노트,4925,-20,147156,,,,
20250327,378850,화승알앤에이,3170,-85,151990,,,,
20250327,381970,케이카,13110,10,30089,,,,
20250327,383220,F&F,64900,400,46960,,,,
20250327,383800,LX홀딩스,6540,-60,117599,,,,
20250327,38380K,LX홀딩스1우,7830,80,192,,,,
20250327,395400,SK리츠,4970,-40,244264,,,,
20250327,396690,미래에셋글로벌리츠,2710,-10,58752,,,,
20250327,400760,NH올원리츠,3497,-15,21314,,,,
20250327,402340,SK스퀘어,97900,-1800,183678,,,,
20250327,403550,쏘카,14300,-200,6816,,,,
20250327,404990,신한서부티엔디리츠,3250,60,153082,,,,
20250327,415640,KB발해인프라,7640,10,29406,,,,
20250327,417310,코람코더원리츠,4910,5,20185,,,,
20250327,432320,KB스타리츠,3840,-5,26416,,,,
20250327,443060,HD현대마린솔루션,137500,-4400,88638,,,,
20250327,446070,유니드비티플러스,4040,0,60788,,,,
20250327,448730,삼성FN리츠,4570,-5,25331,,,,
20250327,450080,에코프로머티,67000,100,446393,,,,
20250327,451800,한화리츠,3905,15,226190,,,,
20250327,452260,한화갤러리아,1150,-20,406080,,,,
20250327,45226K,한화갤러리아우,2390,40,1525,,,,
20250327,453340,현대그린푸드,14280,-520,39165,,,,
20250327,454910,두산로보틱스,52400,-1500,136156,,,,
20250327,456040,OCI,57000,-800,19642,,,,
20250327,457190,이수스페셜티케미컬,47450,-1650,147905,,,,
20250327,460850,동국씨엠,7000,-110,211672,,,,
20250327,460860,동국제강,9300,-80,170105,,,,
20250327,462520,조선내화,13750,-130,6365,,,,
20250327,462870,시프트업,54700,200,136190,,,,
20250327,465770,STX그린로지스,10260,-540,821254,,,,
20250327,475150,SK이터닉스,13710,-690,217597,,,,
20250327,475560,더본코리아,28800,-150,41447,,,,
20250327,480370,씨케이솔루션,5092,-34,3184281,,,,
20250327,481850,신한글로벌액티브리츠,1555,1,49789,,,,
20250327,484870,엠앤씨솔루션,27133,233,199398,,,,
20250327,487570,HS효성,38300,3550,98801,,,,
20250327,489790,한화비전,58300,1600,1767836,,,,
20250327,499790,GS피앤엘,18250,-520,38077,,,,
20250327,900140,엘브이엠씨홀딩스,1786,-62,367774,,,,
20250327,950210,프레스티지바이오파마,12720,310,76670,,,,
20250328,000020,동화약품,6060,-90,44160,,,,
20250328,000040,KR모터스,1940,-5,25480,,,,
20250328,000050,경방,6450,-120,3606,,,,
20250328,000070,삼양홀딩스,39704,-467,25591,,,,
20250328,000080,하이트진로,19510,-50,88694,,,,
20250328,000087,하이트진로2우B,15150,-10,126,,,,
20250328,000100,유한양행,114000,-4100,763932,,,,
20250328,000105,유한양행우,103900,-3400,9996,,,,
20250328,000120,CJ대한통운,85600,300,41332,,,,
20250328,000140,하이트진로홀딩스,8550,20,6505,,,,
20250328,000145,하이트진로홀딩스우,10200,20,31,,,,
20250328,000150,두산,293000,-9500,144288,,,,
20250328,000155,두산우,136200,-3600,12296,,,,
20250328,000157,두산2우B,127000,-3500,1481,,,,
20250328,000180,성창기업지주,6445,155,31208,,,,
20250328,000210,DL,33250,-1050,36792,,,,
20250328,000215,DL우,19240,10,470,,,,
20250328,000220,유유제약,4330,-45,72578,,,,
20250328,000225,유유제약1우,4660,-35,7954,,,,
20250328,000227,유유제약2우B,9580,-130,1222,,,,
20250328,000230,일동홀딩스,6130,-110,9843,,,,
20250328,000240,한국앤컴퍼니,15690,-700,199891,,,,
20250328,000270,기아,95300,-2600,1293885,,,,
20250328,000300,DH오토넥스,4200,0,0,,,,
20250328,000320,노루홀딩스,13720,20,9240,,,,
20250328,000325,노루홀딩스우,28600,-400,254,,,,
20250328,000370,한화손해보험,4035,-80,183231,,,,
20250328,000390,SP삼화,6000,-90,100871,,,,
20250328,000400,롯데손해보험,1795,-8,88248,,,,
20250328,000430,대원강업,3570,-75,115260,,,,
20250328,000480,CR홀딩스,5140,0,32071,,,,
20250328,000490,대동,10750,90,315945,,,,
20250328,000500,가온전선,24033,-583,136120,,,,
20250328,000520,삼일제약,11350,-340,215050,,,,
20250328,000540,흥국화재,3520,150,7312804,,,,
20250328,000545,흥국화재우,7980,1840,189265,,,,
20250328,000590,CS홀딩스,72200,1200,1219,,,,
20250328,000640,동아쏘시오홀딩스,96247,-389,5039,,,,
20250328,000650,천일고속,38650,-100,58,,,,
20250328,000660,SK하이닉스,199300,-7700,2673553,,,,
20250328,000670,영풍,41833,-1362,172840,,,,
20250328,000680,LS네트웍스,3680,15,235628,,,,
20250328,000700,유수홀딩스,5560,-30,50235,,,,
20250328,000720,현대건설,34700,0,539619,,,,
20250328,000725,현대건설우,48500,50,6021,,,,
20250328,000760,이화산업,10230,-20,255,,,,
20250328,000810,삼성화재,357000,-1000,117308,,,,
20250328,000815,삼성화재우,273000,-500,5481,,,,
20250328,000850,화천기공,27250,-400,3639,,,,
20250328,000860,강남제비스코,11579,-451,42718,,,,
20250328,000880,한화,49639,300,445127,,,,
20250328,00088K,한화3우B,17378,-151,47004,,,,
20250328,000890,보해양조,2225,25,102774,,,,
20250328,000910,유니온,4965,-255,280784,,,,
20250328,000950,전방,19010,-260,178,,,,
20250328,000970,한국주철관,6190,10,15568,,,,
20250328,000990,DB하이텍,44000,-600,168209,,,,
20250328,001020,페이퍼코리아,3485,-35,3247,,,,
20250328,001040,CJ,117900,-3200,87323,,,,
20250328,001045,CJ우,67400,0,6847,,,,
20250328,00104K,CJ4우(전환),92300,-1700,14559,,,,
20250328,001060,JW중외제약,21100,-1300,263322,,,,
20250328,001065,JW중외제약우,28150,-450,90,,,,
20250328,001067,JW중외제약2우B,60700,-200,1,,,,
20250328,001070,대한방직,5140,-90,3058,,,,
20250328,001080,만호제강,2770,-70,6190,,,,
20250328,001120,LX인터내셔널,25300,-300,100595,,,,
20250328,001130,대한제분,12860,10,33860,,,,
20250328,001200,유진투자증권,2445,-95,567205,,,,
20250328,001210,금호전기,3210,-15,25785,,,,
20250328,001230,동국홀딩스,1593,-70,361485,,,,
20250328,001250,GS글로벌,2640,-20,1867428,,,,
20250328,001260,남광토건,7590,-250,32440,,,,
20250328,001270,부국증권,27000,-50,785,,,,
20250328,001275,부국증권우,21850,-50,1614,,,,
20250328,001290,상상인증권,423,-9,133698,,,,
20250328,001340,PKC,6230,-260,352682,,,,
20250328,001360,삼성제약,1505,-21,235756,,,,
20250328,001380,SG글로벌,4498,-20,1407564,,,,
20250328,001390,KG케미칼,3780,30,651670,,,,
20250328,001420,태원물산,3280,-30,2087,,,,
20250328,001430,세아베스틸지주,18030,-470,92838,,,,
20250328,001440,대한전선,11950,-330,625565,,,,
20250328,001450,현대해상,22000,-700,396615,,,,
20250328,001460,BYC,27050,250,464,,,,
20250328,001465,BYC우,12460,-40,520,,,,
20250328,001470,삼부토건,358,-19,7180328,,,,
20250328,001500,현대차증권,5700,-140,298820,,,,
20250328,001510,SK증권,912,-10,383778,,,,
20250328,001515,SK증권우,3300,-16,878,,,,
20250328,001520,동양,1102,-24,250945,,,,
20250328,001525,동양우,8290,-10,1,,,,
20250328,001527,동양2우B,16800,-80,18,,,,
20250328,001530,DI동일,45905,1762,173888,,,,
20250328,001550,조비,11230,630,2450110,,,,
20250328,001560,제일연마,8600,200,7168,,,,
20250328,001570,금양,9900,0,0,,,,
20250328,001620,케이비아이동국실업,2430,10,16414,,,,
20250328,001630,종근당홀딩스,43950,-50,3009,,,,
20250328,001680,대상,23500,-450,89422,,,,
20250328,001685,대상우,17130,-690,4734,,,,
20250328,001720,신영증권,77800,-2200,17327,,,,
20250328,001740,SK네트웍스,4410,40,327724,,,,
20250328,001750,한양증권,11820,-220,31083,,,,
20250328,001755,한양증권우,12400,-150,1864,,,,
20250328,001770,SHD,14960,-20,426,,,,
20250328,001780,알루코,2085,-70,239526,,,,
20250328,001790,대한제당,2735,-30,66557,,,,
20250328,001795,대한제당우,2265,-5,8148,,,,
20250328,001800,오리온홀딩스,16120,120,115095,,,,
20250328,001820,삼화콘덴서,26100,-750,41108,,,,
20250328,001940,KISCO홀딩스,19370,-100,5422,,,,
20250328,002020,코오롱,22550,-200,109374,,,,
20250328,002025,코오롱우,14060,-150,9016,,,,
20250328,002030,아세아,262000,-500,1111,,,,
20250328,002070,비비안,15399,-454,7074,,,,
20250328,002100,경농,9010,0,1147875,,,,
20250328,002140,고려산업,2675,5,347425,,,,
20250328,002150,도화엔지니어링,6480,-100,64498,,,,
20250328,002170,SYTS,47400,-300,1121,,,,
20250328,002200,한국수출포장,2735,0,44133,,,,
20250328,002210,동성제약,3794,-6,39425,,,,
20250328,002220,한일철강,1847,-18,12550,,,,
20250328,002240,고려제강,17190,-160,7904,,,,
20250328,002310,아세아제지,6830,-30,253660,,,,
20250328,002320,한진,19300,0,21625,,,,
20250328,002350,넥센타이어,5420,-150,166874,,,,
20250328,002355,넥센타이어1우B,2840,-5,561,,,,
20250328,002360,SH에너지화학,4540,70,25142,,,,
20250328,002380,KCC,264500,-3500,20189,,,,
20250328,002390,한독,11200,-80,17480,,,,
20250328,002410,범양건영,1935,0,0,,,,
20250328,002420,세기상사,4995,65,441,,,,
20250328,002450,삼익악기,1125,-29,202959,,,,
20250328,002460,HS화성,9540,-80,7479,,,,
20250328,002600,조흥,165500,100,6,,,,
20250328,002620,제일파마홀딩스,7830,90,55148,,,,
20250328,002630,오리엔트바이오,3330,-380,10496966,,,,
20250328,002690,동일제강,1228,-6,9307,,,,
20250328,002700,신일전자,1468,-27,225852,,,,
20250328,002710,TCC스틸,22950,-1350,171558,,,,
20250328,002720,국제약품,4520,-80,81037,,,,
20250328,002760,보락,1019,-12,149034,,,,
20250328,002780,진흥기업,726,-12,202800,,,,
20250328,002785,진흥기업우B,3140,5,242,,,,
20250328,002787,진흥기업2우B,9710,-10,94,,,,
20250328,002790,아모레퍼시픽홀딩스,20500,-100,96516,,,,
20250328,002795,아모레퍼시픽홀딩스우,8890,-90,5367,,,,
20250328,00279K,아모레퍼시픽홀딩스3우C,17390,-170,5860,,,,
20250328,002810,삼영무역,13580,-20,11253,,,,
20250328,002820,SUN&L,2965,50,12060,,,,
20250328,002840,미원상사,186300,1900,975,,,,
20250328,002870,신풍,1182,-48,145835,,,,
20250328,002880,디와이에이,1160,267,7764051,,,,
20250328,002900,TYM,4550,-150,178615,,,,
20250328,002920,유성기업,1808,-32,43260,,,,
20250328,002960,한국쉘석유,333000,-7000,3105,,,,
20250328,002990,금호건설,2550,-70,74957,,,,
20250328,002995,금호건설우,11310,10,1073,,,,
20250328,003000,부광약품,3564,-549,1199607,,,,
20250328,003010,혜인,4775,-165,82733,,,,
20250328,003030,세아제강지주,232000,-7000,14793,,,,
20250328,003060,에이프로젠바이오로직스,780,-6,270413,,,,
20250328,003070,코오롱글로벌,8510,-110,27014,,,,
20250328,003075,코오롱글로벌우,14800,-330,3355,,,,
20250328,003080,SB성보,2430,-25,157044,,,,
20250328,003090,대웅,19200,-540,20227,,,,
20250328,003120,일성아이에스,15330,0,1302,,,,
20250328,003160,디아이,13650,-860,427689,,,,
20250328,003200,일신방직,7970,-80,9759,,,,
20250328,003220,대원제약,13740,-100,52724,,,,
20250328,003230,삼양식품,844000,12000,43940,,,,
20250328,003240,태광산업,666000,-29000,940,,,,
20250328,003280,흥아해운,1633,-28,998697,,,,
20250328,003300,한일홀딩스,13900,-50,4249,,,,
20250328,003350,한국화장품제조,10520,120,598445,,,,
20250328,003460,유화증권,2330,0,36441,,,,
20250328,003465,유화증권우,2325,0,1,,,,
20250328,003470,유안타증권,2610,-200,640931,,,,
20250328,003475,유안타증권우,2835,-210,111291,,,,
20250328,003480,한진중공업홀딩스,3830,270,1179900,,,,
20250328,003490,대한항공,21950,-250,718571,,,,
20250328,003495,대한항공우,21500,-150,1224,,,,
20250328,003520,영진약품,1976,-4,108499,,,,
20250328,003530,한화투자증권,3330,-45,519867,,,,
20250328,003535,한화투자증권우,5660,-10,4038,,,,
20250328,003540,대신증권,16350,30,65124,,,,
20250328,003545,대신증권우,15430,-60,72686,,,,
20250328,003547,대신증권2우B,14790,-30,57602,,,,
20250328,003550,LG,65700,-1100,284292,,,,
20250328,003555,LG우,55100,-300,3814,,,,
20250328,003570,SNT다이내믹스,29950,-750,58197,,,,
20250328,003580,HLB글로벌,3320,-105,129297,,,,
20250328,003610,방림,3700,0,38921,,,,
20250328,003620,KG모빌리티,4062,-16,169686,,,,
20250328,003650,미창석유,100500,500,723,,,,
20250328,003670,포스코퓨처엠,124557,-6397,274984,,,,
20250328,003680,한성기업,4870,-80,27309,,,,
20250328,003690,코리안리,8240,60,447786,,,,
20250328,003720,삼영,3900,-25,161232,,,,
20250328,003780,진양산업,7170,-200,177394,,,,
20250328,003830,대한화섬,111600,-1600,420,,,,
20250328,003850,보령,9030,-160,176733,,,,
20250328,003920,남양유업,71000,-500,6275,,,,
20250328,003925,남양유업우,36550,-800,5061,,,,
20250328,003960,사조대림,39100,-450,18099,,,,
20250328,004000,롯데정밀화학,38950,-1350,62188,,,,
20250328,004020,현대제철,25800,-650,569239,,,,
20250328,004060,SG세계물산,3090,0,29306,,,,
20250328,004080,신흥,14700,20,221,,,,
20250328,004090,한국석유,12490,-290,119893,,,,
20250328,004100,태양금속,2620,-80,437420,,,,
20250328,004105,태양금속우,4255,-60,9366,,,,
20250328,004140,동방,2140,-35,259042,,,,
20250328,004150,한솔홀딩스,2405,-100,82464,,,,
20250328,004170,신세계,143000,-3800,18888,,,,
20250328,004250,NPC,3885,-15,14788,,,,
20250328,004255,NPC우,2385,15,2555,,,,
20250328,004270,남성,8411,56,6218,,,,
20250328,004310,현대약품,3140,-70,72546,,,,
20250328,004360,세방,11330,-170,35026,,,,
20250328,004365,세방우,7630,0,3265,,,,
20250328,004370,농심,411500,500,18058,,,,
20250328,004380,삼익THK,13026,-822,170352,,,,
20250328,004410,서울식품,1420,-10,91868,,,,
20250328,004415,서울식품우,11990,-40,83,,,,
20250328,004430,송원산업,12320,-230,51537,,,,
20250328,004440,삼일씨엔에스,3885,-90,36561,,,,
20250328,004450,삼화왕관,30100,-400,1015,,,,
20250328,004490,세방전지,66500,-3100,44281,,,,
20250328,004540,깨끗한나라,2185,-50,110329,,,,
20250328,004545,깨끗한나라우,11770,10,42,,,,
20250328,004560,현대비앤지스틸,11950,-410,46506,,,,
20250328,004690,삼천리,87700,-500,19288,,,,
20250328,004700,조광피혁,51500,-500,660,,,,
20250328,004710,한솔테크닉스,4097,-119,103645,,,,
20250328,004720,팜젠사이언스,4000,-70,24325,,,,
20250328,004770,써니전자,2110,-80,260644,,,,
20250328,004800,효성,48050,-50,16614,,,,
20250328,004830,덕성,7000,-150,305907,,,,
20250328,004835,덕성우,10380,-260,21545,,,,
20250328,004840,DRB동일,3980,-120,15901,,,,
20250328,004870,티웨이홀딩스,3211,-19,71117,,,,
20250328,004890,동일산업,39950,-200,783,,,,
20250328,004910,조광페인트,5510,-100,18270,,,,
20250328,004920,씨아이테크,1086,24,44707,,,,
20250328,004960,한신공영,6090,-50,48549,,,,
20250328,004970,신라교역,8630,-110,16225,,,,
20250328,004980,성신양회,7120,-90,19474,,,,
20250328,004985,성신양회우,10680,140,7408,,,,
20250328,004990,롯데지주,22400,-600,100578,,,,
20250328,00499K,롯데지주우,26900,-200,177,,,,
20250328,005010,휴스틸,5110,-170,2318919,,,,
20250328,005030,부산주공,486,0,0,,,,
20250328,005070,코스모신소재,41200,-3300,342144,,,,
20250328,005090,SGC에너지,22600,0,15809,,,,
20250328,005110,한창,1254,0,0,,,,
20250328,005180,빙그레,93600,500,25355,,,,
20250328,005250,녹십자홀딩스,13440,-140,34214,,,,
20250328,005257,녹십자홀딩스2우,20550,-50,37,,,,
20250328,005300,롯데칠성,108700,-900,12730,,,,
20250328,005305,롯데칠성우,64000,-2200,2263,,,,
20250328,005320,온타이드,876,-16,24109,,,,
20250328,005360,모나미,1998,-12,20013,,,,
20250328,005380,현대차,205000,-7500,1003500,,,,
20250328,005385,현대차우,151500,-5500,55298,,,,
20250328,005387,현대차2우B,153400,-7000,98802,,,,
20250328,005389,현대차3우B,150600,-4800,11141,,,,
20250328,005420,코스모화학,16650,-960,89440,,,,
20250328,005430,한국공항,49500,-700,22451,,,,
20250328,005440,현대지에프홀딩스,5100,30,88445,,,,
20250328,005490,POSCO홀딩스,292000,-8500,275386,,,,
20250328,005500,삼진제약,17810,-10,7061,,,,
20250328,005610,삼립,58300,800,45908,,,,
20250328,005680,삼영전자,10000,70,10440,,,,
20250328,005690,파미셀,10210,-250,871060,,,,
20250328,005720,넥센,4625,-55,27886,,,,
20250328,005725,넥센우,3260,-5,730,,,,
20250328,005740,크라운해태홀딩스,5440,40,13232,,,,
20250328,005745,크라운해태홀딩스우,7470,-90,755,,,,
20250328,005750,대림바스,3900,-5,10205,,,,
20250328,005800,신영와코루,10000,-130,8710,,,,
20250328,005810,풍산홀딩스,27800,-500,28920,,,,
20250328,005820,원림,13400,-290,914,,,,
20250328,005830,DB손해보험,88300,-2100,218780,,,,
20250328,005850,에스엘,38900,-800,150492,,,,
20250328,005870,휴니드,8720,-540,1349202,,,,
20250328,005880,대한해운,1651,-22,1452182,,,,
20250328,005930,삼성전자,60200,-1600,16282514,,,,
20250328,005935,삼성전자우,49600,-1200,1329435,,,,
20250328,005940,NH투자증권,14380,-410,815474,,,,
20250328,005945,NH투자증권우,12730,-590,353584,,,,
20250328,005950,이수화학,5900,-130,51527,,,,
20250328,005960,동부건설,3460,-50,5607,,,,
20250328,005965,동부건설우,17680,-230,241,,,,
20250328,006040,동원산업,35700,-500,20836,,,,
20250328,006060,화승인더,4780,-65,467929,,,,
20250328,006090,사조오양,8170,-60,2146,,,,
20250328,006110,삼아알미늄,26250,-1350,51602,,,,
20250328,006120,SK디스커버리,38750,-100,17882,,,,
20250328,006125,SK디스커버리우,32750,-1050,5189,,,,
20250328,006200,한국전자홀딩스,3450,-5,5759,,,,
20250328,006220,제주은행,7560,-150,67635,,,,
20250328,006260,LS,107900,-3300,199604,,,,
20250328,006280,녹십자,124900,-2500,24352,,,,
20250328,006340,대원전선,2685,-130,1438718,,,,
20250328,006345,대원전선우,3640,-160,73655,,,,
20250328,006360,GS건설,17120,-250,380219,,,,
20250328,006370,대구백화점,8040,10,23867,,,,
20250328,006380,카프로,3660,0,0,,,,
20250328,006400,삼성SDI,195219,-2056,337896,,,,
20250328,006405,삼성SDI우,115943,-2505,7508,,,,
20250328,006490,프리티,6630,25,67322,,,,
20250328,006570,대림통상,2415,-25,588,,,,
20250328,006650,대한유화,95000,-4000,14430,,,,
20250328,006660,삼성공조,15080,-830,305842,,,,
20250328,006740,블루산업개발,2250,-21,38255,,,,
20250328,006800,미래에셋증권,9498,-409,806238,,,,
20250328,006805,미래에셋증권우,4464,-99,77827,,,,
20250328,00680K,미래에셋증권2우B,4050,-166,693045,,,,
20250328,006840,AK홀딩스,10090,-80,1030,,,,
20250328,006880,신송홀딩스,6860,10,122901,,,,
20250328,006890,태경케미컬,11620,-110,27558,,,,
20250328,006980,우성,14860,240,4251,,,,
20250328,007070,GS리테일,14680,-140,65808,,,,
20250328,007110,일신석재,1922,-45,746178,,,,
20250328,007120,미래아이앤지,770,-6,25130,,,,
20250328,007160,사조산업,33700,-600,13156,,,,
20250328,007210,벽산,2175,-5,144848,,,,
20250328,007280,한국특강,3514,12,25358,,,,
20250328,007310,오뚜기,415500,5000,2807,,,,
20250328,007340,DN오토모티브,21150,-100,56126,,,,
20250328,007460,에이프로젠,738,-9,1017045,,,,
20250328,007540,샘표,41400,-100,1786,,,,
20250328,007570,일양약품,11310,-56,35591,,,,
20250328,007575,일양약품우,12332,-106,1541,,,,
20250328,007590,동방아그로,5980,-20,69062,,,,
20250328,007610,선도전기,3000,0,0,,,,
20250328,007660,이수페타시스,38050,-1550,990121,,,,
20250328,007690,국도화학,30100,-50,4117,,,,
20250328,007700,F&F홀딩스,12340,100,4367,,,,
20250328,007810,코리아써키트,11160,-610,117338,,,,
20250328,007815,코리아써우,5870,-50,148,,,,
20250328,00781K,코리아써키트2우B,5370,10,61,,,,
20250328,007860,서연,7670,-310,184739,,,,
20250328,007980,TP,1329,-23,166438,,,,
20250328,008040,사조동아원,1034,4,417417,,,,
20250328,008060,대덕,7150,-10,931369,,,,
20250328,00806K,대덕1우,7110,-160,5724,,,,
20250328,008250,이건산업,5360,-490,461009,,,,
20250328,008260,NI스틸,3320,-75,103678,,,,
20250328,008350,남선알미늄,1277,-44,1069993,,,,
20250328,008355,남선알미우,13560,-200,999,,,,
20250328,008420,문배철강,2395,-40,118304,,,,
20250328,008490,서흥,14280,-190,17968,,,,
20250328,008600,윌비스,4033,931,169166,,,,
20250328,008700,아남전자,1437,-55,891763,,,,
20250328,008730,율촌화학,27200,-300,47678,,,,
20250328,008770,호텔신라,40150,-700,49042,,,,
20250328,008775,호텔신라우,32900,-1000,6650,,,,
20250328,008870,금비,53800,200,1726,,,,
20250328,008930,한미사이언스,27550,-250,55119,,,,
20250328,008970,KBI동양철관,2185,286,99527044,,,,
20250328,009070,KCTC,3650,-65,54705,,,,
20250328,009140,경인전자,18760,-130,2981,,,,
20250328,009150,삼성전기,135900,-1200,103968,,,,
20250328,009155,삼성전기우,59500,-1200,7359,,,,
20250328,009160,SIMPAC,3790,-125,38231,,,,
20250328,009180,한솔로지스틱스,2170,-155,328069,,,,
20250328,009190,대양금속,1420,10,104533,,,,
20250328,009200,무림페이퍼,2045,-10,90627,,,,
20250328,009240,한샘,42800,-1000,45793,,,,
20250328,009270,신원,1302,-30,394433,,,,
20250328,009290,광동제약,5440,-20,36611,,,,
20250328,009310,참엔지니어링,1570,-35,58108,,,,
20250328,009320,아진전자부품,1013,-27,17470,,,,
20250328,009410,태영건설,2635,-145,265785,,,,
20250328,009415,태영건설우,5370,-320,12565,,,,
20250328,009420,한올바이오파마,28300,-500,235403,,,,
20250328,009440,KC그린홀딩스,756,0,0,,,,
20250328,009450,경동나비엔,72400,-2200,85153,,,,
20250328,009460,한창제지,3650,-95,30790,,,,
20250328,009470,삼화전기,31050,-450,89941,,,,
20250328,009540,HD한국조선해양,201000,4600,230365,,,,
20250328,009580,무림P&P,2980,90,3002127,,,,
20250328,009680,모토닉,9130,-140,55635,,,,
20250328,009770,삼정펄프,25350,150,916,,,,
20250328,009810,MDS스피어,3125,-80,16013,,,,
20250328,009830,한화솔루션,18091,-264,608436,,,,
20250328,009835,한화솔루션우,16149,-63,3226,,,,
20250328,009900,명신산업,8820,-180,155705,,,,
20250328,009970,영원무역홀딩스,93300,100,6573,,,,
20250328,010040,한국내화,2130,10,15056,,,,
20250328,010060,OCI홀딩스,70200,-2100,51468,,,,
20250328,010100,한국무브넥스,4305,-250,515936,,,,
20250328,010120,LS ELECTRIC,35900,-220,1513960,,,,
20250328,010130,고려아연,766000,-73000,65745,,,,
20250328,010140,삼성중공업,13830,60,5394036,,,,
20250328,010400,우진아이엔에스,2710,30,5643,,,,
20250328,010580,에스엠벡셀,1209,0,29209,,,,
20250328,010640,진양폴리,4774,-51,82644,,,,
20250328,010660,화천기계,3145,-100,346893,,,,
20250328,010690,화신,8230,-420,612625,,,,
20250328,010770,평화홀딩스,5740,-500,504012,,,,
20250328,010780,아이에스동서,16670,-190,22964,,,,
20250328,010820,퍼스텍,3450,-55,358269,,,,
20250328,010950,S-Oil,57300,-600,83568,,,,
20250328,010955,S-Oil우,37500,-50,1741,,,,
20250328,010960,삼호개발,3030,-55,60708,,,,
20250328,011000,진원생명과학,10100,-100,32851,,,,
20250328,011070,LG이노텍,165400,-6200,92565,,,,
20250328,011090,에넥스,2580,-45,28631,,,,
20250328,011150,CJ씨푸드,3135,-10,330322,,,,
20250328,011155,CJ씨푸드1우,20200,3400,24016,,,,
20250328,011170,롯데케미칼,67800,-4000,156751,,,,
20250328,011200,HMM,19670,-380,904795,,,,
20250328,011210,현대위아,46100,-1450,106033,,,,
20250328,011230,삼화전자,4400,-45,189115,,,,
20250328,011280,태림포장,2010,-55,167565,,,,
20250328,011300,우성머티리얼스,6460,420,86525,,,,
20250328,011330,유니켐,13140,-360,13130,,,,
20250328,011390,부산산업,68200,-1800,5986,,,,
20250328,011420,갤럭시아에스엠,1953,-29,182114,,,,
20250328,011500,한농화성,15200,-690,147131,,,,
20250328,011690,와이투솔루션,2250,-120,243388,,,,
20250328,011700,한신기계,2855,-20,99883,,,,
20250328,011760,현대코퍼레이션,22400,-100,55652,,,,
20250328,011780,금호석유화학,123700,-200,84057,,,,
20250328,011785,금호석유화학우,54200,-100,5701,,,,
20250328,011790,SKC,103393,-3477,210831,,,,
20250328,011810,STX,3720,-100,84889,,,,
20250328,011930,신성이엔지,11780,-300,59476,,,,
20250328,012030,DB,1251,-33,231345,,,,
20250328,012160,영흥,2010,-10,18078,,,,
20250328,012170,아센디오,3920,420,1893382,,,,
20250328,012200,계양전기,1346,-44,49187,,,,
20250328,012205,계양전기우,3205,-33,342,,,,
20250328,012280,영화금속,781,-19,63623,,,,
20250328,012320,경동인베스트,61600,-300,6315,,,,
20250328,012330,현대모비스,267500,-12000,212911,,,,
20250328,012450,한화에어로스페이스,620364,-32496,309365,,,,
20250328,012610,경인양행,2980,-5,31565,,,,
20250328,012630,HDC,14750,230,201755,,,,
20250328,012690,모나리자,2750,-70,267052,,,,
20250328,012750,에스원,64500,500,22837,,,,
20250328,012800,대창,1339,-86,2610827,,,,
20250328,013000,세우글로벌,1262,-8,36703,,,,
20250328,013360,일성건설,3350,-345,2062840,,,,
20250328,013520,화승코퍼레이션,1680,-33,53377,,,,
20250328,013570,디와이,3935,-5,37025,,,,
20250328,013580,계룡건설,13060,-90,11914,,,,
20250328,013700,까뮤이앤씨,1163,-8,58686,,,,
20250328,013870,지엠비코리아,3765,-65,20569,,,,
20250328,013890,지누스,20550,-450,54971,,,,
20250328,014130,한익스프레스,3310,-15,16239,,,,
20250328,014160,대영포장,1315,-39,977046,,,,
20250328,014280,금강공업,4940,475,27231222,,,,
20250328,014285,금강공업우,7000,440,28496,,,,
20250328,014440,영보화학,4410,-140,33736,,,,
20250328,014530,극동유화,3315,-35,23755,,,,
20250328,014580,태경비케이,4900,490,6360202,,,,
20250328,014680,한솔케미칼,121300,-2900,50325,,,,
20250328,014710,사조씨푸드,4970,-200,65147,,,,
20250328,014790,HL D&I,2215,-5,57122,,,,
20250328,014820,동원시스템즈,34400,-1300,16992,,,,
20250328,014825,동원시스템즈우,17900,-120,498,,,,
20250328,014830,유니드,73700,-2600,39017,,,,
20250328,014910,성문전자,1113,-10,7382,,,,
20250328,014915,성문전자우,4410,-35,60,,,,
20250328,014990,인디에프,3600,-30,30887,,,,
20250328,015020,이스타코,3124,-250,1104074,,,,
20250328,015230,대창단조,4895,-125,94154,,,,
20250328,015260,에이엔피,475,-16,39890,,,,
20250328,015360,INVENI,9170,-90,40745,,,,
20250328,015590,DKME,2575,0,0,,,,
20250328,015760,한국전력,22100,-200,773141,,,,
20250328,015860,일진홀딩스,3595,-10,23504,,,,
20250328,015890,태경산업,4795,-45,63149,,,,
20250328,016090,대현,2015,-35,52246,,,,
20250328,016360,삼성증권,45850,-100,121157,,,,
20250328,016380,KG스틸,6150,-280,195755,,,,
20250328,016450,한세예스24홀딩스,3875,-235,76066,,,,
20250328,016580,환인제약,11410,-90,8706,,,,
20250328,016590,신대양제지,6940,140,11884,,,,
20250328,016610,DB증권,5450,-330,220675,,,,
20250328,016710,대성홀딩스,7020,-40,7033,,,,
20250328,016740,두올,3055,-20,145234,,,,
20250328,016800,퍼시스,41850,-50,666,,,,
20250328,016880,웅진,831,-26,190578,,,,
20250328,017040,광명전기,1300,-40,163429,,,,
20250328,017180,명문제약,1589,-9,51327,,,,
20250328,017370,우신시스템,5990,-310,138816,,,,
20250328,017390,서울가스,48850,-200,1962,,,,
20250328,017550,수산세보틱스,1791,-16,84906,,,,
20250328,017670,SK텔레콤,55700,0,315483,,,,
20250328,017800,현대엘리베이터,55200,-1200,71736,,,,
20250328,017810,풀무원,15750,-120,72642,,,,
20250328,017860,DS단석,24956,-1188,664470,,,,
20250328,017900,광전자,1733,-2,23094,,,,
20250328,017940,E1,60000,-600,15498,,,,
20250328,017960,한국카본,13630,-210,376230,,,,
20250328,018250,애경산업,13600,-170,59513,,,,
20250328,018260,삼성에스디에스,118600,-2400,118049,,,,
20250328,018470,조일알미늄,1559,-35,308171,,,,
20250328,018500,동원모빌리티,1690,-45,1240812,,,,
20250328,018670,SK가스,239000,2500,7820,,,,
20250328,018880,한온시스템,3490,-88,785372,,,,
20250328,019170,신풍제약,7590,-270,172560,,,,
20250328,019175,신풍제약우,11780,-270,2334,,,,
20250328,019180,티에이치엔,3025,-25,59458,,,,
20250328,019490,엑시큐어하이트론,714,-11,662101,,,,
20250328,019680,대교,2125,0,19763,,,,
20250328,019685,대교우B,1268,-3,19872,,,,
20250328,020000,한섬,15590,30,17902,,,,
20250328,020120,키다리스튜디오,3135,-135,98999,,,,
20250328,020150,롯데에너지머티리얼즈,24050,-1250,115224,,,,
20250328,020560,아시아나항공,10260,-100,46105,,,,
20250328,020760,일진디스플,792,-15,24996,,,,
20250328,021050,서원,1232,-69,575699,,,,
20250328,021240,코웨이,85000,-2000,78895,,,,
20250328,021820,세원정공,7860,20,8722,,,,
20250328,022100,포스코DX,25300,0,650869,,,,
20250328,023000,삼원강재,2350,0,5937,,,,
20250328,023150,MH에탄올,5000,-90,2757,,,,
20250328,023350,한국종합기술,5220,-300,123963,,,,
20250328,023450,동남합성,33250,-600,2308,,,,
20250328,023530,롯데쇼핑,63500,-900,69049,,,,
20250328,023590,다우기술,19930,-1120,123076,,,,
20250328,023800,인지컨트롤스,5790,-90,27535,,,,
20250328,023810,인팩,5620,-70,7103,,,,
20250328,023960,에쓰씨엔지니어링,1256,-6,45868,,,,
20250328,024070,WISCOM,1865,0,4418,,,,
20250328,024090,디씨엠,12080,10,1997,,,,
20250328,024110,기업은행,14540,-970,2133885,,,,
20250328,024720,콜마홀딩스,8990,310,509227,,,,
20250328,024890,대원화성,4490,-110,17192,,,,
20250328,024900,디와이덕양,2755,-145,119543,,,,
20250328,025000,KPX케미칼,40938,-189,5334,,,,
20250328,025530,SJM홀딩스,3135,-15,3288,,,,
20250328,025540,한국단자,68000,-1700,30695,,,,
20250328,025560,미래산업,2697,-70,96750,,,,
20250328,025620,차AI헬스케어,4600,25,1228843,,,,
20250328,025750,한솔홈데코,4200,-150,147988,,,,
20250328,025820,이구산업,5180,-440,3700443,,,,
20250328,025860,남해화학,6520,110,3644460,,,,
20250328,025890,한국주강,1731,-28,8601,,,,
20250328,026890,스틱인베스트먼트,9130,-310,222107,,,,
20250328,026940,부국철강,2330,-35,35321,,,,
20250328,026960,동서,28200,800,83761,,,,
20250328,027410,BGF,3450,-5,19042,,,,
20250328,027740,마니커,1770,-10,31233,,,,
20250328,027970,한국제지,3925,-40,12099,,,,
20250328,028050,삼성E&A,19870,-10,805573,,,,
20250328,028100,동아지질,13040,-170,15271,,,,
20250328,028260,삼성물산,119900,-4100,229119,,,,
20250328,02826K,삼성물산우B,88800,0,4383,,,,
20250328,028670,팬오션,3375,-90,1024335,,,,
20250328,029460,케이씨,17840,-260,2739,,,,
20250328,029530,신도리코,37750,-450,4786,,,,
20250328,029780,삼성카드,40550,-100,44843,,,,
20250328,030000,제일기획,17960,10,112174,,,,
20250328,030190,NICE평가정보,11900,-380,47132,,,,
20250328,030200,KT,49850,0,195671,,,,
20250328,030210,다올투자증권,3470,25,601405,,,,
20250328,030610,교보증권,5960,-120,287270,,,,
20250328,030720,동원수산,4930,-10,5033,,,,
20250328,031210,서울보증보험,34750,950,596667,,,,
20250328,031430,신세계인터내셔날,9960,-310,187635,,,,
20250328,031820,아이티센씨티에스,5750,0,11270,,,,
20250328,032350,롯데관광개발,7970,-50,192645,,,,
20250328,032560,황금에스티,5010,-20,21602,,,,
20250328,032640,LG유플러스,10370,-350,728800,,,,
20250328,032830,삼성생명,85300,-400,126757,,,,
20250328,033240,자화전자,12300,-550,107892,,,,
20250328,033250,체시스,5410,-290,93455,,,,
20250328,033270,유나이티드제약,19750,-300,25487,,,,
20250328,033530,SJG세종,4155,-165,66221,,,,
20250328,033780,KT&G,102700,700,324007,,,,
20250328,033920,무학,6480,-120,33757,,,,
20250328,034020,두산에너빌리티,24350,-700,4248520,,,,
20250328,034120,SBS,18130,-700,115603,,,,
20250328,034220,LG디스플레이,9110,-80,592486,,,,
20250328,034230,파라다이스,11000,150,294226,,,,
20250328,034310,NICE,11120,-340,24367,,,,
20250328,034590,인천도시가스,24700,0,193,,,,
20250328,034730,SK,137000,-200,92079,,,,
20250328,03473K,SK우,123000,-700,1019,,,,
20250328,034830,한국토지신탁,995,-5,137674,,,,
20250328,035000,HS애드,6700,0,13224,,,,
20250328,035150,백산,14750,-120,29268,,,,
20250328,035250,강원랜드,16750,0,433276,,,,
20250328,035420,NAVER,194700,-3100,700564,,,,
20250328,035510,신세계 I&C,12320,90,139379,,,,
20250328,035720,카카오,41150,-450,728635,,,,
20250328,036420,콘텐트리중앙,8140,-370,51802,,,,
20250328,036460,한국가스공사,35250,-650,317643,,,,
20250328,036530,SNT홀딩스,32100,-1450,41420,,,,
20250328,036570,NC,159100,-2500,34126,,,,
20250328,036580,팜스코,2055,-30,26229,,,,
20250328,037270,YG PLUS,5120,-280,1981810,,,,
20250328,037560,LG헬로비전,2350,-30,94076,,,,
20250328,037710,광주신세계,27750,-2100,90477,,,,
20250328,039130,하나투어,54200,300,29931,,,,
20250328,039490,키움증권,129700,-3400,63546,,,,
20250328,039570,HDC랩스,8100,-460,39411,,,,
20250328,041650,상신브레이크,2975,-40,26078,,,,
20250328,042660,한화오션,67000,-500,1790358,,,,
20250328,042700,한미반도체,76500,-3400,492233,,,,
20250328,044380,주연테크,1600,-50,17553,,,,
20250328,044450,KSS해운,8630,-40,55832,,,,
20250328,044820,코스맥스비티아이,10440,50,6567,,,,
20250328,047040,대우건설,3210,-65,628810,,,,
20250328,047050,포스코인터내셔널,51200,-2000,634602,,,,
20250328,047400,유니온머티리얼,1982,-68,132566,,,,
20250328,047810,한국항공우주,74700,-2800,1027570,,,,
20250328,049800,우진플라임,2010,0,4386,,,,
20250328,051600,한전KPS,41850,200,43451,,,,
20250328,051630,진양화학,3365,-135,143326,,,,
20250328,051900,LG생활건강,331500,2500,31640,,,,
20250328,051905,LG생활건강우,128700,-2500,12468,,,,
20250328,051910,LG화학,259000,-10000,271423,,,,
20250328,051915,LG화학우,120100,-4200,34283,,,,
20250328,052690,한전기술,58900,-200,68740,,,,
20250328,053210,스카이라이프,4555,35,14581,,,,
20250328,053690,한미글로벌,15430,-160,75468,,,,
20250328,055490,테이팩스,13130,-310,9504,,,,
20250328,055550,신한지주,47800,-600,1141973,,,,
20250328,058430,포스코스틸리온,3910,-140,953320,,,,
20250328,058650,세아홀딩스,93200,-300,119,,,,
20250328,058730,다스코,2850,-105,315949,,,,
20250328,058850,KTcs,2510,-55,482832,,,,
20250328,058860,KTis,2470,-55,246656,,,,
20250328,060980,HL홀딩스,35250,-1700,38328,,,,
20250328,062040,산일전기,54900,-700,222045,,,,
20250328,063160,종근당바이오,20200,-150,8611,,,,
20250328,064350,현대로템,101700,-1700,812223,,,,
20250328,064400,LG씨엔에스,49800,-1300,309677,,,,
20250328,064960,SNT모티브,26700,-800,110603,,,,
20250328,066570,LG전자,80000,-2400,520309,,,,
20250328,066575,LG전자우,38800,-950,25798,,,,
20250328,066970,엘앤에프,64700,-3200,197954,,,,
20250328,067830,세이브존I&C,2215,-15,11351,,,,
20250328,068270,셀트리온,162594,-3765,320741,,,,
20250328,068290,삼성출판사,14840,-220,27337,,,,
20250328,069260,TKG휴켐스,15950,30,33170,,,,
20250328,069460,대호에이엘,7560,0,107436,,,,
20250328,069620,대웅제약,116500,-2900,18810,,,,
20250328,069640,한세엠케이,2006,-50,5011,,,,
20250328,069730,DSR제강,3385,-45,34306,,,,
20250328,069960,현대백화점,59600,300,47286,,,,
20250328,070960,모나용평,3700,-100,129586,,,,
20250328,071050,한국금융지주,74700,200,88782,,,,
20250328,071055,한국금융지주우,56200,-600,12188,,,,
20250328,071090,하이스틸,3665,5,5220186,,,,
20250328,071320,지역난방공사,50300,-800,31923,,,,
20250328,071840,롯데하이마트,7210,-160,10797,,,,
20250328,071950,코아스,8880,-300,4213,,,,
20250328,071970,HD현대마린엔진,25550,650,484937,,,,
20250328,072130,유엔젤,5150,-180,489274,,,,
20250328,072710,농심홀딩스,66000,300,2965,,,,
20250328,073240,금호타이어,4850,-10,288884,,,,
20250328,074610,이엔플러스,5520,70,188871,,,,
20250328,075180,새론오토모티브,3350,30,7403,,,,
20250328,075580,세진중공업,6790,-160,344795,,,,
20250328,077500,유니퀘스트,5470,-150,160763,,,,
20250328,077970,STX엔진,20450,-650,503674,,,,
20250328,078000,텔코웨어,8790,70,33576,,,,
20250328,078520,에이블씨엔씨,6650,-230,116010,,,,
20250328,078930,GS,37300,-150,138066,,,,
20250328,078935,GS우,36500,-100,5693,,,,
20250328,079160,CJ CGV,4675,-65,235161,,,,
20250328,079430,현대리바트,7040,-180,44961,,,,
20250328,079550,LIG디펜스앤에어로스페이스,243000,-6000,151346,,,,
20250328,079900,전진건설로봇,42050,-1800,255482,,,,
20250328,079980,휴비스,2670,-15,41859,,,,
20250328,081000,일진다이아,11040,-260,20098,,,,
20250328,081660,미스토홀딩스,39050,50,214970,,,,
20250328,082640,동양생명,5120,-40,160093,,,,
20250328,082740,한화엔진,20950,-150,1370726,,,,
20250328,083420,그린케미칼,5810,-450,403247,,,,
20250328,084010,대한제강,10456,-186,41939,,,,
20250328,084670,동양고속,6940,-60,1347,,,,
20250328,084680,이월드,1245,-25,178549,,,,
20250328,084690,대상홀딩스,12120,-850,1173337,,,,
20250328,084695,대상홀딩스우,22750,-250,16388,,,,
20250328,084870,TBH글로벌,1165,10,26469,,,,
20250328,085310,엔케이,8240,-80,13207,,,,
20250328,085620,미래에셋생명,4455,35,14385,,,,
20250328,086280,현대글로비스,114800,-7300,240382,,,,
20250328,086790,하나금융지주,61300,-300,318284,,,,
20250328,088260,이리츠코크렙,4305,15,25872,,,,
20250328,088350,한화생명,2570,-20,423105,,,,
20250328,088790,진도,1746,-18,22225,,,,
20250328,088980,맥쿼리인프라,10950,-50,379295,,,,
20250328,089470,HDC현대EP,3465,-135,25716,,,,
20250328,089590,제주항공,6820,-120,233198,,,,
20250328,089860,롯데렌탈,28500,-750,43520,,,,
20250328,090080,평화산업,1072,-28,580641,,,,
20250328,090350,노루페인트,7600,-120,45182,,,,
20250328,090355,노루페인트우,12800,-50,73,,,,
20250328,090370,메타랩스,1469,6,20100,,,,
20250328,090430,아모레퍼시픽,104500,1500,592068,,,,
20250328,090435,아모레퍼시픽우,34150,150,23221,,,,
20250328,090460,비에이치,14230,-390,320041,,,,
20250328,091810,트리니티항공,2076,-43,1105960,,,,
20250328,092200,디아이씨,4545,-155,665611,,,,
20250328,092220,KEC,3745,-120,142059,,,,
20250328,092230,KPX홀딩스,54700,700,3857,,,,
20250328,092440,기신정기,2325,-55,35682,,,,
20250328,092780,DYP,4550,-85,6586,,,,
20250328,092790,넥스틸,12670,-610,1934838,,,,
20250328,093050,LF,14660,-580,35901,,,,
20250328,093240,형지엘리트,2046,-205,16615797,,,,
20250328,093370,후성,4710,-150,219321,,,,
20250328,094280,효성ITX,11820,-40,5191,,,,
20250328,094800,맵스리얼티,4250,5,38083,,,,
20250328,095570,AJ네트웍스,3690,-75,141538,,,,
20250328,095720,웅진씽크빅,3030,-12,26636,,,,
20250328,096760,JW홀딩스,3010,-35,67579,,,,
20250328,096770,SK이노베이션,121000,-900,134770,,,,
20250328,096775,SK이노베이션우,76200,-500,1318,,,,
20250328,097230,HJ중공업,6150,-50,902841,,,,
20250328,097520,엠씨넥스,24000,-250,41327,,,,
20250328,097950,CJ제일제당,254500,-2000,34561,,,,
20250328,097955,CJ제일제당 우,135500,-1300,3028,,,,
20250328,100090,SK오션플랜트,12900,-280,176812,,,,
20250328,100220,비상교육,4615,-55,10181,,,,
20250328,100250,진양홀딩스,2891,-5,15155,,,,
20250328,100840,SNT에너지,29700,50,102496,,,,
20250328,101140,인바이오젠,7310,40,9031,,,,
20250328,101530,해태제과식품,6650,150,93569,,,,
20250328,102260,동성케미컬,3676,-59,48979,,,,
20250328,102460,이연제약,11590,-170,48840,,,,
20250328,103140,풍산,61600,-3900,327888,,,,
20250328,103590,일진전기,25300,-500,482716,,,,
20250328,104700,한국철강,7990,-110,44311,,,,
20250328,105560,KB금융,78700,-1500,1041894,,,,
20250328,105630,한세실업,11510,-490,107147,,,,
20250328,105840,우진,7110,-140,88764,,,,
20250328,107590,미원홀딩스,72900,0,408,,,,
20250328,108320,LX세미콘,56000,-100,18830,,,,
20250328,108670,LX하우시스,29400,-400,26915,,,,
20250328,108675,LX하우시스우,17760,-40,1720,,,,
20250328,109070,주성코퍼레이션,1280,-143,5342432,,,,
20250328,111110,호전실업,7950,-50,12036,,,,
20250328,111380,동인기연,15030,-90,9255,,,,
20250328,111770,영원무역,49050,-350,25283,,,,
20250328,112610,씨에스윈드,35300,-500,83859,,,,
20250328,114090,GKL,10840,-20,69883,,,,
20250328,117580,대성에너지,7700,-90,33967,,,,
20250328,118000,메타케어,3030,0,32701,,,,
20250328,119650,KC코트렐,918,0,0,,,,
20250328,120030,조선선재,95500,-1000,1304,,,,
20250328,120110,코오롱인더,30400,-350,47714,,,,
20250328,120115,코오롱인더우,19310,-30,4493,,,,
20250328,122900,아이마켓코리아,7780,-120,33222,,,,
20250328,123690,한국화장품,6600,-80,48897,,,,
20250328,123700,SJM,2970,-40,12709,,,,
20250328,123890,한국자산신탁,2405,-75,347759,,,,
20250328,126560,현대퓨처넷,2920,-45,108162,,,,
20250328,126720,수산인더스트리,19440,-380,80570,,,,
20250328,128820,대성산업,3381,-51,150698,,,,
20250328,128940,한미약품,234000,-3500,36111,,,,
20250328,129260,인터지스,2365,-80,79186,,,,
20250328,130660,한전산업,9950,-140,113075,,,,
20250328,133820,화인베스틸,817,-35,120042,,,,
20250328,134380,미원화학,7870,-30,2280,,,,
20250328,134790,시디즈,26450,200,5854,,,,
20250328,136490,선진,5480,-100,37076,,,,
20250328,137310,에스디바이오센서,9470,-240,54938,,,,
20250328,138040,메리츠금융지주,123000,200,185605,,,,
20250328,138930,BNK금융지주,10320,70,1093307,,,,
20250328,139130,iM금융지주,9040,70,527001,,,,
20250328,139480,이마트,81300,-500,125847,,,,
20250328,139990,아주스틸,3970,-50,10837,,,,
20250328,143210,핸즈코퍼레이션,1716,-36,4779,,,,
20250328,145210,다이나믹디자인,7320,0,27462,,,,
20250328,145270,케이탑리츠,964,-9,105495,,,,
20250328,145720,덴티움,74800,2400,94780,,,,
20250328,145990,삼양사,45100,-1000,11081,,,,
20250328,145995,삼양사우,29800,-100,1300,,,,
20250328,155660,DSR,3720,-5,17079,,,,
20250328,161000,애경케미칼,6810,-120,147171,,,,
20250328,161390,한국타이어앤테크놀로지,40050,-1750,384583,,,,
20250328,161890,한국콜마,64300,0,117505,,,,
20250328,163560,동일고무벨트,7070,-180,39979,,,,
20250328,170900,동아에스티,42774,-954,21489,,,,
20250328,175330,JB금융지주,17440,120,218727,,,,
20250328,178920,PI첨단소재,16510,-600,59355,,,,
20250328,180640,한진칼,81200,-1200,25723,,,,
20250328,18064K,한진칼우,22700,-550,2037,,,,
20250328,181710,NHN,18080,-270,53569,,,,
20250328,183190,아세아시멘트,10120,140,26488,,,,
20250328,185750,종근당,78800,-1000,21408,,,,
20250328,192080,더블유게임즈,50700,100,29495,,,,
20250328,192400,쿠쿠홀딩스,22350,-50,5032,,,,
20250328,192650,드림텍,6760,-220,263662,,,,
20250328,192820,코스맥스,172100,100,39235,,,,
20250328,194370,제이에스코퍼레이션,8765,30,104964,,,,
20250328,195870,해성디에스,27350,-850,56189,,,,
20250328,200880,서연이화,12900,-400,209476,,,,
20250328,204320,HL만도,40000,300,197629,,,,
20250328,207940,삼성바이오로직스,1543859,-14718,17242,,,,
20250328,210540,디와이파워,12000,510,65224,,,,
20250328,210980,SK디앤디,8210,-440,82842,,,,
20250328,213500,한솔제지,8260,-170,96464,,,,
20250328,214320,이노션,17940,50,44867,,,,
20250328,214330,금호에이치티,14933,-435,16261,,,,
20250328,214390,경보제약,5320,-280,36169,,,,
20250328,214420,토니모리,9120,250,2484251,,,,
20250328,226320,잇츠한불,11250,-40,9825,,,,
20250328,227840,현대코퍼레이션홀딩스,10330,-90,16028,,,,
20250328,229640,LS에코에너지,31450,-650,106212,,,,
20250328,234080,JW생명과학,11200,-330,89533,,,,
20250328,241560,두산밥캣,51100,1100,271672,,,,
20250328,241590,화승엔터프라이즈,8530,-130,350076,,,,
20250328,244920,에이플러스에셋,4165,105,76700,,,,
20250328,248070,솔루엠,17020,-300,89745,,,,
20250328,248170,샘표식품,25650,100,8664,,,,
20250328,249420,일동제약,10990,-90,47592,,,,
20250328,251270,넷마블,40700,-750,81790,,,,
20250328,259960,크래프톤,359000,20500,376221,,,,
20250328,264900,크라운제과,8050,-60,15238,,,,
20250328,26490K,크라운제과우,9270,0,2106,,,,
20250328,267250,HD현대,74200,100,110700,,,,
20250328,267260,HD현대일렉트릭,305000,1000,333617,,,,
20250328,267270,HD건설기계,67100,-1200,100355,,,,
20250328,267290,경동도시가스,17580,0,4928,,,,
20250328,267850,아시아나IDT,10910,-200,18346,,,,
20250328,268280,미원에스씨,150900,0,1501,,,,
20250328,271560,오리온,117900,-1200,96700,,,,
20250328,271940,일진하이솔루스,13600,-320,57687,,,,
20250328,271980,제일약품,12360,350,645338,,,,
20250328,272210,한화시스템,31950,-900,1798296,,,,
20250328,272450,진에어,9430,-100,96923,,,,
20250328,272550,삼양패키징,13980,-40,17166,,,,
20250328,278470,에이피알,70300,-1000,268284,,,,
20250328,280360,롯데웰푸드,117500,-500,13907,,,,
20250328,281820,케이씨텍,33950,-600,76528,,,,
20250328,282330,BGF리테일,109000,-1600,26425,,,,
20250328,284740,쿠쿠홈시스,21200,-100,29826,,,,
20250328,285130,SK케미칼,40500,-400,29589,,,,
20250328,28513K,SK케미칼우,19450,-550,2542,,,,
20250328,286940,롯데이노베이트,18600,-420,23904,,,,
20250328,293480,하나제약,10380,-10,6606,,,,
20250328,293940,신한알파리츠,5670,-100,256729,,,,
20250328,294870,IPARK현대산업개발,20800,-250,240360,,,,
20250328,298000,효성화학,77800,0,0,,,,
20250328,298020,효성티앤씨,228000,-7500,9142,,,,
20250328,298040,효성중공업,430500,-13000,64431,,,,
20250328,298050,HS효성첨단소재,180000,-7800,12969,,,,
20250328,298690,에어부산,2065,-30,145684,,,,
20250328,300720,한일시멘트,16380,-50,43786,,,,
20250328,302440,SK바이오사이언스,40450,-1150,109956,,,,
20250328,306200,세아제강,183000,0,32783,,,,
20250328,307950,현대오토에버,128000,-3100,50955,,,,
20250328,308170,씨티알모빌리티,5350,30,7204,,,,
20250328,316140,우리금융지주,16650,-40,1340869,,,,
20250328,317400,자이에스앤디,3215,40,21335,,,,
20250328,322000,HD현대에너지솔루션,23650,-750,73601,,,,
20250328,323410,카카오뱅크,22750,-50,220551,,,,
20250328,326030,SK바이오팜,100800,-1200,78880,,,,
20250328,329180,HD현대중공업,280000,3500,153578,,,,
20250328,330590,롯데리츠,3530,5,175020,,,,
20250328,334890,이지스밸류플러스리츠,4533,-35,73031,,,,
20250328,336260,두산퓨얼셀,14900,-220,118682,,,,
20250328,33626K,두산퓨얼셀1우,4380,0,8155,,,,
20250328,33626L,두산퓨얼셀2우B,7130,-400,6280,,,,
20250328,336370,솔루스첨단소재,8220,-180,114085,,,,
20250328,33637K,솔루스첨단소재1우,1824,-59,20045,,,,
20250328,33637L,솔루스첨단소재2우B,3705,0,861,,,,
20250328,338100,NH프라임리츠,4435,-10,31471,,,,
20250328,339770,교촌에프앤비,5800,150,82875,,,,
20250328,344820,KCC글라스,32050,-200,28091,,,,
20250328,348950,제이알글로벌리츠,2680,10,159274,,,,
20250328,350520,이지스레지던스리츠,4125,5,14053,,,,
20250328,352820,하이브,240500,-4500,79329,,,,
20250328,353200,대덕전자,16770,-730,428588,,,,
20250328,35320K,대덕전자1우,7690,-300,5081,,,,
20250328,357120,코람코라이프인프라리츠,4460,5,67825,,,,
20250328,357250,미래에셋맵스리츠,2670,-10,44991,,,,
20250328,357430,마스턴프리미어리츠,1491,-26,47762,,,,
20250328,361610,SK아이이테크놀로지,23500,-850,149704,,,,
20250328,363280,티와이홀딩스,2190,-5,20769,,,,
20250328,36328K,티와이홀딩스우,3650,-65,2070,,,,
20250328,365550,ESR켄달스퀘어리츠,4778,75,185795,,,,
20250328,372910,한컴라이프케어,3360,-385,2494086,,,,
20250328,373220,LG에너지솔루션,356000,-500,188128,,,,
20250328,375500,DL이앤씨,42200,-200,204947,,,,
20250328,37550K,DL이앤씨우,17200,100,1500,,,,
20250328,37550L,DL이앤씨2우(전환),26700,-50,3465,,,,
20250328,377190,디앤디플랫폼리츠,3180,-105,73545,,,,
20250328,377300,카카오페이,30150,0,185023,,,,
20250328,377740,바이오노트,4770,-155,158101,,,,
20250328,378850,화승알앤에이,3060,-110,124602,,,,
20250328,381970,케이카,13100,-10,98618,,,,
20250328,383220,F&F,63800,-1100,40369,,,,
20250328,383800,LX홀딩스,6550,10,52371,,,,
20250328,38380K,LX홀딩스1우,7870,40,1776,,,,
20250328,395400,SK리츠,4960,-10,325213,,,,
20250328,396690,미래에셋글로벌리츠,2650,-60,96189,,,,
20250328,400760,NH올원리츠,3517,20,45687,,,,
20250328,402340,SK스퀘어,96000,-1900,258794,,,,
20250328,403550,쏘카,14050,-250,17107,,,,
20250328,404990,신한서부티엔디리츠,3285,35,115517,,,,
20250328,415640,KB발해인프라,7630,-10,25533,,,,
20250328,417310,코람코더원리츠,4910,0,30971,,,,
20250328,432320,KB스타리츠,3840,0,43824,,,,
20250328,443060,HD현대마린솔루션,139400,1900,112845,,,,
20250328,446070,유니드비티플러스,4060,20,21611,,,,
20250328,448730,삼성FN리츠,4575,5,54339,,,,
20250328,450080,에코프로머티,64100,-2900,371378,,,,
20250328,451800,한화리츠,3890,-15,209109,,,,
20250328,452260,한화갤러리아,1139,-11,542205,,,,
20250328,45226K,한화갤러리아우,2405,15,1953,,,,
20250328,453340,현대그린푸드,14430,150,44975,,,,
20250328,454910,두산로보틱스,52000,-400,176185,,,,
20250328,456040,OCI,55900,-1100,25230,,,,
20250328,457190,이수스페셜티케미컬,45800,-1650,157460,,,,
20250328,460850,동국씨엠,6620,-380,141706,,,,
20250328,460860,동국제강,9120,-180,181109,,,,
20250328,462520,조선내화,13570,-180,9449,,,,
20250328,462870,시프트업,55500,800,236265,,,,
20250328,465770,STX그린로지스,9800,-460,1492572,,,,
20250328,475150,SK이터닉스,13140,-570,205522,,,,
20250328,475560,더본코리아,30050,1250,1660175,,,,
20250328,480370,씨케이솔루션,4795,-297,1213985,,,,
20250328,481850,신한글로벌액티브리츠,1559,4,49293,,,,
20250328,484870,엠앤씨솔루션,25666,-1467,292068,,,,
20250328,487570,HS효성,40200,1900,69267,,,,
20250328,489790,한화비전,55800,-2500,1209944,,,,
20250328,499790,GS피앤엘,17780,-470,36607,,,,
20250328,900140,엘브이엠씨홀딩스,1763,-23,426243,,,,
20250328,950210,프레스티지바이오파마,13320,600,220800,,,,
20250331,000020,동화약품,5990,-70,49448,,,,
20250331,000040,KR모터스,1875,-65,36297,,,,
20250331,000050,경방,6510,60,3132,,,,
20250331,000070,삼양홀딩스,38703,-1001,21288,,,,
20250331,000080,하이트진로,19230,-280,136486,,,,
20250331,000087,하이트진로2우B,15170,20,344,,,,
20250331,000100,유한양행,109200,-4800,587011,,,,
20250331,000105,유한양행우,99900,-4000,8386,,,,
20250331,000120,CJ대한통운,86300,700,56072,,,,
20250331,000140,하이트진로홀딩스,8420,-130,13571,,,,
20250331,000145,하이트진로홀딩스우,10180,-20,6,,,,
20250331,000150,두산,292500,-500,118684,,,,
20250331,000155,두산우,131800,-4400,14012,,,,
20250331,000157,두산2우B,125000,-2000,1711,,,,
20250331,000180,성창기업지주,6270,-175,11170,,,,
20250331,000210,DL,32450,-800,59787,,,,
20250331,000215,DL우,18900,-340,2202,,,,
20250331,000220,유유제약,4325,-5,71373,,,,
20250331,000225,유유제약1우,4625,-35,7645,,,,
20250331,000227,유유제약2우B,9520,-60,785,,,,
20250331,000230,일동홀딩스,6120,-10,13713,,,,
20250331,000240,한국앤컴퍼니,15150,-540,137850,,,,
20250331,000270,기아,92300,-3000,1230700,,,,
20250331,000300,DH오토넥스,4200,0,0,,,,
20250331,000320,노루홀딩스,13620,-100,34659,,,,
20250331,000325,노루홀딩스우,28750,150,123,,,,
20250331,000370,한화손해보험,3960,-75,254554,,,,
20250331,000390,SP삼화,5750,-250,162009,,,,
20250331,000400,롯데손해보험,1765,-30,135890,,,,
20250331,000430,대원강업,3525,-45,51806,,,,
20250331,000480,CR홀딩스,5090,-50,45392,,,,
20250331,000490,대동,10050,-700,255221,,,,
20250331,000500,가온전선,22894,-1139,70615,,,,
20250331,000520,삼일제약,10640,-710,180867,,,,
20250331,000540,흥국화재,3380,-140,3039541,,,,
20250331,000545,흥국화재우,8500,520,282158,,,,
20250331,000590,CS홀딩스,71600,-600,302,,,,
20250331,000640,동아쏘시오홀딩스,96538,291,15149,,,,
20250331,000650,천일고속,38000,-650,283,,,,
20250331,000660,SK하이닉스,190700,-8600,4561715,,,,
20250331,000670,영풍,40227,-1606,74121,,,,
20250331,000680,LS네트웍스,3350,-330,524866,,,,
20250331,000700,유수홀딩스,5520,-40,46182,,,,
20250331,000720,현대건설,35950,1250,1563739,,,,
20250331,000725,현대건설우,47350,-1150,3764,,,,
20250331,000760,이화산업,10180,-50,190,,,,
20250331,000810,삼성화재,357500,500,62227,,,,
20250331,000815,삼성화재우,271000,-2000,7236,,,,
20250331,000850,화천기공,26600,-650,3949,,,,
20250331,000860,강남제비스코,11279,-300,20739,,,,
20250331,000880,한화,49159,-480,548446,,,,
20250331,00088K,한화3우B,17408,30,86887,,,,
20250331,000890,보해양조,2225,0,54479,,,,
20250331,000910,유니온,4810,-155,901453,,,,
20250331,000950,전방,18980,-30,998,,,,
20250331,000970,한국주철관,6180,-10,12723,,,,
20250331,000990,DB하이텍,42750,-1250,137750,,,,
20250331,001020,페이퍼코리아,3505,20,5971,,,,
20250331,001040,CJ,116300,-1600,119158,,,,
20250331,001045,CJ우,65900,-1500,11992,,,,
20250331,00104K,CJ4우(전환),91500,-800,12854,,,,
20250331,001060,JW중외제약,20750,-350,42291,,,,
20250331,001065,JW중외제약우,27500,-650,745,,,,
20250331,001067,JW중외제약2우B,60600,-100,11,,,,
20250331,001070,대한방직,5120,-20,4992,,,,
20250331,001080,만호제강,2735,-35,11240,,,,
20250331,001120,LX인터내셔널,25200,-100,156042,,,,
20250331,001130,대한제분,12790,-70,8840,,,,
20250331,001200,유진투자증권,2355,-90,815507,,,,
20250331,001210,금호전기,3190,-20,17475,,,,
20250331,001230,동국홀딩스,1569,-24,418686,,,,
20250331,001250,GS글로벌,2525,-115,922370,,,,
20250331,001260,남광토건,7300,-290,20423,,,,
20250331,001270,부국증권,26600,-400,845,,,,
20250331,001275,부국증권우,21750,-100,813,,,,
20250331,001290,상상인증권,418,-5,43114,,,,
20250331,001340,PKC,6080,-150,95076,,,,
20250331,001360,삼성제약,1468,-37,359717,,,,
20250331,001380,SG글로벌,4277,-221,468929,,,,
20250331,001390,KG케미칼,3600,-180,193737,,,,
20250331,001420,태원물산,3320,40,2148,,,,
20250331,001430,세아베스틸지주,17480,-550,63708,,,,
20250331,001440,대한전선,11430,-520,733129,,,,
20250331,001450,현대해상,21850,-150,284867,,,,
20250331,001460,BYC,26900,-150,664,,,,
20250331,001465,BYC우,12440,-20,273,,,,
20250331,001470,삼부토건,347,-11,8633723,,,,
20250331,001500,현대차증권,5630,-70,221287,,,,
20250331,001510,SK증권,896,-16,396342,,,,
20250331,001515,SK증권우,3224,-76,2855,,,,
20250331,001520,동양,1090,-12,366333,,,,
20250331,001525,동양우,8240,-50,12,,,,
20250331,001527,동양2우B,16400,-400,68,,,,
20250331,001530,DI동일,44572,-1333,105477,,,,
20250331,001550,조비,10300,-930,201470,,,,
20250331,001560,제일연마,8360,-240,2113,,,,
20250331,001570,금양,9900,0,0,,,,
20250331,001620,케이비아이동국실업,2405,-25,7272,,,,
20250331,001630,종근당홀딩스,42900,-1050,2922,,,,
20250331,001680,대상,23050,-450,88537,,,,
20250331,001685,대상우,16430,-700,6715,,,,
20250331,001720,신영증권,75100,-2700,9541,,,,
20250331,001740,SK네트웍스,4065,-345,747906,,,,
20250331,001750,한양증권,11680,-140,33119,,,,
20250331,001755,한양증권우,12210,-190,966,,,,
20250331,001770,SHD,14950,-10,713,,,,
20250331,001780,알루코,2015,-70,336259,,,,
20250331,001790,대한제당,2730,-5,100103,,,,
20250331,001795,대한제당우,2270,5,18628,,,,
20250331,001800,오리온홀딩스,16030,-90,178210,,,,
20250331,001820,삼화콘덴서,25000,-1100,32673,,,,
20250331,001940,KISCO홀딩스,19280,-90,13623,,,,
20250331,002020,코오롱,21550,-1000,89634,,,,
20250331,002025,코오롱우,13850,-210,2231,,,,
20250331,002030,아세아,260000,-2000,2494,,,,
20250331,002070,비비안,15242,-157,9152,,,,
20250331,002100,경농,8780,-230,96309,,,,
20250331,002140,고려산업,2610,-65,119402,,,,
20250331,002150,도화엔지니어링,6370,-110,28898,,,,
20250331,002170,SYTS,47250,-150,1855,,,,
20250331,002200,한국수출포장,2680,-55,130489,,,,
20250331,002210,동성제약,3844,50,104762,,,,
20250331,002220,한일철강,1834,-13,6110,,,,
20250331,002240,고려제강,16780,-410,12867,,,,
20250331,002310,아세아제지,6650,-180,166534,,,,
20250331,002320,한진,19300,0,30516,,,,
20250331,002350,넥센타이어,5400,-20,152496,,,,
20250331,002355,넥센타이어1우B,2795,-45,21248,,,,
20250331,002360,SH에너지화학,4480,-60,33253,,,,
20250331,002380,KCC,252500,-12000,20633,,,,
20250331,002390,한독,11050,-150,14647,,,,
20250331,002410,범양건영,1935,0,0,,,,
20250331,002420,세기상사,4925,-70,5912,,,,
20250331,002450,삼익악기,1128,3,182529,,,,
20250331,002460,HS화성,9450,-90,5440,,,,
20250331,002600,조흥,163400,-2100,26,,,,
20250331,002620,제일파마홀딩스,8390,560,1103793,,,,
20250331,002630,오리엔트바이오,3168,-162,9235640,,,,
20250331,002690,동일제강,1186,-42,30032,,,,
20250331,002700,신일전자,1467,-1,165579,,,,
20250331,002710,TCC스틸,21150,-1800,224223,,,,
20250331,002720,국제약품,4415,-105,127168,,,,
20250331,002760,보락,999,-20,267005,,,,
20250331,002780,진흥기업,708,-18,282494,,,,
20250331,002785,진흥기업우B,3145,5,84,,,,
20250331,002787,진흥기업2우B,9670,-40,1,,,,
20250331,002790,아모레퍼시픽홀딩스,20000,-500,211160,,,,
20250331,002795,아모레퍼시픽홀딩스우,8900,10,6694,,,,
20250331,00279K,아모레퍼시픽홀딩스3우C,17220,-170,4008,,,,
20250331,002810,삼영무역,13210,-370,14577,,,,
20250331,002820,SUN&L,2880,-85,5203,,,,
20250331,002840,미원상사,186300,0,3151,,,,
20250331,002870,신풍,1172,-10,341367,,,,
20250331,002880,디와이에이,1014,-146,2432501,,,,
20250331,002900,TYM,4255,-295,153261,,,,
20250331,002920,유성기업,1792,-16,27784,,,,
20250331,002960,한국쉘석유,329500,-3500,1486,,,,
20250331,002990,금호건설,2485,-65,37388,,,,
20250331,002995,금호건설우,11290,-20,1468,,,,
20250331,003000,부광약품,3560,-4,231765,,,,
20250331,003010,혜인,4645,-130,60016,,,,
20250331,003030,세아제강지주,238500,6500,12408,,,,
20250331,003060,에이프로젠바이오로직스,740,-40,370992,,,,
20250331,003070,코오롱글로벌,8310,-200,17850,,,,
20250331,003075,코오롱글로벌우,14250,-550,2140,,,,
20250331,003080,SB성보,2410,-20,18754,,,,
20250331,003090,대웅,18740,-460,39655,,,,
20250331,003120,일성아이에스,15170,-160,3749,,,,
20250331,003160,디아이,12730,-920,348413,,,,
20250331,003200,일신방직,7970,0,28597,,,,
20250331,003220,대원제약,13470,-270,89317,,,,
20250331,003230,삼양식품,860000,16000,54540,,,,
20250331,003240,태광산업,665000,-1000,438,,,,
20250331,003280,흥아해운,1566,-67,1472203,,,,
20250331,003300,한일홀딩스,13750,-150,14934,,,,
20250331,003350,한국화장품제조,10160,-360,301880,,,,
20250331,003460,유화증권,2320,-10,19364,,,,
20250331,003465,유화증권우,2300,-25,9881,,,,
20250331,003470,유안타증권,2550,-60,456881,,,,
20250331,003475,유안타증권우,2800,-35,33360,,,,
20250331,003480,한진중공업홀딩스,3740,-90,142012,,,,
20250331,003490,대한항공,21300,-650,1165162,,,,
20250331,003495,대한항공우,21400,-100,735,,,,
20250331,003520,영진약품,1936,-40,150519,,,,
20250331,003530,한화투자증권,3160,-170,943248,,,,
20250331,003535,한화투자증권우,5460,-200,8881,,,,
20250331,003540,대신증권,16220,-130,73895,,,,
20250331,003545,대신증권우,15390,-40,96572,,,,
20250331,003547,대신증권2우B,14600,-190,47761,,,,
20250331,003550,LG,64600,-1100,410900,,,,
20250331,003555,LG우,54700,-400,3632,,,,
20250331,003570,SNT다이내믹스,30500,550,106829,,,,
20250331,003580,HLB글로벌,3140,-180,85031,,,,
20250331,003610,방림,3695,-5,60660,,,,
20250331,003620,KG모빌리티,3977,-85,247565,,,,
20250331,003650,미창석유,100000,-500,989,,,,
20250331,003670,포스코퓨처엠,116608,-7949,625562,,,,
20250331,003680,한성기업,4765,-105,24162,,,,
20250331,003690,코리안리,8170,-70,495812,,,,
20250331,003720,삼영,3755,-145,171682,,,,
20250331,003780,진양산업,6930,-240,144985,,,,
20250331,003830,대한화섬,111000,-600,485,,,,
20250331,003850,보령,8670,-360,152491,,,,
20250331,003920,남양유업,69900,-1100,16077,,,,
20250331,003925,남양유업우,36050,-500,4771,,,,
20250331,003960,사조대림,37700,-1400,25751,,,,
20250331,004000,롯데정밀화학,37150,-1800,54960,,,,
20250331,004020,현대제철,25000,-800,564926,,,,
20250331,004060,SG세계물산,3050,-40,45905,,,,
20250331,004080,신흥,14700,0,735,,,,
20250331,004090,한국석유,12220,-270,1396769,,,,
20250331,004100,태양금속,2470,-150,741612,,,,
20250331,004105,태양금속우,4150,-105,13206,,,,
20250331,004140,동방,2085,-55,190982,,,,
20250331,004150,한솔홀딩스,2330,-75,136057,,,,
20250331,004170,신세계,137100,-5900,25517,,,,
20250331,004250,NPC,3790,-95,22802,,,,
20250331,004255,NPC우,2340,-45,3799,,,,
20250331,004270,남성,8228,-183,6011,,,,
20250331,004310,현대약품,3080,-60,55913,,,,
20250331,004360,세방,11180,-150,14022,,,,
20250331,004365,세방우,7570,-60,11212,,,,
20250331,004370,농심,404500,-7000,27385,,,,
20250331,004380,삼익THK,12556,-470,108703,,,,
20250331,004410,서울식품,1400,-20,75337,,,,
20250331,004415,서울식품우,12020,30,1207,,,,
20250331,004430,송원산업,11840,-480,34235,,,,
20250331,004440,삼일씨엔에스,3815,-70,20037,,,,
20250331,004450,삼화왕관,29850,-250,1110,,,,
20250331,004490,세방전지,64900,-1600,37092,,,,
20250331,004540,깨끗한나라,2170,-15,687846,,,,
20250331,004545,깨끗한나라우,11700,-70,790,,,,
20250331,004560,현대비앤지스틸,11570,-380,27956,,,,
20250331,004690,삼천리,86300,-1400,5211,,,,
20250331,004700,조광피혁,51200,-300,1276,,,,
20250331,004710,한솔테크닉스,3895,-202,86710,,,,
20250331,004720,팜젠사이언스,3970,-30,40434,,,,
20250331,004770,써니전자,1981,-129,567835,,,,
20250331,004800,효성,47950,-100,14058,,,,
20250331,004830,덕성,6800,-200,245041,,,,
20250331,004835,덕성우,10080,-300,18148,,,,
20250331,004840,DRB동일,3850,-130,20104,,,,
20250331,004870,티웨이홀딩스,3120,-91,98581,,,,
20250331,004890,동일산업,40000,50,2276,,,,
20250331,004910,조광페인트,5370,-140,33694,,,,
20250331,004920,씨아이테크,1096,10,78450,,,,
20250331,004960,한신공영,5800,-290,275108,,,,
20250331,004970,신라교역,8420,-210,18364,,,,
20250331,004980,성신양회,6900,-220,48120,,,,
20250331,004985,성신양회우,10630,-50,8115,,,,
20250331,004990,롯데지주,21400,-1000,127335,,,,
20250331,00499K,롯데지주우,26600,-300,9153,,,,
20250331,005010,휴스틸,5070,-40,975588,,,,
20250331,005030,부산주공,486,0,0,,,,
20250331,005070,코스모신소재,38000,-3200,441468,,,,
20250331,005090,SGC에너지,22150,-450,18374,,,,
20250331,005110,한창,1254,0,0,,,,
20250331,005180,빙그레,93300,-300,33677,,,,
20250331,005250,녹십자홀딩스,13000,-440,85120,,,,
20250331,005257,녹십자홀딩스2우,20050,-500,482,,,,
20250331,005300,롯데칠성,106900,-1800,20836,,,,
20250331,005305,롯데칠성우,63300,-700,7630,,,,
20250331,005320,온타이드,870,-6,64430,,,,
20250331,005360,모나미,1937,-61,38614,,,,
20250331,005380,현대차,197200,-7800,936571,,,,
20250331,005385,현대차우,147300,-4200,83562,,,,
20250331,005387,현대차2우B,148300,-5100,138406,,,,
20250331,005389,현대차3우B,147200,-3400,10800,,,,
20250331,005420,코스모화학,15190,-1460,189843,,,,
20250331,005430,한국공항,47900,-1600,6823,,,,
20250331,005440,현대지에프홀딩스,5130,30,112980,,,,
20250331,005490,POSCO홀딩스,278500,-13500,441844,,,,
20250331,005500,삼진제약,17640,-170,13511,,,,
20250331,005610,삼립,59800,1500,116857,,,,
20250331,005680,삼영전자,10030,30,25210,,,,
20250331,005690,파미셀,10140,-70,735707,,,,
20250331,005720,넥센,4590,-35,46082,,,,
20250331,005725,넥센우,3260,0,5237,,,,
20250331,005740,크라운해태홀딩스,5340,-100,19449,,,,
20250331,005745,크라운해태홀딩스우,7330,-140,465,,,,
20250331,005750,대림바스,3935,35,9852,,,,
20250331,005800,신영와코루,9950,-50,10446,,,,
20250331,005810,풍산홀딩스,27500,-300,32185,,,,
20250331,005820,원림,13030,-370,366,,,,
20250331,005830,DB손해보험,88600,300,173056,,,,
20250331,005850,에스엘,38350,-550,119015,,,,
20250331,005870,휴니드,8500,-220,717468,,,,
20250331,005880,대한해운,1605,-46,1707949,,,,
20250331,005930,삼성전자,57800,-2400,17633494,,,,
20250331,005935,삼성전자우,47200,-2400,2004937,,,,
20250331,005940,NH투자증권,14020,-360,533832,,,,
20250331,005945,NH투자증권우,12480,-250,195566,,,,
20250331,005950,이수화학,5600,-300,62585,,,,
20250331,005960,동부건설,3405,-55,7705,,,,
20250331,005965,동부건설우,17420,-260,102,,,,
20250331,006040,동원산업,34700,-1000,15482,,,,
20250331,006060,화승인더,4750,-30,169359,,,,
20250331,006090,사조오양,8080,-90,5187,,,,
20250331,006110,삼아알미늄,24500,-1750,53504,,,,
20250331,006120,SK디스커버리,38350,-400,20165,,,,
20250331,006125,SK디스커버리우,32100,-650,5159,,,,
20250331,006200,한국전자홀딩스,3330,-120,23438,,,,
20250331,006220,제주은행,7550,-10,2854920,,,,
20250331,006260,LS,105200,-2700,130750,,,,
20250331,006280,녹십자,122100,-2800,35713,,,,
20250331,006340,대원전선,2630,-55,1202078,,,,
20250331,006345,대원전선우,3640,0,39207,,,,
20250331,006360,GS건설,16960,-160,342758,,,,
20250331,006370,대구백화점,7590,-450,30952,,,,
20250331,006380,카프로,3660,0,0,,,,
20250331,006400,삼성SDI,184547,-10672,576174,,,,
20250331,006405,삼성SDI우,109774,-6169,10448,,,,
20250331,006490,프리티,6535,-95,85592,,,,
20250331,006570,대림통상,2475,60,7705,,,,
20250331,006650,대한유화,90500,-4500,39914,,,,
20250331,006660,삼성공조,14850,-230,532066,,,,
20250331,006740,블루산업개발,2204,-46,73650,,,,
20250331,006800,미래에셋증권,9130,-368,543399,,,,
20250331,006805,미래에셋증권우,4331,-133,82022,,,,
20250331,00680K,미래에셋증권2우B,3957,-93,291963,,,,
20250331,006840,AK홀딩스,9850,-240,2836,,,,
20250331,006880,신송홀딩스,6600,-260,107406,,,,
20250331,006890,태경케미컬,11390,-230,30518,,,,
20250331,006980,우성,14470,-390,1511,,,,
20250331,007070,GS리테일,14260,-420,202113,,,,
20250331,007110,일신석재,1764,-158,1881340,,,,
20250331,007120,미래아이앤지,787,17,138984,,,,
20250331,007160,사조산업,34300,600,8626,,,,
20250331,007210,벽산,2165,-10,246283,,,,
20250331,007280,한국특강,3272,-242,49925,,,,
20250331,007310,오뚜기,413500,-2000,2564,,,,
20250331,007340,DN오토모티브,20600,-550,29257,,,,
20250331,007460,에이프로젠,718,-20,1988110,,,,
20250331,007540,샘표,40250,-1150,2311,,,,
20250331,007570,일양약품,11053,-257,43888,,,,
20250331,007575,일양약품우,12038,-294,156,,,,
20250331,007590,동방아그로,5970,-10,4615,,,,
20250331,007610,선도전기,3000,0,0,,,,
20250331,007660,이수페타시스,35600,-2450,948066,,,,
20250331,007690,국도화학,29300,-800,5661,,,,
20250331,007700,F&F홀딩스,12050,-290,12887,,,,
20250331,007810,코리아써키트,10500,-660,75184,,,,
20250331,007815,코리아써우,5870,0,439,,,,
20250331,00781K,코리아써키트2우B,5290,-80,155,,,,
20250331,007860,서연,7270,-400,233301,,,,
20250331,007980,TP,1293,-36,173396,,,,
20250331,008040,사조동아원,1013,-21,551860,,,,
20250331,008060,대덕,7040,-110,328240,,,,
20250331,00806K,대덕1우,7100,-10,203,,,,
20250331,008250,이건산업,5020,-340,99566,,,,
20250331,008260,NI스틸,3230,-90,90508,,,,
20250331,008350,남선알미늄,1231,-46,520739,,,,
20250331,008355,남선알미우,13500,-60,716,,,,
20250331,008420,문배철강,2280,-115,118313,,,,
20250331,008490,서흥,13940,-340,12915,,,,
20250331,008600,윌비스,5243,1210,1943753,,,,
20250331,008700,아남전자,1415,-22,327573,,,,
20250331,008730,율촌화학,25900,-1300,108801,,,,
20250331,008770,호텔신라,38500,-1650,282401,,,,
20250331,008775,호텔신라우,32250,-650,3984,,,,
20250331,008870,금비,53500,-300,676,,,,
20250331,008930,한미사이언스,26350,-1200,119234,,,,
20250331,008970,KBI동양철관,2019,-166,27796021,,,,
20250331,009070,KCTC,3510,-140,100145,,,,
20250331,009140,경인전자,18520,-240,2886,,,,
20250331,009150,삼성전기,129100,-6800,340830,,,,
20250331,009155,삼성전기우,56600,-2900,9101,,,,
20250331,009160,SIMPAC,3740,-50,40255,,,,
20250331,009180,한솔로지스틱스,2105,-65,133859,,,,
20250331,009190,대양금속,1397,-23,128381,,,,
20250331,009200,무림페이퍼,2010,-35,71292,,,,
20250331,009240,한샘,40850,-1950,38903,,,,
20250331,009270,신원,1267,-35,424282,,,,
20250331,009290,광동제약,5150,-290,55010,,,,
20250331,009310,참엔지니어링,1520,-50,30130,,,,
20250331,009320,아진전자부품,1001,-12,55632,,,,
20250331,009410,태영건설,2555,-80,308049,,,,
20250331,009415,태영건설우,5070,-300,15576,,,,
20250331,009420,한올바이오파마,27450,-850,392234,,,,
20250331,009440,KC그린홀딩스,756,0,0,,,,
20250331,009450,경동나비엔,71800,-600,34601,,,,
20250331,009460,한창제지,3575,-75,8373,,,,
20250331,009470,삼화전기,29700,-1350,56175,,,,
20250331,009540,HD한국조선해양,201000,0,206415,,,,
20250331,009580,무림P&P,2985,5,837722,,,,
20250331,009680,모토닉,9040,-90,13661,,,,
20250331,009770,삼정펄프,25350,0,1612,,,,
20250331,009810,MDS스피어,3065,-60,17413,,,,
20250331,009830,한화솔루션,17365,-726,1304563,,,,
20250331,009835,한화솔루션우,15544,-605,5076,,,,
20250331,009900,명신산업,8370,-450,153092,,,,
20250331,009970,영원무역홀딩스,89500,-3800,22629,,,,
20250331,010040,한국내화,2100,-30,45828,,,,
20250331,010060,OCI홀딩스,64700,-5500,153725,,,,
20250331,010100,한국무브넥스,4220,-85,267120,,,,
20250331,010120,LS ELECTRIC,35060,-840,1541665,,,,
20250331,010130,고려아연,778000,12000,19946,,,,
20250331,010140,삼성중공업,13480,-350,6953048,,,,
20250331,010400,우진아이엔에스,2600,-110,5353,,,,
20250331,010580,에스엠벡셀,1202,-7,33064,,,,
20250331,010640,진양폴리,4586,-188,77445,,,,
20250331,010660,화천기계,3055,-90,189213,,,,
20250331,010690,화신,7690,-540,291303,,,,
20250331,010770,평화홀딩스,5230,-510,547110,,,,
20250331,010780,아이에스동서,16200,-470,39836,,,,
20250331,010820,퍼스텍,3390,-60,326005,,,,
20250331,010950,S-Oil,56100,-1200,219250,,,,
20250331,010955,S-Oil우,37150,-350,3741,,,,
20250331,010960,삼호개발,3030,0,18820,,,,
20250331,011000,진원생명과학,9980,-120,47000,,,,
20250331,011070,LG이노텍,159900,-5500,116732,,,,
20250331,011090,에넥스,2570,-10,41775,,,,
20250331,011150,CJ씨푸드,3045,-90,336711,,,,
20250331,011155,CJ씨푸드1우,19020,-1180,41113,,,,
20250331,011170,롯데케미칼,65400,-2400,205738,,,,
20250331,011200,HMM,19560,-110,1622658,,,,
20250331,011210,현대위아,44200,-1900,76549,,,,
20250331,011230,삼화전자,4285,-115,139518,,,,
20250331,011280,태림포장,1924,-86,229298,,,,
20250331,011300,우성머티리얼스,6130,-330,95414,,,,
20250331,011330,유니켐,13960,820,41499,,,,
20250331,011390,부산산업,64400,-3800,7952,,,,
20250331,011420,갤럭시아에스엠,1850,-103,280833,,,,
20250331,011500,한농화성,14520,-680,123526,,,,
20250331,011690,와이투솔루션,2090,-160,331352,,,,
20250331,011700,한신기계,2735,-120,115621,,,,
20250331,011760,현대코퍼레이션,21900,-500,23583,,,,
20250331,011780,금호석유화학,120700,-3000,151611,,,,
20250331,011785,금호석유화학우,52900,-1300,3759,,,,
20250331,011790,SKC,96719,-6674,471541,,,,
20250331,011810,STX,3565,-155,59807,,,,
20250331,011930,신성이엔지,11330,-450,52622,,,,
20250331,012030,DB,1211,-40,212444,,,,
20250331,012160,영흥,1955,-55,17048,,,,
20250331,012170,아센디오,3730,-190,530388,,,,
20250331,012200,계양전기,1342,-4,18664,,,,
20250331,012205,계양전기우,3263,58,309,,,,
20250331,012280,영화금속,778,-3,93775,,,,
20250331,012320,경동인베스트,60000,-1600,5873,,,,
20250331,012330,현대모비스,260500,-7000,179462,,,,
20250331,012450,한화에어로스페이스,617410,-2954,310032,,,,
20250331,012610,경인양행,2915,-65,54803,,,,
20250331,012630,HDC,14890,140,214382,,,,
20250331,012690,모나리자,2700,-50,1265297,,,,
20250331,012750,에스원,64400,-100,29307,,,,
20250331,012800,대창,1282,-57,1277118,,,,
20250331,013000,세우글로벌,1217,-45,18833,,,,
20250331,013360,일성건설,3225,-125,1607648,,,,
20250331,013520,화승코퍼레이션,1621,-59,32066,,,,
20250331,013570,디와이,3790,-145,46516,,,,
20250331,013580,계룡건설,12800,-260,12234,,,,
20250331,013700,까뮤이앤씨,1150,-13,90864,,,,
20250331,013870,지엠비코리아,3755,-10,7903,,,,
20250331,013890,지누스,19900,-650,61210,,,,
20250331,014130,한익스프레스,3310,0,20247,,,,
20250331,014160,대영포장,1260,-55,729471,,,,
20250331,014280,금강공업,4300,-640,5475915,,,,
20250331,014285,금강공업우,6630,-370,8167,,,,
20250331,014440,영보화학,4300,-110,70272,,,,
20250331,014530,극동유화,3320,5,228894,,,,
20250331,014580,태경비케이,4475,-425,1450857,,,,
20250331,014680,한솔케미칼,118300,-3000,42489,,,,
20250331,014710,사조씨푸드,4710,-260,78513,,,,
20250331,014790,HL D&I,2190,-25,41701,,,,
20250331,014820,동원시스템즈,32650,-1750,36858,,,,
20250331,014825,동원시스템즈우,17250,-650,1328,,,,
20250331,014830,유니드,71100,-2600,18651,,,,
20250331,014910,성문전자,1085,-28,56122,,,,
20250331,014915,성문전자우,4400,-10,3958,,,,
20250331,014990,인디에프,3525,-75,32215,,,,
20250331,015020,이스타코,3028,-96,1170087,,,,
20250331,015230,대창단조,4730,-165,92582,,,,
20250331,015260,에이엔피,466,-9,34274,,,,
20250331,015360,INVENI,9190,20,27300,,,,
20250331,015590,DKME,2575,0,0,,,,
20250331,015760,한국전력,21650,-450,1201635,,,,
20250331,015860,일진홀딩스,3545,-50,43158,,,,
20250331,015890,태경산업,4720,-75,32413,,,,
20250331,016090,대현,1994,-21,82068,,,,
20250331,016360,삼성증권,45250,-600,194824,,,,
20250331,016380,KG스틸,5860,-290,125692,,,,
20250331,016450,한세예스24홀딩스,3765,-110,52711,,,,
20250331,016580,환인제약,11140,-270,22304,,,,
20250331,016590,신대양제지,6900,-40,42019,,,,
20250331,016610,DB증권,5340,-110,75237,,,,
20250331,016710,대성홀딩스,6950,-70,21466,,,,
20250331,016740,두올,3015,-40,95758,,,,
20250331,016800,퍼시스,41800,-50,217,,,,
20250331,016880,웅진,817,-14,267551,,,,
20250331,017040,광명전기,1263,-37,111073,,,,
20250331,017180,명문제약,1548,-41,111847,,,,
20250331,017370,우신시스템,5720,-270,72228,,,,
20250331,017390,서울가스,48700,-150,2199,,,,
20250331,017550,수산세보틱스,1757,-34,77629,,,,
20250331,017670,SK텔레콤,55500,-200,494539,,,,
20250331,017800,현대엘리베이터,54100,-1100,78867,,,,
20250331,017810,풀무원,15350,-400,91005,,,,
20250331,017860,DS단석,22678,-2278,284994,,,,
20250331,017900,광전자,1700,-33,77988,,,,
20250331,017940,E1,59100,-900,10881,,,,
20250331,017960,한국카본,13540,-90,318943,,,,
20250331,018250,애경산업,13040,-560,50312,,,,
20250331,018260,삼성에스디에스,116200,-2400,132533,,,,
20250331,018470,조일알미늄,1490,-69,357247,,,,
20250331,018500,동원모빌리티,1595,-95,986101,,,,
20250331,018670,SK가스,247000,8000,22284,,,,
20250331,018880,한온시스템,3378,-112,1019365,,,,
20250331,019170,신풍제약,7460,-130,99646,,,,
20250331,019175,신풍제약우,11410,-370,2079,,,,
20250331,019180,티에이치엔,2980,-45,75642,,,,
20250331,019490,엑시큐어하이트론,714,0,890755,,,,
20250331,019680,대교,2085,-40,14846,,,,
20250331,019685,대교우B,1267,-1,19387,,,,
20250331,020000,한섬,15310,-280,21092,,,,
20250331,020120,키다리스튜디오,3135,0,87318,,,,
20250331,020150,롯데에너지머티리얼즈,22450,-1600,134339,,,,
20250331,020560,아시아나항공,9950,-310,99391,,,,
20250331,020760,일진디스플,786,-6,24400,,,,
20250331,021050,서원,1187,-45,293377,,,,
20250331,021240,코웨이,81000,-4000,264180,,,,
20250331,021820,세원정공,7740,-120,11521,,,,
20250331,022100,포스코DX,24400,-900,1012894,,,,
20250331,023000,삼원강재,2330,-20,14125,,,,
20250331,023150,MH에탄올,4900,-100,4842,,,,
20250331,023350,한국종합기술,4955,-265,119864,,,,
20250331,023450,동남합성,33500,250,934,,,,
20250331,023530,롯데쇼핑,60600,-2900,75308,,,,
20250331,023590,다우기술,19740,-190,57929,,,,
20250331,023800,인지컨트롤스,5590,-200,40937,,,,
20250331,023810,인팩,5620,0,15878,,,,
20250331,023960,에쓰씨엔지니어링,1220,-36,94524,,,,
20250331,024070,WISCOM,1808,-57,3861,,,,
20250331,024090,디씨엠,11950,-130,3512,,,,
20250331,024110,기업은행,14220,-320,1459126,,,,
20250331,024720,콜마홀딩스,9720,730,9071696,,,,
20250331,024890,대원화성,4405,-85,32924,,,,
20250331,024900,디와이덕양,2675,-80,56781,,,,
20250331,025000,KPX케미칼,40419,-519,3924,,,,
20250331,025530,SJM홀딩스,3045,-90,18392,,,,
20250331,025540,한국단자,66900,-1100,40054,,,,
20250331,025560,미래산업,2659,-38,89650,,,,
20250331,025620,차AI헬스케어,4460,-140,140976,,,,
20250331,025750,한솔홈데코,4030,-170,108763,,,,
20250331,025820,이구산업,4730,-450,1678418,,,,
20250331,025860,남해화학,6210,-310,363369,,,,
20250331,025890,한국주강,1727,-4,11475,,,,
20250331,026890,스틱인베스트먼트,8550,-580,345263,,,,
20250331,026940,부국철강,2280,-50,49746,,,,
20250331,026960,동서,26650,-1550,143522,,,,
20250331,027410,BGF,3400,-50,25272,,,,
20250331,027740,마니커,1716,-54,68160,,,,
20250331,027970,한국제지,3850,-75,14079,,,,
20250331,028050,삼성E&A,19780,-90,1210914,,,,
20250331,028100,동아지질,12930,-110,14522,,,,
20250331,028260,삼성물산,116900,-3000,353978,,,,
20250331,02826K,삼성물산우B,87200,-1600,2029,,,,
20250331,028670,팬오션,3375,0,1617679,,,,
20250331,029460,케이씨,17740,-100,6961,,,,
20250331,029530,신도리코,37600,-150,11034,,,,
20250331,029780,삼성카드,40050,-500,97606,,,,
20250331,030000,제일기획,18020,60,267092,,,,
20250331,030190,NICE평가정보,11660,-240,56068,,,,
20250331,030200,KT,49600,-250,296509,,,,
20250331,030210,다올투자증권,3485,15,532176,,,,
20250331,030610,교보증권,5790,-170,126344,,,,
20250331,030720,동원수산,4725,-205,12904,,,,
20250331,031210,서울보증보험,33950,-800,497398,,,,
20250331,031430,신세계인터내셔날,9460,-500,247111,,,,
20250331,031820,아이티센씨티에스,5800,50,23493,,,,
20250331,032350,롯데관광개발,7990,20,327844,,,,
20250331,032560,황금에스티,5020,10,39538,,,,
20250331,032640,LG유플러스,10300,-70,813812,,,,
20250331,032830,삼성생명,82900,-2400,306623,,,,
20250331,033240,자화전자,12020,-280,92674,,,,
20250331,033250,체시스,5130,-280,87888,,,,
20250331,033270,유나이티드제약,19450,-300,26782,,,,
20250331,033530,SJG세종,4000,-155,77304,,,,
20250331,033780,KT&G,101100,-1600,289959,,,,
20250331,033920,무학,6450,-30,43964,,,,
20250331,034020,두산에너빌리티,23450,-900,4304162,,,,
20250331,034120,SBS,17350,-780,59927,,,,
20250331,034220,LG디스플레이,8810,-300,1587799,,,,
20250331,034230,파라다이스,10930,-70,287737,,,,
20250331,034310,NICE,10970,-150,13860,,,,
20250331,034590,인천도시가스,24400,-300,4642,,,,
20250331,034730,SK,129600,-7400,228671,,,,
20250331,03473K,SK우,117100,-5900,2425,,,,
20250331,034830,한국토지신탁,992,-3,252831,,,,
20250331,035000,HS애드,6660,-40,22334,,,,
20250331,035150,백산,14700,-50,66191,,,,
20250331,035250,강원랜드,16660,-90,832506,,,,
20250331,035420,NAVER,191000,-3700,668750,,,,
20250331,035510,신세계 I&C,11820,-500,90429,,,,
20250331,035720,카카오,39100,-2050,1711143,,,,
20250331,036420,콘텐트리중앙,7910,-230,29155,,,,
20250331,036460,한국가스공사,35650,400,361868,,,,
20250331,036530,SNT홀딩스,31850,-250,47969,,,,
20250331,036570,NC,149400,-9700,158978,,,,
20250331,036580,팜스코,2020,-35,21277,,,,
20250331,037270,YG PLUS,4990,-130,1137871,,,,
20250331,037560,LG헬로비전,2260,-90,167698,,,,
20250331,037710,광주신세계,27300,-450,41709,,,,
20250331,039130,하나투어,53800,-400,37683,,,,
20250331,039490,키움증권,126900,-2800,87377,,,,
20250331,039570,HDC랩스,8040,-60,23918,,,,
20250331,041650,상신브레이크,2945,-30,44045,,,,
20250331,042660,한화오션,67100,100,2457580,,,,
20250331,042700,한미반도체,68200,-8300,2451138,,,,
20250331,044380,주연테크,1600,0,12378,,,,
20250331,044450,KSS해운,8570,-60,29521,,,,
20250331,044820,코스맥스비티아이,10330,-110,38083,,,,
20250331,047040,대우건설,3150,-60,809936,,,,
20250331,047050,포스코인터내셔널,49250,-1950,562475,,,,
20250331,047400,유니온머티리얼,1948,-34,331815,,,,
20250331,047810,한국항공우주,75000,300,1374714,,,,
20250331,049800,우진플라임,2020,10,12671,,,,
20250331,051600,한전KPS,41800,-50,98405,,,,
20250331,051630,진양화학,3190,-175,92058,,,,
20250331,051900,LG생활건강,312500,-19000,67361,,,,
20250331,051905,LG생활건강우,121700,-7000,10520,,,,
20250331,051910,LG화학,245000,-14000,376594,,,,
20250331,051915,LG화학우,115300,-4800,44656,,,,
20250331,052690,한전기술,57500,-1400,111762,,,,
20250331,053210,스카이라이프,4510,-45,25534,,,,
20250331,053690,한미글로벌,14940,-490,42979,,,,
20250331,055490,테이팩스,12700,-430,13068,,,,
20250331,055550,신한지주,47050,-750,1352535,,,,
20250331,058430,포스코스틸리온,3750,-160,340640,,,,
20250331,058650,세아홀딩스,94500,1300,79,,,,
20250331,058730,다스코,2810,-40,118355,,,,
20250331,058850,KTcs,2470,-40,160721,,,,
20250331,058860,KTis,2425,-45,164080,,,,
20250331,060980,HL홀딩스,34550,-700,16836,,,,
20250331,062040,산일전기,51400,-3500,327526,,,,
20250331,063160,종근당바이오,19890,-310,6445,,,,
20250331,064350,현대로템,105000,3300,1347699,,,,
20250331,064400,LG씨엔에스,49000,-800,220463,,,,
20250331,064960,SNT모티브,25800,-900,46318,,,,
20250331,066570,LG전자,77200,-2800,527303,,,,
20250331,066575,LG전자우,37800,-1000,20657,,,,
20250331,066970,엘앤에프,59800,-4900,417374,,,,
20250331,067830,세이브존I&C,2175,-40,9335,,,,
20250331,068270,셀트리온,155158,-7436,672530,,,,
20250331,068290,삼성출판사,14420,-420,9135,,,,
20250331,069260,TKG휴켐스,15700,-250,62864,,,,
20250331,069460,대호에이엘,7625,65,133293,,,,
20250331,069620,대웅제약,113000,-3500,18348,,,,
20250331,069640,한세엠케이,1970,-36,9366,,,,
20250331,069730,DSR제강,3275,-110,20021,,,,
20250331,069960,현대백화점,59900,300,130981,,,,
20250331,070960,모나용평,3565,-135,147667,,,,
20250331,071050,한국금융지주,73000,-1700,108149,,,,
20250331,071055,한국금융지주우,54600,-1600,27045,,,,
20250331,071090,하이스틸,3515,-150,661719,,,,
20250331,071320,지역난방공사,49550,-750,34111,,,,
20250331,071840,롯데하이마트,7040,-170,34421,,,,
20250331,071950,코아스,8870,-10,5858,,,,
20250331,071970,HD현대마린엔진,26500,950,500618,,,,
20250331,072130,유엔젤,5150,0,105927,,,,
20250331,072710,농심홀딩스,64900,-1100,5628,,,,
20250331,073240,금호타이어,4735,-115,440465,,,,
20250331,074610,이엔플러스,5450,-70,61373,,,,
20250331,075180,새론오토모티브,3310,-40,8467,,,,
20250331,075580,세진중공업,6580,-210,279686,,,,
20250331,077500,유니퀘스트,5220,-250,178905,,,,
20250331,077970,STX엔진,20800,350,225080,,,,
20250331,078000,텔코웨어,8760,-30,12219,,,,
20250331,078520,에이블씨엔씨,6400,-250,112018,,,,
20250331,078930,GS,36800,-500,261518,,,,
20250331,078935,GS우,36200,-300,7877,,,,
20250331,079160,CJ CGV,4425,-250,300613,,,,
20250331,079430,현대리바트,6910,-130,26448,,,,
20250331,079550,LIG디펜스앤에어로스페이스,248000,5000,144978,,,,
20250331,079900,전진건설로봇,40900,-1150,136791,,,,
20250331,079980,휴비스,2560,-110,88576,,,,
20250331,081000,일진다이아,10780,-260,13879,,,,
20250331,081660,미스토홀딩스,37950,-1100,200966,,,,
20250331,082640,동양생명,5110,-10,125958,,,,
20250331,082740,한화엔진,21250,300,993223,,,,
20250331,083420,그린케미칼,5550,-260,116411,,,,
20250331,084010,대한제강,10302,-154,38303,,,,
20250331,084670,동양고속,6920,-20,929,,,,
20250331,084680,이월드,1270,25,5651233,,,,
20250331,084690,대상홀딩스,11080,-1040,633703,,,,
20250331,084695,대상홀딩스우,21750,-1000,12703,,,,
20250331,084870,TBH글로벌,1157,-8,16065,,,,
20250331,085310,엔케이,7990,-250,19305,,,,
20250331,085620,미래에셋생명,4470,15,22599,,,,
20250331,086280,현대글로비스,112400,-2400,155261,,,,
20250331,086790,하나금융지주,59600,-1700,805310,,,,
20250331,088260,이리츠코크렙,4280,-25,28823,,,,
20250331,088350,한화생명,2545,-25,914009,,,,
20250331,088790,진도,1738,-8,13936,,,,
20250331,088980,맥쿼리인프라,10870,-80,702558,,,,
20250331,089470,HDC현대EP,3405,-60,12427,,,,
20250331,089590,제주항공,6730,-90,104266,,,,
20250331,089860,롯데렌탈,28300,-200,33880,,,,
20250331,090080,평화산업,1053,-19,522445,,,,
20250331,090350,노루페인트,7430,-170,52196,,,,
20250331,090355,노루페인트우,12800,0,43,,,,
20250331,090370,메타랩스,1445,-24,21646,,,,
20250331,090430,아모레퍼시픽,101400,-3100,551781,,,,
20250331,090435,아모레퍼시픽우,33300,-850,24338,,,,
20250331,090460,비에이치,13680,-550,186070,,,,
20250331,091810,트리니티항공,2014,-62,720072,,,,
20250331,092200,디아이씨,4050,-495,474399,,,,
20250331,092220,KEC,3580,-165,134276,,,,
20250331,092230,KPX홀딩스,54700,0,1931,,,,
20250331,092440,기신정기,2220,-105,57248,,,,
20250331,092780,DYP,4535,-15,4612,,,,
20250331,092790,넥스틸,12160,-510,673112,,,,
20250331,093050,LF,14490,-170,29429,,,,
20250331,093240,형지엘리트,2177,131,20384285,,,,
20250331,093370,후성,4510,-200,392194,,,,
20250331,094280,효성ITX,11770,-50,6166,,,,
20250331,094800,맵스리얼티,4185,-65,48563,,,,
20250331,095570,AJ네트웍스,3680,-10,66346,,,,
20250331,095720,웅진씽크빅,2932,-98,56885,,,,
20250331,096760,JW홀딩스,2970,-40,59554,,,,
20250331,096770,SK이노베이션,112400,-8600,322282,,,,
20250331,096775,SK이노베이션우,74200,-2000,1318,,,,
20250331,097230,HJ중공업,5900,-250,793098,,,,
20250331,097520,엠씨넥스,23350,-650,31378,,,,
20250331,097950,CJ제일제당,246500,-8000,47600,,,,
20250331,097955,CJ제일제당 우,132900,-2600,2754,,,,
20250331,100090,SK오션플랜트,12250,-650,211971,,,,
20250331,100220,비상교육,4570,-45,14192,,,,
20250331,100250,진양홀딩스,2882,-9,48189,,,,
20250331,100840,SNT에너지,31200,1500,275496,,,,
20250331,101140,인바이오젠,7250,-60,7162,,,,
20250331,101530,해태제과식품,6520,-130,89288,,,,
20250331,102260,동성케미컬,3602,-74,54003,,,,
20250331,102460,이연제약,11210,-380,49021,,,,
20250331,103140,풍산,62000,400,204867,,,,
20250331,103590,일진전기,24900,-400,258611,,,,
20250331,104700,한국철강,7870,-120,20309,,,,
20250331,105560,KB금융,79000,300,1578278,,,,
20250331,105630,한세실업,11130,-380,102737,,,,
20250331,105840,우진,6900,-210,58808,,,,
20250331,107590,미원홀딩스,72900,0,390,,,,
20250331,108320,LX세미콘,53700,-2300,29564,,,,
20250331,108670,LX하우시스,29350,-50,25077,,,,
20250331,108675,LX하우시스우,17650,-110,1258,,,,
20250331,109070,주성코퍼레이션,1053,-227,6863316,,,,
20250331,111110,호전실업,8000,50,96752,,,,
20250331,111380,동인기연,14660,-370,7772,,,,
20250331,111770,영원무역,49000,-50,58205,,,,
20250331,112610,씨에스윈드,33900,-1400,181006,,,,
20250331,114090,GKL,10690,-150,87047,,,,
20250331,117580,대성에너지,7730,30,88403,,,,
20250331,118000,메타케어,3020,-10,56293,,,,
20250331,119650,KC코트렐,918,0,0,,,,
20250331,120030,조선선재,93900,-1600,1927,,,,
20250331,120110,코오롱인더,29200,-1200,80086,,,,
20250331,120115,코오롱인더우,18930,-380,5204,,,,
20250331,122900,아이마켓코리아,7750,-30,24946,,,,
20250331,123690,한국화장품,6350,-250,81673,,,,
20250331,123700,SJM,2920,-50,9450,,,,
20250331,123890,한국자산신탁,2360,-45,199194,,,,
20250331,126560,현대퓨처넷,2915,-5,53847,,,,
20250331,126720,수산인더스트리,19000,-440,35424,,,,
20250331,128820,대성산업,3222,-159,166039,,,,
20250331,128940,한미약품,225500,-8500,48139,,,,
20250331,129260,인터지스,2240,-125,72654,,,,
20250331,130660,한전산업,9550,-400,92496,,,,
20250331,133820,화인베스틸,810,-7,121353,,,,
20250331,134380,미원화학,7820,-50,2940,,,,
20250331,134790,시디즈,25750,-700,8076,,,,
20250331,136490,선진,5280,-200,71631,,,,
20250331,137310,에스디바이오센서,9210,-260,110717,,,,
20250331,138040,메리츠금융지주,122000,-1000,227243,,,,
20250331,138930,BNK금융지주,10250,-70,1292951,,,,
20250331,139130,iM금융지주,8980,-60,496538,,,,
20250331,139480,이마트,81100,-200,174463,,,,
20250331,139990,아주스틸,4000,30,15526,,,,
20250331,143210,핸즈코퍼레이션,1710,-6,4095,,,,
20250331,145210,다이나믹디자인,7200,-120,18051,,,,
20250331,145270,케이탑리츠,960,-4,96094,,,,
20250331,145720,덴티움,71100,-3700,56432,,,,
20250331,145990,삼양사,43900,-1200,10815,,,,
20250331,145995,삼양사우,29750,-50,342,,,,
20250331,155660,DSR,3635,-85,20465,,,,
20250331,161000,애경케미칼,6520,-290,111536,,,,
20250331,161390,한국타이어앤테크놀로지,39450,-600,313228,,,,
20250331,161890,한국콜마,62700,-1600,152708,,,,
20250331,163560,동일고무벨트,6910,-160,39788,,,,
20250331,170900,동아에스티,42011,-763,14536,,,,
20250331,175330,JB금융지주,17410,-30,382734,,,,
20250331,178920,PI첨단소재,16260,-250,87722,,,,
20250331,180640,한진칼,81100,-100,58675,,,,
20250331,18064K,한진칼우,22400,-300,524,,,,
20250331,181710,NHN,17560,-520,72727,,,,
20250331,183190,아세아시멘트,10010,-110,38910,,,,
20250331,185750,종근당,77800,-1000,29829,,,,
20250331,192080,더블유게임즈,49850,-850,29490,,,,
20250331,192400,쿠쿠홀딩스,22200,-150,6449,,,,
20250331,192650,드림텍,6520,-240,192556,,,,
20250331,192820,코스맥스,164400,-7700,88702,,,,
20250331,194370,제이에스코퍼레이션,8590,-175,158930,,,,
20250331,195870,해성디에스,26150,-1200,67516,,,,
20250331,200880,서연이화,12320,-580,128574,,,,
20250331,204320,HL만도,38600,-1400,157243,,,,
20250331,207940,삼성바이오로직스,1492348,-51511,37714,,,,
20250331,210540,디와이파워,11740,-260,13272,,,,
20250331,210980,SK디앤디,8100,-110,41605,,,,
20250331,213500,한솔제지,8110,-150,68807,,,,
20250331,214320,이노션,17480,-460,124349,,,,
20250331,214330,금호에이치티,14933,0,17803,,,,
20250331,214390,경보제약,5250,-70,21435,,,,
20250331,214420,토니모리,8900,-220,463435,,,,
20250331,226320,잇츠한불,10740,-510,26019,,,,
20250331,227840,현대코퍼레이션홀딩스,10380,50,13887,,,,
20250331,229640,LS에코에너지,30500,-950,99777,,,,
20250331,234080,JW생명과학,10960,-240,51938,,,,
20250331,241560,두산밥캣,50000,-1100,350990,,,,
20250331,241590,화승엔터프라이즈,8320,-210,159303,,,,
20250331,244920,에이플러스에셋,3995,-170,81437,,,,
20250331,248070,솔루엠,16660,-360,155474,,,,
20250331,248170,샘표식품,24950,-700,8227,,,,
20250331,249420,일동제약,11110,120,51901,,,,
20250331,251270,넷마블,39150,-1550,144607,,,,
20250331,259960,크래프톤,334500,-24500,294979,,,,
20250331,264900,크라운제과,7830,-220,29709,,,,
20250331,26490K,크라운제과우,9150,-120,7462,,,,
20250331,267250,HD현대,72500,-1700,163609,,,,
20250331,267260,HD현대일렉트릭,292000,-13000,418004,,,,
20250331,267270,HD건설기계,65700,-1400,67762,,,,
20250331,267290,경동도시가스,17420,-160,7782,,,,
20250331,267850,아시아나IDT,10470,-440,14490,,,,
20250331,268280,미원에스씨,149500,-1400,1648,,,,
20250331,271560,오리온,117900,0,99180,,,,
20250331,271940,일진하이솔루스,13180,-420,74905,,,,
20250331,271980,제일약품,14640,2280,3131178,,,,
20250331,272210,한화시스템,32100,150,2240152,,,,
20250331,272450,진에어,9250,-180,69037,,,,
20250331,272550,삼양패키징,13820,-160,20233,,,,
20250331,278470,에이피알,69800,-500,374006,,,,
20250331,280360,롯데웰푸드,116400,-1100,14486,,,,
20250331,281820,케이씨텍,32600,-1350,52290,,,,
20250331,282330,BGF리테일,109400,400,49566,,,,
20250331,284740,쿠쿠홈시스,20700,-500,20821,,,,
20250331,285130,SK케미칼,39300,-1200,39920,,,,
20250331,28513K,SK케미칼우,19000,-450,2140,,,,
20250331,286940,롯데이노베이트,17800,-800,17271,,,,
20250331,293480,하나제약,10250,-130,22210,,,,
20250331,293940,신한알파리츠,5510,-160,274954,,,,
20250331,294870,IPARK현대산업개발,20000,-800,190790,,,,
20250331,298000,효성화학,77800,0,0,,,,
20250331,298020,효성티앤씨,217000,-11000,13954,,,,
20250331,298040,효성중공업,428500,-2000,42867,,,,
20250331,298050,HS효성첨단소재,174200,-5800,10170,,,,
20250331,298690,에어부산,2045,-20,105528,,,,
20250331,300720,한일시멘트,15870,-510,74150,,,,
20250331,302440,SK바이오사이언스,39200,-1250,147011,,,,
20250331,306200,세아제강,183000,0,17561,,,,
20250331,307950,현대오토에버,119300,-8700,65753,,,,
20250331,308170,씨티알모빌리티,5150,-200,12687,,,,
20250331,316140,우리금융지주,16500,-150,1390399,,,,
20250331,317400,자이에스앤디,3170,-45,25392,,,,
20250331,322000,HD현대에너지솔루션,22200,-1450,66167,,,,
20250331,323410,카카오뱅크,22050,-700,561455,,,,
20250331,326030,SK바이오팜,99300,-1500,129572,,,,
20250331,329180,HD현대중공업,279000,-1000,244537,,,,
20250331,330590,롯데리츠,3480,-50,203961,,,,
20250331,334890,이지스밸류플러스리츠,4543,10,74692,,,,
20250331,336260,두산퓨얼셀,13910,-990,357710,,,,
20250331,33626K,두산퓨얼셀1우,4370,-10,6551,,,,
20250331,33626L,두산퓨얼셀2우B,7050,-80,2868,,,,
20250331,336370,솔루스첨단소재,7690,-530,149524,,,,
20250331,33637K,솔루스첨단소재1우,1715,-109,38338,,,,
20250331,33637L,솔루스첨단소재2우B,3730,25,2490,,,,
20250331,338100,NH프라임리츠,4415,-20,42978,,,,
20250331,339770,교촌에프앤비,5840,40,129121,,,,
20250331,344820,KCC글라스,30900,-1150,42143,,,,
20250331,348950,제이알글로벌리츠,2620,-60,293171,,,,
20250331,350520,이지스레지던스리츠,4080,-45,64895,,,,
20250331,352820,하이브,235500,-5000,129001,,,,
20250331,353200,대덕전자,15700,-1070,324681,,,,
20250331,35320K,대덕전자1우,7650,-40,891,,,,
20250331,357120,코람코라이프인프라리츠,4380,-80,64024,,,,
20250331,357250,미래에셋맵스리츠,2650,-20,37006,,,,
20250331,357430,마스턴프리미어리츠,1486,-5,16104,,,,
20250331,361610,SK아이이테크놀로지,22250,-1250,212112,,,,
20250331,363280,티와이홀딩스,2145,-45,9402,,,,
20250331,36328K,티와이홀딩스우,3620,-30,669,,,,
20250331,365550,ESR켄달스퀘어리츠,4678,-100,124571,,,,
20250331,372910,한컴라이프케어,3100,-260,879910,,,,
20250331,373220,LG에너지솔루션,334500,-21500,575113,,,,
20250331,375500,DL이앤씨,41600,-600,155039,,,,
20250331,37550K,DL이앤씨우,16780,-420,5730,,,,
20250331,37550L,DL이앤씨2우(전환),26000,-700,3962,,,,
20250331,377190,디앤디플랫폼리츠,3120,-60,45569,,,,
20250331,377300,카카오페이,28600,-1550,272989,,,,
20250331,377740,바이오노트,4675,-95,65387,,,,
20250331,378850,화승알앤에이,2945,-115,96871,,,,
20250331,381970,케이카,12940,-160,48035,,,,
20250331,383220,F&F,63400,-400,74353,,,,
20250331,383800,LX홀딩스,6420,-130,78530,,,,
20250331,38380K,LX홀딩스1우,7950,80,1575,,,,
20250331,395400,SK리츠,4915,-45,280653,,,,
20250331,396690,미래에셋글로벌리츠,2590,-60,79215,,,,
20250331,400760,NH올원리츠,3502,-15,79403,,,,
20250331,402340,SK스퀘어,93400,-2600,453797,,,,
20250331,403550,쏘카,14250,200,6963,,,,
20250331,404990,신한서부티엔디리츠,3285,0,81454,,,,
20250331,415640,KB발해인프라,7570,-60,37356,,,,
20250331,417310,코람코더원리츠,4915,5,22346,,,,
20250331,432320,KB스타리츠,3775,-65,58800,,,,
20250331,443060,HD현대마린솔루션,133800,-5600,80541,,,,
20250331,446070,유니드비티플러스,3815,-245,47446,,,,
20250331,448730,삼성FN리츠,4545,-30,36279,,,,
20250331,450080,에코프로머티,57800,-6300,751121,,,,
20250331,451800,한화리츠,3855,-35,229321,,,,
20250331,452260,한화갤러리아,1114,-25,589888,,,,
20250331,45226K,한화갤러리아우,2385,-20,2615,,,,
20250331,453340,현대그린푸드,14280,-150,33757,,,,
20250331,454910,두산로보틱스,50200,-1800,241975,,,,
20250331,456040,OCI,54400,-1500,25850,,,,
20250331,457190,이수스페셜티케미컬,42450,-3350,416629,,,,
20250331,460850,동국씨엠,6550,-70,81472,,,,
20250331,460860,동국제강,8850,-270,122714,,,,
20250331,462520,조선내화,13050,-520,13276,,,,
20250331,462870,시프트업,55700,200,124179,,,,
20250331,465770,STX그린로지스,9160,-640,606151,,,,
20250331,475150,SK이터닉스,12510,-630,135089,,,,
20250331,475560,더본코리아,28950,-1100,155423,,,,
20250331,480370,씨케이솔루션,4505,-290,859237,,,,
20250331,481850,신한글로벌액티브리츠,1536,-23,46241,,,,
20250331,484870,엠앤씨솔루션,26266,600,252690,,,,
20250331,487570,HS효성,39400,-800,21825,,,,
20250331,489790,한화비전,56700,900,1086989,,,,
20250331,499790,GS피앤엘,17260,-520,36883,,,,
20250331,900140,엘브이엠씨홀딩스,1753,-10,614209,,,,
20250331,950210,프레스티지바이오파마,13780,460,274938,,,,
