date,ticker,name,close,change,volume,indiv,organ,frgn,foreign_ratio
20260303,000020,동화약품,6150,-150,161448,,,,
20260303,000040,KR모터스,1925,-55,55217,,,,
20260303,000050,경방,9900,-300,203262,,,,
20260303,000070,삼양홀딩스,74100,-400,51799,,,,
20260303,000080,하이트진로,17350,-420,283538,,,,
20260303,000087,하이트진로2우B,14190,-170,8559,,,,
20260303,000100,유한양행,106500,-3700,487641,,,,
20260303,000105,유한양행우,90400,-3600,8411,,,,
20260303,000120,CJ대한통운,127800,-4200,83533,,,,
20260303,000140,하이트진로홀딩스,9520,-220,49032,,,,
20260303,000145,하이트진로홀딩스우,11500,-230,1267,,,,
20260303,000150,두산,1152000,-126000,167205,,,,
20260303,000155,두산우,553000,-60000,41710,,,,
20260303,000157,두산2우B,512000,-55000,2607,,,,
20260303,000180,성창기업지주,8150,-185,32507,,,,
20260303,000210,DL,48300,-3400,242628,,,,
20260303,000215,DL우,24600,-1150,21568,,,,
20260303,000220,유유제약,4460,-155,154566,,,,
20260303,000225,유유제약1우,4780,-105,29660,,,,
20260303,000227,유유제약2우B,10320,-50,1739,,,,
20260303,000230,일동홀딩스,11110,-430,47512,,,,
20260303,000240,한국앤컴퍼니,28700,-2600,370591,,,,
20260303,000270,기아,182300,-23200,3431157,,,,
20260303,000300,DH오토넥스,4200,0,0,,,,
20260303,000320,노루홀딩스,24550,-2350,64494,,,,
20260303,000325,노루홀딩스우,30800,-1500,384,,,,
20260303,000370,한화손해보험,7230,-380,1661999,,,,
20260303,000390,SP삼화,8270,-400,800484,,,,
20260303,000400,롯데손해보험,2140,-160,3048453,,,,
20260303,000430,대원강업,4110,-310,268616,,,,
20260303,000480,CR홀딩스,4945,-115,60373,,,,
20260303,000490,대동,10510,-790,778703,,,,
20260303,000500,가온전선,60903,-4945,162043,,,,
20260303,000520,삼일제약,10710,-470,367819,,,,
20260303,000540,흥국화재,4950,-300,564110,,,,
20260303,000545,흥국화재우,7270,-590,28546,,,,
20260303,000590,CS홀딩스,84800,-3000,2046,,,,
20260303,000640,동아쏘시오홀딩스,111204,-2331,17130,,,,
20260303,000650,천일고속,250000,-20500,12225,,,,
20260303,000660,SK하이닉스,939000,-122000,6818327,,,,
20260303,000670,영풍,61400,-3200,68758,,,,
20260303,000680,LS네트웍스,3275,-160,448621,,,,
20260303,000700,유수홀딩스,6210,10,103024,,,,
20260303,000720,현대건설,150500,-14200,2187209,,,,
20260303,000725,현대건설우,69200,-9700,41764,,,,
20260303,000760,이화산업,15790,-1210,6055,,,,
20260303,000810,삼성화재,522000,-8000,126819,,,,
20260303,000815,삼성화재우,401500,-10000,20659,,,,
20260303,000850,화천기공,38850,-1100,20334,,,,
20260303,000860,강남제비스코,17260,-490,51365,,,,
20260303,000880,한화,166266,2281,799597,,,,
20260303,00088K,한화3우B,55678,-805,182212,,,,
20260303,000890,보해양조,2425,-45,303552,,,,
20260303,000910,유니온,4265,-50,157288,,,,
20260303,000950,전방,38900,-1200,3147,,,,
20260303,000970,한국주철관,6830,-140,52447,,,,
20260303,000990,DB하이텍,90500,-5200,713698,,,,
20260303,001020,페이퍼코리아,4005,-240,1945909,,,,
20260303,001040,CJ,207000,-11500,162942,,,,
20260303,001045,CJ우,95600,-3600,9251,,,,
20260303,00104K,CJ4우(전환),174000,-7600,7462,,,,
20260303,001060,JW중외제약,33800,-2400,174024,,,,
20260303,001065,JW중외제약우,27850,-950,473,,,,
20260303,001067,JW중외제약2우B,58200,0,9,,,,
20260303,001070,대한방직,7110,-360,88050,,,,
20260303,001080,만호제강,5440,0,0,,,,
20260303,001120,LX인터내셔널,43200,600,275617,,,,
20260303,001130,대한제분,15310,-250,63970,,,,
20260303,001200,유진투자증권,4845,-455,3359349,,,,
20260303,001210,금호전기,4155,-535,388083,,,,
20260303,001230,동국홀딩스,2185,-16,2085133,,,,
20260303,001250,GS글로벌,2575,-25,4452085,,,,
20260303,001260,남광토건,8450,-340,75147,,,,
20260303,001270,부국증권,79700,-10600,70350,,,,
20260303,001275,부국증권우,34100,-750,6293,,,,
20260303,001290,상상인증권,1250,-250,6885586,,,,
20260303,001340,PKC,6610,-280,495674,,,,
20260303,001360,삼성제약,1846,-145,1673456,,,,
20260303,001380,SG글로벌,3017,-144,111219,,,,
20260303,001390,KG케미칼,5220,-220,527897,,,,
20260303,001420,태원물산,2815,-120,17819,,,,
20260303,001430,세아베스틸지주,67000,-2100,286539,,,,
20260303,001440,대한전선,32050,-3950,7413534,,,,
20260303,001450,현대해상,32400,-1950,848532,,,,
20260303,001460,BYC,50700,-1800,8642,,,,
20260303,001465,BYC우,28250,-800,2054,,,,
20260303,001470,삼부토건,347,0,0,,,,
20260303,001500,현대차증권,12090,-960,982930,,,,
20260303,001510,SK증권,3643,-611,30463750,,,,
20260303,001515,SK증권우,6840,-950,91567,,,,
20260303,001520,동양,1804,-128,1288790,,,,
20260303,001525,동양우,9170,-190,2427,,,,
20260303,001527,동양2우B,16360,-1240,1517,,,,
20260303,001530,DI동일,22200,-1850,103763,,,,
20260303,001550,조비,14550,-40,723563,,,,
20260303,001560,제일연마,10530,550,155960,,,,
20260303,001570,금양,9900,0,0,,,,
20260303,001620,케이비아이동국실업,4300,-135,667413,,,,
20260303,001630,종근당홀딩스,50600,-1500,7479,,,,
20260303,001680,대상,21950,-650,154311,,,,
20260303,001685,대상우,17470,-120,11747,,,,
20260303,001720,신영증권,200500,-25000,84308,,,,
20260303,001740,SK네트웍스,5590,-160,1428551,,,,
20260303,001750,한양증권,24700,-1600,77791,,,,
20260303,001755,한양증권우,22200,-1800,6530,,,,
20260303,001770,SHD,17140,-490,3333,,,,
20260303,001780,알루코,2150,-90,987413,,,,
20260303,001790,대한제당,2820,-15,429512,,,,
20260303,001795,대한제당우,2415,-20,103199,,,,
20260303,001800,오리온홀딩스,23600,-250,136130,,,,
20260303,001820,삼화콘덴서,49550,-4350,341117,,,,
20260303,001940,KISCO홀딩스,25050,-1150,9613,,,,
20260303,002020,코오롱,64500,-4400,111059,,,,
20260303,002025,코오롱우,29000,-2050,12267,,,,
20260303,002030,아세아,290500,-1000,5262,,,,
20260303,002070,비비안,10286,-473,24089,,,,
20260303,002100,경농,9530,-100,154913,,,,
20260303,002140,고려산업,2675,65,2933084,,,,
20260303,002150,도화엔지니어링,6440,-200,149175,,,,
20260303,002170,SYTS,59600,-1100,3471,,,,
20260303,002200,한국수출포장,3120,-50,186083,,,,
20260303,002210,동성제약,1946,0,0,,,,
20260303,002220,한일철강,4130,-115,133059,,,,
20260303,002240,고려제강,23150,-350,61007,,,,
20260303,002310,아세아제지,10360,-370,392128,,,,
20260303,002320,한진,20400,-800,83728,,,,
20260303,002350,넥센타이어,8480,-500,251290,,,,
20260303,002355,넥센타이어1우B,4495,-130,36029,,,,
20260303,002360,SH에너지화학,4800,1080,4109273,,,,
20260303,002380,KCC,583000,-68000,60280,,,,
20260303,002390,한독,10950,-200,49397,,,,
20260303,002410,범양건영,1935,0,0,,,,
20260303,002420,세기상사,6460,1490,738056,,,,
20260303,002450,삼익악기,1190,-17,177379,,,,
20260303,002460,HS화성,13600,-140,45371,,,,
20260303,002600,조흥,158700,-1900,92,,,,
20260303,002620,제일파마홀딩스,8760,-220,38621,,,,
20260303,002630,오리엔트바이오,1180,-36,886760,,,,
20260303,002690,동일제강,1624,-7,77327,,,,
20260303,002700,신일전자,1336,-41,519419,,,,
20260303,002710,TCC스틸,14330,-1200,279532,,,,
20260303,002720,국제약품,4815,40,1138025,,,,
20260303,002760,보락,1183,-32,457033,,,,
20260303,002780,진흥기업,763,-19,1145329,,,,
20260303,002785,진흥기업우B,3285,-170,6604,,,,
20260303,002787,진흥기업2우B,8380,150,215,,,,
20260303,002790,아모레퍼시픽홀딩스,28500,-2850,291215,,,,
20260303,002795,아모레퍼시픽홀딩스우,12900,-370,56933,,,,
20260303,00279K,아모레퍼시픽홀딩스3우C,24400,-1500,27654,,,,
20260303,002810,삼영무역,20000,-900,44390,,,,
20260303,002820,SUN&L,2305,-20,17798,,,,
20260303,002840,미원상사,140000,-1700,4744,,,,
20260303,002870,신풍,1160,-26,247679,,,,
20260303,002880,디와이에이,983,-26,229484,,,,
20260303,002900,TYM,6970,-380,486478,,,,
20260303,002920,유성기업,2280,10,80914,,,,
20260303,002960,한국쉘석유,559000,51000,33488,,,,
20260303,002990,금호건설,4890,-70,222322,,,,
20260303,002995,금호건설우,14460,-720,2685,,,,
20260303,003000,부광약품,5100,-510,1757322,,,,
20260303,003010,혜인,5480,-70,232758,,,,
20260303,003030,세아제강지주,137000,-5000,29195,,,,
20260303,003060,에이프로젠바이오로직스,307,-21,2336010,,,,
20260303,003070,코오롱글로벌,10220,-100,108298,,,,
20260303,003075,코오롱글로벌우,15880,-410,998,,,,
20260303,003080,SB성보,2675,-30,31722,,,,
20260303,003090,대웅,25900,-1050,157120,,,,
20260303,0030R0,대신밸류리츠,4455,-45,49540,,,,
20260303,003120,일성아이에스,23200,-1800,29114,,,,
20260303,003160,디아이,32550,-3450,534368,,,,
20260303,003200,일신방직,13900,-550,46519,,,,
20260303,003220,대원제약,11110,-320,56951,,,,
20260303,003230,삼양식품,1172000,-49000,67046,,,,
20260303,003240,태광산업,1288000,-161000,6936,,,,
20260303,003280,흥아해운,2330,534,21246318,,,,
20260303,003300,한일홀딩스,17200,200,50024,,,,
20260303,003350,한국화장품제조,9980,-620,215235,,,,
20260303,003460,유화증권,3960,-210,721686,,,,
20260303,003465,유화증권우,3585,-160,6333,,,,
20260303,003470,유안타증권,4935,-255,1795951,,,,
20260303,003475,유안타증권우,4550,-270,126128,,,,
20260303,003480,한진중공업홀딩스,5000,-210,161448,,,,
20260303,003490,대한항공,25200,-2900,6931403,,,,
20260303,003495,대한항공우,23700,-1100,26339,,,,
20260303,003520,영진약품,1937,-73,965332,,,,
20260303,003530,한화투자증권,7530,-810,8516861,,,,
20260303,003535,한화투자증권우,9190,-600,142389,,,,
20260303,003540,대신증권,41400,-3450,336044,,,,
20260303,003545,대신증권우,26400,-1450,154026,,,,
20260303,003547,대신증권2우B,25450,-1300,49059,,,,
20260303,003550,LG,102500,-5200,684949,,,,
20260303,003555,LG우,76000,-4900,24137,,,,
20260303,003570,SNT다이내믹스,56600,600,294391,,,,
20260303,003580,HLB글로벌,1970,-1,361814,,,,
20260303,003610,방림,5850,-80,86292,,,,
20260303,003620,KG모빌리티,3810,-235,2834648,,,,
20260303,003650,미창석유,149200,14300,91275,,,,
20260303,003670,포스코퓨처엠,226500,-20500,667688,,,,
20260303,003680,한성기업,5140,-50,63015,,,,
20260303,003690,코리안리,13450,-470,338271,,,,
20260303,003720,삼영,7260,-270,1386327,,,,
20260303,003780,진양산업,5900,-220,167054,,,,
20260303,003830,대한화섬,124600,-7100,855,,,,
20260303,003850,보령,9810,-140,238434,,,,
20260303,003920,남양유업,49400,-1500,17605,,,,
20260303,003925,남양유업우,34150,-1800,5010,,,,
20260303,003960,사조대림,35700,-1400,29422,,,,
20260303,004000,롯데정밀화학,49350,-1750,148723,,,,
20260303,004020,현대제철,41400,-5100,4178141,,,,
20260303,004060,SG세계물산,6170,-680,1449539,,,,
20260303,004080,신흥,13890,-80,9417,,,,
20260303,004090,한국석유,21150,4850,1023819,,,,
20260303,004100,태양금속,2850,5,1078262,,,,
20260303,004105,태양금속우,3760,-120,49049,,,,
20260303,004140,동방,2880,235,28725006,,,,
20260303,004150,한솔홀딩스,3325,-130,304978,,,,
20260303,004170,신세계,359500,-9000,93544,,,,
20260303,004250,NPC,3855,-145,77643,,,,
20260303,004255,NPC우,2410,-30,17546,,,,
20260303,004270,남성,6145,-143,16913,,,,
20260303,004310,현대약품,10800,-1120,1284864,,,,
20260303,004360,세방,15690,-120,76329,,,,
20260303,004365,세방우,9800,-210,16489,,,,
20260303,004370,농심,419000,-11000,28656,,,,
20260303,004380,삼익THK,13000,0,0,,,,
20260303,004410,서울식품,2120,-280,1440855,,,,
20260303,004415,서울식품우,12220,-530,1489,,,,
20260303,004430,송원산업,9160,-470,169209,,,,
20260303,004440,삼일씨엔에스,5240,-490,60044,,,,
20260303,004450,삼화왕관,29300,-700,849,,,,
20260303,004490,세방전지,65600,-3300,86482,,,,
20260303,004540,깨끗한나라,1967,-108,263633,,,,
20260303,004545,깨끗한나라우,10410,-840,980,,,,
20260303,004560,현대비앤지스틸,19740,-2510,980786,,,,
20260303,004690,삼천리,147400,-5100,39316,,,,
20260303,004700,조광피혁,70600,-5600,17261,,,,
20260303,004710,한솔테크닉스,5569,-283,291143,,,,
20260303,004720,팜젠사이언스,3830,-95,125626,,,,
20260303,004770,써니전자,1567,-40,391624,,,,
20260303,004800,효성,156500,-12500,41022,,,,
20260303,004830,덕성,4780,-165,183173,,,,
20260303,004835,덕성우,6410,-550,74116,,,,
20260303,004840,DRB동일,5910,-230,62628,,,,
20260303,004870,티웨이홀딩스,1840,-86,187089,,,,
20260303,004890,동일산업,39000,-600,1670,,,,
20260303,004910,조광페인트,5020,-150,45703,,,,
20260303,004920,씨아이테크,1097,-24,159324,,,,
20260303,004960,한신공영,13290,-910,265537,,,,
20260303,004970,신라교역,9730,-310,27309,,,,
20260303,004980,성신양회,9600,-250,208879,,,,
20260303,004985,성신양회우,11220,-280,5200,,,,
20260303,004990,롯데지주,33700,-2050,642172,,,,
20260303,00499K,롯데지주우,30550,-1600,3372,,,,
20260303,005010,휴스틸,4430,105,1172678,,,,
20260303,005030,부산주공,486,0,0,,,,
20260303,005070,코스모신소재,52000,-6400,471737,,,,
20260303,005090,SGC에너지,47600,-2800,244069,,,,
20260303,005110,한창,1254,0,0,,,,
20260303,005180,빙그레,78200,-3700,41370,,,,
20260303,005250,녹십자홀딩스,15420,-510,121575,,,,
20260303,005257,녹십자홀딩스2우,24100,-700,842,,,,
20260303,005300,롯데칠성,132800,-6300,26518,,,,
20260303,005305,롯데칠성우,87500,-4100,3703,,,,
20260303,005320,온타이드,1142,-58,296571,,,,
20260303,005360,모나미,1787,-33,109927,,,,
20260303,005380,현대차,595000,-79000,3763225,,,,
20260303,005385,현대차우,282000,-39500,498136,,,,
20260303,005387,현대차2우B,281500,-42000,550626,,,,
20260303,005389,현대차3우B,268000,-38500,61282,,,,
20260303,005420,코스모화학,15500,-1570,349985,,,,
20260303,005430,한국공항,63800,-3200,14841,,,,
20260303,005440,현대지에프홀딩스,15100,-900,762864,,,,
20260303,005490,POSCO홀딩스,374500,-38500,842427,,,,
20260303,005500,삼진제약,18540,-340,49001,,,,
20260303,005610,삼립,52800,-900,17310,,,,
20260303,005680,삼영전자,12050,-260,82808,,,,
20260303,005690,파미셀,15000,-1240,1272685,,,,
20260303,005720,넥센,6660,-270,115731,,,,
20260303,005725,넥센우,4505,-70,2786,,,,
20260303,005740,크라운해태홀딩스,6810,-310,65800,,,,
20260303,005745,크라운해태홀딩스우,7650,-180,2734,,,,
20260303,005750,대림바스,5180,-170,66988,,,,
20260303,005800,신영와코루,16620,-610,18157,,,,
20260303,005810,풍산홀딩스,41150,350,326423,,,,
20260303,005820,원림,16390,-510,7629,,,,
20260303,005830,DB손해보험,186700,3600,524971,,,,
20260303,005850,에스엘,68300,-5100,295828,,,,
20260303,005870,휴니드,9250,1090,4102068,,,,
20260303,005880,대한해운,2820,650,95299739,,,,
20260303,005930,삼성전자,195100,-21400,54879010,,,,
20260303,005935,삼성전자우,129200,-14600,9371868,,,,
20260303,005940,NH투자증권,33300,-2200,1631800,,,,
20260303,005945,NH투자증권우,24700,-900,155030,,,,
20260303,005950,이수화학,8610,-820,570450,,,,
20260303,005960,동부건설,8880,-240,361263,,,,
20260303,005965,동부건설우,19470,-630,1271,,,,
20260303,006040,동원산업,41500,-1400,78407,,,,
20260303,006060,화승인더,3400,-110,210816,,,,
20260303,006090,사조오양,8550,-200,16191,,,,
20260303,006110,삼아알미늄,29400,-1750,229937,,,,
20260303,006120,SK디스커버리,57400,-2400,33662,,,,
20260303,006125,SK디스커버리우,39500,-600,5735,,,,
20260303,006200,한국전자홀딩스,3835,-465,147775,,,,
20260303,006220,제주은행,14700,-1230,639094,,,,
20260303,006260,LS,265500,-19000,240380,,,,
20260303,006280,녹십자,162100,-7000,81806,,,,
20260303,006340,대원전선,5930,-860,15088758,,,,
20260303,006345,대원전선우,4115,-595,244346,,,,
20260303,006360,GS건설,21350,-1050,1223554,,,,
20260303,006370,대구백화점,4645,-225,45606,,,,
20260303,006380,카프로,3660,0,0,,,,
20260303,006400,삼성SDI,408000,-58000,1453235,,,,
20260303,006405,삼성SDI우,236000,-40500,48812,,,,
20260303,006490,프리티,2325,20,150544,,,,
20260303,006570,대림통상,2000,-70,27506,,,,
20260303,006650,대한유화,165100,-24800,150015,,,,
20260303,006660,삼성공조,12750,-620,89924,,,,
20260303,006740,블루산업개발,1347,-61,119740,,,,
20260303,006800,미래에셋증권,66312,-5377,4707707,,,,
20260303,006805,미래에셋증권우,23012,-1775,555077,,,,
20260303,00680K,미래에셋증권2우B,21011,-1515,1461654,,,,
20260303,006840,AK홀딩스,8230,-300,21180,,,,
20260303,006880,신송홀딩스,6870,30,283759,,,,
20260303,006890,태경케미컬,7600,-210,44199,,,,
20260303,006980,우성,22050,-200,16631,,,,
20260303,007070,GS리테일,21050,-950,255674,,,,
20260303,007110,일신석재,1739,-80,1019871,,,,
20260303,007120,미래아이앤지,1195,-56,190311,,,,
20260303,007160,사조산업,58800,-4300,21075,,,,
20260303,007210,벽산,1962,-34,686249,,,,
20260303,007280,한국특강,2719,-56,34129,,,,
20260303,007310,오뚜기,388500,-9000,8108,,,,
20260303,007340,DN오토모티브,26500,-700,184063,,,,
20260303,007460,에이프로젠,355,-37,13546303,,,,
20260303,007540,샘표,57600,-7400,95290,,,,
20260303,007570,일양약품,14600,0,0,,,,
20260303,007575,일양약품우,15260,0,0,,,,
20260303,007590,동방아그로,5900,-60,16577,,,,
20260303,007610,선도전기,3000,0,0,,,,
20260303,007660,이수페타시스,115000,-12600,2110379,,,,
20260303,007690,국도화학,37900,-1850,20597,,,,
20260303,007700,F&F홀딩스,19620,-1830,48314,,,,
20260303,007810,코리아써키트,53000,-5900,466861,,,,
20260303,007815,코리아써우,16110,-2050,16939,,,,
20260303,00781K,코리아써키트2우B,12650,-530,1415,,,,
20260303,007860,서연,10410,-950,234578,,,,
20260303,007980,TP,1921,-74,961971,,,,
20260303,008040,사조동아원,1064,9,1063491,,,,
20260303,008060,대덕,11600,-770,135552,,,,
20260303,00806K,대덕1우,9630,-120,4766,,,,
20260303,008250,이건산업,4010,-145,69434,,,,
20260303,008260,NI스틸,3660,-40,220453,,,,
20260303,008350,남선알미늄,1170,5,82555421,,,,
20260303,008355,남선알미우,13760,270,10404,,,,
20260303,008420,문배철강,2135,-30,177054,,,,
20260303,008490,서흥,22150,-200,19686,,,,
20260303,008600,윌비스,2720,-72,101435,,,,
20260303,008700,아남전자,1217,-48,842163,,,,
20260303,008730,율촌화학,25200,-1200,132984,,,,
20260303,008770,호텔신라,45250,-2700,367945,,,,
20260303,008775,호텔신라우,36000,-1450,5208,,,,
20260303,008870,금비,47800,0,3202,,,,
20260303,008930,한미사이언스,40450,-3150,345216,,,,
20260303,008970,KBI동양철관,1666,-35,1607301,,,,
20260303,009070,KCTC,7100,-160,7276926,,,,
20260303,009140,경인전자,21300,-500,5194,,,,
20260303,009150,삼성전기,409000,-39500,1221152,,,,
20260303,009155,삼성전기우,169300,-19200,66234,,,,
20260303,009160,SIMPAC,5250,40,184933,,,,
20260303,009180,한솔로지스틱스,3095,210,12279699,,,,
20260303,009190,대양금속,1184,-16,298262,,,,
20260303,009200,무림페이퍼,2030,-70,384793,,,,
20260303,009240,한샘,46150,-3500,77975,,,,
20260303,009270,신원,1420,-81,1363648,,,,
20260303,009290,광동제약,8640,-900,1470525,,,,
20260303,009310,참엔지니어링,1218,-362,2320441,,,,
20260303,009320,아진전자부품,1052,-38,246536,,,,
20260303,009410,태영건설,1796,-73,758901,,,,
20260303,009415,태영건설우,6540,-300,8199,,,,
20260303,009420,한올바이오파마,59800,-1900,625036,,,,
20260303,009440,KC그린홀딩스,756,0,0,,,,
20260303,009450,경동나비엔,61700,-2600,74430,,,,
20260303,009460,한창제지,2645,5,72991,,,,
20260303,009470,삼화전기,41500,-3400,205509,,,,
20260303,009540,HD한국조선해양,441500,-8500,295829,,,,
20260303,009580,무림P&P,2485,-35,105991,,,,
20260303,009680,모토닉,10750,-470,55418,,,,
20260303,009770,삼정펄프,36300,800,1625,,,,
20260303,009810,MDS스피어,2163,-22,53113,,,,
20260303,009830,한화솔루션,45605,-4386,5347089,,,,
20260303,009835,한화솔루션우,25470,-2032,83510,,,,
20260303,009900,명신산업,10070,-1350,734710,,,,
20260303,009970,영원무역홀딩스,244000,-5500,25721,,,,
20260303,010040,한국내화,2075,-10,25165,,,,
20260303,010060,OCI홀딩스,148200,-3800,219426,,,,
20260303,010100,한국무브넥스,5170,-760,1162368,,,,
20260303,010120,LS ELECTRIC,142800,-14600,1318025,,,,
20260303,010130,고려아연,1983000,-47000,39472,,,,
20260303,010140,삼성중공업,28000,-950,8079601,,,,
20260303,010400,우진아이엔에스,3705,-110,30195,,,,
20260303,010580,에스엠벡셀,2015,-55,277498,,,,
20260303,010640,진양폴리,2640,-125,83785,,,,
20260303,010660,화천기계,5780,-80,513637,,,,
20260303,010690,화신,13480,-2050,1599406,,,,
20260303,010770,평화홀딩스,4055,-135,220932,,,,
20260303,010780,아이에스동서,30000,-1150,150712,,,,
20260303,010820,퍼스텍,7990,1270,14443156,,,,
20260303,010950,S-Oil,141300,31300,4261597,,,,
20260303,010955,S-Oil우,65700,10700,602609,,,,
20260303,010960,삼호개발,4075,-40,89540,,,,
20260303,011000,진원생명과학,5700,-360,319461,,,,
20260303,011070,LG이노텍,285000,-34000,282899,,,,
20260303,011090,에넥스,2380,-50,67162,,,,
20260303,011150,CJ씨푸드,2750,-100,384695,,,,
20260303,011155,CJ씨푸드1우,14500,-810,615,,,,
20260303,011170,롯데케미칼,84300,-11600,521145,,,,
20260303,011200,HMM,24500,3150,15527327,,,,
20260303,011210,현대위아,97600,-3700,1291394,,,,
20260303,011230,삼화전자,2595,-80,214071,,,,
20260303,011280,태림포장,1995,-55,149777,,,,
20260303,011300,우성머티리얼스,3610,-70,119587,,,,
20260303,011330,유니켐,11020,-530,41624,,,,
20260303,011390,부산산업,79200,-5600,19688,,,,
20260303,011420,갤럭시아에스엠,1789,-87,351577,,,,
20260303,011500,한농화성,24000,-2900,1246509,,,,
20260303,011690,와이투솔루션,7490,-790,1622824,,,,
20260303,011700,한신기계,4565,-335,1955550,,,,
20260303,011760,현대코퍼레이션,27300,-300,117121,,,,
20260303,011780,금호석유화학,138500,-14900,316337,,,,
20260303,011785,금호석유화학우,65200,-4100,26642,,,,
20260303,011790,SKC,99069,-7331,600660,,,,
20260303,011810,STX,3530,0,0,,,,
20260303,011930,신성이엔지,21600,-2900,2404044,,,,
20260303,012030,DB,1880,-145,2987163,,,,
20260303,0120G0,삼양바이오팜,94500,-2600,82186,,,,
20260303,012160,영흥,2910,-320,159669,,,,
20260303,012170,아센디오,1466,-37,72679,,,,
20260303,012200,계양전기,7517,-1144,2716856,,,,
20260303,012205,계양전기우,6400,-1673,183447,,,,
20260303,012280,영화금속,1086,-49,645410,,,,
20260303,012320,경동인베스트,86500,-7900,35785,,,,
20260303,012330,현대모비스,468500,-48500,568767,,,,
20260303,012450,한화에어로스페이스,1432000,237000,1295365,,,,
20260303,012610,경인양행,4235,-245,615677,,,,
20260303,012630,HDC,25550,900,377340,,,,
20260303,012690,모나리자,2080,-90,214502,,,,
20260303,0126Z0,삼성에피스홀딩스,598000,-77000,240182,,,,
20260303,012750,에스원,87200,-600,105654,,,,
20260303,012800,대창,1435,-78,2716726,,,,
20260303,013000,세우글로벌,1107,-10,72130,,,,
20260303,013360,일성건설,1700,-90,558884,,,,
20260303,013520,화승코퍼레이션,3185,-290,835241,,,,
20260303,013570,디와이,5090,-130,192117,,,,
20260303,013580,계룡건설,27650,-700,175624,,,,
20260303,013700,까뮤이앤씨,1250,-70,184047,,,,
20260303,013870,지엠비코리아,5340,-180,141730,,,,
20260303,013890,지누스,12180,-300,70232,,,,
20260303,014130,한익스프레스,2885,-85,143829,,,,
20260303,014160,대영포장,1025,-33,617138,,,,
20260303,014280,금강공업,5100,-410,241077,,,,
20260303,014285,금강공업우,7150,-370,14430,,,,
20260303,014440,영보화학,4860,-30,90368,,,,
20260303,014530,극동유화,4615,1065,9440177,,,,
20260303,014580,태경비케이,4445,-115,201887,,,,
20260303,014680,한솔케미칼,314500,-23500,118934,,,,
20260303,014710,사조씨푸드,8550,-450,58726,,,,
20260303,014790,HL D&I,3530,-155,384725,,,,
20260303,014820,동원시스템즈,25550,-900,48208,,,,
20260303,014825,동원시스템즈우,16660,-710,3163,,,,
20260303,014830,유니드,79900,-2200,55380,,,,
20260303,014910,성문전자,1695,-85,527970,,,,
20260303,014915,성문전자우,4275,-270,9178,,,,
20260303,014990,인디에프,4165,-245,128184,,,,
20260303,015020,이스타코,868,-76,183638,,,,
20260303,015230,대창단조,6680,-120,154594,,,,
20260303,015260,에이엔피,510,-91,1301648,,,,
20260303,015360,INVENI,15160,-300,91230,,,,
20260303,015590,DKME,2575,0,0,,,,
20260303,015760,한국전력,50900,-7600,8463135,,,,
20260303,015860,일진홀딩스,8820,-320,291030,,,,
20260303,015890,태경산업,4860,-60,131668,,,,
20260303,016090,대현,1688,-23,156553,,,,
20260303,016360,삼성증권,100500,-6300,642095,,,,
20260303,016380,KG스틸,5840,-210,499113,,,,
20260303,016450,한세예스24홀딩스,4930,15,99999,,,,
20260303,016580,환인제약,10690,-140,50398,,,,
20260303,016590,신대양제지,14280,-830,44005,,,,
20260303,016610,DB증권,14520,-1110,295280,,,,
20260303,016710,대성홀딩스,9240,200,138377,,,,
20260303,016740,두올,4450,-150,189418,,,,
20260303,016800,퍼시스,41900,-800,13097,,,,
20260303,016880,웅진,2075,-45,941466,,,,
20260303,017040,광명전기,1380,-105,762885,,,,
20260303,017180,명문제약,1862,-36,166692,,,,
20260303,017370,우신시스템,6220,-230,165433,,,,
20260303,017390,서울가스,73800,6200,130697,,,,
20260303,017550,수산세보틱스,1885,-13,598093,,,,
20260303,017670,SK텔레콤,78200,-1600,1676549,,,,
20260303,017800,현대엘리베이터,94600,-4100,449071,,,,
20260303,017810,풀무원,12600,-380,95642,,,,
20260303,017860,DS단석,18000,-1130,169084,,,,
20260303,017900,광전자,1925,0,242670,,,,
20260303,017940,E1,103600,100,87268,,,,
20260303,017960,한국카본,40600,-1300,885700,,,,
20260303,018250,애경산업,15030,-1020,164684,,,,
20260303,018260,삼성에스디에스,177600,-17400,369574,,,,
20260303,018470,조일알미늄,1198,-22,14410241,,,,
20260303,018500,동원모빌리티,1553,-99,609424,,,,
20260303,018670,SK가스,262500,29500,95015,,,,
20260303,018880,한온시스템,4175,-465,27150563,,,,
20260303,019170,신풍제약,11300,-930,251464,,,,
20260303,019175,신풍제약우,17700,-910,4601,,,,
20260303,019180,티에이치엔,7520,-660,531056,,,,
20260303,019490,엑시큐어하이트론,541,0,0,,,,
20260303,019680,대교,1607,-79,150622,,,,
20260303,019685,대교우B,1088,-24,71597,,,,
20260303,020000,한섬,23400,-350,242956,,,,
20260303,020120,키다리스튜디오,3465,-190,361720,,,,
20260303,020150,롯데에너지머티리얼즈,40150,-4550,362425,,,,
20260303,020560,아시아나항공,7340,-420,267935,,,,
20260303,020760,일진디스플,902,0,0,,,,
20260303,021050,서원,1330,6,5393636,,,,
20260303,021240,코웨이,81400,-500,382449,,,,
20260303,021820,세원정공,16550,-70,23620,,,,
20260303,022100,포스코DX,35000,-4300,913801,,,,
20260303,023000,삼원강재,2400,-40,38451,,,,
20260303,023150,MH에탄올,4150,-70,20465,,,,
20260303,023350,한국종합기술,4585,-185,38910,,,,
20260303,023450,동남합성,31000,-100,1897,,,,
20260303,023530,롯데쇼핑,103700,-4000,119843,,,,
20260303,023590,다우기술,51300,-3000,142711,,,,
20260303,023800,인지컨트롤스,6980,-310,155549,,,,
20260303,023810,인팩,8150,-300,64717,,,,
20260303,023960,에쓰씨엔지니어링,1452,-115,384122,,,,
20260303,024070,WISCOM,1986,-13,20293,,,,
20260303,024090,디씨엠,12370,-80,16191,,,,
20260303,024110,기업은행,25100,-650,1475776,,,,
20260303,024720,콜마홀딩스,9970,-530,157011,,,,
20260303,024890,대원화성,3930,-155,20449,,,,
20260303,024900,디와이덕양,2100,-90,348021,,,,
20260303,025000,KPX케미칼,52800,-800,15982,,,,
20260303,025530,SJM홀딩스,3730,-100,29375,,,,
20260303,025540,한국단자,76900,-3800,62115,,,,
20260303,025560,미래산업,2880,-86,449480,,,,
20260303,025620,차AI헬스케어,9900,-450,49625,,,,
20260303,025750,한솔홈데코,3035,-95,85915,,,,
20260303,025820,이구산업,5420,-220,748741,,,,
20260303,025860,남해화학,7350,-20,792854,,,,
20260303,025890,한국주강,1624,-44,36626,,,,
20260303,026890,스틱인베스트먼트,11810,-100,193872,,,,
20260303,026940,부국철강,2025,-65,104900,,,,
20260303,026960,동서,26850,-600,124829,,,,
20260303,027410,BGF,4295,-110,356029,,,,
20260303,027740,마니커,1640,-50,302905,,,,
20260303,027970,한국제지,4050,-130,46023,,,,
20260303,028050,삼성E&A,35150,-1250,1515089,,,,
20260303,028100,동아지질,17400,-500,64041,,,,
20260303,028260,삼성물산,317000,-33500,720785,,,,
20260303,02826K,삼성물산우B,192800,-24200,12941,,,,
20260303,028670,팬오션,6200,920,70782433,,,,
20260303,029460,케이씨,32150,-2900,85156,,,,
20260303,029530,신도리코,56100,-2800,25545,,,,
20260303,029780,삼성카드,61900,-1100,103556,,,,
20260303,030000,제일기획,21350,-600,352787,,,,
20260303,030190,NICE평가정보,16720,-390,58266,,,,
20260303,030200,KT,63000,-800,595293,,,,
20260303,030210,다올투자증권,4445,-245,342002,,,,
20260303,030610,교보증권,13310,-1280,334761,,,,
20260303,030720,동원수산,5900,-20,38672,,,,
20260303,031210,서울보증보험,56700,-1600,61880,,,,
20260303,031430,신세계인터내셔날,12670,-620,178321,,,,
20260303,031820,아이티센씨티에스,7790,-500,245136,,,,
20260303,032350,롯데관광개발,21950,-1200,1100049,,,,
20260303,032560,황금에스티,6160,-150,68307,,,,
20260303,032640,LG유플러스,16110,-430,1764324,,,,
20260303,032830,삼성생명,221500,-8500,633693,,,,
20260303,033240,자화전자,41600,-200,250095,,,,
20260303,033250,체시스,5060,-50,72705,,,,
20260303,033270,유나이티드제약,20250,200,62919,,,,
20260303,033530,SJG세종,9230,-800,539342,,,,
20260303,033780,KT&G,162300,-800,345972,,,,
20260303,033920,무학,9690,180,149644,,,,
20260303,034020,두산에너빌리티,96900,-9400,7514576,,,,
20260303,034120,SBS,17990,-490,52642,,,,
20260303,034220,LG디스플레이,12860,-1480,13071004,,,,
20260303,034230,파라다이스,18600,-1350,733204,,,,
20260303,034310,NICE,14460,-530,60532,,,,
20260303,034590,인천도시가스,27300,150,41045,,,,
20260303,034730,SK,379500,-21500,363172,,,,
20260303,03473K,SK우,271000,-19000,10707,,,,
20260303,034830,한국토지신탁,1542,-67,3636244,,,,
20260303,035000,HS애드,8590,-200,16283,,,,
20260303,035150,백산,13190,-130,70881,,,,
20260303,035250,강원랜드,18740,-310,750160,,,,
20260303,035420,NAVER,236000,-18500,1507045,,,,
20260303,035510,신세계 I&C,16540,-920,184455,,,,
20260303,035720,카카오,56200,-6100,6691339,,,,
20260303,036420,콘텐트리중앙,6790,-180,134961,,,,
20260303,036460,한국가스공사,40600,-600,1524517,,,,
20260303,036530,SNT홀딩스,61100,-1600,26573,,,,
20260303,036570,NC,219500,-11500,144683,,,,
20260303,036580,팜스코,3705,-50,459441,,,,
20260303,037270,YG PLUS,6280,-690,2142202,,,,
20260303,037560,LG헬로비전,2360,-75,348734,,,,
20260303,037710,광주신세계,38400,-650,23992,,,,
20260303,039130,하나투어,44900,-3200,141820,,,,
20260303,039490,키움증권,424500,-41500,179430,,,,
20260303,039570,HDC랩스,8330,-30,43547,,,,
20260303,041650,상신브레이크,2650,-100,84201,,,,
20260303,042660,한화오션,135400,-5800,6443038,,,,
20260303,042700,한미반도체,282000,-41500,2299627,,,,
20260303,044380,주연테크,1680,-165,108199,,,,
20260303,044450,KSS해운,12650,1830,12366326,,,,
20260303,044820,코스맥스비티아이,14120,-970,52463,,,,
20260303,047040,대우건설,8900,-1240,18441571,,,,
20260303,047050,포스코인터내셔널,70400,-1800,1027820,,,,
20260303,047400,유니온머티리얼,1469,-30,709994,,,,
20260303,047810,한국항공우주,197600,6100,2593993,,,,
20260303,049800,우진플라임,2700,-185,108696,,,,
20260303,051600,한전KPS,58100,-3900,318602,,,,
20260303,051630,진양화학,2200,-180,118400,,,,
20260303,051900,LG생활건강,253500,-13500,121906,,,,
20260303,051905,LG생활건강우,113900,-1900,16838,,,,
20260303,051910,LG화학,361000,-56500,956158,,,,
20260303,051915,LG화학우,174700,-26300,113008,,,,
20260303,052690,한전기술,159600,-15500,443461,,,,
20260303,053210,스카이라이프,5010,-90,139752,,,,
20260303,053690,한미글로벌,19200,-1000,195630,,,,
20260303,055490,테이팩스,15280,-520,28526,,,,
20260303,055550,신한지주,96700,-200,2289926,,,,
20260303,058430,포스코스틸리온,4610,-170,1052300,,,,
20260303,058650,세아홀딩스,155000,-4300,5461,,,,
20260303,058730,다스코,3280,-170,232963,,,,
20260303,058850,KTcs,2705,-90,602648,,,,
20260303,058860,KTis,2880,-170,514480,,,,
20260303,060980,HL홀딩스,46900,-2650,38250,,,,
20260303,062040,산일전기,150200,-16500,346450,,,,
20260303,063160,종근당바이오,20300,-800,32296,,,,
20260303,064350,현대로템,249000,18500,3837109,,,,
20260303,064400,LG씨엔에스,67600,-6900,1514307,,,,
20260303,064960,SNT모티브,35800,-1450,212384,,,,
20260303,066570,LG전자,127600,-18100,2709473,,,,
20260303,066575,LG전자우,58100,-8600,347887,,,,
20260303,066970,엘앤에프,112400,-13300,535662,,,,
20260303,067830,세이브존I&C,3060,-170,227221,,,,
20260303,068270,셀트리온,214462,-12868,910208,,,,
20260303,068290,삼성출판사,9610,-390,77713,,,,
20260303,069260,TKG휴켐스,18840,-130,131991,,,,
20260303,069460,대호에이엘,2790,-190,781751,,,,
20260303,069620,대웅제약,178600,2300,56777,,,,
20260303,069640,한세엠케이,1166,-48,21256,,,,
20260303,069730,DSR제강,4230,-65,79234,,,,
20260303,069960,현대백화점,102500,-7500,105554,,,,
20260303,070960,모나용평,3165,-90,82644,,,,
20260303,071050,한국금융지주,240500,-18000,354091,,,,
20260303,071055,한국금융지주우,170400,-9100,61194,,,,
20260303,071090,하이스틸,3580,-60,238395,,,,
20260303,071320,지역난방공사,89900,-3300,53627,,,,
20260303,071840,롯데하이마트,8300,-290,52407,,,,
20260303,071950,코아스,2985,-545,301540,,,,
20260303,071970,HD현대마린엔진,83700,-3600,426308,,,,
20260303,072130,유엔젤,4630,40,79182,,,,
20260303,072710,농심홀딩스,97300,-3700,28644,,,,
20260303,073240,금호타이어,6730,-250,1104832,,,,
20260303,074610,이엔플러스,5110,0,0,,,,
20260303,075180,새론오토모티브,3150,-60,8353,,,,
20260303,075580,세진중공업,17960,-1770,745770,,,,
20260303,077500,유니퀘스트,6350,-380,307436,,,,
20260303,077970,STX엔진,31900,-1050,445176,,,,
20260303,078000,텔코웨어,17860,-1140,96697,,,,
20260303,078520,에이블씨엔씨,10520,-970,177313,,,,
20260303,078930,GS,70500,1800,1132354,,,,
20260303,078935,GS우,56500,0,21563,,,,
20260303,079160,CJ CGV,5220,-320,1031621,,,,
20260303,079430,현대리바트,7170,-390,154836,,,,
20260303,079550,LIG디펜스앤에어로스페이스,661000,152000,1163311,,,,
20260303,079900,전진건설로봇,56500,-3400,195926,,,,
20260303,079980,휴비스,2640,-155,282028,,,,
20260303,081000,일진다이아,14590,-1060,200906,,,,
20260303,081660,미스토홀딩스,48950,-50,154823,,,,
20260303,082640,동양생명,7240,-340,669333,,,,
20260303,082740,한화엔진,51200,-2800,1417836,,,,
20260303,083420,그린케미칼,5940,-90,119117,,,,
20260303,084010,대한제강,12110,-770,88782,,,,
20260303,084670,동양고속,46000,-3950,106990,,,,
20260303,084680,이월드,1590,-68,440777,,,,
20260303,084690,대상홀딩스,9850,-290,150019,,,,
20260303,084695,대상홀딩스우,13830,-380,17095,,,,
20260303,084870,TBH글로벌,1985,-220,224944,,,,
20260303,085310,엔케이,9950,-50,90163,,,,
20260303,085620,미래에셋생명,12200,-1120,598719,,,,
20260303,086280,현대글로비스,259500,-30000,495064,,,,
20260303,086790,하나금융지주,120100,-1700,1180014,,,,
20260303,088260,이리츠코크렙,4750,-155,67469,,,,
20260303,088350,한화생명,4805,-150,13966776,,,,
20260303,088790,진도,2270,0,110036,,,,
20260303,088980,맥쿼리인프라,11330,-110,3113861,,,,
20260303,089470,HDC현대EP,5880,-140,226660,,,,
20260303,089590,제주항공,5620,-470,768797,,,,
20260303,089860,롯데렌탈,33000,-750,72111,,,,
20260303,090080,평화산업,942,-35,323957,,,,
20260303,090350,노루페인트,8640,-230,186753,,,,
20260303,090355,노루페인트우,12780,-400,342,,,,
20260303,090370,메타랩스,1582,-31,123222,,,,
20260303,090430,아모레퍼시픽,138600,-12800,379811,,,,
20260303,090435,아모레퍼시픽우,48650,-3150,41656,,,,
20260303,090460,비에이치,17790,-1550,293229,,,,
20260303,091810,트리니티항공,1282,-55,1213268,,,,
20260303,092200,디아이씨,9450,-730,1121078,,,,
20260303,092220,KEC,6410,-115,1127726,,,,
20260303,092230,KPX홀딩스,82100,-700,4461,,,,
20260303,092440,기신정기,2315,-50,34017,,,,
20260303,092780,DYP,4740,-205,150730,,,,
20260303,092790,넥스틸,11430,-230,239825,,,,
20260303,093050,LF,21750,-800,71770,,,,
20260303,093240,형지엘리트,1147,-48,2429865,,,,
20260303,093370,후성,7460,-570,966859,,,,
20260303,094280,효성ITX,12500,-190,27016,,,,
20260303,094800,맵스리얼티,6990,150,164808,,,,
20260303,095570,AJ네트웍스,5170,40,333370,,,,
20260303,095720,웅진씽크빅,2201,-64,261059,,,,
20260303,096760,JW홀딩스,4050,-120,134638,,,,
20260303,096770,SK이노베이션,130900,3200,3617613,,,,
20260303,096775,SK이노베이션우,79900,3100,54081,,,,
20260303,097230,HJ중공업,23350,-1950,3002847,,,,
20260303,097520,엠씨넥스,25700,-1600,86876,,,,
20260303,097950,CJ제일제당,207500,-6500,96886,,,,
20260303,097955,CJ제일제당 우,135800,-2300,13381,,,,
20260303,100090,SK오션플랜트,18200,-1100,406000,,,,
20260303,100220,비상교육,5290,-180,46082,,,,
20260303,100250,진양홀딩스,3100,-35,81201,,,,
20260303,100840,SNT에너지,43750,-2200,367009,,,,
20260303,101140,인바이오젠,9020,-560,11295,,,,
20260303,101530,해태제과식품,6660,-160,80891,,,,
20260303,102260,동성케미컬,4300,-125,267524,,,,
20260303,102460,이연제약,10630,-370,91280,,,,
20260303,103140,풍산,130600,14800,2085493,,,,
20260303,103590,일진전기,83200,-6300,607488,,,,
20260303,104700,한국철강,9850,-350,91435,,,,
20260303,105560,KB금융,153500,-5500,2412942,,,,
20260303,105630,한세실업,13710,-580,124836,,,,
20260303,105840,우진,22950,-2400,1084625,,,,
20260303,107590,미원홀딩스,69400,400,860,,,,
20260303,108320,LX세미콘,53500,-4900,173287,,,,
20260303,108670,LX하우시스,30600,-1150,55434,,,,
20260303,108675,LX하우시스우,16800,-360,5786,,,,
20260303,109070,주성코퍼레이션,782,-23,280716,,,,
20260303,111110,호전실업,7890,-120,19475,,,,
20260303,111380,동인기연,15120,-290,17571,,,,
20260303,111770,영원무역,98000,1100,137559,,,,
20260303,112610,씨에스윈드,50300,-3400,522300,,,,
20260303,114090,GKL,12850,-230,296848,,,,
20260303,117580,대성에너지,10450,2410,3089025,,,,
20260303,118000,메타케어,3250,-120,309599,,,,
20260303,119650,KC코트렐,918,0,0,,,,
20260303,120030,조선선재,102400,-6000,8202,,,,
20260303,120110,코오롱인더,67400,-200,679627,,,,
20260303,120115,코오롱인더우,28800,-550,25194,,,,
20260303,122900,아이마켓코리아,7750,-150,105932,,,,
20260303,123690,한국화장품,9100,-480,313576,,,,
20260303,123700,SJM,3800,-90,149145,,,,
20260303,123890,한국자산신탁,2890,-90,861932,,,,
20260303,126560,현대퓨처넷,3365,-100,216050,,,,
20260303,126720,수산인더스트리,26250,-1700,76539,,,,
20260303,128820,대성산업,10870,2450,15082199,,,,
20260303,128940,한미약품,571000,-22000,81550,,,,
20260303,129260,인터지스,2560,-20,1064006,,,,
20260303,130660,한전산업,21550,-2500,1910493,,,,
20260303,133820,화인베스틸,1366,-45,219071,,,,
20260303,134380,미원화학,10900,-60,16170,,,,
20260303,134790,시디즈,19970,-1330,5708,,,,
20260303,136490,선진,11900,-550,190345,,,,
20260303,137310,에스디바이오센서,8180,-260,249660,,,,
20260303,138040,메리츠금융지주,120300,-6800,386959,,,,
20260303,138930,BNK금융지주,19680,-250,933451,,,,
20260303,139130,iM금융지주,18100,-290,937991,,,,
20260303,139480,이마트,100800,-4200,303046,,,,
20260303,139990,아주스틸,3100,10,43164,,,,
20260303,143210,핸즈코퍼레이션,1129,-31,19827,,,,
20260303,145210,다이나믹디자인,3630,-70,44225,,,,
20260303,145270,케이탑리츠,909,0,114779,,,,
20260303,145720,덴티움,48700,-1800,33206,,,,
20260303,145990,삼양사,50400,-700,18377,,,,
20260303,145995,삼양사우,36150,-350,875,,,,
20260303,155660,DSR,3925,-100,22604,,,,
20260303,161000,애경케미칼,10040,-430,327115,,,,
20260303,161390,한국타이어앤테크놀로지,66800,-6100,550487,,,,
20260303,161890,한국콜마,72800,-3500,285110,,,,
20260303,163560,동일고무벨트,6790,-290,71051,,,,
20260303,170900,동아에스티,47877,-2003,30140,,,,
20260303,175330,JB금융지주,31150,-600,821685,,,,
20260303,178920,PI첨단소재,19540,-510,307761,,,,
20260303,180640,한진칼,136500,-19800,220473,,,,
20260303,18064K,한진칼우,40100,-2000,12559,,,,
20260303,181710,NHN,36700,-1200,68494,,,,
20260303,183190,아세아시멘트,12330,-350,120491,,,,
20260303,185750,종근당,91500,-1900,47019,,,,
20260303,192080,더블유게임즈,51900,-1100,68773,,,,
20260303,192400,쿠쿠홀딩스,28850,-850,42896,,,,
20260303,192650,드림텍,7210,-580,778449,,,,
20260303,192820,코스맥스,177100,-12900,94647,,,,
20260303,194370,제이에스코퍼레이션,12700,-800,201549,,,,
20260303,195870,해성디에스,59900,-4700,199448,,,,
20260303,200880,서연이화,15000,-1590,286827,,,,
20260303,204320,HL만도,57600,-5200,880798,,,,
20260303,207940,삼성바이오로직스,1681000,-97000,81261,,,,
20260303,210540,디와이파워,14270,-280,129820,,,,
20260303,210980,SK디앤디,12660,-270,73389,,,,
20260303,213500,한솔제지,8650,-190,118608,,,,
20260303,214320,이노션,19810,-240,200741,,,,
20260303,214330,금호에이치티,13627,-136,35196,,,,
20260303,214390,경보제약,5730,-160,104893,,,,
20260303,214420,토니모리,7200,-940,662439,,,,
20260303,217590,티엠씨,14450,-1390,177411,,,,
20260303,226320,잇츠한불,11010,-550,35594,,,,
20260303,227840,현대코퍼레이션홀딩스,12880,-320,52104,,,,
20260303,229640,LS에코에너지,45000,-1300,371816,,,,
20260303,234080,JW생명과학,13050,-220,89292,,,,
20260303,241560,두산밥캣,64900,-100,796645,,,,
20260303,241590,화승엔터프라이즈,5220,-360,381197,,,,
20260303,244920,에이플러스에셋,13500,-1270,357121,,,,
20260303,248070,솔루엠,18100,-380,351634,,,,
20260303,248170,샘표식품,28700,-1200,34285,,,,
20260303,249420,일동제약,35800,-3000,494749,,,,
20260303,251270,넷마블,51400,-1200,285956,,,,
20260303,259960,크래프톤,236000,-12500,153021,,,,
20260303,264900,크라운제과,8610,-190,26441,,,,
20260303,26490K,크라운제과우,9110,-210,3289,,,,
20260303,267250,HD현대,291000,-1500,339221,,,,
20260303,267260,HD현대일렉트릭,987000,-63000,192638,,,,
20260303,267270,HD건설기계,140800,100,558545,,,,
20260303,267290,경동도시가스,22700,0,146882,,,,
20260303,267850,아시아나IDT,10470,-310,29667,,,,
20260303,268280,미원에스씨,132400,1200,2733,,,,
20260303,271560,오리온,131200,-2200,130896,,,,
20260303,271940,일진하이솔루스,18150,2130,560629,,,,
20260303,271980,제일약품,15280,-550,103237,,,,
20260303,272210,한화시스템,146700,33100,10182766,,,,
20260303,272450,진에어,6710,-360,486888,,,,
20260303,272550,삼양패키징,12220,-190,30155,,,,
20260303,278470,에이피알,285500,-27000,434721,,,,
20260303,280360,롯데웰푸드,123700,-3300,24488,,,,
20260303,281820,케이씨텍,46450,-2700,201771,,,,
20260303,282330,BGF리테일,119500,-5300,76093,,,,
20260303,284740,쿠쿠홈시스,25350,-750,30937,,,,
20260303,285130,SK케미칼,64400,-4400,108517,,,,
20260303,28513K,SK케미칼우,28250,-1550,11228,,,,
20260303,286940,롯데이노베이트,22500,-1250,32147,,,,
20260303,293480,하나제약,10100,-280,131538,,,,
20260303,293940,신한알파리츠,5670,-80,316140,,,,
20260303,294870,IPARK현대산업개발,22700,-450,438052,,,,
20260303,298000,효성화학,77800,0,0,,,,
20260303,298020,효성티앤씨,388000,-37500,53031,,,,
20260303,298040,효성중공업,2606000,-217000,50184,,,,
20260303,298050,HS효성첨단소재,230000,-21000,28000,,,,
20260303,298690,에어부산,1782,-80,730452,,,,
20260303,300720,한일시멘트,17510,-700,143064,,,,
20260303,302440,SK바이오사이언스,46100,-2850,248453,,,,
20260303,306200,세아제강,129700,-3100,21089,,,,
20260303,307950,현대오토에버,447000,-54000,296900,,,,
20260303,308170,씨티알모빌리티,5500,-320,79772,,,,
20260303,316140,우리금융지주,35300,-700,3672507,,,,
20260303,317400,자이에스앤디,4495,-55,151646,,,,
20260303,317450,명인제약,63000,-3200,58412,,,,
20260303,322000,HD현대에너지솔루션,100200,-3800,5793072,,,,
20260303,323410,카카오뱅크,25500,-1650,1771903,,,,
20260303,326030,SK바이오팜,110200,-9600,339946,,,,
20260303,329180,HD현대중공업,590000,-13000,416330,,,,
20260303,330590,롯데리츠,4620,-230,318173,,,,
20260303,334890,이지스밸류플러스리츠,4100,-85,303968,,,,
20260303,336260,두산퓨얼셀,39500,-300,1536280,,,,
20260303,33626K,두산퓨얼셀1우,7650,-250,66145,,,,
20260303,33626L,두산퓨얼셀2우B,9980,-210,5591,,,,
20260303,336370,솔루스첨단소재,8330,-620,385749,,,,
20260303,33637K,솔루스첨단소재1우,2015,-130,61774,,,,
20260303,33637L,솔루스첨단소재2우B,3475,-75,8774,,,,
20260303,338100,NH프라임리츠,4675,-35,155443,,,,
20260303,339770,교촌에프앤비,4380,-125,252038,,,,
20260303,344820,KCC글라스,27900,-1100,88531,,,,
20260303,348950,제이알글로벌리츠,1911,30,1904304,,,,
20260303,350520,이지스레지던스리츠,3790,-5,86684,,,,
20260303,352820,하이브,359500,-28000,372362,,,,
20260303,353200,대덕전자,58700,-3900,1197430,,,,
20260303,35320K,대덕전자1우,16970,-730,25045,,,,
20260303,357120,코람코라이프인프라리츠,4525,-60,105745,,,,
20260303,357250,미래에셋맵스리츠,2510,0,64206,,,,
20260303,357430,마스턴프리미어리츠,1510,-30,54337,,,,
20260303,361610,SK아이이테크놀로지,24750,-2350,319079,,,,
20260303,363280,티와이홀딩스,2950,-115,166153,,,,
20260303,36328K,티와이홀딩스우,4400,-120,62372,,,,
20260303,365550,ESR켄달스퀘어리츠,4285,-40,249423,,,,
20260303,372910,한컴라이프케어,2695,-50,385302,,,,
20260303,373220,LG에너지솔루션,393000,-34000,489727,,,,
20260303,375500,DL이앤씨,49000,-2100,476540,,,,
20260303,37550K,DL이앤씨우,24750,-1000,21917,,,,
20260303,37550L,DL이앤씨2우(전환),37800,-1900,3045,,,,
20260303,377190,디앤디플랫폼리츠,3125,-35,130230,,,,
20260303,377300,카카오페이,62400,-4500,997073,,,,
20260303,377740,바이오노트,5570,-50,260286,,,,
20260303,378850,화승알앤에이,3610,-225,297321,,,,
20260303,381970,케이카,14710,-190,192777,,,,
20260303,383220,F&F,69100,-1600,122119,,,,
20260303,383800,LX홀딩스,8610,-480,378588,,,,
20260303,38380K,LX홀딩스1우,8700,-170,4761,,,,
20260303,395400,SK리츠,5880,-30,448516,,,,
20260303,396690,미래에셋글로벌리츠,2520,-25,158926,,,,
20260303,400760,NH올원리츠,3180,-15,337762,,,,
20260303,402340,SK스퀘어,581000,-64000,694465,,,,
20260303,403550,쏘카,11540,-250,12023,,,,
20260303,404990,신한서부티엔디리츠,4315,-60,99625,,,,
20260303,415640,KB발해인프라,9930,-90,156332,,,,
20260303,417310,코람코더원리츠,8960,-140,483563,,,,
20260303,432320,KB스타리츠,3355,-15,82280,,,,
20260303,439260,대한조선,96000,-3500,937052,,,,
20260303,443060,HD현대마린솔루션,182000,-2300,217320,,,,
20260303,446070,유니드비티플러스,3120,-90,50270,,,,
20260303,448730,삼성FN리츠,5230,-310,89737,,,,
20260303,450080,에코프로머티,67800,-4100,3685806,,,,
20260303,451800,한화리츠,5040,-80,178048,,,,
20260303,452260,한화갤러리아,2820,-330,9987477,,,,
20260303,45226K,한화갤러리아우,8410,-1510,95375,,,,
20260303,453340,현대그린푸드,15600,-340,55479,,,,
20260303,454910,두산로보틱스,98300,-8200,507189,,,,
20260303,456040,OCI,82400,-5500,73132,,,,
20260303,457190,이수스페셜티케미컬,105200,-10000,856175,,,,
20260303,460850,동국씨엠,5880,-80,169186,,,,
20260303,460860,동국제강,9380,-890,732407,,,,
20260303,462520,조선내화,14050,-170,18421,,,,
20260303,462870,시프트업,30900,-1450,124879,,,,
20260303,465770,STX그린로지스,7690,1770,1267480,,,,
20260303,475150,SK이터닉스,25850,-2950,877509,,,,
20260303,475560,더본코리아,23000,-650,31278,,,,
20260303,480370,씨케이솔루션,3045,-265,308659,,,,
20260303,481850,신한글로벌액티브리츠,1162,-17,330847,,,,
20260303,483650,달바글로벌,158600,-10900,128804,,,,
20260303,484870,엠앤씨솔루션,45433,1700,367620,,,,
20260303,487570,HS효성,61800,-4700,34619,,,,
20260303,489790,한화비전,75800,-9600,1466011,,,,
20260303,499790,GS피앤엘,48700,-2600,186761,,,,
20260303,900140,엘브이엠씨홀딩스,1489,-91,1236766,,,,
20260303,950210,프레스티지바이오파마,10170,-480,181992,,,,
20260304,000020,동화약품,5660,-490,287210,,,,
20260304,000040,KR모터스,1760,-165,97441,,,,
20260304,000050,경방,8450,-1450,343214,,,,
20260304,000070,삼양홀딩스,68100,-6000,78542,,,,
20260304,000080,하이트진로,16280,-1070,465622,,,,
20260304,000087,하이트진로2우B,13770,-420,10950,,,,
20260304,000100,유한양행,92400,-14100,817804,,,,
20260304,000105,유한양행우,82400,-8000,14472,,,,
20260304,000120,CJ대한통운,110500,-17300,104078,,,,
20260304,000140,하이트진로홀딩스,9000,-520,87573,,,,
20260304,000145,하이트진로홀딩스우,11170,-330,503,,,,
20260304,000150,두산,963000,-189000,202383,,,,
20260304,000155,두산우,467000,-86000,68976,,,,
20260304,000157,두산2우B,410000,-102000,4280,,,,
20260304,000180,성창기업지주,7700,-450,61103,,,,
20260304,000210,DL,40150,-8150,232450,,,,
20260304,000215,DL우,22550,-2050,27899,,,,
20260304,000220,유유제약,4100,-360,220270,,,,
20260304,000225,유유제약1우,4555,-225,32079,,,,
20260304,000227,유유제약2우B,10130,-190,737,,,,
20260304,000230,일동홀딩스,9780,-1330,68572,,,,
20260304,000240,한국앤컴퍼니,24350,-4350,442837,,,,
20260304,000270,기아,156700,-25600,2941762,,,,
20260304,000300,DH오토넥스,4200,0,0,,,,
20260304,000320,노루홀딩스,21200,-3350,78536,,,,
20260304,000325,노루홀딩스우,27700,-3100,1461,,,,
20260304,000370,한화손해보험,6430,-800,2148442,,,,
20260304,000390,SP삼화,7150,-1120,1110034,,,,
20260304,000400,롯데손해보험,1918,-222,2803960,,,,
20260304,000430,대원강업,3775,-335,329257,,,,
20260304,000480,CR홀딩스,4690,-255,119221,,,,
20260304,000490,대동,9200,-1310,1016433,,,,
20260304,000500,가온전선,48678,-12225,211688,,,,
20260304,000520,삼일제약,9580,-1130,639220,,,,
20260304,000540,흥국화재,4270,-680,753830,,,,
20260304,000545,흥국화재우,6600,-670,34425,,,,
20260304,000590,CS홀딩스,77300,-7500,1543,,,,
20260304,000640,동아쏘시오홀딩스,102366,-8838,28859,,,,
20260304,000650,천일고속,222000,-28000,13337,,,,
20260304,000660,SK하이닉스,849000,-90000,9253420,,,,
20260304,000670,영풍,52900,-8500,68989,,,,
20260304,000680,LS네트웍스,2945,-330,754796,,,,
20260304,000700,유수홀딩스,5870,-340,98471,,,,
20260304,000720,현대건설,126900,-23600,2405244,,,,
20260304,000725,현대건설우,59500,-9700,46787,,,,
20260304,000760,이화산업,14120,-1670,8970,,,,
20260304,000810,삼성화재,468000,-54000,149202,,,,
20260304,000815,삼성화재우,376500,-25000,39758,,,,
20260304,000850,화천기공,35000,-3850,20643,,,,
20260304,000860,강남제비스코,15410,-1850,130746,,,,
20260304,000880,한화,136014,-30252,687823,,,,
20260304,00088K,한화3우B,47271,-8407,122077,,,,
20260304,000890,보해양조,2230,-195,374811,,,,
20260304,000910,유니온,3885,-380,254802,,,,
20260304,000950,전방,35600,-3300,4282,,,,
20260304,000970,한국주철관,6450,-380,163973,,,,
20260304,000990,DB하이텍,77300,-13200,718758,,,,
20260304,001020,페이퍼코리아,3525,-480,309550,,,,
20260304,001040,CJ,187600,-19400,205395,,,,
20260304,001045,CJ우,84200,-11400,12786,,,,
20260304,00104K,CJ4우(전환),165000,-9000,16754,,,,
20260304,001060,JW중외제약,30050,-3750,207907,,,,
20260304,001065,JW중외제약우,26400,-1450,732,,,,
20260304,001067,JW중외제약2우B,57500,-700,27,,,,
20260304,001070,대한방직,6300,-810,76310,,,,
20260304,001080,만호제강,5440,0,0,,,,
20260304,001120,LX인터내셔널,38500,-4700,435591,,,,
20260304,001130,대한제분,14310,-1000,69160,,,,
20260304,001200,유진투자증권,4150,-695,3654652,,,,
20260304,001210,금호전기,3850,-305,324265,,,,
20260304,001230,동국홀딩스,1908,-277,2076197,,,,
20260304,001250,GS글로벌,2370,-205,2233235,,,,
20260304,001260,남광토건,7690,-760,91792,,,,
20260304,001270,부국증권,67900,-11800,96741,,,,
20260304,001275,부국증권우,31000,-3100,7618,,,,
20260304,001290,상상인증권,1017,-233,6121220,,,,
20260304,001340,PKC,5810,-800,768783,,,,
20260304,001360,삼성제약,1633,-213,1966047,,,,
20260304,001380,SG글로벌,2686,-331,262306,,,,
20260304,001390,KG케미칼,4570,-650,913947,,,,
20260304,001420,태원물산,2660,-155,43632,,,,
20260304,001430,세아베스틸지주,58500,-8500,591657,,,,
20260304,001440,대한전선,26050,-6000,9767951,,,,
20260304,001450,현대해상,29200,-3200,978700,,,,
20260304,001460,BYC,43600,-7100,12272,,,,
20260304,001465,BYC우,26300,-1950,7315,,,,
20260304,001470,삼부토건,347,0,0,,,,
20260304,001500,현대차증권,10280,-1810,983221,,,,
20260304,001510,SK증권,2973,-670,32348292,,,,
20260304,001515,SK증권우,5480,-1360,78870,,,,
20260304,001520,동양,1662,-142,1256219,,,,
20260304,001525,동양우,8510,-660,12131,,,,
20260304,001527,동양2우B,16840,480,965,,,,
20260304,001530,DI동일,20200,-2000,112755,,,,
20260304,001550,조비,12540,-2010,204888,,,,
20260304,001560,제일연마,11000,470,68593,,,,
20260304,001570,금양,9900,0,0,,,,
20260304,001620,케이비아이동국실업,3665,-635,550175,,,,
20260304,001630,종근당홀딩스,47650,-2950,15834,,,,
20260304,001680,대상,20400,-1550,281996,,,,
20260304,001685,대상우,16680,-790,31636,,,,
20260304,001720,신영증권,169700,-30800,86257,,,,
20260304,001740,SK네트웍스,5000,-590,2468045,,,,
20260304,001750,한양증권,21150,-3550,109718,,,,
20260304,001755,한양증권우,20100,-2100,8991,,,,
20260304,001770,SHD,16250,-890,7585,,,,
20260304,001780,알루코,1922,-228,2206584,,,,
20260304,001790,대한제당,2660,-160,896461,,,,
20260304,001795,대한제당우,2290,-125,147102,,,,
20260304,001800,오리온홀딩스,21950,-1650,349400,,,,
20260304,001820,삼화콘덴서,40100,-9450,507495,,,,
20260304,001940,KISCO홀딩스,23000,-2050,17220,,,,
20260304,002020,코오롱,52100,-12400,139295,,,,
20260304,002025,코오롱우,24700,-4300,9259,,,,
20260304,002030,아세아,277500,-13000,4760,,,,
20260304,002070,비비안,9279,-1007,28671,,,,
20260304,002100,경농,8960,-570,142280,,,,
20260304,002140,고려산업,2870,195,26689497,,,,
20260304,002150,도화엔지니어링,5930,-510,251877,,,,
20260304,002170,SYTS,55700,-3900,5094,,,,
20260304,002200,한국수출포장,2985,-135,356881,,,,
20260304,002210,동성제약,1946,0,0,,,,
20260304,002220,한일철강,3785,-345,292442,,,,
20260304,002240,고려제강,20650,-2500,48852,,,,
20260304,002310,아세아제지,9250,-1110,894255,,,,
20260304,002320,한진,19000,-1400,68651,,,,
20260304,002350,넥센타이어,7560,-920,477672,,,,
20260304,002355,넥센타이어1우B,4095,-400,16524,,,,
20260304,002360,SH에너지화학,5500,700,8132588,,,,
20260304,002380,KCC,495000,-88000,47576,,,,
20260304,002390,한독,10020,-930,93081,,,,
20260304,002410,범양건영,1935,0,0,,,,
20260304,002420,세기상사,5660,-800,2465822,,,,
20260304,002450,삼익악기,1129,-61,465994,,,,
20260304,002460,HS화성,12300,-1300,34831,,,,
20260304,002600,조흥,156600,-2100,269,,,,
20260304,002620,제일파마홀딩스,8600,-160,37161,,,,
20260304,002630,오리엔트바이오,1048,-132,1237147,,,,
20260304,002690,동일제강,1527,-97,50622,,,,
20260304,002700,신일전자,1281,-55,1656470,,,,
20260304,002710,TCC스틸,11930,-2400,328873,,,,
20260304,002720,국제약품,4690,-125,1938531,,,,
20260304,002760,보락,1074,-109,906269,,,,
20260304,002780,진흥기업,700,-63,1655581,,,,
20260304,002785,진흥기업우B,3335,50,7855,,,,
20260304,002787,진흥기업2우B,8180,-200,2827,,,,
20260304,002790,아모레퍼시픽홀딩스,25500,-3000,258404,,,,
20260304,002795,아모레퍼시픽홀딩스우,11850,-1050,33350,,,,
20260304,00279K,아모레퍼시픽홀딩스3우C,22200,-2200,26570,,,,
20260304,002810,삼영무역,18650,-1350,44082,,,,
20260304,002820,SUN&L,2150,-155,61206,,,,
20260304,002840,미원상사,130000,-10000,5375,,,,
20260304,002870,신풍,1042,-118,340091,,,,
20260304,002880,디와이에이,920,-63,249258,,,,
20260304,002900,TYM,5950,-1020,792246,,,,
20260304,002920,유성기업,2120,-160,117394,,,,
20260304,002960,한국쉘석유,476500,-82500,29457,,,,
20260304,002990,금호건설,4150,-740,328302,,,,
20260304,002995,금호건설우,13300,-1160,3299,,,,
20260304,003000,부광약품,4430,-670,2379218,,,,
20260304,003010,혜인,4890,-590,254110,,,,
20260304,003030,세아제강지주,121700,-15300,43122,,,,
20260304,003060,에이프로젠바이오로직스,293,-14,3228503,,,,
20260304,003070,코오롱글로벌,9100,-1120,78315,,,,
20260304,003075,코오롱글로벌우,14100,-1780,2141,,,,
20260304,003080,SB성보,2620,-55,41730,,,,
20260304,003090,대웅,22050,-3850,235893,,,,
20260304,0030R0,대신밸류리츠,4320,-135,121251,,,,
20260304,003120,일성아이에스,21500,-1700,23591,,,,
20260304,003160,디아이,27100,-5450,675001,,,,
20260304,003200,일신방직,12130,-1770,72627,,,,
20260304,003220,대원제약,10240,-870,111789,,,,
20260304,003230,삼양식품,1040000,-132000,79413,,,,
20260304,003240,태광산업,1075000,-213000,7297,,,,
20260304,003280,흥아해운,2905,575,226626086,,,,
20260304,003300,한일홀딩스,16090,-1110,49893,,,,
20260304,003350,한국화장품제조,9040,-940,276080,,,,
20260304,003460,유화증권,3550,-410,485892,,,,
20260304,003465,유화증권우,3525,-60,4529,,,,
20260304,003470,유안타증권,4335,-600,2572964,,,,
20260304,003475,유안타증권우,4100,-450,113222,,,,
20260304,003480,한진중공업홀딩스,4485,-515,258531,,,,
20260304,003490,대한항공,23200,-2000,4888807,,,,
20260304,003495,대한항공우,22600,-1100,25799,,,,
20260304,003520,영진약품,1800,-137,1398424,,,,
20260304,003530,한화투자증권,6290,-1240,9721074,,,,
20260304,003535,한화투자증권우,7610,-1580,150497,,,,
20260304,003540,대신증권,36050,-5350,522768,,,,
20260304,003545,대신증권우,23700,-2700,306681,,,,
20260304,003547,대신증권2우B,22450,-3000,96870,,,,
20260304,003550,LG,91300,-11200,854623,,,,
20260304,003555,LG우,68800,-7200,43783,,,,
20260304,003570,SNT다이내믹스,48000,-8600,427765,,,,
20260304,003580,HLB글로벌,1767,-203,388241,,,,
20260304,003610,방림,5230,-620,270441,,,,
20260304,003620,KG모빌리티,3280,-530,3746757,,,,
20260304,003650,미창석유,122500,-26700,64607,,,,
20260304,003670,포스코퓨처엠,185200,-41300,755094,,,,
20260304,003680,한성기업,4895,-245,100546,,,,
20260304,003690,코리안리,12360,-1090,1270199,,,,
20260304,003720,삼영,6500,-760,1585929,,,,
20260304,003780,진양산업,5540,-360,228010,,,,
20260304,003830,대한화섬,116900,-7700,2853,,,,
20260304,003850,보령,8750,-1060,378771,,,,
20260304,003920,남양유업,46050,-3350,24541,,,,
20260304,003925,남양유업우,32150,-2000,11603,,,,
20260304,003960,사조대림,32850,-2850,32476,,,,
20260304,004000,롯데정밀화학,41950,-7400,155853,,,,
20260304,004020,현대제철,33750,-7650,2528845,,,,
20260304,004060,SG세계물산,5700,-470,1645501,,,,
20260304,004080,신흥,13680,-210,8310,,,,
20260304,004090,한국석유,27450,6300,7783974,,,,
20260304,004100,태양금속,2605,-245,1877983,,,,
20260304,004105,태양금속우,3530,-230,113661,,,,
20260304,004140,동방,2510,-370,7212908,,,,
20260304,004150,한솔홀딩스,3100,-225,503076,,,,
20260304,004170,신세계,320000,-39500,120746,,,,
20260304,004250,NPC,3570,-285,125392,,,,
20260304,004255,NPC우,2310,-100,28695,,,,
20260304,004270,남성,5541,-604,24105,,,,
20260304,004310,현대약품,9290,-1510,1794311,,,,
20260304,004360,세방,13890,-1800,150472,,,,
20260304,004365,세방우,9080,-720,6100,,,,
20260304,004370,농심,387000,-32000,58972,,,,
20260304,004380,삼익THK,13000,0,0,,,,
20260304,004410,서울식품,1850,-270,5133559,,,,
20260304,004415,서울식품우,11240,-980,2849,,,,
20260304,004430,송원산업,8510,-650,244676,,,,
20260304,004440,삼일씨엔에스,5100,-140,117010,,,,
20260304,004450,삼화왕관,27800,-1500,7450,,,,
20260304,004490,세방전지,58300,-7300,111167,,,,
20260304,004540,깨끗한나라,1802,-165,265647,,,,
20260304,004545,깨끗한나라우,10020,-390,2312,,,,
20260304,004560,현대비앤지스틸,16300,-3440,695284,,,,
20260304,004690,삼천리,132000,-15400,51198,,,,
20260304,004700,조광피혁,60300,-10300,15190,,,,
20260304,004710,한솔테크닉스,4795,-774,469176,,,,
20260304,004720,팜젠사이언스,3500,-330,242225,,,,
20260304,004770,써니전자,1418,-149,910561,,,,
20260304,004800,효성,131500,-25000,73130,,,,
20260304,004830,덕성,4230,-550,386882,,,,
20260304,004835,덕성우,5680,-730,34133,,,,
20260304,004840,DRB동일,5500,-410,90255,,,,
20260304,004870,티웨이홀딩스,1655,-185,208554,,,,
20260304,004890,동일산업,37100,-1900,2880,,,,
20260304,004910,조광페인트,4640,-380,156889,,,,
20260304,004920,씨아이테크,981,-116,368606,,,,
20260304,004960,한신공영,11470,-1820,330490,,,,
20260304,004970,신라교역,9500,-230,50412,,,,
20260304,004980,성신양회,8800,-800,379714,,,,
20260304,004985,성신양회우,10250,-970,13856,,,,
20260304,004990,롯데지주,29600,-4100,749604,,,,
20260304,00499K,롯데지주우,27750,-2800,5900,,,,
20260304,005010,휴스틸,3970,-460,846968,,,,
20260304,005030,부산주공,486,0,0,,,,
20260304,005070,코스모신소재,42500,-9500,613615,,,,
20260304,005090,SGC에너지,39100,-8500,391885,,,,
20260304,005110,한창,1254,0,0,,,,
20260304,005180,빙그레,74000,-4200,74285,,,,
20260304,005250,녹십자홀딩스,13730,-1690,214284,,,,
20260304,005257,녹십자홀딩스2우,22600,-1500,1780,,,,
20260304,005300,롯데칠성,121000,-11800,34278,,,,
20260304,005305,롯데칠성우,81500,-6000,2978,,,,
20260304,005320,온타이드,1122,-20,640257,,,,
20260304,005360,모나미,1627,-160,161347,,,,
20260304,005380,현대차,501000,-94000,4855346,,,,
20260304,005385,현대차우,242000,-40000,482234,,,,
20260304,005387,현대차2우B,244500,-37000,714372,,,,
20260304,005389,현대차3우B,231500,-36500,83950,,,,
20260304,005420,코스모화학,12720,-2780,468003,,,,
20260304,005430,한국공항,56100,-7700,17158,,,,
20260304,005440,현대지에프홀딩스,13810,-1290,973323,,,,
20260304,005490,POSCO홀딩스,321500,-53000,1237021,,,,
20260304,005500,삼진제약,17240,-1300,92333,,,,
20260304,005610,삼립,49450,-3350,19973,,,,
20260304,005680,삼영전자,11070,-980,92426,,,,
20260304,005690,파미셀,12640,-2360,1542358,,,,
20260304,005720,넥센,6330,-330,244453,,,,
20260304,005725,넥센우,4460,-45,1794,,,,
20260304,005740,크라운해태홀딩스,6310,-500,122453,,,,
20260304,005745,크라운해태홀딩스우,7200,-450,4366,,,,
20260304,005750,대림바스,4620,-560,106911,,,,
20260304,005800,신영와코루,15440,-1180,33768,,,,
20260304,005810,풍산홀딩스,36500,-4650,275270,,,,
20260304,005820,원림,15250,-1140,6665,,,,
20260304,005830,DB손해보험,175500,-11200,438891,,,,
20260304,005850,에스엘,59900,-8400,359465,,,,
20260304,005870,휴니드,7900,-1350,3137933,,,,
20260304,005880,대한해운,2230,-590,141910365,,,,
20260304,005930,삼성전자,172200,-22900,89427954,,,,
20260304,005935,삼성전자우,114800,-14400,13351762,,,,
20260304,005940,NH투자증권,28800,-4500,1927329,,,,
20260304,005945,NH투자증권우,22050,-2650,393934,,,,
20260304,005950,이수화학,7160,-1450,545172,,,,
20260304,005960,동부건설,7900,-980,571466,,,,
20260304,005965,동부건설우,17840,-1630,4293,,,,
20260304,006040,동원산업,37600,-3900,148206,,,,
20260304,006060,화승인더,3185,-215,405535,,,,
20260304,006090,사조오양,8000,-550,38407,,,,
20260304,006110,삼아알미늄,24700,-4700,199158,,,,
20260304,006120,SK디스커버리,50400,-7000,47402,,,,
20260304,006125,SK디스커버리우,35800,-3700,5739,,,,
20260304,006200,한국전자홀딩스,3470,-365,123270,,,,
20260304,006220,제주은행,12500,-2200,847259,,,,
20260304,006260,LS,233000,-32500,303429,,,,
20260304,006280,녹십자,138700,-23400,99969,,,,
20260304,006340,대원전선,5000,-930,12356606,,,,
20260304,006345,대원전선우,3725,-390,120973,,,,
20260304,006360,GS건설,18750,-2600,1649131,,,,
20260304,006370,대구백화점,4230,-415,60438,,,,
20260304,006380,카프로,3660,0,0,,,,
20260304,006400,삼성SDI,351000,-57000,1895549,,,,
20260304,006405,삼성SDI우,202000,-34000,47912,,,,
20260304,006490,프리티,2200,-125,162088,,,,
20260304,006570,대림통상,1914,-86,23166,,,,
20260304,006650,대한유화,133600,-31500,117906,,,,
20260304,006660,삼성공조,10950,-1800,159672,,,,
20260304,006740,블루산업개발,1234,-113,232525,,,,
20260304,006800,미래에셋증권,56256,-10056,8908726,,,,
20260304,006805,미래에셋증권우,19563,-3449,671148,,,,
20260304,00680K,미래에셋증권2우B,17942,-3069,1938853,,,,
20260304,006840,AK홀딩스,7860,-370,38650,,,,
20260304,006880,신송홀딩스,6490,-380,724720,,,,
20260304,006890,태경케미컬,7000,-600,82360,,,,
20260304,006980,우성,19890,-2160,23472,,,,
20260304,007070,GS리테일,18660,-2390,465595,,,,
20260304,007110,일신석재,1513,-226,2001585,,,,
20260304,007120,미래아이앤지,1140,-55,251380,,,,
20260304,007160,사조산업,51300,-7500,36592,,,,
20260304,007210,벽산,1796,-166,770306,,,,
20260304,007280,한국특강,2567,-152,51674,,,,
20260304,007310,오뚜기,362500,-26000,19219,,,,
20260304,007340,DN오토모티브,23350,-3150,456526,,,,
20260304,007460,에이프로젠,322,-33,13067894,,,,
20260304,007540,샘표,52700,-4900,45918,,,,
20260304,007570,일양약품,14600,0,0,,,,
20260304,007575,일양약품우,15260,0,0,,,,
20260304,007590,동방아그로,5760,-140,18520,,,,
20260304,007610,선도전기,3000,0,0,,,,
20260304,007660,이수페타시스,98800,-16200,1879141,,,,
20260304,007690,국도화학,34250,-3650,26485,,,,
20260304,007700,F&F홀딩스,17630,-1990,59035,,,,
20260304,007810,코리아써키트,45100,-7900,356152,,,,
20260304,007815,코리아써우,14000,-2110,11679,,,,
20260304,00781K,코리아써키트2우B,11610,-1040,2077,,,,
20260304,007860,서연,8950,-1460,314222,,,,
20260304,007980,TP,1734,-187,1013918,,,,
20260304,008040,사조동아원,1054,-10,6513102,,,,
20260304,008060,대덕,10550,-1050,243396,,,,
20260304,00806K,대덕1우,9100,-530,17344,,,,
20260304,008250,이건산업,3590,-420,127829,,,,
20260304,008260,NI스틸,3350,-310,274239,,,,
20260304,008350,남선알미늄,1206,36,37987359,,,,
20260304,008355,남선알미우,12310,-1450,7581,,,,
20260304,008420,문배철강,2010,-125,220312,,,,
20260304,008490,서흥,20100,-2050,37508,,,,
20260304,008600,윌비스,2720,0,0,,,,
20260304,008700,아남전자,1117,-100,1197487,,,,
20260304,008730,율촌화학,22100,-3100,158745,,,,
20260304,008770,호텔신라,41600,-3650,463030,,,,
20260304,008775,호텔신라우,32200,-3800,8576,,,,
20260304,008870,금비,45600,-2200,3952,,,,
20260304,008930,한미사이언스,34900,-5550,486709,,,,
20260304,008970,KBI동양철관,1459,-207,2901055,,,,
20260304,009070,KCTC,5830,-1270,1924585,,,,
20260304,009140,경인전자,20200,-1100,5207,,,,
20260304,009150,삼성전기,362500,-46500,1314788,,,,
20260304,009155,삼성전기우,144000,-25300,112320,,,,
20260304,009160,SIMPAC,4800,-450,213211,,,,
20260304,009180,한솔로지스틱스,2850,-245,2622314,,,,
20260304,009190,대양금속,1105,-79,366344,,,,
20260304,009200,무림페이퍼,1936,-94,493116,,,,
20260304,009240,한샘,41000,-5150,98142,,,,
20260304,009270,신원,1296,-124,2340094,,,,
20260304,009290,광동제약,7630,-1010,1347397,,,,
20260304,009310,참엔지니어링,996,-222,680230,,,,
20260304,009320,아진전자부품,931,-121,558464,,,,
20260304,009410,태영건설,1600,-196,1073686,,,,
20260304,009415,태영건설우,5990,-550,4411,,,,
20260304,009420,한올바이오파마,49200,-10600,689584,,,,
20260304,009440,KC그린홀딩스,756,0,0,,,,
20260304,009450,경동나비엔,55100,-6600,91419,,,,
20260304,009460,한창제지,2500,-145,63333,,,,
20260304,009470,삼화전기,33650,-7850,309374,,,,
20260304,009540,HD한국조선해양,379000,-62500,556756,,,,
20260304,009580,무림P&P,2365,-120,259432,,,,
20260304,009680,모토닉,9970,-780,102523,,,,
20260304,009770,삼정펄프,33250,-3050,6228,,,,
20260304,009810,MDS스피어,2013,-150,113702,,,,
20260304,009830,한화솔루션,37682,-7923,6369441,,,,
20260304,009835,한화솔루션우,21721,-3749,96916,,,,
20260304,009900,명신산업,8600,-1470,904900,,,,
20260304,009970,영원무역홀딩스,214000,-30000,32272,,,,
20260304,010040,한국내화,1970,-105,201324,,,,
20260304,010060,OCI홀딩스,120600,-27600,257796,,,,
20260304,010100,한국무브넥스,4180,-990,1354185,,,,
20260304,010120,LS ELECTRIC,125200,-17600,1518565,,,,
20260304,010130,고려아연,1632000,-351000,52732,,,,
20260304,010140,삼성중공업,23500,-4500,9682363,,,,
20260304,010400,우진아이엔에스,3495,-210,69179,,,,
20260304,010580,에스엠벡셀,1832,-183,453365,,,,
20260304,010640,진양폴리,2355,-285,141255,,,,
20260304,010660,화천기계,5220,-560,827766,,,,
20260304,010690,화신,11550,-1930,999140,,,,
20260304,010770,평화홀딩스,3625,-430,188620,,,,
20260304,010780,아이에스동서,27100,-2900,236246,,,,
20260304,010820,퍼스텍,6710,-1280,15977410,,,,
20260304,010950,S-Oil,126500,-14800,10815571,,,,
20260304,010955,S-Oil우,58300,-7400,591224,,,,
20260304,010960,삼호개발,3740,-335,160754,,,,
20260304,011000,진원생명과학,5030,-670,485124,,,,
20260304,011070,LG이노텍,246000,-39000,380687,,,,
20260304,011090,에넥스,2100,-280,111784,,,,
20260304,011150,CJ씨푸드,2555,-195,943234,,,,
20260304,011155,CJ씨푸드1우,14350,-150,1588,,,,
20260304,011170,롯데케미칼,71800,-12500,291499,,,,
20260304,011200,HMM,20500,-4000,8383381,,,,
20260304,011210,현대위아,78400,-19200,635722,,,,
20260304,011230,삼화전자,2210,-385,456059,,,,
20260304,011280,태림포장,1827,-168,337081,,,,
20260304,011300,우성머티리얼스,3300,-310,221633,,,,
20260304,011330,유니켐,10780,-240,85166,,,,
20260304,011390,부산산업,70600,-8600,24907,,,,
20260304,011420,갤럭시아에스엠,1602,-187,534615,,,,
20260304,011500,한농화성,19550,-4450,987788,,,,
20260304,011690,와이투솔루션,6610,-880,2018110,,,,
20260304,011700,한신기계,3750,-815,1882798,,,,
20260304,011760,현대코퍼레이션,24400,-2900,217876,,,,
20260304,011780,금호석유화학,120700,-17800,211704,,,,
20260304,011785,금호석유화학우,59200,-6000,28460,,,,
20260304,011790,SKC,82714,-16355,688033,,,,
20260304,011810,STX,3530,0,0,,,,
20260304,011930,신성이엔지,18540,-3060,1467702,,,,
20260304,012030,DB,1699,-181,3492140,,,,
20260304,0120G0,삼양바이오팜,76200,-18300,177308,,,,
20260304,012160,영흥,2620,-290,102438,,,,
20260304,012170,아센디오,1263,-203,296598,,,,
20260304,012200,계양전기,6411,-1106,1950215,,,,
20260304,012205,계양전기우,5346,-1054,96225,,,,
20260304,012280,영화금속,1011,-75,747758,,,,
20260304,012320,경동인베스트,79700,-6800,51630,,,,
20260304,012330,현대모비스,399000,-69500,595147,,,,
20260304,012450,한화에어로스페이스,1323000,-109000,1191514,,,,
20260304,012610,경인양행,3685,-550,949402,,,,
20260304,012630,HDC,22600,-2950,417694,,,,
20260304,012690,모나리자,1961,-119,313029,,,,
20260304,0126Z0,삼성에피스홀딩스,525000,-73000,108486,,,,
20260304,012750,에스원,80900,-6300,98345,,,,
20260304,012800,대창,1298,-137,1965480,,,,
20260304,013000,세우글로벌,1031,-76,235793,,,,
20260304,013360,일성건설,1568,-132,847915,,,,
20260304,013520,화승코퍼레이션,2770,-415,1764031,,,,
20260304,013570,디와이,4415,-675,285206,,,,
20260304,013580,계룡건설,24200,-3450,212405,,,,
20260304,013700,까뮤이앤씨,1164,-86,237937,,,,
20260304,013870,지엠비코리아,4785,-555,228673,,,,
20260304,013890,지누스,11020,-1160,145912,,,,
20260304,014130,한익스프레스,2710,-175,62789,,,,
20260304,014160,대영포장,940,-85,1170148,,,,
20260304,014280,금강공업,4655,-445,255275,,,,
20260304,014285,금강공업우,6460,-690,10802,,,,
20260304,014440,영보화학,4485,-375,143848,,,,
20260304,014530,극동유화,5990,1375,18345117,,,,
20260304,014580,태경비케이,4110,-335,406454,,,,
20260304,014680,한솔케미칼,283500,-31000,132295,,,,
20260304,014710,사조씨푸드,7330,-1220,110153,,,,
20260304,014790,HL D&I,3165,-365,350711,,,,
20260304,014820,동원시스템즈,22900,-2650,81345,,,,
20260304,014825,동원시스템즈우,15900,-760,1198,,,,
20260304,014830,유니드,71800,-8100,66895,,,,
20260304,014910,성문전자,1505,-190,552220,,,,
20260304,014915,성문전자우,4200,-75,15105,,,,
20260304,014990,인디에프,3755,-410,90987,,,,
20260304,015020,이스타코,836,-32,202876,,,,
20260304,015230,대창단조,6010,-670,242542,,,,
20260304,015260,에이엔피,433,-77,847064,,,,
20260304,015360,INVENI,14240,-920,117515,,,,
20260304,015590,DKME,2575,0,0,,,,
20260304,015760,한국전력,45550,-5350,6777742,,,,
20260304,015860,일진홀딩스,7640,-1180,508718,,,,
20260304,015890,태경산업,4565,-295,228322,,,,
20260304,016090,대현,1615,-73,360074,,,,
20260304,016360,삼성증권,88000,-12500,957753,,,,
20260304,016380,KG스틸,5330,-510,824048,,,,
20260304,016450,한세예스24홀딩스,4570,-360,180194,,,,
20260304,016580,환인제약,10030,-660,93822,,,,
20260304,016590,신대양제지,12310,-1970,67917,,,,
20260304,016610,DB증권,12700,-1820,457728,,,,
20260304,016710,대성홀딩스,8650,-590,163227,,,,
20260304,016740,두올,4050,-400,261215,,,,
20260304,016800,퍼시스,40900,-1000,1827,,,,
20260304,016880,웅진,1860,-215,2336228,,,,
20260304,017040,광명전기,1200,-180,1045903,,,,
20260304,017180,명문제약,1710,-152,287152,,,,
20260304,017370,우신시스템,5650,-570,356911,,,,
20260304,017390,서울가스,66500,-7300,178380,,,,
20260304,017550,수산세보틱스,1695,-190,883758,,,,
20260304,017670,SK텔레콤,70300,-7900,1891071,,,,
20260304,017800,현대엘리베이터,81600,-13000,545732,,,,
20260304,017810,풀무원,11500,-1100,158253,,,,
20260304,017860,DS단석,15610,-2390,226281,,,,
20260304,017900,광전자,1763,-162,245893,,,,
20260304,017940,E1,93000,-10600,88979,,,,
20260304,017960,한국카본,36300,-4300,982361,,,,
20260304,018250,애경산업,13310,-1720,118060,,,,
20260304,018260,삼성에스디에스,156200,-21400,482591,,,,
20260304,018470,조일알미늄,1095,-103,3019771,,,,
20260304,018500,동원모빌리티,1400,-153,674637,,,,
20260304,018670,SK가스,217500,-45000,138461,,,,
20260304,018880,한온시스템,3680,-495,29313837,,,,
20260304,019170,신풍제약,10150,-1150,319334,,,,
20260304,019175,신풍제약우,15000,-2700,14255,,,,
20260304,019180,티에이치엔,6500,-1020,574376,,,,
20260304,019490,엑시큐어하이트론,541,0,0,,,,
20260304,019680,대교,1510,-97,129149,,,,
20260304,019685,대교우B,1046,-42,52323,,,,
20260304,020000,한섬,21600,-1800,437997,,,,
20260304,020120,키다리스튜디오,3155,-310,550320,,,,
20260304,020150,롯데에너지머티리얼즈,33250,-6900,587065,,,,
20260304,020560,아시아나항공,6770,-570,344330,,,,
20260304,020760,일진디스플,902,0,0,,,,
20260304,021050,서원,1217,-113,1562117,,,,
20260304,021240,코웨이,73800,-7600,716752,,,,
20260304,021820,세원정공,14580,-1970,42467,,,,
20260304,022100,포스코DX,28850,-6150,1429730,,,,
20260304,023000,삼원강재,2265,-135,81922,,,,
20260304,023150,MH에탄올,3990,-160,45047,,,,
20260304,023350,한국종합기술,4220,-365,125061,,,,
20260304,023450,동남합성,30500,-500,2311,,,,
20260304,023530,롯데쇼핑,92100,-11600,225672,,,,
20260304,023590,다우기술,44150,-7150,199860,,,,
20260304,023800,인지컨트롤스,6220,-760,242754,,,,
20260304,023810,인팩,7200,-950,103183,,,,
20260304,023960,에쓰씨엔지니어링,1301,-151,359648,,,,
20260304,024070,WISCOM,1830,-156,55951,,,,
20260304,024090,디씨엠,11900,-470,21373,,,,
20260304,024110,기업은행,22400,-2700,2406481,,,,
20260304,024720,콜마홀딩스,8740,-1230,246600,,,,
20260304,024890,대원화성,3670,-260,61289,,,,
20260304,024900,디와이덕양,1885,-215,414277,,,,
20260304,025000,KPX케미칼,50000,-2800,17803,,,,
20260304,025530,SJM홀딩스,3465,-265,41916,,,,
20260304,025540,한국단자,67200,-9700,75948,,,,
20260304,025560,미래산업,2414,-466,882060,,,,
20260304,025620,차AI헬스케어,8800,-1100,75800,,,,
20260304,025750,한솔홈데코,2820,-215,216059,,,,
20260304,025820,이구산업,4690,-730,974845,,,,
20260304,025860,남해화학,7010,-340,930203,,,,
20260304,025890,한국주강,1521,-103,83868,,,,
20260304,026890,스틱인베스트먼트,10250,-1560,209256,,,,
20260304,026940,부국철강,1890,-135,181740,,,,
20260304,026960,동서,24650,-2200,230813,,,,
20260304,027410,BGF,4000,-295,365760,,,,
20260304,027740,마니커,1536,-104,446605,,,,
20260304,027970,한국제지,3890,-160,44955,,,,
20260304,028050,삼성E&A,30900,-4250,1500748,,,,
20260304,028100,동아지질,16300,-1100,115705,,,,
20260304,028260,삼성물산,272000,-45000,993497,,,,
20260304,02826K,삼성물산우B,165600,-27200,38984,,,,
20260304,028670,팬오션,5150,-1050,23788904,,,,
20260304,029460,케이씨,28100,-4050,96375,,,,
20260304,029530,신도리코,50700,-5400,37003,,,,
20260304,029780,삼성카드,57300,-4600,203957,,,,
20260304,030000,제일기획,19790,-1560,834567,,,,
20260304,030190,NICE평가정보,15630,-1090,151311,,,,
20260304,030200,KT,54900,-8100,1088433,,,,
20260304,030210,다올투자증권,4100,-345,903394,,,,
20260304,030610,교보증권,11600,-1710,402845,,,,
20260304,030720,동원수산,5550,-350,49746,,,,
20260304,031210,서울보증보험,52300,-4400,170920,,,,
20260304,031430,신세계인터내셔날,11450,-1220,233967,,,,
20260304,031820,아이티센씨티에스,7140,-650,340414,,,,
20260304,032350,롯데관광개발,18990,-2960,2226697,,,,
20260304,032560,황금에스티,5660,-500,119328,,,,
20260304,032640,LG유플러스,14580,-1530,1859731,,,,
20260304,032830,삼성생명,197500,-24000,624203,,,,
20260304,033240,자화전자,31000,-10600,935398,,,,
20260304,033250,체시스,4650,-410,112587,,,,
20260304,033270,유나이티드제약,18740,-1510,76410,,,,
20260304,033530,SJG세종,7650,-1580,789969,,,,
20260304,033780,KT&G,151600,-10700,468822,,,,
20260304,033920,무학,9000,-690,183000,,,,
20260304,034020,두산에너빌리티,80600,-16300,13364978,,,,
20260304,034120,SBS,16490,-1500,63185,,,,
20260304,034220,LG디스플레이,11000,-1860,10631915,,,,
20260304,034230,파라다이스,16100,-2500,1141688,,,,
20260304,034310,NICE,13220,-1240,97946,,,,
20260304,034590,인천도시가스,26400,-900,15938,,,,
20260304,034730,SK,330000,-49500,491688,,,,
20260304,03473K,SK우,236000,-35000,18052,,,,
20260304,034830,한국토지신탁,1408,-134,4982515,,,,
20260304,035000,HS애드,8170,-420,42656,,,,
20260304,035150,백산,12620,-570,85650,,,,
20260304,035250,강원랜드,17370,-1370,1629664,,,,
20260304,035420,NAVER,208000,-28000,2051989,,,,
20260304,035510,신세계 I&C,14870,-1670,331365,,,,
20260304,035720,카카오,47050,-9150,6214956,,,,
20260304,036420,콘텐트리중앙,6010,-780,171502,,,,
20260304,036460,한국가스공사,36150,-4450,2212141,,,,
20260304,036530,SNT홀딩스,52700,-8400,55575,,,,
20260304,036570,NC,195600,-23900,205937,,,,
20260304,036580,팜스코,3240,-465,308788,,,,
20260304,037270,YG PLUS,5640,-640,2068227,,,,
20260304,037560,LG헬로비전,2130,-230,414125,,,,
20260304,037710,광주신세계,35150,-3250,46320,,,,
20260304,039130,하나투어,39950,-4950,183352,,,,
20260304,039490,키움증권,372500,-52000,222112,,,,
20260304,039570,HDC랩스,8090,-240,67263,,,,
20260304,041650,상신브레이크,2455,-195,131957,,,,
20260304,042660,한화오션,108500,-26900,4515106,,,,
20260304,042700,한미반도체,259000,-23000,4796391,,,,
20260304,044380,주연테크,1530,-150,70864,,,,
20260304,044450,KSS해운,10530,-2120,3131775,,,,
20260304,044820,코스맥스비티아이,12520,-1600,100009,,,,
20260304,047040,대우건설,7550,-1350,19864708,,,,
20260304,047050,포스코인터내셔널,59000,-11400,1185142,,,,
20260304,047400,유니온머티리얼,1300,-169,867706,,,,
20260304,047810,한국항공우주,158500,-39100,2680432,,,,
20260304,049800,우진플라임,2325,-375,148734,,,,
20260304,051600,한전KPS,51200,-6900,473684,,,,
20260304,051630,진양화학,2000,-200,133931,,,,
20260304,051900,LG생활건강,225000,-28500,162688,,,,
20260304,051905,LG생활건강우,106000,-7900,26455,,,,
20260304,051910,LG화학,307000,-54000,720462,,,,
20260304,051915,LG화학우,148300,-26400,125824,,,,
20260304,052690,한전기술,132900,-26700,525030,,,,
20260304,053210,스카이라이프,4860,-150,153746,,,,
20260304,053690,한미글로벌,16340,-2860,285208,,,,
20260304,055490,테이팩스,13520,-1760,64900,,,,
20260304,055550,신한지주,88800,-7900,3419674,,,,
20260304,058430,포스코스틸리온,4055,-555,931770,,,,
20260304,058650,세아홀딩스,142600,-12400,16677,,,,
20260304,058730,다스코,2920,-360,396830,,,,
20260304,058850,KTcs,2505,-200,911181,,,,
20260304,058860,KTis,2695,-185,487745,,,,
20260304,060980,HL홀딩스,40700,-6200,90815,,,,
20260304,062040,산일전기,128000,-22200,395435,,,,
20260304,063160,종근당바이오,18560,-1740,61448,,,,
20260304,064350,현대로템,202000,-47000,3080115,,,,
20260304,064400,LG씨엔에스,57900,-9700,1390992,,,,
20260304,064960,SNT모티브,31200,-4600,240722,,,,
20260304,066570,LG전자,109000,-18600,2558128,,,,
20260304,066575,LG전자우,50100,-8000,425635,,,,
20260304,066970,엘앤에프,93200,-19200,629412,,,,
20260304,067830,세이브존I&C,2800,-260,455044,,,,
20260304,068270,셀트리온,188155,-26307,1611301,,,,
20260304,068290,삼성출판사,8640,-970,94949,,,,
20260304,069260,TKG휴켐스,16900,-1940,208209,,,,
20260304,069460,대호에이엘,2585,-205,746748,,,,
20260304,069620,대웅제약,156000,-22600,54141,,,,
20260304,069640,한세엠케이,1100,-66,98131,,,,
20260304,069730,DSR제강,3910,-320,145977,,,,
20260304,069960,현대백화점,90500,-12000,240014,,,,
20260304,070960,모나용평,2865,-300,276873,,,,
20260304,071050,한국금융지주,206500,-34000,599013,,,,
20260304,071055,한국금융지주우,150100,-20300,76847,,,,
20260304,071090,하이스틸,3165,-415,342159,,,,
20260304,071320,지역난방공사,83600,-6300,79415,,,,
20260304,071840,롯데하이마트,7620,-680,87853,,,,
20260304,071950,코아스,2090,-895,985254,,,,
20260304,071970,HD현대마린엔진,72100,-11600,422839,,,,
20260304,072130,유엔젤,4355,-275,176518,,,,
20260304,072710,농심홀딩스,87900,-9400,23808,,,,
20260304,073240,금호타이어,5690,-1040,1483540,,,,
20260304,074610,이엔플러스,5110,0,0,,,,
20260304,075180,새론오토모티브,3165,15,40619,,,,
20260304,075580,세진중공업,14800,-3160,490750,,,,
20260304,077500,유니퀘스트,5490,-860,415844,,,,
20260304,077970,STX엔진,26100,-5800,477167,,,,
20260304,078000,텔코웨어,16490,-1370,104020,,,,
20260304,078520,에이블씨엔씨,9560,-960,271288,,,,
20260304,078930,GS,61400,-9100,1170699,,,,
20260304,078935,GS우,50700,-5800,32699,,,,
20260304,079160,CJ CGV,4850,-370,1403072,,,,
20260304,079430,현대리바트,6700,-470,186587,,,,
20260304,079550,LIG디펜스앤에어로스페이스,619000,-42000,2187274,,,,
20260304,079900,전진건설로봇,46850,-9650,195444,,,,
20260304,079980,휴비스,2340,-300,319499,,,,
20260304,081000,일진다이아,13030,-1560,174346,,,,
20260304,081660,미스토홀딩스,47000,-1950,322075,,,,
20260304,082640,동양생명,6700,-540,968492,,,,
20260304,082740,한화엔진,43550,-7650,1078832,,,,
20260304,083420,그린케미칼,5100,-840,204720,,,,
20260304,084010,대한제강,10620,-1490,145982,,,,
20260304,084670,동양고속,40100,-5900,90537,,,,
20260304,084680,이월드,1441,-149,1066515,,,,
20260304,084690,대상홀딩스,8900,-950,313633,,,,
20260304,084695,대상홀딩스우,12640,-1190,29807,,,,
20260304,084870,TBH글로벌,1780,-205,186352,,,,
20260304,085310,엔케이,9180,-770,150444,,,,
20260304,085620,미래에셋생명,10440,-1760,812684,,,,
20260304,086280,현대글로비스,232000,-27500,420062,,,,
20260304,086790,하나금융지주,105500,-14600,1522733,,,,
20260304,088260,이리츠코크렙,4550,-200,100250,,,,
20260304,088350,한화생명,4175,-630,17577955,,,,
20260304,088790,진도,2185,-85,137585,,,,
20260304,088980,맥쿼리인프라,11110,-220,6812770,,,,
20260304,089470,HDC현대EP,5150,-730,343205,,,,
20260304,089590,제주항공,5060,-560,912111,,,,
20260304,089860,롯데렌탈,31750,-1250,121176,,,,
20260304,090080,평화산업,840,-102,665070,,,,
20260304,090350,노루페인트,7700,-940,425840,,,,
20260304,090355,노루페인트우,12070,-710,1445,,,,
20260304,090370,메타랩스,1417,-165,315097,,,,
20260304,090430,아모레퍼시픽,125400,-13200,436796,,,,
20260304,090435,아모레퍼시픽우,43550,-5100,49607,,,,
20260304,090460,비에이치,15130,-2660,511360,,,,
20260304,091810,트리니티항공,1158,-124,1306459,,,,
20260304,092200,디아이씨,8090,-1360,1809763,,,,
20260304,092220,KEC,5750,-660,1296084,,,,
20260304,092230,KPX홀딩스,76100,-6000,3749,,,,
20260304,092440,기신정기,2185,-130,48179,,,,
20260304,092780,DYP,4200,-540,268595,,,,
20260304,092790,넥스틸,9910,-1520,344029,,,,
20260304,093050,LF,20000,-1750,101487,,,,
20260304,093240,형지엘리트,1008,-139,2406887,,,,
20260304,093370,후성,6270,-1190,1134121,,,,
20260304,094280,효성ITX,11950,-550,118301,,,,
20260304,094800,맵스리얼티,6270,-720,230533,,,,
20260304,095570,AJ네트웍스,4710,-460,747884,,,,
20260304,095720,웅진씽크빅,1973,-228,268645,,,,
20260304,096760,JW홀딩스,3670,-380,325606,,,,
20260304,096770,SK이노베이션,109000,-21900,2479816,,,,
20260304,096775,SK이노베이션우,69900,-10000,35807,,,,
20260304,097230,HJ중공업,19340,-4010,2768497,,,,
20260304,097520,엠씨넥스,22550,-3150,123349,,,,
20260304,097950,CJ제일제당,190300,-17200,174778,,,,
20260304,097955,CJ제일제당 우,128700,-7100,18301,,,,
20260304,100090,SK오션플랜트,15250,-2950,682194,,,,
20260304,100220,비상교육,4850,-440,85404,,,,
20260304,100250,진양홀딩스,3005,-95,191261,,,,
20260304,100840,SNT에너지,35850,-7900,407785,,,,
20260304,101140,인바이오젠,7800,-1220,20994,,,,
20260304,101530,해태제과식품,6240,-420,107634,,,,
20260304,102260,동성케미컬,3990,-310,386355,,,,
20260304,102460,이연제약,9960,-670,169455,,,,
20260304,103140,풍산,112100,-18500,2482464,,,,
20260304,103590,일진전기,72400,-10800,838303,,,,
20260304,104700,한국철강,9020,-830,56845,,,,
20260304,105560,KB금융,137700,-15800,2845836,,,,
20260304,105630,한세실업,12290,-1420,219197,,,,
20260304,105840,우진,18900,-4050,1251179,,,,
20260304,107590,미원홀딩스,68700,-700,880,,,,
20260304,108320,LX세미콘,47200,-6300,239876,,,,
20260304,108670,LX하우시스,27900,-2700,60700,,,,
20260304,108675,LX하우시스우,15550,-1250,12045,,,,
20260304,109070,주성코퍼레이션,712,-70,293423,,,,
20260304,111110,호전실업,7500,-390,121255,,,,
20260304,111380,동인기연,13620,-1500,15581,,,,
20260304,111770,영원무역,86000,-12000,197317,,,,
20260304,112610,씨에스윈드,42400,-7900,683007,,,,
20260304,114090,GKL,12250,-600,378392,,,,
20260304,117580,대성에너지,13580,3130,10959821,,,,
20260304,118000,메타케어,3020,-230,201600,,,,
20260304,119650,KC코트렐,918,0,0,,,,
20260304,120030,조선선재,93500,-8900,10558,,,,
20260304,120110,코오롱인더,55700,-11700,639563,,,,
20260304,120115,코오롱인더우,25750,-3050,26183,,,,
20260304,122900,아이마켓코리아,7270,-480,237225,,,,
20260304,123690,한국화장품,7800,-1300,431217,,,,
20260304,123700,SJM,3405,-395,92944,,,,
20260304,123890,한국자산신탁,2610,-280,1155589,,,,
20260304,126560,현대퓨처넷,3150,-215,308047,,,,
20260304,126720,수산인더스트리,23300,-2950,100776,,,,
20260304,128820,대성산업,9130,-1740,31214716,,,,
20260304,128940,한미약품,478000,-93000,151466,,,,
20260304,129260,인터지스,2395,-165,483645,,,,
20260304,130660,한전산업,17750,-3800,2462183,,,,
20260304,133820,화인베스틸,1203,-163,350154,,,,
20260304,134380,미원화학,10690,-210,11620,,,,
20260304,134790,시디즈,18770,-1200,3896,,,,
20260304,136490,선진,10470,-1430,325498,,,,
20260304,137310,에스디바이오센서,7260,-920,312391,,,,
20260304,138040,메리츠금융지주,109800,-10500,448492,,,,
20260304,138930,BNK금융지주,17640,-2040,1506501,,,,
20260304,139130,iM금융지주,16280,-1820,1921451,,,,
20260304,139480,이마트,88700,-12100,428985,,,,
20260304,139990,아주스틸,2910,-190,129588,,,,
20260304,143210,핸즈코퍼레이션,975,-154,66979,,,,
20260304,145210,다이나믹디자인,3230,-400,60617,,,,
20260304,145270,케이탑리츠,903,-6,427629,,,,
20260304,145720,덴티움,44100,-4600,92097,,,,
20260304,145990,삼양사,45100,-5300,23496,,,,
20260304,145995,삼양사우,34600,-1550,992,,,,
20260304,155660,DSR,3770,-155,127663,,,,
20260304,161000,애경케미칼,8910,-1130,412276,,,,
20260304,161390,한국타이어앤테크놀로지,58200,-8600,763218,,,,
20260304,161890,한국콜마,64200,-8600,382024,,,,
20260304,163560,동일고무벨트,6350,-440,93046,,,,
20260304,170900,동아에스티,44730,-3147,64681,,,,
20260304,175330,JB금융지주,28300,-2850,917598,,,,
20260304,178920,PI첨단소재,16620,-2920,407737,,,,
20260304,180640,한진칼,113000,-23500,196158,,,,
20260304,18064K,한진칼우,37000,-3100,14389,,,,
20260304,181710,NHN,33200,-3500,122795,,,,
20260304,183190,아세아시멘트,11290,-1040,207165,,,,
20260304,185750,종근당,81500,-10000,72762,,,,
20260304,192080,더블유게임즈,47300,-4600,172445,,,,
20260304,192400,쿠쿠홀딩스,27350,-1500,151530,,,,
20260304,192650,드림텍,6480,-730,934499,,,,
20260304,192820,코스맥스,160700,-16400,127848,,,,
20260304,194370,제이에스코퍼레이션,11150,-1550,248293,,,,
20260304,195870,해성디에스,48400,-11500,411441,,,,
20260304,200880,서연이화,12600,-2400,380221,,,,
20260304,204320,HL만도,48000,-9600,998624,,,,
20260304,207940,삼성바이오로직스,1516000,-165000,83414,,,,
20260304,210540,디와이파워,12870,-1400,175151,,,,
20260304,210980,SK디앤디,12160,-500,213014,,,,
20260304,213500,한솔제지,8030,-620,323070,,,,
20260304,214320,이노션,18570,-1240,365148,,,,
20260304,214330,금호에이치티,12839,-788,78187,,,,
20260304,214390,경보제약,5210,-520,132148,,,,
20260304,214420,토니모리,6250,-950,514520,,,,
20260304,217590,티엠씨,11800,-2650,214848,,,,
20260304,226320,잇츠한불,9900,-1110,41716,,,,
20260304,227840,현대코퍼레이션홀딩스,11700,-1180,87878,,,,
20260304,229640,LS에코에너지,37950,-7050,244998,,,,
20260304,234080,JW생명과학,12200,-850,160975,,,,
20260304,241560,두산밥캣,53100,-11800,826949,,,,
20260304,241590,화승엔터프라이즈,4700,-520,427129,,,,
20260304,244920,에이플러스에셋,12350,-1150,375150,,,,
20260304,248070,솔루엠,16130,-1970,477908,,,,
20260304,248170,샘표식품,26350,-2350,48208,,,,
20260304,249420,일동제약,29700,-6100,620216,,,,
20260304,251270,넷마블,45750,-5650,385194,,,,
20260304,259960,크래프톤,211000,-25000,214442,,,,
20260304,264900,크라운제과,8250,-360,59410,,,,
20260304,26490K,크라운제과우,8870,-240,7624,,,,
20260304,267250,HD현대,261500,-29500,506567,,,,
20260304,267260,HD현대일렉트릭,871000,-116000,273582,,,,
20260304,267270,HD건설기계,118300,-22500,735132,,,,
20260304,267290,경동도시가스,21700,-1000,97256,,,,
20260304,267850,아시아나IDT,9600,-870,55101,,,,
20260304,268280,미원에스씨,125000,-7400,4930,,,,
20260304,271560,오리온,123600,-7600,267716,,,,
20260304,271940,일진하이솔루스,15300,-2850,252904,,,,
20260304,271980,제일약품,14040,-1240,140362,,,,
20260304,272210,한화시스템,116000,-30700,13590699,,,,
20260304,272450,진에어,6100,-610,490519,,,,
20260304,272550,삼양패키징,11260,-960,87437,,,,
20260304,278470,에이피알,267000,-18500,463608,,,,
20260304,280360,롯데웰푸드,113700,-10000,28518,,,,
20260304,281820,케이씨텍,39450,-7000,198683,,,,
20260304,282330,BGF리테일,111900,-7600,85975,,,,
20260304,284740,쿠쿠홈시스,23250,-2100,48203,,,,
20260304,285130,SK케미칼,54800,-9600,145484,,,,
20260304,28513K,SK케미칼우,25600,-2650,21424,,,,
20260304,286940,롯데이노베이트,19950,-2550,57500,,,,
20260304,293480,하나제약,9460,-640,153227,,,,
20260304,293940,신한알파리츠,5460,-210,484149,,,,
20260304,294870,IPARK현대산업개발,20450,-2250,1131526,,,,
20260304,298000,효성화학,77800,0,0,,,,
20260304,298020,효성티앤씨,322000,-66000,61393,,,,
20260304,298040,효성중공업,2297000,-309000,72829,,,,
20260304,298050,HS효성첨단소재,195300,-34700,50892,,,,
20260304,298690,에어부산,1687,-95,1354430,,,,
20260304,300720,한일시멘트,16000,-1510,189304,,,,
20260304,302440,SK바이오사이언스,41400,-4700,290586,,,,
20260304,306200,세아제강,117000,-12700,14767,,,,
20260304,307950,현대오토에버,371500,-75500,265659,,,,
20260304,308170,씨티알모빌리티,4985,-515,59112,,,,
20260304,316140,우리금융지주,31800,-3500,4033523,,,,
20260304,317400,자이에스앤디,4100,-395,325506,,,,
20260304,317450,명인제약,57200,-5800,86171,,,,
20260304,322000,HD현대에너지솔루션,77800,-22400,1505247,,,,
20260304,323410,카카오뱅크,22200,-3300,2015856,,,,
20260304,326030,SK바이오팜,97500,-12700,390866,,,,
20260304,329180,HD현대중공업,511000,-79000,481480,,,,
20260304,330590,롯데리츠,4320,-300,734967,,,,
20260304,334890,이지스밸류플러스리츠,3945,-155,413897,,,,
20260304,336260,두산퓨얼셀,32750,-6750,1047337,,,,
20260304,33626K,두산퓨얼셀1우,6460,-1190,68619,,,,
20260304,33626L,두산퓨얼셀2우B,8650,-1330,10363,,,,
20260304,336370,솔루스첨단소재,7090,-1240,692842,,,,
20260304,33637K,솔루스첨단소재1우,1894,-121,37787,,,,
20260304,33637L,솔루스첨단소재2우B,3145,-330,15048,,,,
20260304,338100,NH프라임리츠,4570,-105,183307,,,,
20260304,339770,교촌에프앤비,4090,-290,373776,,,,
20260304,344820,KCC글라스,26000,-1900,91166,,,,
20260304,348950,제이알글로벌리츠,1779,-132,2437620,,,,
20260304,350520,이지스레지던스리츠,3640,-150,194457,,,,
20260304,352820,하이브,327000,-32500,385264,,,,
20260304,353200,대덕전자,49900,-8800,1176602,,,,
20260304,35320K,대덕전자1우,14100,-2870,36146,,,,
20260304,357120,코람코라이프인프라리츠,4310,-215,211674,,,,
20260304,357250,미래에셋맵스리츠,2415,-95,124997,,,,
20260304,357430,마스턴프리미어리츠,1474,-36,79675,,,,
20260304,361610,SK아이이테크놀로지,20500,-4250,471975,,,,
20260304,363280,티와이홀딩스,2715,-235,190160,,,,
20260304,36328K,티와이홀딩스우,4000,-400,26893,,,,
20260304,365550,ESR켄달스퀘어리츠,4105,-180,503792,,,,
20260304,372910,한컴라이프케어,2410,-285,604167,,,,
20260304,373220,LG에너지솔루션,347500,-45500,826847,,,,
20260304,375500,DL이앤씨,41650,-7350,582050,,,,
20260304,37550K,DL이앤씨우,22100,-2650,29105,,,,
20260304,37550L,DL이앤씨2우(전환),33450,-4350,5868,,,,
20260304,377190,디앤디플랫폼리츠,2935,-190,315632,,,,
20260304,377300,카카오페이,52300,-10100,966414,,,,
20260304,377740,바이오노트,5110,-460,228130,,,,
20260304,378850,화승알앤에이,3400,-210,277149,,,,
20260304,381970,케이카,13910,-800,231773,,,,
20260304,383220,F&F,62400,-6700,127051,,,,
20260304,383800,LX홀딩스,7800,-810,426482,,,,
20260304,38380K,LX홀딩스1우,7820,-880,13249,,,,
20260304,395400,SK리츠,5440,-440,668471,,,,
20260304,396690,미래에셋글로벌리츠,2450,-70,191120,,,,
20260304,400760,NH올원리츠,3060,-120,622128,,,,
20260304,402340,SK스퀘어,507000,-74000,1146627,,,,
20260304,403550,쏘카,11250,-290,30406,,,,
20260304,404990,신한서부티엔디리츠,4135,-180,204801,,,,
20260304,415640,KB발해인프라,9760,-170,160913,,,,
20260304,417310,코람코더원리츠,8630,-330,261133,,,,
20260304,432320,KB스타리츠,3105,-250,218200,,,,
20260304,439260,대한조선,92200,-3800,1044166,,,,
20260304,443060,HD현대마린솔루션,159100,-22900,293884,,,,
20260304,446070,유니드비티플러스,2875,-245,53234,,,,
20260304,448730,삼성FN리츠,4855,-375,204408,,,,
20260304,450080,에코프로머티,55300,-12500,1955268,,,,
20260304,451800,한화리츠,4750,-290,286222,,,,
20260304,452260,한화갤러리아,2625,-195,14461208,,,,
20260304,45226K,한화갤러리아우,5900,-2510,89422,,,,
20260304,453340,현대그린푸드,15120,-480,148294,,,,
20260304,454910,두산로보틱스,80600,-17700,740726,,,,
20260304,456040,OCI,73800,-8600,151057,,,,
20260304,457190,이수스페셜티케미컬,85000,-20200,831162,,,,
20260304,460850,동국씨엠,5260,-620,200430,,,,
20260304,460860,동국제강,8200,-1180,649670,,,,
20260304,462520,조선내화,13100,-950,33651,,,,
20260304,462870,시프트업,28200,-2700,208594,,,,
20260304,465770,STX그린로지스,8350,660,7424355,,,,
20260304,475150,SK이터닉스,21550,-4300,1057180,,,,
20260304,475560,더본코리아,20800,-2200,55925,,,,
20260304,480370,씨케이솔루션,2765,-280,167552,,,,
20260304,481850,신한글로벌액티브리츠,1116,-46,245854,,,,
20260304,483650,달바글로벌,141500,-17100,136439,,,,
20260304,484870,엠앤씨솔루션,39833,-5600,384771,,,,
20260304,487570,HS효성,53200,-8600,62739,,,,
20260304,489790,한화비전,66000,-9800,1397797,,,,
20260304,499790,GS피앤엘,45300,-3400,478876,,,,
20260304,900140,엘브이엠씨홀딩스,1400,-89,1683709,,,,
20260304,950210,프레스티지바이오파마,9140,-1030,312865,,,,
20260305,000020,동화약품,6110,450,150436,,,,
20260305,000040,KR모터스,1825,65,34160,,,,
20260305,000050,경방,9230,780,174484,,,,
20260305,000070,삼양홀딩스,71800,3700,26429,,,,
20260305,000080,하이트진로,16710,430,274098,,,,
20260305,000087,하이트진로2우B,14100,330,2075,,,,
20260305,000100,유한양행,98800,6400,513187,,,,
20260305,000105,유한양행우,88200,5800,5599,,,,
20260305,000120,CJ대한통운,114200,3700,115578,,,,
20260305,000140,하이트진로홀딩스,9210,210,25824,,,,
20260305,000145,하이트진로홀딩스우,11680,510,627,,,,
20260305,000150,두산,1073000,110000,128240,,,,
20260305,000155,두산우,508000,41000,29236,,,,
20260305,000157,두산2우B,464000,54000,2146,,,,
20260305,000180,성창기업지주,7800,100,39966,,,,
20260305,000210,DL,42300,2150,132001,,,,
20260305,000215,DL우,23400,850,6801,,,,
20260305,000220,유유제약,4370,270,147947,,,,
20260305,000225,유유제약1우,4640,85,37066,,,,
20260305,000227,유유제약2우B,10400,270,1582,,,,
20260305,000230,일동홀딩스,10710,930,59194,,,,
20260305,000240,한국앤컴퍼니,25800,1450,141226,,,,
20260305,000270,기아,166400,9700,2697408,,,,
20260305,000300,DH오토넥스,4200,0,0,,,,
20260305,000320,노루홀딩스,22600,1400,32186,,,,
20260305,000325,노루홀딩스우,29200,1500,722,,,,
20260305,000370,한화손해보험,7060,630,1141787,,,,
20260305,000390,SP삼화,7790,640,747504,,,,
20260305,000400,롯데손해보험,2060,142,2001034,,,,
20260305,000430,대원강업,4035,260,243084,,,,
20260305,000480,CR홀딩스,4855,165,42758,,,,
20260305,000490,대동,9960,760,562611,,,,
20260305,000500,가온전선,52845,4167,99581,,,,
20260305,000520,삼일제약,10510,930,296502,,,,
20260305,000540,흥국화재,4710,440,672884,,,,
20260305,000545,흥국화재우,6950,350,21752,,,,
20260305,000590,CS홀딩스,80000,2700,2385,,,,
20260305,000640,동아쏘시오홀딩스,104600,2234,25966,,,,
20260305,000650,천일고속,246000,24000,7531,,,,
20260305,000660,SK하이닉스,941000,92000,6442459,,,,
20260305,000670,영풍,55500,2600,39534,,,,
20260305,000680,LS네트웍스,3170,225,373002,,,,
20260305,000700,유수홀딩스,6010,140,57292,,,,
20260305,000720,현대건설,144000,17100,1583053,,,,
20260305,000725,현대건설우,67500,8000,27228,,,,
20260305,000760,이화산업,15170,1050,3422,,,,
20260305,000810,삼성화재,491500,23500,123569,,,,
20260305,000815,삼성화재우,389500,13000,23862,,,,
20260305,000850,화천기공,37200,2200,10564,,,,
20260305,000860,강남제비스코,15880,470,65560,,,,
20260305,000880,한화,153300,17286,507887,,,,
20260305,00088K,한화3우B,50845,3574,93758,,,,
20260305,000890,보해양조,2340,110,176901,,,,
20260305,000910,유니온,4150,265,157637,,,,
20260305,000950,전방,36700,1100,2976,,,,
20260305,000970,한국주철관,6710,260,99653,,,,
20260305,000990,DB하이텍,95000,17700,535924,,,,
20260305,001020,페이퍼코리아,3630,105,182533,,,,
20260305,001040,CJ,184000,-3600,296214,,,,
20260305,001045,CJ우,88000,3800,6549,,,,
20260305,00104K,CJ4우(전환),160900,-4100,22110,,,,
20260305,001060,JW중외제약,32800,2750,133254,,,,
20260305,001065,JW중외제약우,27850,1450,795,,,,
20260305,001067,JW중외제약2우B,58000,500,7,,,,
20260305,001070,대한방직,6670,370,30445,,,,
20260305,001080,만호제강,5440,0,0,,,,
20260305,001120,LX인터내셔널,39750,1250,177505,,,,
20260305,001130,대한제분,15040,730,69650,,,,
20260305,001200,유진투자증권,4695,545,2392773,,,,
20260305,001210,금호전기,4110,260,233696,,,,
20260305,001230,동국홀딩스,2058,150,1408144,,,,
20260305,001250,GS글로벌,2500,130,815974,,,,
20260305,001260,남광토건,8350,660,42818,,,,
20260305,001270,부국증권,77200,9300,60402,,,,
20260305,001275,부국증권우,33500,2500,8650,,,,
20260305,001290,상상인증권,1175,158,7136078,,,,
20260305,001340,PKC,6490,680,470746,,,,
20260305,001360,삼성제약,1803,170,1569473,,,,
20260305,001380,SG글로벌,2975,289,119335,,,,
20260305,001390,KG케미칼,4985,415,460007,,,,
20260305,001420,태원물산,2790,130,22583,,,,
20260305,001430,세아베스틸지주,61000,2500,365549,,,,
20260305,001440,대한전선,29150,3100,6260756,,,,
20260305,001450,현대해상,30700,1500,739211,,,,
20260305,001460,BYC,47800,4200,8380,,,,
20260305,001465,BYC우,27100,800,3456,,,,
20260305,001470,삼부토건,347,0,0,,,,
20260305,001500,현대차증권,11300,1020,575755,,,,
20260305,001510,SK증권,3489,516,48665763,,,,
20260305,001515,SK증권우,6180,700,114104,,,,
20260305,001520,동양,1778,116,753886,,,,
20260305,001525,동양우,8970,460,1798,,,,
20260305,001527,동양2우B,16320,-520,1119,,,,
20260305,001530,DI동일,22150,1950,41250,,,,
20260305,001550,조비,14210,1670,117608,,,,
20260305,001560,제일연마,10800,-200,24719,,,,
20260305,001570,금양,9900,0,0,,,,
20260305,001620,케이비아이동국실업,3975,310,207728,,,,
20260305,001630,종근당홀딩스,48550,900,14040,,,,
20260305,001680,대상,20850,450,221511,,,,
20260305,001685,대상우,17000,320,8253,,,,
20260305,001720,신영증권,188700,19000,62232,,,,
20260305,001740,SK네트웍스,5340,340,1157555,,,,
20260305,001750,한양증권,23900,2750,30667,,,,
20260305,001755,한양증권우,22400,2300,3624,,,,
20260305,001770,SHD,17010,760,7886,,,,
20260305,001780,알루코,2100,178,2026082,,,,
20260305,001790,대한제당,2755,95,390178,,,,
20260305,001795,대한제당우,2330,40,43079,,,,
20260305,001800,오리온홀딩스,22950,1000,160794,,,,
20260305,001820,삼화콘덴서,45300,5200,414898,,,,
20260305,001940,KISCO홀딩스,24450,1450,6979,,,,
20260305,002020,코오롱,56700,4600,73899,,,,
20260305,002025,코오롱우,27350,2650,6575,,,,
20260305,002030,아세아,284000,6500,2637,,,,
20260305,002070,비비안,9871,592,7987,,,,
20260305,002100,경농,9380,420,81796,,,,
20260305,002140,고려산업,2840,-30,6686706,,,,
20260305,002150,도화엔지니어링,6190,260,108711,,,,
20260305,002170,SYTS,58000,2300,3223,,,,
20260305,002200,한국수출포장,3075,90,148268,,,,
20260305,002210,동성제약,1946,0,0,,,,
20260305,002220,한일철강,4070,285,71635,,,,
20260305,002240,고려제강,21400,750,61304,,,,
20260305,002310,아세아제지,9180,-70,596097,,,,
20260305,002320,한진,19620,620,63339,,,,
20260305,002350,넥센타이어,7830,270,174068,,,,
20260305,002355,넥센타이어1우B,4205,110,35434,,,,
20260305,002360,SH에너지화학,4530,-970,3827590,,,,
20260305,002380,KCC,539000,44000,47124,,,,
20260305,002390,한독,10340,320,17726,,,,
20260305,002410,범양건영,1935,0,0,,,,
20260305,002420,세기상사,5620,-40,448296,,,,
20260305,002450,삼익악기,1160,31,316426,,,,
20260305,002460,HS화성,12800,500,24040,,,,
20260305,002600,조흥,155400,-1200,194,,,,
20260305,002620,제일파마홀딩스,8820,220,33062,,,,
20260305,002630,오리엔트바이오,1164,116,684097,,,,
20260305,002690,동일제강,1532,5,61621,,,,
20260305,002700,신일전자,1343,62,657670,,,,
20260305,002710,TCC스틸,13330,1400,139426,,,,
20260305,002720,국제약품,4990,300,1063929,,,,
20260305,002760,보락,1163,89,421319,,,,
20260305,002780,진흥기업,726,26,882844,,,,
20260305,002785,진흥기업우B,3410,75,507,,,,
20260305,002787,진흥기업2우B,8180,0,139,,,,
20260305,002790,아모레퍼시픽홀딩스,27000,1500,197836,,,,
20260305,002795,아모레퍼시픽홀딩스우,12380,530,15665,,,,
20260305,00279K,아모레퍼시픽홀딩스3우C,23400,1200,14913,,,,
20260305,002810,삼영무역,20050,1400,47429,,,,
20260305,002820,SUN&L,2240,90,74697,,,,
20260305,002840,미원상사,139400,9400,4711,,,,
20260305,002870,신풍,1143,101,119915,,,,
20260305,002880,디와이에이,957,37,108309,,,,
20260305,002900,TYM,6640,690,472424,,,,
20260305,002920,유성기업,2195,75,163096,,,,
20260305,002960,한국쉘석유,517000,40500,8110,,,,
20260305,002990,금호건설,4415,265,272516,,,,
20260305,002995,금호건설우,13700,400,3915,,,,
20260305,003000,부광약품,4935,505,1666993,,,,
20260305,003010,혜인,5230,340,98196,,,,
20260305,003030,세아제강지주,126000,4300,16977,,,,
20260305,003060,에이프로젠바이오로직스,293,0,2081274,,,,
20260305,003070,코오롱글로벌,9790,690,46726,,,,
20260305,003075,코오롱글로벌우,15460,1360,216,,,,
20260305,003080,SB성보,2650,30,18314,,,,
20260305,003090,대웅,23150,1100,155334,,,,
20260305,0030R0,대신밸류리츠,4410,90,38088,,,,
20260305,003120,일성아이에스,22650,1150,8828,,,,
20260305,003160,디아이,33800,6700,659670,,,,
20260305,003200,일신방직,12870,740,50687,,,,
20260305,003220,대원제약,10750,510,48818,,,,
20260305,003230,삼양식품,1060000,20000,74891,,,,
20260305,003240,태광산업,1204000,129000,5091,,,,
20260305,003280,흥아해운,2815,-90,218815589,,,,
20260305,003300,한일홀딩스,16450,360,19507,,,,
20260305,003350,한국화장품제조,9660,620,213335,,,,
20260305,003460,유화증권,3775,225,451013,,,,
20260305,003465,유화증권우,3545,20,5339,,,,
20260305,003470,유안타증권,4810,475,1496054,,,,
20260305,003475,유안타증권우,4445,345,134988,,,,
20260305,003480,한진중공업홀딩스,4805,320,124857,,,,
20260305,003490,대한항공,24500,1300,3622054,,,,
20260305,003495,대한항공우,23800,1200,10710,,,,
20260305,003520,영진약품,1927,127,615747,,,,
20260305,003530,한화투자증권,7410,1120,8797827,,,,
20260305,003535,한화투자증권우,8590,980,76589,,,,
20260305,003540,대신증권,39900,3850,246061,,,,
20260305,003545,대신증권우,26000,2300,141415,,,,
20260305,003547,대신증권2우B,24950,2500,60490,,,,
20260305,003550,LG,96800,5500,538142,,,,
20260305,003555,LG우,71800,3000,25045,,,,
20260305,003570,SNT다이내믹스,49900,1900,167401,,,,
20260305,003580,HLB글로벌,1949,182,182831,,,,
20260305,003610,방림,5600,370,76205,,,,
20260305,003620,KG모빌리티,3510,230,2177270,,,,
20260305,003650,미창석유,130400,7900,18073,,,,
20260305,003670,포스코퓨처엠,208000,22800,393825,,,,
20260305,003680,한성기업,5010,115,31981,,,,
20260305,003690,코리안리,13110,750,567864,,,,
20260305,003720,삼영,7230,730,1020669,,,,
20260305,003780,진양산업,5900,360,114362,,,,
20260305,003830,대한화섬,120600,3700,1451,,,,
20260305,003850,보령,9490,740,185947,,,,
20260305,003920,남양유업,48650,2600,15681,,,,
20260305,003925,남양유업우,34150,2000,6510,,,,
20260305,003960,사조대림,34300,1450,17954,,,,
20260305,004000,롯데정밀화학,44600,2650,73477,,,,
20260305,004020,현대제철,35800,2050,1726002,,,,
20260305,004060,SG세계물산,6090,390,1141109,,,,
20260305,004080,신흥,13700,20,6219,,,,
20260305,004090,한국석유,28150,700,17302772,,,,
20260305,004100,태양금속,2795,190,614919,,,,
20260305,004105,태양금속우,3600,70,55001,,,,
20260305,004140,동방,2675,165,2430674,,,,
20260305,004150,한솔홀딩스,3230,130,229709,,,,
20260305,004170,신세계,337500,17500,65241,,,,
20260305,004250,NPC,3705,135,69750,,,,
20260305,004255,NPC우,2410,100,20288,,,,
20260305,004270,남성,5763,222,15689,,,,
20260305,004310,현대약품,10270,980,1311531,,,,
20260305,004360,세방,14680,790,65490,,,,
20260305,004365,세방우,9410,330,5180,,,,
20260305,004370,농심,397000,10000,33355,,,,
20260305,004380,삼익THK,13000,0,0,,,,
20260305,004410,서울식품,1940,90,4203139,,,,
20260305,004415,서울식품우,11570,330,1583,,,,
20260305,004430,송원산업,8910,400,91089,,,,
20260305,004440,삼일씨엔에스,5350,250,27685,,,,
20260305,004450,삼화왕관,27800,0,7911,,,,
20260305,004490,세방전지,62200,3900,68091,,,,
20260305,004540,깨끗한나라,1902,100,131282,,,,
20260305,004545,깨끗한나라우,10370,350,841,,,,
20260305,004560,현대비앤지스틸,18070,1770,483827,,,,
20260305,004690,삼천리,136200,4200,17560,,,,
20260305,004700,조광피혁,63600,3300,10179,,,,
20260305,004710,한솔테크닉스,5333,538,272475,,,,
20260305,004720,팜젠사이언스,3715,215,292747,,,,
20260305,004770,써니전자,1518,100,441356,,,,
20260305,004800,효성,146100,14600,43449,,,,
20260305,004830,덕성,4545,315,360266,,,,
20260305,004835,덕성우,5960,280,19559,,,,
20260305,004840,DRB동일,5750,250,60769,,,,
20260305,004870,티웨이홀딩스,1807,152,45466,,,,
20260305,004890,동일산업,38050,950,2232,,,,
20260305,004910,조광페인트,4750,110,60320,,,,
20260305,004920,씨아이테크,1068,87,206850,,,,
20260305,004960,한신공영,12450,980,128129,,,,
20260305,004970,신라교역,9570,70,19095,,,,
20260305,004980,성신양회,9550,750,151356,,,,
20260305,004985,성신양회우,10680,430,5189,,,,
20260305,004990,롯데지주,31400,1800,359237,,,,
20260305,00499K,롯데지주우,29750,2000,1368,,,,
20260305,005010,휴스틸,4230,260,463453,,,,
20260305,005030,부산주공,486,0,0,,,,
20260305,005070,코스모신소재,49050,6550,394042,,,,
20260305,005090,SGC에너지,44550,5450,235318,,,,
20260305,005110,한창,1254,0,0,,,,
20260305,005180,빙그레,77400,3400,44215,,,,
20260305,005250,녹십자홀딩스,14330,600,110258,,,,
20260305,005257,녹십자홀딩스2우,23100,500,932,,,,
20260305,005300,롯데칠성,125300,4300,22569,,,,
20260305,005305,롯데칠성우,83600,2100,2345,,,,
20260305,005320,온타이드,1206,84,1526006,,,,
20260305,005360,모나미,1708,81,69270,,,,
20260305,005380,현대차,548000,47000,2663493,,,,
20260305,005385,현대차우,270500,28500,270288,,,,
20260305,005387,현대차2우B,272000,27500,321893,,,,
20260305,005389,현대차3우B,257000,25500,47305,,,,
20260305,005420,코스모화학,14220,1500,261353,,,,
20260305,005430,한국공항,60200,4100,23335,,,,
20260305,005440,현대지에프홀딩스,14640,830,1235239,,,,
20260305,005490,POSCO홀딩스,346500,25000,684573,,,,
20260305,005500,삼진제약,18120,880,40007,,,,
20260305,005610,삼립,50900,1450,8269,,,,
20260305,005680,삼영전자,11770,700,70262,,,,
20260305,005690,파미셀,14240,1600,998549,,,,
20260305,005720,넥센,6640,310,69932,,,,
20260305,005725,넥센우,4475,15,5852,,,,
20260305,005740,크라운해태홀딩스,6620,310,53038,,,,
20260305,005745,크라운해태홀딩스우,7340,140,782,,,,
20260305,005750,대림바스,4820,200,70681,,,,
20260305,005800,신영와코루,16390,950,8401,,,,
20260305,005810,풍산홀딩스,39500,3000,76355,,,,
20260305,005820,원림,15870,620,4229,,,,
20260305,005830,DB손해보험,190600,15100,317938,,,,
20260305,005850,에스엘,66000,6100,259624,,,,
20260305,005870,휴니드,8510,610,954148,,,,
20260305,005880,대한해운,2420,190,73577259,,,,
20260305,005930,삼성전자,191600,19400,53959129,,,,
20260305,005935,삼성전자우,128600,13800,7452749,,,,
20260305,005940,NH투자증권,32050,3250,1355564,,,,
20260305,005945,NH투자증권우,24450,2400,134112,,,,
20260305,005950,이수화학,8180,1020,282108,,,,
20260305,005960,동부건설,8500,600,267092,,,,
20260305,005965,동부건설우,18880,1040,1398,,,,
20260305,006040,동원산업,39000,1400,108509,,,,
20260305,006060,화승인더,3310,125,209328,,,,
20260305,006090,사조오양,8390,390,6278,,,,
20260305,006110,삼아알미늄,30350,5650,402122,,,,
20260305,006120,SK디스커버리,54100,3700,24294,,,,
20260305,006125,SK디스커버리우,37000,1200,8279,,,,
20260305,006200,한국전자홀딩스,3905,435,136117,,,,
20260305,006220,제주은행,14250,1750,936724,,,,
20260305,006260,LS,249500,16500,234629,,,,
20260305,006280,녹십자,149600,10900,61620,,,,
20260305,006340,대원전선,5430,430,8933028,,,,
20260305,006345,대원전선우,4015,290,123882,,,,
20260305,006360,GS건설,19550,800,855356,,,,
20260305,006370,대구백화점,4370,140,32043,,,,
20260305,006380,카프로,3660,0,0,,,,
20260305,006400,삼성SDI,392500,41500,1008865,,,,
20260305,006405,삼성SDI우,235500,33500,24771,,,,
20260305,006490,프리티,2380,180,134701,,,,
20260305,006570,대림통상,2055,141,30366,,,,
20260305,006650,대한유화,133400,-200,135192,,,,
20260305,006660,삼성공조,12070,1120,96389,,,,
20260305,006740,블루산업개발,1227,-7,215225,,,,
20260305,006800,미래에셋증권,64918,8662,7128925,,,,
20260305,006805,미래에셋증권우,22372,2809,350245,,,,
20260305,00680K,미래에셋증권2우B,20327,2385,1373081,,,,
20260305,006840,AK홀딩스,8010,150,30786,,,,
20260305,006880,신송홀딩스,6740,250,147448,,,,
20260305,006890,태경케미컬,8200,1200,421868,,,,
20260305,006980,우성,20900,1010,7316,,,,
20260305,007070,GS리테일,18960,300,403248,,,,
20260305,007110,일신석재,1656,143,894674,,,,
20260305,007120,미래아이앤지,1264,124,153210,,,,
20260305,007160,사조산업,55300,4000,7353,,,,
20260305,007210,벽산,1880,84,369718,,,,
20260305,007280,한국특강,2683,116,15175,,,,
20260305,007310,오뚜기,372500,10000,10653,,,,
20260305,007340,DN오토모티브,24500,1150,288068,,,,
20260305,007460,에이프로젠,350,28,8872876,,,,
20260305,007540,샘표,56600,3900,38404,,,,
20260305,007570,일양약품,14600,0,0,,,,
20260305,007575,일양약품우,15260,0,0,,,,
20260305,007590,동방아그로,5850,90,12627,,,,
20260305,007610,선도전기,3000,0,0,,,,
20260305,007660,이수페타시스,115600,16800,1854375,,,,
20260305,007690,국도화학,36100,1850,16585,,,,
20260305,007700,F&F홀딩스,18860,1230,36547,,,,
20260305,007810,코리아써키트,52400,7300,247917,,,,
20260305,007815,코리아써우,15640,1640,10212,,,,
20260305,00781K,코리아써키트2우B,12360,750,2392,,,,
20260305,007860,서연,9800,850,122644,,,,
20260305,007980,TP,1873,139,404400,,,,
20260305,008040,사조동아원,1118,64,2073028,,,,
20260305,008060,대덕,11440,890,91587,,,,
20260305,00806K,대덕1우,9380,280,5447,,,,
20260305,008250,이건산업,3750,160,57463,,,,
20260305,008260,NI스틸,3525,175,151441,,,,
20260305,008350,남선알미늄,1410,204,67757649,,,,
20260305,008355,남선알미우,13340,1030,15023,,,,
20260305,008420,문배철강,2095,85,165090,,,,
20260305,008490,서흥,21650,1550,12003,,,,
20260305,008600,윌비스,2720,0,0,,,,
20260305,008700,아남전자,1204,87,483399,,,,
20260305,008730,율촌화학,23700,1600,92456,,,,
20260305,008770,호텔신라,42850,1250,261259,,,,
20260305,008775,호텔신라우,34300,2100,2325,,,,
20260305,008870,금비,46650,1050,1058,,,,
20260305,008930,한미사이언스,38350,3450,578125,,,,
20260305,008970,KBI동양철관,1611,152,1755945,,,,
20260305,009070,KCTC,6280,450,1187362,,,,
20260305,009140,경인전자,20900,700,3905,,,,
20260305,009150,삼성전기,401500,39000,1220260,,,,
20260305,009155,삼성전기우,160900,16900,65195,,,,
20260305,009160,SIMPAC,4985,185,155195,,,,
20260305,009180,한솔로지스틱스,2975,125,618127,,,,
20260305,009190,대양금속,1170,65,314928,,,,
20260305,009200,무림페이퍼,2030,94,278637,,,,
20260305,009240,한샘,42950,1950,82943,,,,
20260305,009270,신원,1390,94,678942,,,,
20260305,009290,광동제약,8260,630,1036276,,,,
20260305,009310,참엔지니어링,1128,132,677895,,,,
20260305,009320,아진전자부품,1008,77,229452,,,,
20260305,009410,태영건설,1743,143,819587,,,,
20260305,009415,태영건설우,6240,250,4773,,,,
20260305,009420,한올바이오파마,56100,6900,488683,,,,
20260305,009440,KC그린홀딩스,756,0,0,,,,
20260305,009450,경동나비엔,59900,4800,57670,,,,
20260305,009460,한창제지,2515,15,40154,,,,
20260305,009470,삼화전기,39200,5550,130025,,,,
20260305,009540,HD한국조선해양,407000,28000,287942,,,,
20260305,009580,무림P&P,2435,70,89274,,,,
20260305,009680,모토닉,10650,680,36100,,,,
20260305,009770,삼정펄프,33750,500,6332,,,,
20260305,009810,MDS스피어,2043,30,74841,,,,
20260305,009830,한화솔루션,41880,4198,3607303,,,,
20260305,009835,한화솔루션우,25289,3568,48116,,,,
20260305,009900,명신산업,9140,540,507938,,,,
20260305,009970,영원무역홀딩스,227000,13000,20254,,,,
20260305,010040,한국내화,2040,70,66540,,,,
20260305,010060,OCI홀딩스,131300,10700,103352,,,,
20260305,010100,한국무브넥스,4740,560,622780,,,,
20260305,010120,LS ELECTRIC,140200,15000,985530,,,,
20260305,010130,고려아연,1759000,127000,32605,,,,
20260305,010140,삼성중공업,27200,3700,7460215,,,,
20260305,010400,우진아이엔에스,3735,240,48587,,,,
20260305,010580,에스엠벡셀,2010,178,216927,,,,
20260305,010640,진양폴리,2560,205,66501,,,,
20260305,010660,화천기계,5770,550,457870,,,,
20260305,010690,화신,13210,1660,726082,,,,
20260305,010770,평화홀딩스,3850,225,85817,,,,
20260305,010780,아이에스동서,28000,900,97861,,,,
20260305,010820,퍼스텍,7720,1010,7902724,,,,
20260305,010950,S-Oil,134700,8200,5004431,,,,
20260305,010955,S-Oil우,58600,300,160544,,,,
20260305,010960,삼호개발,3960,220,95821,,,,
20260305,011000,진원생명과학,5480,450,331522,,,,
20260305,011070,LG이노텍,263500,17500,260846,,,,
20260305,011090,에넥스,2275,175,68038,,,,
20260305,011150,CJ씨푸드,2695,140,289056,,,,
20260305,011155,CJ씨푸드1우,14750,400,1084,,,,
20260305,011170,롯데케미칼,73000,1200,381417,,,,
20260305,011200,HMM,21250,750,5207570,,,,
20260305,011210,현대위아,91000,12600,577539,,,,
20260305,011230,삼화전자,2395,185,241776,,,,
20260305,011280,태림포장,1918,91,168571,,,,
20260305,011300,우성머티리얼스,3630,330,81265,,,,
20260305,011330,유니켐,7550,-3230,3565901,,,,
20260305,011390,부산산업,78000,7400,9754,,,,
20260305,011420,갤럭시아에스엠,1764,162,188461,,,,
20260305,011500,한농화성,22600,3050,704019,,,,
20260305,011690,와이투솔루션,7150,540,1250160,,,,
20260305,011700,한신기계,4255,505,1587079,,,,
20260305,011760,현대코퍼레이션,25450,1050,90989,,,,
20260305,011780,금호석유화학,122000,1300,286049,,,,
20260305,011785,금호석유화학우,61000,1800,14632,,,,
20260305,011790,SKC,93241,10527,340752,,,,
20260305,011810,STX,3530,0,0,,,,
20260305,011930,신성이엔지,21650,3110,1383049,,,,
20260305,012030,DB,1910,211,2920293,,,,
20260305,0120G0,삼양바이오팜,87800,11600,81120,,,,
20260305,012160,영흥,2825,205,157629,,,,
20260305,012170,아센디오,1357,94,89859,,,,
20260305,012200,계양전기,7205,794,1381729,,,,
20260305,012205,계양전기우,5849,503,73245,,,,
20260305,012280,영화금속,1083,72,381958,,,,
20260305,012320,경동인베스트,87800,8100,30529,,,,
20260305,012330,현대모비스,432000,33000,474443,,,,
20260305,012450,한화에어로스페이스,1381000,58000,785586,,,,
20260305,012610,경인양행,4090,405,554309,,,,
20260305,012630,HDC,24350,1750,294737,,,,
20260305,012690,모나리자,2045,84,121670,,,,
20260305,0126Z0,삼성에피스홀딩스,561000,36000,76218,,,,
20260305,012750,에스원,83200,2300,90810,,,,
20260305,012800,대창,1419,121,1184977,,,,
20260305,013000,세우글로벌,1120,89,94329,,,,
20260305,013360,일성건설,1683,115,427024,,,,
20260305,013520,화승코퍼레이션,2975,205,877690,,,,
20260305,013570,디와이,4780,365,187231,,,,
20260305,013580,계룡건설,26150,1950,111507,,,,
20260305,013700,까뮤이앤씨,1210,46,90139,,,,
20260305,013870,지엠비코리아,5200,415,70844,,,,
20260305,013890,지누스,11460,440,23657,,,,
20260305,014130,한익스프레스,2810,100,28821,,,,
20260305,014160,대영포장,1002,62,895510,,,,
20260305,014280,금강공업,5030,375,231712,,,,
20260305,014285,금강공업우,6750,290,5630,,,,
20260305,014440,영보화학,4785,300,47734,,,,
20260305,014530,극동유화,4910,-1080,31927944,,,,
20260305,014580,태경비케이,4335,225,185894,,,,
20260305,014680,한솔케미칼,293500,10000,147399,,,,
20260305,014710,사조씨푸드,7950,620,52566,,,,
20260305,014790,HL D&I,3280,115,119863,,,,
20260305,014820,동원시스템즈,24400,1500,34024,,,,
20260305,014825,동원시스템즈우,16750,850,1209,,,,
20260305,014830,유니드,74800,3000,51230,,,,
20260305,014910,성문전자,1681,176,501905,,,,
20260305,014915,성문전자우,4355,155,2123,,,,
20260305,014990,인디에프,3980,225,44928,,,,
20260305,015020,이스타코,896,60,153770,,,,
20260305,015230,대창단조,6380,370,101854,,,,
20260305,015260,에이엔피,562,129,902719,,,,
20260305,015360,INVENI,15000,760,58690,,,,
20260305,015590,DKME,2575,0,0,,,,
20260305,015760,한국전력,48200,2650,4828975,,,,
20260305,015860,일진홀딩스,8310,670,372346,,,,
20260305,015890,태경산업,4780,215,98683,,,,
20260305,016090,대현,1676,61,88460,,,,
20260305,016360,삼성증권,95200,7200,815121,,,,
20260305,016380,KG스틸,5580,250,354569,,,,
20260305,016450,한세예스24홀딩스,4790,220,80885,,,,
20260305,016580,환인제약,10410,380,54733,,,,
20260305,016590,신대양제지,13220,910,33998,,,,
20260305,016610,DB증권,14120,1420,146396,,,,
20260305,016710,대성홀딩스,8930,280,50547,,,,
20260305,016740,두올,4285,235,196734,,,,
20260305,016800,퍼시스,39800,-1100,1267,,,,
20260305,016880,웅진,1999,139,1178248,,,,
20260305,017040,광명전기,1333,133,574191,,,,
20260305,017180,명문제약,1786,76,265502,,,,
20260305,017370,우신시스템,5960,310,109783,,,,
20260305,017390,서울가스,66800,300,87120,,,,
20260305,017550,수산세보틱스,1809,114,534816,,,,
20260305,017670,SK텔레콤,77900,7600,1756072,,,,
20260305,017800,현대엘리베이터,86000,4400,393223,,,,
20260305,017810,풀무원,12100,600,70263,,,,
20260305,017860,DS단석,17170,1560,120933,,,,
20260305,017900,광전자,1881,118,129826,,,,
20260305,017940,E1,99300,6300,42353,,,,
20260305,017960,한국카본,38450,2150,477770,,,,
20260305,018250,애경산업,14320,1010,111722,,,,
20260305,018260,삼성에스디에스,166900,10700,323081,,,,
20260305,018470,조일알미늄,1230,135,5369796,,,,
20260305,018500,동원모빌리티,1504,104,341945,,,,
20260305,018670,SK가스,238000,20500,49412,,,,
20260305,018880,한온시스템,3960,280,18396499,,,,
20260305,019170,신풍제약,11100,950,185608,,,,
20260305,019175,신풍제약우,17100,2100,26814,,,,
20260305,019180,티에이치엔,7280,780,250674,,,,
20260305,019490,엑시큐어하이트론,541,0,0,,,,
20260305,019680,대교,1553,43,79498,,,,
20260305,019685,대교우B,1050,4,23462,,,,
20260305,020000,한섬,23600,2000,218678,,,,
20260305,020120,키다리스튜디오,3395,240,251877,,,,
20260305,020150,롯데에너지머티리얼즈,37250,4000,317870,,,,
20260305,020560,아시아나항공,7060,290,122370,,,,
20260305,020760,일진디스플,902,0,0,,,,
20260305,021050,서원,1303,86,973385,,,,
20260305,021240,코웨이,74500,700,599640,,,,
20260305,021820,세원정공,16330,1750,17729,,,,
20260305,022100,포스코DX,32300,3450,775140,,,,
20260305,023000,삼원강재,2375,110,64084,,,,
20260305,023150,MH에탄올,4150,160,21367,,,,
20260305,023350,한국종합기술,4390,170,44828,,,,
20260305,023450,동남합성,30950,450,2031,,,,
20260305,023530,롯데쇼핑,96000,3900,148382,,,,
20260305,023590,다우기술,50800,6650,121479,,,,
20260305,023800,인지컨트롤스,6600,380,159583,,,,
20260305,023810,인팩,7770,570,38457,,,,
20260305,023960,에쓰씨엔지니어링,1414,113,178245,,,,
20260305,024070,WISCOM,1851,21,26762,,,,
20260305,024090,디씨엠,11980,80,10941,,,,
20260305,024110,기업은행,23800,1400,1820155,,,,
20260305,024720,콜마홀딩스,9100,360,166633,,,,
20260305,024890,대원화성,4015,345,28706,,,,
20260305,024900,디와이덕양,2050,165,171635,,,,
20260305,025000,KPX케미칼,51100,1100,9313,,,,
20260305,025530,SJM홀딩스,3630,165,34885,,,,
20260305,025540,한국단자,71500,4300,45678,,,,
20260305,025560,미래산업,2780,366,325035,,,,
20260305,025620,차AI헬스케어,9540,740,35664,,,,
20260305,025750,한솔홈데코,2940,120,93420,,,,
20260305,025820,이구산업,5120,430,547139,,,,
20260305,025860,남해화학,7370,360,1332358,,,,
20260305,025890,한국주강,1594,73,38139,,,,
20260305,026890,스틱인베스트먼트,10950,700,91160,,,,
20260305,026940,부국철강,1970,80,57711,,,,
20260305,026960,동서,25450,800,146310,,,,
20260305,027410,BGF,4200,200,249586,,,,
20260305,027740,마니커,1634,98,217623,,,,
20260305,027970,한국제지,3965,75,21745,,,,
20260305,028050,삼성E&A,33150,2250,918106,,,,
20260305,028100,동아지질,17300,1000,42673,,,,
20260305,028260,삼성물산,293000,21000,644944,,,,
20260305,02826K,삼성물산우B,183500,17900,12025,,,,
20260305,028670,팬오션,5660,510,27650566,,,,
20260305,029460,케이씨,31500,3400,45638,,,,
20260305,029530,신도리코,53900,3200,20651,,,,
20260305,029780,삼성카드,59500,2200,126319,,,,
20260305,030000,제일기획,20400,610,463849,,,,
20260305,030190,NICE평가정보,16430,800,65510,,,,
20260305,030200,KT,57800,2900,545551,,,,
20260305,030210,다올투자증권,4580,480,621285,,,,
20260305,030610,교보증권,12740,1140,197672,,,,
20260305,030720,동원수산,5770,220,31628,,,,
20260305,031210,서울보증보험,56300,4000,63265,,,,
20260305,031430,신세계인터내셔날,12450,1000,111116,,,,
20260305,031820,아이티센씨티에스,7980,840,213092,,,,
20260305,032350,롯데관광개발,19290,300,1230167,,,,
20260305,032560,황금에스티,5890,230,77852,,,,
20260305,032640,LG유플러스,15010,430,1555269,,,,
20260305,032830,삼성생명,214000,16500,542592,,,,
20260305,033240,자화전자,37100,6100,382934,,,,
20260305,033250,체시스,4950,300,44754,,,,
20260305,033270,유나이티드제약,19940,1200,49929,,,,
20260305,033530,SJG세종,8680,1030,373669,,,,
20260305,033780,KT&G,156600,5000,506566,,,,
20260305,033920,무학,9210,210,80174,,,,
20260305,034020,두산에너빌리티,90500,9900,6781072,,,,
20260305,034120,SBS,17000,510,37571,,,,
20260305,034220,LG디스플레이,11630,630,8076314,,,,
20260305,034230,파라다이스,17090,990,761486,,,,
20260305,034310,NICE,13880,660,120935,,,,
20260305,034590,인천도시가스,26900,500,7997,,,,
20260305,034730,SK,359500,29500,374226,,,,
20260305,03473K,SK우,257000,21000,6974,,,,
20260305,034830,한국토지신탁,1485,77,2534964,,,,
20260305,035000,HS애드,8580,410,19843,,,,
20260305,035150,백산,13320,700,24946,,,,
20260305,035250,강원랜드,17830,460,832303,,,,
20260305,035420,NAVER,220000,12000,1671549,,,,
20260305,035510,신세계 I&C,16070,1200,235173,,,,
20260305,035720,카카오,51200,4150,3724178,,,,
20260305,036420,콘텐트리중앙,6600,590,62339,,,,
20260305,036460,한국가스공사,37100,950,841247,,,,
20260305,036530,SNT홀딩스,56300,3600,25026,,,,
20260305,036570,NC,204500,8900,139135,,,,
20260305,036580,팜스코,3530,290,158435,,,,
20260305,037270,YG PLUS,6210,570,1139292,,,,
20260305,037560,LG헬로비전,2260,130,220796,,,,
20260305,037710,광주신세계,37600,2450,30717,,,,
20260305,039130,하나투어,42400,2450,116995,,,,
20260305,039490,키움증권,441000,68500,218730,,,,
20260305,039570,HDC랩스,8140,50,59581,,,,
20260305,041650,상신브레이크,2580,125,47772,,,,
20260305,042660,한화오션,122100,13600,2260208,,,,
20260305,042700,한미반도체,315000,56000,3089855,,,,
20260305,044380,주연테크,1610,80,37354,,,,
20260305,044450,KSS해운,10910,380,2957170,,,,
20260305,044820,코스맥스비티아이,13790,1270,26125,,,,
20260305,047040,대우건설,8540,990,16756234,,,,
20260305,047050,포스코인터내셔널,66000,7000,651864,,,,
20260305,047400,유니온머티리얼,1415,115,369489,,,,
20260305,047810,한국항공우주,179000,20500,1460671,,,,
20260305,049800,우진플라임,2550,225,61769,,,,
20260305,051600,한전KPS,54600,3400,287812,,,,
20260305,051630,진양화학,2150,150,80855,,,,
20260305,051900,LG생활건강,235500,10500,76429,,,,
20260305,051905,LG생활건강우,107400,1400,11437,,,,
20260305,051910,LG화학,324500,17500,550806,,,,
20260305,051915,LG화학우,159800,11500,60529,,,,
20260305,052690,한전기술,146200,13300,337630,,,,
20260305,053210,스카이라이프,5040,180,84561,,,,
20260305,053690,한미글로벌,17910,1570,172218,,,,
20260305,055490,테이팩스,14850,1330,43581,,,,
20260305,055550,신한지주,92900,4100,2972109,,,,
20260305,058430,포스코스틸리온,4470,415,533070,,,,
20260305,058650,세아홀딩스,146900,4300,5781,,,,
20260305,058730,다스코,3145,225,279101,,,,
20260305,058850,KTcs,2645,140,372437,,,,
20260305,058860,KTis,2845,150,389273,,,,
20260305,060980,HL홀딩스,42900,2200,46042,,,,
20260305,062040,산일전기,143500,15500,291397,,,,
20260305,063160,종근당바이오,19720,1160,18191,,,,
20260305,064350,현대로템,225500,23500,1394352,,,,
20260305,064400,LG씨엔에스,62700,4800,836857,,,,
20260305,064960,SNT모티브,33200,2000,74236,,,,
20260305,066570,LG전자,115400,6400,1954025,,,,
20260305,066575,LG전자우,54000,3900,222902,,,,
20260305,066970,엘앤에프,107000,13800,428293,,,,
20260305,067830,세이브존I&C,2990,190,159532,,,,
20260305,068270,셀트리온,201594,13439,962486,,,,
20260305,068290,삼성출판사,9380,740,34660,,,,
20260305,069260,TKG휴켐스,18030,1130,161717,,,,
20260305,069460,대호에이엘,2895,310,397214,,,,
20260305,069620,대웅제약,166000,10000,35208,,,,
20260305,069640,한세엠케이,1168,68,27864,,,,
20260305,069730,DSR제강,4450,540,242814,,,,
20260305,069960,현대백화점,91500,1000,237556,,,,
20260305,070960,모나용평,2995,130,85730,,,,
20260305,071050,한국금융지주,230500,24000,482468,,,,
20260305,071055,한국금융지주우,162000,11900,36057,,,,
20260305,071090,하이스틸,3465,300,182331,,,,
20260305,071320,지역난방공사,87300,3700,38904,,,,
20260305,071840,롯데하이마트,7900,280,51047,,,,
20260305,071950,코아스,2130,40,724154,,,,
20260305,071970,HD현대마린엔진,79100,7000,196964,,,,
20260305,072130,유엔젤,4585,230,53494,,,,
20260305,072710,농심홀딩스,92700,4800,14121,,,,
20260305,073240,금호타이어,6040,350,1060739,,,,
20260305,074610,이엔플러스,5110,0,0,,,,
20260305,075180,새론오토모티브,3205,40,4838,,,,
20260305,075580,세진중공업,16440,1640,343067,,,,
20260305,077500,유니퀘스트,6170,680,219180,,,,
20260305,077970,STX엔진,29800,3700,227803,,,,
20260305,078000,텔코웨어,17590,1100,58653,,,,
20260305,078520,에이블씨엔씨,10210,650,178609,,,,
20260305,078930,GS,66600,5200,557169,,,,
20260305,078935,GS우,53800,3100,11139,,,,
20260305,079160,CJ CGV,5100,250,804085,,,,
20260305,079430,현대리바트,7190,490,75956,,,,
20260305,079550,LIG디펜스앤에어로스페이스,763000,144000,2017202,,,,
20260305,079900,전진건설로봇,52900,6050,101304,,,,
20260305,079980,휴비스,2480,140,141722,,,,
20260305,081000,일진다이아,14190,1160,97213,,,,
20260305,081660,미스토홀딩스,48100,1100,126222,,,,
20260305,082640,동양생명,7250,550,398427,,,,
20260305,082740,한화엔진,47800,4250,602456,,,,
20260305,083420,그린케미칼,5500,400,68861,,,,
20260305,084010,대한제강,11240,620,91241,,,,
20260305,084670,동양고속,44300,4200,55103,,,,
20260305,084680,이월드,1596,155,1395789,,,,
20260305,084690,대상홀딩스,9340,440,125412,,,,
20260305,084695,대상홀딩스우,13350,710,10705,,,,
20260305,084870,TBH글로벌,1879,99,64777,,,,
20260305,085310,엔케이,10070,890,84646,,,,
20260305,085620,미래에셋생명,13570,3130,291480,,,,
20260305,086280,현대글로비스,246500,14500,312757,,,,
20260305,086790,하나금융지주,111200,5700,1611752,,,,
20260305,088260,이리츠코크렙,4760,210,143670,,,,
20260305,088350,한화생명,4680,505,17140771,,,,
20260305,088790,진도,2265,80,71242,,,,
20260305,088980,맥쿼리인프라,11360,250,2704706,,,,
20260305,089470,HDC현대EP,5510,360,214300,,,,
20260305,089590,제주항공,5350,290,539432,,,,
20260305,089860,롯데렌탈,31650,-100,143868,,,,
20260305,090080,평화산업,908,68,335406,,,,
20260305,090350,노루페인트,8310,610,164315,,,,
20260305,090355,노루페인트우,12570,500,1862,,,,
20260305,090370,메타랩스,1466,49,101344,,,,
20260305,090430,아모레퍼시픽,130200,4800,283988,,,,
20260305,090435,아모레퍼시픽우,46050,2500,46412,,,,
20260305,090460,비에이치,16400,1270,510768,,,,
20260305,091810,트리니티항공,1209,51,664370,,,,
20260305,092200,디아이씨,9290,1200,933203,,,,
20260305,092220,KEC,7120,1370,4508831,,,,
20260305,092230,KPX홀딩스,80000,3900,5062,,,,
20260305,092440,기신정기,2265,80,23829,,,,
20260305,092780,DYP,4610,410,152402,,,,
20260305,092790,넥스틸,10750,840,158053,,,,
20260305,093050,LF,20450,450,40080,,,,
20260305,093240,형지엘리트,1085,77,1344974,,,,
20260305,093370,후성,7060,790,667950,,,,
20260305,094280,효성ITX,12290,340,41753,,,,
20260305,094800,맵스리얼티,6670,400,263313,,,,
20260305,095570,AJ네트웍스,4940,230,369333,,,,
20260305,095720,웅진씽크빅,2103,130,100252,,,,
20260305,096760,JW홀딩스,4015,345,134963,,,,
20260305,096770,SK이노베이션,126500,17500,2015029,,,,
20260305,096775,SK이노베이션우,76400,6500,23299,,,,
20260305,097230,HJ중공업,22650,3310,1652494,,,,
20260305,097520,엠씨넥스,23850,1300,50163,,,,
20260305,097950,CJ제일제당,197100,6800,82706,,,,
20260305,097955,CJ제일제당 우,131100,2400,9283,,,,
20260305,100090,SK오션플랜트,16980,1730,411226,,,,
20260305,100220,비상교육,5180,330,30264,,,,
20260305,100250,진양홀딩스,3030,25,183831,,,,
20260305,100840,SNT에너지,40150,4300,234288,,,,
20260305,101140,인바이오젠,8450,650,5495,,,,
20260305,101530,해태제과식품,6410,170,61306,,,,
20260305,102260,동성케미컬,4155,165,121785,,,,
20260305,102460,이연제약,10450,490,92465,,,,
20260305,103140,풍산,118400,6300,1321622,,,,
20260305,103590,일진전기,81000,8600,466994,,,,
20260305,104700,한국철강,9450,430,29269,,,,
20260305,105560,KB금융,149000,11300,1934617,,,,
20260305,105630,한세실업,13070,780,128644,,,,
20260305,105840,우진,22050,3150,778674,,,,
20260305,107590,미원홀딩스,67600,-1100,498,,,,
20260305,108320,LX세미콘,51600,4400,141390,,,,
20260305,108670,LX하우시스,29100,1200,42531,,,,
20260305,108675,LX하우시스우,16180,630,5148,,,,
20260305,109070,주성코퍼레이션,798,86,92915,,,,
20260305,111110,호전실업,7630,130,30844,,,,
20260305,111380,동인기연,14440,820,9109,,,,
20260305,111770,영원무역,92700,6700,109653,,,,
20260305,112610,씨에스윈드,46500,4100,358075,,,,
20260305,114090,GKL,12910,660,510686,,,,
20260305,117580,대성에너지,12700,-880,18836902,,,,
20260305,118000,메타케어,3170,150,98914,,,,
20260305,119650,KC코트렐,918,0,0,,,,
20260305,120030,조선선재,100400,6900,4854,,,,
20260305,120110,코오롱인더,61400,5700,330267,,,,
20260305,120115,코오롱인더우,27700,1950,17381,,,,
20260305,122900,아이마켓코리아,7620,350,67382,,,,
20260305,123690,한국화장품,8680,880,239745,,,,
20260305,123700,SJM,3600,195,30618,,,,
20260305,123890,한국자산신탁,2800,190,492032,,,,
20260305,126560,현대퓨처넷,3250,100,293366,,,,
20260305,126720,수산인더스트리,25150,1850,63211,,,,
20260305,128820,대성산업,9200,70,7207903,,,,
20260305,128940,한미약품,519000,41000,92225,,,,
20260305,129260,인터지스,2515,120,265967,,,,
20260305,130660,한전산업,20350,2600,2121939,,,,
20260305,133820,화인베스틸,1343,140,177031,,,,
20260305,134380,미원화학,11000,310,6860,,,,
20260305,134790,시디즈,19590,820,3199,,,,
20260305,136490,선진,11120,650,144775,,,,
20260305,137310,에스디바이오센서,7770,510,176453,,,,
20260305,138040,메리츠금융지주,115800,6000,398716,,,,
20260305,138930,BNK금융지주,18800,1160,1147711,,,,
20260305,139130,iM금융지주,17250,970,1367341,,,,
20260305,139480,이마트,91400,2700,266952,,,,
20260305,139990,아주스틸,3000,90,39408,,,,
20260305,143210,핸즈코퍼레이션,1024,49,35585,,,,
20260305,145210,다이나믹디자인,3500,270,47786,,,,
20260305,145270,케이탑리츠,901,-2,282030,,,,
20260305,145720,덴티움,50400,6300,123099,,,,
20260305,145990,삼양사,48100,3000,17182,,,,
20260305,145995,삼양사우,35400,800,467,,,,
20260305,155660,DSR,3985,215,77728,,,,
20260305,161000,애경케미칼,9690,780,234232,,,,
20260305,161390,한국타이어앤테크놀로지,61700,3500,718259,,,,
20260305,161890,한국콜마,69200,5000,291711,,,,
20260305,163560,동일고무벨트,6760,410,72293,,,,
20260305,170900,동아에스티,46208,1478,29419,,,,
20260305,175330,JB금융지주,29250,950,749792,,,,
20260305,178920,PI첨단소재,18390,1770,204193,,,,
20260305,180640,한진칼,121200,8200,171434,,,,
20260305,18064K,한진칼우,37100,100,8632,,,,
20260305,181710,NHN,35250,2050,82714,,,,
20260305,183190,아세아시멘트,11790,500,83070,,,,
20260305,185750,종근당,85000,3500,44634,,,,
20260305,192080,더블유게임즈,49250,1950,88756,,,,
20260305,192400,쿠쿠홀딩스,28600,1250,41528,,,,
20260305,192650,드림텍,6780,300,586920,,,,
20260305,192820,코스맥스,167100,6400,105429,,,,
20260305,194370,제이에스코퍼레이션,11780,630,198989,,,,
20260305,195870,해성디에스,54500,6100,265894,,,,
20260305,200880,서연이화,13880,1280,215598,,,,
20260305,204320,HL만도,53900,5900,558781,,,,
20260305,207940,삼성바이오로직스,1647000,131000,70178,,,,
20260305,210540,디와이파워,13330,460,161146,,,,
20260305,210980,SK디앤디,12620,460,66563,,,,
20260305,213500,한솔제지,8350,320,106765,,,,
20260305,214320,이노션,19370,800,237933,,,,
20260305,214330,금호에이치티,13138,299,30048,,,,
20260305,214390,경보제약,5580,370,37711,,,,
20260305,214420,토니모리,6830,580,361504,,,,
20260305,217590,티엠씨,12950,1150,97568,,,,
20260305,226320,잇츠한불,10470,570,19482,,,,
20260305,227840,현대코퍼레이션홀딩스,12190,490,38692,,,,
20260305,229640,LS에코에너지,41800,3850,158689,,,,
20260305,234080,JW생명과학,12930,730,71015,,,,
20260305,241560,두산밥캣,57200,4100,718457,,,,
20260305,241590,화승엔터프라이즈,5000,300,133240,,,,
20260305,244920,에이플러스에셋,12800,450,111283,,,,
20260305,248070,솔루엠,16960,830,242832,,,,
20260305,248170,샘표식품,27950,1600,23904,,,,
20260305,249420,일동제약,32800,3100,320548,,,,
20260305,251270,넷마블,48500,2750,588777,,,,
20260305,259960,크래프톤,220000,9000,173112,,,,
20260305,264900,크라운제과,8390,140,27970,,,,
20260305,26490K,크라운제과우,8860,-10,5958,,,,
20260305,267250,HD현대,275000,13500,290630,,,,
20260305,267260,HD현대일렉트릭,984000,113000,220416,,,,
20260305,267270,HD건설기계,126600,8300,458018,,,,
20260305,267290,경동도시가스,22350,650,35374,,,,
20260305,267850,아시아나IDT,10470,870,26877,,,,
20260305,268280,미원에스씨,128600,3600,1877,,,,
20260305,271560,오리온,124100,500,186010,,,,
20260305,271940,일진하이솔루스,17340,2040,185631,,,,
20260305,271980,제일약품,15000,960,108754,,,,
20260305,272210,한화시스템,150800,34800,8178416,,,,
20260305,272450,진에어,6370,270,226160,,,,
20260305,272550,삼양패키징,11750,490,37923,,,,
20260305,278470,에이피알,283000,16000,358185,,,,
20260305,279570,케이뱅크,8330,,181485877,,,,
20260305,280360,롯데웰푸드,116100,2400,16752,,,,
20260305,281820,케이씨텍,46400,6950,174401,,,,
20260305,282330,BGF리테일,115300,3400,73334,,,,
20260305,284740,쿠쿠홈시스,24300,1050,37085,,,,
20260305,285130,SK케미칼,59400,4600,52430,,,,
20260305,28513K,SK케미칼우,26950,1350,4506,,,,
20260305,286940,롯데이노베이트,21450,1500,28548,,,,
20260305,293480,하나제약,9940,480,74040,,,,
20260305,293940,신한알파리츠,5680,220,398183,,,,
20260305,294870,IPARK현대산업개발,20900,450,431907,,,,
20260305,298000,효성화학,77800,0,0,,,,
20260305,298020,효성티앤씨,335500,13500,30842,,,,
20260305,298040,효성중공업,2484000,187000,68204,,,,
20260305,298050,HS효성첨단소재,209000,13700,25783,,,,
20260305,298690,에어부산,1769,82,301019,,,,
20260305,300720,한일시멘트,16460,460,158165,,,,
20260305,302440,SK바이오사이언스,44250,2850,161034,,,,
20260305,306200,세아제강,123500,6500,8989,,,,
20260305,307950,현대오토에버,402500,31000,178893,,,,
20260305,308170,씨티알모빌리티,5490,505,45587,,,,
20260305,316140,우리금융지주,33750,1950,4038754,,,,
20260305,317400,자이에스앤디,4275,175,89243,,,,
20260305,317450,명인제약,61000,3800,44621,,,,
20260305,322000,HD현대에너지솔루션,90100,12300,1096121,,,,
20260305,323410,카카오뱅크,24050,1850,1652035,,,,
20260305,326030,SK바이오팜,106600,9100,293201,,,,
20260305,329180,HD현대중공업,559000,48000,251920,,,,
20260305,330590,롯데리츠,4590,270,585610,,,,
20260305,334890,이지스밸류플러스리츠,4100,155,196043,,,,
20260305,336260,두산퓨얼셀,38050,5300,827002,,,,
20260305,33626K,두산퓨얼셀1우,7200,740,68664,,,,
20260305,33626L,두산퓨얼셀2우B,9660,1010,4552,,,,
20260305,336370,솔루스첨단소재,7950,860,368173,,,,
20260305,33637K,솔루스첨단소재1우,1989,95,28672,,,,
20260305,33637L,솔루스첨단소재2우B,3265,120,7652,,,,
20260305,338100,NH프라임리츠,4635,65,106428,,,,
20260305,339770,교촌에프앤비,4260,170,205732,,,,
20260305,344820,KCC글라스,26950,950,67472,,,,
20260305,348950,제이알글로벌리츠,1859,80,1311439,,,,
20260305,350520,이지스레지던스리츠,3750,110,76670,,,,
20260305,352820,하이브,343000,16000,287782,,,,
20260305,353200,대덕전자,59300,9400,1223616,,,,
20260305,35320K,대덕전자1우,15560,1460,29068,,,,
20260305,357120,코람코라이프인프라리츠,4515,205,286052,,,,
20260305,357250,미래에셋맵스리츠,2470,55,46498,,,,
20260305,357430,마스턴프리미어리츠,1500,26,35099,,,,
20260305,361610,SK아이이테크놀로지,22700,2200,266450,,,,
20260305,363280,티와이홀딩스,2825,110,99463,,,,
20260305,36328K,티와이홀딩스우,4005,5,8184,,,,
20260305,365550,ESR켄달스퀘어리츠,4225,120,590901,,,,
20260305,372910,한컴라이프케어,2615,205,323313,,,,
20260305,373220,LG에너지솔루션,371500,24000,541523,,,,
20260305,375500,DL이앤씨,44600,2950,285491,,,,
20260305,37550K,DL이앤씨우,23550,1450,12940,,,,
20260305,37550L,DL이앤씨2우(전환),35450,2000,1680,,,,
20260305,377190,디앤디플랫폼리츠,3025,90,480262,,,,
20260305,377300,카카오페이,59300,7000,850335,,,,
20260305,377740,바이오노트,5500,390,115595,,,,
20260305,378850,화승알앤에이,3570,170,227467,,,,
20260305,381970,케이카,14350,440,116736,,,,
20260305,383220,F&F,63500,1100,98483,,,,
20260305,383800,LX홀딩스,8260,460,212125,,,,
20260305,38380K,LX홀딩스1우,8070,250,6759,,,,
20260305,395400,SK리츠,5720,280,541998,,,,
20260305,396690,미래에셋글로벌리츠,2510,60,45588,,,,
20260305,400760,NH올원리츠,3150,90,121049,,,,
20260305,402340,SK스퀘어,566000,59000,782233,,,,
20260305,403550,쏘카,11450,200,7313,,,,
20260305,404990,신한서부티엔디리츠,4350,215,207568,,,,
20260305,415640,KB발해인프라,10020,260,225561,,,,
20260305,417310,코람코더원리츠,9190,560,160607,,,,
20260305,432320,KB스타리츠,3365,260,216939,,,,
20260305,439260,대한조선,103200,11000,979714,,,,
20260305,443060,HD현대마린솔루션,173100,14000,206711,,,,
20260305,446070,유니드비티플러스,3040,165,31929,,,,
20260305,448730,삼성FN리츠,5170,315,180867,,,,
20260305,450080,에코프로머티,63200,7900,1255128,,,,
20260305,451800,한화리츠,5090,340,327646,,,,
20260305,452260,한화갤러리아,2870,245,8753888,,,,
20260305,45226K,한화갤러리아우,7670,1770,55314,,,,
20260305,453340,현대그린푸드,15620,500,60829,,,,
20260305,454910,두산로보틱스,90600,10000,491497,,,,
20260305,456040,OCI,80500,6700,62022,,,,
20260305,457190,이수스페셜티케미컬,97000,12000,483401,,,,
20260305,460850,동국씨엠,5610,350,109882,,,,
20260305,460860,동국제강,8710,510,471049,,,,
20260305,462520,조선내화,13560,460,10530,,,,
20260305,462870,시프트업,30200,2000,108224,,,,
20260305,465770,STX그린로지스,7530,-820,4046583,,,,
20260305,475150,SK이터닉스,23950,2400,760054,,,,
20260305,475560,더본코리아,21800,1000,23754,,,,
20260305,480370,씨케이솔루션,2915,150,182749,,,,
20260305,481850,신한글로벌액티브리츠,1138,22,98270,,,,
20260305,483650,달바글로벌,149400,7900,113712,,,,
20260305,484870,엠앤씨솔루션,43433,3600,210057,,,,
20260305,487570,HS효성,57300,4100,30329,,,,
20260305,489790,한화비전,78300,12300,1632673,,,,
20260305,499790,GS피앤엘,46650,1350,176670,,,,
20260305,900140,엘브이엠씨홀딩스,1483,83,829908,,,,
20260305,950210,프레스티지바이오파마,10020,880,132389,,,,
20260306,000020,동화약품,6170,60,96802,,,,
20260306,000040,KR모터스,1885,60,47148,,,,
20260306,000050,경방,9290,60,63848,,,,
20260306,000070,삼양홀딩스,70500,-1300,16014,,,,
20260306,000080,하이트진로,16430,-280,227722,,,,
20260306,000087,하이트진로2우B,14070,-30,708,,,,
20260306,000100,유한양행,99300,500,265908,,,,
20260306,000105,유한양행우,88600,400,2190,,,,
20260306,000120,CJ대한통운,119400,5200,85169,,,,
20260306,000140,하이트진로홀딩스,9210,0,27280,,,,
20260306,000145,하이트진로홀딩스우,11550,-130,189,,,,
20260306,000150,두산,1050000,-23000,88379,,,,
20260306,000155,두산우,519000,11000,21296,,,,
20260306,000157,두산2우B,465000,1000,1765,,,,
20260306,000180,성창기업지주,7900,100,20577,,,,
20260306,000210,DL,43500,1200,130679,,,,
20260306,000215,DL우,23900,500,2500,,,,
20260306,000220,유유제약,4330,-40,47025,,,,
20260306,000225,유유제약1우,4640,0,6392,,,,
20260306,000227,유유제약2우B,10310,-90,285,,,,
20260306,000230,일동홀딩스,10800,90,29025,,,,
20260306,000240,한국앤컴퍼니,26000,200,147668,,,,
20260306,000270,기아,167000,600,1667956,,,,
20260306,000300,DH오토넥스,4200,0,0,,,,
20260306,000320,노루홀딩스,22600,0,18796,,,,
20260306,000325,노루홀딩스우,29700,500,577,,,,
20260306,000370,한화손해보험,7250,190,817058,,,,
20260306,000390,SP삼화,10120,2330,3637846,,,,
20260306,000400,롯데손해보험,2150,90,2666856,,,,
20260306,000430,대원강업,4095,60,178980,,,,
20260306,000480,CR홀딩스,4895,40,31426,,,,
20260306,000490,대동,10090,130,250511,,,,
20260306,000500,가온전선,55735,2890,104591,,,,
20260306,000520,삼일제약,10520,10,231212,,,,
20260306,000540,흥국화재,4785,75,443799,,,,
20260306,000545,흥국화재우,7050,100,8723,,,,
20260306,000590,CS홀딩스,80900,900,882,,,,
20260306,000640,동아쏘시오홀딩스,103823,-777,28258,,,,
20260306,000650,천일고속,243000,-3000,3990,,,,
20260306,000660,SK하이닉스,924000,-17000,3744322,,,,
20260306,000670,영풍,56000,500,39686,,,,
20260306,000680,LS네트웍스,3210,40,193591,,,,
20260306,000700,유수홀딩스,6080,70,25174,,,,
20260306,000720,현대건설,156800,12800,1801129,,,,
20260306,000725,현대건설우,68900,1400,13751,,,,
20260306,000760,이화산업,15930,760,3950,,,,
20260306,000810,삼성화재,496500,5000,100664,,,,
20260306,000815,삼성화재우,393500,4000,14259,,,,
20260306,000850,화천기공,36900,-300,6529,,,,
20260306,000860,강남제비스코,15880,0,92202,,,,
20260306,000880,한화,159183,5883,351986,,,,
20260306,00088K,한화3우B,51952,1107,48691,,,,
20260306,000890,보해양조,2320,-20,147873,,,,
20260306,000910,유니온,4190,40,61514,,,,
20260306,000950,전방,37650,950,1017,,,,
20260306,000970,한국주철관,6720,10,24476,,,,
20260306,000990,DB하이텍,90000,-5000,473685,,,,
20260306,001020,페이퍼코리아,3635,5,348465,,,,
20260306,001040,CJ,183700,-300,244735,,,,
20260306,001045,CJ우,87300,-700,4385,,,,
20260306,00104K,CJ4우(전환),159800,-1100,18190,,,,
20260306,001060,JW중외제약,32300,-500,74665,,,,
20260306,001065,JW중외제약우,27850,0,208,,,,
20260306,001067,JW중외제약2우B,57900,-100,2,,,,
20260306,001070,대한방직,6700,30,47927,,,,
20260306,001080,만호제강,5440,0,0,,,,
20260306,001120,LX인터내셔널,39500,-250,164940,,,,
20260306,001130,대한제분,14850,-190,70460,,,,
20260306,001200,유진투자증권,4970,275,1777341,,,,
20260306,001210,금호전기,4085,-25,204915,,,,
20260306,001230,동국홀딩스,2127,69,716224,,,,
20260306,001250,GS글로벌,2515,15,901452,,,,
20260306,001260,남광토건,8420,70,25454,,,,
20260306,001270,부국증권,78800,1600,31086,,,,
20260306,001275,부국증권우,33800,300,3929,,,,
20260306,001290,상상인증권,1330,155,17911542,,,,
20260306,001340,PKC,6900,410,519930,,,,
20260306,001360,삼성제약,1864,61,1030155,,,,
20260306,001380,SG글로벌,2911,-64,76250,,,,
20260306,001390,KG케미칼,4925,-60,263184,,,,
20260306,001420,태원물산,2830,40,6680,,,,
20260306,001430,세아베스틸지주,61900,900,261934,,,,
20260306,001440,대한전선,30250,1100,6069690,,,,
20260306,001450,현대해상,30850,150,375042,,,,
20260306,001460,BYC,47550,-250,3861,,,,
20260306,001465,BYC우,27550,450,816,,,,
20260306,001470,삼부토건,347,0,0,,,,
20260306,001500,현대차증권,11390,90,406685,,,,
20260306,001510,SK증권,3866,377,84690728,,,,
20260306,001515,SK증권우,6540,360,56022,,,,
20260306,001520,동양,1762,-16,423547,,,,
20260306,001525,동양우,9000,30,618,,,,
20260306,001527,동양2우B,17980,1660,357,,,,
20260306,001530,DI동일,22100,-50,34994,,,,
20260306,001550,조비,14590,380,98620,,,,
20260306,001560,제일연마,10960,160,23657,,,,
20260306,001570,금양,9900,0,0,,,,
20260306,001620,케이비아이동국실업,3750,-225,350119,,,,
20260306,001630,종근당홀딩스,49000,450,5097,,,,
20260306,001680,대상,20650,-200,184032,,,,
20260306,001685,대상우,16910,-90,13639,,,,
20260306,001720,신영증권,194000,5300,39253,,,,
20260306,001740,SK네트웍스,5240,-100,691827,,,,
20260306,001750,한양증권,23650,-250,27072,,,,
20260306,001755,한양증권우,22450,50,912,,,,
20260306,001770,SHD,16940,-70,697,,,,
20260306,001780,알루코,2075,-25,888180,,,,
20260306,001790,대한제당,2740,-15,216475,,,,
20260306,001795,대한제당우,2360,30,31445,,,,
20260306,001800,오리온홀딩스,22850,-100,161753,,,,
20260306,001820,삼화콘덴서,47400,2100,318438,,,,
20260306,001940,KISCO홀딩스,24250,-200,6686,,,,
20260306,002020,코오롱,59000,2300,82758,,,,
20260306,002025,코오롱우,27650,300,4820,,,,
20260306,002030,아세아,284500,500,2440,,,,
20260306,002070,비비안,9792,-79,11541,,,,
20260306,002100,경농,9450,70,47744,,,,
20260306,002140,고려산업,2745,-95,3695180,,,,
20260306,002150,도화엔지니어링,6220,30,61578,,,,
20260306,002170,SYTS,58000,0,4474,,,,
20260306,002200,한국수출포장,3115,40,201205,,,,
20260306,002210,동성제약,1946,0,0,,,,
20260306,002220,한일철강,4025,-45,126585,,,,
20260306,002240,고려제강,21000,-400,20337,,,,
20260306,002310,아세아제지,9430,250,311075,,,,
20260306,002320,한진,19670,50,35551,,,,
20260306,002350,넥센타이어,7530,-300,224405,,,,
20260306,002355,넥센타이어1우B,4210,5,20804,,,,
20260306,002360,SH에너지화학,4200,-330,1242525,,,,
20260306,002380,KCC,538000,-1000,24155,,,,
20260306,002390,한독,10580,240,12496,,,,
20260306,002410,범양건영,1935,0,0,,,,
20260306,002420,세기상사,5660,40,340977,,,,
20260306,002450,삼익악기,1158,-2,192380,,,,
20260306,002460,HS화성,12900,100,17411,,,,
20260306,002600,조흥,154900,-500,128,,,,
20260306,002620,제일파마홀딩스,8790,-30,28572,,,,
20260306,002630,오리엔트바이오,1162,-2,355027,,,,
20260306,002690,동일제강,1505,-27,196617,,,,
20260306,002700,신일전자,1358,15,357559,,,,
20260306,002710,TCC스틸,14270,940,151400,,,,
20260306,002720,국제약품,4945,-45,552221,,,,
20260306,002760,보락,1170,7,341592,,,,
20260306,002780,진흥기업,734,8,600695,,,,
20260306,002785,진흥기업우B,3400,-10,1460,,,,
20260306,002787,진흥기업2우B,7890,-290,1917,,,,
20260306,002790,아모레퍼시픽홀딩스,27200,200,235863,,,,
20260306,002795,아모레퍼시픽홀딩스우,12500,120,11557,,,,
20260306,00279K,아모레퍼시픽홀딩스3우C,23600,200,7137,,,,
20260306,002810,삼영무역,19740,-310,27089,,,,
20260306,002820,SUN&L,2180,-60,26954,,,,
20260306,002840,미원상사,142100,2700,5689,,,,
20260306,002870,신풍,1125,-18,176351,,,,
20260306,002880,디와이에이,948,-9,65366,,,,
20260306,002900,TYM,6730,90,291865,,,,
20260306,002920,유성기업,2040,-155,226343,,,,
20260306,002960,한국쉘석유,527000,10000,6105,,,,
20260306,002990,금호건설,4630,215,169560,,,,
20260306,002995,금호건설우,13680,-20,2160,,,,
20260306,003000,부광약품,5140,205,1171991,,,,
20260306,003010,혜인,5260,30,57438,,,,
20260306,003030,세아제강지주,130700,4700,21535,,,,
20260306,003060,에이프로젠바이오로직스,294,1,1122159,,,,
20260306,003070,코오롱글로벌,9890,100,43312,,,,
20260306,003075,코오롱글로벌우,15740,280,245,,,,
20260306,003080,SB성보,2680,30,5851,,,,
20260306,003090,대웅,23600,450,104110,,,,
20260306,0030R0,대신밸류리츠,4400,-10,45623,,,,
20260306,003120,일성아이에스,22900,250,12473,,,,
20260306,003160,디아이,35500,1700,372265,,,,
20260306,003200,일신방직,13240,370,42804,,,,
20260306,003220,대원제약,10700,-50,13533,,,,
20260306,003230,삼양식품,1058000,-2000,37724,,,,
20260306,003240,태광산업,1220000,16000,4069,,,,
20260306,003280,흥아해운,2550,-265,57177660,,,,
20260306,003300,한일홀딩스,16830,380,41274,,,,
20260306,003350,한국화장품제조,10420,760,230735,,,,
20260306,003460,유화증권,3780,5,1034725,,,,
20260306,003465,유화증권우,3575,30,2907,,,,
20260306,003470,유안타증권,4965,155,814115,,,,
20260306,003475,유안타증권우,4525,80,74799,,,,
20260306,003480,한진중공업홀딩스,4815,10,102668,,,,
20260306,003490,대한항공,24500,0,3100484,,,,
20260306,003495,대한항공우,23700,-100,5537,,,,
20260306,003520,영진약품,1891,-36,533909,,,,
20260306,003530,한화투자증권,7600,190,4608187,,,,
20260306,003535,한화투자증권우,8900,310,49694,,,,
20260306,003540,대신증권,40000,100,126566,,,,
20260306,003545,대신증권우,26000,0,69957,,,,
20260306,003547,대신증권2우B,25000,50,27957,,,,
20260306,003550,LG,94000,-2800,316087,,,,
20260306,003555,LG우,71500,-300,8061,,,,
20260306,003570,SNT다이내믹스,48550,-1350,158474,,,,
20260306,003580,HLB글로벌,1960,11,75244,,,,
20260306,003610,방림,5450,-150,93382,,,,
20260306,003620,KG모빌리티,3505,-5,1065158,,,,
20260306,003650,미창석유,128000,-2400,8448,,,,
20260306,003670,포스코퓨처엠,215500,7500,359162,,,,
20260306,003680,한성기업,5090,80,11757,,,,
20260306,003690,코리안리,12790,-320,567978,,,,
20260306,003720,삼영,7340,110,752826,,,,
20260306,003780,진양산업,5900,0,47424,,,,
20260306,003830,대한화섬,121600,1000,516,,,,
20260306,003850,보령,9470,-20,105452,,,,
20260306,003920,남양유업,49150,500,7135,,,,
20260306,003925,남양유업우,33800,-350,6159,,,,
20260306,003960,사조대림,33700,-600,7837,,,,
20260306,004000,롯데정밀화학,45450,850,63133,,,,
20260306,004020,현대제철,39750,3950,3530672,,,,
20260306,004060,SG세계물산,5910,-180,664510,,,,
20260306,004080,신흥,13720,20,2694,,,,
20260306,004090,한국석유,23250,-4900,1231818,,,,
20260306,004100,태양금속,2845,50,526490,,,,
20260306,004105,태양금속우,3615,15,37769,,,,
20260306,004140,동방,2710,35,1855386,,,,
20260306,004150,한솔홀딩스,3255,25,132849,,,,
20260306,004170,신세계,334000,-3500,46951,,,,
20260306,004250,NPC,3685,-20,57363,,,,
20260306,004255,NPC우,2410,0,14329,,,,
20260306,004270,남성,6002,239,8309,,,,
20260306,004310,현대약품,10000,-270,911080,,,,
20260306,004360,세방,14790,110,37372,,,,
20260306,004365,세방우,9320,-90,5624,,,,
20260306,004370,농심,394500,-2500,18460,,,,
20260306,004380,삼익THK,13000,0,0,,,,
20260306,004410,서울식품,2170,230,12716555,,,,
20260306,004415,서울식품우,11570,0,882,,,,
20260306,004430,송원산업,8870,-40,58122,,,,
20260306,004440,삼일씨엔에스,5710,360,29961,,,,
20260306,004450,삼화왕관,28000,200,306,,,,
20260306,004490,세방전지,62000,-200,38793,,,,
20260306,004540,깨끗한나라,1880,-22,90441,,,,
20260306,004545,깨끗한나라우,10240,-130,474,,,,
20260306,004560,현대비앤지스틸,18300,230,366358,,,,
20260306,004690,삼천리,137900,1700,33241,,,,
20260306,004700,조광피혁,63500,-100,3425,,,,
20260306,004710,한솔테크닉스,5427,94,149930,,,,
20260306,004720,팜젠사이언스,3710,-5,82673,,,,
20260306,004770,써니전자,1650,132,1171114,,,,
20260306,004800,효성,146200,100,16804,,,,
20260306,004830,덕성,4625,80,69494,,,,
20260306,004835,덕성우,6090,130,10048,,,,
20260306,004840,DRB동일,5820,70,34480,,,,
20260306,004870,티웨이홀딩스,1731,-76,26594,,,,
20260306,004890,동일산업,38000,-50,428,,,,
20260306,004910,조광페인트,4925,175,186449,,,,
20260306,004920,씨아이테크,1114,46,78578,,,,
20260306,004960,한신공영,12880,430,127975,,,,
20260306,004970,신라교역,9650,80,26593,,,,
20260306,004980,성신양회,9530,-20,126335,,,,
20260306,004985,성신양회우,10710,30,4384,,,,
20260306,004990,롯데지주,31700,300,196764,,,,
20260306,00499K,롯데지주우,29800,50,324,,,,
20260306,005010,휴스틸,4425,195,478510,,,,
20260306,005030,부산주공,486,0,0,,,,
20260306,005070,코스모신소재,52900,3850,389743,,,,
20260306,005090,SGC에너지,49250,4700,287571,,,,
20260306,005110,한창,1254,0,0,,,,
20260306,005180,빙그레,76400,-1000,36446,,,,
20260306,005250,녹십자홀딩스,14050,-280,119178,,,,
20260306,005257,녹십자홀딩스2우,23500,400,349,,,,
20260306,005300,롯데칠성,125300,0,26952,,,,
20260306,005305,롯데칠성우,84300,700,1898,,,,
20260306,005320,온타이드,1126,-80,1212340,,,,
20260306,005360,모나미,1691,-17,74959,,,,
20260306,005380,현대차,553000,5000,1582300,,,,
20260306,005385,현대차우,273500,3000,147829,,,,
20260306,005387,현대차2우B,275500,3500,171105,,,,
20260306,005389,현대차3우B,258000,1000,25185,,,,
20260306,005420,코스모화학,15450,1230,241708,,,,
20260306,005430,한국공항,60000,-200,4251,,,,
20260306,005440,현대지에프홀딩스,14510,-130,355980,,,,
20260306,005490,POSCO홀딩스,353500,7000,513149,,,,
20260306,005500,삼진제약,18180,60,47992,,,,
20260306,005610,삼립,50900,0,6556,,,,
20260306,005680,삼영전자,11780,10,59490,,,,
20260306,005690,파미셀,14500,260,736076,,,,
20260306,005720,넥센,6780,140,59623,,,,
20260306,005725,넥센우,4460,-15,802,,,,
20260306,005740,크라운해태홀딩스,6640,20,27039,,,,
20260306,005745,크라운해태홀딩스우,7310,-30,244,,,,
20260306,005750,대림바스,4810,-10,52187,,,,
20260306,005800,신영와코루,16860,470,19153,,,,
20260306,005810,풍산홀딩스,39900,400,77451,,,,
20260306,005820,원림,16010,140,2243,,,,
20260306,005830,DB손해보험,188400,-2200,275859,,,,
20260306,005850,에스엘,68200,2200,186835,,,,
20260306,005870,휴니드,9150,640,2587849,,,,
20260306,005880,대한해운,2275,-145,21202879,,,,
20260306,005930,삼성전자,188200,-3400,29522650,,,,
20260306,005935,삼성전자우,128000,-600,4918308,,,,
20260306,005940,NH투자증권,32200,150,953775,,,,
20260306,005945,NH투자증권우,24950,500,93143,,,,
20260306,005950,이수화학,8340,160,182837,,,,
20260306,005960,동부건설,7950,-550,311325,,,,
20260306,005965,동부건설우,18790,-90,872,,,,
20260306,006040,동원산업,38750,-250,63607,,,,
20260306,006060,화승인더,3350,40,177072,,,,
20260306,006090,사조오양,8290,-100,15491,,,,
20260306,006110,삼아알미늄,31850,1500,327001,,,,
20260306,006120,SK디스커버리,55100,1000,24603,,,,
20260306,006125,SK디스커버리우,37900,900,1115,,,,
20260306,006200,한국전자홀딩스,4015,110,96139,,,,
20260306,006220,제주은행,14280,30,329814,,,,
20260306,006260,LS,249000,-500,151044,,,,
20260306,006280,녹십자,152100,2500,61080,,,,
20260306,006340,대원전선,5520,90,13953359,,,,
20260306,006345,대원전선우,4120,105,132362,,,,
20260306,006360,GS건설,19860,310,765453,,,,
20260306,006370,대구백화점,4625,255,53532,,,,
20260306,006380,카프로,3660,0,0,,,,
20260306,006400,삼성SDI,410500,18000,796681,,,,
20260306,006405,삼성SDI우,242000,6500,16409,,,,
20260306,006490,프리티,2285,-95,64250,,,,
20260306,006570,대림통상,2055,0,5837,,,,
20260306,006650,대한유화,123800,-9600,206809,,,,
20260306,006660,삼성공조,12140,70,27861,,,,
20260306,006740,블루산업개발,1273,46,195635,,,,
20260306,006800,미래에셋증권,66810,1892,4170811,,,,
20260306,006805,미래에셋증권우,23111,739,259540,,,,
20260306,00680K,미래에셋증권2우B,20669,342,819815,,,,
20260306,006840,AK홀딩스,8050,40,9714,,,,
20260306,006880,신송홀딩스,6980,240,565054,,,,
20260306,006890,태경케미컬,8950,750,5241132,,,,
20260306,006980,우성,21400,500,6359,,,,
20260306,007070,GS리테일,18770,-190,214179,,,,
20260306,007110,일신석재,1674,18,467765,,,,
20260306,007120,미래아이앤지,1352,88,469455,,,,
20260306,007160,사조산업,53700,-1600,19403,,,,
20260306,007210,벽산,1880,0,241177,,,,
20260306,007280,한국특강,2699,16,10937,,,,
20260306,007310,오뚜기,367000,-5500,9143,,,,
20260306,007340,DN오토모티브,25100,600,191256,,,,
20260306,007460,에이프로젠,337,-13,4486669,,,,
20260306,007540,샘표,56300,-300,20114,,,,
20260306,007570,일양약품,14600,0,0,,,,
20260306,007575,일양약품우,15260,0,0,,,,
20260306,007590,동방아그로,5870,20,7071,,,,
20260306,007610,선도전기,3000,0,0,,,,
20260306,007660,이수페타시스,114600,-1000,955674,,,,
20260306,007690,국도화학,35500,-600,11704,,,,
20260306,007700,F&F홀딩스,18920,60,36083,,,,
20260306,007810,코리아써키트,55200,2800,333778,,,,
20260306,007815,코리아써우,15870,230,7193,,,,
20260306,00781K,코리아써키트2우B,12290,-70,2507,,,,
20260306,007860,서연,9930,130,121970,,,,
20260306,007980,TP,1879,6,189603,,,,
20260306,008040,사조동아원,1116,-2,1258082,,,,
20260306,008060,대덕,11880,440,117658,,,,
20260306,00806K,대덕1우,9440,60,6515,,,,
20260306,008250,이건산업,3865,115,34164,,,,
20260306,008260,NI스틸,3510,-15,114055,,,,
20260306,008350,남선알미늄,1341,-69,18512582,,,,
20260306,008355,남선알미우,12810,-530,7095,,,,
20260306,008420,문배철강,2125,30,87274,,,,
20260306,008490,서흥,21650,0,8112,,,,
20260306,008600,윌비스,2720,0,0,,,,
20260306,008700,아남전자,1209,5,350951,,,,
20260306,008730,율촌화학,25000,1300,58982,,,,
20260306,008770,호텔신라,42050,-800,182255,,,,
20260306,008775,호텔신라우,33650,-650,1230,,,,
20260306,008870,금비,46150,-500,1047,,,,
20260306,008930,한미사이언스,39400,1050,176147,,,,
20260306,008970,KBI동양철관,1664,53,797119,,,,
20260306,009070,KCTC,6440,160,678023,,,,
20260306,009140,경인전자,20950,50,3129,,,,
20260306,009150,삼성전기,404500,3000,611215,,,,
20260306,009155,삼성전기우,162900,2000,34162,,,,
20260306,009160,SIMPAC,5100,115,86110,,,,
20260306,009180,한솔로지스틱스,2940,-35,472786,,,,
20260306,009190,대양금속,1159,-11,221837,,,,
20260306,009200,무림페이퍼,2060,30,351604,,,,
20260306,009240,한샘,42950,0,61436,,,,
20260306,009270,신원,1411,21,451505,,,,
20260306,009290,광동제약,8820,560,752975,,,,
20260306,009310,참엔지니어링,1140,12,436267,,,,
20260306,009320,아진전자부품,1024,16,161062,,,,
20260306,009410,태영건설,1744,1,308550,,,,
20260306,009415,태영건설우,6040,-200,3922,,,,
20260306,009420,한올바이오파마,55400,-700,347775,,,,
20260306,009440,KC그린홀딩스,756,0,0,,,,
20260306,009450,경동나비엔,61400,1500,36260,,,,
20260306,009460,한창제지,2495,-20,23740,,,,
20260306,009470,삼화전기,41100,1900,97792,,,,
20260306,009540,HD한국조선해양,402000,-5000,296184,,,,
20260306,009580,무림P&P,2535,100,98267,,,,
20260306,009680,모토닉,10600,-50,28404,,,,
20260306,009770,삼정펄프,33900,150,502,,,,
20260306,009810,MDS스피어,2075,32,24280,,,,
20260306,009830,한화솔루션,48860,6980,19061894,,,,
20260306,009835,한화솔루션우,27502,2213,369652,,,,
20260306,009900,명신산업,9290,150,312927,,,,
20260306,009970,영원무역홀딩스,230500,3500,12551,,,,
20260306,010040,한국내화,2000,-40,18959,,,,
20260306,010060,OCI홀딩스,151500,20200,298630,,,,
20260306,010100,한국무브넥스,4680,-60,475897,,,,
20260306,010120,LS ELECTRIC,140800,600,697350,,,,
20260306,010130,고려아연,1752000,-7000,21869,,,,
20260306,010140,삼성중공업,27600,400,4474681,,,,
20260306,010400,우진아이엔에스,3705,-30,22041,,,,
20260306,010580,에스엠벡셀,2005,-5,119207,,,,
20260306,010640,진양폴리,2570,10,25520,,,,
20260306,010660,화천기계,5850,80,795577,,,,
20260306,010690,화신,12800,-410,517020,,,,
20260306,010770,평화홀딩스,3935,85,41030,,,,
20260306,010780,아이에스동서,29000,1000,149472,,,,
20260306,010820,퍼스텍,9020,1300,35513434,,,,
20260306,010950,S-Oil,129700,-5000,2619819,,,,
20260306,010955,S-Oil우,58500,-100,77408,,,,
20260306,010960,삼호개발,3865,-95,39861,,,,
20260306,011000,진원생명과학,5420,-60,147515,,,,
20260306,011070,LG이노텍,270000,6500,190301,,,,
20260306,011090,에넥스,2295,20,21893,,,,
20260306,011150,CJ씨푸드,2675,-20,185704,,,,
20260306,011155,CJ씨푸드1우,14740,-10,217,,,,
20260306,011170,롯데케미칼,75400,2400,231482,,,,
20260306,011200,HMM,21150,-100,2914661,,,,
20260306,011210,현대위아,91300,300,288249,,,,
20260306,011230,삼화전자,2465,70,111192,,,,
20260306,011280,태림포장,1901,-17,108069,,,,
20260306,011300,우성머티리얼스,3470,-160,74448,,,,
20260306,011330,유니켐,6310,-1240,3324762,,,,
20260306,011390,부산산업,79400,1400,8833,,,,
20260306,011420,갤럭시아에스엠,1787,23,103028,,,,
20260306,011500,한농화성,23950,1350,725525,,,,
20260306,011690,와이투솔루션,6990,-160,1303796,,,,
20260306,011700,한신기계,4385,130,880644,,,,
20260306,011760,현대코퍼레이션,25250,-200,71120,,,,
20260306,011780,금호석유화학,122500,500,136165,,,,
20260306,011785,금호석유화학우,61600,600,7210,,,,
20260306,011790,SKC,97377,4136,230358,,,,
20260306,011810,STX,3530,0,0,,,,
20260306,011930,신성이엔지,23100,1450,1691080,,,,
20260306,012030,DB,1883,-27,1414010,,,,
20260306,0120G0,삼양바이오팜,92700,4900,69011,,,,
20260306,012160,영흥,2795,-30,48987,,,,
20260306,012170,아센디오,1393,36,42122,,,,
20260306,012200,계양전기,7167,-38,836543,,,,
20260306,012205,계양전기우,5704,-145,54332,,,,
20260306,012280,영화금속,1070,-13,416939,,,,
20260306,012320,경동인베스트,90300,2500,19451,,,,
20260306,012330,현대모비스,444000,12000,449828,,,,
20260306,012450,한화에어로스페이스,1481000,100000,836707,,,,
20260306,012610,경인양행,4155,65,286727,,,,
20260306,012630,HDC,24000,-350,161739,,,,
20260306,012690,모나리자,2035,-10,64022,,,,
20260306,0126Z0,삼성에피스홀딩스,544000,-17000,113066,,,,
20260306,012750,에스원,83800,600,47580,,,,
20260306,012800,대창,1400,-19,1161935,,,,
20260306,013000,세우글로벌,1128,8,60005,,,,
20260306,013360,일성건설,1679,-4,201170,,,,
20260306,013520,화승코퍼레이션,3055,80,338268,,,,
20260306,013570,디와이,4885,105,109712,,,,
20260306,013580,계룡건설,26000,-150,42278,,,,
20260306,013700,까뮤이앤씨,1236,26,83923,,,,
20260306,013870,지엠비코리아,5100,-100,42664,,,,
20260306,013890,지누스,11490,30,59424,,,,
20260306,014130,한익스프레스,2775,-35,11871,,,,
20260306,014160,대영포장,1029,27,485141,,,,
20260306,014280,금강공업,5040,10,106806,,,,
20260306,014285,금강공업우,6920,170,6173,,,,
20260306,014440,영보화학,4750,-35,62582,,,,
20260306,014530,극동유화,4285,-625,9850674,,,,
20260306,014580,태경비케이,4435,100,737730,,,,
20260306,014680,한솔케미칼,310000,16500,87987,,,,
20260306,014710,사조씨푸드,7900,-50,21512,,,,
20260306,014790,HL D&I,3175,-105,235479,,,,
20260306,014820,동원시스템즈,24550,150,41390,,,,
20260306,014825,동원시스템즈우,16480,-270,53,,,,
20260306,014830,유니드,78600,3800,24273,,,,
20260306,014910,성문전자,1705,24,308056,,,,
20260306,014915,성문전자우,4305,-50,1699,,,,
20260306,014990,인디에프,4030,50,20271,,,,
20260306,015020,이스타코,960,64,127141,,,,
20260306,015230,대창단조,6220,-160,61251,,,,
20260306,015260,에이엔피,592,30,18458255,,,,
20260306,015360,INVENI,14760,-240,24500,,,,
20260306,015590,DKME,2575,0,0,,,,
20260306,015760,한국전력,48800,600,2921520,,,,
20260306,015860,일진홀딩스,8000,-310,247947,,,,
20260306,015890,태경산업,4810,30,188988,,,,
20260306,016090,대현,1665,-11,34844,,,,
20260306,016360,삼성증권,95900,700,464259,,,,
20260306,016380,KG스틸,5570,-10,366643,,,,
20260306,016450,한세예스24홀딩스,4760,-30,50798,,,,
20260306,016580,환인제약,10440,30,26416,,,,
20260306,016590,신대양제지,13580,360,23627,,,,
20260306,016610,DB증권,14120,0,104415,,,,
20260306,016710,대성홀딩스,9110,180,42761,,,,
20260306,016740,두올,4275,-10,189624,,,,
20260306,016800,퍼시스,39700,-100,2522,,,,
20260306,016880,웅진,2030,31,713712,,,,
20260306,017040,광명전기,1330,-3,355580,,,,
20260306,017180,명문제약,1780,-6,56078,,,,
20260306,017370,우신시스템,5990,30,70993,,,,
20260306,017390,서울가스,67500,700,39213,,,,
20260306,017550,수산세보틱스,1802,-7,306427,,,,
20260306,017670,SK텔레콤,76500,-1400,847527,,,,
20260306,017800,현대엘리베이터,87000,1000,372862,,,,
20260306,017810,풀무원,12030,-70,35036,,,,
20260306,017860,DS단석,17370,200,69482,,,,
20260306,017900,광전자,1935,54,137509,,,,
20260306,017940,E1,97600,-1700,27343,,,,
20260306,017960,한국카본,41800,3350,871206,,,,
20260306,018250,애경산업,14170,-150,59757,,,,
20260306,018260,삼성에스디에스,163900,-3000,232640,,,,
20260306,018470,조일알미늄,1203,-27,2398356,,,,
20260306,018500,동원모빌리티,1505,1,192506,,,,
20260306,018670,SK가스,231500,-6500,43328,,,,
20260306,018880,한온시스템,4140,180,12448291,,,,
20260306,019170,신풍제약,11030,-70,87149,,,,
20260306,019175,신풍제약우,16580,-520,6975,,,,
20260306,019180,티에이치엔,7460,180,205834,,,,
20260306,019490,엑시큐어하이트론,541,0,0,,,,
20260306,019680,대교,1539,-14,45250,,,,
20260306,019685,대교우B,1039,-11,9607,,,,
20260306,020000,한섬,24200,600,212727,,,,
20260306,020120,키다리스튜디오,3475,80,105350,,,,
20260306,020150,롯데에너지머티리얼즈,41000,3750,239696,,,,
20260306,020560,아시아나항공,7050,-10,107759,,,,
20260306,020760,일진디스플,902,0,0,,,,
20260306,021050,서원,1302,-1,697235,,,,
20260306,021240,코웨이,75200,700,291417,,,,
20260306,021820,세원정공,16060,-270,17541,,,,
20260306,022100,포스코DX,33650,1350,699843,,,,
20260306,023000,삼원강재,2340,-35,46644,,,,
20260306,023150,MH에탄올,4115,-35,10741,,,,
20260306,023350,한국종합기술,4465,75,46508,,,,
20260306,023450,동남합성,30950,0,1370,,,,
20260306,023530,롯데쇼핑,96800,800,89357,,,,
20260306,023590,다우기술,50200,-600,70629,,,,
20260306,023800,인지컨트롤스,6610,10,84006,,,,
20260306,023810,인팩,7870,100,42932,,,,
20260306,023960,에쓰씨엔지니어링,1444,30,127722,,,,
20260306,024070,WISCOM,1863,12,27003,,,,
20260306,024090,디씨엠,11900,-80,4790,,,,
20260306,024110,기업은행,23650,-150,1158183,,,,
20260306,024720,콜마홀딩스,9230,130,88919,,,,
20260306,024890,대원화성,3970,-45,41957,,,,
20260306,024900,디와이덕양,2045,-5,127281,,,,
20260306,025000,KPX케미칼,51000,-100,6710,,,,
20260306,025530,SJM홀딩스,3600,-30,16847,,,,
20260306,025540,한국단자,70700,-800,37442,,,,
20260306,025560,미래산업,2816,36,170695,,,,
20260306,025620,차AI헬스케어,9570,30,16839,,,,
20260306,025750,한솔홈데코,2960,20,76635,,,,
20260306,025820,이구산업,5150,30,334342,,,,
20260306,025860,남해화학,7590,220,723875,,,,
20260306,025890,한국주강,1585,-9,8439,,,,
20260306,026890,스틱인베스트먼트,10490,-460,115714,,,,
20260306,026940,부국철강,1968,-2,38404,,,,
20260306,026960,동서,25500,50,74375,,,,
20260306,027410,BGF,4115,-85,181608,,,,
20260306,027740,마니커,1648,14,230865,,,,
20260306,027970,한국제지,3990,25,18702,,,,
20260306,028050,삼성E&A,33450,300,604093,,,,
20260306,028100,동아지질,16430,-870,49823,,,,
20260306,028260,삼성물산,283500,-9500,504797,,,,
20260306,02826K,삼성물산우B,178600,-4900,16702,,,,
20260306,028670,팬오션,5250,-410,10800270,,,,
20260306,029460,케이씨,32250,750,65911,,,,
20260306,029530,신도리코,54900,1000,19143,,,,
20260306,029780,삼성카드,59300,-200,71625,,,,
20260306,030000,제일기획,20200,-200,362522,,,,
20260306,030190,NICE평가정보,16550,120,59052,,,,
20260306,030200,KT,59000,1200,490128,,,,
20260306,030210,다올투자증권,4575,-5,255795,,,,
20260306,030610,교보증권,12730,-10,104205,,,,
20260306,030720,동원수산,5770,0,15148,,,,
20260306,031210,서울보증보험,55200,-1100,59896,,,,
20260306,031430,신세계인터내셔날,12350,-100,105979,,,,
20260306,031820,아이티센씨티에스,7880,-100,147926,,,,
20260306,032350,롯데관광개발,19060,-230,535296,,,,
20260306,032560,황금에스티,5920,30,24100,,,,
20260306,032640,LG유플러스,15090,80,1003392,,,,
20260306,032830,삼성생명,210000,-4000,353025,,,,
20260306,033240,자화전자,39950,2850,317115,,,,
20260306,033250,체시스,4930,-20,40092,,,,
20260306,033270,유나이티드제약,19830,-110,24765,,,,
20260306,033530,SJG세종,8740,60,224547,,,,
20260306,033780,KT&G,154700,-1900,205487,,,,
20260306,033920,무학,9140,-70,71893,,,,
20260306,034020,두산에너빌리티,98000,7500,7901291,,,,
20260306,034120,SBS,17090,90,19086,,,,
20260306,034220,LG디스플레이,11960,330,6062490,,,,
20260306,034230,파라다이스,16960,-130,507255,,,,
20260306,034310,NICE,13470,-410,71042,,,,
20260306,034590,인천도시가스,26750,-150,2209,,,,
20260306,034730,SK,358500,-1000,205535,,,,
20260306,03473K,SK우,257000,0,2201,,,,
20260306,034830,한국토지신탁,1423,-62,1445963,,,,
20260306,035000,HS애드,8500,-80,25544,,,,
20260306,035150,백산,13100,-220,20737,,,,
20260306,035250,강원랜드,18080,250,572378,,,,
20260306,035420,NAVER,222500,2500,1042652,,,,
20260306,035510,신세계 I&C,16150,80,51607,,,,
20260306,035720,카카오,53600,2400,2823937,,,,
20260306,036420,콘텐트리중앙,6620,20,44350,,,,
20260306,036460,한국가스공사,36900,-200,736008,,,,
20260306,036530,SNT홀딩스,57700,1400,17907,,,,
20260306,036570,NC,214500,10000,151681,,,,
20260306,036580,팜스코,3460,-70,172580,,,,
20260306,037270,YG PLUS,6340,130,718071,,,,
20260306,037560,LG헬로비전,2240,-20,149578,,,,
20260306,037710,광주신세계,37400,-200,14046,,,,
20260306,039130,하나투어,41950,-450,119515,,,,
20260306,039490,키움증권,435500,-5500,168857,,,,
20260306,039570,HDC랩스,8100,-40,40488,,,,
20260306,041650,상신브레이크,2575,-5,36493,,,,
20260306,042660,한화오션,126700,4600,1797553,,,,
20260306,042700,한미반도체,333500,18500,2232244,,,,
20260306,044380,주연테크,1640,30,21280,,,,
20260306,044450,KSS해운,10620,-290,678777,,,,
20260306,044820,코스맥스비티아이,13620,-170,21866,,,,
20260306,047040,대우건설,8770,230,11357317,,,,
20260306,047050,포스코인터내셔널,73300,7300,1701854,,,,
20260306,047400,유니온머티리얼,1449,34,255260,,,,
20260306,047810,한국항공우주,183300,4300,1032852,,,,
20260306,049800,우진플라임,2510,-40,58512,,,,
20260306,051600,한전KPS,55200,600,178400,,,,
20260306,051630,진양화학,2180,30,32347,,,,
20260306,051900,LG생활건강,248000,12500,72992,,,,
20260306,051905,LG생활건강우,108600,1200,10528,,,,
20260306,051910,LG화학,326500,2000,511510,,,,
20260306,051915,LG화학우,160000,200,51474,,,,
20260306,052690,한전기술,155400,9200,370305,,,,
20260306,053210,스카이라이프,5010,-30,74982,,,,
20260306,053690,한미글로벌,18450,540,83054,,,,
20260306,055490,테이팩스,15000,150,17296,,,,
20260306,055550,신한지주,91800,-1100,2033531,,,,
20260306,058430,포스코스틸리온,4550,80,339000,,,,
20260306,058650,세아홀딩스,159500,12600,11745,,,,
20260306,058730,다스코,3330,185,334382,,,,
20260306,058850,KTcs,2625,-20,338750,,,,
20260306,058860,KTis,2825,-20,164915,,,,
20260306,060980,HL홀딩스,43450,550,24571,,,,
20260306,062040,산일전기,146800,3300,170290,,,,
20260306,063160,종근당바이오,19990,270,15289,,,,
20260306,064350,현대로템,233000,7500,1214459,,,,
20260306,064400,LG씨엔에스,64900,2200,637041,,,,
20260306,064960,SNT모티브,33750,550,49990,,,,
20260306,066570,LG전자,118000,2600,1179043,,,,
20260306,066575,LG전자우,54700,700,136476,,,,
20260306,066970,엘앤에프,118600,11600,578934,,,,
20260306,067830,세이브존I&C,2965,-25,60758,,,,
20260306,068270,셀트리온,202547,953,601213,,,,
20260306,068290,삼성출판사,9420,40,14992,,,,
20260306,069260,TKG휴켐스,17420,-610,87216,,,,
20260306,069460,대호에이엘,2800,-95,433133,,,,
20260306,069620,대웅제약,169800,3800,30819,,,,
20260306,069640,한세엠케이,1168,0,8923,,,,
20260306,069730,DSR제강,4440,-10,67169,,,,
20260306,069960,현대백화점,89500,-2000,96430,,,,
20260306,070960,모나용평,3065,70,47481,,,,
20260306,071050,한국금융지주,230000,-500,232424,,,,
20260306,071055,한국금융지주우,164300,2300,27398,,,,
20260306,071090,하이스틸,3545,80,131036,,,,
20260306,071320,지역난방공사,87200,-100,28165,,,,
20260306,071840,롯데하이마트,7820,-80,32214,,,,
20260306,071950,코아스,2065,-65,164765,,,,
20260306,071970,HD현대마린엔진,78600,-500,180872,,,,
20260306,072130,유엔젤,4695,110,48770,,,,
20260306,072710,농심홀딩스,93800,1100,9334,,,,
20260306,073240,금호타이어,5960,-80,751296,,,,
20260306,074610,이엔플러스,5110,0,0,,,,
20260306,075180,새론오토모티브,3190,-15,1464,,,,
20260306,075580,세진중공업,16160,-280,257342,,,,
20260306,077500,유니퀘스트,6340,170,146976,,,,
20260306,077970,STX엔진,29600,-200,188084,,,,
20260306,078000,텔코웨어,17800,210,26794,,,,
20260306,078520,에이블씨엔씨,10450,240,114370,,,,
20260306,078930,GS,65600,-1000,382317,,,,
20260306,078935,GS우,54200,400,4214,,,,
20260306,079160,CJ CGV,5030,-70,602414,,,,
20260306,079430,현대리바트,7180,-10,45471,,,,
20260306,079550,LIG디펜스앤에어로스페이스,834000,71000,1559685,,,,
20260306,079900,전진건설로봇,53000,100,68536,,,,
20260306,079980,휴비스,2535,55,71571,,,,
20260306,081000,일진다이아,14280,90,45876,,,,
20260306,081660,미스토홀딩스,48500,400,98794,,,,
20260306,082640,동양생명,8000,750,949767,,,,
20260306,082740,한화엔진,48400,600,377076,,,,
20260306,083420,그린케미칼,5550,50,63431,,,,
20260306,084010,대한제강,11090,-150,69907,,,,
20260306,084670,동양고속,44300,0,56274,,,,
20260306,084680,이월드,1618,22,565770,,,,
20260306,084690,대상홀딩스,9340,0,100031,,,,
20260306,084695,대상홀딩스우,13630,280,9520,,,,
20260306,084870,TBH글로벌,2030,151,85758,,,,
20260306,085310,엔케이,10130,60,44973,,,,
20260306,085620,미래에셋생명,14570,1000,2123585,,,,
20260306,086280,현대글로비스,243500,-3000,234085,,,,
20260306,086790,하나금융지주,110300,-900,1043776,,,,
20260306,088260,이리츠코크렙,4780,20,58696,,,,
20260306,088350,한화생명,4950,270,15240290,,,,
20260306,088790,진도,2300,35,61351,,,,
20260306,088980,맥쿼리인프라,11380,20,1441784,,,,
20260306,089470,HDC현대EP,5470,-40,92681,,,,
20260306,089590,제주항공,5290,-60,305128,,,,
20260306,089860,롯데렌탈,31700,50,66671,,,,
20260306,090080,평화산업,912,4,182289,,,,
20260306,090350,노루페인트,8550,240,776471,,,,
20260306,090355,노루페인트우,12860,290,1461,,,,
20260306,090370,메타랩스,1501,35,93875,,,,
20260306,090430,아모레퍼시픽,131600,1400,192411,,,,
20260306,090435,아모레퍼시픽우,47050,1000,16877,,,,
20260306,090460,비에이치,16850,450,247123,,,,
20260306,091810,트리니티항공,1189,-20,541563,,,,
20260306,092200,디아이씨,9460,170,558908,,,,
20260306,092220,KEC,6990,-130,2615709,,,,
20260306,092230,KPX홀딩스,79200,-800,1758,,,,
20260306,092440,기신정기,2245,-20,8466,,,,
20260306,092780,DYP,4610,0,106871,,,,
20260306,092790,넥스틸,11000,250,146447,,,,
20260306,093050,LF,20750,300,52883,,,,
20260306,093240,형지엘리트,1085,0,612734,,,,
20260306,093370,후성,7340,280,465749,,,,
20260306,094280,효성ITX,12290,0,19161,,,,
20260306,094800,맵스리얼티,6700,30,73828,,,,
20260306,095570,AJ네트웍스,4960,20,180901,,,,
20260306,095720,웅진씽크빅,2127,24,30712,,,,
20260306,096760,JW홀딩스,3970,-45,86381,,,,
20260306,096770,SK이노베이션,124900,-1600,1082786,,,,
20260306,096775,SK이노베이션우,76400,0,7370,,,,
20260306,097230,HJ중공업,23150,500,1076554,,,,
20260306,097520,엠씨넥스,23850,0,40278,,,,
20260306,097950,CJ제일제당,195900,-1200,60598,,,,
20260306,097955,CJ제일제당 우,131300,200,4036,,,,
20260306,100090,SK오션플랜트,18580,1600,466538,,,,
20260306,100220,비상교육,5270,90,12093,,,,
20260306,100250,진양홀딩스,3020,-10,262584,,,,
20260306,100840,SNT에너지,41050,900,207062,,,,
20260306,101140,인바이오젠,9100,650,15441,,,,
20260306,101530,해태제과식품,6500,90,49775,,,,
20260306,102260,동성케미컬,4125,-30,115172,,,,
20260306,102460,이연제약,10450,0,44105,,,,
20260306,103140,풍산,121200,2800,931961,,,,
20260306,103590,일진전기,82100,1100,387167,,,,
20260306,104700,한국철강,9600,150,42506,,,,
20260306,105560,KB금융,147400,-1600,1238730,,,,
20260306,105630,한세실업,12810,-260,193589,,,,
20260306,105840,우진,23250,1200,692972,,,,
20260306,107590,미원홀딩스,67000,-600,358,,,,
20260306,108320,LX세미콘,52700,1100,66792,,,,
20260306,108670,LX하우시스,28950,-150,29842,,,,
20260306,108675,LX하우시스우,15970,-210,3191,,,,
20260306,109070,주성코퍼레이션,799,1,96943,,,,
20260306,111110,호전실업,7630,0,8905,,,,
20260306,111380,동인기연,14580,140,3354,,,,
20260306,111770,영원무역,96300,3600,105012,,,,
20260306,112610,씨에스윈드,52000,5500,734307,,,,
20260306,114090,GKL,12310,-600,344915,,,,
20260306,117580,대성에너지,11870,-830,6912006,,,,
20260306,118000,메타케어,3090,-80,70878,,,,
20260306,119650,KC코트렐,918,0,0,,,,
20260306,120030,조선선재,100800,400,1044,,,,
20260306,120110,코오롱인더,62900,1500,224557,,,,
20260306,120115,코오롱인더우,27700,0,13041,,,,
20260306,122900,아이마켓코리아,7620,0,48678,,,,
20260306,123690,한국화장품,8660,-20,124617,,,,
20260306,123700,SJM,3590,-10,49469,,,,
20260306,123890,한국자산신탁,2785,-15,269944,,,,
20260306,126560,현대퓨처넷,3280,30,95940,,,,
20260306,126720,수산인더스트리,25200,50,55369,,,,
20260306,128820,대성산업,8430,-770,3351396,,,,
20260306,128940,한미약품,516000,-3000,70840,,,,
20260306,129260,인터지스,2555,40,104260,,,,
20260306,130660,한전산업,21100,750,1831772,,,,
20260306,133820,화인베스틸,1348,5,85475,,,,
20260306,134380,미원화학,10950,-50,9600,,,,
20260306,134790,시디즈,19490,-100,1970,,,,
20260306,136490,선진,11130,10,101072,,,,
20260306,137310,에스디바이오센서,7590,-180,143154,,,,
20260306,138040,메리츠금융지주,114400,-1400,234649,,,,
20260306,138930,BNK금융지주,18420,-380,921541,,,,
20260306,139130,iM금융지주,17050,-200,610826,,,,
20260306,139480,이마트,92600,1200,171442,,,,
20260306,139990,아주스틸,2975,-25,14955,,,,
20260306,143210,핸즈코퍼레이션,1015,-9,34825,,,,
20260306,145210,다이나믹디자인,3530,30,17088,,,,
20260306,145270,케이탑리츠,902,1,56868,,,,
20260306,145720,덴티움,50200,-200,52498,,,,
20260306,145990,삼양사,47000,-1100,12650,,,,
20260306,145995,삼양사우,35450,50,161,,,,
20260306,155660,DSR,4025,40,42866,,,,
20260306,161000,애경케미칼,10260,570,214290,,,,
20260306,161390,한국타이어앤테크놀로지,59300,-2400,660566,,,,
20260306,161890,한국콜마,70000,800,157551,,,,
20260306,163560,동일고무벨트,6810,50,33708,,,,
20260306,170900,동아에스티,47066,858,30941,,,,
20260306,175330,JB금융지주,29400,150,479272,,,,
20260306,178920,PI첨단소재,19150,760,147112,,,,
20260306,180640,한진칼,123700,2500,107186,,,,
20260306,18064K,한진칼우,37100,0,6648,,,,
20260306,181710,NHN,36600,1350,108800,,,,
20260306,183190,아세아시멘트,11810,20,78225,,,,
20260306,185750,종근당,85600,600,21922,,,,
20260306,192080,더블유게임즈,50000,750,81223,,,,
20260306,192400,쿠쿠홀딩스,28150,-450,44669,,,,
20260306,192650,드림텍,6870,90,298513,,,,
20260306,192820,코스맥스,168900,1800,58646,,,,
20260306,194370,제이에스코퍼레이션,11850,70,165513,,,,
20260306,195870,해성디에스,58300,3800,211661,,,,
20260306,200880,서연이화,14010,130,119359,,,,
20260306,204320,HL만도,53800,-100,517396,,,,
20260306,207940,삼성바이오로직스,1644000,-3000,57347,,,,
20260306,210540,디와이파워,13580,250,78332,,,,
20260306,210980,SK디앤디,12850,230,62437,,,,
20260306,213500,한솔제지,8350,0,61468,,,,
20260306,214320,이노션,19300,-70,121081,,,,
20260306,214330,금호에이치티,13056,-82,15692,,,,
20260306,214390,경보제약,5560,-20,29685,,,,
20260306,214420,토니모리,6970,140,169102,,,,
20260306,217590,티엠씨,13230,280,102423,,,,
20260306,226320,잇츠한불,10390,-80,21708,,,,
20260306,227840,현대코퍼레이션홀딩스,12050,-140,21700,,,,
20260306,229640,LS에코에너지,42300,500,98897,,,,
20260306,234080,JW생명과학,12930,0,37588,,,,
20260306,241560,두산밥캣,59400,2200,443668,,,,
20260306,241590,화승엔터프라이즈,5030,30,71788,,,,
20260306,244920,에이플러스에셋,12830,30,37558,,,,
20260306,248070,솔루엠,17370,410,159047,,,,
20260306,248170,샘표식품,27800,-150,12652,,,,
20260306,249420,일동제약,33150,350,230011,,,,
20260306,251270,넷마블,54000,5500,1126580,,,,
20260306,259960,크래프톤,226000,6000,163189,,,,
20260306,264900,크라운제과,8450,60,24162,,,,
20260306,26490K,크라운제과우,8910,50,1817,,,,
20260306,267250,HD현대,279000,4000,169735,,,,
20260306,267260,HD현대일렉트릭,968000,-16000,208388,,,,
20260306,267270,HD건설기계,126300,-300,351096,,,,
20260306,267290,경동도시가스,22200,-150,14450,,,,
20260306,267850,아시아나IDT,10130,-340,30964,,,,
20260306,268280,미원에스씨,128900,300,3061,,,,
20260306,271560,오리온,126500,2400,97343,,,,
20260306,271940,일진하이솔루스,18870,1530,252396,,,,
20260306,271980,제일약품,14450,-550,46643,,,,
20260306,272210,한화시스템,158900,8100,8756536,,,,
20260306,272450,진에어,6380,10,204879,,,,
20260306,272550,삼양패키징,11500,-250,17167,,,,
20260306,278470,에이피알,306000,23000,385098,,,,
20260306,279570,케이뱅크,7750,-580,45092525,,,,
20260306,280360,롯데웰푸드,113100,-3000,25665,,,,
20260306,281820,케이씨텍,47600,1200,105863,,,,
20260306,282330,BGF리테일,115000,-300,64886,,,,
20260306,284740,쿠쿠홈시스,24100,-200,20594,,,,
20260306,285130,SK케미칼,59200,-200,36369,,,,
20260306,28513K,SK케미칼우,27550,600,4105,,,,
20260306,286940,롯데이노베이트,21600,150,33121,,,,
20260306,293480,하나제약,9790,-150,55260,,,,
20260306,293940,신한알파리츠,5640,-40,208869,,,,
20260306,294870,IPARK현대산업개발,21550,650,332459,,,,
20260306,298000,효성화학,77800,0,0,,,,
20260306,298020,효성티앤씨,327000,-8500,45241,,,,
20260306,298040,효성중공업,2478000,-6000,36939,,,,
20260306,298050,HS효성첨단소재,212000,3000,14736,,,,
20260306,298690,에어부산,1752,-17,241874,,,,
20260306,300720,한일시멘트,16640,180,103760,,,,
20260306,302440,SK바이오사이언스,43750,-500,168105,,,,
20260306,306200,세아제강,125700,2200,8684,,,,
20260306,307950,현대오토에버,409000,6500,141073,,,,
20260306,308170,씨티알모빌리티,5390,-100,26275,,,,
20260306,316140,우리금융지주,33050,-700,2839595,,,,
20260306,317400,자이에스앤디,4375,100,126031,,,,
20260306,317450,명인제약,62000,1000,32143,,,,
20260306,322000,HD현대에너지솔루션,117100,27000,4537481,,,,
20260306,323410,카카오뱅크,24100,50,1070088,,,,
20260306,326030,SK바이오팜,102900,-3700,213138,,,,
20260306,329180,HD현대중공업,554000,-5000,202506,,,,
20260306,330590,롯데리츠,4435,-155,307031,,,,
20260306,334890,이지스밸류플러스리츠,4100,0,57777,,,,
20260306,336260,두산퓨얼셀,40350,2300,963736,,,,
20260306,33626K,두산퓨얼셀1우,7750,550,63412,,,,
20260306,33626L,두산퓨얼셀2우B,9980,320,5474,,,,
20260306,336370,솔루스첨단소재,8380,430,306401,,,,
20260306,33637K,솔루스첨단소재1우,2000,11,16573,,,,
20260306,33637L,솔루스첨단소재2우B,3425,160,6266,,,,
20260306,338100,NH프라임리츠,4650,15,65977,,,,
20260306,339770,교촌에프앤비,4225,-35,104807,,,,
20260306,344820,KCC글라스,26600,-350,55708,,,,
20260306,348950,제이알글로벌리츠,1796,-63,1296124,,,,
20260306,350520,이지스레지던스리츠,3760,10,85153,,,,
20260306,352820,하이브,353000,10000,216428,,,,
20260306,353200,대덕전자,66700,7400,2244904,,,,
20260306,35320K,대덕전자1우,16550,990,18347,,,,
20260306,357120,코람코라이프인프라리츠,4525,10,85712,,,,
20260306,357250,미래에셋맵스리츠,2490,20,28398,,,,
20260306,357430,마스턴프리미어리츠,1495,-5,31956,,,,
20260306,361610,SK아이이테크놀로지,23450,750,208646,,,,
20260306,363280,티와이홀딩스,2845,20,40791,,,,
20260306,36328K,티와이홀딩스우,4080,75,3281,,,,
20260306,365550,ESR켄달스퀘어리츠,4200,-25,200295,,,,
20260306,372910,한컴라이프케어,2605,-10,115344,,,,
20260306,373220,LG에너지솔루션,377500,6000,350799,,,,
20260306,375500,DL이앤씨,45800,1200,263748,,,,
20260306,37550K,DL이앤씨우,23950,400,5676,,,,
20260306,37550L,DL이앤씨2우(전환),35000,-450,3602,,,,
20260306,377190,디앤디플랫폼리츠,3040,15,186900,,,,
20260306,377300,카카오페이,61600,2300,615050,,,,
20260306,377740,바이오노트,5460,-40,90666,,,,
20260306,378850,화승알앤에이,3580,10,78606,,,,
20260306,381970,케이카,14310,-40,93248,,,,
20260306,383220,F&F,62800,-700,112184,,,,
20260306,383800,LX홀딩스,8250,-10,185421,,,,
20260306,38380K,LX홀딩스1우,8370,300,6936,,,,
20260306,395400,SK리츠,5710,-10,230182,,,,
20260306,396690,미래에셋글로벌리츠,2505,-5,37175,,,,
20260306,400760,NH올원리츠,3175,25,101414,,,,
20260306,402340,SK스퀘어,553000,-13000,578081,,,,
20260306,403550,쏘카,11420,-30,11546,,,,
20260306,404990,신한서부티엔디리츠,4300,-50,313425,,,,
20260306,415640,KB발해인프라,9980,-40,98680,,,,
20260306,417310,코람코더원리츠,9270,80,76018,,,,
20260306,432320,KB스타리츠,3335,-30,76611,,,,
20260306,439260,대한조선,102600,-600,325790,,,,
20260306,443060,HD현대마린솔루션,169000,-4100,101425,,,,
20260306,446070,유니드비티플러스,2945,-95,102618,,,,
20260306,448730,삼성FN리츠,5250,80,76014,,,,
20260306,450080,에코프로머티,70800,7600,2488093,,,,
20260306,451800,한화리츠,5090,0,108147,,,,
20260306,452260,한화갤러리아,2900,30,5298682,,,,
20260306,45226K,한화갤러리아우,8320,650,164676,,,,
20260306,453340,현대그린푸드,15800,180,65909,,,,
20260306,454910,두산로보틱스,91100,500,369010,,,,
20260306,456040,OCI,83300,2800,64962,,,,
20260306,457190,이수스페셜티케미컬,105100,8100,507487,,,,
20260306,460850,동국씨엠,5670,60,83567,,,,
20260306,460860,동국제강,9320,610,487923,,,,
20260306,462520,조선내화,13910,350,8935,,,,
20260306,462870,시프트업,31550,1350,100762,,,,
20260306,465770,STX그린로지스,7170,-360,1212363,,,,
20260306,475150,SK이터닉스,27300,3350,2193010,,,,
20260306,475560,더본코리아,21700,-100,12147,,,,
20260306,480370,씨케이솔루션,2900,-15,99462,,,,
20260306,481850,신한글로벌액티브리츠,1136,-2,37689,,,,
20260306,483650,달바글로벌,150300,900,69312,,,,
20260306,484870,엠앤씨솔루션,44733,1300,114594,,,,
20260306,487570,HS효성,54400,-2900,94275,,,,
20260306,489790,한화비전,85800,7500,2170225,,,,
20260306,499790,GS피앤엘,45950,-700,183389,,,,
20260306,900140,엘브이엠씨홀딩스,1433,-50,970773,,,,
20260306,950210,프레스티지바이오파마,10010,-10,77489,,,,
20260309,000020,동화약품,5970,-200,64768,,,,
20260309,000040,KR모터스,1850,-35,35561,,,,
20260309,000050,경방,8780,-510,89032,,,,
20260309,000070,삼양홀딩스,68200,-2300,25554,,,,
20260309,000080,하이트진로,16620,190,218092,,,,
20260309,000087,하이트진로2우B,14000,-70,1719,,,,
20260309,000100,유한양행,96400,-2900,292902,,,,
20260309,000105,유한양행우,85000,-3600,2890,,,,
20260309,000120,CJ대한통운,108900,-10500,143701,,,,
20260309,000140,하이트진로홀딩스,8900,-310,31376,,,,
20260309,000145,하이트진로홀딩스우,11240,-310,984,,,,
20260309,000150,두산,980000,-70000,75409,,,,
20260309,000155,두산우,482000,-37000,22634,,,,
20260309,000157,두산2우B,439000,-26000,1095,,,,
20260309,000180,성창기업지주,7630,-270,31588,,,,
20260309,000210,DL,41000,-2500,106987,,,,
20260309,000215,DL우,23700,-200,6888,,,,
20260309,000220,유유제약,4200,-130,91562,,,,
20260309,000225,유유제약1우,4470,-170,11159,,,,
20260309,000227,유유제약2우B,10220,-90,571,,,,
20260309,000230,일동홀딩스,10150,-650,43362,,,,
20260309,000240,한국앤컴퍼니,24900,-1100,101862,,,,
20260309,000270,기아,153400,-13600,1846031,,,,
20260309,000300,DH오토넥스,4200,0,0,,,,
20260309,000320,노루홀딩스,21350,-1250,28125,,,,
20260309,000325,노루홀딩스우,28000,-1700,827,,,,
20260309,000370,한화손해보험,6940,-310,684018,,,,
20260309,000390,SP삼화,9470,-650,11782354,,,,
20260309,000400,롯데손해보험,2075,-75,887663,,,,
20260309,000430,대원강업,3795,-300,215973,,,,
20260309,000480,CR홀딩스,4795,-100,26975,,,,
20260309,000490,대동,9800,-290,302515,,,,
20260309,000500,가온전선,51512,-4223,67298,,,,
20260309,000520,삼일제약,9850,-670,217892,,,,
20260309,000540,흥국화재,4525,-260,276431,,,,
20260309,000545,흥국화재우,6770,-280,7088,,,,
20260309,000590,CS홀딩스,79400,-1500,706,,,,
20260309,000640,동아쏘시오홀딩스,101880,-1943,9710,,,,
20260309,000650,천일고속,232000,-11000,4310,,,,
20260309,000660,SK하이닉스,836000,-88000,7253621,,,,
20260309,000670,영풍,51100,-4900,44517,,,,
20260309,000680,LS네트웍스,3050,-160,220602,,,,
20260309,000700,유수홀딩스,5950,-130,23828,,,,
20260309,000720,현대건설,146400,-10400,1584152,,,,
20260309,000725,현대건설우,64600,-4300,10371,,,,
20260309,000760,이화산업,15270,-660,6247,,,,
20260309,000810,삼성화재,474500,-22000,126683,,,,
20260309,000815,삼성화재우,382500,-11000,20657,,,,
20260309,000850,화천기공,36000,-900,3540,,,,
20260309,000860,강남제비스코,14860,-1020,73872,,,,
20260309,000880,한화,148258,-10925,239578,,,,
20260309,00088K,한화3우B,47774,-4178,70091,,,,
20260309,000890,보해양조,2245,-75,119325,,,,
20260309,000910,유니온,4170,-20,181874,,,,
20260309,000950,전방,35200,-2450,1175,,,,
20260309,000970,한국주철관,6600,-120,54205,,,,
20260309,000990,DB하이텍,83200,-6800,468699,,,,
20260309,001020,페이퍼코리아,3415,-220,72462,,,,
20260309,001040,CJ,171600,-12100,217303,,,,
20260309,001045,CJ우,82700,-4600,6500,,,,
20260309,00104K,CJ4우(전환),149900,-9900,20518,,,,
20260309,001060,JW중외제약,30700,-1600,82684,,,,
20260309,001065,JW중외제약우,26750,-1100,208,,,,
20260309,001067,JW중외제약2우B,57400,-500,95,,,,
20260309,001070,대한방직,6580,-120,31110,,,,
20260309,001080,만호제강,5010,-430,232781,,,,
20260309,001120,LX인터내셔널,41550,2050,362128,,,,
20260309,001130,대한제분,14680,-170,46580,,,,
20260309,001200,유진투자증권,4735,-235,1574702,,,,
20260309,001210,금호전기,3935,-150,151889,,,,
20260309,001230,동국홀딩스,2131,4,864576,,,,
20260309,001250,GS글로벌,2520,5,3306085,,,,
20260309,001260,남광토건,8080,-340,23311,,,,
20260309,001270,부국증권,73600,-5200,24599,,,,
20260309,001275,부국증권우,32850,-950,4446,,,,
20260309,001290,상상인증권,1190,-140,3387337,,,,
20260309,001340,PKC,6620,-280,515010,,,,
20260309,001360,삼성제약,1760,-104,661332,,,,
20260309,001380,SG글로벌,2734,-177,124050,,,,
20260309,001390,KG케미칼,5070,145,8236834,,,,
20260309,001420,태원물산,2710,-120,5524,,,,
20260309,001430,세아베스틸지주,58500,-3400,374642,,,,
20260309,001440,대한전선,28750,-1500,3450191,,,,
20260309,001450,현대해상,29850,-1000,420179,,,,
20260309,001460,BYC,44300,-3250,6357,,,,
20260309,001465,BYC우,25900,-1650,2670,,,,
20260309,001470,삼부토건,347,0,0,,,,
20260309,001500,현대차증권,10850,-540,305036,,,,
20260309,001510,SK증권,3421,-445,21622295,,,,
20260309,001515,SK증권우,6080,-460,19288,,,,
20260309,001520,동양,1636,-126,611692,,,,
20260309,001525,동양우,8660,-340,4921,,,,
20260309,001527,동양2우B,17700,-280,215,,,,
20260309,001530,DI동일,19920,-2180,116960,,,,
20260309,001550,조비,16330,1740,2492847,,,,
20260309,001560,제일연마,10320,-640,11630,,,,
20260309,001570,금양,9900,0,0,,,,
20260309,001620,케이비아이동국실업,3455,-295,269145,,,,
20260309,001630,종근당홀딩스,47500,-1500,5731,,,,
20260309,001680,대상,20100,-550,164846,,,,
20260309,001685,대상우,16580,-330,19867,,,,
20260309,001720,신영증권,180400,-13600,29915,,,,
20260309,001740,SK네트웍스,5010,-230,750749,,,,
20260309,001750,한양증권,22800,-850,39843,,,,
20260309,001755,한양증권우,21900,-550,692,,,,
20260309,001770,SHD,16400,-540,1785,,,,
20260309,001780,알루코,2010,-65,902191,,,,
20260309,001790,대한제당,2710,-30,549917,,,,
20260309,001795,대한제당우,2335,-25,43245,,,,
20260309,001800,오리온홀딩스,23300,450,229798,,,,
20260309,001820,삼화콘덴서,43350,-4050,171039,,,,
20260309,001940,KISCO홀딩스,23850,-400,7582,,,,
20260309,002020,코오롱,56600,-2400,76660,,,,
20260309,002025,코오롱우,26400,-1250,7147,,,,
20260309,002030,아세아,284500,0,2140,,,,
20260309,002070,비비안,9575,-217,9855,,,,
20260309,002100,경농,9640,190,4274864,,,,
20260309,002140,고려산업,2835,90,13227280,,,,
20260309,002150,도화엔지니어링,6010,-210,84596,,,,
20260309,002170,SYTS,56300,-1700,5321,,,,
20260309,002200,한국수출포장,3065,-50,190300,,,,
20260309,002210,동성제약,1946,0,0,,,,
20260309,002220,한일철강,3770,-255,244170,,,,
20260309,002240,고려제강,20150,-850,31645,,,,
20260309,002310,아세아제지,9070,-360,379318,,,,
20260309,002320,한진,18640,-1030,38228,,,,
20260309,002350,넥센타이어,7410,-120,232943,,,,
20260309,002355,넥센타이어1우B,4010,-200,45277,,,,
20260309,002360,SH에너지화학,4460,260,3677870,,,,
20260309,002380,KCC,493500,-44500,29473,,,,
20260309,002390,한독,10150,-430,26515,,,,
20260309,002410,범양건영,1935,0,0,,,,
20260309,002420,세기상사,5600,-60,358359,,,,
20260309,002450,삼익악기,1130,-28,199327,,,,
20260309,002460,HS화성,12220,-680,12379,,,,
20260309,002600,조흥,154200,-700,211,,,,
20260309,002620,제일파마홀딩스,8510,-280,30087,,,,
20260309,002630,오리엔트바이오,1092,-70,595679,,,,
20260309,002690,동일제강,1446,-59,72248,,,,
20260309,002700,신일전자,1327,-31,327857,,,,
20260309,002710,TCC스틸,13420,-850,144037,,,,
20260309,002720,국제약품,4875,-70,403119,,,,
20260309,002760,보락,1175,5,343525,,,,
20260309,002780,진흥기업,702,-32,477755,,,,
20260309,002785,진흥기업우B,3355,-45,822,,,,
20260309,002787,진흥기업2우B,8170,280,67,,,,
20260309,002790,아모레퍼시픽홀딩스,25900,-1300,103642,,,,
20260309,002795,아모레퍼시픽홀딩스우,11980,-520,15632,,,,
20260309,00279K,아모레퍼시픽홀딩스3우C,22650,-950,11478,,,,
20260309,002810,삼영무역,18950,-790,26950,,,,
20260309,002820,SUN&L,2165,-15,60895,,,,
20260309,002840,미원상사,140000,-2100,3151,,,,
20260309,002870,신풍,1211,86,729978,,,,
20260309,002880,디와이에이,921,-27,176633,,,,
20260309,002900,TYM,6500,-230,510159,,,,
20260309,002920,유성기업,2030,-10,129698,,,,
20260309,002960,한국쉘석유,532000,5000,9314,,,,
20260309,002990,금호건설,4495,-135,155771,,,,
20260309,002995,금호건설우,13200,-480,2407,,,,
20260309,003000,부광약품,4945,-195,1067523,,,,
20260309,003010,혜인,5050,-210,80405,,,,
20260309,003030,세아제강지주,134700,4000,28477,,,,
20260309,003060,에이프로젠바이오로직스,277,-17,865366,,,,
20260309,003070,코오롱글로벌,9590,-300,39956,,,,
20260309,003075,코오롱글로벌우,15170,-570,1132,,,,
20260309,003080,SB성보,2645,-35,14070,,,,
20260309,003090,대웅,22100,-1500,138105,,,,
20260309,0030R0,대신밸류리츠,4355,-45,31256,,,,
20260309,003120,일성아이에스,21800,-1100,7675,,,,
20260309,003160,디아이,31150,-4350,432043,,,,
20260309,003200,일신방직,12460,-780,42340,,,,
20260309,003220,대원제약,10190,-510,79041,,,,
20260309,003230,삼양식품,1022000,-36000,46541,,,,
20260309,003240,태광산업,1164000,-56000,4318,,,,
20260309,003280,흥아해운,2450,-100,78665365,,,,
20260309,003300,한일홀딩스,16590,-240,36447,,,,
20260309,003350,한국화장품제조,9480,-940,186705,,,,
20260309,003460,유화증권,3530,-250,330286,,,,
20260309,003465,유화증권우,3455,-120,21711,,,,
20260309,003470,유안타증권,4765,-200,960470,,,,
20260309,003475,유안타증권우,4320,-205,136785,,,,
20260309,003480,한진중공업홀딩스,4520,-295,72810,,,,
20260309,003490,대한항공,22400,-2100,4302046,,,,
20260309,003495,대한항공우,22400,-1300,9052,,,,
20260309,003520,영진약품,1814,-77,550713,,,,
20260309,003530,한화투자증권,6950,-650,4276177,,,,
20260309,003535,한화투자증권우,8230,-670,37145,,,,
20260309,003540,대신증권,37800,-2200,156611,,,,
20260309,003545,대신증권우,25100,-900,100040,,,,
20260309,003547,대신증권2우B,24200,-800,30914,,,,
20260309,003550,LG,89300,-4700,396793,,,,
20260309,003555,LG우,68900,-2600,12569,,,,
20260309,003570,SNT다이내믹스,47800,-750,138217,,,,
20260309,003580,HLB글로벌,1903,-57,130607,,,,
20260309,003610,방림,5150,-300,58546,,,,
20260309,003620,KG모빌리티,3370,-135,1441286,,,,
20260309,003650,미창석유,122100,-5900,11086,,,,
20260309,003670,포스코퓨처엠,202500,-13000,348100,,,,
20260309,003680,한성기업,5000,-90,25920,,,,
20260309,003690,코리안리,12540,-250,239347,,,,
20260309,003720,삼영,6980,-360,867475,,,,
20260309,003780,진양산업,5280,-620,400797,,,,
20260309,003830,대한화섬,122100,500,621,,,,
20260309,003850,보령,9120,-350,135894,,,,
20260309,003920,남양유업,48100,-1050,11659,,,,
20260309,003925,남양유업우,33000,-800,4637,,,,
20260309,003960,사조대림,32100,-1600,13524,,,,
20260309,004000,롯데정밀화학,48000,2550,487588,,,,
20260309,004020,현대제철,36900,-2850,1354175,,,,
20260309,004060,SG세계물산,5500,-410,602361,,,,
20260309,004080,신흥,13720,0,7468,,,,
20260309,004090,한국석유,22800,-450,908187,,,,
20260309,004100,태양금속,2750,-95,567450,,,,
20260309,004105,태양금속우,3630,15,35840,,,,
20260309,004140,동방,2755,45,8043024,,,,
20260309,004150,한솔홀딩스,3180,-75,191190,,,,
20260309,004170,신세계,313000,-21000,74162,,,,
20260309,004250,NPC,3610,-75,53647,,,,
20260309,004255,NPC우,2345,-65,5202,,,,
20260309,004270,남성,5859,-143,3497,,,,
20260309,004310,현대약품,9260,-740,959343,,,,
20260309,004360,세방,14200,-590,69429,,,,
20260309,004365,세방우,9080,-240,7906,,,,
20260309,004370,농심,386500,-8000,22688,,,,
20260309,004380,삼익THK,13000,0,0,,,,
20260309,004410,서울식품,1960,-210,2805195,,,,
20260309,004415,서울식품우,11420,-150,3722,,,,
20260309,004430,송원산업,8550,-320,133133,,,,
20260309,004440,삼일씨엔에스,5380,-330,29715,,,,
20260309,004450,삼화왕관,27200,-800,2734,,,,
20260309,004490,세방전지,57900,-4100,45808,,,,
20260309,004540,깨끗한나라,1851,-29,110978,,,,
20260309,004545,깨끗한나라우,9990,-250,706,,,,
20260309,004560,현대비앤지스틸,17810,-490,201746,,,,
20260309,004690,삼천리,131900,-6000,15289,,,,
20260309,004700,조광피혁,60200,-3300,5151,,,,
20260309,004710,한솔테크닉스,4955,-472,323510,,,,
20260309,004720,팜젠사이언스,3560,-150,50403,,,,
20260309,004770,써니전자,1555,-95,372436,,,,
20260309,004800,효성,134200,-12000,41441,,,,
20260309,004830,덕성,4455,-170,91514,,,,
20260309,004835,덕성우,5880,-210,6320,,,,
20260309,004840,DRB동일,5470,-350,15338,,,,
20260309,004870,티웨이홀딩스,1603,-128,74320,,,,
20260309,004890,동일산업,37200,-800,908,,,,
20260309,004910,조광페인트,4630,-295,65015,,,,
20260309,004920,씨아이테크,1107,-7,47958,,,,
20260309,004960,한신공영,12170,-710,77836,,,,
20260309,004970,신라교역,9490,-160,22703,,,,
20260309,004980,성신양회,9180,-350,105734,,,,
20260309,004985,성신양회우,10520,-190,5965,,,,
20260309,004990,롯데지주,29850,-1850,275339,,,,
20260309,00499K,롯데지주우,28650,-1150,932,,,,
20260309,005010,휴스틸,4605,180,2651188,,,,
20260309,005030,부산주공,486,0,0,,,,
20260309,005070,코스모신소재,49100,-3800,287755,,,,
20260309,005090,SGC에너지,50300,1050,491532,,,,
20260309,005110,한창,1254,0,0,,,,
20260309,005180,빙그레,73500,-2900,38072,,,,
20260309,005250,녹십자홀딩스,13470,-580,116124,,,,
20260309,005257,녹십자홀딩스2우,22400,-1100,978,,,,
20260309,005300,롯데칠성,121300,-4000,21688,,,,
20260309,005305,롯데칠성우,83000,-1300,1968,,,,
20260309,005320,온타이드,1056,-70,238245,,,,
20260309,005360,모나미,1669,-22,99300,,,,
20260309,005380,현대차,507000,-46000,1913094,,,,
20260309,005385,현대차우,253500,-20000,178911,,,,
20260309,005387,현대차2우B,252000,-23500,251616,,,,
20260309,005389,현대차3우B,239000,-19000,29810,,,,
20260309,005420,코스모화학,14320,-1130,236736,,,,
20260309,005430,한국공항,56700,-3300,19511,,,,
20260309,005440,현대지에프홀딩스,13960,-550,360952,,,,
20260309,005490,POSCO홀딩스,336000,-17500,461460,,,,
20260309,005500,삼진제약,17380,-800,51079,,,,
20260309,005610,삼립,49600,-1300,10666,,,,
20260309,005680,삼영전자,11340,-440,58796,,,,
20260309,005690,파미셀,13430,-1070,672130,,,,
20260309,005720,넥센,6640,-140,66678,,,,
20260309,005725,넥센우,4330,-130,4633,,,,
20260309,005740,크라운해태홀딩스,6500,-140,38338,,,,
20260309,005745,크라운해태홀딩스우,7200,-110,681,,,,
20260309,005750,대림바스,4590,-220,42372,,,,
20260309,005800,신영와코루,16210,-650,14949,,,,
20260309,005810,풍산홀딩스,39100,-800,58582,,,,
20260309,005820,원림,15920,-90,891,,,,
20260309,005830,DB손해보험,180000,-8400,351464,,,,
20260309,005850,에스엘,61800,-6400,260801,,,,
20260309,005870,휴니드,8490,-660,1014853,,,,
20260309,005880,대한해운,2155,-120,21853857,,,,
20260309,005930,삼성전자,173500,-14700,43066020,,,,
20260309,005935,삼성전자우,121500,-6500,4748155,,,,
20260309,005940,NH투자증권,30550,-1650,914249,,,,
20260309,005945,NH투자증권우,23850,-1100,215373,,,,
20260309,005950,이수화학,7830,-510,234300,,,,
20260309,005960,동부건설,7490,-460,182700,,,,
20260309,005965,동부건설우,18220,-570,658,,,,
20260309,006040,동원산업,36950,-1800,65123,,,,
20260309,006060,화승인더,3215,-135,164441,,,,
20260309,006090,사조오양,8060,-230,17853,,,,
20260309,006110,삼아알미늄,30800,-1050,355384,,,,
20260309,006120,SK디스커버리,53000,-2100,46817,,,,
20260309,006125,SK디스커버리우,37400,-500,3236,,,,
20260309,006200,한국전자홀딩스,3855,-160,57067,,,,
20260309,006220,제주은행,13250,-1030,302913,,,,
20260309,006260,LS,230500,-18500,162510,,,,
20260309,006280,녹십자,144200,-7900,31291,,,,
20260309,006340,대원전선,5170,-350,4097060,,,,
20260309,006345,대원전선우,3940,-180,48094,,,,
20260309,006360,GS건설,19010,-850,790602,,,,
20260309,006370,대구백화점,4515,-110,39976,,,,
20260309,006380,카프로,3660,0,0,,,,
20260309,006400,삼성SDI,389000,-21500,754807,,,,
20260309,006405,삼성SDI우,222000,-20000,20000,,,,
20260309,006490,프리티,2145,-140,147607,,,,
20260309,006570,대림통상,2065,10,10061,,,,
20260309,006650,대한유화,121500,-2300,155757,,,,
20260309,006660,삼성공조,11400,-740,50420,,,,
20260309,006740,블루산업개발,1201,-72,86065,,,,
20260309,006800,미래에셋증권,63922,-2888,4685963,,,,
20260309,006805,미래에셋증권우,21633,-1478,247894,,,,
20260309,00680K,미래에셋증권2우B,19692,-977,1043523,,,,
20260309,006840,AK홀딩스,7790,-260,28241,,,,
20260309,006880,신송홀딩스,7000,20,2563194,,,,
20260309,006890,태경케미컬,9000,50,4190849,,,,
20260309,006980,우성,20800,-600,14760,,,,
20260309,007070,GS리테일,18460,-310,137209,,,,
20260309,007110,일신석재,1549,-125,803064,,,,
20260309,007120,미래아이앤지,1350,-2,143087,,,,
20260309,007160,사조산업,50400,-3300,16288,,,,
20260309,007210,벽산,1797,-83,255902,,,,
20260309,007280,한국특강,2665,-34,18886,,,,
20260309,007310,오뚜기,357500,-9500,6473,,,,
20260309,007340,DN오토모티브,26300,1200,356087,,,,
20260309,007460,에이프로젠,317,-20,4252140,,,,
20260309,007540,샘표,56100,-200,82033,,,,
20260309,007570,일양약품,14600,0,0,,,,
20260309,007575,일양약품우,15260,0,0,,,,
20260309,007590,동방아그로,5810,-60,82033,,,,
20260309,007610,선도전기,3000,0,0,,,,
20260309,007660,이수페타시스,103600,-11000,1095027,,,,
20260309,007690,국도화학,35300,-200,21421,,,,
20260309,007700,F&F홀딩스,17950,-970,32794,,,,
20260309,007810,코리아써키트,48700,-6500,324270,,,,
20260309,007815,코리아써우,13990,-1880,9866,,,,
20260309,00781K,코리아써키트2우B,11400,-890,939,,,,
20260309,007860,서연,8970,-960,150190,,,,
20260309,007980,TP,1771,-108,469526,,,,
20260309,008040,사조동아원,1141,25,9972185,,,,
20260309,008060,대덕,11440,-440,126553,,,,
20260309,00806K,대덕1우,9260,-180,9284,,,,
20260309,008250,이건산업,3810,-55,38797,,,,
20260309,008260,NI스틸,3370,-140,122888,,,,
20260309,008350,남선알미늄,1425,84,61977769,,,,
20260309,008355,남선알미우,12960,150,5789,,,,
20260309,008420,문배철강,2040,-85,167999,,,,
20260309,008490,서흥,20250,-1400,15174,,,,
20260309,008600,윌비스,2720,0,0,,,,
20260309,008700,아남전자,1148,-61,282399,,,,
20260309,008730,율촌화학,23700,-1300,59660,,,,
20260309,008770,호텔신라,40400,-1650,280202,,,,
20260309,008775,호텔신라우,32500,-1150,1466,,,,
20260309,008870,금비,45050,-1100,1490,,,,
20260309,008930,한미사이언스,37200,-2200,154876,,,,
20260309,008970,KBI동양철관,1625,-39,1132311,,,,
20260309,009070,KCTC,6140,-300,705945,,,,
20260309,009140,경인전자,20650,-300,1904,,,,
20260309,009150,삼성전기,382000,-22500,689302,,,,
20260309,009155,삼성전기우,151100,-11800,39704,,,,
20260309,009160,SIMPAC,4880,-220,131556,,,,
20260309,009180,한솔로지스틱스,2935,-5,355046,,,,
20260309,009190,대양금속,1139,-20,142977,,,,
20260309,009200,무림페이퍼,1921,-139,303931,,,,
20260309,009240,한샘,40600,-2350,59854,,,,
20260309,009270,신원,1321,-90,769283,,,,
20260309,009290,광동제약,8830,10,704303,,,,
20260309,009310,참엔지니어링,1054,-86,164924,,,,
20260309,009320,아진전자부품,1014,-10,177091,,,,
20260309,009410,태영건설,1639,-105,527941,,,,
20260309,009415,태영건설우,5650,-390,5119,,,,
20260309,009420,한올바이오파마,52200,-3200,219926,,,,
20260309,009440,KC그린홀딩스,756,0,0,,,,
20260309,009450,경동나비엔,61100,-300,46168,,,,
20260309,009460,한창제지,2395,-100,58347,,,,
20260309,009470,삼화전기,37150,-3950,110481,,,,
20260309,009540,HD한국조선해양,400000,-2000,277990,,,,
20260309,009580,무림P&P,2430,-105,89495,,,,
20260309,009680,모토닉,10280,-320,32887,,,,
20260309,009770,삼정펄프,33450,-450,3327,,,,
20260309,009810,MDS스피어,2103,28,15884,,,,
20260309,009830,한화솔루션,47633,-1227,5287597,,,,
20260309,009835,한화솔루션우,26463,-1039,43011,,,,
20260309,009900,명신산업,8630,-660,354989,,,,
20260309,009970,영원무역홀딩스,221000,-9500,12926,,,,
20260309,010040,한국내화,1953,-47,51236,,,,
20260309,010060,OCI홀딩스,146500,-5000,169201,,,,
20260309,010100,한국무브넥스,4370,-310,393574,,,,
20260309,010120,LS ELECTRIC,136200,-4600,652665,,,,
20260309,010130,고려아연,1596000,-156000,48063,,,,
20260309,010140,삼성중공업,28550,950,9475420,,,,
20260309,010400,우진아이엔에스,3675,-30,27825,,,,
20260309,010580,에스엠벡셀,1932,-73,102126,,,,
20260309,010640,진양폴리,2380,-190,110263,,,,
20260309,010660,화천기계,5770,-80,408650,,,,
20260309,010690,화신,11880,-920,438346,,,,
20260309,010770,평화홀딩스,3755,-180,67416,,,,
20260309,010780,아이에스동서,27900,-1100,90668,,,,
20260309,010820,퍼스텍,8660,-360,10469295,,,,
20260309,010950,S-Oil,128700,-1000,2642463,,,,
20260309,010955,S-Oil우,57400,-1100,92933,,,,
20260309,010960,삼호개발,3805,-60,76056,,,,
20260309,011000,진원생명과학,5200,-220,137420,,,,
20260309,011070,LG이노텍,250500,-19500,166051,,,,
20260309,011090,에넥스,2245,-50,23686,,,,
20260309,011150,CJ씨푸드,2615,-60,224300,,,,
20260309,011155,CJ씨푸드1우,13430,-1310,979,,,,
20260309,011170,롯데케미칼,71200,-4200,263758,,,,
20260309,011200,HMM,20650,-500,2525375,,,,
20260309,011210,현대위아,82500,-8800,236072,,,,
20260309,011230,삼화전자,2275,-190,132154,,,,
20260309,011280,태림포장,1838,-63,182271,,,,
20260309,011300,우성머티리얼스,3200,-270,93821,,,,
20260309,011330,유니켐,6200,-110,984627,,,,
20260309,011390,부산산업,73900,-5500,8071,,,,
20260309,011420,갤럭시아에스엠,1720,-67,155187,,,,
20260309,011500,한농화성,22600,-1350,389491,,,,
20260309,011690,와이투솔루션,6600,-390,841354,,,,
20260309,011700,한신기계,4240,-145,654798,,,,
20260309,011760,현대코퍼레이션,23900,-1350,75140,,,,
20260309,011780,금호석유화학,114100,-8400,144811,,,,
20260309,011785,금호석유화학우,57500,-4100,15472,,,,
20260309,011790,SKC,90985,-6392,272016,,,,
20260309,011810,STX,3530,0,0,,,,
20260309,011930,신성이엔지,21000,-2100,1081615,,,,
20260309,012030,DB,1746,-137,1702682,,,,
20260309,0120G0,삼양바이오팜,85000,-7700,51568,,,,
20260309,012160,영흥,2750,-45,32219,,,,
20260309,012170,아센디오,1248,-145,100813,,,,
20260309,012200,계양전기,6713,-454,522459,,,,
20260309,012205,계양전기우,5288,-416,32384,,,,
20260309,012280,영화금속,1012,-58,469124,,,,
20260309,012320,경동인베스트,84100,-6200,23134,,,,
20260309,012330,현대모비스,409000,-35000,421928,,,,
20260309,012450,한화에어로스페이스,1434000,-47000,564231,,,,
20260309,012610,경인양행,3930,-225,243929,,,,
20260309,012630,HDC,23850,-150,180754,,,,
20260309,012690,모나리자,1960,-75,138181,,,,
20260309,0126Z0,삼성에피스홀딩스,510000,-34000,84696,,,,
20260309,012750,에스원,83300,-500,53916,,,,
20260309,012800,대창,1335,-65,1062067,,,,
20260309,013000,세우글로벌,1110,-18,29623,,,,
20260309,013360,일성건설,1617,-62,196966,,,,
20260309,013520,화승코퍼레이션,3020,-35,366896,,,,
20260309,013570,디와이,4730,-155,88572,,,,
20260309,013580,계룡건설,24550,-1450,60951,,,,
20260309,013700,까뮤이앤씨,1250,14,68291,,,,
20260309,013870,지엠비코리아,5000,-100,100739,,,,
20260309,013890,지누스,11010,-480,72417,,,,
20260309,014130,한익스프레스,2680,-95,38662,,,,
20260309,014160,대영포장,1006,-23,263381,,,,
20260309,014280,금강공업,4965,-75,148369,,,,
20260309,014285,금강공업우,6670,-250,3387,,,,
20260309,014440,영보화학,4680,-70,35829,,,,
20260309,014530,극동유화,4600,315,15985414,,,,
20260309,014580,태경비케이,4445,10,2640706,,,,
20260309,014680,한솔케미칼,284000,-26000,66883,,,,
20260309,014710,사조씨푸드,7350,-550,41802,,,,
20260309,014790,HL D&I,3115,-60,188953,,,,
20260309,014820,동원시스템즈,23500,-1050,26918,,,,
20260309,014825,동원시스템즈우,16270,-210,149,,,,
20260309,014830,유니드,84500,5900,208105,,,,
20260309,014910,성문전자,1617,-88,324977,,,,
20260309,014915,성문전자우,4250,-55,2404,,,,
20260309,014990,인디에프,3800,-230,39953,,,,
20260309,015020,이스타코,928,-32,77148,,,,
20260309,015230,대창단조,6000,-220,63295,,,,
20260309,015260,에이엔피,769,177,4623977,,,,
20260309,015360,INVENI,14460,-300,58855,,,,
20260309,015590,DKME,2575,0,0,,,,
20260309,015760,한국전력,44800,-4000,5198826,,,,
20260309,015860,일진홀딩스,7550,-450,183579,,,,
20260309,015890,태경산업,4720,-90,183722,,,,
20260309,016090,대현,1628,-37,166953,,,,
20260309,016360,삼성증권,91600,-4300,555417,,,,
20260309,016380,KG스틸,5430,-140,508716,,,,
20260309,016450,한세예스24홀딩스,4670,-90,109738,,,,
20260309,016580,환인제약,10110,-330,40024,,,,
20260309,016590,신대양제지,12720,-860,44380,,,,
20260309,016610,DB증권,13330,-790,330763,,,,
20260309,016710,대성홀딩스,8880,-230,85663,,,,
20260309,016740,두올,4190,-85,126705,,,,
20260309,016800,퍼시스,38550,-1150,670,,,,
20260309,016880,웅진,1920,-110,642448,,,,
20260309,017040,광명전기,1282,-48,378071,,,,
20260309,017180,명문제약,1687,-93,93754,,,,
20260309,017370,우신시스템,5780,-210,86967,,,,
20260309,017390,서울가스,71700,4200,155437,,,,
20260309,017550,수산세보틱스,1754,-48,292412,,,,
20260309,017670,SK텔레콤,75800,-700,996566,,,,
20260309,017800,현대엘리베이터,86200,-800,312338,,,,
20260309,017810,풀무원,11590,-440,50892,,,,
20260309,017860,DS단석,19240,1870,1285524,,,,
20260309,017900,광전자,1857,-78,60557,,,,
20260309,017940,E1,95200,-2400,34844,,,,
20260309,017960,한국카본,44750,2950,2285104,,,,
20260309,018250,애경산업,14030,-140,38393,,,,
20260309,018260,삼성에스디에스,158600,-5300,252096,,,,
20260309,018470,조일알미늄,1214,11,5397252,,,,
20260309,018500,동원모빌리티,1427,-78,251700,,,,
20260309,018670,SK가스,241000,9500,136684,,,,
20260309,018880,한온시스템,3925,-215,8526680,,,,
20260309,019170,신풍제약,10500,-530,119218,,,,
20260309,019175,신풍제약우,15920,-660,7611,,,,
20260309,019180,티에이치엔,6800,-660,272478,,,,
20260309,019490,엑시큐어하이트론,541,0,0,,,,
20260309,019680,대교,1483,-56,52178,,,,
20260309,019685,대교우B,1021,-18,28323,,,,
20260309,020000,한섬,23600,-600,180090,,,,
20260309,020120,키다리스튜디오,3350,-125,176369,,,,
20260309,020150,롯데에너지머티리얼즈,37550,-3450,203631,,,,
20260309,020560,아시아나항공,6670,-380,129594,,,,
20260309,020760,일진디스플,902,0,0,,,,
20260309,021050,서원,1275,-27,588776,,,,
20260309,021240,코웨이,72200,-3000,318961,,,,
20260309,021820,세원정공,14470,-1590,42527,,,,
20260309,022100,포스코DX,31700,-1950,470722,,,,
20260309,023000,삼원강재,2340,0,23125,,,,
20260309,023150,MH에탄올,4050,-65,22070,,,,
20260309,023350,한국종합기술,4300,-165,33680,,,,
20260309,023450,동남합성,30600,-350,179,,,,
20260309,023530,롯데쇼핑,92000,-4800,104335,,,,
20260309,023590,다우기술,47300,-2900,87994,,,,
20260309,023800,인지컨트롤스,6230,-380,121245,,,,
20260309,023810,인팩,7380,-490,35327,,,,
20260309,023960,에쓰씨엔지니어링,1391,-53,218046,,,,
20260309,024070,WISCOM,1850,-13,14381,,,,
20260309,024090,디씨엠,11830,-70,6094,,,,
20260309,024110,기업은행,22800,-850,1717778,,,,
20260309,024720,콜마홀딩스,8850,-380,59501,,,,
20260309,024890,대원화성,3720,-250,61616,,,,
20260309,024900,디와이덕양,1935,-110,157653,,,,
20260309,025000,KPX케미칼,49700,-1300,10867,,,,
20260309,025530,SJM홀딩스,3465,-135,24018,,,,
20260309,025540,한국단자,68100,-2600,42514,,,,
20260309,025560,미래산업,2564,-252,379465,,,,
20260309,025620,차AI헬스케어,8920,-650,32050,,,,
20260309,025750,한솔홈데코,2835,-125,112699,,,,
20260309,025820,이구산업,4920,-230,348599,,,,
20260309,025860,남해화학,8920,1330,13233444,,,,
20260309,025890,한국주강,1547,-38,33284,,,,
20260309,026890,스틱인베스트먼트,9890,-600,137808,,,,
20260309,026940,부국철강,1926,-42,76228,,,,
20260309,026960,동서,25150,-350,89159,,,,
20260309,027410,BGF,4040,-75,266435,,,,
20260309,027740,마니커,1612,-36,356006,,,,
20260309,027970,한국제지,3815,-175,16651,,,,
20260309,028050,삼성E&A,32900,-550,1472514,,,,
20260309,028100,동아지질,15470,-960,49473,,,,
20260309,028260,삼성물산,270500,-13000,423716,,,,
20260309,02826K,삼성물산우B,169300,-9300,12135,,,,
20260309,028670,팬오션,5000,-250,7486519,,,,
20260309,029460,케이씨,30150,-2100,51650,,,,
20260309,029530,신도리코,53500,-1400,19448,,,,
20260309,029780,삼성카드,58200,-1100,98058,,,,
20260309,030000,제일기획,20250,50,495684,,,,
20260309,030190,NICE평가정보,16580,30,113477,,,,
20260309,030200,KT,59500,500,457208,,,,
20260309,030210,다올투자증권,4330,-245,392867,,,,
20260309,030610,교보증권,12070,-660,209790,,,,
20260309,030720,동원수산,5570,-200,20069,,,,
20260309,031210,서울보증보험,54200,-1000,75873,,,,
20260309,031430,신세계인터내셔날,11970,-380,97997,,,,
20260309,031820,아이티센씨티에스,7380,-500,93744,,,,
20260309,032350,롯데관광개발,18140,-920,900460,,,,
20260309,032560,황금에스티,5730,-190,40717,,,,
20260309,032640,LG유플러스,14720,-370,963075,,,,
20260309,032830,삼성생명,200500,-9500,339266,,,,
20260309,033240,자화전자,38850,-1100,205430,,,,
20260309,033250,체시스,4880,-50,161818,,,,
20260309,033270,유나이티드제약,19170,-660,34713,,,,
20260309,033530,SJG세종,8230,-510,249275,,,,
20260309,033780,KT&G,153600,-1100,383462,,,,
20260309,033920,무학,8920,-220,121628,,,,
20260309,034020,두산에너빌리티,96200,-1800,7957034,,,,
20260309,034120,SBS,16210,-880,27708,,,,
20260309,034220,LG디스플레이,11330,-630,5993459,,,,
20260309,034230,파라다이스,15900,-1060,532427,,,,
20260309,034310,NICE,13120,-350,36183,,,,
20260309,034590,인천도시가스,26500,-250,5470,,,,
20260309,034730,SK,329000,-29500,196513,,,,
20260309,03473K,SK우,237500,-19500,5268,,,,
20260309,034830,한국토지신탁,1386,-37,1636514,,,,
20260309,035000,HS애드,8420,-80,16358,,,,
20260309,035150,백산,12900,-200,52705,,,,
20260309,035250,강원랜드,17750,-330,658575,,,,
20260309,035420,NAVER,218500,-4000,940462,,,,
20260309,035510,신세계 I&C,15140,-1010,108540,,,,
20260309,035720,카카오,50400,-3200,2045023,,,,
20260309,036420,콘텐트리중앙,6370,-250,69529,,,,
20260309,036460,한국가스공사,36300,-600,636743,,,,
20260309,036530,SNT홀딩스,55500,-2200,18336,,,,
20260309,036570,NC,213500,-1000,152153,,,,
20260309,036580,팜스코,3340,-120,282541,,,,
20260309,037270,YG PLUS,5990,-350,617353,,,,
20260309,037560,LG헬로비전,2170,-70,235344,,,,
20260309,037710,광주신세계,36650,-750,11545,,,,
20260309,039130,하나투어,39200,-2750,241374,,,,
20260309,039490,키움증권,415000,-20500,152232,,,,
20260309,039570,HDC랩스,8070,-30,28671,,,,
20260309,041650,상신브레이크,2470,-105,50534,,,,
20260309,042660,한화오션,123700,-3000,1821801,,,,
20260309,042700,한미반도체,305000,-28500,1519978,,,,
20260309,044380,주연테크,1610,-30,23138,,,,
20260309,044450,KSS해운,10600,-20,554093,,,,
20260309,044820,코스맥스비티아이,13350,-270,37031,,,,
20260309,047040,대우건설,8810,40,10560645,,,,
20260309,047050,포스코인터내셔널,76600,3300,5457804,,,,
20260309,047400,유니온머티리얼,1424,-25,424733,,,,
20260309,047810,한국항공우주,174100,-9200,863366,,,,
20260309,049800,우진플라임,2445,-65,38017,,,,
20260309,051600,한전KPS,54400,-800,173659,,,,
20260309,051630,진양화학,2040,-140,131711,,,,
20260309,051900,LG생활건강,249000,1000,104696,,,,
20260309,051905,LG생활건강우,106000,-2600,10305,,,,
20260309,051910,LG화학,300000,-26500,582831,,,,
20260309,051915,LG화학우,145500,-14500,64330,,,,
20260309,052690,한전기술,147700,-7700,251463,,,,
20260309,053210,스카이라이프,4935,-75,80848,,,,
20260309,053690,한미글로벌,17310,-1140,121265,,,,
20260309,055490,테이팩스,14240,-760,24212,,,,
20260309,055550,신한지주,88500,-3300,1991947,,,,
20260309,058430,포스코스틸리온,4320,-230,325490,,,,
20260309,058650,세아홀딩스,157400,-2100,8488,,,,
20260309,058730,다스코,3195,-135,202104,,,,
20260309,058850,KTcs,2530,-95,535711,,,,
20260309,058860,KTis,2755,-70,235445,,,,
20260309,060980,HL홀딩스,42050,-1400,29404,,,,
20260309,062040,산일전기,138400,-8400,155428,,,,
20260309,063160,종근당바이오,19330,-660,11111,,,,
20260309,064350,현대로템,215000,-18000,1397778,,,,
20260309,064400,LG씨엔에스,61600,-3300,497886,,,,
20260309,064960,SNT모티브,32350,-1400,101545,,,,
20260309,066570,LG전자,113400,-4600,1042771,,,,
20260309,066575,LG전자우,51600,-3100,160067,,,,
20260309,066970,엘앤에프,113000,-5600,412446,,,,
20260309,067830,세이브존I&C,2790,-175,104939,,,,
20260309,068270,셀트리온,194445,-8102,735915,,,,
20260309,068290,삼성출판사,8850,-570,22751,,,,
20260309,069260,TKG휴켐스,17350,-70,140444,,,,
20260309,069460,대호에이엘,2600,-200,428147,,,,
20260309,069620,대웅제약,162100,-7700,30267,,,,
20260309,069640,한세엠케이,1148,-20,4245,,,,
20260309,069730,DSR제강,4405,-35,60969,,,,
20260309,069960,현대백화점,84700,-4800,107249,,,,
20260309,070960,모나용평,2985,-80,89313,,,,
20260309,071050,한국금융지주,218000,-12000,333305,,,,
20260309,071055,한국금융지주우,158000,-6300,28693,,,,
20260309,071090,하이스틸,3565,20,223393,,,,
20260309,071320,지역난방공사,83500,-3700,33857,,,,
20260309,071840,롯데하이마트,7740,-80,40215,,,,
20260309,071950,코아스,1886,-179,95014,,,,
20260309,071970,HD현대마린엔진,78400,-200,160770,,,,
20260309,072130,유엔젤,4720,25,69126,,,,
20260309,072710,농심홀딩스,90700,-3100,12910,,,,
20260309,073240,금호타이어,5820,-140,997686,,,,
20260309,074610,이엔플러스,5110,0,0,,,,
20260309,075180,새론오토모티브,3100,-90,15531,,,,
20260309,075580,세진중공업,16180,20,229562,,,,
20260309,077500,유니퀘스트,5820,-520,222813,,,,
20260309,077970,STX엔진,31900,2300,540064,,,,
20260309,078000,텔코웨어,17240,-560,23701,,,,
20260309,078520,에이블씨엔씨,9790,-660,133597,,,,
20260309,078930,GS,65200,-400,435735,,,,
20260309,078935,GS우,53400,-800,10309,,,,
20260309,079160,CJ CGV,4830,-200,871075,,,,
20260309,079430,현대리바트,6800,-380,84068,,,,
20260309,079550,LIG디펜스앤에어로스페이스,796000,-38000,884005,,,,
20260309,079900,전진건설로봇,49800,-3200,79073,,,,
20260309,079980,휴비스,2420,-115,136330,,,,
20260309,081000,일진다이아,13520,-760,44262,,,,
20260309,081660,미스토홀딩스,48200,-300,106303,,,,
20260309,082640,동양생명,8330,330,932502,,,,
20260309,082740,한화엔진,48050,-350,448008,,,,
20260309,083420,그린케미칼,5320,-230,78833,,,,
20260309,084010,대한제강,10750,-340,58974,,,,
20260309,084670,동양고속,41250,-3050,30165,,,,
20260309,084680,이월드,1550,-68,298000,,,,
20260309,084690,대상홀딩스,9090,-250,101092,,,,
20260309,084695,대상홀딩스우,13460,-170,4686,,,,
20260309,084870,TBH글로벌,1906,-124,36524,,,,
20260309,085310,엔케이,9960,-170,571004,,,,
20260309,085620,미래에셋생명,14400,-170,752299,,,,
20260309,086280,현대글로비스,226500,-17000,277189,,,,
20260309,086790,하나금융지주,107900,-2400,1104013,,,,
20260309,088260,이리츠코크렙,4650,-130,67415,,,,
20260309,088350,한화생명,4615,-335,8678075,,,,
20260309,088790,진도,2220,-80,45261,,,,
20260309,088980,맥쿼리인프라,11240,-140,2162829,,,,
20260309,089470,HDC현대EP,5180,-290,146097,,,,
20260309,089590,제주항공,4925,-365,695066,,,,
20260309,089860,롯데렌탈,31450,-250,41443,,,,
20260309,090080,평화산업,882,-30,178472,,,,
20260309,090350,노루페인트,8200,-350,183193,,,,
20260309,090355,노루페인트우,12500,-360,581,,,,
20260309,090370,메타랩스,1407,-94,110507,,,,
20260309,090430,아모레퍼시픽,128100,-3500,175790,,,,
20260309,090435,아모레퍼시픽우,44550,-2500,44168,,,,
20260309,090460,비에이치,15750,-1100,295596,,,,
20260309,091810,트리니티항공,1072,-117,3616016,,,,
20260309,092200,디아이씨,8990,-470,750427,,,,
20260309,092220,KEC,7300,310,1884937,,,,
20260309,092230,KPX홀딩스,75500,-3700,5042,,,,
20260309,092440,기신정기,2160,-85,61749,,,,
20260309,092780,DYP,4490,-120,105153,,,,
20260309,092790,넥스틸,11180,180,334561,,,,
20260309,093050,LF,20550,-200,98587,,,,
20260309,093240,형지엘리트,1010,-75,949867,,,,
20260309,093370,후성,6820,-520,533388,,,,
20260309,094280,효성ITX,12120,-170,23984,,,,
20260309,094800,맵스리얼티,6620,-80,74713,,,,
20260309,095570,AJ네트웍스,4855,-105,343220,,,,
20260309,095720,웅진씽크빅,2041,-86,67455,,,,
20260309,096760,JW홀딩스,3795,-175,122620,,,,
20260309,096770,SK이노베이션,118200,-6700,1018646,,,,
20260309,096775,SK이노베이션우,74000,-2400,9989,,,,
20260309,097230,HJ중공업,23600,450,1397021,,,,
20260309,097520,엠씨넥스,22100,-1750,80399,,,,
20260309,097950,CJ제일제당,190000,-5900,72188,,,,
20260309,097955,CJ제일제당 우,126400,-4900,11628,,,,
20260309,100090,SK오션플랜트,17840,-740,376131,,,,
20260309,100220,비상교육,5140,-130,29375,,,,
20260309,100250,진양홀딩스,2970,-50,128270,,,,
20260309,100840,SNT에너지,42300,1250,274093,,,,
20260309,101140,인바이오젠,8770,-330,10345,,,,
20260309,101530,해태제과식품,6400,-100,50199,,,,
20260309,102260,동성케미컬,4000,-125,116362,,,,
20260309,102460,이연제약,10150,-300,60608,,,,
20260309,103140,풍산,114100,-7100,627957,,,,
20260309,103590,일진전기,77400,-4700,374293,,,,
20260309,104700,한국철강,9170,-430,18627,,,,
20260309,105560,KB금융,142600,-4800,1439220,,,,
20260309,105630,한세실업,12440,-370,85928,,,,
20260309,105840,우진,22400,-850,603736,,,,
20260309,107590,미원홀딩스,65700,-1300,227,,,,
20260309,108320,LX세미콘,50300,-2400,95571,,,,
20260309,108670,LX하우시스,27700,-1250,55316,,,,
20260309,108675,LX하우시스우,15390,-580,7059,,,,
20260309,109070,주성코퍼레이션,794,-5,188437,,,,
20260309,111110,호전실업,7320,-310,48269,,,,
20260309,111380,동인기연,14010,-570,11116,,,,
20260309,111770,영원무역,91500,-4800,121220,,,,
20260309,112610,씨에스윈드,49550,-2450,619682,,,,
20260309,114090,GKL,11740,-570,213064,,,,
20260309,117580,대성에너지,14390,2520,20769786,,,,
20260309,118000,메타케어,2570,-520,829383,,,,
20260309,119650,KC코트렐,918,0,0,,,,
20260309,120030,조선선재,98500,-2300,3064,,,,
20260309,120110,코오롱인더,57500,-5400,359598,,,,
20260309,120115,코오롱인더우,26000,-1700,21637,,,,
20260309,122900,아이마켓코리아,7470,-150,85350,,,,
20260309,123690,한국화장품,8050,-610,166975,,,,
20260309,123700,SJM,3440,-150,88516,,,,
20260309,123890,한국자산신탁,2720,-65,605918,,,,
20260309,126560,현대퓨처넷,3240,-40,99658,,,,
20260309,126720,수산인더스트리,23900,-1300,81624,,,,
20260309,128820,대성산업,8470,40,5694643,,,,
20260309,128940,한미약품,481500,-34500,109156,,,,
20260309,129260,인터지스,2485,-70,113352,,,,
20260309,130660,한전산업,19580,-1520,1182231,,,,
20260309,133820,화인베스틸,1303,-45,41222,,,,
20260309,134380,미원화학,10500,-450,12870,,,,
20260309,134790,시디즈,19210,-280,1292,,,,
20260309,136490,선진,10770,-360,98290,,,,
20260309,137310,에스디바이오센서,7320,-270,293846,,,,
20260309,138040,메리츠금융지주,111500,-2900,299419,,,,
20260309,138930,BNK금융지주,17830,-590,950490,,,,
20260309,139130,iM금융지주,16550,-500,760580,,,,
20260309,139480,이마트,92400,-200,196980,,,,
20260309,139990,아주스틸,2950,-25,19844,,,,
20260309,143210,핸즈코퍼레이션,1004,-11,20244,,,,
20260309,145210,다이나믹디자인,3160,-370,38151,,,,
20260309,145270,케이탑리츠,896,-6,116659,,,,
20260309,145720,덴티움,49400,-800,35852,,,,
20260309,145990,삼양사,45100,-1900,19249,,,,
20260309,145995,삼양사우,34400,-1050,870,,,,
20260309,155660,DSR,3995,-30,63657,,,,
20260309,161000,애경케미칼,9600,-660,138356,,,,
20260309,161390,한국타이어앤테크놀로지,57000,-2300,648340,,,,
20260309,161890,한국콜마,66300,-3700,108298,,,,
20260309,163560,동일고무벨트,6520,-290,24163,,,,
20260309,170900,동아에스티,45350,-1716,18547,,,,
20260309,175330,JB금융지주,28750,-650,339922,,,,
20260309,178920,PI첨단소재,18450,-700,168833,,,,
20260309,180640,한진칼,114000,-9700,125451,,,,
20260309,18064K,한진칼우,33900,-3200,9236,,,,
20260309,181710,NHN,37000,400,94438,,,,
20260309,183190,아세아시멘트,11350,-460,130369,,,,
20260309,185750,종근당,83000,-2600,27558,,,,
20260309,192080,더블유게임즈,48800,-1200,87614,,,,
20260309,192400,쿠쿠홀딩스,27450,-700,27179,,,,
20260309,192650,드림텍,6550,-320,328524,,,,
20260309,192820,코스맥스,164000,-4900,50957,,,,
20260309,194370,제이에스코퍼레이션,11040,-810,163889,,,,
20260309,195870,해성디에스,50700,-7600,170036,,,,
20260309,200880,서연이화,12940,-1070,180523,,,,
20260309,204320,HL만도,50300,-3500,403977,,,,
20260309,207940,삼성바이오로직스,1579000,-65000,56445,,,,
20260309,210540,디와이파워,13200,-380,55974,,,,
20260309,210980,SK디앤디,12740,-110,30692,,,,
20260309,213500,한솔제지,8090,-260,108971,,,,
20260309,214320,이노션,18900,-400,120545,,,,
20260309,214330,금호에이치티,12159,-897,29149,,,,
20260309,214390,경보제약,5310,-250,44703,,,,
20260309,214420,토니모리,6460,-510,220772,,,,
20260309,217590,티엠씨,12250,-980,63716,,,,
20260309,226320,잇츠한불,9950,-440,23691,,,,
20260309,227840,현대코퍼레이션홀딩스,11510,-540,59737,,,,
20260309,229640,LS에코에너지,39250,-3050,135093,,,,
20260309,234080,JW생명과학,12490,-440,49380,,,,
20260309,241560,두산밥캣,56700,-2700,460817,,,,
20260309,241590,화승엔터프라이즈,4700,-330,195876,,,,
20260309,244920,에이플러스에셋,12480,-350,56261,,,,
20260309,248070,솔루엠,16500,-870,163779,,,,
20260309,248170,샘표식품,27050,-750,45084,,,,
20260309,249420,일동제약,30850,-2300,212439,,,,
20260309,251270,넷마블,55200,1200,617152,,,,
20260309,259960,크래프톤,218500,-7500,190493,,,,
20260309,264900,크라운제과,8390,-60,15351,,,,
20260309,26490K,크라운제과우,8890,-20,4232,,,,
20260309,267250,HD현대,263000,-16000,168670,,,,
20260309,267260,HD현대일렉트릭,907000,-61000,199628,,,,
20260309,267270,HD건설기계,123100,-3200,365384,,,,
20260309,267290,경동도시가스,21700,-500,43730,,,,
20260309,267850,아시아나IDT,9830,-300,20478,,,,
20260309,268280,미원에스씨,124600,-4300,1579,,,,
20260309,271560,오리온,126000,-500,118571,,,,
20260309,271940,일진하이솔루스,17350,-1520,128155,,,,
20260309,271980,제일약품,13730,-720,49520,,,,
20260309,272210,한화시스템,162700,3800,4891628,,,,
20260309,272450,진에어,5970,-410,295996,,,,
20260309,272550,삼양패키징,11200,-300,27594,,,,
20260309,278470,에이피알,296500,-9500,279116,,,,
20260309,279570,케이뱅크,6930,-820,17595540,,,,
20260309,280360,롯데웰푸드,110300,-2800,15081,,,,
20260309,281820,케이씨텍,41400,-6200,210234,,,,
20260309,282330,BGF리테일,115500,500,58371,,,,
20260309,284740,쿠쿠홈시스,23450,-650,21076,,,,
20260309,285130,SK케미칼,55200,-4000,43341,,,,
20260309,28513K,SK케미칼우,26300,-1250,8979,,,,
20260309,286940,롯데이노베이트,20550,-1050,26231,,,,
20260309,293480,하나제약,9340,-450,68395,,,,
20260309,293940,신한알파리츠,5580,-60,254814,,,,
20260309,294870,IPARK현대산업개발,20550,-1000,130678,,,,
20260309,298000,효성화학,77800,0,0,,,,
20260309,298020,효성티앤씨,305500,-21500,36972,,,,
20260309,298040,효성중공업,2389000,-89000,39870,,,,
20260309,298050,HS효성첨단소재,197900,-14100,22572,,,,
20260309,298690,에어부산,1672,-80,369852,,,,
20260309,300720,한일시멘트,16190,-450,79770,,,,
20260309,302440,SK바이오사이언스,41450,-2300,147954,,,,
20260309,306200,세아제강,132500,6800,22995,,,,
20260309,307950,현대오토에버,383500,-25500,103050,,,,
20260309,308170,씨티알모빌리티,5090,-300,24422,,,,
20260309,316140,우리금융지주,31550,-1500,2923079,,,,
20260309,317400,자이에스앤디,4205,-170,100499,,,,
20260309,317450,명인제약,58800,-3200,25787,,,,
20260309,322000,HD현대에너지솔루션,105900,-11200,3314287,,,,
20260309,323410,카카오뱅크,23750,-350,1014457,,,,
20260309,326030,SK바이오팜,98100,-4800,210458,,,,
20260309,329180,HD현대중공업,576000,22000,362474,,,,
20260309,330590,롯데리츠,4445,10,306565,,,,
20260309,334890,이지스밸류플러스리츠,4020,-80,133130,,,,
20260309,336260,두산퓨얼셀,37750,-2600,437977,,,,
20260309,33626K,두산퓨얼셀1우,7250,-500,39364,,,,
20260309,33626L,두산퓨얼셀2우B,9420,-560,2213,,,,
20260309,336370,솔루스첨단소재,7860,-520,287593,,,,
20260309,33637K,솔루스첨단소재1우,1913,-87,13023,,,,
20260309,33637L,솔루스첨단소재2우B,3290,-135,3453,,,,
20260309,338100,NH프라임리츠,4580,-70,65806,,,,
20260309,339770,교촌에프앤비,4060,-165,198820,,,,
20260309,344820,KCC글라스,25500,-1100,53019,,,,
20260309,348950,제이알글로벌리츠,1642,-154,3249842,,,,
20260309,350520,이지스레지던스리츠,3670,-90,80465,,,,
20260309,352820,하이브,346000,-7000,236269,,,,
20260309,353200,대덕전자,60200,-6500,1205058,,,,
20260309,35320K,대덕전자1우,15740,-810,16093,,,,
20260309,357120,코람코라이프인프라리츠,4450,-75,136220,,,,
20260309,357250,미래에셋맵스리츠,2425,-65,65143,,,,
20260309,357430,마스턴프리미어리츠,1460,-35,79260,,,,
20260309,361610,SK아이이테크놀로지,22300,-1150,224878,,,,
20260309,363280,티와이홀딩스,2745,-100,79735,,,,
20260309,36328K,티와이홀딩스우,3975,-105,3621,,,,
20260309,365550,ESR켄달스퀘어리츠,4170,-30,265676,,,,
20260309,372910,한컴라이프케어,2550,-55,205406,,,,
20260309,373220,LG에너지솔루션,359500,-18000,414051,,,,
20260309,375500,DL이앤씨,43350,-2450,278650,,,,
20260309,37550K,DL이앤씨우,23050,-900,8084,,,,
20260309,37550L,DL이앤씨2우(전환),32400,-2600,5334,,,,
20260309,377190,디앤디플랫폼리츠,2950,-90,216970,,,,
20260309,377300,카카오페이,59000,-2600,411878,,,,
20260309,377740,바이오노트,5330,-130,109478,,,,
20260309,378850,화승알앤에이,3450,-130,92094,,,,
20260309,381970,케이카,13720,-590,197086,,,,
20260309,383220,F&F,60000,-2800,95850,,,,
20260309,383800,LX홀딩스,8110,-140,178749,,,,
20260309,38380K,LX홀딩스1우,7980,-390,4150,,,,
20260309,395400,SK리츠,5690,-20,340075,,,,
20260309,396690,미래에셋글로벌리츠,2450,-55,75232,,,,
20260309,400760,NH올원리츠,3105,-70,149125,,,,
20260309,402340,SK스퀘어,509000,-44000,742409,,,,
20260309,403550,쏘카,11400,-20,10159,,,,
20260309,404990,신한서부티엔디리츠,4280,-20,168664,,,,
20260309,415640,KB발해인프라,10020,40,121547,,,,
20260309,417310,코람코더원리츠,9220,-50,99107,,,,
20260309,432320,KB스타리츠,2850,-485,1434966,,,,
20260309,439260,대한조선,106700,4100,607914,,,,
20260309,443060,HD현대마린솔루션,169100,100,115949,,,,
20260309,446070,유니드비티플러스,2860,-85,36206,,,,
20260309,448730,삼성FN리츠,5190,-60,81177,,,,
20260309,450080,에코프로머티,65700,-5100,1371960,,,,
20260309,451800,한화리츠,5020,-70,213823,,,,
20260309,452260,한화갤러리아,2685,-215,3954105,,,,
20260309,45226K,한화갤러리아우,7460,-860,46371,,,,
20260309,453340,현대그린푸드,15530,-270,45638,,,,
20260309,454910,두산로보틱스,85500,-5600,335021,,,,
20260309,456040,OCI,77900,-5400,39851,,,,
20260309,457190,이수스페셜티케미컬,96100,-9000,378903,,,,
20260309,460850,동국씨엠,5580,-90,58859,,,,
20260309,460860,동국제강,8840,-480,182681,,,,
20260309,462520,조선내화,13530,-380,11574,,,,
20260309,462870,시프트업,30700,-850,72084,,,,
20260309,465770,STX그린로지스,7200,30,910195,,,,
20260309,475150,SK이터닉스,28900,1600,1901268,,,,
20260309,475560,더본코리아,20950,-750,20680,,,,
20260309,480370,씨케이솔루션,2710,-190,93226,,,,
20260309,481850,신한글로벌액티브리츠,1105,-31,119190,,,,
20260309,483650,달바글로벌,140100,-10200,57542,,,,
20260309,484870,엠앤씨솔루션,45100,367,163986,,,,
20260309,487570,HS효성,53000,-1400,23753,,,,
20260309,489790,한화비전,79500,-6300,824595,,,,
20260309,499790,GS피앤엘,43100,-2850,108977,,,,
20260309,900140,엘브이엠씨홀딩스,1330,-103,1156591,,,,
20260309,950210,프레스티지바이오파마,9570,-440,100642,,,,
20260310,000020,동화약품,6000,30,80230,,,,
20260310,000040,KR모터스,1840,-10,21715,,,,
20260310,000050,경방,8930,150,83297,,,,
20260310,000070,삼양홀딩스,70000,1800,16398,,,,
20260310,000080,하이트진로,16510,-110,181604,,,,
20260310,000087,하이트진로2우B,14040,40,1374,,,,
20260310,000100,유한양행,98500,2100,206994,,,,
20260310,000105,유한양행우,86800,1800,2961,,,,
20260310,000120,CJ대한통운,113800,4900,80907,,,,
20260310,000140,하이트진로홀딩스,8900,0,18336,,,,
20260310,000145,하이트진로홀딩스우,11130,-110,661,,,,
20260310,000150,두산,1053000,73000,80997,,,,
20260310,000155,두산우,505000,23000,21697,,,,
20260310,000157,두산2우B,461000,22000,1317,,,,
20260310,000180,성창기업지주,7600,-30,28957,,,,
20260310,000210,DL,42950,1950,61980,,,,
20260310,000215,DL우,23550,-150,7816,,,,
20260310,000220,유유제약,4205,5,53680,,,,
20260310,000225,유유제약1우,4470,0,3968,,,,
20260310,000227,유유제약2우B,10130,-90,340,,,,
20260310,000230,일동홀딩스,10530,380,21586,,,,
20260310,000240,한국앤컴퍼니,25100,200,131936,,,,
20260310,000270,기아,161000,7600,1765368,,,,
20260310,000300,DH오토넥스,4200,0,0,,,,
20260310,000320,노루홀딩스,22550,1200,14001,,,,
20260310,000325,노루홀딩스우,29500,1500,266,,,,
20260310,000370,한화손해보험,7040,100,597092,,,,
20260310,000390,SP삼화,9990,520,10073720,,,,
20260310,000400,롯데손해보험,2035,-40,886211,,,,
20260310,000430,대원강업,3950,155,152002,,,,
20260310,000480,CR홀딩스,4845,50,22008,,,,
20260310,000490,대동,10260,460,352140,,,,
20260310,000500,가온전선,53345,1833,59143,,,,
20260310,000520,삼일제약,10070,220,144984,,,,
20260310,000540,흥국화재,4665,140,218510,,,,
20260310,000545,흥국화재우,6850,80,6751,,,,
20260310,000590,CS홀딩스,79900,500,332,,,,
20260310,000640,동아쏘시오홀딩스,104600,2720,13058,,,,
20260310,000650,천일고속,238500,6500,3892,,,,
20260310,000660,SK하이닉스,938000,102000,5304897,,,,
20260310,000670,영풍,52900,1800,36846,,,,
20260310,000680,LS네트웍스,3100,50,97581,,,,
20260310,000700,유수홀딩스,6220,270,50910,,,,
20260310,000720,현대건설,152000,5600,1212368,,,,
20260310,000725,현대건설우,68700,4100,18761,,,,
20260310,000760,이화산업,15250,-20,4978,,,,
20260310,000810,삼성화재,488500,14000,106680,,,,
20260310,000815,삼성화재우,392000,9500,16668,,,,
20260310,000850,화천기공,36500,500,4065,,,,
20260310,000860,강남제비스코,14990,130,70715,,,,
20260310,000880,한화,151260,3002,204319,,,,
20260310,00088K,한화3우B,48177,403,93137,,,,
20260310,000890,보해양조,2245,0,104582,,,,
20260310,000910,유니온,4140,-30,78058,,,,
20260310,000950,전방,35950,750,1466,,,,
20260310,000970,한국주철관,6620,20,21850,,,,
20260310,000990,DB하이텍,87700,4500,356411,,,,
20260310,001020,페이퍼코리아,3575,160,139077,,,,
20260310,001040,CJ,177100,5500,129163,,,,
20260310,001045,CJ우,84600,1900,7240,,,,
20260310,00104K,CJ4우(전환),156200,6300,13339,,,,
20260310,001060,JW중외제약,31200,500,87666,,,,
20260310,001065,JW중외제약우,27250,500,630,,,,
20260310,001067,JW중외제약2우B,57000,-400,44,,,,
20260310,001070,대한방직,6660,80,12944,,,,
20260310,001080,만호제강,5380,370,154971,,,,
20260310,001120,LX인터내셔널,41100,-450,175646,,,,
20260310,001130,대한제분,14360,-320,70660,,,,
20260310,001200,유진투자증권,4795,60,1674145,,,,
20260310,001210,금호전기,3905,-30,154776,,,,
20260310,001230,동국홀딩스,2102,-29,646082,,,,
20260310,001250,GS글로벌,2520,0,888474,,,,
20260310,001260,남광토건,8310,230,22509,,,,
20260310,001270,부국증권,77200,3600,23918,,,,
20260310,001275,부국증권우,33400,550,3755,,,,
20260310,001290,상상인증권,1264,74,6206225,,,,
20260310,001340,PKC,6820,200,312016,,,,
20260310,001360,삼성제약,1816,56,536703,,,,
20260310,001380,SG글로벌,2817,83,67072,,,,
20260310,001390,KG케미칼,4965,-105,1426416,,,,
20260310,001420,태원물산,2810,100,5749,,,,
20260310,001430,세아베스틸지주,61900,3400,184463,,,,
20260310,001440,대한전선,29650,900,3124008,,,,
20260310,001450,현대해상,30050,200,306785,,,,
20260310,001460,BYC,45500,1200,4778,,,,
20260310,001465,BYC우,26900,1000,1258,,,,
20260310,001470,삼부토건,347,0,0,,,,
20260310,001500,현대차증권,11100,250,234539,,,,
20260310,001510,SK증권,3583,162,29305509,,,,
20260310,001515,SK증권우,6200,120,13416,,,,
20260310,001520,동양,1636,0,470541,,,,
20260310,001525,동양우,8890,230,581,,,,
20260310,001527,동양2우B,17680,-20,88,,,,
20260310,001530,DI동일,20350,430,104909,,,,
20260310,001550,조비,15270,-1060,838943,,,,
20260310,001560,제일연마,10470,150,13615,,,,
20260310,001570,금양,9900,0,0,,,,
20260310,001620,케이비아이동국실업,3650,195,314397,,,,
20260310,001630,종근당홀딩스,47950,450,3918,,,,
20260310,001680,대상,20450,350,94138,,,,
20260310,001685,대상우,16840,260,4196,,,,
20260310,001720,신영증권,186400,6000,41252,,,,
20260310,001740,SK네트웍스,5270,260,1773061,,,,
20260310,001750,한양증권,23850,1050,26138,,,,
20260310,001755,한양증권우,22700,800,1665,,,,
20260310,001770,SHD,17020,620,825,,,,
20260310,001780,알루코,2035,25,558729,,,,
20260310,001790,대한제당,2705,-5,274102,,,,
20260310,001795,대한제당우,2355,20,28824,,,,
20260310,001800,오리온홀딩스,24200,900,136068,,,,
20260310,001820,삼화콘덴서,48100,4750,320497,,,,
20260310,001940,KISCO홀딩스,24200,350,3069,,,,
20260310,002020,코오롱,56200,-400,81189,,,,
20260310,002025,코오롱우,26500,100,3037,,,,
20260310,002030,아세아,286000,1500,1071,,,,
20260310,002070,비비안,9595,20,8067,,,,
20260310,002100,경농,9500,-140,443671,,,,
20260310,002140,고려산업,2650,-185,1928531,,,,
20260310,002150,도화엔지니어링,6150,140,46376,,,,
20260310,002170,SYTS,56600,300,7411,,,,
20260310,002200,한국수출포장,3120,55,175788,,,,
20260310,002210,동성제약,1946,0,0,,,,
20260310,002220,한일철강,3900,130,95398,,,,
20260310,002240,고려제강,20600,450,21367,,,,
20260310,002310,아세아제지,9320,250,191700,,,,
20260310,002320,한진,18860,220,40507,,,,
20260310,002350,넥센타이어,7540,130,102281,,,,
20260310,002355,넥센타이어1우B,4035,25,6046,,,,
20260310,002360,SH에너지화학,4240,-220,858711,,,,
20260310,002380,KCC,511000,17500,33171,,,,
20260310,002390,한독,10380,230,14756,,,,
20260310,002410,범양건영,1935,0,0,,,,
20260310,002420,세기상사,5570,-30,138410,,,,
20260310,002450,삼익악기,1141,11,205540,,,,
20260310,002460,HS화성,12200,-20,12628,,,,
20260310,002600,조흥,154900,700,53,,,,
20260310,002620,제일파마홀딩스,8570,60,9054,,,,
20260310,002630,오리엔트바이오,1114,22,421334,,,,
20260310,002690,동일제강,1450,4,14895,,,,
20260310,002700,신일전자,1335,8,226499,,,,
20260310,002710,TCC스틸,13800,380,78239,,,,
20260310,002720,국제약품,4870,-5,312950,,,,
20260310,002760,보락,1177,2,158693,,,,
20260310,002780,진흥기업,708,6,306493,,,,
20260310,002785,진흥기업우B,3340,-15,344,,,,
20260310,002787,진흥기업2우B,8300,130,107,,,,
20260310,002790,아모레퍼시픽홀딩스,26250,350,113383,,,,
20260310,002795,아모레퍼시픽홀딩스우,12180,200,22261,,,,
20260310,00279K,아모레퍼시픽홀딩스3우C,22950,300,12560,,,,
20260310,002810,삼영무역,18920,-30,15764,,,,
20260310,002820,SUN&L,2140,-25,67083,,,,
20260310,002840,미원상사,140500,500,1981,,,,
20260310,002870,신풍,1337,126,2027326,,,,
20260310,002880,디와이에이,948,27,73172,,,,
20260310,002900,TYM,6850,350,334056,,,,
20260310,002920,유성기업,2030,0,100330,,,,
20260310,002960,한국쉘석유,515000,-17000,5236,,,,
20260310,002990,금호건설,4650,155,272234,,,,
20260310,002995,금호건설우,14080,880,2993,,,,
20260310,003000,부광약품,4885,-60,780827,,,,
20260310,003010,혜인,5220,170,49582,,,,
20260310,003030,세아제강지주,134900,200,18256,,,,
20260310,003060,에이프로젠바이오로직스,282,5,940024,,,,
20260310,003070,코오롱글로벌,9430,-160,54539,,,,
20260310,003075,코오롱글로벌우,15150,-20,178,,,,
20260310,003080,SB성보,2655,10,4671,,,,
20260310,003090,대웅,23050,950,85631,,,,
20260310,0030R0,대신밸류리츠,4440,85,37689,,,,
20260310,003120,일성아이에스,23000,1200,5875,,,,
20260310,003160,디아이,33750,2600,331407,,,,
20260310,003200,일신방직,12450,-10,30571,,,,
20260310,003220,대원제약,10220,30,36196,,,,
20260310,003230,삼양식품,1030000,8000,30735,,,,
20260310,003240,태광산업,1178000,14000,3650,,,,
20260310,003280,흥아해운,2290,-160,33769329,,,,
20260310,003300,한일홀딩스,17010,420,27079,,,,
20260310,003350,한국화장품제조,9830,350,154405,,,,
20260310,003460,유화증권,3615,85,315066,,,,
20260310,003465,유화증권우,3460,5,1429,,,,
20260310,003470,유안타증권,4895,130,629073,,,,
20260310,003475,유안타증권우,4450,130,86866,,,,
20260310,003480,한진중공업홀딩스,4655,135,101783,,,,
20260310,003490,대한항공,24350,1950,3901640,,,,
20260310,003495,대한항공우,23100,700,9933,,,,
20260310,003520,영진약품,1827,13,294154,,,,
20260310,003530,한화투자증권,7230,280,3504724,,,,
20260310,003535,한화투자증권우,8370,140,45267,,,,
20260310,003540,대신증권,38950,1150,151079,,,,
20260310,003545,대신증권우,25650,550,121573,,,,
20260310,003547,대신증권2우B,24400,200,32373,,,,
20260310,003550,LG,94100,4800,424245,,,,
20260310,003555,LG우,70100,1200,9844,,,,
20260310,003570,SNT다이내믹스,47950,150,62854,,,,
20260310,003580,HLB글로벌,1977,74,113916,,,,
20260310,003610,방림,5360,210,57100,,,,
20260310,003620,KG모빌리티,3460,90,856046,,,,
20260310,003650,미창석유,121900,-200,6476,,,,
20260310,003670,포스코퓨처엠,210000,7500,229082,,,,
20260310,003680,한성기업,5010,10,23432,,,,
20260310,003690,코리안리,12840,300,231428,,,,
20260310,003720,삼영,7380,400,1039384,,,,
20260310,003780,진양산업,5820,540,281402,,,,
20260310,003830,대한화섬,124700,2600,1009,,,,
20260310,003850,보령,9210,90,96184,,,,
20260310,003920,남양유업,48250,150,6245,,,,
20260310,003925,남양유업우,33950,950,5460,,,,
20260310,003960,사조대림,33300,1200,7775,,,,
20260310,004000,롯데정밀화학,48150,150,101101,,,,
20260310,004020,현대제철,36700,-200,1570233,,,,
20260310,004060,SG세계물산,4980,-520,1059709,,,,
20260310,004080,신흥,13730,10,8071,,,,
20260310,004090,한국석유,20950,-1850,1115969,,,,
20260310,004100,태양금속,2800,50,572461,,,,
20260310,004105,태양금속우,3630,0,17374,,,,
20260310,004140,동방,2665,-90,1769368,,,,
20260310,004150,한솔홀딩스,3220,40,101314,,,,
20260310,004170,신세계,330500,17500,52183,,,,
20260310,004250,NPC,3650,40,41088,,,,
20260310,004255,NPC우,2390,45,8415,,,,
20260310,004270,남성,5922,63,3335,,,,
20260310,004310,현대약품,9270,10,737901,,,,
20260310,004360,세방,14700,500,47743,,,,
20260310,004365,세방우,9220,140,2165,,,,
20260310,004370,농심,387500,1000,19088,,,,
20260310,004380,삼익THK,13000,0,0,,,,
20260310,004410,서울식품,1900,-60,2540272,,,,
20260310,004415,서울식품우,11650,230,459,,,,
20260310,004430,송원산업,8580,30,72848,,,,
20260310,004440,삼일씨엔에스,5530,150,42380,,,,
20260310,004450,삼화왕관,27450,250,2469,,,,
20260310,004490,세방전지,60000,2100,42756,,,,
20260310,004540,깨끗한나라,1937,86,2860975,,,,
20260310,004545,깨끗한나라우,11250,1260,1328,,,,
20260310,004560,현대비앤지스틸,17960,150,191161,,,,
20260310,004690,삼천리,136400,4500,12009,,,,
20260310,004700,조광피혁,62000,1800,2529,,,,
20260310,004710,한솔테크닉스,5210,255,176672,,,,
20260310,004720,팜젠사이언스,3650,90,41584,,,,
20260310,004770,써니전자,1571,16,306392,,,,
20260310,004800,효성,139900,5700,33789,,,,
20260310,004830,덕성,4450,-5,89475,,,,
20260310,004835,덕성우,5940,60,7964,,,,
20260310,004840,DRB동일,5580,110,28175,,,,
20260310,004870,티웨이홀딩스,1664,61,42856,,,,
20260310,004890,동일산업,39800,2600,1776,,,,
20260310,004910,조광페인트,4690,60,33895,,,,
20260310,004920,씨아이테크,1093,-14,95406,,,,
20260310,004960,한신공영,12710,540,63195,,,,
20260310,004970,신라교역,9490,0,23628,,,,
20260310,004980,성신양회,9270,90,54185,,,,
20260310,004985,성신양회우,10760,240,1577,,,,
20260310,004990,롯데지주,30550,700,360051,,,,
20260310,00499K,롯데지주우,29300,650,290,,,,
20260310,005010,휴스틸,4450,-155,888286,,,,
20260310,005030,부산주공,486,0,0,,,,
20260310,005070,코스모신소재,50900,1800,169055,,,,
20260310,005090,SGC에너지,57300,7000,299968,,,,
20260310,005110,한창,1254,0,0,,,,
20260310,005180,빙그레,74700,1200,27962,,,,
20260310,005250,녹십자홀딩스,13920,450,86303,,,,
20260310,005257,녹십자홀딩스2우,24150,1750,466,,,,
20260310,005300,롯데칠성,122600,1300,19956,,,,
20260310,005305,롯데칠성우,82800,-200,3041,,,,
20260310,005320,온타이드,1060,4,219396,,,,
20260310,005360,모나미,1721,52,45237,,,,
20260310,005380,현대차,525000,18000,1270933,,,,
20260310,005385,현대차우,263000,9500,122515,,,,
20260310,005387,현대차2우B,261000,9000,219822,,,,
20260310,005389,현대차3우B,245500,6500,18609,,,,
20260310,005420,코스모화학,14910,590,164106,,,,
20260310,005430,한국공항,59700,3000,9229,,,,
20260310,005440,현대지에프홀딩스,14090,130,396475,,,,
20260310,005490,POSCO홀딩스,343500,7500,367031,,,,
20260310,005500,삼진제약,17750,370,25183,,,,
20260310,005610,삼립,50100,500,3390,,,,
20260310,005680,삼영전자,11890,550,49458,,,,
20260310,005690,파미셀,14820,1390,1131670,,,,
20260310,005720,넥센,6670,30,38794,,,,
20260310,005725,넥센우,4400,70,5502,,,,
20260310,005740,크라운해태홀딩스,6490,-10,38447,,,,
20260310,005745,크라운해태홀딩스우,7640,440,1017,,,,
20260310,005750,대림바스,4875,285,65464,,,,
20260310,005800,신영와코루,16270,60,6740,,,,
20260310,005810,풍산홀딩스,38700,-400,47319,,,,
20260310,005820,원림,15870,-50,1760,,,,
20260310,005830,DB손해보험,183500,3500,238859,,,,
20260310,005850,에스엘,63700,1900,151355,,,,
20260310,005870,휴니드,8180,-310,525407,,,,
20260310,005880,대한해운,2190,35,10962564,,,,
20260310,005930,삼성전자,187900,14400,33530170,,,,
20260310,005935,삼성전자우,134500,13000,6121578,,,,
20260310,005940,NH투자증권,31400,850,872581,,,,
20260310,005945,NH투자증권우,24500,650,103982,,,,
20260310,005950,이수화학,8190,360,140647,,,,
20260310,005960,동부건설,7380,-110,279736,,,,
20260310,005965,동부건설우,18450,230,1078,,,,
20260310,006040,동원산업,37700,750,53895,,,,
20260310,006060,화승인더,3365,150,264048,,,,
20260310,006090,사조오양,8280,220,5531,,,,
20260310,006110,삼아알미늄,30200,-600,138424,,,,
20260310,006120,SK디스커버리,56100,3100,69893,,,,
20260310,006125,SK디스커버리우,39150,1750,2742,,,,
20260310,006200,한국전자홀딩스,3955,100,55447,,,,
20260310,006220,제주은행,13600,350,245699,,,,
20260310,006260,LS,243000,12500,155630,,,,
20260310,006280,녹십자,151500,7300,52134,,,,
20260310,006340,대원전선,5370,200,8590656,,,,
20260310,006345,대원전선우,4050,110,70920,,,,
20260310,006360,GS건설,19860,850,682181,,,,
20260310,006370,대구백화점,4570,55,17276,,,,
20260310,006380,카프로,3660,0,0,,,,
20260310,006400,삼성SDI,403500,14500,597355,,,,
20260310,006405,삼성SDI우,229500,7500,13160,,,,
20260310,006490,프리티,2075,-70,185619,,,,
20260310,006570,대림통상,2040,-25,14121,,,,
20260310,006650,대한유화,135700,14200,172305,,,,
20260310,006660,삼성공조,11810,410,25792,,,,
20260310,006740,블루산업개발,1211,10,231565,,,,
20260310,006800,미래에셋증권,64321,399,4537247,,,,
20260310,006805,미래에셋증권우,22815,1182,261976,,,,
20260310,00680K,미래에셋증권2우B,20327,635,904085,,,,
20260310,006840,AK홀딩스,7850,60,15440,,,,
20260310,006880,신송홀딩스,6740,-260,474885,,,,
20260310,006890,태경케미컬,8540,-460,790574,,,,
20260310,006980,우성,20800,0,8693,,,,
20260310,007070,GS리테일,19280,820,213191,,,,
20260310,007110,일신석재,1645,96,746952,,,,
20260310,007120,미래아이앤지,1333,-17,273208,,,,
20260310,007160,사조산업,52000,1600,9395,,,,
20260310,007210,벽산,1827,30,201079,,,,
20260310,007280,한국특강,2681,16,17464,,,,
20260310,007310,오뚜기,360000,2500,5423,,,,
20260310,007340,DN오토모티브,27750,1450,237877,,,,
20260310,007460,에이프로젠,336,19,3126729,,,,
20260310,007540,샘표,56000,-100,20672,,,,
20260310,007570,일양약품,14600,0,0,,,,
20260310,007575,일양약품우,15260,0,0,,,,
20260310,007590,동방아그로,5820,10,8413,,,,
20260310,007610,선도전기,3000,0,0,,,,
20260310,007660,이수페타시스,113700,10100,1025140,,,,
20260310,007690,국도화학,34900,-400,11791,,,,
20260310,007700,F&F홀딩스,18170,220,27559,,,,
20260310,007810,코리아써키트,52400,3700,224363,,,,
20260310,007815,코리아써우,15080,1090,1828,,,,
20260310,00781K,코리아써키트2우B,11850,450,1233,,,,
20260310,007860,서연,9620,650,110019,,,,
20260310,007980,TP,1879,108,287235,,,,
20260310,008040,사조동아원,1123,-18,1826973,,,,
20260310,008060,대덕,12700,1260,270212,,,,
20260310,00806K,대덕1우,10350,1090,63527,,,,
20260310,008250,이건산업,3795,-15,24318,,,,
20260310,008260,NI스틸,3445,75,56576,,,,
20260310,008350,남선알미늄,1329,-96,8446885,,,,
20260310,008355,남선알미우,12990,30,2073,,,,
20260310,008420,문배철강,2090,50,56132,,,,
20260310,008490,서흥,20450,200,22674,,,,
20260310,008600,윌비스,2720,0,0,,,,
20260310,008700,아남전자,1162,14,231829,,,,
20260310,008730,율촌화학,25000,1300,37909,,,,
20260310,008770,호텔신라,41900,1500,109202,,,,
20260310,008775,호텔신라우,33250,750,583,,,,
20260310,008870,금비,45650,600,2064,,,,
20260310,008930,한미사이언스,38000,800,200913,,,,
20260310,008970,KBI동양철관,1674,49,860445,,,,
20260310,009070,KCTC,6260,120,534282,,,,
20260310,009140,경인전자,20650,0,2939,,,,
20260310,009150,삼성전기,402000,20000,979618,,,,
20260310,009155,삼성전기우,161700,10600,40747,,,,
20260310,009160,SIMPAC,4850,-30,83926,,,,
20260310,009180,한솔로지스틱스,2875,-60,275372,,,,
20260310,009190,대양금속,1160,21,223529,,,,
20260310,009200,무림페이퍼,1926,5,207534,,,,
20260310,009240,한샘,41700,1100,33205,,,,
20260310,009270,신원,1396,75,497629,,,,
20260310,009290,광동제약,9110,280,697739,,,,
20260310,009310,참엔지니어링,1082,28,260929,,,,
20260310,009320,아진전자부품,991,-23,190145,,,,
20260310,009410,태영건설,1674,35,236464,,,,
20260310,009415,태영건설우,5750,100,6444,,,,
20260310,009420,한올바이오파마,54200,2000,222567,,,,
20260310,009440,KC그린홀딩스,756,0,0,,,,
20260310,009450,경동나비엔,61700,600,29208,,,,
20260310,009460,한창제지,2450,55,36677,,,,
20260310,009470,삼화전기,40250,3100,108315,,,,
20260310,009540,HD한국조선해양,404000,4000,244474,,,,
20260310,009580,무림P&P,2425,-5,58920,,,,
20260310,009680,모토닉,10300,20,31429,,,,
20260310,009770,삼정펄프,34000,550,3323,,,,
20260310,009810,MDS스피어,2119,16,13877,,,,
20260310,009830,한화솔루션,47633,0,3593117,,,,
20260310,009835,한화솔루션우,26057,-406,40197,,,,
20260310,009900,명신산업,9370,740,392502,,,,
20260310,009970,영원무역홀딩스,222500,1500,12537,,,,
20260310,010040,한국내화,1965,12,36435,,,,
20260310,010060,OCI홀딩스,141700,-4800,109217,,,,
20260310,010100,한국무브넥스,4670,300,415553,,,,
20260310,010120,LS ELECTRIC,144800,8600,771200,,,,
20260310,010130,고려아연,1625000,29000,33419,,,,
20260310,010140,삼성중공업,27850,-700,6007838,,,,
20260310,010400,우진아이엔에스,3675,0,14521,,,,
20260310,010580,에스엠벡셀,2020,88,102073,,,,
20260310,010640,진양폴리,2710,330,123493,,,,
20260310,010660,화천기계,5690,-80,294018,,,,
20260310,010690,화신,12740,860,461997,,,,
20260310,010770,평화홀딩스,3780,25,48698,,,,
20260310,010780,아이에스동서,28700,800,90063,,,,
20260310,010820,퍼스텍,8050,-610,5336409,,,,
20260310,010950,S-Oil,117900,-10800,1497393,,,,
20260310,010955,S-Oil우,55100,-2300,47432,,,,
20260310,010960,삼호개발,3805,0,23396,,,,
20260310,011000,진원생명과학,5495,295,169619,,,,
20260310,011070,LG이노텍,258000,7500,135821,,,,
20260310,011090,에넥스,2225,-20,23128,,,,
20260310,011150,CJ씨푸드,2650,35,184735,,,,
20260310,011155,CJ씨푸드1우,13820,390,1034,,,,
20260310,011170,롯데케미칼,74100,2900,196019,,,,
20260310,011200,HMM,20900,250,1669635,,,,
20260310,011210,현대위아,87800,5300,239451,,,,
20260310,011230,삼화전자,2420,145,72021,,,,
20260310,011280,태림포장,1841,3,87603,,,,
20260310,011300,우성머티리얼스,3210,10,75790,,,,
20260310,011330,유니켐,6800,600,801958,,,,
20260310,011390,부산산업,78200,4300,6482,,,,
20260310,011420,갤럭시아에스엠,1763,43,73103,,,,
20260310,011500,한농화성,23350,750,370200,,,,
20260310,011690,와이투솔루션,7600,1000,3234135,,,,
20260310,011700,한신기계,4500,260,1899199,,,,
20260310,011760,현대코퍼레이션,25400,1500,50902,,,,
20260310,011780,금호석유화학,121800,7700,111253,,,,
20260310,011785,금호석유화학우,58700,1200,8804,,,,
20260310,011790,SKC,93805,2820,179539,,,,
20260310,011810,STX,3530,0,0,,,,
20260310,011930,신성이엔지,21750,750,800552,,,,
20260310,012030,DB,1806,60,805542,,,,
20260310,0120G0,삼양바이오팜,88700,3700,61693,,,,
20260310,012160,영흥,2715,-35,31067,,,,
20260310,012170,아센디오,1301,53,85587,,,,
20260310,012200,계양전기,6903,190,605326,,,,
20260310,012205,계양전기우,5501,213,44132,,,,
20260310,012280,영화금속,1017,5,489943,,,,
20260310,012320,경동인베스트,84900,800,21559,,,,
20260310,012330,현대모비스,423000,14000,277816,,,,
20260310,012450,한화에어로스페이스,1455000,21000,452836,,,,
20260310,012610,경인양행,4055,125,245306,,,,
20260310,012630,HDC,23700,-150,95937,,,,
20260310,012690,모나리자,2210,250,12977937,,,,
20260310,0126Z0,삼성에피스홀딩스,532000,22000,56517,,,,
20260310,012750,에스원,82300,-1000,43758,,,,
20260310,012800,대창,1358,23,630938,,,,
20260310,013000,세우글로벌,1127,17,39423,,,,
20260310,013360,일성건설,1691,74,250065,,,,
20260310,013520,화승코퍼레이션,3070,50,406184,,,,
20260310,013570,디와이,4940,210,99350,,,,
20260310,013580,계룡건설,25000,450,86042,,,,
20260310,013700,까뮤이앤씨,1250,0,85146,,,,
20260310,013870,지엠비코리아,5120,120,53720,,,,
20260310,013890,지누스,11620,610,39758,,,,
20260310,014130,한익스프레스,2710,30,23408,,,,
20260310,014160,대영포장,1007,1,249553,,,,
20260310,014280,금강공업,5000,35,140137,,,,
20260310,014285,금강공업우,6820,150,3736,,,,
20260310,014440,영보화학,4715,35,45301,,,,
20260310,014530,극동유화,4110,-490,7036862,,,,
20260310,014580,태경비케이,4410,-35,318505,,,,
20260310,014680,한솔케미칼,296500,12500,91426,,,,
20260310,014710,사조씨푸드,7500,150,16627,,,,
20260310,014790,HL D&I,3210,95,76718,,,,
20260310,014820,동원시스템즈,24200,700,23979,,,,
20260310,014825,동원시스템즈우,16160,-110,265,,,,
20260310,014830,유니드,81600,-2900,52761,,,,
20260310,014910,성문전자,1694,77,354880,,,,
20260310,014915,성문전자우,4585,335,352,,,,
20260310,014990,인디에프,4030,230,55860,,,,
20260310,015020,이스타코,950,22,60934,,,,
20260310,015230,대창단조,6250,250,42525,,,,
20260310,015260,에이엔피,837,68,26082090,,,,
20260310,015360,INVENI,14880,420,24505,,,,
20260310,015590,DKME,2575,0,0,,,,
20260310,015760,한국전력,47600,2800,2886391,,,,
20260310,015860,일진홀딩스,7730,180,149884,,,,
20260310,015890,태경산업,4750,30,45477,,,,
20260310,016090,대현,1634,6,61912,,,,
20260310,016360,삼성증권,93400,1800,468320,,,,
20260310,016380,KG스틸,5580,150,304309,,,,
20260310,016450,한세예스24홀딩스,4735,65,24706,,,,
20260310,016580,환인제약,10120,10,31796,,,,
20260310,016590,신대양제지,12910,190,45045,,,,
20260310,016610,DB증권,13690,360,185857,,,,
20260310,016710,대성홀딩스,9020,140,24654,,,,
20260310,016740,두올,4270,80,696512,,,,
20260310,016800,퍼시스,39800,1250,634,,,,
20260310,016880,웅진,2010,90,364694,,,,
20260310,017040,광명전기,1320,38,458082,,,,
20260310,017180,명문제약,1701,14,50748,,,,
20260310,017370,우신시스템,6030,250,58684,,,,
20260310,017390,서울가스,70000,-1700,51834,,,,
20260310,017550,수산세보틱스,1835,81,239614,,,,
20260310,017670,SK텔레콤,77200,1400,838936,,,,
20260310,017800,현대엘리베이터,88900,2700,297634,,,,
20260310,017810,풀무원,11950,360,33317,,,,
20260310,017860,DS단석,20050,810,1877843,,,,
20260310,017900,광전자,1995,138,235868,,,,
20260310,017940,E1,93400,-1800,20265,,,,
20260310,017960,한국카본,42600,-2150,926536,,,,
20260310,018250,애경산업,14790,760,73396,,,,
20260310,018260,삼성에스디에스,162500,3900,262631,,,,
20260310,018470,조일알미늄,1209,-5,928170,,,,
20260310,018500,동원모빌리티,1504,77,372889,,,,
20260310,018670,SK가스,229500,-11500,42181,,,,
20260310,018880,한온시스템,3990,65,10418132,,,,
20260310,019170,신풍제약,10930,430,87160,,,,
20260310,019175,신풍제약우,16500,580,2518,,,,
20260310,019180,티에이치엔,7190,390,187204,,,,
20260310,019490,엑시큐어하이트론,541,0,0,,,,
20260310,019680,대교,1491,8,60807,,,,
20260310,019685,대교우B,1021,0,14788,,,,
20260310,020000,한섬,23700,100,156416,,,,
20260310,020120,키다리스튜디오,3410,60,130690,,,,
20260310,020150,롯데에너지머티리얼즈,37850,300,212136,,,,
20260310,020560,아시아나항공,6960,290,79467,,,,
20260310,020760,일진디스플,902,0,0,,,,
20260310,021050,서원,1287,12,376144,,,,
20260310,021240,코웨이,72300,100,342977,,,,
20260310,021820,세원정공,15440,970,30978,,,,
20260310,022100,포스코DX,32900,1200,332591,,,,
20260310,023000,삼원강재,2320,-20,13440,,,,
20260310,023150,MH에탄올,4115,65,8709,,,,
20260310,023350,한국종합기술,4355,55,28206,,,,
20260310,023450,동남합성,30800,200,1045,,,,
20260310,023530,롯데쇼핑,93900,1900,93336,,,,
20260310,023590,다우기술,48400,1100,75240,,,,
20260310,023800,인지컨트롤스,6500,270,77184,,,,
20260310,023810,인팩,7580,200,21831,,,,
20260310,023960,에쓰씨엔지니어링,1394,3,208803,,,,
20260310,024070,WISCOM,1855,5,30638,,,,
20260310,024090,디씨엠,11800,-30,8809,,,,
20260310,024110,기업은행,23100,300,1055183,,,,
20260310,024720,콜마홀딩스,9040,190,59647,,,,
20260310,024890,대원화성,3880,160,19163,,,,
20260310,024900,디와이덕양,1993,58,219158,,,,
20260310,025000,KPX케미칼,50500,800,3783,,,,
20260310,025530,SJM홀딩스,3500,35,51491,,,,
20260310,025540,한국단자,71200,3100,29171,,,,
20260310,025560,미래산업,2718,154,170970,,,,
20260310,025620,차AI헬스케어,9110,190,15263,,,,
20260310,025750,한솔홈데코,2885,50,49409,,,,
20260310,025820,이구산업,5100,180,287544,,,,
20260310,025860,남해화학,8260,-660,7658484,,,,
20260310,025890,한국주강,1560,13,6797,,,,
20260310,026890,스틱인베스트먼트,10130,240,91004,,,,
20260310,026940,부국철강,1943,17,48550,,,,
20260310,026960,동서,25500,350,55561,,,,
20260310,027410,BGF,4115,75,111969,,,,
20260310,027740,마니커,1618,6,238301,,,,
20260310,027970,한국제지,3820,5,22245,,,,
20260310,028050,삼성E&A,31250,-1650,1835866,,,,
20260310,028100,동아지질,16030,560,23770,,,,
20260310,028260,삼성물산,273000,2500,493211,,,,
20260310,02826K,삼성물산우B,173900,4600,7549,,,,
20260310,028670,팬오션,5140,140,4903735,,,,
20260310,029460,케이씨,31350,1200,43490,,,,
20260310,029530,신도리코,53100,-400,14367,,,,
20260310,029780,삼성카드,58800,600,102855,,,,
20260310,030000,제일기획,20600,350,320085,,,,
20260310,030190,NICE평가정보,17130,550,71031,,,,
20260310,030200,KT,60800,1300,282942,,,,
20260310,030210,다올투자증권,4465,135,259193,,,,
20260310,030610,교보증권,12390,320,93634,,,,
20260310,030720,동원수산,5720,150,15624,,,,
20260310,031210,서울보증보험,57500,3300,56158,,,,
20260310,031430,신세계인터내셔날,12090,120,76477,,,,
20260310,031820,아이티센씨티에스,7640,260,118117,,,,
20260310,032350,롯데관광개발,18700,560,791246,,,,
20260310,032560,황금에스티,5840,110,44534,,,,
20260310,032640,LG유플러스,14760,40,1724477,,,,
20260310,032830,삼성생명,211500,11000,255956,,,,
20260310,033240,자화전자,43700,4850,336440,,,,
20260310,033250,체시스,4900,20,35781,,,,
20260310,033270,유나이티드제약,19610,440,19076,,,,
20260310,033530,SJG세종,8630,400,164445,,,,
20260310,033780,KT&G,154600,1000,363840,,,,
20260310,033920,무학,9000,80,55409,,,,
20260310,034020,두산에너빌리티,102500,6300,10814168,,,,
20260310,034120,SBS,16430,220,20337,,,,
20260310,034220,LG디스플레이,11980,650,5317748,,,,
20260310,034230,파라다이스,16240,340,456253,,,,
20260310,034310,NICE,13400,280,39228,,,,
20260310,034590,인천도시가스,26650,150,1441,,,,
20260310,034730,SK,351000,22000,228794,,,,
20260310,03473K,SK우,247500,10000,6012,,,,
20260310,034830,한국토지신탁,1401,15,1444968,,,,
20260310,035000,HS애드,8450,30,9327,,,,
20260310,035150,백산,13220,320,21209,,,,
20260310,035250,강원랜드,17850,100,635569,,,,
20260310,035420,NAVER,220500,2000,935756,,,,
20260310,035510,신세계 I&C,15560,420,70677,,,,
20260310,035720,카카오,51800,1400,1860754,,,,
20260310,036420,콘텐트리중앙,6420,50,52207,,,,
20260310,036460,한국가스공사,36100,-200,440609,,,,
20260310,036530,SNT홀딩스,57300,1800,16232,,,,
20260310,036570,NC,219500,6000,139260,,,,
20260310,036580,팜스코,3350,10,170099,,,,
20260310,037270,YG PLUS,6150,160,595789,,,,
20260310,037560,LG헬로비전,2215,45,101103,,,,
20260310,037710,광주신세계,37000,350,8114,,,,
20260310,039130,하나투어,41900,2700,57287,,,,
20260310,039490,키움증권,426500,11500,143423,,,,
20260310,039570,HDC랩스,8200,130,17860,,,,
20260310,041650,상신브레이크,2540,70,40985,,,,
20260310,042660,한화오션,124400,700,1275705,,,,
20260310,042700,한미반도체,324000,19000,1602070,,,,
20260310,044380,주연테크,1615,5,10867,,,,
20260310,044450,KSS해운,10390,-210,353185,,,,
20260310,044820,코스맥스비티아이,14210,860,22976,,,,
20260310,047040,대우건설,9470,660,16484612,,,,
20260310,047050,포스코인터내셔널,75800,-800,1819933,,,,
20260310,047400,유니온머티리얼,1405,-19,286079,,,,
20260310,047810,한국항공우주,174100,0,823918,,,,
20260310,049800,우진플라임,2560,115,34725,,,,
20260310,051600,한전KPS,55800,1400,257618,,,,
20260310,051630,진양화학,2405,365,518240,,,,
20260310,051900,LG생활건강,245000,-4000,69763,,,,
20260310,051905,LG생활건강우,105800,-200,6682,,,,
20260310,051910,LG화학,311000,11000,279895,,,,
20260310,051915,LG화학우,152600,7100,40071,,,,
20260310,052690,한전기술,160000,12300,449687,,,,
20260310,053210,스카이라이프,5080,145,128004,,,,
20260310,053690,한미글로벌,19100,1790,254558,,,,
20260310,055490,테이팩스,14650,410,21338,,,,
20260310,055550,신한지주,89200,700,1967408,,,,
20260310,058430,포스코스틸리온,4435,115,175720,,,,
20260310,058650,세아홀딩스,153500,-3900,6216,,,,
20260310,058730,다스코,3255,60,147550,,,,
20260310,058850,KTcs,2575,45,324333,,,,
20260310,058860,KTis,2790,35,98081,,,,
20260310,060980,HL홀딩스,43250,1200,13623,,,,
20260310,062040,산일전기,146000,7600,167844,,,,
20260310,063160,종근당바이오,19440,110,9868,,,,
20260310,064350,현대로템,207500,-7500,875685,,,,
20260310,064400,LG씨엔에스,63500,1900,471372,,,,
20260310,064960,SNT모티브,33250,900,48463,,,,
20260310,066570,LG전자,115900,2500,1051235,,,,
20260310,066575,LG전자우,53000,1400,96830,,,,
20260310,066970,엘앤에프,113100,100,292699,,,,
20260310,067830,세이브존I&C,2830,40,57946,,,,
20260310,068270,셀트리온,196352,1907,513144,,,,
20260310,068290,삼성출판사,9170,320,11839,,,,
20260310,069260,TKG휴켐스,17900,550,128511,,,,
20260310,069460,대호에이엘,2635,35,273571,,,,
20260310,069620,대웅제약,164400,2300,20368,,,,
20260310,069640,한세엠케이,1138,-10,8859,,,,
20260310,069730,DSR제강,4800,395,245136,,,,
20260310,069960,현대백화점,87200,2500,115926,,,,
20260310,070960,모나용평,3005,20,43497,,,,
20260310,071050,한국금융지주,220000,2000,377063,,,,
20260310,071055,한국금융지주우,162600,4600,18791,,,,
20260310,071090,하이스틸,3505,-60,162155,,,,
20260310,071320,지역난방공사,84600,1100,36190,,,,
20260310,071840,롯데하이마트,7800,60,23112,,,,
20260310,071950,코아스,2125,239,144497,,,,
20260310,071970,HD현대마린엔진,77500,-900,152734,,,,
20260310,072130,유엔젤,4795,75,69511,,,,
20260310,072710,농심홀딩스,91200,500,5454,,,,
20260310,073240,금호타이어,5950,130,570204,,,,
20260310,074610,이엔플러스,5110,0,0,,,,
20260310,075180,새론오토모티브,3065,-35,51835,,,,
20260310,075580,세진중공업,16670,490,193672,,,,
20260310,077500,유니퀘스트,6170,350,111442,,,,
20260310,077970,STX엔진,32450,550,258272,,,,
20260310,078000,텔코웨어,17260,20,22392,,,,
20260310,078520,에이블씨엔씨,10370,580,102950,,,,
20260310,078930,GS,64000,-1200,405889,,,,
20260310,078935,GS우,53500,100,9663,,,,
20260310,079160,CJ CGV,4665,-165,1203555,,,,
20260310,079430,현대리바트,6990,190,54464,,,,
20260310,079550,LIG디펜스앤에어로스페이스,759000,-37000,717406,,,,
20260310,079900,전진건설로봇,54600,4800,104185,,,,
20260310,079980,휴비스,2460,40,62126,,,,
20260310,081000,일진다이아,13860,340,40849,,,,
20260310,081660,미스토홀딩스,48500,300,100938,,,,
20260310,082640,동양생명,8210,-120,519506,,,,
20260310,082740,한화엔진,48250,200,305123,,,,
20260310,083420,그린케미칼,5460,140,49138,,,,
20260310,084010,대한제강,10840,90,33233,,,,
20260310,084670,동양고속,42150,900,24400,,,,
20260310,084680,이월드,1615,65,320747,,,,
20260310,084690,대상홀딩스,9250,160,72832,,,,
20260310,084695,대상홀딩스우,13950,490,7803,,,,
20260310,084870,TBH글로벌,1996,90,25659,,,,
20260310,085310,엔케이,10320,360,68345,,,,
20260310,085620,미래에셋생명,14410,10,741873,,,,
20260310,086280,현대글로비스,234500,8000,203769,,,,
20260310,086790,하나금융지주,109900,2000,624983,,,,
20260310,088260,이리츠코크렙,4695,45,103000,,,,
20260310,088350,한화생명,4690,75,6793567,,,,
20260310,088790,진도,2200,-20,25300,,,,
20260310,088980,맥쿼리인프라,11230,-10,1819778,,,,
20260310,089470,HDC현대EP,5360,180,82364,,,,
20260310,089590,제주항공,5270,345,431401,,,,
20260310,089860,롯데렌탈,32350,900,81615,,,,
20260310,090080,평화산업,901,19,93794,,,,
20260310,090350,노루페인트,8240,40,111691,,,,
20260310,090355,노루페인트우,12780,280,412,,,,
20260310,090370,메타랩스,1445,38,71609,,,,
20260310,090430,아모레퍼시픽,129200,1100,188804,,,,
20260310,090435,아모레퍼시픽우,45450,900,30640,,,,
20260310,090460,비에이치,16750,1000,230931,,,,
20260310,091810,트리니티항공,1135,63,852148,,,,
20260310,092200,디아이씨,9320,330,400658,,,,
20260310,092220,KEC,7605,305,1552480,,,,
20260310,092230,KPX홀딩스,78100,2600,1486,,,,
20260310,092440,기신정기,2180,20,32802,,,,
20260310,092780,DYP,4460,-30,62171,,,,
20260310,092790,넥스틸,11190,10,161195,,,,
20260310,093050,LF,20650,100,51124,,,,
20260310,093240,형지엘리트,1025,15,696080,,,,
20260310,093370,후성,7190,370,389558,,,,
20260310,094280,효성ITX,12170,50,11451,,,,
20260310,094800,맵스리얼티,6750,130,120937,,,,
20260310,095570,AJ네트웍스,5000,145,210610,,,,
20260310,095720,웅진씽크빅,2075,34,44877,,,,
20260310,096760,JW홀딩스,3890,95,83464,,,,
20260310,096770,SK이노베이션,119800,1600,543592,,,,
20260310,096775,SK이노베이션우,73900,-100,6015,,,,
20260310,097230,HJ중공업,23150,-450,920748,,,,
20260310,097520,엠씨넥스,23300,1200,47684,,,,
20260310,097950,CJ제일제당,194800,4800,51215,,,,
20260310,097955,CJ제일제당 우,127000,600,6881,,,,
20260310,100090,SK오션플랜트,17820,-20,217178,,,,
20260310,100220,비상교육,5180,40,9253,,,,
20260310,100250,진양홀딩스,3025,55,84833,,,,
20260310,100840,SNT에너지,41350,-950,228657,,,,
20260310,101140,인바이오젠,8460,-310,5997,,,,
20260310,101530,해태제과식품,6470,70,39669,,,,
20260310,102260,동성케미컬,4015,15,186472,,,,
20260310,102460,이연제약,10350,200,35953,,,,
20260310,103140,풍산,109300,-4800,502698,,,,
20260310,103590,일진전기,81000,3600,297360,,,,
20260310,104700,한국철강,9180,10,18644,,,,
20260310,105560,KB금융,147400,4800,1371667,,,,
20260310,105630,한세실업,12540,100,59323,,,,
20260310,105840,우진,26400,4000,3195408,,,,
20260310,107590,미원홀딩스,65700,0,151,,,,
20260310,108320,LX세미콘,51800,1500,82099,,,,
20260310,108670,LX하우시스,28200,500,18432,,,,
20260310,108675,LX하우시스우,15660,270,2688,,,,
20260310,109070,주성코퍼레이션,808,14,217788,,,,
20260310,111110,호전실업,7420,100,9777,,,,
20260310,111380,동인기연,14000,-10,3567,,,,
20260310,111770,영원무역,86200,-5300,160308,,,,
20260310,112610,씨에스윈드,51100,1550,454132,,,,
20260310,114090,GKL,11840,100,151898,,,,
20260310,117580,대성에너지,12250,-2140,13376615,,,,
20260310,118000,메타케어,2430,-140,286036,,,,
20260310,119650,KC코트렐,918,0,0,,,,
20260310,120030,조선선재,101900,3400,2051,,,,
20260310,120110,코오롱인더,61800,4300,290507,,,,
20260310,120115,코오롱인더우,26900,900,8222,,,,
20260310,122900,아이마켓코리아,7570,100,49500,,,,
20260310,123690,한국화장품,8530,480,125351,,,,
20260310,123700,SJM,3540,100,55596,,,,
20260310,123890,한국자산신탁,2785,65,422891,,,,
20260310,126560,현대퓨처넷,3230,-10,99745,,,,
20260310,126720,수산인더스트리,25900,2000,75257,,,,
20260310,128820,대성산업,8140,-330,1646237,,,,
20260310,128940,한미약품,511000,29500,70911,,,,
20260310,129260,인터지스,2510,25,104558,,,,
20260310,130660,한전산업,20950,1370,2610583,,,,
20260310,133820,화인베스틸,1299,-4,76704,,,,
20260310,134380,미원화학,10870,370,10590,,,,
20260310,134790,시디즈,19450,240,185,,,,
20260310,136490,선진,10710,-60,142113,,,,
20260310,137310,에스디바이오센서,7710,390,303036,,,,
20260310,138040,메리츠금융지주,113000,1500,249757,,,,
20260310,138930,BNK금융지주,18330,500,980243,,,,
20260310,139130,iM금융지주,17110,560,802327,,,,
20260310,139480,이마트,91500,-900,154527,,,,
20260310,139990,아주스틸,2965,15,12183,,,,
20260310,143210,핸즈코퍼레이션,995,-9,10729,,,,
20260310,145210,다이나믹디자인,3140,-20,51822,,,,
20260310,145270,케이탑리츠,899,3,30582,,,,
20260310,145720,덴티움,53200,3800,85629,,,,
20260310,145990,삼양사,45650,550,9801,,,,
20260310,145995,삼양사우,34700,300,163,,,,
20260310,155660,DSR,3995,0,22354,,,,
20260310,161000,애경케미칼,10090,490,118201,,,,
20260310,161390,한국타이어앤테크놀로지,59100,2100,621825,,,,
20260310,161890,한국콜마,70000,3700,150420,,,,
20260310,163560,동일고무벨트,6710,190,15814,,,,
20260310,170900,동아에스티,45700,350,33297,,,,
20260310,175330,JB금융지주,30600,1850,559990,,,,
20260310,178920,PI첨단소재,19440,990,139659,,,,
20260310,180640,한진칼,124500,10500,83285,,,,
20260310,18064K,한진칼우,36500,2600,3109,,,,
20260310,181710,NHN,36750,-250,80341,,,,
20260310,183190,아세아시멘트,11930,580,74832,,,,
20260310,185750,종근당,84200,1200,25474,,,,
20260310,192080,더블유게임즈,49200,400,39268,,,,
20260310,192400,쿠쿠홀딩스,27750,300,21241,,,,
20260310,192650,드림텍,6750,200,280088,,,,
20260310,192820,코스맥스,172000,8000,44242,,,,
20260310,194370,제이에스코퍼레이션,11640,600,51575,,,,
20260310,195870,해성디에스,53900,3200,96655,,,,
20260310,200880,서연이화,14000,1060,224725,,,,
20260310,204320,HL만도,52600,2300,306657,,,,
20260310,207940,삼성바이오로직스,1592000,13000,48257,,,,
20260310,210540,디와이파워,14060,860,135160,,,,
20260310,210980,SK디앤디,12770,30,20386,,,,
20260310,213500,한솔제지,8180,90,73137,,,,
20260310,214320,이노션,19320,420,87912,,,,
20260310,214330,금호에이치티,11941,-218,109181,,,,
20260310,214390,경보제약,5380,70,21593,,,,
20260310,214420,토니모리,6780,320,119669,,,,
20260310,217590,티엠씨,12890,640,56299,,,,
20260310,226320,잇츠한불,10210,260,11798,,,,
20260310,227840,현대코퍼레이션홀딩스,11900,390,16728,,,,
20260310,229640,LS에코에너지,40850,1600,95311,,,,
20260310,234080,JW생명과학,12710,220,26154,,,,
20260310,241560,두산밥캣,59700,3000,398413,,,,
20260310,241590,화승엔터프라이즈,4845,145,106228,,,,
20260310,244920,에이플러스에셋,12520,40,34150,,,,
20260310,248070,솔루엠,17790,1290,224236,,,,
20260310,248170,샘표식품,27900,850,19139,,,,
20260310,249420,일동제약,31350,500,209619,,,,
20260310,251270,넷마블,55200,0,251345,,,,
20260310,259960,크래프톤,237000,18500,192623,,,,
20260310,264900,크라운제과,8490,100,23872,,,,
20260310,26490K,크라운제과우,8990,100,627,,,,
20260310,267250,HD현대,269000,6000,177434,,,,
20260310,267260,HD현대일렉트릭,941000,34000,141252,,,,
20260310,267270,HD건설기계,129300,6200,335363,,,,
20260310,267290,경동도시가스,21700,0,17157,,,,
20260310,267850,아시아나IDT,10050,220,13078,,,,
20260310,268280,미원에스씨,123400,-1200,2250,,,,
20260310,271560,오리온,128500,2500,138770,,,,
20260310,271940,일진하이솔루스,17050,-300,126315,,,,
20260310,271980,제일약품,14150,420,30584,,,,
20260310,272210,한화시스템,156200,-6500,4123958,,,,
20260310,272450,진에어,6310,340,149570,,,,
20260310,272550,삼양패키징,11410,210,14539,,,,
20260310,278470,에이피알,301500,5000,231145,,,,
20260310,279570,케이뱅크,7510,580,87100906,,,,
20260310,280360,롯데웰푸드,113400,3100,18561,,,,
20260310,281820,케이씨텍,45600,4200,214157,,,,
20260310,282330,BGF리테일,120500,5000,70150,,,,
20260310,284740,쿠쿠홈시스,24200,750,13769,,,,
20260310,285130,SK케미칼,56900,1700,28899,,,,
20260310,28513K,SK케미칼우,26750,450,5460,,,,
20260310,286940,롯데이노베이트,21400,850,24058,,,,
20260310,293480,하나제약,9340,0,52366,,,,
20260310,293940,신한알파리츠,5680,100,227862,,,,
20260310,294870,IPARK현대산업개발,20900,350,245674,,,,
20260310,298000,효성화학,77800,0,0,,,,
20260310,298020,효성티앤씨,330000,24500,29531,,,,
20260310,298040,효성중공업,2550000,161000,47198,,,,
20260310,298050,HS효성첨단소재,207000,9100,9722,,,,
20260310,298690,에어부산,1735,63,191985,,,,
20260310,300720,한일시멘트,16270,80,81760,,,,
20260310,302440,SK바이오사이언스,42700,1250,122657,,,,
20260310,306200,세아제강,132400,-100,13121,,,,
20260310,307950,현대오토에버,399500,16000,87510,,,,
20260310,308170,씨티알모빌리티,5090,0,46645,,,,
20260310,316140,우리금융지주,32100,550,3055072,,,,
20260310,317400,자이에스앤디,4215,10,47285,,,,
20260310,317450,명인제약,59700,900,37428,,,,
20260310,322000,HD현대에너지솔루션,108000,2100,1355331,,,,
20260310,323410,카카오뱅크,24200,450,1033380,,,,
20260310,326030,SK바이오팜,99900,1800,175966,,,,
20260310,329180,HD현대중공업,583000,7000,265047,,,,
20260310,330590,롯데리츠,4690,245,460332,,,,
20260310,334890,이지스밸류플러스리츠,4120,100,113385,,,,
20260310,336260,두산퓨얼셀,41750,4000,1214641,,,,
20260310,33626K,두산퓨얼셀1우,7790,540,43326,,,,
20260310,33626L,두산퓨얼셀2우B,9650,230,5086,,,,
20260310,336370,솔루스첨단소재,8210,350,210697,,,,
20260310,33637K,솔루스첨단소재1우,1976,63,14610,,,,
20260310,33637L,솔루스첨단소재2우B,3345,55,2035,,,,
20260310,338100,NH프라임리츠,4590,10,52852,,,,
20260310,339770,교촌에프앤비,4150,90,136982,,,,
20260310,344820,KCC글라스,25900,400,38866,,,,
20260310,348950,제이알글로벌리츠,1633,-9,3440728,,,,
20260310,350520,이지스레지던스리츠,3700,30,33843,,,,
20260310,352820,하이브,351500,5500,201813,,,,
20260310,353200,대덕전자,64600,4400,1636400,,,,
20260310,35320K,대덕전자1우,16480,740,25732,,,,
20260310,357120,코람코라이프인프라리츠,4475,25,205254,,,,
20260310,357250,미래에셋맵스리츠,2410,-15,67740,,,,
20260310,357430,마스턴프리미어리츠,1463,3,27971,,,,
20260310,361610,SK아이이테크놀로지,22700,400,162323,,,,
20260310,363280,티와이홀딩스,2750,5,75271,,,,
20260310,36328K,티와이홀딩스우,4060,85,8410,,,,
20260310,365550,ESR켄달스퀘어리츠,4235,65,371156,,,,
20260310,372910,한컴라이프케어,2570,20,162829,,,,
20260310,373220,LG에너지솔루션,367000,7500,298332,,,,
20260310,375500,DL이앤씨,47000,3650,315128,,,,
20260310,37550K,DL이앤씨우,23650,600,9514,,,,
20260310,37550L,DL이앤씨2우(전환),34400,2000,6651,,,,
20260310,377190,디앤디플랫폼리츠,3025,75,182601,,,,
20260310,377300,카카오페이,59200,200,468942,,,,
20260310,377740,바이오노트,5340,10,128274,,,,
20260310,378850,화승알앤에이,3595,145,76864,,,,
20260310,381970,케이카,14340,620,151852,,,,
20260310,383220,F&F,60300,300,116829,,,,
20260310,383800,LX홀딩스,8130,20,229523,,,,
20260310,38380K,LX홀딩스1우,8090,110,2146,,,,
20260310,395400,SK리츠,5650,-40,428011,,,,
20260310,396690,미래에셋글로벌리츠,2490,40,50239,,,,
20260310,400760,NH올원리츠,3110,5,129118,,,,
20260310,402340,SK스퀘어,554000,45000,505516,,,,
20260310,403550,쏘카,11170,-230,9813,,,,
20260310,404990,신한서부티엔디리츠,4310,30,166694,,,,
20260310,415640,KB발해인프라,10090,70,213491,,,,
20260310,417310,코람코더원리츠,9100,-120,264559,,,,
20260310,432320,KB스타리츠,2570,-280,1685771,,,,
20260310,439260,대한조선,99600,-7100,520880,,,,
20260310,443060,HD현대마린솔루션,166400,-2700,112861,,,,
20260310,446070,유니드비티플러스,2975,115,22229,,,,
20260310,448730,삼성FN리츠,5340,150,126323,,,,
20260310,450080,에코프로머티,66800,1100,1023663,,,,
20260310,451800,한화리츠,5050,30,268887,,,,
20260310,452260,한화갤러리아,2765,80,3273515,,,,
20260310,45226K,한화갤러리아우,7920,460,39018,,,,
20260310,453340,현대그린푸드,15790,260,21073,,,,
20260310,454910,두산로보틱스,90000,4500,291880,,,,
20260310,456040,OCI,82000,4100,61622,,,,
20260310,457190,이수스페셜티케미컬,99000,2900,285847,,,,
20260310,460850,동국씨엠,5560,-20,118252,,,,
20260310,460860,동국제강,8840,0,169167,,,,
20260310,462520,조선내화,13600,70,4343,,,,
20260310,462870,시프트업,30650,-50,53773,,,,
20260310,465770,STX그린로지스,6770,-430,375542,,,,
20260310,475150,SK이터닉스,28600,-300,1793433,,,,
20260310,475560,더본코리아,21250,300,13731,,,,
20260310,480370,씨케이솔루션,2685,-25,138192,,,,
20260310,481850,신한글로벌액티브리츠,1099,-6,92247,,,,
20260310,483650,달바글로벌,150000,9900,56254,,,,
20260310,484870,엠앤씨솔루션,42433,-2667,95337,,,,
20260310,487570,HS효성,55800,2800,29525,,,,
20260310,489790,한화비전,79500,0,808391,,,,
20260310,499790,GS피앤엘,44500,1400,107273,,,,
20260310,900140,엘브이엠씨홀딩스,1337,7,746807,,,,
20260310,950210,프레스티지바이오파마,10040,470,78741,,,,
20260311,000020,동화약품,6060,60,67243,,,,
20260311,000040,KR모터스,1845,5,36488,,,,
20260311,000050,경방,9620,690,212869,,,,
20260311,000070,삼양홀딩스,71500,1500,19555,,,,
20260311,000080,하이트진로,16830,320,154236,,,,
20260311,000087,하이트진로2우B,14140,100,2295,,,,
20260311,000100,유한양행,98500,0,201132,,,,
20260311,000105,유한양행우,88100,1300,2972,,,,
20260311,000120,CJ대한통운,116900,3100,89489,,,,
20260311,000140,하이트진로홀딩스,9130,230,23339,,,,
20260311,000145,하이트진로홀딩스우,11290,160,237,,,,
20260311,000150,두산,1101000,48000,114620,,,,
20260311,000155,두산우,519000,14000,18555,,,,
20260311,000157,두산2우B,465500,4500,1149,,,,
20260311,000180,성창기업지주,7620,20,19541,,,,
20260311,000210,DL,44500,1550,109774,,,,
20260311,000215,DL우,24800,1250,8739,,,,
20260311,000220,유유제약,4320,115,58549,,,,
20260311,000225,유유제약1우,4530,60,66000,,,,
20260311,000227,유유제약2우B,10590,460,2972,,,,
20260311,000230,일동홀딩스,10500,-30,15491,,,,
20260311,000240,한국앤컴퍼니,25500,400,98636,,,,
20260311,000270,기아,162000,1000,1171357,,,,
20260311,000300,DH오토넥스,4200,0,0,,,,
20260311,000320,노루홀딩스,23150,600,50783,,,,
20260311,000325,노루홀딩스우,30000,500,686,,,,
20260311,000370,한화손해보험,7110,70,799011,,,,
20260311,000390,SP삼화,10540,550,12450666,,,,
20260311,000400,롯데손해보험,2095,60,1195524,,,,
20260311,000430,대원강업,4020,70,125554,,,,
20260311,000480,CR홀딩스,4880,35,19357,,,,
20260311,000490,대동,10000,-260,331452,,,,
20260311,000500,가온전선,53012,-333,73143,,,,
20260311,000520,삼일제약,9790,-280,296595,,,,
20260311,000540,흥국화재,4820,155,410008,,,,
20260311,000545,흥국화재우,7050,200,9137,,,,
20260311,000590,CS홀딩스,83200,3300,884,,,,
20260311,000640,동아쏘시오홀딩스,105700,1100,10367,,,,
20260311,000650,천일고속,243000,4500,11071,,,,
20260311,000660,SK하이닉스,955000,17000,3916098,,,,
20260311,000670,영풍,53200,300,27373,,,,
20260311,000680,LS네트웍스,3120,20,173540,,,,
20260311,000700,유수홀딩스,6180,-40,92631,,,,
20260311,000720,현대건설,148800,-3200,1032454,,,,
20260311,000725,현대건설우,71700,3000,25739,,,,
20260311,000760,이화산업,15260,10,10725,,,,
20260311,000810,삼성화재,497500,9000,88322,,,,
20260311,000815,삼성화재우,395000,3000,20001,,,,
20260311,000850,화천기공,37000,500,6898,,,,
20260311,000860,강남제비스코,15400,410,63344,,,,
20260311,000880,한화,155581,4321,386819,,,,
20260311,00088K,한화3우B,49637,1460,80040,,,,
20260311,000890,보해양조,2270,25,101692,,,,
20260311,000910,유니온,4290,150,87157,,,,
20260311,000950,전방,37500,1550,1456,,,,
20260311,000970,한국주철관,6660,40,24072,,,,
20260311,000990,DB하이텍,85000,-2700,254826,,,,
20260311,001020,페이퍼코리아,3650,75,140843,,,,
20260311,001040,CJ,182500,5400,153657,,,,
20260311,001045,CJ우,88300,3700,5847,,,,
20260311,00104K,CJ4우(전환),161000,4800,8618,,,,
20260311,001060,JW중외제약,31600,400,87613,,,,
20260311,001065,JW중외제약우,27750,500,29,,,,
20260311,001067,JW중외제약2우B,55500,-1500,167,,,,
20260311,001070,대한방직,6880,220,31787,,,,
20260311,001080,만호제강,5360,-20,602156,,,,
20260311,001120,LX인터내셔널,41100,0,181165,,,,
20260311,001130,대한제분,14760,400,29290,,,,
20260311,001200,유진투자증권,4885,90,2119780,,,,
20260311,001210,금호전기,3985,80,154107,,,,
20260311,001230,동국홀딩스,2221,119,1042340,,,,
20260311,001250,GS글로벌,2550,30,730591,,,,
20260311,001260,남광토건,8470,160,29524,,,,
20260311,001270,부국증권,81200,4000,67102,,,,
20260311,001275,부국증권우,34000,600,2414,,,,
20260311,001290,상상인증권,1283,19,7901529,,,,
20260311,001340,PKC,6740,-80,352638,,,,
20260311,001360,삼성제약,1800,-16,660558,,,,
20260311,001380,SG글로벌,2817,0,94013,,,,
20260311,001390,KG케미칼,5200,235,1067433,,,,
20260311,001420,태원물산,2750,-60,7490,,,,
20260311,001430,세아베스틸지주,69700,7800,557168,,,,
20260311,001440,대한전선,30350,700,3275744,,,,
20260311,001450,현대해상,30600,550,420850,,,,
20260311,001460,BYC,46000,500,12381,,,,
20260311,001465,BYC우,27200,300,924,,,,
20260311,001470,삼부토건,347,0,0,,,,
20260311,001500,현대차증권,11320,220,395455,,,,
20260311,001510,SK증권,3703,120,56488534,,,,
20260311,001515,SK증권우,6300,100,26385,,,,
20260311,001520,동양,1656,20,698284,,,,
20260311,001525,동양우,8990,100,2762,,,,
20260311,001527,동양2우B,17420,-260,753,,,,
20260311,001530,DI동일,22550,2200,124354,,,,
20260311,001550,조비,14500,-770,420419,,,,
20260311,001560,제일연마,10660,190,13714,,,,
20260311,001570,금양,9900,0,0,,,,
20260311,001620,케이비아이동국실업,3520,-130,219487,,,,
20260311,001630,종근당홀딩스,49050,1100,5346,,,,
20260311,001680,대상,20700,250,121883,,,,
20260311,001685,대상우,16930,90,8281,,,,
20260311,001720,신영증권,201000,14600,73673,,,,
20260311,001740,SK네트웍스,5310,40,929472,,,,
20260311,001750,한양증권,24450,600,40550,,,,
20260311,001755,한양증권우,23350,650,2803,,,,
20260311,001770,SHD,17240,220,2391,,,,
20260311,001780,알루코,2170,135,1378020,,,,
20260311,001790,대한제당,2740,35,239426,,,,
20260311,001795,대한제당우,2375,20,30715,,,,
20260311,001800,오리온홀딩스,24600,400,103973,,,,
20260311,001820,삼화콘덴서,49550,1450,357107,,,,
20260311,001940,KISCO홀딩스,24350,150,8264,,,,
20260311,002020,코오롱,58700,2500,74228,,,,
20260311,002025,코오롱우,27450,950,2245,,,,
20260311,002030,아세아,288000,2000,1620,,,,
20260311,002070,비비안,9693,98,8315,,,,
20260311,002100,경농,9690,190,245818,,,,
20260311,002140,고려산업,2635,-15,956434,,,,
20260311,002150,도화엔지니어링,6180,30,62067,,,,
20260311,002170,SYTS,57400,800,3519,,,,
20260311,002200,한국수출포장,3170,50,260587,,,,
20260311,002210,동성제약,1946,0,0,,,,
20260311,002220,한일철강,4000,100,126498,,,,
20260311,002240,고려제강,20950,350,37969,,,,
20260311,002310,아세아제지,9240,-80,372900,,,,
20260311,002320,한진,19420,560,36764,,,,
20260311,002350,넥센타이어,7330,-210,165332,,,,
20260311,002355,넥센타이어1우B,4110,75,28489,,,,
20260311,002360,SH에너지화학,4220,-20,585984,,,,
20260311,002380,KCC,560000,49000,60705,,,,
20260311,002390,한독,10650,270,13154,,,,
20260311,002410,범양건영,1935,0,0,,,,
20260311,002420,세기상사,5600,30,100228,,,,
20260311,002450,삼익악기,1163,22,348748,,,,
20260311,002460,HS화성,12430,230,75637,,,,
20260311,002600,조흥,157500,2600,277,,,,
20260311,002620,제일파마홀딩스,8750,180,17448,,,,
20260311,002630,오리엔트바이오,1114,0,447375,,,,
20260311,002690,동일제강,1480,30,30556,,,,
20260311,002700,신일전자,1358,23,386947,,,,
20260311,002710,TCC스틸,13760,-40,80162,,,,
20260311,002720,국제약품,4905,35,340685,,,,
20260311,002760,보락,1200,23,453471,,,,
20260311,002780,진흥기업,718,10,413566,,,,
20260311,002785,진흥기업우B,3350,10,664,,,,
20260311,002787,진흥기업2우B,8090,-210,383,,,,
20260311,002790,아모레퍼시픽홀딩스,26950,700,171340,,,,
20260311,002795,아모레퍼시픽홀딩스우,12420,240,13786,,,,
20260311,00279K,아모레퍼시픽홀딩스3우C,23600,650,5424,,,,
20260311,002810,삼영무역,19150,230,10148,,,,
20260311,002820,SUN&L,2205,65,15644,,,,
20260311,002840,미원상사,138800,-1700,1851,,,,
20260311,002870,신풍,1336,-1,336338,,,,
20260311,002880,디와이에이,947,-1,89028,,,,
20260311,002900,TYM,6700,-150,441722,,,,
20260311,002920,유성기업,2090,60,61352,,,,
20260311,002960,한국쉘석유,531000,16000,5666,,,,
20260311,002990,금호건설,4810,160,203145,,,,
20260311,002995,금호건설우,14230,150,2953,,,,
20260311,003000,부광약품,5360,475,2193113,,,,
20260311,003010,혜인,5270,50,78769,,,,
20260311,003030,세아제강지주,140600,5700,29200,,,,
20260311,003060,에이프로젠바이오로직스,279,-3,1311753,,,,
20260311,003070,코오롱글로벌,9710,280,42445,,,,
20260311,003075,코오롱글로벌우,15100,-50,926,,,,
20260311,003080,SB성보,2680,25,16625,,,,
20260311,003090,대웅,24700,1650,208381,,,,
20260311,0030R0,대신밸류리츠,4445,5,49283,,,,
20260311,003120,일성아이에스,23450,450,11734,,,,
20260311,003160,디아이,32650,-1100,357760,,,,
20260311,003200,일신방직,13190,740,48100,,,,
20260311,003220,대원제약,10420,200,42640,,,,
20260311,003230,삼양식품,1120000,90000,76889,,,,
20260311,003240,태광산업,1186000,8000,3960,,,,
20260311,003280,흥아해운,2185,-105,25948105,,,,
20260311,003300,한일홀딩스,17530,520,49071,,,,
20260311,003350,한국화장품제조,9500,-330,179605,,,,
20260311,003460,유화증권,3650,35,506312,,,,
20260311,003465,유화증권우,3490,30,3051,,,,
20260311,003470,유안타증권,4970,75,881610,,,,
20260311,003475,유안타증권우,4490,40,93035,,,,
20260311,003480,한진중공업홀딩스,4745,90,118689,,,,
20260311,003490,대한항공,24600,250,2876455,,,,
20260311,003495,대한항공우,23350,250,9133,,,,
20260311,003520,영진약품,1827,0,328616,,,,
20260311,003530,한화투자증권,7390,160,4824961,,,,
20260311,003535,한화투자증권우,8500,130,40154,,,,
20260311,003540,대신증권,40550,1600,194429,,,,
20260311,003545,대신증권우,26350,700,206948,,,,
20260311,003547,대신증권2우B,25200,800,40450,,,,
20260311,003550,LG,93300,-800,399693,,,,
20260311,003555,LG우,71600,1500,6247,,,,
20260311,003570,SNT다이내믹스,52000,4050,193286,,,,
20260311,003580,HLB글로벌,1945,-32,168703,,,,
20260311,003610,방림,5180,-180,101709,,,,
20260311,003620,KG모빌리티,3535,75,1089292,,,,
20260311,003650,미창석유,120900,-1000,12658,,,,
20260311,003670,포스코퓨처엠,210500,500,201978,,,,
20260311,003680,한성기업,5070,60,28614,,,,
20260311,003690,코리안리,13560,720,275123,,,,
20260311,003720,삼영,7700,320,2002359,,,,
20260311,003780,진양산업,6000,180,224849,,,,
20260311,003830,대한화섬,126000,1300,575,,,,
20260311,003850,보령,9480,270,125569,,,,
20260311,003920,남양유업,48750,500,7494,,,,
20260311,003925,남양유업우,35400,1450,6566,,,,
20260311,003960,사조대림,34550,1250,7560,,,,
20260311,004000,롯데정밀화학,51800,3650,231893,,,,
20260311,004020,현대제철,37400,700,1421065,,,,
20260311,004060,SG세계물산,5570,590,7919714,,,,
20260311,004080,신흥,13740,10,6683,,,,
20260311,004090,한국석유,20250,-700,6556419,,,,
20260311,004100,태양금속,2990,190,941836,,,,
20260311,004105,태양금속우,3810,180,46610,,,,
20260311,004140,동방,2585,-80,1684178,,,,
20260311,004150,한솔홀딩스,3280,60,60904,,,,
20260311,004170,신세계,342000,11500,70028,,,,
20260311,004250,NPC,3740,90,57528,,,,
20260311,004255,NPC우,2405,15,21765,,,,
20260311,004270,남성,5986,64,7199,,,,
20260311,004310,현대약품,9490,220,829214,,,,
20260311,004360,세방,14850,150,34932,,,,
20260311,004365,세방우,9270,50,4347,,,,
20260311,004370,농심,394000,6500,23370,,,,
20260311,004380,삼익THK,13000,0,0,,,,
20260311,004410,서울식품,2470,570,15541953,,,,
20260311,004415,서울식품우,13100,1450,16858,,,,
20260311,004430,송원산업,8800,220,53432,,,,
20260311,004440,삼일씨엔에스,5650,120,18406,,,,
20260311,004450,삼화왕관,27900,450,631,,,,
20260311,004490,세방전지,62000,2000,40876,,,,
20260311,004540,깨끗한나라,1921,-16,201199,,,,
20260311,004545,깨끗한나라우,10470,-780,3619,,,,
20260311,004560,현대비앤지스틸,18250,290,321479,,,,
20260311,004690,삼천리,136500,100,18037,,,,
20260311,004700,조광피혁,66200,4200,4063,,,,
20260311,004710,한솔테크닉스,5201,-9,202861,,,,
20260311,004720,팜젠사이언스,3755,105,91905,,,,
20260311,004770,써니전자,1567,-4,243584,,,,
20260311,004800,효성,140000,100,34366,,,,
20260311,004830,덕성,4650,200,149556,,,,
20260311,004835,덕성우,6080,140,7840,,,,
20260311,004840,DRB동일,5670,90,23093,,,,
20260311,004870,티웨이홀딩스,1674,10,45838,,,,
20260311,004890,동일산업,39500,-300,1202,,,,
20260311,004910,조광페인트,4845,155,27320,,,,
20260311,004920,씨아이테크,1063,-30,194570,,,,
20260311,004960,한신공영,12760,50,89225,,,,
20260311,004970,신라교역,9470,-20,79957,,,,
20260311,004980,성신양회,9560,290,67361,,,,
20260311,004985,성신양회우,10890,130,2377,,,,
20260311,004990,롯데지주,30900,350,697986,,,,
20260311,00499K,롯데지주우,30200,900,2117,,,,
20260311,005010,휴스틸,4610,160,1050073,,,,
20260311,005030,부산주공,486,0,0,,,,
20260311,005070,코스모신소재,50000,-900,163236,,,,
20260311,005090,SGC에너지,56500,-800,154954,,,,
20260311,005110,한창,1254,0,0,,,,
20260311,005180,빙그레,76300,1600,31184,,,,
20260311,005250,녹십자홀딩스,14060,140,100271,,,,
20260311,005257,녹십자홀딩스2우,24000,-150,203,,,,
20260311,005300,롯데칠성,124000,1400,21984,,,,
20260311,005305,롯데칠성우,84200,1400,966,,,,
20260311,005320,온타이드,1048,-12,181239,,,,
20260311,005360,모나미,1758,37,48263,,,,
20260311,005380,현대차,530000,5000,1415825,,,,
20260311,005385,현대차우,267000,4000,130039,,,,
20260311,005387,현대차2우B,263500,2500,189265,,,,
20260311,005389,현대차3우B,250000,4500,17400,,,,
20260311,005420,코스모화학,14780,-130,136047,,,,
20260311,005430,한국공항,59500,-200,8353,,,,
20260311,005440,현대지에프홀딩스,14150,60,510386,,,,
20260311,005490,POSCO홀딩스,345000,1500,302616,,,,
20260311,005500,삼진제약,17980,230,29855,,,,
20260311,005610,삼립,50700,600,9733,,,,
20260311,005680,삼영전자,12200,310,65133,,,,
20260311,005690,파미셀,15940,1120,1837274,,,,
20260311,005720,넥센,6880,210,39875,,,,
20260311,005725,넥센우,4445,45,4008,,,,
20260311,005740,크라운해태홀딩스,6650,160,48134,,,,
20260311,005745,크라운해태홀딩스우,7370,-270,761,,,,
20260311,005750,대림바스,4920,45,86271,,,,
20260311,005800,신영와코루,16570,300,9954,,,,
20260311,005810,풍산홀딩스,38650,-50,63513,,,,
20260311,005820,원림,15880,10,1539,,,,
20260311,005830,DB손해보험,183200,-300,311703,,,,
20260311,005850,에스엘,64000,300,248310,,,,
20260311,005870,휴니드,8700,520,467578,,,,
20260311,005880,대한해운,2195,5,8259534,,,,
20260311,005930,삼성전자,190000,2100,24311356,,,,
20260311,005935,삼성전자우,138900,4400,7107135,,,,
20260311,005940,NH투자증권,33300,1900,1398587,,,,
20260311,005945,NH투자증권우,25900,1400,97068,,,,
20260311,005950,이수화학,8050,-140,179193,,,,
20260311,005960,동부건설,7690,310,229401,,,,
20260311,005965,동부건설우,18680,230,1616,,,,
20260311,006040,동원산업,38900,1200,63806,,,,
20260311,006060,화승인더,3365,0,115715,,,,
20260311,006090,사조오양,8280,0,9552,,,,
20260311,006110,삼아알미늄,29650,-550,95899,,,,
20260311,006120,SK디스커버리,57300,1200,56079,,,,
20260311,006125,SK디스커버리우,40050,900,4323,,,,
20260311,006200,한국전자홀딩스,3855,-100,66299,,,,
20260311,006220,제주은행,13820,220,267882,,,,
20260311,006260,LS,252500,9500,184810,,,,
20260311,006280,녹십자,151400,-100,35749,,,,
20260311,006340,대원전선,5430,60,5926827,,,,
20260311,006345,대원전선우,3995,-55,77595,,,,
20260311,006360,GS건설,21350,1490,1154978,,,,
20260311,006370,대구백화점,4565,-5,17064,,,,
20260311,006380,카프로,3660,0,0,,,,
20260311,006400,삼성SDI,400000,-3500,531148,,,,
20260311,006405,삼성SDI우,227500,-2000,11587,,,,
20260311,006490,프리티,2375,300,581971,,,,
20260311,006570,대림통상,2015,-25,8796,,,,
20260311,006650,대한유화,133800,-1900,82420,,,,
20260311,006660,삼성공조,11900,90,25968,,,,
20260311,006740,블루산업개발,1257,46,279930,,,,
20260311,006800,미래에셋증권,71091,6770,12212256,,,,
20260311,006805,미래에셋증권우,24688,1873,482878,,,,
20260311,00680K,미래에셋증권2우B,21890,1563,1311493,,,,
20260311,006840,AK홀딩스,7900,50,14658,,,,
20260311,006880,신송홀딩스,6680,-60,166542,,,,
20260311,006890,태경케미컬,8660,120,923996,,,,
20260311,006980,우성,21300,500,8991,,,,
20260311,007070,GS리테일,19340,60,131481,,,,
20260311,007110,일신석재,1639,-6,482942,,,,
20260311,007120,미래아이앤지,1423,90,481025,,,,
20260311,007160,사조산업,53900,1900,7779,,,,
20260311,007210,벽산,1865,38,226070,,,,
20260311,007280,한국특강,2731,50,35787,,,,
20260311,007310,오뚜기,370000,10000,5970,,,,
20260311,007340,DN오토모티브,28000,250,265921,,,,
20260311,007460,에이프로젠,320,-16,4234285,,,,
20260311,007540,샘표,57200,1200,39535,,,,
20260311,007570,일양약품,14600,0,0,,,,
20260311,007575,일양약품우,15260,0,0,,,,
20260311,007590,동방아그로,5860,40,4501,,,,
20260311,007610,선도전기,3000,0,0,,,,
20260311,007660,이수페타시스,110000,-3700,774154,,,,
20260311,007690,국도화학,36200,1300,14370,,,,
20260311,007700,F&F홀딩스,18490,320,35131,,,,
20260311,007810,코리아써키트,53200,800,232720,,,,
20260311,007815,코리아써우,15390,310,1531,,,,
20260311,00781K,코리아써키트2우B,11910,60,1112,,,,
20260311,007860,서연,10080,460,121764,,,,
20260311,007980,TP,1940,61,646844,,,,
20260311,008040,사조동아원,1136,13,899362,,,,
20260311,008060,대덕,12470,-230,103258,,,,
20260311,00806K,대덕1우,10530,180,21714,,,,
20260311,008250,이건산업,3865,70,18936,,,,
20260311,008260,NI스틸,3505,60,114008,,,,
20260311,008350,남선알미늄,1327,-2,12925875,,,,
20260311,008355,남선알미우,12990,0,3230,,,,
20260311,008420,문배철강,2150,60,85975,,,,
20260311,008490,서흥,20450,0,22128,,,,
20260311,008600,윌비스,2720,0,0,,,,
20260311,008700,아남전자,1190,28,216687,,,,
20260311,008730,율촌화학,24450,-550,57669,,,,
20260311,008770,호텔신라,43100,1200,158313,,,,
20260311,008775,호텔신라우,33650,400,931,,,,
20260311,008870,금비,45300,-350,835,,,,
20260311,008930,한미사이언스,38050,50,185535,,,,
20260311,008970,KBI동양철관,1716,42,1564749,,,,
20260311,009070,KCTC,6450,190,563966,,,,
20260311,009140,경인전자,21400,750,4873,,,,
20260311,009150,삼성전기,406000,4000,603440,,,,
20260311,009155,삼성전기우,164400,2700,44330,,,,
20260311,009160,SIMPAC,5080,230,77047,,,,
20260311,009180,한솔로지스틱스,2935,60,187750,,,,
20260311,009190,대양금속,1192,32,212186,,,,
20260311,009200,무림페이퍼,1943,17,180111,,,,
20260311,009240,한샘,43450,1750,48079,,,,
20260311,009270,신원,1403,7,449470,,,,
20260311,009290,광동제약,9200,90,1140885,,,,
20260311,009310,참엔지니어링,1065,-17,208710,,,,
20260311,009320,아진전자부품,991,0,100357,,,,
20260311,009410,태영건설,1775,101,582163,,,,
20260311,009415,태영건설우,6200,450,4707,,,,
20260311,009420,한올바이오파마,57400,3200,359059,,,,
20260311,009440,KC그린홀딩스,756,0,0,,,,
20260311,009450,경동나비엔,61300,-400,37541,,,,
20260311,009460,한창제지,2455,5,30878,,,,
20260311,009470,삼화전기,40300,50,139999,,,,
20260311,009540,HD한국조선해양,420000,16000,374609,,,,
20260311,009580,무림P&P,2420,-5,102381,,,,
20260311,009680,모토닉,11260,960,388653,,,,
20260311,009770,삼정펄프,32650,-1350,2389,,,,
20260311,009810,MDS스피어,2073,-46,39996,,,,
20260311,009830,한화솔루션,48482,849,5401413,,,,
20260311,009835,한화솔루션우,26283,226,39088,,,,
20260311,009900,명신산업,9960,590,935354,,,,
20260311,009970,영원무역홀딩스,230500,8000,19328,,,,
20260311,010040,한국내화,2045,80,54882,,,,
20260311,010060,OCI홀딩스,146700,5000,127913,,,,
20260311,010100,한국무브넥스,4710,40,287247,,,,
20260311,010120,LS ELECTRIC,144400,-400,513100,,,,
20260311,010130,고려아연,1666000,41000,24546,,,,
20260311,010140,삼성중공업,28800,950,8783284,,,,
20260311,010400,우진아이엔에스,3790,115,17432,,,,
20260311,010580,에스엠벡셀,2060,40,299357,,,,
20260311,010640,진양폴리,2685,-25,57870,,,,
20260311,010660,화천기계,5850,160,270294,,,,
20260311,010690,화신,12510,-230,657310,,,,
20260311,010770,평화홀딩스,3870,90,32374,,,,
20260311,010780,아이에스동서,30850,2150,380212,,,,
20260311,010820,퍼스텍,7670,-380,4493678,,,,
20260311,010950,S-Oil,114600,-3300,1822406,,,,
20260311,010955,S-Oil우,56700,1600,55308,,,,
20260311,010960,삼호개발,3915,110,56043,,,,
20260311,011000,진원생명과학,5350,-145,141762,,,,
20260311,011070,LG이노텍,261000,3000,178492,,,,
20260311,011090,에넥스,2225,0,33309,,,,
20260311,011150,CJ씨푸드,2670,20,220471,,,,
20260311,011155,CJ씨푸드1우,14150,330,150,,,,
20260311,011170,롯데케미칼,76100,2000,213979,,,,
20260311,011200,HMM,21000,100,2900100,,,,
20260311,011210,현대위아,86000,-1800,184473,,,,
20260311,011230,삼화전자,2535,115,48524,,,,
20260311,011280,태림포장,1840,-1,103560,,,,
20260311,011300,우성머티리얼스,3210,0,72118,,,,
20260311,011330,유니켐,8060,1260,1361228,,,,
20260311,011390,부산산업,78800,600,6589,,,,
20260311,011420,갤럭시아에스엠,1735,-28,69101,,,,
20260311,011500,한농화성,22800,-550,435527,,,,
20260311,011690,와이투솔루션,7400,-200,1563786,,,,
20260311,011700,한신기계,4665,165,2686789,,,,
20260311,011760,현대코퍼레이션,25900,500,53414,,,,
20260311,011780,금호석유화학,125300,3500,120036,,,,
20260311,011785,금호석유화학우,60400,1700,6686,,,,
20260311,011790,SKC,96437,2632,242347,,,,
20260311,011810,STX,3530,0,0,,,,
20260311,011930,신성이엔지,24350,2600,3361827,,,,
20260311,012030,DB,1795,-11,1435900,,,,
20260311,0120G0,삼양바이오팜,86600,-2100,69683,,,,
20260311,012160,영흥,2765,50,34627,,,,
20260311,012170,아센디오,1350,49,64391,,,,
20260311,012200,계양전기,7234,331,1790212,,,,
20260311,012205,계양전기우,5762,261,39688,,,,
20260311,012280,영화금속,1041,24,316282,,,,
20260311,012320,경동인베스트,84200,-700,24528,,,,
20260311,012330,현대모비스,423000,0,326398,,,,
20260311,012450,한화에어로스페이스,1410000,-45000,285240,,,,
20260311,012610,경인양행,4150,95,325411,,,,
20260311,012630,HDC,25300,1600,286186,,,,
20260311,012690,모나리자,2110,-100,1593648,,,,
20260311,0126Z0,삼성에피스홀딩스,541000,9000,61211,,,,
20260311,012750,에스원,84200,1900,48955,,,,
20260311,012800,대창,1390,32,872460,,,,
20260311,013000,세우글로벌,1139,12,42816,,,,
20260311,013360,일성건설,1700,9,365560,,,,
20260311,013520,화승코퍼레이션,3100,30,310997,,,,
20260311,013570,디와이,5000,60,77929,,,,
20260311,013580,계룡건설,25800,800,76060,,,,
20260311,013700,까뮤이앤씨,1282,32,134609,,,,
20260311,013870,지엠비코리아,5300,180,44278,,,,
20260311,013890,지누스,11760,140,31640,,,,
20260311,014130,한익스프레스,2675,-35,35710,,,,
20260311,014160,대영포장,1013,6,366753,,,,
20260311,014280,금강공업,5060,60,141410,,,,
20260311,014285,금강공업우,6920,100,902,,,,
20260311,014440,영보화학,4680,-35,74570,,,,
20260311,014530,극동유화,4055,-55,4386368,,,,
20260311,014580,태경비케이,4460,50,262666,,,,
20260311,014680,한솔케미칼,292000,-4500,78919,,,,
20260311,014710,사조씨푸드,7630,130,15491,,,,
20260311,014790,HL D&I,3220,10,68166,,,,
20260311,014820,동원시스템즈,25000,800,54562,,,,
20260311,014825,동원시스템즈우,16270,110,102,,,,
20260311,014830,유니드,81300,-300,96357,,,,
20260311,014910,성문전자,1714,20,295849,,,,
20260311,014915,성문전자우,4565,-20,3176,,,,
20260311,014990,인디에프,4030,0,19057,,,,
20260311,015020,이스타코,938,-12,58282,,,,
20260311,015230,대창단조,6330,80,52480,,,,
20260311,015260,에이엔피,761,-76,4066825,,,,
20260311,015360,INVENI,15220,340,46835,,,,
20260311,015590,DKME,2575,0,0,,,,
20260311,015760,한국전력,47950,350,3092394,,,,
20260311,015860,일진홀딩스,7700,-30,159951,,,,
20260311,015890,태경산업,4780,30,150658,,,,
20260311,016090,대현,1650,16,78191,,,,
20260311,016360,삼성증권,97800,4400,640555,,,,
20260311,016380,KG스틸,5700,120,303781,,,,
20260311,016450,한세예스24홀딩스,4765,30,54528,,,,
20260311,016580,환인제약,10240,120,29384,,,,
20260311,016590,신대양제지,13440,530,36331,,,,
20260311,016610,DB증권,14140,450,174425,,,,
20260311,016710,대성홀딩스,8970,-50,26596,,,,
20260311,016740,두올,4555,285,452281,,,,
20260311,016800,퍼시스,40050,250,187,,,,
20260311,016880,웅진,1971,-39,722073,,,,
20260311,017040,광명전기,1387,67,800559,,,,
20260311,017180,명문제약,1780,79,89486,,,,
20260311,017370,우신시스템,6150,120,48124,,,,
20260311,017390,서울가스,70300,300,44168,,,,
20260311,017550,수산세보틱스,1831,-4,442652,,,,
20260311,017670,SK텔레콤,77900,700,1080443,,,,
20260311,017800,현대엘리베이터,88400,-500,258629,,,,
20260311,017810,풀무원,12110,160,37868,,,,
20260311,017860,DS단석,19530,-520,587398,,,,
20260311,017900,광전자,2060,65,514880,,,,
20260311,017940,E1,97400,4000,24042,,,,
20260311,017960,한국카본,47100,4500,1751125,,,,
20260311,018250,애경산업,14710,-80,83273,,,,
20260311,018260,삼성에스디에스,163500,1000,184512,,,,
20260311,018470,조일알미늄,1211,2,837595,,,,
20260311,018500,동원모빌리티,1521,17,242447,,,,
20260311,018670,SK가스,230500,1000,29665,,,,
20260311,018880,한온시스템,4065,75,14263030,,,,
20260311,019170,신풍제약,10960,30,85423,,,,
20260311,019175,신풍제약우,16540,40,2744,,,,
20260311,019180,티에이치엔,7350,160,172944,,,,
20260311,019490,엑시큐어하이트론,541,0,0,,,,
20260311,019680,대교,1563,72,108541,,,,
20260311,019685,대교우B,1024,3,25586,,,,
20260311,020000,한섬,23900,200,128443,,,,
20260311,020120,키다리스튜디오,3345,-65,122354,,,,
20260311,020150,롯데에너지머티리얼즈,37500,-350,165968,,,,
20260311,020560,아시아나항공,6970,10,89967,,,,
20260311,020760,일진디스플,902,0,0,,,,
20260311,021050,서원,1336,49,933501,,,,
20260311,021240,코웨이,74100,1800,227134,,,,
20260311,021820,세원정공,15920,480,33074,,,,
20260311,022100,포스코DX,32600,-300,549803,,,,
20260311,023000,삼원강재,2305,-15,77592,,,,
20260311,023150,MH에탄올,4200,85,5200,,,,
20260311,023350,한국종합기술,4350,-5,45628,,,,
20260311,023450,동남합성,31150,350,1394,,,,
20260311,023530,롯데쇼핑,98200,4300,97277,,,,
20260311,023590,다우기술,49050,650,90817,,,,
20260311,023800,인지컨트롤스,6650,150,75307,,,,
20260311,023810,인팩,8030,450,42415,,,,
20260311,023960,에쓰씨엔지니어링,1391,-3,136421,,,,
20260311,024070,WISCOM,1895,40,32295,,,,
20260311,024090,디씨엠,11850,50,15473,,,,
20260311,024110,기업은행,23600,500,1163893,,,,
20260311,024720,콜마홀딩스,9280,240,38972,,,,
20260311,024890,대원화성,3880,0,35520,,,,
20260311,024900,디와이덕양,2030,37,152485,,,,
20260311,025000,KPX케미칼,50600,100,7170,,,,
20260311,025530,SJM홀딩스,3570,70,63485,,,,
20260311,025540,한국단자,74800,3600,42764,,,,
20260311,025560,미래산업,2760,42,187325,,,,
20260311,025620,차AI헬스케어,9490,380,14840,,,,
20260311,025750,한솔홈데코,2930,45,34626,,,,
20260311,025820,이구산업,5160,60,282507,,,,
20260311,025860,남해화학,8060,-200,3644437,,,,
20260311,025890,한국주강,1573,13,9198,,,,
20260311,026890,스틱인베스트먼트,10150,20,86957,,,,
20260311,026940,부국철강,1971,28,53091,,,,
20260311,026960,동서,25900,400,73696,,,,
20260311,027410,BGF,4210,95,227855,,,,
20260311,027740,마니커,1642,24,251149,,,,
20260311,027970,한국제지,3810,-10,11303,,,,
20260311,028050,삼성E&A,31800,550,1386665,,,,
20260311,028100,동아지질,16550,520,22038,,,,
20260311,028260,삼성물산,283500,10500,427416,,,,
20260311,02826K,삼성물산우B,177200,3300,6107,,,,
20260311,028670,팬오션,5060,-80,5296255,,,,
20260311,029460,케이씨,32200,850,49572,,,,
20260311,029530,신도리코,55500,2400,19205,,,,
20260311,029780,삼성카드,59500,700,72228,,,,
20260311,030000,제일기획,20500,-100,326616,,,,
20260311,030190,NICE평가정보,17730,600,82777,,,,
20260311,030200,KT,59900,-900,361354,,,,
20260311,030210,다올투자증권,4590,125,396027,,,,
20260311,030610,교보증권,12710,320,176549,,,,
20260311,030720,동원수산,5860,140,11038,,,,
20260311,031210,서울보증보험,57800,300,50687,,,,
20260311,031430,신세계인터내셔날,12300,210,62701,,,,
20260311,031820,아이티센씨티에스,7730,90,217367,,,,
20260311,032350,롯데관광개발,19080,380,664401,,,,
20260311,032560,황금에스티,5880,40,30358,,,,
20260311,032640,LG유플러스,15040,280,837916,,,,
20260311,032830,삼성생명,226500,15000,520055,,,,
20260311,033240,자화전자,44400,700,291602,,,,
20260311,033250,체시스,4945,45,37769,,,,
20260311,033270,유나이티드제약,20150,540,27745,,,,
20260311,033530,SJG세종,8720,90,209157,,,,
20260311,033780,KT&G,154600,0,331171,,,,
20260311,033920,무학,9130,130,54398,,,,
20260311,034020,두산에너빌리티,101000,-1500,6103321,,,,
20260311,034120,SBS,16600,170,28196,,,,
20260311,034220,LG디스플레이,12050,70,4841198,,,,
20260311,034230,파라다이스,17070,830,596693,,,,
20260311,034310,NICE,13950,550,61991,,,,
20260311,034590,인천도시가스,26900,250,5624,,,,
20260311,034730,SK,359500,8500,1048503,,,,
20260311,03473K,SK우,252000,4500,11450,,,,
20260311,034830,한국토지신탁,1435,34,1250528,,,,
20260311,035000,HS애드,8630,180,14588,,,,
20260311,035150,백산,13610,390,53866,,,,
20260311,035250,강원랜드,17980,130,564597,,,,
20260311,035420,NAVER,222000,1500,757145,,,,
20260311,035510,신세계 I&C,16010,450,121198,,,,
20260311,035720,카카오,50900,-900,1975641,,,,
20260311,036420,콘텐트리중앙,6470,50,59755,,,,
20260311,036460,한국가스공사,36150,50,494769,,,,
20260311,036530,SNT홀딩스,58300,1000,22010,,,,
20260311,036570,NC,210000,-9500,142801,,,,
20260311,036580,팜스코,3415,65,126649,,,,
20260311,037270,YG PLUS,6090,-60,603917,,,,
20260311,037560,LG헬로비전,2275,60,110296,,,,
20260311,037710,광주신세계,37400,400,9051,,,,
20260311,039130,하나투어,41600,-300,54567,,,,
20260311,039490,키움증권,450000,23500,143510,,,,
20260311,039570,HDC랩스,8390,190,21850,,,,
20260311,041650,상신브레이크,2585,45,40029,,,,
20260311,042660,한화오션,133600,9200,4435288,,,,
20260311,042700,한미반도체,312500,-11500,1091554,,,,
20260311,044380,주연테크,1785,170,208195,,,,
20260311,044450,KSS해운,10390,0,176917,,,,
20260311,044820,코스맥스비티아이,14050,-160,23820,,,,
20260311,047040,대우건설,9950,480,18985706,,,,
20260311,047050,포스코인터내셔널,76400,600,1630596,,,,
20260311,047400,유니온머티리얼,1475,70,475458,,,,
20260311,047810,한국항공우주,175400,1300,643597,,,,
20260311,049800,우진플라임,2560,0,35758,,,,
20260311,051600,한전KPS,56200,400,126098,,,,
20260311,051630,진양화학,2365,-40,257507,,,,
20260311,051900,LG생활건강,248000,3000,62015,,,,
20260311,051905,LG생활건강우,107700,1900,7104,,,,
20260311,051910,LG화학,315500,4500,217879,,,,
20260311,051915,LG화학우,158800,6200,29310,,,,
20260311,052690,한전기술,157400,-2600,261802,,,,
20260311,053210,스카이라이프,5100,20,59790,,,,
20260311,053690,한미글로벌,19450,350,188744,,,,
20260311,055490,테이팩스,14690,40,21011,,,,
20260311,055550,신한지주,91100,1900,2055895,,,,
20260311,058430,포스코스틸리온,4520,85,269320,,,,
20260311,058650,세아홀딩스,154500,1000,5651,,,,
20260311,058730,다스코,3190,-65,170566,,,,
20260311,058850,KTcs,2600,25,296342,,,,
20260311,058860,KTis,2810,20,218881,,,,
20260311,060980,HL홀딩스,44150,900,34027,,,,
20260311,062040,산일전기,144400,-1600,159584,,,,
20260311,063160,종근당바이오,19500,60,8459,,,,
20260311,064350,현대로템,203000,-4500,936548,,,,
20260311,064400,LG씨엔에스,65800,2300,737094,,,,
20260311,064960,SNT모티브,33400,150,75270,,,,
20260311,066570,LG전자,117900,2000,1047058,,,,
20260311,066575,LG전자우,54800,1800,123451,,,,
20260311,066970,엘앤에프,114100,1000,305065,,,,
20260311,067830,세이브존I&C,2995,165,99435,,,,
20260311,068270,셀트리온,199211,2859,452125,,,,
20260311,068290,삼성출판사,9190,20,8701,,,,
20260311,069260,TKG휴켐스,18410,510,148102,,,,
20260311,069460,대호에이엘,2660,25,307650,,,,
20260311,069620,대웅제약,167900,3500,20487,,,,
20260311,069640,한세엠케이,1170,32,11543,,,,
20260311,069730,DSR제강,4760,-40,110325,,,,
20260311,069960,현대백화점,89500,2300,123882,,,,
20260311,070960,모나용평,3005,0,63879,,,,
20260311,071050,한국금융지주,229500,9500,416417,,,,
20260311,071055,한국금융지주우,168600,6000,27617,,,,
20260311,071090,하이스틸,3605,100,193768,,,,
20260311,071320,지역난방공사,86800,2200,30658,,,,
20260311,071840,롯데하이마트,7830,30,40580,,,,
20260311,071950,코아스,2225,100,201838,,,,
20260311,071970,HD현대마린엔진,81500,4000,262111,,,,
20260311,072130,유엔젤,4910,115,106215,,,,
20260311,072710,농심홀딩스,94400,3200,9967,,,,
20260311,073240,금호타이어,5890,-60,497248,,,,
20260311,074610,이엔플러스,5110,0,0,,,,
20260311,075180,새론오토모티브,3070,5,4941,,,,
20260311,075580,세진중공업,17480,810,350969,,,,
20260311,077500,유니퀘스트,6350,180,137858,,,,
20260311,077970,STX엔진,33950,1500,593218,,,,
20260311,078000,텔코웨어,18060,800,61949,,,,
20260311,078520,에이블씨엔씨,10420,50,115507,,,,
20260311,078930,GS,65200,1200,399477,,,,
20260311,078935,GS우,54700,1200,5419,,,,
20260311,079160,CJ CGV,4880,215,676353,,,,
20260311,079430,현대리바트,7180,190,83198,,,,
20260311,079550,LIG디펜스앤에어로스페이스,742000,-17000,631530,,,,
20260311,079900,전진건설로봇,54800,200,95071,,,,
20260311,079980,휴비스,2530,70,66286,,,,
20260311,081000,일진다이아,14110,250,41845,,,,
20260311,081660,미스토홀딩스,49400,900,127394,,,,
20260311,082640,동양생명,8290,80,567329,,,,
20260311,082740,한화엔진,49400,1150,429238,,,,
20260311,083420,그린케미칼,5540,80,58243,,,,
20260311,084010,대한제강,11270,430,70313,,,,
20260311,084670,동양고속,43600,1450,93267,,,,
20260311,084680,이월드,1616,1,339846,,,,
20260311,084690,대상홀딩스,9590,340,103780,,,,
20260311,084695,대상홀딩스우,14600,650,27462,,,,
20260311,084870,TBH글로벌,1923,-73,39911,,,,
20260311,085310,엔케이,10320,0,237092,,,,
20260311,085620,미래에셋생명,15560,1150,1497623,,,,
20260311,086280,현대글로비스,236500,2000,167976,,,,
20260311,086790,하나금융지주,113400,3500,750295,,,,
20260311,088260,이리츠코크렙,4750,55,87892,,,,
20260311,088350,한화생명,5100,410,22227757,,,,
20260311,088790,진도,2215,15,21291,,,,
20260311,088980,맥쿼리인프라,11300,70,1540602,,,,
20260311,089470,HDC현대EP,5500,140,150618,,,,
20260311,089590,제주항공,5330,60,306547,,,,
20260311,089860,롯데렌탈,32350,0,52651,,,,
20260311,090080,평화산업,915,14,142801,,,,
20260311,090350,노루페인트,8490,250,231002,,,,
20260311,090355,노루페인트우,13070,290,708,,,,
20260311,090370,메타랩스,1403,-42,137124,,,,
20260311,090430,아모레퍼시픽,130900,1700,183659,,,,
20260311,090435,아모레퍼시픽우,45650,200,21617,,,,
20260311,090460,비에이치,17610,860,330494,,,,
20260311,091810,트리니티항공,1114,-21,1339551,,,,
20260311,092200,디아이씨,9340,20,530894,,,,
20260311,092220,KEC,7400,-205,3475741,,,,
20260311,092230,KPX홀딩스,78800,700,1362,,,,
20260311,092440,기신정기,2210,30,26720,,,,
20260311,092780,DYP,4575,115,61914,,,,
20260311,092790,넥스틸,11680,490,331845,,,,
20260311,093050,LF,21100,450,56184,,,,
20260311,093240,형지엘리트,1069,44,1211028,,,,
20260311,093370,후성,7170,-20,413880,,,,
20260311,094280,효성ITX,12200,30,8799,,,,
20260311,094800,맵스리얼티,6910,160,140038,,,,
20260311,095570,AJ네트웍스,5040,40,170946,,,,
20260311,095720,웅진씽크빅,2075,0,51070,,,,
20260311,096760,JW홀딩스,3925,35,101031,,,,
20260311,096770,SK이노베이션,119500,-300,832752,,,,
20260311,096775,SK이노베이션우,73200,-700,5486,,,,
20260311,097230,HJ중공업,24300,1150,1448159,,,,
20260311,097520,엠씨넥스,23450,150,60185,,,,
20260311,097950,CJ제일제당,199100,4300,62439,,,,
20260311,097955,CJ제일제당 우,130900,3900,7465,,,,
20260311,100090,SK오션플랜트,18210,390,316867,,,,
20260311,100220,비상교육,5240,60,27944,,,,
20260311,100250,진양홀딩스,3005,-20,51481,,,,
20260311,100840,SNT에너지,42300,950,182481,,,,
20260311,101140,인바이오젠,9100,640,15603,,,,
20260311,101530,해태제과식품,6520,50,37391,,,,
20260311,102260,동성케미컬,4070,55,99914,,,,
20260311,102460,이연제약,10430,80,37653,,,,
20260311,103140,풍산,106100,-3200,494582,,,,
20260311,103590,일진전기,79900,-1100,280429,,,,
20260311,104700,한국철강,9250,70,15879,,,,
20260311,105560,KB금융,151300,3900,1451829,,,,
20260311,105630,한세실업,12600,60,170938,,,,
20260311,105840,우진,27300,900,2406600,,,,
20260311,107590,미원홀딩스,65600,-100,1102,,,,
20260311,108320,LX세미콘,52100,300,86230,,,,
20260311,108670,LX하우시스,29000,800,17042,,,,
20260311,108675,LX하우시스우,15760,100,4985,,,,
20260311,109070,주성코퍼레이션,850,42,643024,,,,
20260311,111110,호전실업,7540,120,15295,,,,
20260311,111380,동인기연,14140,140,4586,,,,
20260311,111770,영원무역,89200,3000,106018,,,,
20260311,112610,씨에스윈드,51700,600,496847,,,,
20260311,114090,GKL,11910,70,168220,,,,
20260311,117580,대성에너지,11520,-730,6447269,,,,
20260311,118000,메타케어,2390,-40,133059,,,,
20260311,119650,KC코트렐,918,0,0,,,,
20260311,120030,조선선재,102500,600,3079,,,,
20260311,120110,코오롱인더,71900,10100,714591,,,,
20260311,120115,코오롱인더우,28900,2000,37301,,,,
20260311,122900,아이마켓코리아,7560,-10,45117,,,,
20260311,123690,한국화장품,8530,0,114568,,,,
20260311,123700,SJM,3600,60,64388,,,,
20260311,123890,한국자산신탁,2835,50,363969,,,,
20260311,126560,현대퓨처넷,3270,40,161646,,,,
20260311,126720,수산인더스트리,26250,350,67923,,,,
20260311,128820,대성산업,8520,380,1964353,,,,
20260311,128940,한미약품,490000,-21000,142724,,,,
20260311,129260,인터지스,2500,-10,101721,,,,
20260311,130660,한전산업,21350,400,1721798,,,,
20260311,133820,화인베스틸,1326,27,156088,,,,
20260311,134380,미원화학,10830,-40,4450,,,,
20260311,134790,시디즈,19470,20,568,,,,
20260311,136490,선진,10850,140,120953,,,,
20260311,137310,에스디바이오센서,8110,400,187828,,,,
20260311,138040,메리츠금융지주,114900,1900,281702,,,,
20260311,138930,BNK금융지주,19050,720,971226,,,,
20260311,139130,iM금융지주,17280,170,532064,,,,
20260311,139480,이마트,96000,4500,221909,,,,
20260311,139990,아주스틸,2975,10,14110,,,,
20260311,143210,핸즈코퍼레이션,1019,24,745541,,,,
20260311,145210,다이나믹디자인,3000,-140,52358,,,,
20260311,145270,케이탑리츠,896,-3,73245,,,,
20260311,145720,덴티움,54700,1500,72665,,,,
20260311,145990,삼양사,46550,900,11044,,,,
20260311,145995,삼양사우,35350,650,94,,,,
20260311,155660,DSR,4100,105,24536,,,,
20260311,161000,애경케미칼,10190,100,215151,,,,
20260311,161390,한국타이어앤테크놀로지,59000,-100,557098,,,,
20260311,161890,한국콜마,69400,-600,144121,,,,
20260311,163560,동일고무벨트,6750,40,32377,,,,
20260311,170900,동아에스티,45300,-400,37478,,,,
20260311,175330,JB금융지주,31300,700,440702,,,,
20260311,178920,PI첨단소재,19640,200,110849,,,,
20260311,180640,한진칼,120600,-3900,102921,,,,
20260311,18064K,한진칼우,36300,-200,3328,,,,
20260311,181710,NHN,36600,-150,36326,,,,
20260311,183190,아세아시멘트,12050,120,69655,,,,
20260311,185750,종근당,86100,1900,35010,,,,
20260311,192080,더블유게임즈,49700,500,42171,,,,
20260311,192400,쿠쿠홀딩스,28500,750,25130,,,,
20260311,192650,드림텍,6950,200,311066,,,,
20260311,192820,코스맥스,170500,-1500,48028,,,,
20260311,194370,제이에스코퍼레이션,12170,530,86118,,,,
20260311,195870,해성디에스,54400,500,115339,,,,
20260311,200880,서연이화,14560,560,375578,,,,
20260311,204320,HL만도,53500,900,363731,,,,
20260311,207940,삼성바이오로직스,1657000,65000,48088,,,,
20260311,210540,디와이파워,14080,20,85717,,,,
20260311,210980,SK디앤디,12700,-70,107125,,,,
20260311,213500,한솔제지,8370,190,65836,,,,
20260311,214320,이노션,19300,-20,129023,,,,
20260311,214330,금호에이치티,11968,27,60749,,,,
20260311,214390,경보제약,5410,30,14431,,,,
20260311,214420,토니모리,6930,150,174102,,,,
20260311,217590,티엠씨,14020,1130,276080,,,,
20260311,226320,잇츠한불,10200,-10,13061,,,,
20260311,227840,현대코퍼레이션홀딩스,12150,250,34268,,,,
20260311,229640,LS에코에너지,42300,1450,143158,,,,
20260311,234080,JW생명과학,12940,230,34688,,,,
20260311,241560,두산밥캣,60900,1200,341194,,,,
20260311,241590,화승엔터프라이즈,4835,-10,89030,,,,
20260311,244920,에이플러스에셋,12430,-90,26404,,,,
20260311,248070,솔루엠,17900,110,266931,,,,
20260311,248170,샘표식품,28050,150,15051,,,,
20260311,249420,일동제약,31900,550,207790,,,,
20260311,251270,넷마블,52200,-3000,398724,,,,
20260311,259960,크래프톤,227500,-9500,137681,,,,
20260311,264900,크라운제과,8430,-60,13037,,,,
20260311,26490K,크라운제과우,9070,80,1168,,,,
20260311,267250,HD현대,278000,9000,159661,,,,
20260311,267260,HD현대일렉트릭,939000,-2000,123719,,,,
20260311,267270,HD건설기계,128600,-700,359182,,,,
20260311,267290,경동도시가스,21750,50,13676,,,,
20260311,267850,아시아나IDT,10090,40,11645,,,,
20260311,268280,미원에스씨,127400,4000,1663,,,,
20260311,271560,오리온,129000,500,117724,,,,
20260311,271940,일진하이솔루스,16670,-380,124125,,,,
20260311,271980,제일약품,14620,470,30802,,,,
20260311,272210,한화시스템,147700,-8500,2897308,,,,
20260311,272450,진에어,6360,50,124620,,,,
20260311,272550,삼양패키징,11640,230,10177,,,,
20260311,278470,에이피알,319000,17500,453117,,,,
20260311,279570,케이뱅크,7480,-30,20590420,,,,
20260311,280360,롯데웰푸드,115700,2300,10736,,,,
20260311,281820,케이씨텍,44550,-1050,143984,,,,
20260311,282330,BGF리테일,118800,-1700,29608,,,,
20260311,284740,쿠쿠홈시스,24300,100,27561,,,,
20260311,285130,SK케미칼,60000,3100,43103,,,,
20260311,28513K,SK케미칼우,27600,850,6085,,,,
20260311,286940,롯데이노베이트,21650,250,18825,,,,
20260311,293480,하나제약,9480,140,48302,,,,
20260311,293940,신한알파리츠,5700,20,174476,,,,
20260311,294870,IPARK현대산업개발,21650,750,322568,,,,
20260311,298000,효성화학,77800,0,0,,,,
20260311,298020,효성티앤씨,360000,30000,63894,,,,
20260311,298040,효성중공업,2533000,-17000,46726,,,,
20260311,298050,HS효성첨단소재,217500,10500,17121,,,,
20260311,298690,에어부산,1745,10,176529,,,,
20260311,300720,한일시멘트,16700,430,125969,,,,
20260311,302440,SK바이오사이언스,43850,1150,119144,,,,
20260311,306200,세아제강,133400,1000,14476,,,,
20260311,307950,현대오토에버,414000,14500,135021,,,,
20260311,308170,씨티알모빌리티,5040,-50,52469,,,,
20260311,316140,우리금융지주,33350,1250,2417242,,,,
20260311,317400,자이에스앤디,4395,180,119550,,,,
20260311,317450,명인제약,60000,300,34688,,,,
20260311,322000,HD현대에너지솔루션,105000,-3000,903263,,,,
20260311,323410,카카오뱅크,24300,100,807221,,,,
20260311,326030,SK바이오팜,98700,-1200,228407,,,,
20260311,329180,HD현대중공업,590000,7000,256643,,,,
20260311,330590,롯데리츠,4670,-20,345303,,,,
20260311,334890,이지스밸류플러스리츠,4090,-30,154278,,,,
20260311,336260,두산퓨얼셀,41100,-650,916424,,,,
20260311,33626K,두산퓨얼셀1우,7840,50,37399,,,,
20260311,33626L,두산퓨얼셀2우B,9980,330,6203,,,,
20260311,336370,솔루스첨단소재,8290,80,257747,,,,
20260311,33637K,솔루스첨단소재1우,2010,34,21411,,,,
20260311,33637L,솔루스첨단소재2우B,3260,-85,37981,,,,
20260311,338100,NH프라임리츠,4660,70,62890,,,,
20260311,339770,교촌에프앤비,4215,65,100979,,,,
20260311,344820,KCC글라스,26500,600,30239,,,,
20260311,348950,제이알글로벌리츠,1585,-48,2370862,,,,
20260311,350520,이지스레지던스리츠,3755,55,42855,,,,
20260311,352820,하이브,353500,2000,182606,,,,
20260311,353200,대덕전자,62500,-2100,1040581,,,,
20260311,35320K,대덕전자1우,16210,-270,9249,,,,
20260311,357120,코람코라이프인프라리츠,4530,55,154422,,,,
20260311,357250,미래에셋맵스리츠,2415,5,29223,,,,
20260311,357430,마스턴프리미어리츠,1467,4,40154,,,,
20260311,361610,SK아이이테크놀로지,23100,400,122102,,,,
20260311,363280,티와이홀딩스,2780,30,78508,,,,
20260311,36328K,티와이홀딩스우,4010,-50,5695,,,,
20260311,365550,ESR켄달스퀘어리츠,4310,75,473350,,,,
20260311,372910,한컴라이프케어,2515,-55,242895,,,,
20260311,373220,LG에너지솔루션,369500,2500,263280,,,,
20260311,375500,DL이앤씨,48450,1450,393875,,,,
20260311,37550K,DL이앤씨우,24650,1000,7189,,,,
20260311,37550L,DL이앤씨2우(전환),35650,1250,3294,,,,
20260311,377190,디앤디플랫폼리츠,3075,50,144991,,,,
20260311,377300,카카오페이,60300,1100,472122,,,,
20260311,377740,바이오노트,5410,70,92822,,,,
20260311,378850,화승알앤에이,3640,45,111555,,,,
20260311,381970,케이카,14220,-120,84941,,,,
20260311,383220,F&F,64700,4400,168812,,,,
20260311,383800,LX홀딩스,8370,240,169185,,,,
20260311,38380K,LX홀딩스1우,8270,180,2626,,,,
20260311,395400,SK리츠,5740,90,359486,,,,
20260311,396690,미래에셋글로벌리츠,2510,20,38413,,,,
20260311,400760,NH올원리츠,3150,40,140129,,,,
20260311,402340,SK스퀘어,565000,11000,342332,,,,
20260311,403550,쏘카,11160,-10,5537,,,,
20260311,404990,신한서부티엔디리츠,4395,85,159964,,,,
20260311,415640,KB발해인프라,10020,-70,179080,,,,
20260311,417310,코람코더원리츠,9030,-70,155930,,,,
20260311,432320,KB스타리츠,2580,10,749615,,,,
20260311,439260,대한조선,99500,-100,403912,,,,
20260311,443060,HD현대마린솔루션,177800,11400,166817,,,,
20260311,446070,유니드비티플러스,2980,5,26163,,,,
20260311,448730,삼성FN리츠,5360,20,91021,,,,
20260311,450080,에코프로머티,68900,2100,2016909,,,,
20260311,451800,한화리츠,5000,-50,235636,,,,
20260311,452260,한화갤러리아,2850,85,4299331,,,,
20260311,45226K,한화갤러리아우,7950,30,41611,,,,
20260311,453340,현대그린푸드,15950,160,41974,,,,
20260311,454910,두산로보틱스,90700,700,292299,,,,
20260311,456040,OCI,83400,1400,63991,,,,
20260311,457190,이수스페셜티케미컬,97900,-1100,314104,,,,
20260311,460850,동국씨엠,5670,110,91490,,,,
20260311,460860,동국제강,9010,170,294779,,,,
20260311,462520,조선내화,13720,120,5492,,,,
20260311,462870,시프트업,31200,550,79389,,,,
20260311,465770,STX그린로지스,6520,-250,330254,,,,
20260311,475150,SK이터닉스,28750,150,1007464,,,,
20260311,475560,더본코리아,21950,700,22566,,,,
20260311,480370,씨케이솔루션,2780,95,224262,,,,
20260311,481850,신한글로벌액티브리츠,1101,2,57513,,,,
20260311,483650,달바글로벌,148200,-1800,66515,,,,
20260311,484870,엠앤씨솔루션,41700,-733,64815,,,,
20260311,487570,HS효성,56700,900,24249,,,,
20260311,489790,한화비전,77900,-1600,826377,,,,
20260311,499790,GS피앤엘,46250,1750,165065,,,,
20260311,900140,엘브이엠씨홀딩스,1345,8,567188,,,,
20260311,950210,프레스티지바이오파마,9810,-230,81068,,,,
20260312,000020,동화약품,6100,40,49084,,,,
20260312,000040,KR모터스,1850,5,24354,,,,
20260312,000050,경방,9380,-240,82864,,,,
20260312,000070,삼양홀딩스,72300,800,12655,,,,
20260312,000080,하이트진로,17100,270,108185,,,,
20260312,000087,하이트진로2우B,14090,-50,1021,,,,
20260312,000100,유한양행,99900,1400,486079,,,,
20260312,000105,유한양행우,88800,700,1633,,,,
20260312,000120,CJ대한통운,115600,-1300,71226,,,,
20260312,000140,하이트진로홀딩스,9170,40,15696,,,,
20260312,000145,하이트진로홀딩스우,11290,0,9,,,,
20260312,000150,두산,1143000,42000,87648,,,,
20260312,000155,두산우,517000,-2000,16907,,,,
20260312,000157,두산2우B,472500,7000,600,,,,
20260312,000180,성창기업지주,7675,55,31575,,,,
20260312,000210,DL,44750,250,109607,,,,
20260312,000215,DL우,24950,150,6211,,,,
20260312,000220,유유제약,4330,10,32354,,,,
20260312,000225,유유제약1우,4525,-5,2450,,,,
20260312,000227,유유제약2우B,10520,-70,626,,,,
20260312,000230,일동홀딩스,10670,170,16431,,,,
20260312,000240,한국앤컴퍼니,25850,350,128415,,,,
20260312,000270,기아,167000,5000,1348612,,,,
20260312,000300,DH오토넥스,4200,0,0,,,,
20260312,000320,노루홀딩스,23800,650,19638,,,,
20260312,000325,노루홀딩스우,30350,350,324,,,,
20260312,000370,한화손해보험,7050,-60,353499,,,,
20260312,000390,SP삼화,9720,-820,2266286,,,,
20260312,000400,롯데손해보험,2145,50,1005367,,,,
20260312,000430,대원강업,4090,70,78325,,,,
20260312,000480,CR홀딩스,4900,20,17618,,,,
20260312,000490,대동,10290,290,207543,,,,
20260312,000500,가온전선,53901,889,53971,,,,
20260312,000520,삼일제약,9830,40,122946,,,,
20260312,000540,흥국화재,4685,-135,165067,,,,
20260312,000545,흥국화재우,7050,0,5452,,,,
20260312,000590,CS홀딩스,83300,100,113,,,,
20260312,000640,동아쏘시오홀딩스,104300,-1400,27860,,,,
20260312,000650,천일고속,241500,-1500,2536,,,,
20260312,000660,SK하이닉스,930000,-25000,3711742,,,,
20260312,000670,영풍,53200,0,29537,,,,
20260312,000680,LS네트웍스,3120,0,81478,,,,
20260312,000700,유수홀딩스,6450,270,123865,,,,
20260312,000720,현대건설,155700,6900,1490261,,,,
20260312,000725,현대건설우,72800,1100,20421,,,,
20260312,000760,이화산업,15410,150,770,,,,
20260312,000810,삼성화재,490000,-7500,127574,,,,
20260312,000815,삼성화재우,395000,0,13662,,,,
20260312,000850,화천기공,37600,600,4921,,,,
20260312,000860,강남제비스코,15600,200,44703,,,,
20260312,000880,한화,154381,-1200,171431,,,,
20260312,00088K,한화3우B,50190,553,38266,,,,
20260312,000890,보해양조,2250,-20,99732,,,,
20260312,000910,유니온,4405,115,2599293,,,,
20260312,000950,전방,36300,-1200,1354,,,,
20260312,000970,한국주철관,6680,20,21902,,,,
20260312,000990,DB하이텍,85900,900,243918,,,,
20260312,001020,페이퍼코리아,3580,-70,49218,,,,
20260312,001040,CJ,180300,-2200,121862,,,,
20260312,001045,CJ우,87500,-800,4584,,,,
20260312,00104K,CJ4우(전환),158300,-2700,13388,,,,
20260312,001060,JW중외제약,31450,-150,51066,,,,
20260312,001065,JW중외제약우,27700,-50,437,,,,
20260312,001067,JW중외제약2우B,55400,-100,86,,,,
20260312,001070,대한방직,6830,-50,15965,,,,
20260312,001080,만호제강,5000,-360,203135,,,,
20260312,001120,LX인터내셔널,43750,2650,281691,,,,
20260312,001130,대한제분,14680,-80,15550,,,,
20260312,001200,유진투자증권,4915,30,752523,,,,
20260312,001210,금호전기,4045,60,120539,,,,
20260312,001230,동국홀딩스,2265,44,893531,,,,
20260312,001250,GS글로벌,2530,-20,471917,,,,
20260312,001260,남광토건,8880,410,46221,,,,
20260312,001270,부국증권,86800,5600,112233,,,,
20260312,001275,부국증권우,38000,4000,54654,,,,
20260312,001290,상상인증권,1243,-40,1866839,,,,
20260312,001340,PKC,7000,260,466714,,,,
20260312,001360,삼성제약,1841,41,390889,,,,
20260312,001380,SG글로벌,2861,44,92772,,,,
20260312,001390,KG케미칼,5470,270,1052722,,,,
20260312,001420,태원물산,2640,-110,24921,,,,
20260312,001430,세아베스틸지주,71300,1600,256590,,,,
20260312,001440,대한전선,30200,-150,3554482,,,,
20260312,001450,현대해상,29900,-700,563192,,,,
20260312,001460,BYC,47000,1000,2464,,,,
20260312,001465,BYC우,27050,-150,1024,,,,
20260312,001470,삼부토건,347,0,0,,,,
20260312,001500,현대차증권,11270,-50,154513,,,,
20260312,001510,SK증권,3613,-90,12736770,,,,
20260312,001515,SK증권우,6200,-100,11574,,,,
20260312,001520,동양,1678,22,337732,,,,
20260312,001525,동양우,8920,-70,4268,,,,
20260312,001527,동양2우B,17320,-100,133,,,,
20260312,001530,DI동일,22750,200,83083,,,,
20260312,001550,조비,16140,1640,3672035,,,,
20260312,001560,제일연마,11640,980,49891,,,,
20260312,001570,금양,9900,0,0,,,,
20260312,001620,케이비아이동국실업,3135,-385,579472,,,,
20260312,001630,종근당홀딩스,48850,-200,6245,,,,
20260312,001680,대상,20800,100,99797,,,,
20260312,001685,대상우,16930,0,5352,,,,
20260312,001720,신영증권,213500,12500,60847,,,,
20260312,001740,SK네트웍스,5420,110,550109,,,,
20260312,001750,한양증권,26150,1700,45481,,,,
20260312,001755,한양증권우,24850,1500,6354,,,,
20260312,001770,SHD,17340,100,1437,,,,
20260312,001780,알루코,2170,0,530414,,,,
20260312,001790,대한제당,2735,-5,183734,,,,
20260312,001795,대한제당우,2380,5,17334,,,,
20260312,001800,오리온홀딩스,24350,-250,89203,,,,
20260312,001820,삼화콘덴서,51400,1850,302974,,,,
20260312,001940,KISCO홀딩스,24700,350,3339,,,,
20260312,002020,코오롱,57500,-1200,41609,,,,
20260312,002025,코오롱우,27450,0,3183,,,,
20260312,002030,아세아,291500,3500,2246,,,,
20260312,002070,비비안,9792,99,8920,,,,
20260312,002100,경농,9720,30,419413,,,,
20260312,002140,고려산업,2685,50,1183387,,,,
20260312,002150,도화엔지니어링,6230,50,28139,,,,
20260312,002170,SYTS,57600,200,1208,,,,
20260312,002200,한국수출포장,3175,5,107911,,,,
20260312,002210,동성제약,1946,0,0,,,,
20260312,002220,한일철강,3980,-20,50508,,,,
20260312,002240,고려제강,21350,400,21441,,,,
20260312,002310,아세아제지,9290,50,189473,,,,
20260312,002320,한진,19480,60,25260,,,,
20260312,002350,넥센타이어,7350,20,119698,,,,
20260312,002355,넥센타이어1우B,4130,20,25015,,,,
20260312,002360,SH에너지화학,4230,10,588956,,,,
20260312,002380,KCC,539000,-21000,43813,,,,
20260312,002390,한독,10690,40,7106,,,,
20260312,002410,범양건영,1935,0,0,,,,
20260312,002420,세기상사,5610,10,90495,,,,
20260312,002450,삼익악기,1179,16,274867,,,,
20260312,002460,HS화성,12750,320,8736,,,,
20260312,002600,조흥,151600,-5900,223,,,,
20260312,002620,제일파마홀딩스,9090,340,34727,,,,
20260312,002630,오리엔트바이오,1094,-20,514532,,,,
20260312,002690,동일제강,1485,5,27742,,,,
20260312,002700,신일전자,1364,6,337359,,,,
20260312,002710,TCC스틸,13930,170,77009,,,,
20260312,002720,국제약품,4910,5,194368,,,,
20260312,002760,보락,1223,23,234093,,,,
20260312,002780,진흥기업,729,11,313734,,,,
20260312,002785,진흥기업우B,3425,75,13,,,,
20260312,002787,진흥기업2우B,8200,110,244,,,,
20260312,002790,아모레퍼시픽홀딩스,26750,-200,120199,,,,
20260312,002795,아모레퍼시픽홀딩스우,12270,-150,9210,,,,
20260312,00279K,아모레퍼시픽홀딩스3우C,23650,50,4872,,,,
20260312,002810,삼영무역,19020,-130,15056,,,,
20260312,002820,SUN&L,2300,95,55632,,,,
20260312,002840,미원상사,150000,11200,3029,,,,
20260312,002870,신풍,1309,-27,291031,,,,
20260312,002880,디와이에이,951,4,35248,,,,
20260312,002900,TYM,6860,160,237383,,,,
20260312,002920,유성기업,2035,-55,92497,,,,
20260312,002960,한국쉘석유,536000,5000,3143,,,,
20260312,002990,금호건설,4900,90,89962,,,,
20260312,002995,금호건설우,14200,-30,654,,,,
20260312,003000,부광약품,5770,410,2835894,,,,
20260312,003010,혜인,5400,130,56039,,,,
20260312,003030,세아제강지주,146400,5800,36196,,,,
20260312,003060,에이프로젠바이오로직스,280,1,1325262,,,,
20260312,003070,코오롱글로벌,9930,220,26630,,,,
20260312,003075,코오롱글로벌우,15170,70,17,,,,
20260312,003080,SB성보,2660,-20,4038,,,,
20260312,003090,대웅,24150,-550,158762,,,,
20260312,0030R0,대신밸류리츠,4400,-45,19674,,,,
20260312,003120,일성아이에스,24150,700,8660,,,,
20260312,003160,디아이,32000,-650,352758,,,,
20260312,003200,일신방직,12920,-270,36990,,,,
20260312,003220,대원제약,10480,60,17617,,,,
20260312,003230,삼양식품,1075000,-45000,41164,,,,
20260312,003240,태광산업,1165000,-21000,4187,,,,
20260312,003280,흥아해운,2110,-75,21333895,,,,
20260312,003300,한일홀딩스,17540,10,20710,,,,
20260312,003350,한국화장품제조,9670,170,41480,,,,
20260312,003460,유화증권,3735,85,254723,,,,
20260312,003465,유화증권우,3500,10,2904,,,,
20260312,003470,유안타증권,5050,80,460600,,,,
20260312,003475,유안타증권우,4525,35,75182,,,,
20260312,003480,한진중공업홀딩스,4840,95,52461,,,,
20260312,003490,대한항공,24250,-350,2600696,,,,
20260312,003495,대한항공우,23350,0,3786,,,,
20260312,003520,영진약품,1834,7,334205,,,,
20260312,003530,한화투자증권,7400,10,2745994,,,,
20260312,003535,한화투자증권우,8470,-30,18558,,,,
20260312,003540,대신증권,39900,-650,131905,,,,
20260312,003545,대신증권우,26400,50,64557,,,,
20260312,003547,대신증권2우B,25350,150,18207,,,,
20260312,003550,LG,92800,-500,319085,,,,
20260312,003555,LG우,70800,-800,5172,,,,
20260312,003570,SNT다이내믹스,53600,1600,63071,,,,
20260312,003580,HLB글로벌,1966,21,150989,,,,
20260312,003610,방림,5320,140,22751,,,,
20260312,003620,KG모빌리티,3545,10,671163,,,,
20260312,003650,미창석유,119300,-1600,3216,,,,
20260312,003670,포스코퓨처엠,210500,0,177842,,,,
20260312,003680,한성기업,5030,-40,13198,,,,
20260312,003690,코리안리,13710,150,377558,,,,
20260312,003720,삼영,7660,-40,588970,,,,
20260312,003780,진양산업,5640,-360,295222,,,,
20260312,003830,대한화섬,126500,500,1010,,,,
20260312,003850,보령,9450,-30,81444,,,,
20260312,003920,남양유업,51000,2250,11001,,,,
20260312,003925,남양유업우,36000,600,8201,,,,
20260312,003960,사조대림,34800,250,2429,,,,
20260312,004000,롯데정밀화학,52800,1000,133686,,,,
20260312,004020,현대제철,37850,450,1491587,,,,
20260312,004060,SG세계물산,5360,-210,1558437,,,,
20260312,004080,신흥,13750,10,1109,,,,
20260312,004090,한국석유,20200,-50,4454022,,,,
20260312,004100,태양금속,3015,25,543562,,,,
20260312,004105,태양금속우,3890,80,30949,,,,
20260312,004140,동방,2635,50,805507,,,,
20260312,004150,한솔홀딩스,3270,-10,106784,,,,
20260312,004170,신세계,336500,-5500,50606,,,,
20260312,004250,NPC,3800,60,35984,,,,
20260312,004255,NPC우,2415,10,3618,,,,
20260312,004270,남성,6081,95,5022,,,,
20260312,004310,현대약품,9520,30,501202,,,,
20260312,004360,세방,15290,440,35908,,,,
20260312,004365,세방우,9310,40,10899,,,,
20260312,004370,농심,374000,-20000,92878,,,,
20260312,004380,삼익THK,13000,0,0,,,,
20260312,004410,서울식품,2100,-370,16863058,,,,
20260312,004415,서울식품우,11950,-1150,7580,,,,
20260312,004430,송원산업,8760,-40,49339,,,,
20260312,004440,삼일씨엔에스,5820,170,21979,,,,
20260312,004450,삼화왕관,27950,50,342,,,,
20260312,004490,세방전지,61200,-800,44377,,,,
20260312,004540,깨끗한나라,1918,-3,50216,,,,
20260312,004545,깨끗한나라우,10340,-130,750,,,,
20260312,004560,현대비앤지스틸,18310,60,344083,,,,
20260312,004690,삼천리,140700,4200,19806,,,,
20260312,004700,조광피혁,70000,3800,24270,,,,
20260312,004710,한솔테크닉스,5154,-47,212360,,,,
20260312,004720,팜젠사이언스,3835,80,39568,,,,
20260312,004770,써니전자,1602,35,204458,,,,
20260312,004800,효성,138400,-1600,19127,,,,
20260312,004830,덕성,4640,-10,65488,,,,
20260312,004835,덕성우,6000,-80,3472,,,,
20260312,004840,DRB동일,5610,-60,12196,,,,
20260312,004870,티웨이홀딩스,1698,24,53608,,,,
20260312,004890,동일산업,39100,-400,272,,,,
20260312,004910,조광페인트,4825,-20,16175,,,,
20260312,004920,씨아이테크,1075,12,35711,,,,
20260312,004960,한신공영,12860,100,100371,,,,
20260312,004970,신라교역,9480,10,15853,,,,
20260312,004980,성신양회,9510,-50,63530,,,,
20260312,004985,성신양회우,10830,-60,1594,,,,
20260312,004990,롯데지주,30950,50,211028,,,,
20260312,00499K,롯데지주우,30450,250,944,,,,
20260312,005010,휴스틸,4960,350,4639121,,,,
20260312,005030,부산주공,486,0,0,,,,
20260312,005070,코스모신소재,49750,-250,128622,,,,
20260312,005090,SGC에너지,60800,4300,236106,,,,
20260312,005110,한창,1254,0,0,,,,
20260312,005180,빙그레,77100,800,23341,,,,
20260312,005250,녹십자홀딩스,14280,220,86004,,,,
20260312,005257,녹십자홀딩스2우,23900,-100,781,,,,
20260312,005300,롯데칠성,124100,100,32262,,,,
20260312,005305,롯데칠성우,81700,-2500,3596,,,,
20260312,005320,온타이드,1048,0,159872,,,,
20260312,005360,모나미,1760,2,30672,,,,
20260312,005380,현대차,521000,-9000,1146292,,,,
20260312,005385,현대차우,270000,3000,154507,,,,
20260312,005387,현대차2우B,266500,3000,140409,,,,
20260312,005389,현대차3우B,251500,1500,12423,,,,
20260312,005420,코스모화학,15090,310,137652,,,,
20260312,005430,한국공항,59700,200,5747,,,,
20260312,005440,현대지에프홀딩스,14400,250,549649,,,,
20260312,005490,POSCO홀딩스,347500,2500,270855,,,,
20260312,005500,삼진제약,18110,130,34855,,,,
20260312,005610,삼립,51800,1100,3115,,,,
20260312,005680,삼영전자,12170,-30,67223,,,,
20260312,005690,파미셀,15820,-120,635925,,,,
20260312,005720,넥센,6860,-20,25730,,,,
20260312,005725,넥센우,4565,120,29,,,,
20260312,005740,크라운해태홀딩스,6670,20,14658,,,,
20260312,005745,크라운해태홀딩스우,7390,20,1048,,,,
20260312,005750,대림바스,5200,280,118751,,,,
20260312,005800,신영와코루,16600,30,6014,,,,
20260312,005810,풍산홀딩스,38850,200,47945,,,,
20260312,005820,원림,15960,80,716,,,,
20260312,005830,DB손해보험,178000,-5200,259721,,,,
20260312,005850,에스엘,65000,1000,152143,,,,
20260312,005870,휴니드,8430,-270,376419,,,,
20260312,005880,대한해운,2245,50,5699450,,,,
20260312,005930,삼성전자,187900,-2100,20440753,,,,
20260312,005935,삼성전자우,134000,-4900,4550983,,,,
20260312,005940,NH투자증권,32550,-750,1315355,,,,
20260312,005945,NH투자증권우,26200,300,62325,,,,
20260312,005950,이수화학,8090,40,136428,,,,
20260312,005960,동부건설,7620,-70,131436,,,,
20260312,005965,동부건설우,18760,80,1534,,,,
20260312,006040,동원산업,38450,-450,73176,,,,
20260312,006060,화승인더,3370,5,92193,,,,
20260312,006090,사조오양,8200,-80,5650,,,,
20260312,006110,삼아알미늄,31500,1850,191315,,,,
20260312,006120,SK디스커버리,56700,-600,83807,,,,
20260312,006125,SK디스커버리우,40000,-50,2065,,,,
20260312,006200,한국전자홀딩스,3735,-120,63240,,,,
20260312,006220,제주은행,13780,-40,163228,,,,
20260312,006260,LS,253000,500,143067,,,,
20260312,006280,녹십자,149200,-2200,50596,,,,
20260312,006340,대원전선,5870,440,16885610,,,,
20260312,006345,대원전선우,4210,215,158005,,,,
20260312,006360,GS건설,21200,-150,884770,,,,
20260312,006370,대구백화점,4625,60,8673,,,,
20260312,006380,카프로,3660,0,0,,,,
20260312,006400,삼성SDI,400000,0,616460,,,,
20260312,006405,삼성SDI우,228000,500,5359,,,,
20260312,006490,프리티,2290,-85,99815,,,,
20260312,006570,대림통상,2150,135,39906,,,,
20260312,006650,대한유화,132300,-1500,42156,,,,
20260312,006660,삼성공조,12000,100,14961,,,,
20260312,006740,블루산업개발,1303,46,109885,,,,
20260312,006800,미래에셋증권,70096,-995,4113208,,,,
20260312,006805,미래에셋증권우,24491,-197,170488,,,,
20260312,00680K,미래에셋증권2우B,21695,-195,490077,,,,
20260312,006840,AK홀딩스,7940,40,3433,,,,
20260312,006880,신송홀딩스,7060,380,427413,,,,
20260312,006890,태경케미컬,8550,-110,400942,,,,
20260312,006980,우성,20900,-400,5682,,,,
20260312,007070,GS리테일,19070,-270,128350,,,,
20260312,007110,일신석재,1678,39,533838,,,,
20260312,007120,미래아이앤지,1755,332,7551343,,,,
20260312,007160,사조산업,54100,200,3070,,,,
20260312,007210,벽산,1879,14,130237,,,,
20260312,007280,한국특강,2765,34,21577,,,,
20260312,007310,오뚜기,376500,6500,5086,,,,
20260312,007340,DN오토모티브,27650,-350,147478,,,,
20260312,007460,에이프로젠,320,0,4100260,,,,
20260312,007540,샘표,57900,700,12643,,,,
20260312,007570,일양약품,14600,0,0,,,,
20260312,007575,일양약품우,15260,0,0,,,,
20260312,007590,동방아그로,5860,0,3220,,,,
20260312,007610,선도전기,3000,0,0,,,,
20260312,007660,이수페타시스,108800,-1200,497037,,,,
20260312,007690,국도화학,36850,650,12688,,,,
20260312,007700,F&F홀딩스,18460,-30,17927,,,,
20260312,007810,코리아써키트,51700,-1500,150131,,,,
20260312,007815,코리아써우,15390,0,482,,,,
20260312,00781K,코리아써키트2우B,12090,180,956,,,,
20260312,007860,서연,10280,200,89338,,,,
20260312,007980,TP,1934,-6,202996,,,,
20260312,008040,사조동아원,1150,14,824885,,,,
20260312,008060,대덕,12780,310,73288,,,,
20260312,00806K,대덕1우,10750,220,21820,,,,
20260312,008250,이건산업,3865,0,6330,,,,
20260312,008260,NI스틸,3545,40,74653,,,,
20260312,008350,남선알미늄,1317,-10,5143362,,,,
20260312,008355,남선알미우,13290,300,2617,,,,
20260312,008420,문배철강,2180,30,91792,,,,
20260312,008490,서흥,20600,150,6052,,,,
20260312,008600,윌비스,2720,0,0,,,,
20260312,008700,아남전자,1198,8,220181,,,,
20260312,008730,율촌화학,25000,550,39754,,,,
20260312,008770,호텔신라,44150,1050,243021,,,,
20260312,008775,호텔신라우,34000,350,448,,,,
20260312,008870,금비,45250,-50,1425,,,,
20260312,008930,한미사이언스,38100,50,185260,,,,
20260312,008970,KBI동양철관,1742,26,1278701,,,,
20260312,009070,KCTC,6660,210,405040,,,,
20260312,009140,경인전자,21450,50,5179,,,,
20260312,009150,삼성전기,399500,-6500,480216,,,,
20260312,009155,삼성전기우,161000,-3400,25399,,,,
20260312,009160,SIMPAC,5260,180,138411,,,,
20260312,009180,한솔로지스틱스,2985,50,142496,,,,
20260312,009190,대양금속,1207,15,72259,,,,
20260312,009200,무림페이퍼,2000,57,251448,,,,
20260312,009240,한샘,44550,1100,34235,,,,
20260312,009270,신원,1418,15,249776,,,,
20260312,009290,광동제약,9010,-190,599449,,,,
20260312,009310,참엔지니어링,1065,0,0,,,,
20260312,009320,아진전자부품,1009,18,73910,,,,
20260312,009410,태영건설,1741,-34,294353,,,,
20260312,009415,태영건설우,6130,-70,816,,,,
20260312,009420,한올바이오파마,55900,-1500,354393,,,,
20260312,009440,KC그린홀딩스,756,0,0,,,,
20260312,009450,경동나비엔,61600,300,16301,,,,
20260312,009460,한창제지,2500,45,35534,,,,
20260312,009470,삼화전기,40200,-100,84461,,,,
20260312,009540,HD한국조선해양,425000,5000,229434,,,,
20260312,009580,무림P&P,2430,10,30053,,,,
20260312,009680,모토닉,11190,-70,66732,,,,
20260312,009770,삼정펄프,32700,50,646,,,,
20260312,009810,MDS스피어,2077,4,24089,,,,
20260312,009830,한화솔루션,49991,1509,6683912,,,,
20260312,009835,한화솔루션우,27141,858,40450,,,,
20260312,009900,명신산업,10860,900,1622108,,,,
20260312,009970,영원무역홀딩스,238000,7500,15990,,,,
20260312,010040,한국내화,2060,15,31335,,,,
20260312,010060,OCI홀딩스,165800,19100,635702,,,,
20260312,010100,한국무브넥스,4725,15,153985,,,,
20260312,010120,LS ELECTRIC,148000,3600,529550,,,,
20260312,010130,고려아연,1674000,8000,20975,,,,
20260312,010140,삼성중공업,30850,2050,16051728,,,,
20260312,010400,우진아이엔에스,3800,10,19241,,,,
20260312,010580,에스엠벡셀,2025,-35,120804,,,,
20260312,010640,진양폴리,2640,-45,68627,,,,
20260312,010660,화천기계,5980,130,225200,,,,
20260312,010690,화신,12730,220,404673,,,,
20260312,010770,평화홀딩스,3890,20,41655,,,,
20260312,010780,아이에스동서,33200,2350,291626,,,,
20260312,010820,퍼스텍,7320,-350,3535687,,,,
20260312,010950,S-Oil,118000,3400,1155363,,,,
20260312,010955,S-Oil우,57200,500,26752,,,,
20260312,010960,삼호개발,3920,5,31791,,,,
20260312,011000,진원생명과학,5410,60,95087,,,,
20260312,011070,LG이노텍,254000,-7000,168505,,,,
20260312,011090,에넥스,2240,15,16481,,,,
20260312,011150,CJ씨푸드,2685,15,133647,,,,
20260312,011155,CJ씨푸드1우,14190,40,22,,,,
20260312,011170,롯데케미칼,74000,-2100,246423,,,,
20260312,011200,HMM,21650,650,2458718,,,,
20260312,011210,현대위아,85500,-500,118461,,,,
20260312,011230,삼화전자,2605,70,261166,,,,
20260312,011280,태림포장,1879,39,49209,,,,
20260312,011300,우성머티리얼스,3310,100,113788,,,,
20260312,011330,유니켐,7570,-490,505419,,,,
20260312,011390,부산산업,78900,100,3473,,,,
20260312,011420,갤럭시아에스엠,1768,33,41309,,,,
20260312,011500,한농화성,22850,50,186729,,,,
20260312,011690,와이투솔루션,7140,-260,873816,,,,
20260312,011700,한신기계,4730,65,1169245,,,,
20260312,011760,현대코퍼레이션,26300,400,47137,,,,
20260312,011780,금호석유화학,120000,-5300,172713,,,,
20260312,011785,금호석유화학우,59600,-800,6363,,,,
20260312,011790,SKC,94557,-1880,254507,,,,
20260312,011810,STX,3530,0,0,,,,
20260312,011930,신성이엔지,24500,150,1911720,,,,
20260312,012030,DB,1824,29,703511,,,,
20260312,0120G0,삼양바이오팜,90900,4300,68092,,,,
20260312,012160,영흥,2755,-10,19348,,,,
20260312,012170,아센디오,1322,-28,27053,,,,
20260312,012200,계양전기,7252,18,546191,,,,
20260312,012205,계양전기우,5704,-58,18409,,,,
20260312,012280,영화금속,1049,8,271638,,,,
20260312,012320,경동인베스트,85600,1400,11874,,,,
20260312,012330,현대모비스,414500,-8500,389077,,,,
20260312,012450,한화에어로스페이스,1465000,55000,261688,,,,
20260312,012610,경인양행,4200,50,225708,,,,
20260312,012630,HDC,24450,-850,119142,,,,
20260312,012690,모나리자,2080,-30,273307,,,,
20260312,0126Z0,삼성에피스홀딩스,542000,1000,121190,,,,
20260312,012750,에스원,83600,-600,193894,,,,
20260312,012800,대창,1365,-25,726719,,,,
20260312,013000,세우글로벌,1145,6,36690,,,,
20260312,013360,일성건설,1727,27,205037,,,,
20260312,013520,화승코퍼레이션,3000,-100,306390,,,,
20260312,013570,디와이,4930,-70,92391,,,,
20260312,013580,계룡건설,25500,-300,54794,,,,
20260312,013700,까뮤이앤씨,1277,-5,25091,,,,
20260312,013870,지엠비코리아,5330,30,25600,,,,
20260312,013890,지누스,12290,530,53611,,,,
20260312,014130,한익스프레스,2660,-15,26569,,,,
20260312,014160,대영포장,1016,3,138237,,,,
20260312,014280,금강공업,5090,30,107521,,,,
20260312,014285,금강공업우,6990,70,1309,,,,
20260312,014440,영보화학,4740,60,13818,,,,
20260312,014530,극동유화,4065,10,4329518,,,,
20260312,014580,태경비케이,4545,85,106755,,,,
20260312,014680,한솔케미칼,284000,-8000,68917,,,,
20260312,014710,사조씨푸드,7630,0,14080,,,,
20260312,014790,HL D&I,3240,20,91415,,,,
20260312,014820,동원시스템즈,25550,550,90524,,,,
20260312,014825,동원시스템즈우,16560,290,163,,,,
20260312,014830,유니드,85500,4200,73978,,,,
20260312,014910,성문전자,1745,31,241024,,,,
20260312,014915,성문전자우,4430,-135,2224,,,,
20260312,014990,인디에프,4015,-15,21103,,,,
20260312,015020,이스타코,942,4,72573,,,,
20260312,015230,대창단조,6380,50,42252,,,,
20260312,015260,에이엔피,766,5,2540831,,,,
20260312,015360,INVENI,15360,140,16410,,,,
20260312,015590,DKME,2575,0,0,,,,
20260312,015760,한국전력,47600,-350,1798205,,,,
20260312,015860,일진홀딩스,7690,-10,77417,,,,
20260312,015890,태경산업,4775,-5,63777,,,,
20260312,016090,대현,1657,7,58835,,,,
20260312,016360,삼성증권,96000,-1800,526660,,,,
20260312,016380,KG스틸,5740,40,186416,,,,
20260312,016450,한세예스24홀딩스,4890,125,60609,,,,
20260312,016580,환인제약,10280,40,13664,,,,
20260312,016590,신대양제지,13510,70,21752,,,,
20260312,016610,DB증권,14260,120,122602,,,,
20260312,016710,대성홀딩스,8950,-20,28569,,,,
20260312,016740,두올,4560,5,93619,,,,
20260312,016800,퍼시스,38650,-1400,2834,,,,
20260312,016880,웅진,2185,214,1881675,,,,
20260312,017040,광명전기,1416,29,369260,,,,
20260312,017180,명문제약,1799,19,33783,,,,
20260312,017370,우신시스템,6340,190,36865,,,,
20260312,017390,서울가스,70000,-300,39038,,,,
20260312,017550,수산세보틱스,1898,67,346708,,,,
20260312,017670,SK텔레콤,76200,-1700,622743,,,,
20260312,017800,현대엘리베이터,88100,-300,182092,,,,
20260312,017810,풀무원,12060,-50,27365,,,,
20260312,017860,DS단석,21100,1570,1382369,,,,
20260312,017900,광전자,2060,0,112792,,,,
20260312,017940,E1,97500,100,16827,,,,
20260312,017960,한국카본,47800,700,1016605,,,,
20260312,018250,애경산업,14550,-160,26384,,,,
20260312,018260,삼성에스디에스,162000,-1500,312158,,,,
20260312,018470,조일알미늄,1226,15,1875243,,,,
20260312,018500,동원모빌리티,1624,103,742558,,,,
20260312,018670,SK가스,235000,4500,31449,,,,
20260312,018880,한온시스템,4135,70,8376774,,,,
20260312,019170,신풍제약,10980,20,47136,,,,
20260312,019175,신풍제약우,16620,80,453,,,,
20260312,019180,티에이치엔,8030,680,562990,,,,
20260312,019490,엑시큐어하이트론,541,0,0,,,,
20260312,019680,대교,1565,2,50561,,,,
20260312,019685,대교우B,1022,-2,6905,,,,
20260312,020000,한섬,24150,250,81926,,,,
20260312,020120,키다리스튜디오,3395,50,53850,,,,
20260312,020150,롯데에너지머티리얼즈,38500,1000,135973,,,,
20260312,020560,아시아나항공,6980,10,66948,,,,
20260312,020760,일진디스플,902,0,0,,,,
20260312,021050,서원,1318,-18,523974,,,,
20260312,021240,코웨이,74200,100,404848,,,,
20260312,021820,세원정공,16940,1020,33191,,,,
20260312,022100,포스코DX,32050,-550,1264448,,,,
20260312,023000,삼원강재,2325,20,31520,,,,
20260312,023150,MH에탄올,4215,15,8091,,,,
20260312,023350,한국종합기술,4430,80,25533,,,,
20260312,023450,동남합성,30500,-650,837,,,,
20260312,023530,롯데쇼핑,97200,-1000,134273,,,,
20260312,023590,다우기술,48850,-200,58305,,,,
20260312,023800,인지컨트롤스,6740,90,82269,,,,
20260312,023810,인팩,8180,150,14258,,,,
20260312,023960,에쓰씨엔지니어링,1398,7,69494,,,,
20260312,024070,WISCOM,1900,5,27208,,,,
20260312,024090,디씨엠,12100,250,3779,,,,
20260312,024110,기업은행,23450,-150,1121099,,,,
20260312,024720,콜마홀딩스,9310,30,38048,,,,
20260312,024890,대원화성,3890,10,12578,,,,
20260312,024900,디와이덕양,2025,-5,76058,,,,
20260312,025000,KPX케미칼,51600,1000,1904,,,,
20260312,025530,SJM홀딩스,3590,20,11066,,,,
20260312,025540,한국단자,75300,500,23087,,,,
20260312,025560,미래산업,2742,-18,256445,,,,
20260312,025620,차AI헬스케어,9440,-50,11205,,,,
20260312,025750,한솔홈데코,2935,5,23170,,,,
20260312,025820,이구산업,5160,0,237618,,,,
20260312,025860,남해화학,8730,670,11141926,,,,
20260312,025890,한국주강,1589,16,23987,,,,
20260312,026890,스틱인베스트먼트,10180,30,49622,,,,
20260312,026940,부국철강,1965,-6,26835,,,,
20260312,026960,동서,26300,400,100647,,,,
20260312,027410,BGF,4185,-25,117083,,,,
20260312,027740,마니커,1672,30,161960,,,,
20260312,027970,한국제지,3845,35,6004,,,,
20260312,028050,삼성E&A,31850,50,1227368,,,,
20260312,028100,동아지질,16690,140,11960,,,,
20260312,028260,삼성물산,280500,-3000,271092,,,,
20260312,02826K,삼성물산우B,178400,1200,3994,,,,
20260312,028670,팬오션,5250,190,3880413,,,,
20260312,029460,케이씨,32600,400,52694,,,,
20260312,029530,신도리코,55600,100,15455,,,,
20260312,029780,삼성카드,60700,1200,111832,,,,
20260312,030000,제일기획,20800,300,669159,,,,
20260312,030190,NICE평가정보,17640,-90,79047,,,,
20260312,030200,KT,61500,1600,427371,,,,
20260312,030210,다올투자증권,4640,50,141416,,,,
20260312,030610,교보증권,12740,30,102549,,,,
20260312,030720,동원수산,5880,20,13193,,,,
20260312,031210,서울보증보험,56700,-1100,63144,,,,
20260312,031430,신세계인터내셔날,12740,440,103952,,,,
20260312,031820,아이티센씨티에스,7890,160,101502,,,,
20260312,032350,롯데관광개발,19530,450,406938,,,,
20260312,032560,황금에스티,6050,170,36101,,,,
20260312,032640,LG유플러스,15260,220,1400020,,,,
20260312,032830,삼성생명,218500,-8000,526197,,,,
20260312,033240,자화전자,42150,-2250,265298,,,,
20260312,033250,체시스,4940,-5,31969,,,,
20260312,033270,유나이티드제약,20300,150,12208,,,,
20260312,033530,SJG세종,8610,-110,137204,,,,
20260312,033780,KT&G,155600,1000,232965,,,,
20260312,033920,무학,9190,60,31449,,,,
20260312,034020,두산에너빌리티,103500,2500,4875165,,,,
20260312,034120,SBS,16680,80,5698,,,,
20260312,034220,LG디스플레이,11860,-190,3646055,,,,
20260312,034230,파라다이스,17020,-50,251113,,,,
20260312,034310,NICE,14000,50,54097,,,,
20260312,034590,인천도시가스,27050,150,1543,,,,
20260312,034730,SK,336000,-23500,430510,,,,
20260312,03473K,SK우,242500,-9500,3384,,,,
20260312,034830,한국토지신탁,1472,37,1104151,,,,
20260312,035000,HS애드,8700,70,9777,,,,
20260312,035150,백산,13630,20,29307,,,,
20260312,035250,강원랜드,18280,300,854136,,,,
20260312,035420,NAVER,222000,0,700973,,,,
20260312,035510,신세계 I&C,16100,90,55200,,,,
20260312,035720,카카오,50400,-500,1596311,,,,
20260312,036420,콘텐트리중앙,6610,140,43080,,,,
20260312,036460,한국가스공사,36100,-50,437990,,,,
20260312,036530,SNT홀딩스,58600,300,16892,,,,
20260312,036570,NC,212000,2000,143984,,,,
20260312,036580,팜스코,3275,-140,69835,,,,
20260312,037270,YG PLUS,6070,-20,337563,,,,
20260312,037560,LG헬로비전,2275,0,64990,,,,
20260312,037710,광주신세계,38450,1050,31547,,,,
20260312,039130,하나투어,41950,350,55906,,,,
20260312,039490,키움증권,450000,0,108296,,,,
20260312,039570,HDC랩스,8470,80,22887,,,,
20260312,041650,상신브레이크,2590,5,16112,,,,
20260312,042660,한화오션,136700,3100,1942228,,,,
20260312,042700,한미반도체,317000,4500,790870,,,,
20260312,044380,주연테크,1800,15,24688,,,,
20260312,044450,KSS해운,10670,280,204181,,,,
20260312,044820,코스맥스비티아이,14150,100,12568,,,,
20260312,047040,대우건설,10460,510,23886371,,,,
20260312,047050,포스코인터내셔널,79500,3100,2166102,,,,
20260312,047400,유니온머티리얼,1646,171,14406618,,,,
20260312,047810,한국항공우주,179800,4400,558992,,,,
20260312,049800,우진플라임,2530,-30,11086,,,,
20260312,051600,한전KPS,60300,4100,321209,,,,
20260312,051630,진양화학,2260,-105,205411,,,,
20260312,051900,LG생활건강,251500,3500,81284,,,,
20260312,051905,LG생활건강우,106600,-1100,7582,,,,
20260312,051910,LG화학,306000,-9500,308065,,,,
20260312,051915,LG화학우,153500,-5300,34813,,,,
20260312,052690,한전기술,167000,9600,414638,,,,
20260312,053210,스카이라이프,5120,20,48955,,,,
20260312,053690,한미글로벌,19600,150,85233,,,,
20260312,055490,테이팩스,14700,10,7284,,,,
20260312,055550,신한지주,91900,800,1757642,,,,
20260312,058430,포스코스틸리온,4600,80,236970,,,,
20260312,058650,세아홀딩스,153300,-1200,2850,,,,
20260312,058730,다스코,3400,210,348349,,,,
20260312,058850,KTcs,2620,20,248743,,,,
20260312,058860,KTis,2825,15,94742,,,,
20260312,060980,HL홀딩스,44250,100,19827,,,,
20260312,062040,산일전기,143400,-1000,154671,,,,
20260312,063160,종근당바이오,19510,10,5650,,,,
20260312,064350,현대로템,206000,3000,640766,,,,
20260312,064400,LG씨엔에스,68200,2400,1041021,,,,
20260312,064960,SNT모티브,33300,-100,87188,,,,
20260312,066570,LG전자,114000,-3900,956070,,,,
20260312,066575,LG전자우,53300,-1500,97036,,,,
20260312,066970,엘앤에프,111800,-2300,606189,,,,
20260312,067830,세이브존I&C,2965,-30,45902,,,,
20260312,068270,셀트리온,196352,-2859,525822,,,,
20260312,068290,삼성출판사,9250,60,4891,,,,
20260312,069260,TKG휴켐스,18990,580,78835,,,,
20260312,069460,대호에이엘,2750,90,217631,,,,
20260312,069620,대웅제약,166700,-1200,25958,,,,
20260312,069640,한세엠케이,1188,18,7640,,,,
20260312,069730,DSR제강,4785,25,98206,,,,
20260312,069960,현대백화점,86500,-3000,129032,,,,
20260312,070960,모나용평,3010,5,29576,,,,
20260312,071050,한국금융지주,227000,-2500,302129,,,,
20260312,071055,한국금융지주우,165800,-2800,30115,,,,
20260312,071090,하이스틸,3620,15,219867,,,,
20260312,071320,지역난방공사,88000,1200,29195,,,,
20260312,071840,롯데하이마트,7830,0,17260,,,,
20260312,071950,코아스,2350,125,120429,,,,
20260312,071970,HD현대마린엔진,83500,2000,218617,,,,
20260312,072130,유엔젤,5210,300,2113857,,,,
20260312,072710,농심홀딩스,94400,0,9170,,,,
20260312,073240,금호타이어,5890,0,745526,,,,
20260312,074610,이엔플러스,5110,0,0,,,,
20260312,075180,새론오토모티브,3080,10,4341,,,,
20260312,075580,세진중공업,17770,290,273489,,,,
20260312,077500,유니퀘스트,6220,-130,123839,,,,
20260312,077970,STX엔진,34300,350,187012,,,,
20260312,078000,텔코웨어,19510,1450,113199,,,,
20260312,078520,에이블씨엔씨,10900,480,117166,,,,
20260312,078930,GS,66300,1100,287273,,,,
20260312,078935,GS우,54800,100,1321,,,,
20260312,079160,CJ CGV,4930,50,392124,,,,
20260312,079430,현대리바트,7240,60,42874,,,,
20260312,079550,LIG디펜스앤에어로스페이스,755000,13000,421549,,,,
20260312,079900,전진건설로봇,56400,1600,73789,,,,
20260312,079980,휴비스,2525,-5,34442,,,,
20260312,081000,일진다이아,14550,440,46350,,,,
20260312,081660,미스토홀딩스,48350,-1050,217772,,,,
20260312,082640,동양생명,8050,-240,282575,,,,
20260312,082740,한화엔진,50500,1100,366433,,,,
20260312,083420,그린케미칼,5630,90,35385,,,,
20260312,084010,대한제강,11760,490,95446,,,,
20260312,084670,동양고속,42800,-800,36353,,,,
20260312,084680,이월드,1609,-7,181193,,,,
20260312,084690,대상홀딩스,9500,-90,52646,,,,
20260312,084695,대상홀딩스우,14400,-200,16141,,,,
20260312,084870,TBH글로벌,1910,-13,53410,,,,
20260312,085310,엔케이,10580,260,53599,,,,
20260312,085620,미래에셋생명,14020,-1540,742219,,,,
20260312,086280,현대글로비스,231000,-5500,170513,,,,
20260312,086790,하나금융지주,112500,-900,737121,,,,
20260312,088260,이리츠코크렙,4790,40,60826,,,,
20260312,088350,한화생명,4910,-190,9983746,,,,
20260312,088790,진도,2260,45,30710,,,,
20260312,088980,맥쿼리인프라,11370,70,1281048,,,,
20260312,089470,HDC현대EP,5480,-20,47395,,,,
20260312,089590,제주항공,5350,20,152768,,,,
20260312,089860,롯데렌탈,32400,50,31465,,,,
20260312,090080,평화산업,930,15,106433,,,,
20260312,090350,노루페인트,8540,50,67017,,,,
20260312,090355,노루페인트우,13410,340,529,,,,
20260312,090370,메타랩스,1399,-4,58262,,,,
20260312,090430,아모레퍼시픽,130400,-500,251788,,,,
20260312,090435,아모레퍼시픽우,47200,1550,16827,,,,
20260312,090460,비에이치,17580,-30,284644,,,,
20260312,091810,트리니티항공,1127,13,811750,,,,
20260312,092200,디아이씨,9280,-60,312491,,,,
20260312,092220,KEC,6975,-425,1256486,,,,
20260312,092230,KPX홀딩스,78500,-300,3781,,,,
20260312,092440,기신정기,2230,20,18634,,,,
20260312,092780,DYP,4485,-90,43267,,,,
20260312,092790,넥스틸,12150,470,468004,,,,
20260312,093050,LF,21600,500,64500,,,,
20260312,093240,형지엘리트,1049,-20,537779,,,,
20260312,093370,후성,7130,-40,347247,,,,
20260312,094280,효성ITX,12300,100,5495,,,,
20260312,094800,맵스리얼티,7190,280,220375,,,,
20260312,095570,AJ네트웍스,5090,50,83035,,,,
20260312,095720,웅진씽크빅,2376,301,1127162,,,,
20260312,096760,JW홀딩스,4085,160,124888,,,,
20260312,096770,SK이노베이션,121700,2200,1529015,,,,
20260312,096775,SK이노베이션우,74300,1100,3046,,,,
20260312,097230,HJ중공업,25900,1600,3896516,,,,
20260312,097520,엠씨넥스,24050,600,111970,,,,
20260312,097950,CJ제일제당,201500,2400,48437,,,,
20260312,097955,CJ제일제당 우,130400,-500,5436,,,,
20260312,100090,SK오션플랜트,19560,1350,632408,,,,
20260312,100220,비상교육,5210,-30,7375,,,,
20260312,100250,진양홀딩스,3025,20,25291,,,,
20260312,100840,SNT에너지,44400,2100,324434,,,,
20260312,101140,인바이오젠,9430,330,5272,,,,
20260312,101530,해태제과식품,6520,0,14066,,,,
20260312,102260,동성케미컬,4120,50,58056,,,,
20260312,102460,이연제약,10400,-30,17608,,,,
20260312,103140,풍산,104600,-1500,338857,,,,
20260312,103590,일진전기,80500,600,128529,,,,
20260312,104700,한국철강,9500,250,40924,,,,
20260312,105560,KB금융,149200,-2100,803427,,,,
20260312,105630,한세실업,12700,100,36607,,,,
20260312,105840,우진,27050,-250,783799,,,,
20260312,107590,미원홀딩스,65900,300,307,,,,
20260312,108320,LX세미콘,51800,-300,59319,,,,
20260312,108670,LX하우시스,28850,-150,19108,,,,
20260312,108675,LX하우시스우,15820,60,3131,,,,
20260312,109070,주성코퍼레이션,889,39,1438403,,,,
20260312,111110,호전실업,7600,60,22852,,,,
20260312,111380,동인기연,14360,220,9308,,,,
20260312,111770,영원무역,89100,-100,177567,,,,
20260312,112610,씨에스윈드,56000,4300,1071859,,,,
20260312,114090,GKL,12140,230,176495,,,,
20260312,117580,대성에너지,11350,-170,4917433,,,,
20260312,118000,메타케어,2350,-40,159572,,,,
20260312,119650,KC코트렐,918,0,0,,,,
20260312,120030,조선선재,103500,1000,2445,,,,
20260312,120110,코오롱인더,72500,600,556548,,,,
20260312,120115,코오롱인더우,28250,-650,20536,,,,
20260312,122900,아이마켓코리아,7670,110,49678,,,,
20260312,123690,한국화장품,8580,50,57242,,,,
20260312,123700,SJM,3595,-5,10518,,,,
20260312,123890,한국자산신탁,2880,45,289223,,,,
20260312,126560,현대퓨처넷,3260,-10,138729,,,,
20260312,126720,수산인더스트리,28850,2600,166670,,,,
20260312,128820,대성산업,8340,-180,1250306,,,,
20260312,128940,한미약품,488000,-2000,209613,,,,
20260312,129260,인터지스,2505,5,38337,,,,
20260312,130660,한전산업,21550,200,1091131,,,,
20260312,133820,화인베스틸,1357,31,105001,,,,
20260312,134380,미원화학,10970,140,2480,,,,
20260312,134790,시디즈,19560,90,533,,,,
20260312,136490,선진,10440,-410,139689,,,,
20260312,137310,에스디바이오센서,8520,410,144479,,,,
20260312,138040,메리츠금융지주,112900,-2000,234448,,,,
20260312,138930,BNK금융지주,18650,-400,776727,,,,
20260312,139130,iM금융지주,16860,-420,611235,,,,
20260312,139480,이마트,93800,-2200,303006,,,,
20260312,139990,아주스틸,3020,45,55006,,,,
20260312,143210,핸즈코퍼레이션,1027,8,25341,,,,
20260312,145210,다이나믹디자인,2640,-360,175400,,,,
20260312,145270,케이탑리츠,898,2,37358,,,,
20260312,145720,덴티움,54500,-200,36547,,,,
20260312,145990,삼양사,47250,700,7722,,,,
20260312,145995,삼양사우,35450,100,141,,,,
20260312,155660,DSR,4115,15,46691,,,,
20260312,161000,애경케미칼,10270,80,86978,,,,
20260312,161390,한국타이어앤테크놀로지,57600,-1400,364848,,,,
20260312,161890,한국콜마,71700,2300,166611,,,,
20260312,163560,동일고무벨트,6780,30,13836,,,,
20260312,170900,동아에스티,43900,-1400,50772,,,,
20260312,175330,JB금융지주,31200,-100,496344,,,,
20260312,178920,PI첨단소재,19800,160,111398,,,,
20260312,180640,한진칼,123000,2400,90402,,,,
20260312,18064K,한진칼우,36200,-100,1615,,,,
20260312,181710,NHN,38700,2100,108129,,,,
20260312,183190,아세아시멘트,12040,-10,52605,,,,
20260312,185750,종근당,85800,-300,25134,,,,
20260312,192080,더블유게임즈,50200,500,39831,,,,
20260312,192400,쿠쿠홀딩스,28500,0,23174,,,,
20260312,192650,드림텍,6880,-70,221452,,,,
20260312,192820,코스맥스,174300,3800,67876,,,,
20260312,194370,제이에스코퍼레이션,12360,190,85565,,,,
20260312,195870,해성디에스,54300,-100,142980,,,,
20260312,200880,서연이화,15100,540,190983,,,,
20260312,204320,HL만도,54900,1400,313342,,,,
20260312,207940,삼성바이오로직스,1625000,-32000,63692,,,,
20260312,210540,디와이파워,14040,-40,52620,,,,
20260312,210980,SK디앤디,13030,330,87874,,,,
20260312,213500,한솔제지,8300,-70,42693,,,,
20260312,214320,이노션,19550,250,69686,,,,
20260312,214330,금호에이치티,12431,463,27243,,,,
20260312,214390,경보제약,5520,110,9014,,,,
20260312,214420,토니모리,6930,0,117006,,,,
20260312,217590,티엠씨,16540,2520,1248552,,,,
20260312,226320,잇츠한불,10210,10,10084,,,,
20260312,227840,현대코퍼레이션홀딩스,11880,-270,51335,,,,
20260312,229640,LS에코에너지,47500,5200,613582,,,,
20260312,234080,JW생명과학,13220,280,61115,,,,
20260312,241560,두산밥캣,60700,-200,277496,,,,
20260312,241590,화승엔터프라이즈,4805,-30,59838,,,,
20260312,244920,에이플러스에셋,11870,-560,60428,,,,
20260312,248070,솔루엠,17450,-450,179261,,,,
20260312,248170,샘표식품,28250,200,10707,,,,
20260312,249420,일동제약,32350,450,153145,,,,
20260312,251270,넷마블,52900,700,597296,,,,
20260312,259960,크래프톤,226000,-1500,134384,,,,
20260312,264900,크라운제과,8440,10,6446,,,,
20260312,26490K,크라운제과우,9090,20,5855,,,,
20260312,267250,HD현대,276500,-1500,125798,,,,
20260312,267260,HD현대일렉트릭,944000,5000,106954,,,,
20260312,267270,HD건설기계,129000,400,337465,,,,
20260312,267290,경동도시가스,22050,300,5487,,,,
20260312,267850,아시아나IDT,10090,0,6192,,,,
20260312,268280,미원에스씨,125200,-2200,2252,,,,
20260312,271560,오리온,130100,1100,215398,,,,
20260312,271940,일진하이솔루스,18090,1420,160598,,,,
20260312,271980,제일약품,14560,-60,23243,,,,
20260312,272210,한화시스템,152300,4600,2373213,,,,
20260312,272450,진에어,6420,60,56117,,,,
20260312,272550,삼양패키징,11620,-20,11782,,,,
20260312,278470,에이피알,322500,3500,180966,,,,
20260312,279570,케이뱅크,7260,-220,9574246,,,,
20260312,280360,롯데웰푸드,114500,-1200,14863,,,,
20260312,281820,케이씨텍,44350,-200,77435,,,,
20260312,282330,BGF리테일,117600,-1200,54778,,,,
20260312,284740,쿠쿠홈시스,24500,200,35865,,,,
20260312,285130,SK케미칼,58900,-1100,42657,,,,
20260312,28513K,SK케미칼우,27550,-50,6212,,,,
20260312,286940,롯데이노베이트,21750,100,13599,,,,
20260312,293480,하나제약,9490,10,41005,,,,
20260312,293940,신한알파리츠,5720,20,169568,,,,
20260312,294870,IPARK현대산업개발,21400,-250,135656,,,,
20260312,298000,효성화학,77800,0,0,,,,
20260312,298020,효성티앤씨,350500,-9500,20193,,,,
20260312,298040,효성중공업,2561000,28000,30420,,,,
20260312,298050,HS효성첨단소재,220000,2500,12543,,,,
20260312,298690,에어부산,1760,15,279274,,,,
20260312,300720,한일시멘트,17050,350,78520,,,,
20260312,302440,SK바이오사이언스,43400,-450,153616,,,,
20260312,306200,세아제강,138300,4900,23357,,,,
20260312,307950,현대오토에버,406500,-7500,65238,,,,
20260312,308170,씨티알모빌리티,4905,-135,50390,,,,
20260312,316140,우리금융지주,32500,-850,2566477,,,,
20260312,317400,자이에스앤디,4350,-45,52305,,,,
20260312,317450,명인제약,60600,600,24223,,,,
20260312,322000,HD현대에너지솔루션,130700,25700,8081904,,,,
20260312,323410,카카오뱅크,24750,450,832851,,,,
20260312,326030,SK바이오팜,98400,-300,222674,,,,
20260312,329180,HD현대중공업,604000,14000,270605,,,,
20260312,330590,롯데리츠,4685,15,309996,,,,
20260312,334890,이지스밸류플러스리츠,4130,40,127692,,,,
20260312,336260,두산퓨얼셀,46250,5150,3652651,,,,
20260312,33626K,두산퓨얼셀1우,8600,760,145028,,,,
20260312,33626L,두산퓨얼셀2우B,10650,670,36569,,,,
20260312,336370,솔루스첨단소재,8750,460,312606,,,,
20260312,33637K,솔루스첨단소재1우,2075,65,21360,,,,
20260312,33637L,솔루스첨단소재2우B,3275,15,2151,,,,
20260312,338100,NH프라임리츠,4670,10,125830,,,,
20260312,339770,교촌에프앤비,4240,25,34845,,,,
20260312,344820,KCC글라스,26650,150,15160,,,,
20260312,348950,제이알글로벌리츠,1625,40,1696735,,,,
20260312,350520,이지스레지던스리츠,3755,0,35016,,,,
20260312,352820,하이브,355000,1500,126691,,,,
20260312,353200,대덕전자,63700,1200,687339,,,,
20260312,35320K,대덕전자1우,16290,80,4829,,,,
20260312,357120,코람코라이프인프라리츠,4585,55,108959,,,,
20260312,357250,미래에셋맵스리츠,2410,-5,36437,,,,
20260312,357430,마스턴프리미어리츠,1466,-1,16526,,,,
20260312,361610,SK아이이테크놀로지,22800,-300,140268,,,,
20260312,363280,티와이홀딩스,2790,10,33863,,,,
20260312,36328K,티와이홀딩스우,4145,135,5237,,,,
20260312,365550,ESR켄달스퀘어리츠,4280,-30,239408,,,,
20260312,372910,한컴라이프케어,2530,15,115715,,,,
20260312,373220,LG에너지솔루션,384000,14500,345803,,,,
20260312,375500,DL이앤씨,48050,-400,329751,,,,
20260312,37550K,DL이앤씨우,24500,-150,10738,,,,
20260312,37550L,DL이앤씨2우(전환),35700,50,3397,,,,
20260312,377190,디앤디플랫폼리츠,3095,20,94608,,,,
20260312,377300,카카오페이,59000,-1300,462578,,,,
20260312,377740,바이오노트,5370,-40,311828,,,,
20260312,378850,화승알앤에이,3665,25,46115,,,,
20260312,381970,케이카,14350,130,55877,,,,
20260312,383220,F&F,65300,600,120025,,,,
20260312,383800,LX홀딩스,8300,-70,104650,,,,
20260312,38380K,LX홀딩스1우,8290,20,3703,,,,
20260312,395400,SK리츠,5900,160,458531,,,,
20260312,396690,미래에셋글로벌리츠,2510,0,34442,,,,
20260312,400760,NH올원리츠,3210,60,393974,,,,
20260312,402340,SK스퀘어,554000,-11000,351861,,,,
20260312,403550,쏘카,11150,-10,3854,,,,
20260312,404990,신한서부티엔디리츠,4505,110,187815,,,,
20260312,415640,KB발해인프라,10000,-20,160557,,,,
20260312,417310,코람코더원리츠,9810,780,959668,,,,
20260312,432320,KB스타리츠,2680,100,600392,,,,
20260312,439260,대한조선,100500,1000,410020,,,,
20260312,443060,HD현대마린솔루션,178100,300,132802,,,,
20260312,446070,유니드비티플러스,2995,15,7924,,,,
20260312,448730,삼성FN리츠,5360,0,98159,,,,
20260312,450080,에코프로머티,68300,-600,867266,,,,
20260312,451800,한화리츠,5070,70,245529,,,,
20260312,452260,한화갤러리아,2790,-60,2180317,,,,
20260312,45226K,한화갤러리아우,7800,-150,17223,,,,
20260312,453340,현대그린푸드,15900,-50,21891,,,,
20260312,454910,두산로보틱스,94300,3600,219243,,,,
20260312,456040,OCI,88400,5000,117416,,,,
20260312,457190,이수스페셜티케미컬,97400,-500,213441,,,,
20260312,460850,동국씨엠,5770,100,55481,,,,
20260312,460860,동국제강,9300,290,375442,,,,
20260312,462520,조선내화,13750,30,9935,,,,
20260312,462870,시프트업,30850,-350,32468,,,,
20260312,465770,STX그린로지스,6540,20,254981,,,,
20260312,475150,SK이터닉스,37350,8600,11845453,,,,
20260312,475560,더본코리아,21900,-50,8731,,,,
20260312,480370,씨케이솔루션,2765,-15,63578,,,,
20260312,481850,신한글로벌액티브리츠,1117,16,38673,,,,
20260312,483650,달바글로벌,146500,-1700,46086,,,,
20260312,484870,엠앤씨솔루션,43200,1500,52422,,,,
20260312,487570,HS효성,58500,1800,21145,,,,
20260312,489790,한화비전,78900,1000,445858,,,,
20260312,499790,GS피앤엘,47900,1650,104326,,,,
20260312,900140,엘브이엠씨홀딩스,1367,22,337620,,,,
20260312,950210,프레스티지바이오파마,9750,-60,55423,,,,
20260313,000020,동화약품,6130,30,69353,,,,
20260313,000040,KR모터스,1885,35,81787,,,,
20260313,000050,경방,9370,-10,43642,,,,
20260313,000070,삼양홀딩스,70900,-1400,13914,,,,
20260313,000080,하이트진로,16780,-320,135197,,,,
20260313,000087,하이트진로2우B,14050,-40,1315,,,,
20260313,000100,유한양행,99300,-600,196832,,,,
20260313,000105,유한양행우,88200,-600,1155,,,,
20260313,000120,CJ대한통운,111900,-3700,60102,,,,
20260313,000140,하이트진로홀딩스,9130,-40,19259,,,,
20260313,000145,하이트진로홀딩스우,11200,-90,387,,,,
20260313,000150,두산,1099000,-44000,52063,,,,
20260313,000155,두산우,512000,-5000,13928,,,,
20260313,000157,두산2우B,469000,-3500,1065,,,,
20260313,000180,성창기업지주,7720,45,25421,,,,
20260313,000210,DL,45850,1100,156449,,,,
20260313,000215,DL우,24900,-50,11201,,,,
20260313,000220,유유제약,4360,30,58655,,,,
20260313,000225,유유제약1우,4445,-80,68123,,,,
20260313,000227,유유제약2우B,10790,270,1505,,,,
20260313,000230,일동홀딩스,10690,20,13404,,,,
20260313,000240,한국앤컴퍼니,25250,-600,90780,,,,
20260313,000270,기아,164300,-2700,1614149,,,,
20260313,000300,DH오토넥스,4200,0,0,,,,
20260313,000320,노루홀딩스,23100,-700,19175,,,,
20260313,000325,노루홀딩스우,30000,-350,149,,,,
20260313,000370,한화손해보험,6920,-130,343069,,,,
20260313,000390,SP삼화,9450,-270,1352304,,,,
20260313,000400,롯데손해보험,2085,-60,918557,,,,
20260313,000430,대원강업,4025,-65,115361,,,,
20260313,000480,CR홀딩스,4910,10,30504,,,,
20260313,000490,대동,10180,-110,192282,,,,
20260313,000500,가온전선,54790,889,53407,,,,
20260313,000520,삼일제약,9850,20,167236,,,,
20260313,000540,흥국화재,4580,-105,101189,,,,
20260313,000545,흥국화재우,6830,-220,13361,,,,
20260313,000590,CS홀딩스,82600,-700,932,,,,
20260313,000640,동아쏘시오홀딩스,103200,-1100,8075,,,,
20260313,000650,천일고속,233500,-8000,2865,,,,
20260313,000660,SK하이닉스,910000,-20000,3645102,,,,
20260313,000670,영풍,52200,-1000,26366,,,,
20260313,000680,LS네트웍스,3255,135,331546,,,,
20260313,000700,유수홀딩스,6470,20,91928,,,,
20260313,000720,현대건설,164400,8700,2710670,,,,
20260313,000725,현대건설우,73800,1000,23408,,,,
20260313,000760,이화산업,15500,90,1356,,,,
20260313,000810,삼성화재,474000,-16000,120794,,,,
20260313,000815,삼성화재우,388500,-6500,17142,,,,
20260313,000850,화천기공,37250,-350,4931,,,,
20260313,000860,강남제비스코,15600,0,40913,,,,
20260313,000880,한화,146578,-7803,153752,,,,
20260313,00088K,한화3우B,49385,-805,47423,,,,
20260313,000890,보해양조,2225,-25,90988,,,,
20260313,000910,유니온,4410,5,411116,,,,
20260313,000950,전방,36200,-100,4214,,,,
20260313,000970,한국주철관,6800,120,38051,,,,
20260313,000990,DB하이텍,86500,600,223757,,,,
20260313,001020,페이퍼코리아,3695,115,59383,,,,
20260313,001040,CJ,176400,-3900,74257,,,,
20260313,001045,CJ우,86600,-900,5095,,,,
20260313,00104K,CJ4우(전환),154900,-3400,8636,,,,
20260313,001060,JW중외제약,31750,300,44946,,,,
20260313,001065,JW중외제약우,28000,300,4,,,,
20260313,001067,JW중외제약2우B,55800,400,54,,,,
20260313,001070,대한방직,6800,-30,10364,,,,
20260313,001080,만호제강,5020,20,58995,,,,
20260313,001120,LX인터내셔널,43300,-450,207038,,,,
20260313,001130,대한제분,15230,550,203470,,,,
20260313,001200,유진투자증권,4840,-75,653652,,,,
20260313,001210,금호전기,4045,0,102391,,,,
20260313,001230,동국홀딩스,2303,38,1915849,,,,
20260313,001250,GS글로벌,2500,-30,700640,,,,
20260313,001260,남광토건,9020,140,70831,,,,
20260313,001270,부국증권,81500,-5300,47250,,,,
20260313,001275,부국증권우,37750,-250,5105,,,,
20260313,001290,상상인증권,1226,-17,1084946,,,,
20260313,001340,PKC,6950,-50,577161,,,,
20260313,001360,삼성제약,1877,36,736629,,,,
20260313,001380,SG글로벌,2909,48,93221,,,,
20260313,001390,KG케미칼,5300,-170,2368248,,,,
20260313,001420,태원물산,2685,45,25139,,,,
20260313,001430,세아베스틸지주,70500,-800,259018,,,,
20260313,001440,대한전선,29950,-250,2486182,,,,
20260313,001450,현대해상,29800,-100,335213,,,,
20260313,001460,BYC,44600,-2400,7797,,,,
20260313,001465,BYC우,26550,-500,576,,,,
20260313,001470,삼부토건,347,0,0,,,,
20260313,001500,현대차증권,10960,-310,191279,,,,
20260313,001510,SK증권,3565,-48,10182379,,,,
20260313,001515,SK증권우,6100,-100,16181,,,,
20260313,001520,동양,1660,-18,283030,,,,
20260313,001525,동양우,8920,0,42,,,,
20260313,001527,동양2우B,16500,-820,1142,,,,
20260313,001530,DI동일,22900,150,71687,,,,
20260313,001550,조비,17260,1120,4346933,,,,
20260313,001560,제일연마,11370,-270,17951,,,,
20260313,001570,금양,9900,0,0,,,,
20260313,001620,케이비아이동국실업,3110,-25,142892,,,,
20260313,001630,종근당홀딩스,50000,1150,9009,,,,
20260313,001680,대상,20550,-250,100350,,,,
20260313,001685,대상우,16870,-60,15275,,,,
20260313,001720,신영증권,207000,-6500,32826,,,,
20260313,001740,SK네트웍스,5300,-120,480553,,,,
20260313,001750,한양증권,26150,0,37731,,,,
20260313,001755,한양증권우,25350,500,4375,,,,
20260313,001770,SHD,17330,-10,1598,,,,
20260313,001780,알루코,2140,-30,1545883,,,,
20260313,001790,대한제당,2755,20,277611,,,,
20260313,001795,대한제당우,2390,10,21630,,,,
20260313,001800,오리온홀딩스,24100,-250,77977,,,,
20260313,001820,삼화콘덴서,50600,-800,160516,,,,
20260313,001940,KISCO홀딩스,25150,450,4977,,,,
20260313,002020,코오롱,55600,-1900,47685,,,,
20260313,002025,코오롱우,26750,-700,4530,,,,
20260313,002030,아세아,290500,-1000,4073,,,,
20260313,002070,비비안,9713,-79,10510,,,,
20260313,002100,경농,9770,50,1573423,,,,
20260313,002140,고려산업,2785,100,3434230,,,,
20260313,002150,도화엔지니어링,6380,150,104154,,,,
20260313,002170,SYTS,58000,400,1583,,,,
20260313,002200,한국수출포장,3060,-115,93769,,,,
20260313,002210,동성제약,1946,0,0,,,,
20260313,002220,한일철강,3885,-95,65810,,,,
20260313,002240,고려제강,20900,-450,41169,,,,
20260313,002310,아세아제지,9160,-130,240007,,,,
20260313,002320,한진,19330,-150,15333,,,,
20260313,002350,넥센타이어,7300,-50,82654,,,,
20260313,002355,넥센타이어1우B,4125,-5,9604,,,,
20260313,002360,SH에너지화학,4060,-170,532166,,,,
20260313,002380,KCC,513000,-26000,36948,,,,
20260313,002390,한독,10640,-50,7020,,,,
20260313,002410,범양건영,1935,0,0,,,,
20260313,002420,세기상사,5730,120,78386,,,,
20260313,002450,삼익악기,1181,2,158668,,,,
20260313,002460,HS화성,12830,80,23848,,,,
20260313,002600,조흥,149300,-2300,664,,,,
20260313,002620,제일파마홀딩스,9280,190,33643,,,,
20260313,002630,오리엔트바이오,1076,-18,308997,,,,
20260313,002690,동일제강,1523,38,39009,,,,
20260313,002700,신일전자,1387,23,598280,,,,
20260313,002710,TCC스틸,13780,-150,87559,,,,
20260313,002720,국제약품,4930,20,246177,,,,
20260313,002760,보락,1211,-12,5860448,,,,
20260313,002780,진흥기업,748,19,641479,,,,
20260313,002785,진흥기업우B,3420,-5,190,,,,
20260313,002787,진흥기업2우B,8140,-60,311,,,,
20260313,002790,아모레퍼시픽홀딩스,26750,0,112668,,,,
20260313,002795,아모레퍼시픽홀딩스우,12290,20,8510,,,,
20260313,00279K,아모레퍼시픽홀딩스3우C,23500,-150,3721,,,,
20260313,002810,삼영무역,19240,220,28260,,,,
20260313,002820,SUN&L,2365,65,22467,,,,
20260313,002840,미원상사,141200,-8800,3803,,,,
20260313,002870,신풍,1295,-14,86551,,,,
20260313,002880,디와이에이,953,2,55357,,,,
20260313,002900,TYM,6850,-10,186032,,,,
20260313,002920,유성기업,2025,-10,30504,,,,
20260313,002960,한국쉘석유,533000,-3000,2834,,,,
20260313,002990,금호건설,5040,140,165238,,,,
20260313,002995,금호건설우,14050,-150,2639,,,,
20260313,003000,부광약품,6090,320,3602296,,,,
20260313,003010,혜인,5390,-10,54147,,,,
20260313,003030,세아제강지주,151000,4600,40033,,,,
20260313,003060,에이프로젠바이오로직스,272,-8,1031417,,,,
20260313,003070,코오롱글로벌,10280,350,94383,,,,
20260313,003075,코오롱글로벌우,15260,90,2678,,,,
20260313,003080,SB성보,2655,-5,4167,,,,
20260313,003090,대웅,23800,-350,107252,,,,
20260313,0030R0,대신밸류리츠,4390,-10,33267,,,,
20260313,003120,일성아이에스,23900,-250,7788,,,,
20260313,003160,디아이,32000,0,283009,,,,
20260313,003200,일신방직,12520,-400,42382,,,,
20260313,003220,대원제약,10530,50,20876,,,,
20260313,003230,삼양식품,1086000,11000,37782,,,,
20260313,003240,태광산업,1112000,-53000,3495,,,,
20260313,003280,흥아해운,2335,225,133221056,,,,
20260313,003300,한일홀딩스,17710,170,26672,,,,
20260313,003350,한국화장품제조,9660,-10,98305,,,,
20260313,003460,유화증권,3650,-85,198901,,,,
20260313,003465,유화증권우,3500,0,9712,,,,
20260313,003470,유안타증권,4980,-70,504100,,,,
20260313,003475,유안타증권우,4505,-20,31498,,,,
20260313,003480,한진중공업홀딩스,4750,-90,75673,,,,
20260313,003490,대한항공,24300,50,1887694,,,,
20260313,003495,대한항공우,23300,-50,9272,,,,
20260313,003520,영진약품,1811,-23,492701,,,,
20260313,003530,한화투자증권,7150,-250,2263164,,,,
20260313,003535,한화투자증권우,8300,-170,21979,,,,
20260313,003540,대신증권,39850,-50,111069,,,,
20260313,003545,대신증권우,26300,-100,66935,,,,
20260313,003547,대신증권2우B,25000,-350,24001,,,,
20260313,003550,LG,90000,-2800,271909,,,,
20260313,003555,LG우,69400,-1400,9432,,,,
20260313,003570,SNT다이내믹스,52300,-1300,91922,,,,
20260313,003580,HLB글로벌,1960,-6,185589,,,,
20260313,003610,방림,5270,-50,45448,,,,
20260313,003620,KG모빌리티,3590,45,829431,,,,
20260313,003650,미창석유,116600,-2700,4678,,,,
20260313,003670,포스코퓨처엠,190900,-19600,1585544,,,,
20260313,003680,한성기업,5080,50,18313,,,,
20260313,003690,코리안리,13160,-550,612924,,,,
20260313,003720,삼영,7210,-450,1045081,,,,
20260313,003780,진양산업,5890,250,417426,,,,
20260313,003830,대한화섬,121900,-4600,1175,,,,
20260313,003850,보령,9590,140,122877,,,,
20260313,003920,남양유업,55900,4900,76702,,,,
20260313,003925,남양유업우,40950,4950,51037,,,,
20260313,003960,사조대림,33300,-1500,30584,,,,
20260313,004000,롯데정밀화학,51400,-1400,126175,,,,
20260313,004020,현대제철,37000,-850,886895,,,,
20260313,004060,SG세계물산,5200,-160,616794,,,,
20260313,004080,신흥,13840,90,2138,,,,
20260313,004090,한국석유,19990,-210,3770793,,,,
20260313,004100,태양금속,3125,110,1093889,,,,
20260313,004105,태양금속우,4030,140,113397,,,,
20260313,004140,동방,2635,0,1153392,,,,
20260313,004150,한솔홀딩스,3265,-5,88005,,,,
20260313,004170,신세계,326000,-10500,51179,,,,
20260313,004250,NPC,3795,-5,41052,,,,
20260313,004255,NPC우,2370,-45,16779,,,,
20260313,004270,남성,6105,24,2169,,,,
20260313,004310,현대약품,9270,-250,480166,,,,
20260313,004360,세방,15080,-210,51728,,,,
20260313,004365,세방우,9310,0,1393,,,,
20260313,004370,농심,369000,-5000,34176,,,,
20260313,004380,삼익THK,13000,0,0,,,,
20260313,004410,서울식품,2060,-40,5973932,,,,
20260313,004415,서울식품우,11970,20,1393,,,,
20260313,004430,송원산업,8700,-60,60367,,,,
20260313,004440,삼일씨엔에스,5960,140,51849,,,,
20260313,004450,삼화왕관,27950,0,702,,,,
20260313,004490,세방전지,60600,-600,26595,,,,
20260313,004540,깨끗한나라,1926,8,71944,,,,
20260313,004545,깨끗한나라우,10330,-10,105,,,,
20260313,004560,현대비앤지스틸,17750,-560,226207,,,,
20260313,004690,삼천리,139700,-1000,20148,,,,
20260313,004700,조광피혁,69300,-700,3600,,,,
20260313,004710,한솔테크닉스,4984,-170,182535,,,,
20260313,004720,팜젠사이언스,3815,-20,130972,,,,
20260313,004770,써니전자,1620,18,296892,,,,
20260313,004800,효성,132400,-6000,33784,,,,
20260313,004830,덕성,4740,100,103843,,,,
20260313,004835,덕성우,6050,50,2737,,,,
20260313,004840,DRB동일,5600,-10,32338,,,,
20260313,004870,티웨이홀딩스,1650,-48,27863,,,,
20260313,004890,동일산업,39150,50,1223,,,,
20260313,004910,조광페인트,4790,-35,11640,,,,
20260313,004920,씨아이테크,1082,7,68349,,,,
20260313,004960,한신공영,12860,0,103384,,,,
20260313,004970,신라교역,9470,-10,9892,,,,
20260313,004980,성신양회,9320,-190,78292,,,,
20260313,004985,성신양회우,10840,10,2883,,,,
20260313,004990,롯데지주,30100,-850,260235,,,,
20260313,00499K,롯데지주우,30550,100,444,,,,
20260313,005010,휴스틸,4995,35,1629995,,,,
20260313,005030,부산주공,486,0,0,,,,
20260313,005070,코스모신소재,48000,-1750,177044,,,,
20260313,005090,SGC에너지,63300,2500,305841,,,,
20260313,005110,한창,1254,0,0,,,,
20260313,005180,빙그레,77200,100,20875,,,,
20260313,005250,녹십자홀딩스,14090,-190,124497,,,,
20260313,005257,녹십자홀딩스2우,24000,100,168,,,,
20260313,005300,롯데칠성,121500,-2600,20845,,,,
20260313,005305,롯데칠성우,80200,-1500,17027,,,,
20260313,005320,온타이드,1020,-28,138522,,,,
20260313,005360,모나미,1778,18,238281,,,,
20260313,005380,현대차,517000,-4000,950437,,,,
20260313,005385,현대차우,265000,-5000,78135,,,,
20260313,005387,현대차2우B,263500,-3000,109759,,,,
20260313,005389,현대차3우B,248500,-3000,13162,,,,
20260313,005420,코스모화학,14440,-650,189234,,,,
20260313,005430,한국공항,59000,-700,4384,,,,
20260313,005440,현대지에프홀딩스,14600,200,366306,,,,
20260313,005490,POSCO홀딩스,337000,-10500,304728,,,,
20260313,005500,삼진제약,18320,210,16573,,,,
20260313,005610,삼립,51600,-200,3527,,,,
20260313,005680,삼영전자,12720,550,104801,,,,
20260313,005690,파미셀,16420,600,1040007,,,,
20260313,005720,넥센,6800,-60,16420,,,,
20260313,005725,넥센우,4450,-115,3465,,,,
20260313,005740,크라운해태홀딩스,6650,-20,45198,,,,
20260313,005745,크라운해태홀딩스우,7370,-20,1248,,,,
20260313,005750,대림바스,5300,100,57588,,,,
20260313,005800,신영와코루,16490,-110,4168,,,,
20260313,005810,풍산홀딩스,38600,-250,23356,,,,
20260313,005820,원림,15880,-80,9315,,,,
20260313,005830,DB손해보험,177300,-700,199584,,,,
20260313,005850,에스엘,65300,300,155629,,,,
20260313,005870,휴니드,8340,-90,306142,,,,
20260313,005880,대한해운,2200,-45,20181678,,,,
20260313,005930,삼성전자,183500,-4400,19566331,,,,
20260313,005935,삼성전자우,133900,-100,3046954,,,,
20260313,005940,NH투자증권,31700,-850,1038286,,,,
20260313,005945,NH투자증권우,25950,-250,75951,,,,
20260313,005950,이수화학,8010,-80,103785,,,,
20260313,005960,동부건설,7680,60,245830,,,,
20260313,005965,동부건설우,18750,-10,1177,,,,
20260313,006040,동원산업,38450,0,53944,,,,
20260313,006060,화승인더,3370,0,77180,,,,
20260313,006090,사조오양,8270,70,9721,,,,
20260313,006110,삼아알미늄,33850,2350,680009,,,,
20260313,006120,SK디스커버리,56600,-100,73298,,,,
20260313,006125,SK디스커버리우,39800,-200,4922,,,,
20260313,006200,한국전자홀딩스,3760,25,34044,,,,
20260313,006220,제주은행,13610,-170,136899,,,,
20260313,006260,LS,250000,-3000,94694,,,,
20260313,006280,녹십자,152200,3000,29561,,,,
20260313,006340,대원전선,5980,110,10627124,,,,
20260313,006345,대원전선우,4210,0,99376,,,,
20260313,006360,GS건설,23000,1800,2146203,,,,
20260313,006370,대구백화점,4600,-25,7668,,,,
20260313,006380,카프로,3660,0,0,,,,
20260313,006400,삼성SDI,388000,-12000,531172,,,,
20260313,006405,삼성SDI우,222500,-5500,7522,,,,
20260313,006490,프리티,2135,-155,171145,,,,
20260313,006570,대림통상,2080,-70,727749,,,,
20260313,006650,대한유화,127300,-5000,43340,,,,
20260313,006660,삼성공조,12100,100,24784,,,,
20260313,006740,블루산업개발,1280,-23,45080,,,,
20260313,006800,미래에셋증권,69200,-896,3571790,,,,
20260313,006805,미래에셋증권우,23900,-591,169110,,,,
20260313,00680K,미래에셋증권2우B,21500,-195,677505,,,,
20260313,006840,AK홀딩스,7920,-20,17199,,,,
20260313,006880,신송홀딩스,6990,-70,524912,,,,
20260313,006890,태경케미컬,8790,240,671132,,,,
20260313,006980,우성,21350,450,8214,,,,
20260313,007070,GS리테일,18960,-110,86458,,,,
20260313,007110,일신석재,1710,32,526519,,,,
20260313,007120,미래아이앤지,1765,10,3038271,,,,
20260313,007160,사조산업,53000,-1100,4210,,,,
20260313,007210,벽산,1885,6,165294,,,,
20260313,007280,한국특강,2793,28,10976,,,,
20260313,007310,오뚜기,365500,-11000,8508,,,,
20260313,007340,DN오토모티브,27600,-50,101237,,,,
20260313,007460,에이프로젠,306,-14,3728958,,,,
20260313,007540,샘표,56400,-1500,15286,,,,
20260313,007570,일양약품,14600,0,0,,,,
20260313,007575,일양약품우,15260,0,0,,,,
20260313,007590,동방아그로,5910,50,33272,,,,
20260313,007610,선도전기,3000,0,0,,,,
20260313,007660,이수페타시스,107100,-1700,517517,,,,
20260313,007690,국도화학,36100,-750,5758,,,,
20260313,007700,F&F홀딩스,18200,-260,22397,,,,
20260313,007810,코리아써키트,51400,-300,122505,,,,
20260313,007815,코리아써우,14700,-690,9199,,,,
20260313,00781K,코리아써키트2우B,11990,-100,819,,,,
20260313,007860,서연,10000,-280,101629,,,,
20260313,007980,TP,1937,3,319457,,,,
20260313,008040,사조동아원,1153,3,1446879,,,,
20260313,008060,대덕,12860,80,73035,,,,
20260313,00806K,대덕1우,10660,-90,13092,,,,
20260313,008250,이건산업,3935,70,25994,,,,
20260313,008260,NI스틸,3520,-25,41240,,,,
20260313,008350,남선알미늄,1506,189,104192476,,,,
20260313,008355,남선알미우,14020,730,16450,,,,
20260313,008420,문배철강,2180,0,62086,,,,
20260313,008490,서흥,20450,-150,17127,,,,
20260313,008600,윌비스,2720,0,0,,,,
20260313,008700,아남전자,1199,1,228113,,,,
20260313,008730,율촌화학,24750,-250,42885,,,,
20260313,008770,호텔신라,42300,-1850,216589,,,,
20260313,008775,호텔신라우,34300,300,1551,,,,
20260313,008870,금비,45150,-100,1896,,,,
20260313,008930,한미사이언스,37150,-950,117731,,,,
20260313,008970,KBI동양철관,1724,-18,676182,,,,
20260313,009070,KCTC,6460,-200,305631,,,,
20260313,009140,경인전자,21700,250,2472,,,,
20260313,009150,삼성전기,400500,1000,374842,,,,
20260313,009155,삼성전기우,165300,4300,32390,,,,
20260313,009160,SIMPAC,5000,-260,99490,,,,
20260313,009180,한솔로지스틱스,2965,-20,140302,,,,
20260313,009190,대양금속,1248,41,372601,,,,
20260313,009200,무림페이퍼,1983,-17,167041,,,,
20260313,009240,한샘,42950,-1600,46232,,,,
20260313,009270,신원,1433,15,381243,,,,
20260313,009290,광동제약,9020,10,504812,,,,
20260313,009310,참엔지니어링,1065,0,0,,,,
20260313,009320,아진전자부품,1013,4,130518,,,,
20260313,009410,태영건설,1832,91,1050709,,,,
20260313,009415,태영건설우,6160,30,2090,,,,
20260313,009420,한올바이오파마,56300,400,353124,,,,
20260313,009440,KC그린홀딩스,756,0,0,,,,
20260313,009450,경동나비엔,60700,-900,17831,,,,
20260313,009460,한창제지,2515,15,18183,,,,
20260313,009470,삼화전기,40000,-200,63860,,,,
20260313,009540,HD한국조선해양,416000,-9000,180646,,,,
20260313,009580,무림P&P,2440,10,108099,,,,
20260313,009680,모토닉,11170,-20,40746,,,,
20260313,009770,삼정펄프,33050,350,2354,,,,
20260313,009810,MDS스피어,2111,34,13047,,,,
20260313,009830,한화솔루션,45935,-4056,3795955,,,,
20260313,009835,한화솔루션우,26012,-1129,29974,,,,
20260313,009900,명신산업,11080,220,849184,,,,
20260313,009970,영원무역홀딩스,223000,-15000,16333,,,,
20260313,010040,한국내화,2045,-15,31068,,,,
20260313,010060,OCI홀딩스,166000,200,295946,,,,
20260313,010100,한국무브넥스,4700,-25,204015,,,,
20260313,010120,LS ELECTRIC,149400,1400,606170,,,,
20260313,010130,고려아연,1628000,-46000,22703,,,,
20260313,010140,삼성중공업,30700,-150,10586604,,,,
20260313,010400,우진아이엔에스,4000,200,68388,,,,
20260313,010580,에스엠벡셀,2055,30,123871,,,,
20260313,010640,진양폴리,2640,0,102187,,,,
20260313,010660,화천기계,5970,-10,276023,,,,
20260313,010690,화신,12760,30,283484,,,,
20260313,010770,평화홀딩스,3965,75,35014,,,,
20260313,010780,아이에스동서,33450,250,217584,,,,
20260313,010820,퍼스텍,7310,-10,2807273,,,,
20260313,010950,S-Oil,108000,-10000,1297882,,,,
20260313,010955,S-Oil우,54500,-2700,35922,,,,
20260313,010960,삼호개발,3995,75,31779,,,,
20260313,011000,진원생명과학,5435,25,93746,,,,
20260313,011070,LG이노텍,250000,-4000,130060,,,,
20260313,011090,에넥스,2250,10,19507,,,,
20260313,011150,CJ씨푸드,2675,-10,83921,,,,
20260313,011155,CJ씨푸드1우,14350,160,192,,,,
20260313,011170,롯데케미칼,70800,-3200,213284,,,,
20260313,011200,HMM,21050,-600,1906186,,,,
20260313,011210,현대위아,83500,-2000,114987,,,,
20260313,011230,삼화전자,2620,15,64817,,,,
20260313,011280,태림포장,1895,16,51251,,,,
20260313,011300,우성머티리얼스,3230,-80,109190,,,,
20260313,011330,유니켐,7450,-120,346497,,,,
20260313,011390,부산산업,79800,900,6116,,,,
20260313,011420,갤럭시아에스엠,1767,-1,50222,,,,
20260313,011500,한농화성,22250,-600,320437,,,,
20260313,011690,와이투솔루션,6910,-230,535791,,,,
20260313,011700,한신기계,4945,215,3297131,,,,
20260313,011760,현대코퍼레이션,25800,-500,44037,,,,
20260313,011780,금호석유화학,116300,-3700,160645,,,,
20260313,011785,금호석유화학우,57600,-2000,9242,,,,
20260313,011790,SKC,93429,-1128,139660,,,,
20260313,011810,STX,3530,0,0,,,,
20260313,011930,신성이엔지,23700,-800,1098502,,,,
20260313,012030,DB,1832,8,1603032,,,,
20260313,0120G0,삼양바이오팜,92300,1400,66482,,,,
20260313,012160,영흥,2755,0,17614,,,,
20260313,012170,아센디오,1303,-19,56048,,,,
20260313,012200,계양전기,7007,-245,601835,,,,
20260313,012205,계양전기우,5607,-97,20624,,,,
20260313,012280,영화금속,1027,-22,368696,,,,
20260313,012320,경동인베스트,85300,-300,31786,,,,
20260313,012330,현대모비스,404000,-10500,267460,,,,
20260313,012450,한화에어로스페이스,1488000,23000,324291,,,,
20260313,012610,경인양행,4125,-75,399203,,,,
20260313,012630,HDC,24450,0,111560,,,,
20260313,012690,모나리자,2090,10,151361,,,,
20260313,0126Z0,삼성에피스홀딩스,532000,-10000,37493,,,,
20260313,012750,에스원,83100,-500,84053,,,,
20260313,012800,대창,1354,-11,821231,,,,
20260313,013000,세우글로벌,1142,-3,59598,,,,
20260313,013360,일성건설,1772,45,552982,,,,
20260313,013520,화승코퍼레이션,3025,25,143662,,,,
20260313,013570,디와이,4980,50,94988,,,,
20260313,013580,계룡건설,26050,550,92700,,,,
20260313,013700,까뮤이앤씨,1290,13,136737,,,,
20260313,013870,지엠비코리아,5300,-30,26760,,,,
20260313,013890,지누스,12180,-110,48113,,,,
20260313,014130,한익스프레스,2655,-5,29230,,,,
20260313,014160,대영포장,1035,19,263831,,,,
20260313,014280,금강공업,5070,-20,104206,,,,
20260313,014285,금강공업우,6920,-70,3931,,,,
20260313,014440,영보화학,4740,0,40229,,,,
20260313,014530,극동유화,3865,-200,3694022,,,,
20260313,014580,태경비케이,4460,-85,203328,,,,
20260313,014680,한솔케미칼,275000,-9000,102049,,,,
20260313,014710,사조씨푸드,7650,20,13179,,,,
20260313,014790,HL D&I,3220,-20,91330,,,,
20260313,014820,동원시스템즈,24700,-850,83581,,,,
20260313,014825,동원시스템즈우,16500,-60,228,,,,
20260313,014830,유니드,84000,-1500,59922,,,,
20260313,014910,성문전자,1726,-19,179574,,,,
20260313,014915,성문전자우,4355,-75,5940,,,,
20260313,014990,인디에프,4075,60,30434,,,,
20260313,015020,이스타코,928,-14,43317,,,,
20260313,015230,대창단조,6400,20,71655,,,,
20260313,015260,에이엔피,730,-36,812808,,,,
20260313,015360,INVENI,15260,-100,15120,,,,
20260313,015590,DKME,2575,0,0,,,,
20260313,015760,한국전력,48300,700,4084749,,,,
20260313,015860,일진홀딩스,7430,-260,187633,,,,
20260313,015890,태경산업,4755,-20,49287,,,,
20260313,016090,대현,1656,-1,55762,,,,
20260313,016360,삼성증권,95300,-700,337452,,,,
20260313,016380,KG스틸,5670,-70,163383,,,,
20260313,016450,한세예스24홀딩스,4870,-20,98148,,,,
20260313,016580,환인제약,10350,70,20835,,,,
20260313,016590,신대양제지,13200,-310,16100,,,,
20260313,016610,DB증권,13990,-270,68583,,,,
20260313,016710,대성홀딩스,8870,-80,19232,,,,
20260313,016740,두올,4755,195,156509,,,,
20260313,016800,퍼시스,38650,0,406,,,,
20260313,016880,웅진,2145,-40,1275704,,,,
20260313,017040,광명전기,1425,9,397948,,,,
20260313,017180,명문제약,1856,57,251965,,,,
20260313,017370,우신시스템,5950,-390,161827,,,,
20260313,017390,서울가스,68200,-1800,31348,,,,
20260313,017550,수산세보틱스,1917,19,359484,,,,
20260313,017670,SK텔레콤,75000,-1200,420881,,,,
20260313,017800,현대엘리베이터,87900,-200,189008,,,,
20260313,017810,풀무원,12010,-50,17897,,,,
20260313,017860,DS단석,20600,-500,488140,,,,
20260313,017900,광전자,2080,20,167778,,,,
20260313,017940,E1,96000,-1500,17217,,,,
20260313,017960,한국카본,46550,-1250,781692,,,,
20260313,018250,애경산업,14380,-170,17221,,,,
20260313,018260,삼성에스디에스,160900,-1100,166983,,,,
20260313,018470,조일알미늄,1264,38,12277513,,,,
20260313,018500,동원모빌리티,1599,-25,344165,,,,
20260313,018670,SK가스,234000,-1000,34129,,,,
20260313,018880,한온시스템,4055,-80,6983286,,,,
20260313,019170,신풍제약,11000,20,54003,,,,
20260313,019175,신풍제약우,16500,-120,1412,,,,
20260313,019180,티에이치엔,8610,580,1992104,,,,
20260313,019490,엑시큐어하이트론,541,0,0,,,,
20260313,019680,대교,1583,18,37329,,,,
20260313,019685,대교우B,1021,-1,22989,,,,
20260313,020000,한섬,23550,-600,138189,,,,
20260313,020120,키다리스튜디오,3495,100,158221,,,,
20260313,020150,롯데에너지머티리얼즈,37250,-1250,143913,,,,
20260313,020560,아시아나항공,7000,20,40940,,,,
20260313,020760,일진디스플,902,0,0,,,,
20260313,021050,서원,1310,-8,512796,,,,
20260313,021240,코웨이,73600,-600,224380,,,,
20260313,021820,세원정공,16020,-920,22649,,,,
20260313,022100,포스코DX,30800,-1250,559668,,,,
20260313,023000,삼원강재,2340,15,36012,,,,
20260313,023150,MH에탄올,4220,5,25969,,,,
20260313,023350,한국종합기술,4485,55,39476,,,,
20260313,023450,동남합성,30750,250,5245,,,,
20260313,023530,롯데쇼핑,96000,-1200,75861,,,,
20260313,023590,다우기술,48550,-300,37456,,,,
20260313,023800,인지컨트롤스,6660,-80,64557,,,,
20260313,023810,인팩,8070,-110,16338,,,,
20260313,023960,에쓰씨엔지니어링,1382,-16,69241,,,,
20260313,024070,WISCOM,1922,22,7267,,,,
20260313,024090,디씨엠,12250,150,3869,,,,
20260313,024110,기업은행,23100,-350,1143463,,,,
20260313,024720,콜마홀딩스,9140,-170,46855,,,,
20260313,024890,대원화성,3890,0,24427,,,,
20260313,024900,디와이덕양,2020,-5,93408,,,,
20260313,025000,KPX케미칼,50200,-1400,9868,,,,
20260313,025530,SJM홀딩스,3590,0,24554,,,,
20260313,025540,한국단자,72600,-2700,16391,,,,
20260313,025560,미래산업,2728,-14,137510,,,,
20260313,025620,차AI헬스케어,9600,160,4233,,,,
20260313,025750,한솔홈데코,2925,-10,62572,,,,
20260313,025820,이구산업,5070,-90,176559,,,,
20260313,025860,남해화학,8950,220,15797641,,,,
20260313,025890,한국주강,1660,71,271799,,,,
20260313,026890,스틱인베스트먼트,10090,-90,50160,,,,
20260313,026940,부국철강,1983,18,45933,,,,
20260313,026960,동서,25550,-750,79834,,,,
20260313,027410,BGF,4270,85,123347,,,,
20260313,027740,마니커,1676,4,98692,,,,
20260313,027970,한국제지,3825,-20,12014,,,,
20260313,028050,삼성E&A,32800,950,1127575,,,,
20260313,028100,동아지질,16950,260,17143,,,,
20260313,028260,삼성물산,280500,0,310180,,,,
20260313,02826K,삼성물산우B,176300,-2100,11740,,,,
20260313,028670,팬오션,5050,-200,4391931,,,,
20260313,029460,케이씨,31650,-950,24227,,,,
20260313,029530,신도리코,54800,-800,10544,,,,
20260313,029780,삼성카드,59100,-1600,104315,,,,
20260313,030000,제일기획,20700,-100,253299,,,,
20260313,030190,NICE평가정보,17460,-180,128754,,,,
20260313,030200,KT,59600,-1900,1396175,,,,
20260313,030210,다올투자증권,4495,-145,178066,,,,
20260313,030610,교보증권,12490,-250,70928,,,,
20260313,030720,동원수산,5890,10,19138,,,,
20260313,031210,서울보증보험,56200,-500,28191,,,,
20260313,031430,신세계인터내셔날,12410,-330,59101,,,,
20260313,031820,아이티센씨티에스,7670,-220,69699,,,,
20260313,032350,롯데관광개발,19430,-100,464698,,,,
20260313,032560,황금에스티,5990,-60,10956,,,,
20260313,032640,LG유플러스,14950,-310,1394177,,,,
20260313,032830,삼성생명,216000,-2500,436847,,,,
20260313,033240,자화전자,39950,-2200,166527,,,,
20260313,033250,체시스,4995,55,23487,,,,
20260313,033270,유나이티드제약,20350,50,10645,,,,
20260313,033530,SJG세종,8480,-130,150039,,,,
20260313,033780,KT&G,153000,-2600,210944,,,,
20260313,033920,무학,9180,-10,34247,,,,
20260313,034020,두산에너빌리티,106500,3000,9435079,,,,
20260313,034120,SBS,16550,-130,8289,,,,
20260313,034220,LG디스플레이,11360,-500,4093607,,,,
20260313,034230,파라다이스,16750,-270,408837,,,,
20260313,034310,NICE,14010,10,35437,,,,
20260313,034590,인천도시가스,27000,-50,5376,,,,
20260313,034730,SK,331000,-5000,220523,,,,
20260313,03473K,SK우,239500,-3000,1962,,,,
20260313,034830,한국토지신탁,1456,-16,992886,,,,
20260313,035000,HS애드,8760,60,18255,,,,
20260313,035150,백산,13470,-160,21544,,,,
20260313,035250,강원랜드,18140,-140,415434,,,,
20260313,035420,NAVER,223000,1000,706127,,,,
20260313,035510,신세계 I&C,16540,440,87048,,,,
20260313,035720,카카오,50600,200,1196401,,,,
20260313,036420,콘텐트리중앙,6820,210,48925,,,,
20260313,036460,한국가스공사,35450,-650,523027,,,,
20260313,036530,SNT홀딩스,57900,-700,13502,,,,
20260313,036570,NC,228500,16500,217746,,,,
20260313,036580,팜스코,3275,0,96692,,,,
20260313,037270,YG PLUS,6080,10,363304,,,,
20260313,037560,LG헬로비전,2295,20,66233,,,,
20260313,037710,광주신세계,37750,-700,8415,,,,
20260313,039130,하나투어,41400,-550,50998,,,,
20260313,039490,키움증권,429000,-21000,95726,,,,
20260313,039570,HDC랩스,8490,20,21888,,,,
20260313,041650,상신브레이크,2580,-10,14996,,,,
20260313,042660,한화오션,136900,200,1188043,,,,
20260313,042700,한미반도체,305500,-11500,830276,,,,
20260313,044380,주연테크,1760,-40,15128,,,,
20260313,044450,KSS해운,10560,-110,408505,,,,
20260313,044820,코스맥스비티아이,14170,20,26355,,,,
20260313,047040,대우건설,12320,1860,85920735,,,,
20260313,047050,포스코인터내셔널,73700,-5800,1879272,,,,
20260313,047400,유니온머티리얼,1613,-33,2403430,,,,
20260313,047810,한국항공우주,182700,2900,566297,,,,
20260313,049800,우진플라임,2525,-5,20800,,,,
20260313,051600,한전KPS,60200,-100,328305,,,,
20260313,051630,진양화학,2485,225,745467,,,,
20260313,051900,LG생활건강,249500,-2000,49844,,,,
20260313,051905,LG생활건강우,105500,-1100,8104,,,,
20260313,051910,LG화학,297500,-8500,273412,,,,
20260313,051915,LG화학우,146800,-6700,52261,,,,
20260313,052690,한전기술,177700,10700,929919,,,,
20260313,053210,스카이라이프,5170,50,51952,,,,
20260313,053690,한미글로벌,20350,750,274540,,,,
20260313,055490,테이팩스,14680,-20,8424,,,,
20260313,055550,신한지주,90800,-1100,2446601,,,,
20260313,058430,포스코스틸리온,4590,-10,244500,,,,
20260313,058650,세아홀딩스,155500,2200,5761,,,,
20260313,058730,다스코,3600,200,8148266,,,,
20260313,058850,KTcs,2660,40,402981,,,,
20260313,058860,KTis,2820,-5,59945,,,,
20260313,060980,HL홀딩스,43850,-400,17849,,,,
20260313,062040,산일전기,140600,-2800,173708,,,,
20260313,063160,종근당바이오,19490,-20,12960,,,,
20260313,064350,현대로템,198500,-7500,763707,,,,
20260313,064400,LG씨엔에스,67900,-300,518498,,,,
20260313,064960,SNT모티브,33450,150,58888,,,,
20260313,066570,LG전자,113100,-900,733098,,,,
20260313,066575,LG전자우,52500,-800,80723,,,,
20260313,066970,엘앤에프,106800,-5000,451440,,,,
20260313,067830,세이브존I&C,2965,0,25152,,,,
20260313,068270,셀트리온,195875,-477,541462,,,,
20260313,068290,삼성출판사,9450,200,16685,,,,
20260313,069260,TKG휴켐스,18820,-170,121138,,,,
20260313,069460,대호에이엘,2775,25,285860,,,,
20260313,069620,대웅제약,167200,500,16819,,,,
20260313,069640,한세엠케이,1186,-2,12091,,,,
20260313,069730,DSR제강,4850,65,41076,,,,
20260313,069960,현대백화점,84500,-2000,66667,,,,
20260313,070960,모나용평,3115,105,54626,,,,
20260313,071050,한국금융지주,219500,-7500,277204,,,,
20260313,071055,한국금융지주우,161900,-3900,13925,,,,
20260313,071090,하이스틸,3590,-30,112293,,,,
20260313,071320,지역난방공사,86200,-1800,38202,,,,
20260313,071840,롯데하이마트,7700,-130,34099,,,,
20260313,071950,코아스,2035,-315,141364,,,,
20260313,071970,HD현대마린엔진,81400,-2100,137852,,,,
20260313,072130,유엔젤,5090,-120,275136,,,,
20260313,072710,농심홀딩스,93600,-800,9000,,,,
20260313,073240,금호타이어,5730,-160,548391,,,,
20260313,074610,이엔플러스,5110,0,0,,,,
20260313,075180,새론오토모티브,3050,-30,13457,,,,
20260313,075580,세진중공업,18040,270,308855,,,,
20260313,077500,유니퀘스트,6180,-40,65541,,,,
20260313,077970,STX엔진,34300,0,261235,,,,
20260313,078000,텔코웨어,18200,-1310,104614,,,,
20260313,078520,에이블씨엔씨,10970,70,116455,,,,
20260313,078930,GS,63800,-2500,237702,,,,
20260313,078935,GS우,53300,-1500,3998,,,,
20260313,079160,CJ CGV,4920,-10,249374,,,,
20260313,079430,현대리바트,7220,-20,27376,,,,
20260313,079550,LIG디펜스앤에어로스페이스,723000,-32000,363214,,,,
20260313,079900,전진건설로봇,56500,100,66239,,,,
20260313,079980,휴비스,2555,30,71414,,,,
20260313,081000,일진다이아,13940,-610,56661,,,,
20260313,081660,미스토홀딩스,47550,-800,88471,,,,
20260313,082640,동양생명,8030,-20,242559,,,,
20260313,082740,한화엔진,49650,-850,328742,,,,
20260313,083420,그린케미칼,5640,10,51941,,,,
20260313,084010,대한제강,11630,-130,35742,,,,
20260313,084670,동양고속,41900,-900,18722,,,,
20260313,084680,이월드,1610,1,229239,,,,
20260313,084690,대상홀딩스,9450,-50,48933,,,,
20260313,084695,대상홀딩스우,14760,360,2765,,,,
20260313,084870,TBH글로벌,1939,29,45220,,,,
20260313,085310,엔케이,10340,-240,42388,,,,
20260313,085620,미래에셋생명,13200,-820,367570,,,,
20260313,086280,현대글로비스,223000,-8000,192263,,,,
20260313,086790,하나금융지주,108900,-3600,1312788,,,,
20260313,088260,이리츠코크렙,4855,65,77216,,,,
20260313,088350,한화생명,4770,-140,5926262,,,,
20260313,088790,진도,2455,195,277503,,,,
20260313,088980,맥쿼리인프라,11400,30,1571616,,,,
20260313,089470,HDC현대EP,5300,-180,87670,,,,
20260313,089590,제주항공,5250,-100,194979,,,,
20260313,089860,롯데렌탈,32400,0,28744,,,,
20260313,090080,평화산업,938,8,101827,,,,
20260313,090350,노루페인트,8510,-30,100692,,,,
20260313,090355,노루페인트우,13030,-380,528,,,,
20260313,090370,메타랩스,1399,0,68154,,,,
20260313,090430,아모레퍼시픽,131000,600,191048,,,,
20260313,090435,아모레퍼시픽우,47900,700,18168,,,,
20260313,090460,비에이치,18470,890,667736,,,,
20260313,091810,트리니티항공,1123,-4,671657,,,,
20260313,092200,디아이씨,9220,-60,439998,,,,
20260313,092220,KEC,6945,-30,1042717,,,,
20260313,092230,KPX홀딩스,79000,500,914,,,,
20260313,092440,기신정기,2260,30,46167,,,,
20260313,092780,DYP,4470,-15,81725,,,,
20260313,092790,넥스틸,11770,-380,261565,,,,
20260313,093050,LF,21700,100,31932,,,,
20260313,093240,형지엘리트,1049,0,637096,,,,
20260313,093370,후성,6970,-160,369054,,,,
20260313,094280,효성ITX,12310,10,17750,,,,
20260313,094800,맵스리얼티,7200,10,176726,,,,
20260313,095570,AJ네트웍스,5010,-80,202134,,,,
20260313,095720,웅진씽크빅,2372,-4,182775,,,,
20260313,096760,JW홀딩스,4145,60,92875,,,,
20260313,096770,SK이노베이션,112600,-9100,1213989,,,,
20260313,096775,SK이노베이션우,71200,-3100,4068,,,,
20260313,097230,HJ중공업,26900,1000,6789180,,,,
20260313,097520,엠씨넥스,23850,-200,56403,,,,
20260313,097950,CJ제일제당,199800,-1700,44971,,,,
20260313,097955,CJ제일제당 우,129000,-1400,5748,,,,
20260313,100090,SK오션플랜트,19240,-320,322984,,,,
20260313,100220,비상교육,5260,50,33078,,,,
20260313,100250,진양홀딩스,3035,10,97877,,,,
20260313,100840,SNT에너지,45050,650,199921,,,,
20260313,101140,인바이오젠,9790,360,13388,,,,
20260313,101530,해태제과식품,6620,100,21121,,,,
20260313,102260,동성케미컬,4065,-55,156908,,,,
20260313,102460,이연제약,10500,100,25447,,,,
20260313,103140,풍산,102500,-2100,353623,,,,
20260313,103590,일진전기,78700,-1800,216618,,,,
20260313,104700,한국철강,9360,-140,12015,,,,
20260313,105560,KB금융,148900,-300,1424028,,,,
20260313,105630,한세실업,12280,-420,141328,,,,
20260313,105840,우진,28250,1200,1909377,,,,
20260313,107590,미원홀딩스,65700,-200,613,,,,
20260313,108320,LX세미콘,51600,-200,40251,,,,
20260313,108670,LX하우시스,28900,50,17833,,,,
20260313,108675,LX하우시스우,15740,-80,1673,,,,
20260313,109070,주성코퍼레이션,890,1,447723,,,,
20260313,111110,호전실업,7520,-80,27369,,,,
20260313,111380,동인기연,14700,340,1858,,,,
20260313,111770,영원무역,89400,300,67847,,,,
20260313,112610,씨에스윈드,55400,-600,691615,,,,
20260313,114090,GKL,11980,-160,167008,,,,
20260313,117580,대성에너지,10590,-760,3625386,,,,
20260313,118000,메타케어,2340,-10,122887,,,,
20260313,119650,KC코트렐,918,0,0,,,,
20260313,120030,조선선재,103700,200,1487,,,,
20260313,120110,코오롱인더,75000,2500,428038,,,,
20260313,120115,코오롱인더우,28250,0,13930,,,,
20260313,122900,아이마켓코리아,7690,20,35141,,,,
20260313,123690,한국화장품,8490,-90,93942,,,,
20260313,123700,SJM,3600,5,48063,,,,
20260313,123890,한국자산신탁,2850,-30,402758,,,,
20260313,126560,현대퓨처넷,3275,15,200162,,,,
20260313,126720,수산인더스트리,29300,450,172474,,,,
20260313,128820,대성산업,8140,-200,1049628,,,,
20260313,128940,한미약품,496500,8500,115071,,,,
20260313,129260,인터지스,2470,-35,54547,,,,
20260313,130660,한전산업,21850,300,2506722,,,,
20260313,133820,화인베스틸,1304,-53,194454,,,,
20260313,134380,미원화학,10930,-40,3790,,,,
20260313,134790,시디즈,19690,130,3907,,,,
20260313,136490,선진,10300,-140,113832,,,,
20260313,137310,에스디바이오센서,8050,-470,248696,,,,
20260313,138040,메리츠금융지주,112000,-900,257339,,,,
20260313,138930,BNK금융지주,18270,-380,726765,,,,
20260313,139130,iM금융지주,16660,-200,487422,,,,
20260313,139480,이마트,93700,-100,122393,,,,
20260313,139990,아주스틸,3035,15,15506,,,,
20260313,143210,핸즈코퍼레이션,1032,5,43157,,,,
20260313,145210,다이나믹디자인,2620,-20,97869,,,,
20260313,145270,케이탑리츠,899,1,30244,,,,
20260313,145720,덴티움,53000,-1500,43635,,,,
20260313,145990,삼양사,46500,-750,10295,,,,
20260313,145995,삼양사우,35850,400,7,,,,
20260313,155660,DSR,4115,0,19655,,,,
20260313,161000,애경케미칼,9980,-290,124176,,,,
20260313,161390,한국타이어앤테크놀로지,55300,-2300,413908,,,,
20260313,161890,한국콜마,71700,0,139179,,,,
20260313,163560,동일고무벨트,6840,60,14125,,,,
20260313,170900,동아에스티,44050,150,23699,,,,
20260313,175330,JB금융지주,30500,-700,433929,,,,
20260313,178920,PI첨단소재,19490,-310,82764,,,,
20260313,180640,한진칼,115600,-7400,122646,,,,
20260313,18064K,한진칼우,34350,-1850,5045,,,,
20260313,181710,NHN,39100,400,73121,,,,
20260313,183190,아세아시멘트,12030,-10,34000,,,,
20260313,185750,종근당,85100,-700,22338,,,,
20260313,192080,더블유게임즈,50500,300,58192,,,,
20260313,192400,쿠쿠홀딩스,28350,-150,26245,,,,
20260313,192650,드림텍,6970,90,636509,,,,
20260313,192820,코스맥스,177200,2900,67175,,,,
20260313,194370,제이에스코퍼레이션,12050,-310,41310,,,,
20260313,195870,해성디에스,52900,-1400,100066,,,,
20260313,200880,서연이화,14540,-560,117600,,,,
20260313,204320,HL만도,52000,-2900,544159,,,,
20260313,207940,삼성바이오로직스,1592000,-33000,42424,,,,
20260313,210540,디와이파워,14030,-10,43989,,,,
20260313,210980,SK디앤디,13430,400,164375,,,,
20260313,213500,한솔제지,8270,-30,53066,,,,
20260313,214320,이노션,19590,40,93332,,,,
20260313,214330,금호에이치티,12077,-354,19937,,,,
20260313,214390,경보제약,5550,30,42487,,,,
20260313,214420,토니모리,6950,20,130677,,,,
20260313,217590,티엠씨,15410,-1130,306989,,,,
20260313,226320,잇츠한불,10230,20,37247,,,,
20260313,227840,현대코퍼레이션홀딩스,12180,300,37271,,,,
20260313,229640,LS에코에너지,47800,300,279264,,,,
20260313,234080,JW생명과학,13140,-80,43344,,,,
20260313,241560,두산밥캣,60400,-300,313065,,,,
20260313,241590,화승엔터프라이즈,4780,-25,91258,,,,
20260313,244920,에이플러스에셋,12600,730,105679,,,,
20260313,248070,솔루엠,17750,300,115488,,,,
20260313,248170,샘표식품,28400,150,16103,,,,
20260313,249420,일동제약,32650,300,172372,,,,
20260313,251270,넷마블,54800,1900,469577,,,,
20260313,259960,크래프톤,244500,18500,247027,,,,
20260313,264900,크라운제과,8430,-10,22872,,,,
20260313,26490K,크라운제과우,9220,130,926,,,,
20260313,267250,HD현대,262500,-14000,137934,,,,
20260313,267260,HD현대일렉트릭,929000,-15000,147873,,,,
20260313,267270,HD건설기계,131800,2800,406622,,,,
20260313,267290,경동도시가스,22000,-50,15429,,,,
20260313,267850,아시아나IDT,10110,20,6918,,,,
20260313,268280,미원에스씨,123400,-1800,1501,,,,
20260313,271560,오리온,129300,-800,142165,,,,
20260313,271940,일진하이솔루스,18040,-50,385237,,,,
20260313,271980,제일약품,14950,390,55204,,,,
20260313,272210,한화시스템,144400,-7900,1667821,,,,
20260313,272450,진에어,6500,80,121533,,,,
20260313,272550,삼양패키징,11700,80,11064,,,,
20260313,278470,에이피알,342500,20000,422239,,,,
20260313,279570,케이뱅크,7110,-150,8682477,,,,
20260313,280360,롯데웰푸드,112900,-1600,13628,,,,
20260313,281820,케이씨텍,44800,450,84633,,,,
20260313,282330,BGF리테일,117600,0,32753,,,,
20260313,284740,쿠쿠홈시스,24000,-500,33413,,,,
20260313,285130,SK케미칼,57400,-1500,26718,,,,
20260313,28513K,SK케미칼우,27350,-200,2608,,,,
20260313,286940,롯데이노베이트,23100,1350,56601,,,,
20260313,293480,하나제약,9490,0,62693,,,,
20260313,293940,신한알파리츠,5770,50,169441,,,,
20260313,294870,IPARK현대산업개발,22000,600,285494,,,,
20260313,298000,효성화학,77800,0,0,,,,
20260313,298020,효성티앤씨,345500,-5000,16934,,,,
20260313,298040,효성중공업,2593000,32000,42955,,,,
20260313,298050,HS효성첨단소재,218000,-2000,12177,,,,
20260313,298690,에어부산,1780,20,243679,,,,
20260313,300720,한일시멘트,16800,-250,84939,,,,
20260313,302440,SK바이오사이언스,43700,300,109769,,,,
20260313,306200,세아제강,138400,100,17699,,,,
20260313,307950,현대오토에버,412500,6000,105008,,,,
20260313,308170,씨티알모빌리티,5090,185,31726,,,,
20260313,316140,우리금융지주,32200,-300,2295229,,,,
20260313,317400,자이에스앤디,4455,105,84412,,,,
20260313,317450,명인제약,60000,-600,21624,,,,
20260313,322000,HD현대에너지솔루션,122100,-8600,1915326,,,,
20260313,323410,카카오뱅크,23850,-900,760898,,,,
20260313,326030,SK바이오팜,97800,-600,189623,,,,
20260313,329180,HD현대중공업,596000,-8000,187775,,,,
20260313,330590,롯데리츠,4795,110,361743,,,,
20260313,334890,이지스밸류플러스리츠,4200,70,170588,,,,
20260313,336260,두산퓨얼셀,46050,-200,1749076,,,,
20260313,33626K,두산퓨얼셀1우,8450,-150,52232,,,,
20260313,33626L,두산퓨얼셀2우B,10370,-280,7413,,,,
20260313,336370,솔루스첨단소재,8430,-320,256045,,,,
20260313,33637K,솔루스첨단소재1우,2030,-45,13405,,,,
20260313,33637L,솔루스첨단소재2우B,3280,5,2769,,,,
20260313,338100,NH프라임리츠,4680,10,88618,,,,
20260313,339770,교촌에프앤비,4250,10,73756,,,,
20260313,344820,KCC글라스,26300,-350,24934,,,,
20260313,348950,제이알글로벌리츠,1606,-19,1273962,,,,
20260313,350520,이지스레지던스리츠,3765,10,65220,,,,
20260313,352820,하이브,361500,6500,185472,,,,
20260313,353200,대덕전자,63300,-400,573274,,,,
20260313,35320K,대덕전자1우,16260,-30,4806,,,,
20260313,357120,코람코라이프인프라리츠,4625,40,136944,,,,
20260313,357250,미래에셋맵스리츠,2420,10,48066,,,,
20260313,357430,마스턴프리미어리츠,1471,5,18989,,,,
20260313,361610,SK아이이테크놀로지,21950,-850,138638,,,,
20260313,363280,티와이홀딩스,2795,5,28467,,,,
20260313,36328K,티와이홀딩스우,4075,-70,6740,,,,
20260313,365550,ESR켄달스퀘어리츠,4350,70,427727,,,,
20260313,372910,한컴라이프케어,2585,55,68250,,,,
20260313,373220,LG에너지솔루션,369000,-15000,370087,,,,
20260313,375500,DL이앤씨,49050,1000,494289,,,,
20260313,37550K,DL이앤씨우,24950,450,12819,,,,
20260313,37550L,DL이앤씨2우(전환),35850,150,3789,,,,
20260313,377190,디앤디플랫폼리츠,3100,5,190717,,,,
20260313,377300,카카오페이,58200,-800,269938,,,,
20260313,377740,바이오노트,5440,70,142252,,,,
20260313,378850,화승알앤에이,3580,-85,66949,,,,
20260313,381970,케이카,14290,-60,36051,,,,
20260313,383220,F&F,63100,-2200,91126,,,,
20260313,383800,LX홀딩스,8190,-110,59802,,,,
20260313,38380K,LX홀딩스1우,8630,340,1555,,,,
20260313,395400,SK리츠,5980,80,677902,,,,
20260313,396690,미래에셋글로벌리츠,2540,30,44357,,,,
20260313,400760,NH올원리츠,3245,35,167505,,,,
20260313,402340,SK스퀘어,534000,-20000,420495,,,,
20260313,403550,쏘카,11250,100,4414,,,,
20260313,404990,신한서부티엔디리츠,4520,15,115888,,,,
20260313,415640,KB발해인프라,10030,30,158797,,,,
20260313,417310,코람코더원리츠,9400,-410,399156,,,,
20260313,432320,KB스타리츠,2705,25,665572,,,,
20260313,439260,대한조선,101600,1100,360895,,,,
20260313,443060,HD현대마린솔루션,173100,-5000,84831,,,,
20260313,446070,유니드비티플러스,2980,-15,32990,,,,
20260313,448730,삼성FN리츠,5440,80,103208,,,,
20260313,450080,에코프로머티,63500,-4800,1305914,,,,
20260313,451800,한화리츠,5090,20,183072,,,,
20260313,452260,한화갤러리아,2700,-90,2226709,,,,
20260313,45226K,한화갤러리아우,7960,160,14490,,,,
20260313,453340,현대그린푸드,15790,-110,29058,,,,
20260313,454910,두산로보틱스,89500,-4800,626968,,,,
20260313,456040,OCI,86400,-2000,45384,,,,
20260313,457190,이수스페셜티케미컬,92900,-4500,331408,,,,
20260313,460850,동국씨엠,5720,-50,63548,,,,
20260313,460860,동국제강,9270,-30,230240,,,,
20260313,462520,조선내화,13880,130,8655,,,,
20260313,462870,시프트업,30950,100,53618,,,,
20260313,465770,STX그린로지스,6520,-20,1506928,,,,
20260313,475150,SK이터닉스,39350,2000,11546015,,,,
20260313,475560,더본코리아,21850,-50,11411,,,,
20260313,480370,씨케이솔루션,2720,-45,53794,,,,
20260313,481850,신한글로벌액티브리츠,1130,13,57788,,,,
20260313,483650,달바글로벌,150500,4000,61232,,,,
20260313,484870,엠앤씨솔루션,42766,-434,418833,,,,
20260313,487570,HS효성,57500,-1000,19552,,,,
20260313,489790,한화비전,76700,-2200,376669,,,,
20260313,499790,GS피앤엘,51100,3200,217951,,,,
20260313,900140,엘브이엠씨홀딩스,1422,55,730854,,,,
20260313,950210,프레스티지바이오파마,9740,-10,77723,,,,
20260316,000020,동화약품,6090,-40,46309,,,,
20260316,000040,KR모터스,1885,0,15939,,,,
20260316,000050,경방,9110,-260,45460,,,,
20260316,000070,삼양홀딩스,69800,-1100,10675,,,,
20260316,000080,하이트진로,16670,-110,103688,,,,
20260316,000087,하이트진로2우B,14030,-20,934,,,,
20260316,000100,유한양행,97400,-1900,184711,,,,
20260316,000105,유한양행우,87800,-400,1360,,,,
20260316,000120,CJ대한통운,110000,-1900,90195,,,,
20260316,000140,하이트진로홀딩스,9030,-100,14107,,,,
20260316,000145,하이트진로홀딩스우,11100,-100,386,,,,
20260316,000150,두산,1088000,-11000,79356,,,,
20260316,000155,두산우,502000,-10000,14935,,,,
20260316,000157,두산2우B,448500,-20500,3272,,,,
20260316,000180,성창기업지주,7555,-165,23913,,,,
20260316,000210,DL,44600,-1250,75598,,,,
20260316,000215,DL우,24050,-850,4109,,,,
20260316,000220,유유제약,4305,-55,41169,,,,
20260316,000225,유유제약1우,4465,20,17313,,,,
20260316,000227,유유제약2우B,10810,20,1788,,,,
20260316,000230,일동홀딩스,10600,-90,22627,,,,
20260316,000240,한국앤컴퍼니,24850,-400,81587,,,,
20260316,000270,기아,162000,-2300,1055451,,,,
20260316,000300,DH오토넥스,4200,0,0,,,,
20260316,000320,노루홀딩스,22600,-500,10821,,,,
20260316,000325,노루홀딩스우,30700,700,178,,,,
20260316,000370,한화손해보험,6750,-170,285565,,,,
20260316,000390,SP삼화,9260,-190,710350,,,,
20260316,000400,롯데손해보험,2035,-50,497854,,,,
20260316,000430,대원강업,3950,-75,99813,,,,
20260316,000480,CR홀딩스,4880,-30,11013,,,,
20260316,000490,대동,9980,-200,195434,,,,
20260316,000500,가온전선,53901,-889,65344,,,,
20260316,000520,삼일제약,9910,60,174697,,,,
20260316,000540,흥국화재,4615,35,260954,,,,
20260316,000545,흥국화재우,6840,10,3314,,,,
20260316,000590,CS홀딩스,81000,-1600,328,,,,
20260316,000640,동아쏘시오홀딩스,103000,-200,10862,,,,
20260316,000650,천일고속,226000,-7500,1948,,,,
20260316,000660,SK하이닉스,974000,64000,3829496,,,,
20260316,000670,영풍,51200,-1000,31566,,,,
20260316,000680,LS네트웍스,3205,-50,118640,,,,
20260316,000700,유수홀딩스,6450,-20,60967,,,,
20260316,000720,현대건설,159600,-4800,1051718,,,,
20260316,000725,현대건설우,70800,-3000,18968,,,,
20260316,000760,이화산업,15010,-490,1912,,,,
20260316,000810,삼성화재,465000,-9000,97286,,,,
20260316,000815,삼성화재우,383500,-5000,15203,,,,
20260316,000850,화천기공,36700,-550,5121,,,,
20260316,000860,강남제비스코,15250,-350,34711,,,,
20260316,000880,한화,148499,1921,187097,,,,
20260316,00088K,한화3우B,50140,755,39846,,,,
20260316,000890,보해양조,2190,-35,91881,,,,
20260316,000910,유니온,4415,5,209466,,,,
20260316,000950,전방,35950,-250,550,,,,
20260316,000970,한국주철관,6680,-120,15838,,,,
20260316,000990,DB하이텍,87900,1400,351389,,,,
20260316,001020,페이퍼코리아,3595,-100,22943,,,,
20260316,001040,CJ,186900,10500,392761,,,,
20260316,001045,CJ우,88500,1900,10519,,,,
20260316,00104K,CJ4우(전환),163000,8100,28512,,,,
20260316,001060,JW중외제약,31650,-100,57272,,,,
20260316,001065,JW중외제약우,27950,-50,22,,,,
20260316,001067,JW중외제약2우B,55500,-300,123,,,,
20260316,001070,대한방직,6780,-20,11984,,,,
20260316,001080,만호제강,4915,-105,57782,,,,
20260316,001120,LX인터내셔널,45450,2150,308582,,,,
20260316,001130,대한제분,14890,-340,42050,,,,
20260316,001200,유진투자증권,4895,55,755745,,,,
20260316,001210,금호전기,4000,-45,154772,,,,
20260316,001230,동국홀딩스,2161,-142,1087631,,,,
20260316,001250,GS글로벌,2515,15,1278206,,,,
20260316,001260,남광토건,9030,10,40588,,,,
20260316,001270,부국증권,78300,-3200,29152,,,,
20260316,001275,부국증권우,37100,-650,7298,,,,
20260316,001290,상상인증권,1196,-30,1271914,,,,
20260316,001340,PKC,6630,-320,290095,,,,
20260316,001360,삼성제약,1811,-66,384495,,,,
20260316,001380,SG글로벌,2825,-84,73967,,,,
20260316,001390,KG케미칼,5150,-150,618149,,,,
20260316,001420,태원물산,2720,35,5726,,,,
20260316,001430,세아베스틸지주,67300,-3200,172403,,,,
20260316,001440,대한전선,29350,-600,2205756,,,,
20260316,001450,현대해상,29200,-600,248788,,,,
20260316,001460,BYC,44700,100,4060,,,,
20260316,001465,BYC우,26750,200,602,,,,
20260316,001470,삼부토건,347,0,0,,,,
20260316,001500,현대차증권,10980,20,211125,,,,
20260316,001510,SK증권,3457,-108,10669824,,,,
20260316,001515,SK증권우,5800,-300,24400,,,,
20260316,001520,동양,1620,-40,669425,,,,
20260316,001525,동양우,8870,-50,107,,,,
20260316,001527,동양2우B,17960,1460,141,,,,
20260316,001530,DI동일,22550,-350,33101,,,,
20260316,001550,조비,17450,190,2503868,,,,
20260316,001560,제일연마,11850,480,13166,,,,
20260316,001570,금양,9900,0,0,,,,
20260316,001620,케이비아이동국실업,3085,-25,128505,,,,
20260316,001630,종근당홀딩스,48550,-1450,6130,,,,
20260316,001680,대상,20050,-500,178407,,,,
20260316,001685,대상우,16750,-120,7799,,,,
20260316,001720,신영증권,199700,-7300,27373,,,,
20260316,001740,SK네트웍스,5240,-60,450015,,,,
20260316,001750,한양증권,25800,-350,30318,,,,
20260316,001755,한양증권우,25550,200,2197,,,,
20260316,001770,SHD,17600,270,1085,,,,
20260316,001780,알루코,2145,5,2305085,,,,
20260316,001790,대한제당,2715,-40,182323,,,,
20260316,001795,대한제당우,2380,-10,13357,,,,
20260316,001800,오리온홀딩스,24200,100,107160,,,,
20260316,001820,삼화콘덴서,51300,700,165696,,,,
20260316,001940,KISCO홀딩스,24400,-750,8467,,,,
20260316,002020,코오롱,55900,300,53516,,,,
20260316,002025,코오롱우,26350,-400,22199,,,,
20260316,002030,아세아,290000,-500,1890,,,,
20260316,002070,비비안,7403,-2310,583342,,,,
20260316,002100,경농,9690,-80,284670,,,,
20260316,002140,고려산업,2765,-20,1411491,,,,
20260316,002150,도화엔지니어링,6350,-30,41304,,,,
20260316,002170,SYTS,58700,700,3470,,,,
20260316,002200,한국수출포장,3030,-30,239302,,,,
20260316,002210,동성제약,1946,0,0,,,,
20260316,002220,한일철강,4035,150,146342,,,,
20260316,002240,고려제강,21050,150,23455,,,,
20260316,002310,아세아제지,8980,-180,337626,,,,
20260316,002320,한진,19300,-30,15072,,,,
20260316,002350,넥센타이어,7080,-220,144667,,,,
20260316,002355,넥센타이어1우B,4120,-5,12374,,,,
20260316,002360,SH에너지화학,3940,-120,274781,,,,
20260316,002380,KCC,511000,-2000,22459,,,,
20260316,002390,한독,10700,60,13865,,,,
20260316,002410,범양건영,1935,0,0,,,,
20260316,002420,세기상사,5730,0,33373,,,,
20260316,002450,삼익악기,1200,19,387247,,,,
20260316,002460,HS화성,12450,-380,21317,,,,
20260316,002600,조흥,149300,0,126,,,,
20260316,002620,제일파마홀딩스,9170,-110,29716,,,,
20260316,002630,오리엔트바이오,1058,-18,365383,,,,
20260316,002690,동일제강,1500,-23,14258,,,,
20260316,002700,신일전자,1387,0,308925,,,,
20260316,002710,TCC스틸,13760,-20,96520,,,,
20260316,002720,국제약품,4965,35,257371,,,,
20260316,002760,보락,1208,-3,543354,,,,
20260316,002780,진흥기업,793,45,4526233,,,,
20260316,002785,진흥기업우B,3405,-15,4528,,,,
20260316,002787,진흥기업2우B,8490,350,1689,,,,
20260316,002790,아모레퍼시픽홀딩스,26450,-300,99927,,,,
20260316,002795,아모레퍼시픽홀딩스우,12230,-60,13314,,,,
20260316,00279K,아모레퍼시픽홀딩스3우C,23050,-450,1861,,,,
20260316,002810,삼영무역,19280,40,19734,,,,
20260316,002820,SUN&L,2350,-15,16417,,,,
20260316,002840,미원상사,138000,-3200,1148,,,,
20260316,002870,신풍,1246,-49,113604,,,,
20260316,002880,디와이에이,937,-16,32061,,,,
20260316,002900,TYM,6720,-130,313674,,,,
20260316,002920,유성기업,1975,-50,97042,,,,
20260316,002960,한국쉘석유,532000,-1000,3585,,,,
20260316,002990,금호건설,4750,-290,209285,,,,
20260316,002995,금호건설우,14000,-50,984,,,,
20260316,003000,부광약품,5940,-150,2156919,,,,
20260316,003010,혜인,5340,-50,65266,,,,
20260316,003030,세아제강지주,159600,8600,48195,,,,
20260316,003060,에이프로젠바이오로직스,275,3,1385914,,,,
20260316,003070,코오롱글로벌,10040,-240,58976,,,,
20260316,003075,코오롱글로벌우,15150,-110,1235,,,,
20260316,003080,SB성보,2645,-10,5677,,,,
20260316,003090,대웅,23200,-600,70619,,,,
20260316,0030R0,대신밸류리츠,4370,-20,49273,,,,
20260316,003120,일성아이에스,23450,-450,4104,,,,
20260316,003160,디아이,35950,3950,1020294,,,,
20260316,003200,일신방직,12390,-130,15080,,,,
20260316,003220,대원제약,10840,310,45361,,,,
20260316,003230,삼양식품,1038000,-48000,32269,,,,
20260316,003240,태광산업,1089000,-23000,3668,,,,
20260316,003280,흥아해운,3035,700,222445549,,,,
20260316,003300,한일홀딩스,17900,190,33034,,,,
20260316,003350,한국화장품제조,9180,-480,207095,,,,
20260316,003460,유화증권,3650,0,199646,,,,
20260316,003465,유화증권우,3525,25,3567,,,,
20260316,003470,유안타증권,5010,30,427763,,,,
20260316,003475,유안타증권우,4530,25,27694,,,,
20260316,003480,한진중공업홀딩스,4665,-85,65556,,,,
20260316,003490,대한항공,24650,350,2134163,,,,
20260316,003495,대한항공우,23450,150,4421,,,,
20260316,003520,영진약품,1811,0,254238,,,,
20260316,003530,한화투자증권,7420,270,2371801,,,,
20260316,003535,한화투자증권우,8470,170,9409,,,,
20260316,003540,대신증권,39650,-200,87858,,,,
20260316,003545,대신증권우,26250,-50,84818,,,,
20260316,003547,대신증권2우B,24900,-100,14044,,,,
20260316,003550,LG,88600,-1400,318503,,,,
20260316,003555,LG우,69400,0,3774,,,,
20260316,003570,SNT다이내믹스,51700,-600,53849,,,,
20260316,003580,HLB글로벌,1957,-3,131018,,,,
20260316,003610,방림,5270,0,48579,,,,
20260316,003620,KG모빌리티,3480,-110,611226,,,,
20260316,003650,미창석유,112900,-3700,5233,,,,
20260316,003670,포스코퓨처엠,191200,300,603441,,,,
20260316,003680,한성기업,5090,10,16563,,,,
20260316,003690,코리안리,12950,-210,321044,,,,
20260316,003720,삼영,7180,-30,576967,,,,
20260316,003780,진양산업,5770,-120,162968,,,,
20260316,003830,대한화섬,121900,0,87,,,,
20260316,003850,보령,9340,-250,114835,,,,
20260316,003920,남양유업,55900,0,24726,,,,
20260316,003925,남양유업우,45000,4050,14857,,,,
20260316,003960,사조대림,32450,-850,14850,,,,
20260316,004000,롯데정밀화학,51100,-300,201973,,,,
20260316,004020,현대제철,34900,-2100,1702347,,,,
20260316,004060,SG세계물산,5170,-30,371753,,,,
20260316,004080,신흥,13800,-40,1121,,,,
20260316,004090,한국석유,18940,-1050,1886578,,,,
20260316,004100,태양금속,3070,-55,792368,,,,
20260316,004105,태양금속우,3920,-110,48367,,,,
20260316,004140,동방,2750,115,6488615,,,,
20260316,004150,한솔홀딩스,3260,-5,77778,,,,
20260316,004170,신세계,349000,23000,76157,,,,
20260316,004250,NPC,3730,-65,57788,,,,
20260316,004255,NPC우,2365,-5,804,,,,
20260316,004270,남성,6074,-31,2295,,,,
20260316,004310,현대약품,9200,-70,394718,,,,
20260316,004360,세방,14740,-340,36151,,,,
20260316,004365,세방우,9240,-70,497,,,,
20260316,004370,농심,361500,-7500,30652,,,,
20260316,004380,삼익THK,13000,0,0,,,,
20260316,004410,서울식품,1980,-80,2768110,,,,
20260316,004415,서울식품우,11810,-160,1895,,,,
20260316,004430,송원산업,8680,-20,44147,,,,
20260316,004440,삼일씨엔에스,6270,310,149107,,,,
20260316,004450,삼화왕관,27650,-300,1452,,,,
20260316,004490,세방전지,59800,-800,19104,,,,
20260316,004540,깨끗한나라,1947,21,80160,,,,
20260316,004545,깨끗한나라우,10140,-190,251,,,,
20260316,004560,현대비앤지스틸,16990,-760,152779,,,,
20260316,004690,삼천리,140000,300,12858,,,,
20260316,004700,조광피혁,68900,-400,4360,,,,
20260316,004710,한솔테크닉스,4559,-425,610433,,,,
20260316,004720,팜젠사이언스,3760,-55,25343,,,,
20260316,004770,써니전자,1596,-24,166012,,,,
20260316,004800,효성,131900,-500,14332,,,,
20260316,004830,덕성,4620,-120,131531,,,,
20260316,004835,덕성우,5970,-80,1645,,,,
20260316,004840,DRB동일,5500,-100,15851,,,,
20260316,004870,티웨이홀딩스,1645,-5,45408,,,,
20260316,004890,동일산업,39100,-50,289,,,,
20260316,004910,조광페인트,4760,-30,15124,,,,
20260316,004920,씨아이테크,1094,12,123674,,,,
20260316,004960,한신공영,12750,-110,75374,,,,
20260316,004970,신라교역,9510,40,13413,,,,
20260316,004980,성신양회,9260,-60,47290,,,,
20260316,004985,성신양회우,10720,-120,3963,,,,
20260316,004990,롯데지주,30050,-50,207990,,,,
20260316,00499K,롯데지주우,30600,50,1438,,,,
20260316,005010,휴스틸,4810,-185,1128808,,,,
20260316,005030,부산주공,486,0,0,,,,
20260316,005070,코스모신소재,47250,-750,147569,,,,
20260316,005090,SGC에너지,58100,-5200,216232,,,,
20260316,005110,한창,1254,0,0,,,,
20260316,005180,빙그레,77800,600,30606,,,,
20260316,005250,녹십자홀딩스,13920,-170,56130,,,,
20260316,005257,녹십자홀딩스2우,23900,-100,135,,,,
20260316,005300,롯데칠성,120100,-1400,15002,,,,
20260316,005305,롯데칠성우,79800,-400,596,,,,
20260316,005320,온타이드,1034,14,117345,,,,
20260316,005360,모나미,1760,-18,46292,,,,
20260316,005380,현대차,506000,-11000,1348089,,,,
20260316,005385,현대차우,262000,-3000,96514,,,,
20260316,005387,현대차2우B,263500,0,147319,,,,
20260316,005389,현대차3우B,247000,-1500,16568,,,,
20260316,005420,코스모화학,14070,-370,130977,,,,
20260316,005430,한국공항,58600,-400,1899,,,,
20260316,005440,현대지에프홀딩스,15600,1000,970766,,,,
20260316,005490,POSCO홀딩스,333500,-3500,237017,,,,
20260316,005500,삼진제약,18210,-110,27502,,,,
20260316,005610,삼립,52400,800,10288,,,,
20260316,005680,삼영전자,12750,30,100624,,,,
20260316,005690,파미셀,16130,-290,679354,,,,
20260316,005720,넥센,6830,30,35445,,,,
20260316,005725,넥센우,4395,-55,28791,,,,
20260316,005740,크라운해태홀딩스,6690,40,28120,,,,
20260316,005745,크라운해태홀딩스우,7400,30,149,,,,
20260316,005750,대림바스,5530,230,291580,,,,
20260316,005800,신영와코루,16210,-280,3878,,,,
20260316,005810,풍산홀딩스,37850,-750,48463,,,,
20260316,005820,원림,15510,-370,2077,,,,
20260316,005830,DB손해보험,176700,-600,152882,,,,
20260316,005850,에스엘,63300,-2000,152317,,,,
20260316,005870,휴니드,8580,240,503724,,,,
20260316,005880,대한해운,2515,315,198583853,,,,
20260316,005930,삼성전자,188700,5200,19747901,,,,
20260316,005935,삼성전자우,138300,4400,3356215,,,,
20260316,005940,NH투자증권,31750,50,1079730,,,,
20260316,005945,NH투자증권우,26150,200,74090,,,,
20260316,005950,이수화학,7820,-190,113951,,,,
20260316,005960,동부건설,7670,-10,153129,,,,
20260316,005965,동부건설우,18430,-320,618,,,,
20260316,006040,동원산업,37500,-950,83403,,,,
20260316,006060,화승인더,3330,-40,69067,,,,
20260316,006090,사조오양,8200,-70,12449,,,,
20260316,006110,삼아알미늄,36450,2600,814689,,,,
20260316,006120,SK디스커버리,57200,600,81212,,,,
20260316,006125,SK디스커버리우,39450,-350,4658,,,,
20260316,006200,한국전자홀딩스,3750,-10,32300,,,,
20260316,006220,제주은행,13370,-240,147078,,,,
20260316,006260,LS,266000,16000,365808,,,,
20260316,006280,녹십자,149500,-2700,29080,,,,
20260316,006340,대원전선,5800,-180,6361072,,,,
20260316,006345,대원전선우,4045,-165,67189,,,,
20260316,006360,GS건설,22400,-600,1129452,,,,
20260316,006370,대구백화점,4520,-80,14195,,,,
20260316,006380,카프로,3660,0,0,,,,
20260316,006400,삼성SDI,383000,-5000,483616,,,,
20260316,006405,삼성SDI우,219000,-3500,9293,,,,
20260316,006490,프리티,2340,205,348267,,,,
20260316,006570,대림통상,2100,20,4775,,,,
20260316,006650,대한유화,124500,-2800,33502,,,,
20260316,006660,삼성공조,11680,-420,38227,,,,
20260316,006740,블루산업개발,1285,5,52390,,,,
20260316,006800,미래에셋증권,70900,1700,4166413,,,,
20260316,006805,미래에셋증권우,23850,-50,268642,,,,
20260316,00680K,미래에셋증권2우B,21900,400,503552,,,,
20260316,006840,AK홀딩스,8060,140,19888,,,,
20260316,006880,신송홀딩스,7150,160,220982,,,,
20260316,006890,태경케미컬,9000,210,2116518,,,,
20260316,006980,우성,21400,50,4792,,,,
20260316,007070,GS리테일,19020,60,93265,,,,
20260316,007110,일신석재,1603,-107,1132451,,,,
20260316,007120,미래아이앤지,1846,81,1398144,,,,
20260316,007160,사조산업,52300,-700,6241,,,,
20260316,007210,벽산,1872,-13,180163,,,,
20260316,007280,한국특강,2793,0,7666,,,,
20260316,007310,오뚜기,366000,500,5321,,,,
20260316,007340,DN오토모티브,35850,8250,1478038,,,,
20260316,007460,에이프로젠,314,8,3354512,,,,
20260316,007540,샘표,56500,100,13761,,,,
20260316,007570,일양약품,14600,0,0,,,,
20260316,007575,일양약품우,15260,0,0,,,,
20260316,007590,동방아그로,5860,-50,5474,,,,
20260316,007610,선도전기,3000,0,0,,,,
20260316,007660,이수페타시스,105800,-1300,535080,,,,
20260316,007690,국도화학,35200,-900,8689,,,,
20260316,007700,F&F홀딩스,17870,-330,19777,,,,
20260316,007810,코리아써키트,52600,1200,150028,,,,
20260316,007815,코리아써우,14710,10,2782,,,,
20260316,00781K,코리아써키트2우B,11980,-10,2178,,,,
20260316,007860,서연,9740,-260,83202,,,,
20260316,007980,TP,1889,-48,559437,,,,
20260316,008040,사조동아원,1148,-5,1206209,,,,
20260316,008060,대덕,12960,100,64424,,,,
20260316,00806K,대덕1우,10740,80,10979,,,,
20260316,008250,이건산업,3845,-90,17509,,,,
20260316,008260,NI스틸,3460,-60,70373,,,,
20260316,008350,남선알미늄,1715,209,141278390,,,,
20260316,008355,남선알미우,14960,940,37163,,,,
20260316,008420,문배철강,2180,0,49824,,,,
20260316,008490,서흥,20250,-200,6112,,,,
20260316,008600,윌비스,2720,0,0,,,,
20260316,008700,아남전자,1198,-1,224617,,,,
20260316,008730,율촌화학,24650,-100,69603,,,,
20260316,008770,호텔신라,42750,450,70036,,,,
20260316,008775,호텔신라우,34100,-200,383,,,,
20260316,008870,금비,45100,-50,554,,,,
20260316,008930,한미사이언스,36550,-600,94512,,,,
20260316,008970,KBI동양철관,1720,-4,734763,,,,
20260316,009070,KCTC,6420,-40,821585,,,,
20260316,009140,경인전자,22000,300,4347,,,,
20260316,009150,삼성전기,413000,12500,703241,,,,
20260316,009155,삼성전기우,172400,7100,38382,,,,
20260316,009160,SIMPAC,4855,-145,245432,,,,
20260316,009180,한솔로지스틱스,2915,-50,352244,,,,
20260316,009190,대양금속,1255,7,109814,,,,
20260316,009200,무림페이퍼,1972,-11,125749,,,,
20260316,009240,한샘,42150,-800,22955,,,,
20260316,009270,신원,1380,-53,783229,,,,
20260316,009290,광동제약,8850,-170,400404,,,,
20260316,009310,참엔지니어링,1065,0,0,,,,
20260316,009320,아진전자부품,997,-16,162697,,,,
20260316,009410,태영건설,1837,5,568311,,,,
20260316,009415,태영건설우,6030,-130,2478,,,,
20260316,009420,한올바이오파마,53600,-2700,307962,,,,
20260316,009440,KC그린홀딩스,756,0,0,,,,
20260316,009450,경동나비엔,61700,1000,19850,,,,
20260316,009460,한창제지,2495,-20,23591,,,,
20260316,009470,삼화전기,39100,-900,57710,,,,
20260316,009540,HD한국조선해양,409500,-6500,123247,,,,
20260316,009580,무림P&P,2410,-30,44943,,,,
20260316,009680,모토닉,11020,-150,58467,,,,
20260316,009770,삼정펄프,32500,-550,3433,,,,
20260316,009810,MDS스피어,2135,24,9547,,,,
20260316,009830,한화솔루션,43436,-2499,3546372,,,,
20260316,009835,한화솔루션우,24747,-1265,27679,,,,
20260316,009900,명신산업,10800,-280,479249,,,,
20260316,009970,영원무역홀딩스,219000,-4000,11138,,,,
20260316,010040,한국내화,2055,10,12604,,,,
20260316,010060,OCI홀딩스,158100,-7900,199517,,,,
20260316,010100,한국무브넥스,4555,-145,204638,,,,
20260316,010120,LS ELECTRIC,146600,-2800,428815,,,,
20260316,010130,고려아연,1600000,-28000,19945,,,,
20260316,010140,삼성중공업,28750,-1950,7119239,,,,
20260316,010400,우진아이엔에스,3765,-235,30247,,,,
20260316,010580,에스엠벡셀,2045,-10,155529,,,,
20260316,010640,진양폴리,2560,-80,40618,,,,
20260316,010660,화천기계,5830,-140,234077,,,,
20260316,010690,화신,12910,150,244235,,,,
20260316,010770,평화홀딩스,3980,15,32878,,,,
20260316,010780,아이에스동서,31750,-1700,152937,,,,
20260316,010820,퍼스텍,8000,690,9623906,,,,
20260316,010950,S-Oil,105400,-2600,650853,,,,
20260316,010955,S-Oil우,53700,-800,20038,,,,
20260316,010960,삼호개발,3880,-115,41599,,,,
20260316,011000,진원생명과학,5330,-105,82837,,,,
20260316,011070,LG이노텍,254000,4000,85820,,,,
20260316,011090,에넥스,2245,-5,46357,,,,
20260316,011150,CJ씨푸드,2640,-35,107843,,,,
20260316,011155,CJ씨푸드1우,13900,-450,291,,,,
20260316,011170,롯데케미칼,69100,-1700,207019,,,,
20260316,011200,HMM,20950,-100,2198294,,,,
20260316,011210,현대위아,81200,-2300,151725,,,,
20260316,011230,삼화전자,2585,-35,56051,,,,
20260316,011280,태림포장,1923,28,469205,,,,
20260316,011300,우성머티리얼스,3230,0,125837,,,,
20260316,011330,유니켐,7340,-110,140039,,,,
20260316,011390,부산산업,75800,-4000,10358,,,,
20260316,011420,갤럭시아에스엠,1751,-16,35855,,,,
20260316,011500,한농화성,21750,-500,213036,,,,
20260316,011690,와이투솔루션,6620,-290,751225,,,,
20260316,011700,한신기계,5010,65,4806372,,,,
20260316,011760,현대코퍼레이션,25550,-250,56816,,,,
20260316,011780,금호석유화학,115100,-1200,64917,,,,
20260316,011785,금호석유화학우,57500,-100,3544,,,,
20260316,011790,SKC,91737,-1692,148847,,,,
20260316,011810,STX,3530,0,0,,,,
20260316,011930,신성이엔지,22400,-1300,710891,,,,
20260316,012030,DB,1775,-57,1054862,,,,
20260316,0120G0,삼양바이오팜,90300,-2000,59316,,,,
20260316,012160,영흥,2935,180,203130,,,,
20260316,012170,아센디오,1314,11,24338,,,,
20260316,012200,계양전기,6723,-284,494360,,,,
20260316,012205,계양전기우,5482,-125,10821,,,,
20260316,012280,영화금속,1030,3,442315,,,,
20260316,012320,경동인베스트,89300,4000,23073,,,,
20260316,012330,현대모비스,401000,-3000,177548,,,,
20260316,012450,한화에어로스페이스,1476000,-12000,180940,,,,
20260316,012610,경인양행,4055,-70,241346,,,,
20260316,012630,HDC,24650,200,146623,,,,
20260316,012690,모나리자,2110,20,253312,,,,
20260316,0126Z0,삼성에피스홀딩스,515000,-17000,45314,,,,
20260316,012750,에스원,83100,0,52957,,,,
20260316,012800,대창,1343,-11,657776,,,,
20260316,013000,세우글로벌,1117,-25,90948,,,,
20260316,013360,일성건설,1786,14,207785,,,,
20260316,013520,화승코퍼레이션,2990,-35,118920,,,,
20260316,013570,디와이,4885,-95,82140,,,,
20260316,013580,계룡건설,24950,-1100,51226,,,,
20260316,013700,까뮤이앤씨,1240,-50,72965,,,,
20260316,013870,지엠비코리아,5220,-80,26817,,,,
20260316,013890,지누스,12130,-50,40798,,,,
20260316,014130,한익스프레스,2695,40,16781,,,,
20260316,014160,대영포장,1020,-15,211527,,,,
20260316,014280,금강공업,5000,-70,106759,,,,
20260316,014285,금강공업우,6800,-120,1472,,,,
20260316,014440,영보화학,4710,-30,29392,,,,
20260316,014530,극동유화,3845,-20,1588020,,,,
20260316,014580,태경비케이,4470,10,152329,,,,
20260316,014680,한솔케미칼,284000,9000,66861,,,,
20260316,014710,사조씨푸드,7340,-310,19826,,,,
20260316,014790,HL D&I,3160,-60,65214,,,,
20260316,014820,동원시스템즈,24350,-350,32207,,,,
20260316,014825,동원시스템즈우,16390,-110,73,,,,
20260316,014830,유니드,82600,-1400,32644,,,,
20260316,014910,성문전자,1716,-10,180786,,,,
20260316,014915,성문전자우,4380,25,2972,,,,
20260316,014990,인디에프,3915,-160,62499,,,,
20260316,015020,이스타코,928,0,0,,,,
20260316,015230,대창단조,6290,-110,44683,,,,
20260316,015260,에이엔피,700,-30,526093,,,,
20260316,015360,INVENI,15320,60,23475,,,,
20260316,015590,DKME,2575,0,0,,,,
20260316,015760,한국전력,46900,-1400,1903043,,,,
20260316,015860,일진홀딩스,7280,-150,170166,,,,
20260316,015890,태경산업,4735,-20,29374,,,,
20260316,016090,대현,1645,-11,36645,,,,
20260316,016360,삼성증권,96600,1300,363045,,,,
20260316,016380,KG스틸,5630,-40,190994,,,,
20260316,016450,한세예스24홀딩스,4845,-25,36224,,,,
20260316,016580,환인제약,10230,-120,20069,,,,
20260316,016590,신대양제지,12830,-370,46829,,,,
20260316,016610,DB증권,13950,-40,149524,,,,
20260316,016710,대성홀딩스,8760,-110,23827,,,,
20260316,016740,두올,4660,-95,94341,,,,
20260316,016800,퍼시스,39000,350,300,,,,
20260316,016880,웅진,2280,135,1002866,,,,
20260316,017040,광명전기,1443,18,802288,,,,
20260316,017180,명문제약,1888,32,213480,,,,
20260316,017370,우신시스템,5880,-70,60251,,,,
20260316,017390,서울가스,67400,-800,10823,,,,
20260316,017550,수산세보틱스,1872,-45,213936,,,,
20260316,017670,SK텔레콤,76300,1300,415991,,,,
20260316,017800,현대엘리베이터,87000,-900,186669,,,,
20260316,017810,풀무원,11840,-170,43759,,,,
20260316,017860,DS단석,19410,-1190,277651,,,,
20260316,017900,광전자,2050,-30,156024,,,,
20260316,017940,E1,96600,600,20816,,,,
20260316,017960,한국카본,45850,-700,500146,,,,
20260316,018250,애경산업,14330,-50,28075,,,,
20260316,018260,삼성에스디에스,158500,-2400,112652,,,,
20260316,018470,조일알미늄,1344,80,26700311,,,,
20260316,018500,동원모빌리티,1587,-12,227804,,,,
20260316,018670,SK가스,230500,-3500,23353,,,,
20260316,018880,한온시스템,4000,-55,4706702,,,,
20260316,019170,신풍제약,10770,-230,54535,,,,
20260316,019175,신풍제약우,16450,-50,1430,,,,
20260316,019180,티에이치엔,8450,-160,662777,,,,
20260316,019490,엑시큐어하이트론,541,0,0,,,,
20260316,019680,대교,1653,70,101110,,,,
20260316,019685,대교우B,1018,-3,5494,,,,
20260316,020000,한섬,23900,350,74935,,,,
20260316,020120,키다리스튜디오,3400,-95,89368,,,,
20260316,020150,롯데에너지머티리얼즈,36400,-850,126441,,,,
20260316,020560,아시아나항공,6970,-30,57303,,,,
20260316,020760,일진디스플,902,0,0,,,,
20260316,021050,서원,1292,-18,444503,,,,
20260316,021240,코웨이,73900,300,189948,,,,
20260316,021820,세원정공,16260,240,24558,,,,
20260316,022100,포스코DX,30650,-150,351534,,,,
20260316,023000,삼원강재,2345,5,14811,,,,
20260316,023150,MH에탄올,4295,75,11189,,,,
20260316,023350,한국종합기술,4490,5,21091,,,,
20260316,023450,동남합성,30850,100,189,,,,
20260316,023530,롯데쇼핑,102500,6500,185398,,,,
20260316,023590,다우기술,47950,-600,42490,,,,
20260316,023800,인지컨트롤스,6590,-70,41221,,,,
20260316,023810,인팩,7770,-300,36648,,,,
20260316,023960,에쓰씨엔지니어링,1390,8,106113,,,,
20260316,024070,WISCOM,1956,34,29599,,,,
20260316,024090,디씨엠,12230,-20,4954,,,,
20260316,024110,기업은행,22850,-250,1112484,,,,
20260316,024720,콜마홀딩스,9000,-140,31120,,,,
20260316,024890,대원화성,3865,-25,5817,,,,
20260316,024900,디와이덕양,2035,15,69361,,,,
20260316,025000,KPX케미칼,49850,-350,6741,,,,
20260316,025530,SJM홀딩스,3590,0,4086,,,,
20260316,025540,한국단자,70200,-2400,29250,,,,
20260316,025560,미래산업,2662,-66,175810,,,,
20260316,025620,차AI헬스케어,9400,-200,8451,,,,
20260316,025750,한솔홈데코,2900,-25,42129,,,,
20260316,025820,이구산업,5040,-30,213041,,,,
20260316,025860,남해화학,8650,-300,5720376,,,,
20260316,025890,한국주강,1606,-54,72237,,,,
20260316,026890,스틱인베스트먼트,9900,-190,97121,,,,
20260316,026940,부국철강,1974,-9,30820,,,,
20260316,026960,동서,25150,-400,61439,,,,
20260316,027410,BGF,4320,50,313393,,,,
20260316,027740,마니커,1662,-14,131890,,,,
20260316,027970,한국제지,3850,25,7501,,,,
20260316,028050,삼성E&A,31350,-1450,1426260,,,,
20260316,028100,동아지질,16370,-580,18986,,,,
20260316,028260,삼성물산,278500,-2000,315465,,,,
20260316,02826K,삼성물산우B,175500,-800,7416,,,,
20260316,028670,팬오션,5100,50,11574687,,,,
20260316,029460,케이씨,31500,-150,40347,,,,
20260316,029530,신도리코,54500,-300,7542,,,,
20260316,029780,삼성카드,58200,-900,73666,,,,
20260316,030000,제일기획,20400,-300,195243,,,,
20260316,030190,NICE평가정보,16740,-720,246749,,,,
20260316,030200,KT,58900,-700,279593,,,,
20260316,030210,다올투자증권,4595,100,311422,,,,
20260316,030610,교보증권,12440,-50,87852,,,,
20260316,030720,동원수산,5890,0,10773,,,,
20260316,031210,서울보증보험,55400,-800,28741,,,,
20260316,031430,신세계인터내셔날,12570,160,63781,,,,
20260316,031820,아이티센씨티에스,7590,-80,82420,,,,
20260316,032350,롯데관광개발,20450,1020,913774,,,,
20260316,032560,황금에스티,5910,-80,19318,,,,
20260316,032640,LG유플러스,15200,250,1069564,,,,
20260316,032830,삼성생명,212000,-4000,236922,,,,
20260316,033240,자화전자,40400,450,222546,,,,
20260316,033250,체시스,4945,-50,27952,,,,
20260316,033270,유나이티드제약,20200,-150,10973,,,,
20260316,033530,SJG세종,8380,-100,93558,,,,
20260316,033780,KT&G,152500,-500,165822,,,,
20260316,033920,무학,8970,-210,77856,,,,
20260316,034020,두산에너빌리티,105700,-800,5817407,,,,
20260316,034120,SBS,16680,130,8700,,,,
20260316,034220,LG디스플레이,11430,70,2919529,,,,
20260316,034230,파라다이스,17100,350,397136,,,,
20260316,034310,NICE,14290,280,50433,,,,
20260316,034590,인천도시가스,27000,0,1789,,,,
20260316,034730,SK,330500,-500,230040,,,,
20260316,03473K,SK우,239000,-500,2021,,,,
20260316,034830,한국토지신탁,1489,33,1849303,,,,
20260316,035000,HS애드,8760,0,8789,,,,
20260316,035150,백산,13420,-50,22852,,,,
20260316,035250,강원랜드,18050,-90,425999,,,,
20260316,035420,NAVER,218000,-5000,531797,,,,
20260316,035510,신세계 I&C,17410,870,204306,,,,
20260316,035720,카카오,50200,-400,1248665,,,,
20260316,036420,콘텐트리중앙,7040,220,141779,,,,
20260316,036460,한국가스공사,34450,-1000,313653,,,,
20260316,036530,SNT홀딩스,58000,100,11124,,,,
20260316,036570,NC,226000,-2500,99845,,,,
20260316,036580,팜스코,3260,-15,120619,,,,
20260316,037270,YG PLUS,6090,10,271094,,,,
20260316,037560,LG헬로비전,2250,-45,61701,,,,
20260316,037710,광주신세계,38100,350,6751,,,,
20260316,039130,하나투어,41350,-50,37824,,,,
20260316,039490,키움증권,430000,1000,69939,,,,
20260316,039570,HDC랩스,8630,140,38031,,,,
20260316,041650,상신브레이크,2600,20,16653,,,,
20260316,042660,한화오션,131900,-5000,1222379,,,,
20260316,042700,한미반도체,300000,-5500,879249,,,,
20260316,044380,주연테크,1815,55,47284,,,,
20260316,044450,KSS해운,10650,90,2810150,,,,
20260316,044820,코스맥스비티아이,14330,160,18302,,,,
20260316,047040,대우건설,11980,-340,25547663,,,,
20260316,047050,포스코인터내셔널,73800,100,844769,,,,
20260316,047400,유니온머티리얼,1580,-33,866443,,,,
20260316,047810,한국항공우주,191200,8500,1182962,,,,
20260316,049800,우진플라임,2450,-75,31258,,,,
20260316,051600,한전KPS,59400,-800,208214,,,,
20260316,051630,진양화학,2390,-95,296053,,,,
20260316,051900,LG생활건강,240500,-9000,65383,,,,
20260316,051905,LG생활건강우,104200,-1300,9376,,,,
20260316,051910,LG화학,292000,-5500,325789,,,,
20260316,051915,LG화학우,145000,-1800,27978,,,,
20260316,052690,한전기술,172400,-5300,453228,,,,
20260316,053210,스카이라이프,5170,0,27561,,,,
20260316,053690,한미글로벌,19620,-730,141685,,,,
20260316,055490,테이팩스,14460,-220,8693,,,,
20260316,055550,신한지주,90000,-800,1067616,,,,
20260316,058430,포스코스틸리온,4465,-125,288480,,,,
20260316,058650,세아홀딩스,151500,-4000,3747,,,,
20260316,058730,다스코,3445,-155,590399,,,,
20260316,058850,KTcs,2610,-50,205523,,,,
20260316,058860,KTis,2805,-15,129460,,,,
20260316,060980,HL홀딩스,44400,550,21506,,,,
20260316,062040,산일전기,136700,-3900,171459,,,,
20260316,063160,종근당바이오,19270,-220,8224,,,,
20260316,064350,현대로템,193200,-5300,562576,,,,
20260316,064400,LG씨엔에스,65600,-2300,435292,,,,
20260316,064960,SNT모티브,32700,-750,58378,,,,
20260316,066570,LG전자,114200,1100,648220,,,,
20260316,066575,LG전자우,52300,-200,82439,,,,
20260316,066970,엘앤에프,105100,-1700,190842,,,,
20260316,067830,세이브존I&C,2975,10,32452,,,,
20260316,068270,셀트리온,190633,-5242,453495,,,,
20260316,068290,삼성출판사,9310,-140,7560,,,,
20260316,069260,TKG휴켐스,19090,270,163202,,,,
20260316,069460,대호에이엘,3605,830,648548,,,,
20260316,069620,대웅제약,160600,-6600,17001,,,,
20260316,069640,한세엠케이,1182,-4,6375,,,,
20260316,069730,DSR제강,4825,-25,47463,,,,
20260316,069960,현대백화점,86100,1600,107409,,,,
20260316,070960,모나용평,3095,-20,42187,,,,
20260316,071050,한국금융지주,223500,4000,362852,,,,
20260316,071055,한국금융지주우,163000,1100,24066,,,,
20260316,071090,하이스틸,3550,-40,91108,,,,
20260316,071320,지역난방공사,87400,1200,30774,,,,
20260316,071840,롯데하이마트,7750,50,8424,,,,
20260316,071950,코아스,2120,85,119126,,,,
20260316,071970,HD현대마린엔진,79900,-1500,107922,,,,
20260316,072130,유엔젤,5030,-60,119104,,,,
20260316,072710,농심홀딩스,93400,-200,6949,,,,
20260316,073240,금호타이어,5530,-200,635004,,,,
20260316,074610,이엔플러스,5110,0,0,,,,
20260316,075180,새론오토모티브,3050,0,6904,,,,
20260316,075580,세진중공업,17150,-890,248033,,,,
20260316,077500,유니퀘스트,6050,-130,105290,,,,
20260316,077970,STX엔진,33700,-600,203133,,,,
20260316,078000,텔코웨어,17970,-230,28104,,,,
20260316,078520,에이블씨엔씨,11600,630,217661,,,,
20260316,078930,GS,62300,-1500,198486,,,,
20260316,078935,GS우,53000,-300,2522,,,,
20260316,079160,CJ CGV,4895,-25,400495,,,,
20260316,079430,현대리바트,7190,-30,88174,,,,
20260316,079550,LIG디펜스앤에어로스페이스,730000,7000,607987,,,,
20260316,079900,전진건설로봇,54400,-2100,62220,,,,
20260316,079980,휴비스,2560,5,32220,,,,
20260316,081000,일진다이아,13620,-320,40503,,,,
20260316,081660,미스토홀딩스,48000,450,97994,,,,
20260316,082640,동양생명,8340,310,612772,,,,
20260316,082740,한화엔진,48700,-950,178244,,,,
20260316,083420,그린케미칼,5600,-40,45042,,,,
20260316,084010,대한제강,11650,20,54714,,,,
20260316,084670,동양고속,40850,-1050,15597,,,,
20260316,084680,이월드,1597,-13,186462,,,,
20260316,084690,대상홀딩스,9400,-50,80422,,,,
20260316,084695,대상홀딩스우,14450,-310,2077,,,,
20260316,084870,TBH글로벌,1930,-9,31747,,,,
20260316,085310,엔케이,10680,340,459282,,,,
20260316,085620,미래에셋생명,17160,3960,4478555,,,,
20260316,086280,현대글로비스,219000,-4000,203226,,,,
20260316,086790,하나금융지주,108400,-500,577858,,,,
20260316,088260,이리츠코크렙,4855,0,50589,,,,
20260316,088350,한화생명,4705,-65,6176685,,,,
20260316,088790,진도,2510,55,111937,,,,
20260316,088980,맥쿼리인프라,11300,-100,1275080,,,,
20260316,089470,HDC현대EP,5310,10,56746,,,,
20260316,089590,제주항공,5160,-90,220873,,,,
20260316,089860,롯데렌탈,32150,-250,34136,,,,
20260316,090080,평화산업,934,-4,89012,,,,
20260316,090350,노루페인트,8410,-100,133028,,,,
20260316,090355,노루페인트우,13130,100,426,,,,
20260316,090370,메타랩스,1389,-10,84833,,,,
20260316,090430,아모레퍼시픽,128300,-2700,128095,,,,
20260316,090435,아모레퍼시픽우,47250,-650,7513,,,,
20260316,090460,비에이치,18630,160,567124,,,,
20260316,091810,트리니티항공,1133,10,699156,,,,
20260316,092200,디아이씨,9120,-100,272503,,,,
20260316,092220,KEC,7255,310,910649,,,,
20260316,092230,KPX홀딩스,78000,-1000,2053,,,,
20260316,092440,기신정기,2230,-30,12290,,,,
20260316,092780,DYP,4460,-10,106331,,,,
20260316,092790,넥스틸,11830,60,232826,,,,
20260316,093050,LF,21400,-300,55792,,,,
20260316,093240,형지엘리트,1020,-29,565920,,,,
20260316,093370,후성,6830,-140,279467,,,,
20260316,094280,효성ITX,12450,140,20726,,,,
20260316,094800,맵스리얼티,7060,-140,126821,,,,
20260316,095570,AJ네트웍스,5010,0,120446,,,,
20260316,095720,웅진씽크빅,2356,-16,77353,,,,
20260316,096760,JW홀딩스,4315,170,287324,,,,
20260316,096770,SK이노베이션,109300,-3300,480023,,,,
20260316,096775,SK이노베이션우,69600,-1600,4216,,,,
20260316,097230,HJ중공업,26550,-350,5280234,,,,
20260316,097520,엠씨넥스,23950,100,37181,,,,
20260316,097950,CJ제일제당,199300,-500,51183,,,,
20260316,097955,CJ제일제당 우,127800,-1200,6144,,,,
20260316,100090,SK오션플랜트,18840,-400,346802,,,,
20260316,100220,비상교육,5350,90,21032,,,,
20260316,100250,진양홀딩스,3025,-10,53993,,,,
20260316,100840,SNT에너지,43800,-1250,159979,,,,
20260316,101140,인바이오젠,9720,-70,6832,,,,
20260316,101530,해태제과식품,6550,-70,16364,,,,
20260316,102260,동성케미컬,4050,-15,92029,,,,
20260316,102460,이연제약,10380,-120,24473,,,,
20260316,103140,풍산,99200,-3300,325763,,,,
20260316,103590,일진전기,77000,-1700,274291,,,,
20260316,104700,한국철강,9250,-110,22700,,,,
20260316,105560,KB금융,149300,400,957489,,,,
20260316,105630,한세실업,12230,-50,29589,,,,
20260316,105840,우진,26500,-1750,2636665,,,,
20260316,107590,미원홀딩스,65700,0,112,,,,
20260316,108320,LX세미콘,50200,-1400,67551,,,,
20260316,108670,LX하우시스,28650,-250,11183,,,,
20260316,108675,LX하우시스우,15650,-90,3178,,,,
20260316,109070,주성코퍼레이션,901,11,286869,,,,
20260316,111110,호전실업,7450,-70,26650,,,,
20260316,111380,동인기연,14180,-520,2698,,,,
20260316,111770,영원무역,84500,-4900,141925,,,,
20260316,112610,씨에스윈드,56000,600,560302,,,,
20260316,114090,GKL,11990,10,225122,,,,
20260316,117580,대성에너지,10380,-210,1371573,,,,
20260316,118000,메타케어,2460,120,147009,,,,
20260316,119650,KC코트렐,918,0,0,,,,
20260316,120030,조선선재,102900,-800,2447,,,,
20260316,120110,코오롱인더,71200,-3800,310126,,,,
20260316,120115,코오롱인더우,27700,-550,12133,,,,
20260316,122900,아이마켓코리아,7660,-30,48018,,,,
20260316,123690,한국화장품,8480,-10,46678,,,,
20260316,123700,SJM,3595,-5,17765,,,,
20260316,123890,한국자산신탁,2845,-5,212654,,,,
20260316,126560,현대퓨처넷,3245,-30,69630,,,,
20260316,126720,수산인더스트리,27400,-1900,106569,,,,
20260316,128820,대성산업,7880,-260,653330,,,,
20260316,128940,한미약품,500000,3500,77143,,,,
20260316,129260,인터지스,2460,-10,99106,,,,
20260316,130660,한전산업,20900,-950,1285946,,,,
20260316,133820,화인베스틸,1332,28,75261,,,,
20260316,134380,미원화학,11050,120,4120,,,,
20260316,134790,시디즈,19610,-80,595,,,,
20260316,136490,선진,10100,-200,131087,,,,
20260316,137310,에스디바이오센서,7620,-430,176113,,,,
20260316,138040,메리츠금융지주,109900,-2100,253342,,,,
20260316,138930,BNK금융지주,18140,-130,600310,,,,
20260316,139130,iM금융지주,16510,-150,382786,,,,
20260316,139480,이마트,93400,-300,243477,,,,
20260316,139990,아주스틸,2970,-65,28903,,,,
20260316,143210,핸즈코퍼레이션,1034,2,18574,,,,
20260316,145210,다이나믹디자인,2380,-240,134487,,,,
20260316,145270,케이탑리츠,900,1,9307,,,,
20260316,145720,덴티움,52500,-500,28298,,,,
20260316,145990,삼양사,45600,-900,12980,,,,
20260316,145995,삼양사우,35500,-350,7,,,,
20260316,155660,DSR,4065,-50,26976,,,,
20260316,161000,애경케미칼,9670,-310,90036,,,,
20260316,161390,한국타이어앤테크놀로지,54000,-1300,312763,,,,
20260316,161890,한국콜마,69500,-2200,104262,,,,
20260316,163560,동일고무벨트,6660,-180,80082,,,,
20260316,170900,동아에스티,43500,-550,15203,,,,
20260316,175330,JB금융지주,28900,-1600,429810,,,,
20260316,178920,PI첨단소재,19160,-330,217700,,,,
20260316,180640,한진칼,116200,600,60428,,,,
20260316,18064K,한진칼우,34300,-50,1980,,,,
20260316,181710,NHN,38700,-400,71128,,,,
20260316,183190,아세아시멘트,11870,-160,52095,,,,
20260316,185750,종근당,86700,1600,37430,,,,
20260316,192080,더블유게임즈,49650,-850,40906,,,,
20260316,192400,쿠쿠홀딩스,28250,-100,13618,,,,
20260316,192650,드림텍,6980,10,290253,,,,
20260316,192820,코스맥스,170700,-6500,45991,,,,
20260316,194370,제이에스코퍼레이션,12160,110,47940,,,,
20260316,195870,해성디에스,53500,600,87471,,,,
20260316,200880,서연이화,13990,-550,112680,,,,
20260316,204320,HL만도,51000,-1000,242950,,,,
20260316,207940,삼성바이오로직스,1568000,-24000,29984,,,,
20260316,210540,디와이파워,13720,-310,45470,,,,
20260316,210980,SK디앤디,13450,20,42877,,,,
20260316,213500,한솔제지,8180,-90,52957,,,,
20260316,214320,이노션,19540,-50,66157,,,,
20260316,214330,금호에이치티,12077,0,42793,,,,
20260316,214390,경보제약,5480,-70,17083,,,,
20260316,214420,토니모리,6930,-20,81022,,,,
20260316,217590,티엠씨,13810,-1600,839112,,,,
20260316,226320,잇츠한불,10130,-100,10315,,,,
20260316,227840,현대코퍼레이션홀딩스,12010,-170,31362,,,,
20260316,229640,LS에코에너지,44600,-3200,391740,,,,
20260316,234080,JW생명과학,13000,-140,32580,,,,
20260316,241560,두산밥캣,57700,-2700,489553,,,,
20260316,241590,화승엔터프라이즈,4750,-30,58830,,,,
20260316,244920,에이플러스에셋,12090,-510,37363,,,,
20260316,248070,솔루엠,17540,-210,502217,,,,
20260316,248170,샘표식품,28500,100,13641,,,,
20260316,249420,일동제약,32200,-450,121913,,,,
20260316,251270,넷마블,53200,-1600,254265,,,,
20260316,259960,크래프톤,234500,-10000,121037,,,,
20260316,264900,크라운제과,8440,10,6269,,,,
20260316,26490K,크라운제과우,9230,10,259,,,,
20260316,267250,HD현대,263000,500,129224,,,,
20260316,267260,HD현대일렉트릭,905000,-24000,108390,,,,
20260316,267270,HD건설기계,124500,-7300,458807,,,,
20260316,267290,경동도시가스,22100,100,12830,,,,
20260316,267850,아시아나IDT,10040,-70,6881,,,,
20260316,268280,미원에스씨,122200,-1200,808,,,,
20260316,271560,오리온,129000,-300,114358,,,,
20260316,271940,일진하이솔루스,16880,-1160,122504,,,,
20260316,271980,제일약품,14750,-200,25748,,,,
20260316,272210,한화시스템,140000,-4400,1759243,,,,
20260316,272450,진에어,6340,-160,255147,,,,
20260316,272550,삼양패키징,11550,-150,8619,,,,
20260316,278470,에이피알,328500,-14000,289713,,,,
20260316,279570,케이뱅크,6900,-210,7927304,,,,
20260316,280360,롯데웰푸드,111300,-1600,12154,,,,
20260316,281820,케이씨텍,46100,1300,107591,,,,
20260316,282330,BGF리테일,124500,6900,87509,,,,
20260316,284740,쿠쿠홈시스,24350,350,13194,,,,
20260316,285130,SK케미칼,56300,-1100,28992,,,,
20260316,28513K,SK케미칼우,27000,-350,4899,,,,
20260316,286940,롯데이노베이트,22500,-600,22911,,,,
20260316,293480,하나제약,9310,-180,48759,,,,
20260316,293940,신한알파리츠,5760,-10,179204,,,,
20260316,294870,IPARK현대산업개발,21150,-850,275902,,,,
20260316,298000,효성화학,77800,0,0,,,,
20260316,298020,효성티앤씨,333500,-12000,27471,,,,
20260316,298040,효성중공업,2517000,-76000,37250,,,,
20260316,298050,HS효성첨단소재,210000,-8000,11312,,,,
20260316,298690,에어부산,1817,37,357639,,,,
20260316,300720,한일시멘트,16620,-180,49822,,,,
20260316,302440,SK바이오사이언스,42700,-1000,75384,,,,
20260316,306200,세아제강,138200,-200,25521,,,,
20260316,307950,현대오토에버,420000,7500,84302,,,,
20260316,308170,씨티알모빌리티,5390,300,44921,,,,
20260316,316140,우리금융지주,31900,-300,1695292,,,,
20260316,317400,자이에스앤디,4375,-80,39538,,,,
20260316,317450,명인제약,59300,-700,24648,,,,
20260316,322000,HD현대에너지솔루션,119400,-2700,739535,,,,
20260316,323410,카카오뱅크,23550,-300,612899,,,,
20260316,326030,SK바이오팜,95600,-2200,148217,,,,
20260316,329180,HD현대중공업,583000,-13000,153623,,,,
20260316,330590,롯데리츠,4680,-115,269379,,,,
20260316,334890,이지스밸류플러스리츠,4175,-25,83968,,,,
20260316,336260,두산퓨얼셀,42850,-3200,984725,,,,
20260316,33626K,두산퓨얼셀1우,8000,-450,52367,,,,
20260316,33626L,두산퓨얼셀2우B,10320,-50,3033,,,,
20260316,336370,솔루스첨단소재,8110,-320,158161,,,,
20260316,33637K,솔루스첨단소재1우,2010,-20,3732,,,,
20260316,33637L,솔루스첨단소재2우B,3265,-15,6279,,,,
20260316,338100,NH프라임리츠,4655,-25,59292,,,,
20260316,339770,교촌에프앤비,4205,-45,73013,,,,
20260316,344820,KCC글라스,25400,-900,42507,,,,
20260316,348950,제이알글로벌리츠,1542,-64,2010444,,,,
20260316,350520,이지스레지던스리츠,3760,-5,33996,,,,
20260316,352820,하이브,350000,-11500,258221,,,,
20260316,353200,대덕전자,67000,3700,1460997,,,,
20260316,35320K,대덕전자1우,16800,540,8611,,,,
20260316,357120,코람코라이프인프라리츠,4620,-5,87666,,,,
20260316,357250,미래에셋맵스리츠,2425,5,11907,,,,
20260316,357430,마스턴프리미어리츠,1471,0,21380,,,,
20260316,361610,SK아이이테크놀로지,21250,-700,137714,,,,
20260316,363280,티와이홀딩스,2760,-35,92204,,,,
20260316,36328K,티와이홀딩스우,4010,-65,3620,,,,
20260316,365550,ESR켄달스퀘어리츠,4290,-60,366555,,,,
20260316,372910,한컴라이프케어,2555,-30,118134,,,,
20260316,373220,LG에너지솔루션,366000,-3000,280349,,,,
20260316,375500,DL이앤씨,47000,-2050,356948,,,,
20260316,37550K,DL이앤씨우,24550,-400,7166,,,,
20260316,37550L,DL이앤씨2우(전환),35400,-450,1861,,,,
20260316,377190,디앤디플랫폼리츠,3100,0,78805,,,,
20260316,377300,카카오페이,57500,-700,214923,,,,
20260316,377740,바이오노트,5360,-80,88498,,,,
20260316,378850,화승알앤에이,3550,-30,48866,,,,
20260316,381970,케이카,14320,30,41244,,,,
20260316,383220,F&F,61700,-1400,78043,,,,
20260316,383800,LX홀딩스,8130,-60,145323,,,,
20260316,38380K,LX홀딩스1우,8500,-130,776,,,,
20260316,395400,SK리츠,6050,70,440442,,,,
20260316,396690,미래에셋글로벌리츠,2510,-30,69347,,,,
20260316,400760,NH올원리츠,3245,0,83448,,,,
20260316,402340,SK스퀘어,562000,28000,523408,,,,
20260316,403550,쏘카,10900,-350,19439,,,,
20260316,404990,신한서부티엔디리츠,4540,20,71439,,,,
20260316,415640,KB발해인프라,9950,-80,156178,,,,
20260316,417310,코람코더원리츠,9330,-70,115124,,,,
20260316,432320,KB스타리츠,2560,-145,620896,,,,
20260316,439260,대한조선,97100,-4500,206149,,,,
20260316,443060,HD현대마린솔루션,170200,-2900,119446,,,,
20260316,446070,유니드비티플러스,2920,-60,7403,,,,
20260316,448730,삼성FN리츠,5450,10,95671,,,,
20260316,450080,에코프로머티,61900,-1600,714774,,,,
20260316,451800,한화리츠,5060,-30,135289,,,,
20260316,452260,한화갤러리아,2615,-85,3382516,,,,
20260316,45226K,한화갤러리아우,7610,-350,16158,,,,
20260316,453340,현대그린푸드,15940,150,64008,,,,
20260316,454910,두산로보틱스,88000,-1500,204615,,,,
20260316,456040,OCI,84700,-1700,20056,,,,
20260316,457190,이수스페셜티케미컬,89500,-3400,365034,,,,
20260316,460850,동국씨엠,5660,-60,41531,,,,
20260316,460860,동국제강,9050,-220,165477,,,,
20260316,462520,조선내화,13890,10,2624,,,,
20260316,462870,시프트업,30000,-950,55079,,,,
20260316,465770,STX그린로지스,7780,1260,5762071,,,,
20260316,475150,SK이터닉스,38450,-900,2791075,,,,
20260316,475560,더본코리아,21550,-300,8217,,,,
20260316,480370,씨케이솔루션,2660,-60,57492,,,,
20260316,481850,신한글로벌액티브리츠,1135,5,31506,,,,
20260316,483650,달바글로벌,146600,-3900,33980,,,,
20260316,484870,엠앤씨솔루션,43466,700,130707,,,,
20260316,487570,HS효성,57100,-400,7740,,,,
20260316,489790,한화비전,78600,1900,609242,,,,
20260316,499790,GS피앤엘,50200,-900,113235,,,,
20260316,900140,엘브이엠씨홀딩스,1412,-10,483365,,,,
20260316,950210,프레스티지바이오파마,9700,-40,66812,,,,
20260317,000020,동화약품,6030,-60,76566,,,,
20260317,000040,KR모터스,1905,20,28507,,,,
20260317,000050,경방,9360,250,74030,,,,
20260317,000070,삼양홀딩스,70100,300,12116,,,,
20260317,000080,하이트진로,16800,130,98908,,,,
20260317,000087,하이트진로2우B,14050,20,1452,,,,
20260317,000100,유한양행,99500,2100,222737,,,,
20260317,000105,유한양행우,88500,700,1494,,,,
20260317,000120,CJ대한통운,114400,4400,58470,,,,
20260317,000140,하이트진로홀딩스,9110,80,9595,,,,
20260317,000145,하이트진로홀딩스우,11170,70,334,,,,
20260317,000150,두산,1110000,22000,69293,,,,
20260317,000155,두산우,503000,1000,16633,,,,
20260317,000157,두산2우B,444500,-4000,3016,,,,
20260317,000180,성창기업지주,7400,-155,27813,,,,
20260317,000210,DL,44850,250,92816,,,,
20260317,000215,DL우,24050,0,6581,,,,
20260317,000220,유유제약,4335,30,34656,,,,
20260317,000225,유유제약1우,4440,-25,3060,,,,
20260317,000227,유유제약2우B,10730,-80,303,,,,
20260317,000230,일동홀딩스,10770,170,11487,,,,
20260317,000240,한국앤컴퍼니,26150,1300,91523,,,,
20260317,000270,기아,167300,5300,1068349,,,,
20260317,000300,DH오토넥스,4200,0,0,,,,
20260317,000320,노루홀딩스,23100,500,13519,,,,
20260317,000325,노루홀딩스우,30650,-50,331,,,,
20260317,000370,한화손해보험,6970,220,433607,,,,
20260317,000390,SP삼화,11000,1740,29006838,,,,
20260317,000400,롯데손해보험,2055,20,947599,,,,
20260317,000430,대원강업,3975,25,74683,,,,
20260317,000480,CR홀딩스,4940,60,16047,,,,
20260317,000490,대동,10000,20,126063,,,,
20260317,000500,가온전선,56679,2778,86169,,,,
20260317,000520,삼일제약,10580,670,484381,,,,
20260317,000540,흥국화재,4755,140,382159,,,,
20260317,000545,흥국화재우,6860,20,2266,,,,
20260317,000590,CS홀딩스,79000,-2000,629,,,,
20260317,000640,동아쏘시오홀딩스,104000,1000,10129,,,,
20260317,000650,천일고속,233000,7000,15883,,,,
20260317,000660,SK하이닉스,970000,-4000,3326240,,,,
20260317,000670,영풍,51900,700,26590,,,,
20260317,000680,LS네트웍스,3240,35,120057,,,,
20260317,000700,유수홀딩스,6540,90,32701,,,,
20260317,000720,현대건설,161000,1400,716382,,,,
20260317,000725,현대건설우,71900,1100,13891,,,,
20260317,000760,이화산업,15520,510,2329,,,,
20260317,000810,삼성화재,477500,12500,100536,,,,
20260317,000815,삼성화재우,392500,9000,10081,,,,
20260317,000850,화천기공,36800,100,5207,,,,
20260317,000860,강남제비스코,15370,120,16690,,,,
20260317,000880,한화,146818,-1681,149763,,,,
20260317,00088K,한화3우B,49687,-453,49143,,,,
20260317,000890,보해양조,2150,-40,137470,,,,
20260317,000910,유니온,4370,-45,133212,,,,
20260317,000950,전방,36500,550,366,,,,
20260317,000970,한국주철관,6680,0,19457,,,,
20260317,000990,DB하이텍,85700,-2200,251591,,,,
20260317,001020,페이퍼코리아,3325,-270,95814,,,,
20260317,001040,CJ,193000,6100,155717,,,,
20260317,001045,CJ우,88400,-100,4888,,,,
20260317,00104K,CJ4우(전환),167100,4100,10939,,,,
20260317,001060,JW중외제약,31600,-50,45412,,,,
20260317,001065,JW중외제약우,27600,-350,322,,,,
20260317,001067,JW중외제약2우B,55600,100,36,,,,
20260317,001070,대한방직,6650,-130,20656,,,,
20260317,001080,만호제강,4915,0,54464,,,,
20260317,001120,LX인터내셔널,45000,-450,130844,,,,
20260317,001130,대한제분,14790,-100,30220,,,,
20260317,001200,유진투자증권,4900,5,856783,,,,
20260317,001210,금호전기,4025,25,144784,,,,
20260317,001230,동국홀딩스,2196,35,406574,,,,
20260317,001250,GS글로벌,2500,-15,569887,,,,
20260317,001260,남광토건,8630,-400,59942,,,,
20260317,001270,부국증권,77600,-700,19591,,,,
20260317,001275,부국증권우,37200,100,5172,,,,
20260317,001290,상상인증권,1200,4,1122291,,,,
20260317,001340,PKC,6720,90,125153,,,,
20260317,001360,삼성제약,1838,27,333623,,,,
20260317,001380,SG글로벌,2769,-56,104218,,,,
20260317,001390,KG케미칼,5210,60,332671,,,,
20260317,001420,태원물산,2695,-25,12858,,,,
20260317,001430,세아베스틸지주,68200,900,153553,,,,
20260317,001440,대한전선,29550,200,2069781,,,,
20260317,001450,현대해상,30100,900,365323,,,,
20260317,001460,BYC,45000,300,5427,,,,
20260317,001465,BYC우,26800,50,714,,,,
20260317,001470,삼부토건,347,0,0,,,,
20260317,001500,현대차증권,11150,170,131060,,,,
20260317,001510,SK증권,3463,6,13191660,,,,
20260317,001515,SK증권우,5800,0,12925,,,,
20260317,001520,동양,1668,48,372681,,,,
20260317,001525,동양우,8630,-240,6251,,,,
20260317,001527,동양2우B,17200,-760,282,,,,
20260317,001530,DI동일,22750,200,24780,,,,
20260317,001550,조비,17160,-290,786983,,,,
20260317,001560,제일연마,11480,-370,7231,,,,
20260317,001570,금양,9900,0,0,,,,
20260317,001620,케이비아이동국실업,3135,50,121810,,,,
20260317,001630,종근당홀딩스,48550,0,3694,,,,
20260317,001680,대상,20500,450,111757,,,,
20260317,001685,대상우,17030,280,4063,,,,
20260317,001720,신영증권,199600,-100,17203,,,,
20260317,001740,SK네트웍스,5380,140,455358,,,,
20260317,001750,한양증권,25850,50,17754,,,,
20260317,001755,한양증권우,25850,300,1657,,,,
20260317,001770,SHD,17680,80,713,,,,
20260317,001780,알루코,2145,0,852482,,,,
20260317,001790,대한제당,2715,0,123715,,,,
20260317,001795,대한제당우,2380,0,10040,,,,
20260317,001800,오리온홀딩스,24700,500,83914,,,,
20260317,001820,삼화콘덴서,53900,2600,576979,,,,
20260317,001940,KISCO홀딩스,24400,0,4545,,,,
20260317,002020,코오롱,57000,1100,48654,,,,
20260317,002025,코오롱우,26800,450,2833,,,,
20260317,002030,아세아,287500,-2500,1841,,,,
20260317,002070,비비안,7601,198,176463,,,,
20260317,002100,경농,9720,30,182874,,,,
20260317,002140,고려산업,2810,45,834211,,,,
20260317,002150,도화엔지니어링,6340,-10,34928,,,,
20260317,002170,SYTS,58900,200,2832,,,,
20260317,002200,한국수출포장,3055,25,111237,,,,
20260317,002210,동성제약,1946,0,0,,,,
20260317,002220,한일철강,3985,-50,55620,,,,
20260317,002240,고려제강,21300,250,12395,,,,
20260317,002310,아세아제지,9220,240,237789,,,,
20260317,002320,한진,19190,-110,20843,,,,
20260317,002350,넥센타이어,7250,170,138724,,,,
20260317,002355,넥센타이어1우B,4295,175,781016,,,,
20260317,002360,SH에너지화학,4030,90,357866,,,,
20260317,002380,KCC,530000,19000,35402,,,,
20260317,002390,한독,10820,120,8105,,,,
20260317,002410,범양건영,1935,0,0,,,,
20260317,002420,세기상사,6050,320,66939,,,,
20260317,002450,삼익악기,1199,-1,150315,,,,
20260317,002460,HS화성,12670,220,12761,,,,
20260317,002600,조흥,149200,-100,23,,,,
20260317,002620,제일파마홀딩스,8970,-200,14482,,,,
20260317,002630,오리엔트바이오,1078,20,231616,,,,
20260317,002690,동일제강,1495,-5,17957,,,,
20260317,002700,신일전자,1376,-11,263522,,,,
20260317,002710,TCC스틸,14090,330,82434,,,,
20260317,002720,국제약품,5060,95,342548,,,,
20260317,002760,보락,1219,11,372577,,,,
20260317,002780,진흥기업,805,12,1298300,,,,
20260317,002785,진흥기업우B,3385,-20,589,,,,
20260317,002787,진흥기업2우B,8480,-10,155,,,,
20260317,002790,아모레퍼시픽홀딩스,27050,600,76481,,,,
20260317,002795,아모레퍼시픽홀딩스우,12280,50,17449,,,,
20260317,00279K,아모레퍼시픽홀딩스3우C,23500,450,1395,,,,
20260317,002810,삼영무역,20000,720,22085,,,,
20260317,002820,SUN&L,2345,-5,10186,,,,
20260317,002840,미원상사,137700,-300,894,,,,
20260317,002870,신풍,1230,-16,126788,,,,
20260317,002880,디와이에이,935,-2,30529,,,,
20260317,002900,TYM,6730,10,279570,,,,
20260317,002920,유성기업,1983,8,37770,,,,
20260317,002960,한국쉘석유,536000,4000,5135,,,,
20260317,002990,금호건설,4815,65,100864,,,,
20260317,002995,금호건설우,13840,-160,729,,,,
20260317,003000,부광약품,6070,130,2518413,,,,
20260317,003010,혜인,5350,10,56711,,,,
20260317,003030,세아제강지주,172000,12400,63551,,,,
20260317,003060,에이프로젠바이오로직스,278,3,883415,,,,
20260317,003070,코오롱글로벌,9900,-140,39141,,,,
20260317,003075,코오롱글로벌우,15070,-80,807,,,,
20260317,003080,SB성보,2620,-25,20259,,,,
20260317,003090,대웅,24150,950,75027,,,,
20260317,0030R0,대신밸류리츠,4355,-15,33334,,,,
20260317,003120,일성아이에스,23650,200,4032,,,,
20260317,003160,디아이,35650,-300,704004,,,,
20260317,003200,일신방직,12450,60,14458,,,,
20260317,003220,대원제약,10600,-240,35201,,,,
20260317,003230,삼양식품,1082000,44000,30710,,,,
20260317,003240,태광산업,1106000,17000,3082,,,,
20260317,003280,흥아해운,3385,350,338036708,,,,
20260317,003300,한일홀딩스,17660,-240,12481,,,,
20260317,003350,한국화장품제조,9260,80,152725,,,,
20260317,003460,유화증권,3700,50,183347,,,,
20260317,003465,유화증권우,3505,-20,3714,,,,
20260317,003470,유안타증권,5020,10,961604,,,,
20260317,003475,유안타증권우,4580,50,87259,,,,
20260317,003480,한진중공업홀딩스,4640,-25,47054,,,,
20260317,003490,대한항공,24850,200,1705189,,,,
20260317,003495,대한항공우,23900,450,9110,,,,
20260317,003520,영진약품,1809,-2,418006,,,,
20260317,003530,한화투자증권,7420,0,3304746,,,,
20260317,003535,한화투자증권우,8640,170,20690,,,,
20260317,003540,대신증권,39700,50,96555,,,,
20260317,003545,대신증권우,26400,150,77676,,,,
20260317,003547,대신증권2우B,25200,300,21341,,,,
20260317,003550,LG,91000,2400,199943,,,,
20260317,003555,LG우,70300,900,4683,,,,
20260317,003570,SNT다이내믹스,49950,-1750,72321,,,,
20260317,003580,HLB글로벌,2010,53,163783,,,,
20260317,003610,방림,5490,220,132088,,,,
20260317,003620,KG모빌리티,3495,15,719237,,,,
20260317,003650,미창석유,114100,1200,4622,,,,
20260317,003670,포스코퓨처엠,193100,1900,359857,,,,
20260317,003680,한성기업,5030,-60,20498,,,,
20260317,003690,코리안리,13150,200,215635,,,,
20260317,003720,삼영,7200,20,609621,,,,
20260317,003780,진양산업,5620,-150,1029447,,,,
20260317,003830,대한화섬,123400,1500,60,,,,
20260317,003850,보령,9410,70,89447,,,,
20260317,003920,남양유업,56200,300,16327,,,,
20260317,003925,남양유업우,44950,-50,20952,,,,
20260317,003960,사조대림,33250,800,6498,,,,
20260317,004000,롯데정밀화학,51100,0,101157,,,,
20260317,004020,현대제철,35550,650,978517,,,,
20260317,004060,SG세계물산,5350,180,1548525,,,,
20260317,004080,신흥,13810,10,1946,,,,
20260317,004090,한국석유,18740,-200,1770580,,,,
20260317,004100,태양금속,2995,-75,509509,,,,
20260317,004105,태양금속우,3820,-100,26725,,,,
20260317,004140,동방,2710,-40,2164118,,,,
20260317,004150,한솔홀딩스,3260,0,57522,,,,
20260317,004170,신세계,344500,-4500,76416,,,,
20260317,004250,NPC,3750,20,46928,,,,
20260317,004255,NPC우,2360,-5,7252,,,,
20260317,004270,남성,6161,87,12724,,,,
20260317,004310,현대약품,9440,240,499097,,,,
20260317,004360,세방,14740,0,36304,,,,
20260317,004365,세방우,9290,50,1038,,,,
20260317,004370,농심,372500,11000,20420,,,,
20260317,004380,삼익THK,13000,0,0,,,,
20260317,004410,서울식품,1930,-50,2373670,,,,
20260317,004415,서울식품우,11860,50,574,,,,
20260317,004430,송원산업,8830,150,54500,,,,
20260317,004440,삼일씨엔에스,6150,-120,64129,,,,
20260317,004450,삼화왕관,27750,100,1168,,,,
20260317,004490,세방전지,60800,1000,24377,,,,
20260317,004540,깨끗한나라,1939,-8,43000,,,,
20260317,004545,깨끗한나라우,10200,60,757,,,,
20260317,004560,현대비앤지스틸,17100,110,186846,,,,
20260317,004690,삼천리,142300,2300,13327,,,,
20260317,004700,조광피혁,71000,2100,6040,,,,
20260317,004710,한솔테크닉스,4719,160,250945,,,,
20260317,004720,팜젠사이언스,3740,-20,50084,,,,
20260317,004770,써니전자,1555,-41,290393,,,,
20260317,004800,효성,133900,2000,16481,,,,
20260317,004830,덕성,4650,30,51567,,,,
20260317,004835,덕성우,6080,110,1842,,,,
20260317,004840,DRB동일,5420,-80,39606,,,,
20260317,004870,티웨이홀딩스,1631,-14,36054,,,,
20260317,004890,동일산업,39400,300,137,,,,
20260317,004910,조광페인트,4855,95,17191,,,,
20260317,004920,씨아이테크,1086,-8,97073,,,,
20260317,004960,한신공영,12900,150,65486,,,,
20260317,004970,신라교역,9520,10,28771,,,,
20260317,004980,성신양회,9440,180,38044,,,,
20260317,004985,성신양회우,10650,-70,1373,,,,
20260317,004990,롯데지주,30500,450,218252,,,,
20260317,00499K,롯데지주우,30850,250,484,,,,
20260317,005010,휴스틸,4910,100,910803,,,,
20260317,005030,부산주공,486,0,0,,,,
20260317,005070,코스모신소재,48600,1350,130533,,,,
20260317,005090,SGC에너지,54600,-3500,152593,,,,
20260317,005110,한창,1254,0,0,,,,
20260317,005180,빙그레,78200,400,28507,,,,
20260317,005250,녹십자홀딩스,14040,120,65138,,,,
20260317,005257,녹십자홀딩스2우,24150,250,580,,,,
20260317,005300,롯데칠성,120000,-100,18574,,,,
20260317,005305,롯데칠성우,80600,800,881,,,,
20260317,005320,온타이드,1008,-26,157361,,,,
20260317,005360,모나미,1750,-10,30128,,,,
20260317,005380,현대차,522000,16000,1346937,,,,
20260317,005385,현대차우,267500,5500,79405,,,,
20260317,005387,현대차2우B,267500,4000,128806,,,,
20260317,005389,현대차3우B,252500,5500,23924,,,,
20260317,005420,코스모화학,14530,460,144817,,,,
20260317,005430,한국공항,58800,200,3433,,,,
20260317,005440,현대지에프홀딩스,15410,-190,1035020,,,,
20260317,005490,POSCO홀딩스,342500,9000,201085,,,,
20260317,005500,삼진제약,18320,110,23022,,,,
20260317,005610,삼립,52500,100,4084,,,,
20260317,005680,삼영전자,13500,750,391435,,,,
20260317,005690,파미셀,16100,-30,520274,,,,
20260317,005720,넥센,6820,-10,35614,,,,
20260317,005725,넥센우,4495,100,13325,,,,
20260317,005740,크라운해태홀딩스,6730,40,10316,,,,
20260317,005745,크라운해태홀딩스우,7360,-40,105,,,,
20260317,005750,대림바스,5500,-30,127050,,,,
20260317,005800,신영와코루,16180,-30,9093,,,,
20260317,005810,풍산홀딩스,38100,250,33590,,,,
20260317,005820,원림,15690,180,269,,,,
20260317,005830,DB손해보험,179100,2400,123546,,,,
20260317,005850,에스엘,65700,2400,254152,,,,
20260317,005870,휴니드,8600,20,298472,,,,
20260317,005880,대한해운,2370,-145,131146719,,,,
20260317,005930,삼성전자,193900,5200,20300082,,,,
20260317,005935,삼성전자우,141000,2700,4205743,,,,
20260317,005940,NH투자증권,32400,650,549879,,,,
20260317,005945,NH투자증권우,26500,350,77029,,,,
20260317,005950,이수화학,7990,170,118993,,,,
20260317,005960,동부건설,7750,80,132362,,,,
20260317,005965,동부건설우,18500,70,806,,,,
20260317,006040,동원산업,40100,2600,74641,,,,
20260317,006060,화승인더,3310,-20,93724,,,,
20260317,006090,사조오양,8220,20,2449,,,,
20260317,006110,삼아알미늄,35250,-1200,306984,,,,
20260317,006120,SK디스커버리,58700,1500,84417,,,,
20260317,006125,SK디스커버리우,40250,800,4952,,,,
20260317,006200,한국전자홀딩스,3795,45,46100,,,,
20260317,006220,제주은행,13560,190,156314,,,,
20260317,006260,LS,263000,-3000,121356,,,,
20260317,006280,녹십자,148300,-1200,37924,,,,
20260317,006340,대원전선,5670,-130,4925600,,,,
20260317,006345,대원전선우,4080,35,34314,,,,
20260317,006360,GS건설,22000,-400,1037521,,,,
20260317,006370,대구백화점,4585,65,2767,,,,
20260317,006380,카프로,3660,0,0,,,,
20260317,006400,삼성SDI,389000,6000,359325,,,,
20260317,006405,삼성SDI우,223000,4000,6072,,,,
20260317,006490,프리티,1640,-700,2502179,,,,
20260317,006570,대림통상,2100,0,12829,,,,
20260317,006650,대한유화,132300,7800,79921,,,,
20260317,006660,삼성공조,11820,140,15809,,,,
20260317,006740,블루산업개발,1296,11,93435,,,,
20260317,006800,미래에셋증권,69100,-1800,3225955,,,,
20260317,006805,미래에셋증권우,23100,-750,155697,,,,
20260317,00680K,미래에셋증권2우B,21050,-850,778651,,,,
20260317,006840,AK홀딩스,7850,-210,16659,,,,
20260317,006880,신송홀딩스,7180,30,144261,,,,
20260317,006890,태경케미컬,8650,-350,286645,,,,
20260317,006980,우성,21650,250,2755,,,,
20260317,007070,GS리테일,19560,540,62892,,,,
20260317,007110,일신석재,1569,-34,1031433,,,,
20260317,007120,미래아이앤지,2395,549,621626,,,,
20260317,007160,사조산업,53300,1000,5934,,,,
20260317,007210,벽산,1868,-4,150806,,,,
20260317,007280,한국특강,2803,10,17502,,,,
20260317,007310,오뚜기,370000,4000,5932,,,,
20260317,007340,DN오토모티브,35800,-50,914020,,,,
20260317,007460,에이프로젠,320,6,2788855,,,,
20260317,007540,샘표,57200,700,7591,,,,
20260317,007570,일양약품,14600,0,0,,,,
20260317,007575,일양약품우,15260,0,0,,,,
20260317,007590,동방아그로,5850,-10,3552,,,,
20260317,007610,선도전기,3000,0,0,,,,
20260317,007660,이수페타시스,114300,8500,1423682,,,,
20260317,007690,국도화학,36050,850,9971,,,,
20260317,007700,F&F홀딩스,18320,450,20050,,,,
20260317,007810,코리아써키트,52500,-100,214606,,,,
20260317,007815,코리아써우,14830,120,1968,,,,
20260317,00781K,코리아써키트2우B,11980,0,880,,,,
20260317,007860,서연,9700,-40,58120,,,,
20260317,007980,TP,1891,2,196015,,,,
20260317,008040,사조동아원,1123,-25,977573,,,,
20260317,008060,대덕,12920,-40,121151,,,,
20260317,00806K,대덕1우,10870,130,5315,,,,
20260317,008250,이건산업,3865,20,6392,,,,
20260317,008260,NI스틸,3510,50,65392,,,,
20260317,008350,남선알미늄,1674,-41,30555419,,,,
20260317,008355,남선알미우,14040,-920,15086,,,,
20260317,008420,문배철강,2235,55,136404,,,,
20260317,008490,서흥,20200,-50,13869,,,,
20260317,008600,윌비스,2720,0,0,,,,
20260317,008700,아남전자,1208,10,296639,,,,
20260317,008730,율촌화학,24950,300,29778,,,,
20260317,008770,호텔신라,42850,100,156486,,,,
20260317,008775,호텔신라우,33950,-150,328,,,,
20260317,008870,금비,45150,50,696,,,,
20260317,008930,한미사이언스,38150,1600,123201,,,,
20260317,008970,KBI동양철관,1760,40,1285573,,,,
20260317,009070,KCTC,6550,130,376050,,,,
20260317,009140,경인전자,22350,350,4244,,,,
20260317,009150,삼성전기,446500,33500,1036393,,,,
20260317,009155,삼성전기우,178900,6500,43153,,,,
20260317,009160,SIMPAC,4950,95,130692,,,,
20260317,009180,한솔로지스틱스,2930,15,96034,,,,
20260317,009190,대양금속,1223,-32,183065,,,,
20260317,009200,무림페이퍼,1954,-18,165964,,,,
20260317,009240,한샘,41750,-400,71378,,,,
20260317,009270,신원,1373,-7,450105,,,,
20260317,009290,광동제약,9070,220,414623,,,,
20260317,009310,참엔지니어링,1065,0,0,,,,
20260317,009320,아진전자부품,1008,11,67629,,,,
20260317,009410,태영건설,1793,-44,304470,,,,
20260317,009415,태영건설우,6120,90,1160,,,,
20260317,009420,한올바이오파마,56200,2600,496324,,,,
20260317,009440,KC그린홀딩스,756,0,0,,,,
20260317,009450,경동나비엔,63000,1300,29277,,,,
20260317,009460,한창제지,2500,5,37672,,,,
20260317,009470,삼화전기,39700,600,62359,,,,
20260317,009540,HD한국조선해양,420000,10500,114908,,,,
20260317,009580,무림P&P,2400,-10,41528,,,,
20260317,009680,모토닉,11020,0,52634,,,,
20260317,009770,삼정펄프,32350,-150,1714,,,,
20260317,009810,MDS스피어,2153,18,12671,,,,
20260317,009830,한화솔루션,46643,3207,8570855,,,,
20260317,009835,한화솔루션우,25424,677,60384,,,,
20260317,009900,명신산업,10540,-260,464519,,,,
20260317,009970,영원무역홀딩스,225000,6000,11038,,,,
20260317,010040,한국내화,2040,-15,12124,,,,
20260317,010060,OCI홀딩스,165000,6900,202124,,,,
20260317,010100,한국무브넥스,4680,125,159732,,,,
20260317,010120,LS ELECTRIC,152400,5800,508225,,,,
20260317,010130,고려아연,1612000,12000,17390,,,,
20260317,010140,삼성중공업,29150,400,5136148,,,,
20260317,010400,우진아이엔에스,3735,-30,9883,,,,
20260317,010580,에스엠벡셀,1990,-55,160926,,,,
20260317,010640,진양폴리,2525,-35,232240,,,,
20260317,010660,화천기계,5830,0,281210,,,,
20260317,010690,화신,12750,-160,550876,,,,
20260317,010770,평화홀딩스,4010,30,37100,,,,
20260317,010780,아이에스동서,32700,950,157224,,,,
20260317,010820,퍼스텍,7550,-450,3380869,,,,
20260317,010950,S-Oil,106500,1100,690457,,,,
20260317,010955,S-Oil우,53800,100,16570,,,,
20260317,010960,삼호개발,3890,10,30887,,,,
20260317,011000,진원생명과학,5415,85,120342,,,,
20260317,011070,LG이노텍,255500,1500,121338,,,,
20260317,011090,에넥스,2275,30,39215,,,,
20260317,011150,CJ씨푸드,2695,55,104480,,,,
20260317,011155,CJ씨푸드1우,15680,1780,3815,,,,
20260317,011170,롯데케미칼,70200,1100,250456,,,,
20260317,011200,HMM,20850,-100,1025325,,,,
20260317,011210,현대위아,86300,5100,193955,,,,
20260317,011230,삼화전자,2605,20,46306,,,,
20260317,011280,태림포장,1940,17,200894,,,,
20260317,011300,우성머티리얼스,3130,-100,63722,,,,
20260317,011330,유니켐,7460,120,107660,,,,
20260317,011390,부산산업,76200,400,6527,,,,
20260317,011420,갤럭시아에스엠,1781,30,92360,,,,
20260317,011500,한농화성,21700,-50,209194,,,,
20260317,011690,와이투솔루션,6690,70,960000,,,,
20260317,011700,한신기계,4970,-40,1375242,,,,
20260317,011760,현대코퍼레이션,25450,-100,57591,,,,
20260317,011780,금호석유화학,122900,7800,121492,,,,
20260317,011785,금호석유화학우,59300,1800,6942,,,,
20260317,011790,SKC,93053,1316,117627,,,,
20260317,011810,STX,3530,0,0,,,,
20260317,011930,신성이엔지,29100,6700,10464434,,,,
20260317,012030,DB,1741,-34,921960,,,,
20260317,0120G0,삼양바이오팜,85700,-4600,70615,,,,
20260317,012160,영흥,2835,-100,49859,,,,
20260317,012170,아센디오,1314,0,23814,,,,
20260317,012200,계양전기,6789,66,426553,,,,
20260317,012205,계양전기우,5501,19,14768,,,,
20260317,012280,영화금속,1034,4,273046,,,,
20260317,012320,경동인베스트,77500,-11800,60535,,,,
20260317,012330,현대모비스,412500,11500,166536,,,,
20260317,012450,한화에어로스페이스,1396000,-80000,210274,,,,
20260317,012610,경인양행,4105,50,303751,,,,
20260317,012630,HDC,24450,-200,120911,,,,
20260317,012690,모나리자,2125,15,85929,,,,
20260317,0126Z0,삼성에피스홀딩스,525000,10000,58077,,,,
20260317,012750,에스원,85200,2100,53859,,,,
20260317,012800,대창,1328,-15,834953,,,,
20260317,013000,세우글로벌,1126,9,44674,,,,
20260317,013360,일성건설,1817,31,264961,,,,
20260317,013520,화승코퍼레이션,2970,-20,280146,,,,
20260317,013570,디와이,4915,30,70213,,,,
20260317,013580,계룡건설,24950,0,43176,,,,
20260317,013700,까뮤이앤씨,1234,-6,73990,,,,
20260317,013870,지엠비코리아,5250,30,25998,,,,
20260317,013890,지누스,11810,-320,36856,,,,
20260317,014130,한익스프레스,2650,-45,21592,,,,
20260317,014160,대영포장,1037,17,213446,,,,
20260317,014280,금강공업,4990,-10,92511,,,,
20260317,014285,금강공업우,6770,-30,6512,,,,
20260317,014440,영보화학,4720,10,33579,,,,
20260317,014530,극동유화,3860,15,1626324,,,,
20260317,014580,태경비케이,4460,-10,80932,,,,
20260317,014680,한솔케미칼,285500,1500,28427,,,,
20260317,014710,사조씨푸드,7470,130,13566,,,,
20260317,014790,HL D&I,3120,-40,153981,,,,
20260317,014820,동원시스템즈,25150,800,29050,,,,
20260317,014825,동원시스템즈우,16390,0,78,,,,
20260317,014830,유니드,81600,-1000,30413,,,,
20260317,014910,성문전자,1745,29,314854,,,,
20260317,014915,성문전자우,4400,20,706,,,,
20260317,014990,인디에프,3885,-30,33184,,,,
20260317,015020,이스타코,928,0,0,,,,
20260317,015230,대창단조,6350,60,107057,,,,
20260317,015260,에이엔피,754,54,2276505,,,,
20260317,015360,INVENI,15340,20,36515,,,,
20260317,015590,DKME,2575,0,0,,,,
20260317,015760,한국전력,48200,1300,2131127,,,,
20260317,015860,일진홀딩스,7240,-40,87516,,,,
20260317,015890,태경산업,4745,10,21986,,,,
20260317,016090,대현,1649,4,60288,,,,
20260317,016360,삼성증권,97400,800,437888,,,,
20260317,016380,KG스틸,5650,20,238535,,,,
20260317,016450,한세예스24홀딩스,4885,40,72983,,,,
20260317,016580,환인제약,10300,70,17922,,,,
20260317,016590,신대양제지,12880,50,18390,,,,
20260317,016610,DB증권,13970,20,108767,,,,
20260317,016710,대성홀딩스,8800,40,11813,,,,
20260317,016740,두올,4785,125,153740,,,,
20260317,016800,퍼시스,38400,-600,1141,,,,
20260317,016880,웅진,2465,185,2911819,,,,
20260317,017040,광명전기,1145,-298,8022518,,,,
20260317,017180,명문제약,1862,-26,84065,,,,
20260317,017370,우신시스템,5910,30,36803,,,,
20260317,017390,서울가스,68100,700,24529,,,,
20260317,017550,수산세보틱스,1891,19,252637,,,,
20260317,017670,SK텔레콤,79700,3400,1010185,,,,
20260317,017800,현대엘리베이터,87100,100,145828,,,,
20260317,017810,풀무원,12040,200,19601,,,,
20260317,017860,DS단석,19830,420,195205,,,,
20260317,017900,광전자,2080,30,338476,,,,
20260317,017940,E1,98500,1900,16651,,,,
20260317,017960,한국카본,48650,2800,717638,,,,
20260317,018250,애경산업,14460,130,24654,,,,
20260317,018260,삼성에스디에스,163200,4700,190231,,,,
20260317,018470,조일알미늄,1345,1,4880855,,,,
20260317,018500,동원모빌리티,1635,48,340017,,,,
20260317,018670,SK가스,230000,-500,16128,,,,
20260317,018880,한온시스템,4095,95,10987241,,,,
20260317,019170,신풍제약,10980,210,59978,,,,
20260317,019175,신풍제약우,16600,150,2267,,,,
20260317,019180,티에이치엔,9040,590,1364487,,,,
20260317,019490,엑시큐어하이트론,541,0,0,,,,
20260317,019680,대교,1653,0,54310,,,,
20260317,019685,대교우B,1019,1,22394,,,,
20260317,020000,한섬,24950,1050,143195,,,,
20260317,020120,키다리스튜디오,3405,5,85193,,,,
20260317,020150,롯데에너지머티리얼즈,36800,400,111322,,,,
20260317,020560,아시아나항공,7030,60,56215,,,,
20260317,020760,일진디스플,902,0,0,,,,
20260317,021050,서원,1266,-26,400373,,,,
20260317,021240,코웨이,74800,900,168710,,,,
20260317,021820,세원정공,15560,-700,20438,,,,
20260317,022100,포스코DX,31300,650,315374,,,,
20260317,023000,삼원강재,2350,5,28698,,,,
20260317,023150,MH에탄올,4330,35,2714,,,,
20260317,023350,한국종합기술,4475,-15,14135,,,,
20260317,023450,동남합성,30800,-50,368,,,,
20260317,023530,롯데쇼핑,103500,1000,94906,,,,
20260317,023590,다우기술,49000,1050,88464,,,,
20260317,023800,인지컨트롤스,6770,180,77555,,,,
20260317,023810,인팩,8010,240,19179,,,,
20260317,023960,에쓰씨엔지니어링,1426,36,99811,,,,
20260317,024070,WISCOM,1948,-8,14468,,,,
20260317,024090,디씨엠,12250,20,7559,,,,
20260317,024110,기업은행,23200,350,804318,,,,
20260317,024720,콜마홀딩스,9150,150,23367,,,,
20260317,024890,대원화성,3895,30,24034,,,,
20260317,024900,디와이덕양,2020,-15,80274,,,,
20260317,025000,KPX케미칼,49500,-350,11653,,,,
20260317,025530,SJM홀딩스,3630,40,17621,,,,
20260317,025540,한국단자,76300,6100,57406,,,,
20260317,025560,미래산업,2708,46,256105,,,,
20260317,025620,차AI헬스케어,9420,20,6874,,,,
20260317,025750,한솔홈데코,2895,-5,39017,,,,
20260317,025820,이구산업,5060,20,150221,,,,
20260317,025860,남해화학,8900,250,2964284,,,,
20260317,025890,한국주강,1596,-10,15208,,,,
20260317,026890,스틱인베스트먼트,10150,250,63102,,,,
20260317,026940,부국철강,1977,3,21048,,,,
20260317,026960,동서,25500,350,65427,,,,
20260317,027410,BGF,4330,10,158577,,,,
20260317,027740,마니커,1648,-14,186152,,,,
20260317,027970,한국제지,3845,-5,11189,,,,
20260317,028050,삼성E&A,31650,300,755744,,,,
20260317,028100,동아지질,16410,40,16505,,,,
20260317,028260,삼성물산,279500,1000,288986,,,,
20260317,02826K,삼성물산우B,177000,1500,4943,,,,
20260317,028670,팬오션,5130,30,4369655,,,,
20260317,029460,케이씨,31500,0,23461,,,,
20260317,029530,신도리코,54800,300,14319,,,,
20260317,029780,삼성카드,58600,400,86227,,,,
20260317,030000,제일기획,20800,400,238018,,,,
20260317,030190,NICE평가정보,16930,190,86826,,,,
20260317,030200,KT,60000,1100,263178,,,,
20260317,030210,다올투자증권,4080,-515,1293136,,,,
20260317,030610,교보증권,12700,260,81906,,,,
20260317,030720,동원수산,5900,10,6705,,,,
20260317,031210,서울보증보험,56700,1300,22825,,,,
20260317,031430,신세계인터내셔날,12750,180,1342111,,,,
20260317,031820,아이티센씨티에스,7550,-40,111818,,,,
20260317,032350,롯데관광개발,21600,1150,811783,,,,
20260317,032560,황금에스티,5880,-30,17502,,,,
20260317,032640,LG유플러스,15800,600,972229,,,,
20260317,032830,삼성생명,217000,5000,208804,,,,
20260317,033240,자화전자,39200,-1200,220209,,,,
20260317,033250,체시스,4645,-300,155926,,,,
20260317,033270,유나이티드제약,20050,-150,25390,,,,
20260317,033530,SJG세종,8580,200,109729,,,,
20260317,033780,KT&G,155500,3000,190944,,,,
20260317,033920,무학,9190,220,31277,,,,
20260317,034020,두산에너빌리티,104400,-1300,3105960,,,,
20260317,034120,SBS,16760,80,13263,,,,
20260317,034220,LG디스플레이,11580,150,2936015,,,,
20260317,034230,파라다이스,18070,970,708279,,,,
20260317,034310,NICE,14500,210,54064,,,,
20260317,034590,인천도시가스,26900,-100,2771,,,,
20260317,034730,SK,340000,9500,222981,,,,
20260317,03473K,SK우,247500,8500,2278,,,,
20260317,034830,한국토지신탁,1507,18,737789,,,,
20260317,035000,HS애드,8770,10,21707,,,,
20260317,035150,백산,13690,270,27940,,,,
20260317,035250,강원랜드,18100,50,469962,,,,
20260317,035420,NAVER,224000,6000,614390,,,,
20260317,035510,신세계 I&C,22600,5190,3869603,,,,
20260317,035720,카카오,51300,1100,1021895,,,,
20260317,036420,콘텐트리중앙,6900,-140,62315,,,,
20260317,036460,한국가스공사,34800,350,230562,,,,
20260317,036530,SNT홀딩스,59500,1500,11117,,,,
20260317,036570,NC,224500,-1500,112536,,,,
20260317,036580,팜스코,3375,115,103959,,,,
20260317,037270,YG PLUS,6250,160,505300,,,,
20260317,037560,LG헬로비전,2295,45,92719,,,,
20260317,037710,광주신세계,38550,450,6180,,,,
20260317,039130,하나투어,42350,1000,57827,,,,
20260317,039490,키움증권,444000,14000,75077,,,,
20260317,039570,HDC랩스,8530,-100,20957,,,,
20260317,041650,상신브레이크,2590,-10,35090,,,,
20260317,042660,한화오션,132700,800,682572,,,,
20260317,042700,한미반도체,301000,1000,656744,,,,
20260317,044380,주연테크,1850,35,22548,,,,
20260317,044450,KSS해운,10480,-170,853634,,,,
20260317,044820,코스맥스비티아이,14570,240,15765,,,,
20260317,047040,대우건설,12110,130,15508959,,,,
20260317,047050,포스코인터내셔널,72000,-1800,990475,,,,
20260317,047400,유니온머티리얼,1578,-2,816222,,,,
20260317,047810,한국항공우주,202000,10800,1124405,,,,
20260317,049800,우진플라임,2505,55,26513,,,,
20260317,051600,한전KPS,59300,-100,107144,,,,
20260317,051630,진양화학,2345,-45,1014977,,,,
20260317,051900,LG생활건강,243000,2500,70184,,,,
20260317,051905,LG생활건강우,104200,0,6015,,,,
20260317,051910,LG화학,307500,15500,256068,,,,
20260317,051915,LG화학우,152600,7600,33371,,,,
20260317,052690,한전기술,170600,-1800,275319,,,,
20260317,053210,스카이라이프,5130,-40,58048,,,,
20260317,053690,한미글로벌,20100,480,128850,,,,
20260317,055490,테이팩스,15100,640,19004,,,,
20260317,055550,신한지주,91200,1200,1304315,,,,
20260317,058430,포스코스틸리온,4520,55,109050,,,,
20260317,058650,세아홀딩스,152000,500,1448,,,,
20260317,058730,다스코,3480,35,445436,,,,
20260317,058850,KTcs,2605,-5,111902,,,,
20260317,058860,KTis,2800,-5,64624,,,,
20260317,060980,HL홀딩스,45500,1100,23806,,,,
20260317,062040,산일전기,139800,3100,107792,,,,
20260317,063160,종근당바이오,19350,80,5500,,,,
20260317,064350,현대로템,192900,-300,480144,,,,
20260317,064400,LG씨엔에스,66600,1000,378437,,,,
20260317,064960,SNT모티브,33100,400,34537,,,,
20260317,066570,LG전자,114500,300,691353,,,,
20260317,066575,LG전자우,52600,300,76815,,,,
20260317,066970,엘앤에프,110100,5000,317545,,,,
20260317,067830,세이브존I&C,3000,25,35404,,,,
20260317,068270,셀트리온,196352,5719,377404,,,,
20260317,068290,삼성출판사,9370,60,16967,,,,
20260317,069260,TKG휴켐스,19010,-80,104093,,,,
20260317,069460,대호에이엘,2930,-675,5939617,,,,
20260317,069620,대웅제약,165000,4400,28178,,,,
20260317,069640,한세엠케이,1196,14,3075,,,,
20260317,069730,DSR제강,4895,70,73795,,,,
20260317,069960,현대백화점,87100,1000,54573,,,,
20260317,070960,모나용평,3080,-15,52559,,,,
20260317,071050,한국금융지주,233500,10000,332480,,,,
20260317,071055,한국금융지주우,169800,6800,25018,,,,
20260317,071090,하이스틸,3580,30,47137,,,,
20260317,071320,지역난방공사,88400,1000,13885,,,,
20260317,071840,롯데하이마트,7900,150,29491,,,,
20260317,071950,코아스,2250,130,60325,,,,
20260317,071970,HD현대마린엔진,80200,300,89384,,,,
20260317,072130,유엔젤,5070,40,92077,,,,
20260317,072710,농심홀딩스,95800,2400,9058,,,,
20260317,073240,금호타이어,5790,260,568805,,,,
20260317,074610,이엔플러스,5110,0,0,,,,
20260317,075180,새론오토모티브,3015,-35,20458,,,,
20260317,075580,세진중공업,17240,90,129396,,,,
20260317,077500,유니퀘스트,6130,80,72509,,,,
20260317,077970,STX엔진,34200,500,262992,,,,
20260317,078000,텔코웨어,17920,-50,14885,,,,
20260317,078520,에이블씨엔씨,12050,450,345018,,,,
20260317,078930,GS,64200,1900,218013,,,,
20260317,078935,GS우,54300,1300,3665,,,,
20260317,079160,CJ CGV,5000,105,353297,,,,
20260317,079430,현대리바트,7000,-190,56477,,,,
20260317,079550,LIG디펜스앤에어로스페이스,705000,-25000,265204,,,,
20260317,079900,전진건설로봇,53800,-600,38383,,,,
20260317,079980,휴비스,2580,20,32153,,,,
20260317,081000,일진다이아,13540,-80,33530,,,,
20260317,081660,미스토홀딩스,48750,750,106434,,,,
20260317,082640,동양생명,8490,150,476029,,,,
20260317,082740,한화엔진,49250,550,205265,,,,
20260317,083420,그린케미칼,5620,20,109074,,,,
20260317,084010,대한제강,11980,330,71546,,,,
20260317,084670,동양고속,44900,4050,244341,,,,
20260317,084680,이월드,1625,28,258525,,,,
20260317,084690,대상홀딩스,9630,230,30887,,,,
20260317,084695,대상홀딩스우,14670,220,5156,,,,
20260317,084870,TBH글로벌,1999,69,97205,,,,
20260317,085310,엔케이,10390,-290,84081,,,,
20260317,085620,미래에셋생명,17500,340,3877508,,,,
20260317,086280,현대글로비스,229000,10000,144522,,,,
20260317,086790,하나금융지주,109900,1500,569082,,,,
20260317,088260,이리츠코크렙,4855,0,39861,,,,
20260317,088350,한화생명,4790,85,6612344,,,,
20260317,088790,진도,2490,-20,117626,,,,
20260317,088980,맥쿼리인프라,11340,40,1130438,,,,
20260317,089470,HDC현대EP,5230,-80,98092,,,,
20260317,089590,제주항공,5200,40,193906,,,,
20260317,089860,롯데렌탈,32200,50,28652,,,,
20260317,090080,평화산업,927,-7,166136,,,,
20260317,090350,노루페인트,8500,90,268781,,,,
20260317,090355,노루페인트우,13300,170,733,,,,
20260317,090370,메타랩스,1395,6,58512,,,,
20260317,090430,아모레퍼시픽,132700,4400,179914,,,,
20260317,090435,아모레퍼시픽우,48250,1000,20785,,,,
20260317,090460,비에이치,18480,-150,248522,,,,
20260317,091810,트리니티항공,1117,-16,850393,,,,
20260317,092200,디아이씨,9410,290,388652,,,,
20260317,092220,KEC,7080,-175,1089514,,,,
20260317,092230,KPX홀딩스,79000,1000,1877,,,,
20260317,092440,기신정기,2235,5,26695,,,,
20260317,092780,DYP,4540,80,48390,,,,
20260317,092790,넥스틸,11960,130,225195,,,,
20260317,093050,LF,21350,-50,78953,,,,
20260317,093240,형지엘리트,1021,1,509184,,,,
20260317,093370,후성,7170,340,371678,,,,
20260317,094280,효성ITX,12470,20,8096,,,,
20260317,094800,맵스리얼티,6820,-240,118888,,,,
20260317,095570,AJ네트웍스,4970,-40,182617,,,,
20260317,095720,웅진씽크빅,2414,58,206190,,,,
20260317,096760,JW홀딩스,4220,-95,163176,,,,
20260317,096770,SK이노베이션,110900,1600,443183,,,,
20260317,096775,SK이노베이션우,70300,700,4262,,,,
20260317,097230,HJ중공업,26150,-400,1580139,,,,
20260317,097520,엠씨넥스,24000,50,31789,,,,
20260317,097950,CJ제일제당,203000,3700,34070,,,,
20260317,097955,CJ제일제당 우,129400,1600,4758,,,,
20260317,100090,SK오션플랜트,18870,30,478208,,,,
20260317,100220,비상교육,5260,-90,20774,,,,
20260317,100250,진양홀딩스,3025,0,30106,,,,
20260317,100840,SNT에너지,42250,-1550,157867,,,,
20260317,101140,인바이오젠,9800,80,5675,,,,
20260317,101530,해태제과식품,6640,90,18075,,,,
20260317,102260,동성케미컬,4060,10,72647,,,,
20260317,102460,이연제약,10270,-110,26936,,,,
20260317,103140,풍산,102500,3300,269886,,,,
20260317,103590,일진전기,78200,1200,223768,,,,
20260317,104700,한국철강,9390,140,17781,,,,
20260317,105560,KB금융,150700,1400,947530,,,,
20260317,105630,한세실업,12210,-20,118566,,,,
20260317,105840,우진,26400,-100,795092,,,,
20260317,107590,미원홀딩스,65600,-100,824,,,,
20260317,108320,LX세미콘,50500,300,76309,,,,
20260317,108670,LX하우시스,28750,100,19143,,,,
20260317,108675,LX하우시스우,15760,110,2155,,,,
20260317,109070,주성코퍼레이션,890,-11,163048,,,,
20260317,111110,호전실업,7450,0,12358,,,,
20260317,111380,동인기연,14300,120,6884,,,,
20260317,111770,영원무역,85900,1400,48040,,,,
20260317,112610,씨에스윈드,58100,2100,1111023,,,,
20260317,114090,GKL,12210,220,191676,,,,
20260317,117580,대성에너지,10310,-70,1308603,,,,
20260317,118000,메타케어,2410,-50,78047,,,,
20260317,119650,KC코트렐,918,0,0,,,,
20260317,120030,조선선재,101300,-1600,1512,,,,
20260317,120110,코오롱인더,70100,-1100,235096,,,,
20260317,120115,코오롱인더우,27700,0,13597,,,,
20260317,122900,아이마켓코리아,7660,0,37934,,,,
20260317,123690,한국화장품,8550,70,100931,,,,
20260317,123700,SJM,3580,-15,46468,,,,
20260317,123890,한국자산신탁,2845,0,270823,,,,
20260317,126560,현대퓨처넷,3245,0,77075,,,,
20260317,126720,수산인더스트리,27150,-250,72418,,,,
20260317,128820,대성산업,7960,80,681273,,,,
20260317,128940,한미약품,520000,20000,117882,,,,
20260317,129260,인터지스,2455,-5,59760,,,,
20260317,130660,한전산업,20500,-400,654792,,,,
20260317,133820,화인베스틸,1360,28,134828,,,,
20260317,134380,미원화학,11040,-10,5530,,,,
20260317,134790,시디즈,19620,10,210,,,,
20260317,136490,선진,10340,240,62817,,,,
20260317,137310,에스디바이오센서,7900,280,117522,,,,
20260317,138040,메리츠금융지주,111200,1300,191666,,,,
20260317,138930,BNK금융지주,18480,340,719032,,,,
20260317,139130,iM금융지주,16580,70,679916,,,,
20260317,139480,이마트,95200,1800,207010,,,,
20260317,139990,아주스틸,2985,15,25445,,,,
20260317,143210,핸즈코퍼레이션,1032,-2,21988,,,,
20260317,145210,다이나믹디자인,2300,-80,235103,,,,
20260317,145270,케이탑리츠,900,0,12462,,,,
20260317,145720,덴티움,53000,500,32652,,,,
20260317,145990,삼양사,47150,1550,13520,,,,
20260317,145995,삼양사우,35600,100,201,,,,
20260317,155660,DSR,4095,30,19337,,,,
20260317,161000,애경케미칼,9720,50,69436,,,,
20260317,161390,한국타이어앤테크놀로지,56300,2300,301070,,,,
20260317,161890,한국콜마,70200,700,57507,,,,
20260317,163560,동일고무벨트,6910,250,88995,,,,
20260317,170900,동아에스티,43850,350,12026,,,,
20260317,175330,JB금융지주,29450,550,248919,,,,
20260317,178920,PI첨단소재,24100,4940,2043877,,,,
20260317,180640,한진칼,117400,1200,62025,,,,
20260317,18064K,한진칼우,34700,400,1049,,,,
20260317,181710,NHN,39500,800,53080,,,,
20260317,183190,아세아시멘트,11910,40,60102,,,,
20260317,185750,종근당,88500,1800,27184,,,,
20260317,192080,더블유게임즈,50500,850,41016,,,,
20260317,192400,쿠쿠홀딩스,28300,50,30198,,,,
20260317,192650,드림텍,6930,-50,240838,,,,
20260317,192820,코스맥스,175700,5000,33111,,,,
20260317,194370,제이에스코퍼레이션,12070,-90,74768,,,,
20260317,195870,해성디에스,52900,-600,137110,,,,
20260317,200880,서연이화,13980,-10,82312,,,,
20260317,204320,HL만도,52500,1500,272493,,,,
20260317,207940,삼성바이오로직스,1587000,19000,29429,,,,
20260317,210540,디와이파워,13600,-120,56242,,,,
20260317,210980,SK디앤디,13300,-150,29299,,,,
20260317,213500,한솔제지,8340,160,27807,,,,
20260317,214320,이노션,19670,130,63663,,,,
20260317,214330,금호에이치티,11560,-517,41169,,,,
20260317,214390,경보제약,5490,10,21987,,,,
20260317,214420,토니모리,7140,210,130321,,,,
20260317,217590,티엠씨,17950,4140,1138174,,,,
20260317,226320,잇츠한불,10200,70,9913,,,,
20260317,227840,현대코퍼레이션홀딩스,12130,120,21736,,,,
20260317,229640,LS에코에너지,44400,-200,128676,,,,
20260317,234080,JW생명과학,13080,80,23968,,,,
20260317,241560,두산밥캣,59000,1300,251398,,,,
20260317,241590,화승엔터프라이즈,4785,35,48341,,,,
20260317,244920,에이플러스에셋,11970,-120,39439,,,,
20260317,248070,솔루엠,17900,360,249098,,,,
20260317,248170,샘표식품,28800,300,19994,,,,
20260317,249420,일동제약,32750,550,203660,,,,
20260317,251270,넷마블,54800,1600,344738,,,,
20260317,259960,크래프톤,232500,-2000,113803,,,,
20260317,264900,크라운제과,8420,-20,7782,,,,
20260317,26490K,크라운제과우,9240,10,108,,,,
20260317,267250,HD현대,268500,5500,112960,,,,
20260317,267260,HD현대일렉트릭,931000,26000,86102,,,,
20260317,267270,HD건설기계,125800,1300,215613,,,,
20260317,267290,경동도시가스,22000,-100,8252,,,,
20260317,267850,아시아나IDT,10040,0,12488,,,,
20260317,268280,미원에스씨,125900,3700,1282,,,,
20260317,271560,오리온,131100,2100,95221,,,,
20260317,271940,일진하이솔루스,16520,-360,124837,,,,
20260317,271980,제일약품,14540,-210,24257,,,,
20260317,272210,한화시스템,138900,-1100,1443117,,,,
20260317,272450,진에어,6490,150,78833,,,,
20260317,272550,삼양패키징,11500,-50,9183,,,,
20260317,278470,에이피알,349000,20500,348466,,,,
20260317,279570,케이뱅크,7040,140,10390740,,,,
20260317,280360,롯데웰푸드,112500,1200,14863,,,,
20260317,281820,케이씨텍,47050,950,151521,,,,
20260317,282330,BGF리테일,121700,-2800,34065,,,,
20260317,284740,쿠쿠홈시스,24600,250,16308,,,,
20260317,285130,SK케미칼,57800,1500,23370,,,,
20260317,28513K,SK케미칼우,27250,250,2547,,,,
20260317,286940,롯데이노베이트,22650,150,21607,,,,
20260317,293480,하나제약,9350,40,55039,,,,
20260317,293940,신한알파리츠,5860,100,181344,,,,
20260317,294870,IPARK현대산업개발,20850,-300,212393,,,,
20260317,298000,효성화학,77800,0,0,,,,
20260317,298020,효성티앤씨,348000,14500,36569,,,,
20260317,298040,효성중공업,2546000,29000,20172,,,,
20260317,298050,HS효성첨단소재,219000,9000,15787,,,,
20260317,298690,에어부산,1863,46,425555,,,,
20260317,300720,한일시멘트,16740,120,56099,,,,
20260317,302440,SK바이오사이언스,43700,1000,84325,,,,
20260317,306200,세아제강,138800,600,17851,,,,
20260317,307950,현대오토에버,422500,2500,284029,,,,
20260317,308170,씨티알모빌리티,5330,-60,18680,,,,
20260317,316140,우리금융지주,32600,700,1829463,,,,
20260317,317400,자이에스앤디,4350,-25,51610,,,,
20260317,317450,명인제약,59800,500,23773,,,,
20260317,322000,HD현대에너지솔루션,126000,6600,4466689,,,,
20260317,323410,카카오뱅크,23950,400,563385,,,,
20260317,326030,SK바이오팜,98900,3300,166221,,,,
20260317,329180,HD현대중공업,587000,4000,164715,,,,
20260317,330590,롯데리츠,4690,10,244119,,,,
20260317,334890,이지스밸류플러스리츠,4190,15,85043,,,,
20260317,336260,두산퓨얼셀,42500,-350,698205,,,,
20260317,33626K,두산퓨얼셀1우,8010,10,25740,,,,
20260317,33626L,두산퓨얼셀2우B,10290,-30,3610,,,,
20260317,336370,솔루스첨단소재,8380,270,170642,,,,
20260317,33637K,솔루스첨단소재1우,2020,10,13630,,,,
20260317,33637L,솔루스첨단소재2우B,3310,45,4421,,,,
20260317,338100,NH프라임리츠,4655,0,63828,,,,
20260317,339770,교촌에프앤비,4260,55,56200,,,,
20260317,344820,KCC글라스,25750,350,23739,,,,
20260317,348950,제이알글로벌리츠,1561,19,2709354,,,,
20260317,350520,이지스레지던스리츠,3740,-20,37712,,,,
20260317,352820,하이브,365000,15000,211116,,,,
20260317,353200,대덕전자,67200,200,1950310,,,,
20260317,35320K,대덕전자1우,17270,470,13476,,,,
20260317,357120,코람코라이프인프라리츠,4625,5,65845,,,,
20260317,357250,미래에셋맵스리츠,2435,10,13996,,,,
20260317,357430,마스턴프리미어리츠,1488,17,18034,,,,
20260317,361610,SK아이이테크놀로지,22100,850,128600,,,,
20260317,363280,티와이홀딩스,2765,5,34066,,,,
20260317,36328K,티와이홀딩스우,4020,10,824,,,,
20260317,365550,ESR켄달스퀘어리츠,4310,20,261961,,,,
20260317,372910,한컴라이프케어,2480,-75,737550,,,,
20260317,373220,LG에너지솔루션,380500,14500,345242,,,,
20260317,375500,DL이앤씨,47250,250,240958,,,,
20260317,37550K,DL이앤씨우,24600,50,8274,,,,
20260317,37550L,DL이앤씨2우(전환),35450,50,1095,,,,
20260317,377190,디앤디플랫폼리츠,3140,40,105716,,,,
20260317,377300,카카오페이,60100,2600,439788,,,,
20260317,377740,바이오노트,5370,10,38885,,,,
20260317,378850,화승알앤에이,3580,30,29662,,,,
20260317,381970,케이카,14330,10,59154,,,,
20260317,383220,F&F,62200,500,73444,,,,
20260317,383800,LX홀딩스,8170,40,90614,,,,
20260317,38380K,LX홀딩스1우,8560,60,3198,,,,
20260317,395400,SK리츠,6110,60,270670,,,,
20260317,396690,미래에셋글로벌리츠,2500,-10,60705,,,,
20260317,400760,NH올원리츠,3280,35,171386,,,,
20260317,402340,SK스퀘어,587000,25000,479303,,,,
20260317,403550,쏘카,10890,-10,23174,,,,
20260317,404990,신한서부티엔디리츠,4525,-15,76944,,,,
20260317,415640,KB발해인프라,9980,30,151144,,,,
20260317,417310,코람코더원리츠,9280,-50,290963,,,,
20260317,432320,KB스타리츠,2620,60,307145,,,,
20260317,439260,대한조선,97200,100,135692,,,,
20260317,443060,HD현대마린솔루션,176900,6700,78758,,,,
20260317,446070,유니드비티플러스,2940,20,12270,,,,
20260317,448730,삼성FN리츠,5450,0,85887,,,,
20260317,450080,에코프로머티,61900,0,572245,,,,
20260317,451800,한화리츠,5080,20,130610,,,,
20260317,452260,한화갤러리아,2650,35,2680048,,,,
20260317,45226K,한화갤러리아우,7620,10,19412,,,,
20260317,453340,현대그린푸드,15920,-20,48470,,,,
20260317,454910,두산로보틱스,89200,1200,139373,,,,
20260317,456040,OCI,86400,1700,26316,,,,
20260317,457190,이수스페셜티케미컬,91100,1600,181127,,,,
20260317,460850,동국씨엠,5680,20,52743,,,,
20260317,460860,동국제강,9200,150,211392,,,,
20260317,462520,조선내화,14010,120,7188,,,,
20260317,462870,시프트업,30150,150,75893,,,,
20260317,465770,STX그린로지스,7690,-90,5079141,,,,
20260317,475150,SK이터닉스,40650,2200,5175121,,,,
20260317,475560,더본코리아,21600,50,9602,,,,
20260317,480370,씨케이솔루션,2675,15,51108,,,,
20260317,481850,신한글로벌액티브리츠,1139,4,43100,,,,
20260317,483650,달바글로벌,153500,6900,63306,,,,
20260317,484870,엠앤씨솔루션,42700,-766,89520,,,,
20260317,487570,HS효성,58300,1200,8072,,,,
20260317,489790,한화비전,76900,-1700,592110,,,,
20260317,499790,GS피앤엘,50400,200,69699,,,,
20260317,900140,엘브이엠씨홀딩스,1445,33,362228,,,,
20260317,950210,프레스티지바이오파마,9910,210,72226,,,,
20260318,000020,동화약품,6060,30,51644,,,,
20260318,000040,KR모터스,1910,5,38105,,,,
20260318,000050,경방,9360,0,69418,,,,
20260318,000070,삼양홀딩스,71500,1400,10962,,,,
20260318,000080,하이트진로,16990,190,99073,,,,
20260318,000087,하이트진로2우B,14060,10,2045,,,,
20260318,000100,유한양행,100200,700,233809,,,,
20260318,000105,유한양행우,88900,400,1700,,,,
20260318,000120,CJ대한통운,117900,3500,93416,,,,
20260318,000140,하이트진로홀딩스,9140,30,8353,,,,
20260318,000145,하이트진로홀딩스우,11160,-10,473,,,,
20260318,000150,두산,1189000,79000,79995,,,,
20260318,000155,두산우,527000,24000,16553,,,,
20260318,000157,두산2우B,461000,16500,2723,,,,
20260318,000180,성창기업지주,7645,245,28748,,,,
20260318,000210,DL,49850,5000,158171,,,,
20260318,000215,DL우,25200,1150,12749,,,,
20260318,000220,유유제약,4305,-30,75705,,,,
20260318,000225,유유제약1우,4400,-40,12819,,,,
20260318,000227,유유제약2우B,10870,140,1817,,,,
20260318,000230,일동홀딩스,10740,-30,31535,,,,
20260318,000240,한국앤컴퍼니,27000,850,106429,,,,
20260318,000270,기아,175100,7800,1186749,,,,
20260318,000300,DH오토넥스,4200,0,0,,,,
20260318,000320,노루홀딩스,23200,100,22293,,,,
20260318,000325,노루홀딩스우,29700,-950,647,,,,
20260318,000370,한화손해보험,7160,190,822813,,,,
20260318,000390,SP삼화,10940,-60,8497718,,,,
20260318,000400,롯데손해보험,2085,30,660475,,,,
20260318,000430,대원강업,3960,-15,66411,,,,
20260318,000480,CR홀딩스,4970,30,15303,,,,
20260318,000490,대동,10120,120,187838,,,,
20260318,000500,가온전선,60958,4279,218436,,,,
20260318,000520,삼일제약,9950,-630,381949,,,,
20260318,000540,흥국화재,4930,175,353481,,,,
20260318,000545,흥국화재우,7000,140,5225,,,,
20260318,000590,CS홀딩스,78000,-1000,367,,,,
20260318,000640,동아쏘시오홀딩스,103900,-100,10742,,,,
20260318,000650,천일고속,244000,11000,6683,,,,
20260318,000660,SK하이닉스,1056000,86000,4347884,,,,
20260318,000670,영풍,57500,5600,77399,,,,
20260318,000680,LS네트웍스,3320,80,139396,,,,
20260318,000700,유수홀딩스,6750,210,108740,,,,
20260318,000720,현대건설,170100,9100,1475128,,,,
20260318,000725,현대건설우,74500,2600,18169,,,,
20260318,000760,이화산업,15490,-30,3302,,,,
20260318,000810,삼성화재,494000,16500,138480,,,,
20260318,000815,삼성화재우,400000,7500,16266,,,,
20260318,000850,화천기공,38250,1450,12906,,,,
20260318,000860,강남제비스코,15610,240,35802,,,,
20260318,000880,한화,150779,3961,166115,,,,
20260318,00088K,한화3우B,50140,453,55216,,,,
20260318,000890,보해양조,2135,-15,115969,,,,
20260318,000910,유니온,4380,10,150239,,,,
20260318,000950,전방,36200,-300,749,,,,
20260318,000970,한국주철관,6750,70,37582,,,,
20260318,000990,DB하이텍,87900,2200,381609,,,,
20260318,001020,페이퍼코리아,3230,-95,55566,,,,
20260318,001040,CJ,200000,7000,207664,,,,
20260318,001045,CJ우,89300,900,4392,,,,
20260318,00104K,CJ4우(전환),174500,7400,11214,,,,
20260318,001060,JW중외제약,31400,-200,57211,,,,
20260318,001065,JW중외제약우,27150,-450,342,,,,
20260318,001067,JW중외제약2우B,55600,0,7,,,,
20260318,001070,대한방직,6690,40,13633,,,,
20260318,001080,만호제강,4940,25,46555,,,,
20260318,001120,LX인터내셔널,43050,-1950,186067,,,,
20260318,001130,대한제분,14990,200,25500,,,,
20260318,001200,유진투자증권,5140,240,1692495,,,,
20260318,001210,금호전기,3975,-50,114316,,,,
20260318,001230,동국홀딩스,2239,43,769152,,,,
20260318,001250,GS글로벌,2555,55,471038,,,,
20260318,001260,남광토건,9030,400,72521,,,,
20260318,001270,부국증권,79500,1900,23105,,,,
20260318,001275,부국증권우,38000,800,14862,,,,
20260318,001290,상상인증권,1251,51,7589925,,,,
20260318,001340,PKC,6750,30,224474,,,,
20260318,001360,삼성제약,1891,53,729158,,,,
20260318,001380,SG글로벌,2799,30,68864,,,,
20260318,001390,KG케미칼,5300,90,473789,,,,
20260318,001420,태원물산,2755,60,10929,,,,
20260318,001430,세아베스틸지주,68000,-200,150602,,,,
20260318,001440,대한전선,30800,1250,3152609,,,,
20260318,001450,현대해상,31600,1500,514692,,,,
20260318,001460,BYC,44450,-550,5851,,,,
20260318,001465,BYC우,26700,-100,1282,,,,
20260318,001470,삼부토건,347,0,0,,,,
20260318,001500,현대차증권,11600,450,270541,,,,
20260318,001510,SK증권,3764,301,70222705,,,,
20260318,001515,SK증권우,6050,250,32947,,,,
20260318,001520,동양,1646,-22,533453,,,,
20260318,001525,동양우,8630,0,3509,,,,
20260318,001527,동양2우B,16520,-680,11991,,,,
20260318,001530,DI동일,22850,100,35458,,,,
20260318,001550,조비,15990,-1170,379419,,,,
20260318,001560,제일연마,11750,270,7087,,,,
20260318,001570,금양,9900,0,0,,,,
20260318,001620,케이비아이동국실업,3225,90,208110,,,,
20260318,001630,종근당홀딩스,49050,500,8434,,,,
20260318,001680,대상,20700,200,80049,,,,
20260318,001685,대상우,17050,20,12840,,,,
20260318,001720,신영증권,208500,8900,35209,,,,
20260318,001740,SK네트웍스,5600,220,1082970,,,,
20260318,001750,한양증권,26400,550,35573,,,,
20260318,001755,한양증권우,25950,100,1899,,,,
20260318,001770,SHD,17650,-30,480,,,,
20260318,001780,알루코,2110,-35,571985,,,,
20260318,001790,대한제당,2740,25,233726,,,,
20260318,001795,대한제당우,2390,10,22858,,,,
20260318,001800,오리온홀딩스,24800,100,116184,,,,
20260318,001820,삼화콘덴서,61500,7600,1645803,,,,
20260318,001940,KISCO홀딩스,24600,200,12129,,,,
20260318,002020,코오롱,55900,-1100,71623,,,,
20260318,002025,코오롱우,26750,-50,5313,,,,
20260318,002030,아세아,282000,-5500,2193,,,,
20260318,002070,비비안,7383,-218,57380,,,,
20260318,002100,경농,9570,-150,134370,,,,
20260318,002140,고려산업,2710,-100,539677,,,,
20260318,002150,도화엔지니어링,6360,20,53606,,,,
20260318,002170,SYTS,59000,100,2814,,,,
20260318,002200,한국수출포장,3065,10,73737,,,,
20260318,002210,동성제약,1946,0,0,,,,
20260318,002220,한일철강,3945,-40,108099,,,,
20260318,002240,고려제강,21950,650,18931,,,,
20260318,002310,아세아제지,8870,-350,466035,,,,
20260318,002320,한진,19320,130,29039,,,,
20260318,002350,넥센타이어,7470,220,181946,,,,
20260318,002355,넥센타이어1우B,4455,160,36337,,,,
20260318,002360,SH에너지화학,3870,-160,310235,,,,
20260318,002380,KCC,558000,28000,33671,,,,
20260318,002390,한독,10890,70,10013,,,,
20260318,002410,범양건영,1935,0,0,,,,
20260318,002420,세기상사,5680,-370,65019,,,,
20260318,002450,삼익악기,1203,4,211189,,,,
20260318,002460,HS화성,12840,170,36770,,,,
20260318,002600,조흥,146900,-2300,1190,,,,
20260318,002620,제일파마홀딩스,8970,0,13421,,,,
20260318,002630,오리엔트바이오,1088,10,351320,,,,
20260318,002690,동일제강,1500,5,3728,,,,
20260318,002700,신일전자,1363,-13,545591,,,,
20260318,002710,TCC스틸,14010,-80,96006,,,,
20260318,002720,국제약품,5050,-10,320557,,,,
20260318,002760,보락,1221,2,284336,,,,
20260318,002780,진흥기업,804,-1,1268088,,,,
20260318,002785,진흥기업우B,3485,100,710,,,,
20260318,002787,진흥기업2우B,8490,10,103,,,,
20260318,002790,아모레퍼시픽홀딩스,27750,700,137699,,,,
20260318,002795,아모레퍼시픽홀딩스우,12410,130,12739,,,,
20260318,00279K,아모레퍼시픽홀딩스3우C,23750,250,10024,,,,
20260318,002810,삼영무역,19930,-70,15344,,,,
20260318,002820,SUN&L,2340,-5,17330,,,,
20260318,002840,미원상사,139300,1600,2897,,,,
20260318,002870,신풍,1210,-20,205727,,,,
20260318,002880,디와이에이,932,-3,37121,,,,
20260318,002900,TYM,6890,160,197355,,,,
20260318,002920,유성기업,1986,3,77118,,,,
20260318,002960,한국쉘석유,531000,-5000,8047,,,,
20260318,002990,금호건설,4910,95,116509,,,,
20260318,002995,금호건설우,13940,100,985,,,,
20260318,003000,부광약품,6280,210,2603588,,,,
20260318,003010,혜인,5360,10,44342,,,,
20260318,003030,세아제강지주,169800,-2200,25434,,,,
20260318,003060,에이프로젠바이오로직스,267,-11,991046,,,,
20260318,003070,코오롱글로벌,10300,400,71299,,,,
20260318,003075,코오롱글로벌우,15310,240,1040,,,,
20260318,003080,SB성보,2620,0,42118,,,,
20260318,003090,대웅,24200,50,87996,,,,
20260318,0030R0,대신밸류리츠,4345,-10,66348,,,,
20260318,003120,일성아이에스,24200,550,6341,,,,
20260318,003160,디아이,37250,1600,840607,,,,
20260318,003200,일신방직,12510,60,26085,,,,
20260318,003220,대원제약,10460,-140,34545,,,,
20260318,003230,삼양식품,1107000,25000,35923,,,,
20260318,003240,태광산업,1190000,84000,3565,,,,
20260318,003280,흥아해운,2915,-470,18034123,,,,
20260318,003300,한일홀딩스,17790,130,13108,,,,
20260318,003350,한국화장품제조,9070,-190,315505,,,,
20260318,003460,유화증권,3755,55,244986,,,,
20260318,003465,유화증권우,3520,15,1491,,,,
20260318,003470,유안타증권,5150,130,865699,,,,
20260318,003475,유안타증권우,4695,115,42117,,,,
20260318,003480,한진중공업홀딩스,4745,105,45044,,,,
20260318,003490,대한항공,25500,650,2237241,,,,
20260318,003495,대한항공우,24200,300,6865,,,,
20260318,003520,영진약품,1801,-8,656904,,,,
20260318,003530,한화투자증권,7540,120,3936203,,,,
20260318,003535,한화투자증권우,8600,-40,22647,,,,
20260318,003540,대신증권,40700,1000,124985,,,,
20260318,003545,대신증권우,27050,650,87564,,,,
20260318,003547,대신증권2우B,25900,700,30044,,,,
20260318,003550,LG,93200,2200,255848,,,,
20260318,003555,LG우,70600,300,8326,,,,
20260318,003570,SNT다이내믹스,49000,-950,89000,,,,
20260318,003580,HLB글로벌,2035,25,186486,,,,
20260318,003610,방림,5400,-90,110094,,,,
20260318,003620,KG모빌리티,3595,100,854359,,,,
20260318,003650,미창석유,112900,-1200,4502,,,,
20260318,003670,포스코퓨처엠,200500,7400,381738,,,,
20260318,003680,한성기업,5030,0,9681,,,,
20260318,003690,코리안리,13380,230,222247,,,,
20260318,003720,삼영,7550,350,1179826,,,,
20260318,003780,진양산업,5600,-20,343781,,,,
20260318,003830,대한화섬,125600,2200,293,,,,
20260318,003850,보령,9420,10,102911,,,,
20260318,003920,남양유업,55300,-900,14740,,,,
20260318,003925,남양유업우,46150,1200,33569,,,,
20260318,003960,사조대림,33400,150,5646,,,,
20260318,004000,롯데정밀화학,54700,3600,174850,,,,
20260318,004020,현대제철,37250,1700,815069,,,,
20260318,004060,SG세계물산,5260,-90,696357,,,,
20260318,004080,신흥,13790,-20,2137,,,,
20260318,004090,한국석유,17670,-1070,1245955,,,,
20260318,004100,태양금속,3015,20,324015,,,,
20260318,004105,태양금속우,3850,30,17051,,,,
20260318,004140,동방,2765,55,1317159,,,,
20260318,004150,한솔홀딩스,3320,60,108475,,,,
20260318,004170,신세계,345500,1000,68589,,,,
20260318,004250,NPC,3815,65,24466,,,,
20260318,004255,NPC우,2355,-5,11791,,,,
20260318,004270,남성,6177,16,2080,,,,
20260318,004310,현대약품,9310,-130,463675,,,,
20260318,004360,세방,14630,-110,96311,,,,
20260318,004365,세방우,9200,-90,8070,,,,
20260318,004370,농심,378500,6000,18445,,,,
20260318,004380,삼익THK,13000,0,0,,,,
20260318,004410,서울식품,2160,230,15563314,,,,
20260318,004415,서울식품우,12140,280,929,,,,
20260318,004430,송원산업,9080,250,52376,,,,
20260318,004440,삼일씨엔에스,6300,150,38349,,,,
20260318,004450,삼화왕관,27800,50,1018,,,,
20260318,004490,세방전지,61900,1100,35828,,,,
20260318,004540,깨끗한나라,1939,0,56829,,,,
20260318,004545,깨끗한나라우,10180,-20,1660,,,,
20260318,004560,현대비앤지스틸,17290,190,110374,,,,
20260318,004690,삼천리,143400,1100,16545,,,,
20260318,004700,조광피혁,70700,-300,2621,,,,
20260318,004710,한솔테크닉스,4738,19,249853,,,,
20260318,004720,팜젠사이언스,3745,5,79861,,,,
20260318,004770,써니전자,1581,26,351281,,,,
20260318,004800,효성,148000,14100,44821,,,,
20260318,004830,덕성,4600,-50,62469,,,,
20260318,004835,덕성우,6120,40,3820,,,,
20260318,004840,DRB동일,5380,-40,40520,,,,
20260318,004870,티웨이홀딩스,1669,38,80114,,,,
20260318,004890,동일산업,39300,-100,352,,,,
20260318,004910,조광페인트,4925,70,42504,,,,
20260318,004920,씨아이테크,1095,9,63477,,,,
20260318,004960,한신공영,13580,680,113943,,,,
20260318,004970,신라교역,9580,60,103593,,,,
20260318,004980,성신양회,9520,80,47729,,,,
20260318,004985,성신양회우,10700,50,3177,,,,
20260318,004990,롯데지주,31500,1000,227575,,,,
20260318,00499K,롯데지주우,30050,-800,1059,,,,
20260318,005010,휴스틸,5120,210,1435595,,,,
20260318,005030,부산주공,486,0,0,,,,
20260318,005070,코스모신소재,50900,2300,198128,,,,
20260318,005090,SGC에너지,52900,-1700,148262,,,,
20260318,005110,한창,1254,0,0,,,,
20260318,005180,빙그레,75800,-2400,45353,,,,
20260318,005250,녹십자홀딩스,14090,50,78719,,,,
20260318,005257,녹십자홀딩스2우,24050,-100,112,,,,
20260318,005300,롯데칠성,121300,1300,18129,,,,
20260318,005305,롯데칠성우,81000,400,806,,,,
20260318,005320,온타이드,1012,4,124767,,,,
20260318,005360,모나미,1750,0,17477,,,,
20260318,005380,현대차,545000,23000,930616,,,,
20260318,005385,현대차우,279500,12000,99628,,,,
20260318,005387,현대차2우B,279500,12000,124930,,,,
20260318,005389,현대차3우B,262500,10000,18497,,,,
20260318,005420,코스모화학,15040,510,164349,,,,
20260318,005430,한국공항,58700,-100,4340,,,,
20260318,005440,현대지에프홀딩스,15420,10,465898,,,,
20260318,005490,POSCO홀딩스,349500,7000,242341,,,,
20260318,005500,삼진제약,18540,220,21661,,,,
20260318,005610,삼립,52300,-200,5253,,,,
20260318,005680,삼영전자,14560,1060,375941,,,,
20260318,005690,파미셀,16680,580,1181041,,,,
20260318,005720,넥센,6820,0,26930,,,,
20260318,005725,넥센우,4445,-50,1063,,,,
20260318,005740,크라운해태홀딩스,6710,-20,8675,,,,
20260318,005745,크라운해태홀딩스우,7490,130,520,,,,
20260318,005750,대림바스,5740,240,132323,,,,
20260318,005800,신영와코루,16200,20,6235,,,,
20260318,005810,풍산홀딩스,38350,250,54317,,,,
20260318,005820,원림,15670,-20,1248,,,,
20260318,005830,DB손해보험,189800,10700,221051,,,,
20260318,005850,에스엘,68200,2500,213439,,,,
20260318,005870,휴니드,9030,430,607946,,,,
20260318,005880,대한해운,2270,-100,18447402,,,,
20260318,005930,삼성전자,208500,14600,25148481,,,,
20260318,005935,삼성전자우,149100,8100,5234562,,,,
20260318,005940,NH투자증권,34200,1800,976125,,,,
20260318,005945,NH투자증권우,26900,400,99041,,,,
20260318,005950,이수화학,8050,60,101974,,,,
20260318,005960,동부건설,8000,250,267972,,,,
20260318,005965,동부건설우,18440,-60,2836,,,,
20260318,006040,동원산업,40350,250,63032,,,,
20260318,006060,화승인더,3275,-35,107238,,,,
20260318,006090,사조오양,8270,50,4397,,,,
20260318,006110,삼아알미늄,33300,-1950,177864,,,,
20260318,006120,SK디스커버리,61500,2800,135865,,,,
20260318,006125,SK디스커버리우,40400,150,3017,,,,
20260318,006200,한국전자홀딩스,3785,-10,40351,,,,
20260318,006220,제주은행,13740,180,157372,,,,
20260318,006260,LS,282000,19000,140673,,,,
20260318,006280,녹십자,150900,2600,38104,,,,
20260318,006340,대원전선,6520,850,47172288,,,,
20260318,006345,대원전선우,4310,230,447597,,,,
20260318,006360,GS건설,25650,3650,5137856,,,,
20260318,006370,대구백화점,4570,-15,10585,,,,
20260318,006380,카프로,3660,0,0,,,,
20260318,006400,삼성SDI,405000,16000,384421,,,,
20260318,006405,삼성SDI우,226000,3000,8837,,,,
20260318,006490,프리티,1520,-120,1280429,,,,
20260318,006570,대림통상,2025,-75,15163,,,,
20260318,006650,대한유화,143000,10700,133843,,,,
20260318,006660,삼성공조,11950,130,29388,,,,
20260318,006740,블루산업개발,1294,-2,39150,,,,
20260318,006800,미래에셋증권,69900,800,3198774,,,,
20260318,006805,미래에셋증권우,23100,0,170563,,,,
20260318,00680K,미래에셋증권2우B,21100,50,830036,,,,
20260318,006840,AK홀딩스,7830,-20,5816,,,,
20260318,006880,신송홀딩스,7080,-100,115177,,,,
20260318,006890,태경케미컬,8470,-180,173974,,,,
20260318,006980,우성,21400,-250,2752,,,,
20260318,007070,GS리테일,19850,290,145706,,,,
20260318,007110,일신석재,1574,5,437843,,,,
20260318,007120,미래아이앤지,2405,10,17465770,,,,
20260318,007160,사조산업,51800,-1500,15215,,,,
20260318,007210,벽산,1897,29,257012,,,,
20260318,007280,한국특강,2751,-52,23439,,,,
20260318,007310,오뚜기,373500,3500,5585,,,,
20260318,007340,DN오토모티브,37950,2150,746306,,,,
20260318,007460,에이프로젠,306,-14,4221831,,,,
20260318,007540,샘표,56600,-600,7305,,,,
20260318,007570,일양약품,14600,0,0,,,,
20260318,007575,일양약품우,15260,0,0,,,,
20260318,007590,동방아그로,5830,-20,8429,,,,
20260318,007610,선도전기,3000,0,0,,,,
20260318,007660,이수페타시스,125100,10800,1988731,,,,
20260318,007690,국도화학,37200,1150,11303,,,,
20260318,007700,F&F홀딩스,18230,-90,8963,,,,
20260318,007810,코리아써키트,60200,7700,820399,,,,
20260318,007815,코리아써우,16550,1720,9443,,,,
20260318,00781K,코리아써키트2우B,12610,630,7514,,,,
20260318,007860,서연,9700,0,87694,,,,
20260318,007980,TP,1878,-13,196273,,,,
20260318,008040,사조동아원,1095,-28,1487566,,,,
20260318,008060,대덕,13360,440,103589,,,,
20260318,00806K,대덕1우,11250,380,20366,,,,
20260318,008250,이건산업,3875,10,8371,,,,
20260318,008260,NI스틸,3535,25,125473,,,,
20260318,008350,남선알미늄,1541,-133,12692036,,,,
20260318,008355,남선알미우,13230,-810,10511,,,,
20260318,008420,문배철강,2230,-5,135388,,,,
20260318,008490,서흥,20450,250,22058,,,,
20260318,008600,윌비스,2720,0,0,,,,
20260318,008700,아남전자,1211,3,262811,,,,
20260318,008730,율촌화학,25050,100,47924,,,,
20260318,008770,호텔신라,44350,1500,181110,,,,
20260318,008775,호텔신라우,33700,-250,3315,,,,
20260318,008870,금비,45400,250,511,,,,
20260318,008930,한미사이언스,38400,250,121818,,,,
20260318,008970,KBI동양철관,1745,-15,953060,,,,
20260318,009070,KCTC,6520,-30,439222,,,,
20260318,009140,경인전자,22250,-100,4334,,,,
20260318,009150,삼성전기,464000,17500,856316,,,,
20260318,009155,삼성전기우,187700,8800,46673,,,,
20260318,009160,SIMPAC,4835,-115,143972,,,,
20260318,009180,한솔로지스틱스,2940,10,108739,,,,
20260318,009190,대양금속,1226,3,105009,,,,
20260318,009200,무림페이퍼,1947,-7,151025,,,,
20260318,009240,한샘,43450,1700,42648,,,,
20260318,009270,신원,1379,6,236280,,,,
20260318,009290,광동제약,9040,-30,394165,,,,
20260318,009310,참엔지니어링,1065,0,0,,,,
20260318,009320,아진전자부품,1015,7,127080,,,,
20260318,009410,태영건설,1854,61,489544,,,,
20260318,009415,태영건설우,6090,-30,3273,,,,
20260318,009420,한올바이오파마,57400,1200,339355,,,,
20260318,009440,KC그린홀딩스,756,0,0,,,,
20260318,009450,경동나비엔,63900,900,46425,,,,
20260318,009460,한창제지,2480,-20,10981,,,,
20260318,009470,삼화전기,41100,1400,148058,,,,
20260318,009540,HD한국조선해양,425000,5000,175008,,,,
20260318,009580,무림P&P,2410,10,52410,,,,
20260318,009680,모토닉,11000,-20,49746,,,,
20260318,009770,삼정펄프,31600,-750,12057,,,,
20260318,009810,MDS스피어,2129,-24,20458,,,,
20260318,009830,한화솔루션,47916,1273,3087527,,,,
20260318,009835,한화솔루션우,25876,452,32843,,,,
20260318,009900,명신산업,10520,-20,385203,,,,
20260318,009970,영원무역홀딩스,237500,12500,23197,,,,
20260318,010040,한국내화,2015,-25,31494,,,,
20260318,010060,OCI홀딩스,193600,28600,492071,,,,
20260318,010100,한국무브넥스,4790,110,172295,,,,
20260318,010120,LS ELECTRIC,166600,14200,891740,,,,
20260318,010130,고려아연,1695000,83000,26895,,,,
20260318,010140,삼성중공업,29100,-50,4223905,,,,
20260318,010400,우진아이엔에스,3755,20,9864,,,,
20260318,010580,에스엠벡셀,2040,50,898522,,,,
20260318,010640,진양폴리,2520,-5,77324,,,,
20260318,010660,화천기계,5970,140,282748,,,,
20260318,010690,화신,12610,-140,462870,,,,
20260318,010770,평화홀딩스,4060,50,90254,,,,
20260318,010780,아이에스동서,32400,-300,138974,,,,
20260318,010820,퍼스텍,7550,0,2235549,,,,
20260318,010950,S-Oil,110600,4100,831455,,,,
20260318,010955,S-Oil우,55500,1700,18239,,,,
20260318,010960,삼호개발,3905,15,47761,,,,
20260318,011000,진원생명과학,5330,-85,152792,,,,
20260318,011070,LG이노텍,268500,13000,141335,,,,
20260318,011090,에넥스,2280,5,96201,,,,
20260318,011150,CJ씨푸드,2690,-5,218519,,,,
20260318,011155,CJ씨푸드1우,13810,-1870,9857,,,,
20260318,011170,롯데케미칼,82000,11800,732412,,,,
20260318,011200,HMM,21100,250,1164348,,,,
20260318,011210,현대위아,87600,1300,144141,,,,
20260318,011230,삼화전자,2675,70,116254,,,,
20260318,011280,태림포장,1919,-21,71455,,,,
20260318,011300,우성머티리얼스,3170,40,60599,,,,
20260318,011330,유니켐,7670,210,210947,,,,
20260318,011390,부산산업,76200,0,2259,,,,
20260318,011420,갤럭시아에스엠,1800,19,62541,,,,
20260318,011500,한농화성,21700,0,218705,,,,
20260318,011690,와이투솔루션,6470,-220,1071084,,,,
20260318,011700,한신기계,5150,180,1813417,,,,
20260318,011760,현대코퍼레이션,25750,300,59665,,,,
20260318,011780,금호석유화학,136300,13400,250062,,,,
20260318,011785,금호석유화학우,61600,2300,14712,,,,
20260318,011790,SKC,92865,-188,209413,,,,
20260318,011810,STX,3530,0,0,,,,
20260318,011930,신성이엔지,29900,800,17032559,,,,
20260318,012030,DB,1791,50,1082779,,,,
20260318,0120G0,삼양바이오팜,92700,7000,102683,,,,
20260318,012160,영흥,2875,40,57996,,,,
20260318,012170,아센디오,1320,6,736620,,,,
20260318,012200,계양전기,6732,-57,472318,,,,
20260318,012205,계양전기우,5433,-68,16655,,,,
20260318,012280,영화금속,1049,15,295123,,,,
20260318,012320,경동인베스트,66000,-11500,218918,,,,
20260318,012330,현대모비스,430000,17500,210557,,,,
20260318,012450,한화에어로스페이스,1390000,-6000,161859,,,,
20260318,012610,경인양행,4100,-5,517989,,,,
20260318,012630,HDC,25050,600,103625,,,,
20260318,012690,모나리자,2085,-40,168010,,,,
20260318,0126Z0,삼성에피스홀딩스,538000,13000,54058,,,,
20260318,012750,에스원,87600,2400,48458,,,,
20260318,012800,대창,1354,26,625739,,,,
20260318,013000,세우글로벌,1121,-5,58904,,,,
20260318,013360,일성건설,1860,43,387277,,,,
20260318,013520,화승코퍼레이션,2920,-50,241835,,,,
20260318,013570,디와이,4985,70,72878,,,,
20260318,013580,계룡건설,25600,650,47889,,,,
20260318,013700,까뮤이앤씨,1241,7,32207,,,,
20260318,013870,지엠비코리아,5280,30,28217,,,,
20260318,013890,지누스,12020,210,26023,,,,
20260318,014130,한익스프레스,2650,0,15419,,,,
20260318,014160,대영포장,1043,6,203832,,,,
20260318,014280,금강공업,4985,-5,72017,,,,
20260318,014285,금강공업우,6830,60,918,,,,
20260318,014440,영보화학,4695,-25,41404,,,,
20260318,014530,극동유화,3755,-105,1098829,,,,
20260318,014580,태경비케이,4470,10,117362,,,,
20260318,014680,한솔케미칼,291500,6000,33688,,,,
20260318,014710,사조씨푸드,7410,-60,13110,,,,
20260318,014790,HL D&I,3210,90,114911,,,,
20260318,014820,동원시스템즈,25800,650,23048,,,,
20260318,014825,동원시스템즈우,16400,10,97,,,,
20260318,014830,유니드,83700,2100,31896,,,,
20260318,014910,성문전자,1700,-45,383059,,,,
20260318,014915,성문전자우,4370,-30,670,,,,
20260318,014990,인디에프,3810,-75,89350,,,,
20260318,015020,이스타코,928,0,0,,,,
20260318,015230,대창단조,6380,30,42754,,,,
20260318,015260,에이엔피,724,-30,592390,,,,
20260318,015360,INVENI,15620,280,49655,,,,
20260318,015590,DKME,2575,0,0,,,,
20260318,015760,한국전력,49950,1750,2236833,,,,
20260318,015860,일진홀딩스,7610,370,145852,,,,
20260318,015890,태경산업,4810,65,59076,,,,
20260318,016090,대현,1656,7,40323,,,,
20260318,016360,삼성증권,101500,4100,480542,,,,
20260318,016380,KG스틸,5720,70,197017,,,,
20260318,016450,한세예스24홀딩스,4900,15,43480,,,,
20260318,016580,환인제약,10240,-60,27287,,,,
20260318,016590,신대양제지,12900,20,21736,,,,
20260318,016610,DB증권,14030,60,145473,,,,
20260318,016710,대성홀딩스,8770,-30,42769,,,,
20260318,016740,두올,4635,-150,125823,,,,
20260318,016800,퍼시스,38050,-350,209,,,,
20260318,016880,웅진,2620,155,3217314,,,,
20260318,017040,광명전기,1153,8,2660394,,,,
20260318,017180,명문제약,1847,-15,83386,,,,
20260318,017370,우신시스템,5950,40,54129,,,,
20260318,017390,서울가스,67200,-900,22730,,,,
20260318,017550,수산세보틱스,1889,-2,282379,,,,
20260318,017670,SK텔레콤,81200,1500,806629,,,,
20260318,017800,현대엘리베이터,88500,1400,206280,,,,
20260318,017810,풀무원,11970,-70,42083,,,,
20260318,017860,DS단석,19350,-480,169614,,,,
20260318,017900,광전자,2100,20,261622,,,,
20260318,017940,E1,98800,300,14164,,,,
20260318,017960,한국카본,48750,100,789710,,,,
20260318,018250,애경산업,14560,100,33974,,,,
20260318,018260,삼성에스디에스,167100,3900,172711,,,,
20260318,018470,조일알미늄,1297,-48,2208446,,,,
20260318,018500,동원모빌리티,1669,34,317977,,,,
20260318,018670,SK가스,231000,1000,16131,,,,
20260318,018880,한온시스템,4400,305,29177524,,,,
20260318,019170,신풍제약,11010,30,52170,,,,
20260318,019175,신풍제약우,16570,-30,1415,,,,
20260318,019180,티에이치엔,9300,260,1288014,,,,
20260318,019490,엑시큐어하이트론,541,0,0,,,,
20260318,019680,대교,1632,-21,67570,,,,
20260318,019685,대교우B,1015,-4,16023,,,,
20260318,020000,한섬,25000,50,108250,,,,
20260318,020120,키다리스튜디오,3365,-40,112136,,,,
20260318,020150,롯데에너지머티리얼즈,39100,2300,140480,,,,
20260318,020560,아시아나항공,7230,200,90124,,,,
20260318,020760,일진디스플,902,0,0,,,,
20260318,021050,서원,1261,-5,523648,,,,
20260318,021240,코웨이,75000,200,143759,,,,
20260318,021820,세원정공,15900,340,21682,,,,
20260318,022100,포스코DX,32250,950,275689,,,,
20260318,023000,삼원강재,2350,0,39148,,,,
20260318,023150,MH에탄올,4285,-45,6148,,,,
20260318,023350,한국종합기술,4500,25,25501,,,,
20260318,023450,동남합성,30600,-200,110,,,,
20260318,023530,롯데쇼핑,105400,1900,97763,,,,
20260318,023590,다우기술,50600,1600,41184,,,,
20260318,023800,인지컨트롤스,6760,-10,171378,,,,
20260318,023810,인팩,8190,180,22213,,,,
20260318,023960,에쓰씨엔지니어링,1410,-16,181695,,,,
20260318,024070,WISCOM,1940,-8,14470,,,,
20260318,024090,디씨엠,12340,90,7388,,,,
20260318,024110,기업은행,23850,650,1187245,,,,
20260318,024720,콜마홀딩스,9170,20,22902,,,,
20260318,024890,대원화성,4030,135,21779,,,,
20260318,024900,디와이덕양,2065,45,80690,,,,
20260318,025000,KPX케미칼,49700,200,6235,,,,
20260318,025530,SJM홀딩스,3605,-25,12549,,,,
20260318,025540,한국단자,75400,-900,30124,,,,
20260318,025560,미래산업,2724,16,264005,,,,
20260318,025620,차AI헬스케어,9360,-60,5917,,,,
20260318,025750,한솔홈데코,2850,-45,93769,,,,
20260318,025820,이구산업,5020,-40,375796,,,,
20260318,025860,남해화학,8090,-810,2558947,,,,
20260318,025890,한국주강,1579,-17,23894,,,,
20260318,026890,스틱인베스트먼트,10210,60,111332,,,,
20260318,026940,부국철강,1976,-1,121961,,,,
20260318,026960,동서,26150,650,72468,,,,
20260318,027410,BGF,4275,-55,140983,,,,
20260318,027740,마니커,1618,-30,134338,,,,
20260318,027970,한국제지,3790,-55,21717,,,,
20260318,028050,삼성E&A,33300,1650,1279626,,,,
20260318,028100,동아지질,18160,1750,124832,,,,
20260318,028260,삼성물산,299000,19500,524546,,,,
20260318,02826K,삼성물산우B,189000,12000,22190,,,,
20260318,028670,팬오션,5190,60,3147705,,,,
20260318,029460,케이씨,32800,1300,48522,,,,
20260318,029530,신도리코,54700,-100,16277,,,,
20260318,029780,삼성카드,60100,1500,143714,,,,
20260318,030000,제일기획,20900,100,367307,,,,
20260318,030190,NICE평가정보,16850,-80,77489,,,,
20260318,030200,KT,60400,400,338150,,,,
20260318,030210,다올투자증권,4300,220,385316,,,,
20260318,030610,교보증권,13050,350,133527,,,,
20260318,030720,동원수산,5860,-40,16119,,,,
20260318,031210,서울보증보험,57300,600,27559,,,,
20260318,031430,신세계인터내셔날,12510,-240,330011,,,,
20260318,031820,아이티센씨티에스,7360,-190,155630,,,,
20260318,032350,롯데관광개발,20850,-750,532623,,,,
20260318,032560,황금에스티,6000,120,28182,,,,
20260318,032640,LG유플러스,15460,-340,1067468,,,,
20260318,032830,삼성생명,235000,18000,598488,,,,
20260318,033240,자화전자,39300,100,189281,,,,
20260318,033250,체시스,4615,-30,46374,,,,
20260318,033270,유나이티드제약,20150,100,26768,,,,
20260318,033530,SJG세종,8520,-60,215131,,,,
20260318,033780,KT&G,158700,3200,216109,,,,
20260318,033920,무학,9160,-30,74715,,,,
20260318,034020,두산에너빌리티,107300,2900,4134308,,,,
20260318,034120,SBS,16950,190,11500,,,,
20260318,034220,LG디스플레이,12150,570,4267095,,,,
20260318,034230,파라다이스,17960,-110,480816,,,,
20260318,034310,NICE,14580,80,49365,,,,
20260318,034590,인천도시가스,26950,50,1764,,,,
20260318,034730,SK,352500,12500,191056,,,,
20260318,03473K,SK우,256000,8500,3319,,,,
20260318,034830,한국토지신탁,1558,51,1128420,,,,
20260318,035000,HS애드,8770,0,13628,,,,
20260318,035150,백산,13830,140,24340,,,,
20260318,035250,강원랜드,18100,0,546179,,,,
20260318,035420,NAVER,226500,2500,687521,,,,
20260318,035510,신세계 I&C,23950,1350,11885546,,,,
20260318,035720,카카오,51500,200,1814895,,,,
20260318,036420,콘텐트리중앙,6850,-50,24638,,,,
20260318,036460,한국가스공사,36600,1800,464657,,,,
20260318,036530,SNT홀딩스,60700,1200,14300,,,,
20260318,036570,NC,230000,5500,83375,,,,
20260318,036580,팜스코,3400,25,119836,,,,
20260318,037270,YG PLUS,6260,10,498924,,,,
20260318,037560,LG헬로비전,2305,10,77667,,,,
20260318,037710,광주신세계,39400,850,14276,,,,
20260318,039130,하나투어,42500,150,55443,,,,
20260318,039490,키움증권,469000,25000,108584,,,,
20260318,039570,HDC랩스,8530,0,19792,,,,
20260318,041650,상신브레이크,2680,90,46177,,,,
20260318,042660,한화오션,132900,200,1000923,,,,
20260318,042700,한미반도체,311000,10000,920505,,,,
20260318,044380,주연테크,1815,-35,17909,,,,
20260318,044450,KSS해운,10590,110,286354,,,,
20260318,044820,코스맥스비티아이,15200,630,17821,,,,
20260318,047040,대우건설,14870,2760,112090190,,,,
20260318,047050,포스코인터내셔널,71600,-400,668812,,,,
20260318,047400,유니온머티리얼,1556,-22,702661,,,,
20260318,047810,한국항공우주,194300,-7700,810809,,,,
20260318,049800,우진플라임,2485,-20,18217,,,,
20260318,051600,한전KPS,60300,1000,182844,,,,
20260318,051630,진양화학,2310,-35,799235,,,,
20260318,051900,LG생활건강,245500,2500,54216,,,,
20260318,051905,LG생활건강우,105100,900,3967,,,,
20260318,051910,LG화학,320000,12500,278071,,,,
20260318,051915,LG화학우,157200,4600,35930,,,,
20260318,052690,한전기술,172300,1700,344206,,,,
20260318,053210,스카이라이프,5150,20,28996,,,,
20260318,053690,한미글로벌,21200,1100,362707,,,,
20260318,055490,테이팩스,15270,170,18734,,,,
20260318,055550,신한지주,95000,3800,2543008,,,,
20260318,058430,포스코스틸리온,4500,-20,259710,,,,
20260318,058650,세아홀딩스,159500,7500,4979,,,,
20260318,058730,다스코,3520,40,288291,,,,
20260318,058850,KTcs,2615,10,176740,,,,
20260318,058860,KTis,2825,25,59412,,,,
20260318,060980,HL홀딩스,45650,150,15164,,,,
20260318,062040,산일전기,154900,15100,355982,,,,
20260318,063160,종근당바이오,19580,230,13981,,,,
20260318,064350,현대로템,193000,100,508936,,,,
20260318,064400,LG씨엔에스,66800,200,441249,,,,
20260318,064960,SNT모티브,33150,50,69739,,,,
20260318,066570,LG전자,120000,5500,933385,,,,
20260318,066575,LG전자우,54400,1800,63341,,,,
20260318,066970,엘앤에프,111300,1200,440078,,,,
20260318,067830,세이브존I&C,3030,30,36050,,,,
20260318,068270,셀트리온,199688,3336,434323,,,,
20260318,068290,삼성출판사,9360,-10,9170,,,,
20260318,069260,TKG휴켐스,19400,390,98938,,,,
20260318,069460,대호에이엘,2890,-40,1447058,,,,
20260318,069620,대웅제약,162200,-2800,33498,,,,
20260318,069640,한세엠케이,1178,-18,13866,,,,
20260318,069730,DSR제강,4840,-55,59370,,,,
20260318,069960,현대백화점,88700,1600,75195,,,,
20260318,070960,모나용평,3075,-5,52317,,,,
20260318,071050,한국금융지주,241000,7500,325013,,,,
20260318,071055,한국금융지주우,174500,4700,28411,,,,
20260318,071090,하이스틸,3555,-25,61600,,,,
20260318,071320,지역난방공사,90600,2200,35101,,,,
20260318,071840,롯데하이마트,7940,40,26018,,,,
20260318,071950,코아스,2065,-185,105023,,,,
20260318,071970,HD현대마린엔진,80700,500,173954,,,,
20260318,072130,유엔젤,5200,130,114977,,,,
20260318,072710,농심홀딩스,95200,-600,4976,,,,
20260318,073240,금호타이어,6270,480,800826,,,,
20260318,074610,이엔플러스,5110,0,0,,,,
20260318,075180,새론오토모티브,3015,0,14797,,,,
20260318,075580,세진중공업,17310,70,117292,,,,
20260318,077500,유니퀘스트,6540,410,346754,,,,
20260318,077970,STX엔진,34750,550,283858,,,,
20260318,078000,텔코웨어,18030,110,15836,,,,
20260318,078520,에이블씨엔씨,12620,570,293453,,,,
20260318,078930,GS,66500,2300,284342,,,,
20260318,078935,GS우,55100,800,1920,,,,
20260318,079160,CJ CGV,4955,-45,387781,,,,
20260318,079430,현대리바트,7200,200,44515,,,,
20260318,079550,LIG디펜스앤에어로스페이스,689000,-16000,281479,,,,
20260318,079900,전진건설로봇,54500,700,44716,,,,
20260318,079980,휴비스,2520,-60,67910,,,,
20260318,081000,일진다이아,13830,290,24690,,,,
20260318,081660,미스토홀딩스,48750,0,103848,,,,
20260318,082640,동양생명,8650,160,705017,,,,
20260318,082740,한화엔진,49450,200,276622,,,,
20260318,083420,그린케미칼,5690,70,33185,,,,
20260318,084010,대한제강,11900,-80,52574,,,,
20260318,084670,동양고속,45850,950,83842,,,,
20260318,084680,이월드,1632,7,265127,,,,
20260318,084690,대상홀딩스,9640,10,53811,,,,
20260318,084695,대상홀딩스우,14490,-180,4954,,,,
20260318,084870,TBH글로벌,1970,-29,56146,,,,
20260318,085310,엔케이,10530,140,64158,,,,
20260318,085620,미래에셋생명,18280,780,1649761,,,,
20260318,086280,현대글로비스,236500,7500,179640,,,,
20260318,086790,하나금융지주,114500,4600,647673,,,,
20260318,088260,이리츠코크렙,4885,30,91927,,,,
20260318,088350,한화생명,5250,460,30235612,,,,
20260318,088790,진도,2530,40,87059,,,,
20260318,088980,맥쿼리인프라,11380,40,1436742,,,,
20260318,089470,HDC현대EP,5270,40,59848,,,,
20260318,089590,제주항공,5160,-40,261595,,,,
20260318,089860,롯데렌탈,32100,-100,34488,,,,
20260318,090080,평화산업,920,-7,214810,,,,
20260318,090350,노루페인트,8610,110,127534,,,,
20260318,090355,노루페인트우,13450,150,408,,,,
20260318,090370,메타랩스,1432,37,100610,,,,
20260318,090430,아모레퍼시픽,135600,2900,222823,,,,
20260318,090435,아모레퍼시픽우,47550,-700,17738,,,,
20260318,090460,비에이치,19500,1020,404616,,,,
20260318,091810,트리니티항공,1121,4,706189,,,,
20260318,092200,디아이씨,9170,-240,394020,,,,
20260318,092220,KEC,7105,25,961159,,,,
20260318,092230,KPX홀딩스,80500,1500,1350,,,,
20260318,092440,기신정기,2230,-5,28726,,,,
20260318,092780,DYP,4560,20,54363,,,,
20260318,092790,넥스틸,12000,40,191680,,,,
20260318,093050,LF,21550,200,54778,,,,
20260318,093240,형지엘리트,1025,4,531484,,,,
20260318,093370,후성,7220,50,463724,,,,
20260318,094280,효성ITX,12510,40,12000,,,,
20260318,094800,맵스리얼티,6870,50,145929,,,,
20260318,095570,AJ네트웍스,5040,70,144754,,,,
20260318,095720,웅진씽크빅,2506,92,141105,,,,
20260318,096760,JW홀딩스,4270,50,93308,,,,
20260318,096770,SK이노베이션,114300,3400,394221,,,,
20260318,096775,SK이노베이션우,71800,1500,2924,,,,
20260318,097230,HJ중공업,27600,1450,2791382,,,,
20260318,097520,엠씨넥스,24050,50,45121,,,,
20260318,097950,CJ제일제당,203500,500,44570,,,,
20260318,097955,CJ제일제당 우,130000,600,2186,,,,
20260318,100090,SK오션플랜트,18940,70,273462,,,,
20260318,100220,비상교육,5230,-30,39215,,,,
20260318,100250,진양홀딩스,3035,10,36758,,,,
20260318,100840,SNT에너지,42050,-200,139923,,,,
20260318,101140,인바이오젠,9770,-30,2673,,,,
20260318,101530,해태제과식품,6610,-30,11421,,,,
20260318,102260,동성케미컬,4050,-10,143690,,,,
20260318,102460,이연제약,10260,-10,27508,,,,
20260318,103140,풍산,102400,-100,268048,,,,
20260318,103590,일진전기,82300,4100,285542,,,,
20260318,104700,한국철강,9400,10,14478,,,,
20260318,105560,KB금융,154700,4000,1289740,,,,
20260318,105630,한세실업,12260,50,85590,,,,
20260318,105840,우진,27150,750,992579,,,,
20260318,107590,미원홀딩스,65000,-600,1012,,,,
20260318,108320,LX세미콘,51700,1200,60995,,,,
20260318,108670,LX하우시스,29200,450,21399,,,,
20260318,108675,LX하우시스우,15730,-30,10989,,,,
20260318,109070,주성코퍼레이션,910,20,242320,,,,
20260318,111110,호전실업,7430,-20,27194,,,,
20260318,111380,동인기연,14420,120,4296,,,,
20260318,111770,영원무역,87800,1900,69968,,,,
20260318,112610,씨에스윈드,59100,1000,558312,,,,
20260318,114090,GKL,12250,40,389186,,,,
20260318,117580,대성에너지,9770,-540,931945,,,,
20260318,118000,메타케어,2430,20,79912,,,,
20260318,119650,KC코트렐,918,0,0,,,,
20260318,120030,조선선재,101700,400,1819,,,,
20260318,120110,코오롱인더,71000,900,316409,,,,
20260318,120115,코오롱인더우,27700,0,7998,,,,
20260318,122900,아이마켓코리아,7650,-10,53103,,,,
20260318,123690,한국화장품,8540,-10,101331,,,,
20260318,123700,SJM,3590,10,13290,,,,
20260318,123890,한국자산신탁,2875,30,255557,,,,
20260318,126560,현대퓨처넷,3235,-10,130568,,,,
20260318,126720,수산인더스트리,28600,1450,145034,,,,
20260318,128820,대성산업,7360,-600,1469813,,,,
20260318,128940,한미약품,531000,11000,83347,,,,
20260318,129260,인터지스,2475,20,48986,,,,
20260318,130660,한전산업,21300,800,1634880,,,,
20260318,133820,화인베스틸,1311,-49,483749,,,,
20260318,134380,미원화학,11100,60,5260,,,,
20260318,134790,시디즈,19610,-10,1191,,,,
20260318,136490,선진,10440,100,113696,,,,
20260318,137310,에스디바이오센서,8070,170,90735,,,,
20260318,138040,메리츠금융지주,115800,4600,326492,,,,
20260318,138930,BNK금융지주,18760,280,1757922,,,,
20260318,139130,iM금융지주,16990,410,631567,,,,
20260318,139480,이마트,96300,1100,169684,,,,
20260318,139990,아주스틸,2975,-10,38886,,,,
20260318,143210,핸즈코퍼레이션,1005,-27,65336,,,,
20260318,145210,다이나믹디자인,2990,690,137617,,,,
20260318,145270,케이탑리츠,898,-2,13043,,,,
20260318,145720,덴티움,53400,400,49237,,,,
20260318,145990,삼양사,47350,200,9523,,,,
20260318,145995,삼양사우,35650,50,599,,,,
20260318,155660,DSR,4100,5,53766,,,,
20260318,161000,애경케미칼,9780,60,62261,,,,
20260318,161390,한국타이어앤테크놀로지,57900,1600,411275,,,,
20260318,161890,한국콜마,70300,100,111422,,,,
20260318,163560,동일고무벨트,6950,40,30995,,,,
20260318,170900,동아에스티,44000,150,9959,,,,
20260318,175330,JB금융지주,30550,1100,442030,,,,
20260318,178920,PI첨단소재,22850,-1250,767279,,,,
20260318,180640,한진칼,122100,4700,119203,,,,
20260318,18064K,한진칼우,35800,1100,1802,,,,
20260318,181710,NHN,39150,-350,34314,,,,
20260318,183190,아세아시멘트,12150,240,59949,,,,
20260318,185750,종근당,88000,-500,36027,,,,
20260318,192080,더블유게임즈,51500,1000,58068,,,,
20260318,192400,쿠쿠홀딩스,29000,700,31777,,,,
20260318,192650,드림텍,7100,170,282933,,,,
20260318,192820,코스맥스,175900,200,46259,,,,
20260318,194370,제이에스코퍼레이션,12150,80,89152,,,,
20260318,195870,해성디에스,57500,4600,215544,,,,
20260318,200880,서연이화,14100,120,90637,,,,
20260318,204320,HL만도,54400,1900,282931,,,,
20260318,207940,삼성바이오로직스,1626000,39000,50561,,,,
20260318,210540,디와이파워,13950,350,50073,,,,
20260318,210980,SK디앤디,13060,-240,62206,,,,
20260318,213500,한솔제지,8340,0,92562,,,,
20260318,214320,이노션,19630,-40,258230,,,,
20260318,214330,금호에이치티,11315,-245,39947,,,,
20260318,214390,경보제약,7130,1640,2194374,,,,
20260318,214420,토니모리,7070,-70,115190,,,,
20260318,217590,티엠씨,19060,1110,3637252,,,,
20260318,226320,잇츠한불,10230,30,12779,,,,
20260318,227840,현대코퍼레이션홀딩스,12200,70,19664,,,,
20260318,229640,LS에코에너지,45050,650,143915,,,,
20260318,234080,JW생명과학,13130,50,23866,,,,
20260318,241560,두산밥캣,61000,2000,197895,,,,
20260318,241590,화승엔터프라이즈,4805,20,90062,,,,
20260318,244920,에이플러스에셋,12160,190,29728,,,,
20260318,248070,솔루엠,17990,90,215419,,,,
20260318,248170,샘표식품,28650,-150,9801,,,,
20260318,249420,일동제약,32850,100,248537,,,,
20260318,251270,넷마블,53700,-1100,376826,,,,
20260318,259960,크래프톤,234000,1500,144513,,,,
20260318,264900,크라운제과,8430,10,13754,,,,
20260318,26490K,크라운제과우,9230,-10,193,,,,
20260318,267250,HD현대,275500,7000,141328,,,,
20260318,267260,HD현대일렉트릭,974000,43000,103612,,,,
20260318,267270,HD건설기계,127600,1800,249504,,,,
20260318,267290,경동도시가스,22100,100,7997,,,,
20260318,267850,아시아나IDT,10170,130,9799,,,,
20260318,268280,미원에스씨,126200,300,1539,,,,
20260318,271560,오리온,134000,2900,88224,,,,
20260318,271940,일진하이솔루스,16800,280,84404,,,,
20260318,271980,제일약품,14430,-110,33693,,,,
20260318,272210,한화시스템,139800,900,1109535,,,,
20260318,272450,진에어,6470,-20,158126,,,,
20260318,272550,삼양패키징,11600,100,12957,,,,
20260318,278470,에이피알,362000,13000,259243,,,,
20260318,279570,케이뱅크,6950,-90,6568519,,,,
20260318,280360,롯데웰푸드,114900,2400,15877,,,,
20260318,281820,케이씨텍,51200,4150,314379,,,,
20260318,282330,BGF리테일,121400,-300,31024,,,,
20260318,284740,쿠쿠홈시스,25200,600,19055,,,,
20260318,285130,SK케미칼,59500,1700,40891,,,,
20260318,28513K,SK케미칼우,27600,350,1432,,,,
20260318,286940,롯데이노베이트,23650,1000,58569,,,,
20260318,293480,하나제약,9340,-10,32633,,,,
20260318,293940,신한알파리츠,5900,40,277765,,,,
20260318,294870,IPARK현대산업개발,22100,1250,527715,,,,
20260318,298000,효성화학,77800,0,0,,,,
20260318,298020,효성티앤씨,394500,46500,81816,,,,
20260318,298040,효성중공업,2731000,185000,50676,,,,
20260318,298050,HS효성첨단소재,228000,9000,18425,,,,
20260318,298690,에어부산,1851,-12,187060,,,,
20260318,300720,한일시멘트,16800,60,93677,,,,
20260318,302440,SK바이오사이언스,43500,-200,126340,,,,
20260318,306200,세아제강,138300,-500,17234,,,,
20260318,307950,현대오토에버,434000,11500,89550,,,,
20260318,308170,씨티알모빌리티,5240,-90,16337,,,,
20260318,316140,우리금융지주,33500,900,2223730,,,,
20260318,317400,자이에스앤디,4470,120,110914,,,,
20260318,317450,명인제약,59500,-300,41330,,,,
20260318,322000,HD현대에너지솔루션,131700,5700,1641587,,,,
20260318,323410,카카오뱅크,24500,550,807779,,,,
20260318,326030,SK바이오팜,98800,-100,179547,,,,
20260318,329180,HD현대중공업,590000,3000,231091,,,,
20260318,330590,롯데리츠,4790,100,385175,,,,
20260318,334890,이지스밸류플러스리츠,4235,45,86459,,,,
20260318,336260,두산퓨얼셀,46200,3700,1023929,,,,
20260318,33626K,두산퓨얼셀1우,8410,400,48614,,,,
20260318,33626L,두산퓨얼셀2우B,10560,270,4745,,,,
20260318,336370,솔루스첨단소재,8400,20,143886,,,,
20260318,33637K,솔루스첨단소재1우,2015,-5,2996,,,,
20260318,33637L,솔루스첨단소재2우B,3285,-25,1785,,,,
20260318,338100,NH프라임리츠,4660,5,53784,,,,
20260318,339770,교촌에프앤비,4230,-30,61264,,,,
20260318,344820,KCC글라스,26150,400,21778,,,,
20260318,348950,제이알글로벌리츠,1527,-34,2474236,,,,
20260318,350520,이지스레지던스리츠,3725,-15,50512,,,,
20260318,352820,하이브,367500,2500,227023,,,,
20260318,353200,대덕전자,74800,7600,3013901,,,,
20260318,35320K,대덕전자1우,18260,990,36934,,,,
20260318,357120,코람코라이프인프라리츠,4640,15,102760,,,,
20260318,357250,미래에셋맵스리츠,2445,10,17947,,,,
20260318,357430,마스턴프리미어리츠,1484,-4,59000,,,,
20260318,361610,SK아이이테크놀로지,22650,550,120845,,,,
20260318,363280,티와이홀딩스,2770,5,29963,,,,
20260318,36328K,티와이홀딩스우,4045,25,2922,,,,
20260318,365550,ESR켄달스퀘어리츠,4310,0,381920,,,,
20260318,372910,한컴라이프케어,2480,0,157431,,,,
20260318,373220,LG에너지솔루션,383500,3000,279721,,,,
20260318,375500,DL이앤씨,51600,4350,781937,,,,
20260318,37550K,DL이앤씨우,26000,1400,16673,,,,
20260318,37550L,DL이앤씨2우(전환),38150,2700,4439,,,,
20260318,377190,디앤디플랫폼리츠,3155,15,174027,,,,
20260318,377300,카카오페이,61000,900,386902,,,,
20260318,377740,바이오노트,5400,30,84975,,,,
20260318,378850,화승알앤에이,3660,80,41190,,,,
20260318,381970,케이카,14390,60,45818,,,,
20260318,383220,F&F,62100,-100,85283,,,,
20260318,383800,LX홀딩스,8290,120,138739,,,,
20260318,38380K,LX홀딩스1우,8590,30,3691,,,,
20260318,395400,SK리츠,6130,20,394128,,,,
20260318,396690,미래에셋글로벌리츠,2505,5,85560,,,,
20260318,400760,NH올원리츠,3285,5,144943,,,,
20260318,402340,SK스퀘어,630000,43000,559150,,,,
20260318,403550,쏘카,11100,210,17500,,,,
20260318,404990,신한서부티엔디리츠,4505,-20,103464,,,,
20260318,415640,KB발해인프라,9960,-20,207461,,,,
20260318,417310,코람코더원리츠,9270,-10,151241,,,,
20260318,432320,KB스타리츠,2580,-40,635860,,,,
20260318,439260,대한조선,95700,-1500,285191,,,,
20260318,443060,HD현대마린솔루션,183400,6500,115535,,,,
20260318,446070,유니드비티플러스,2900,-40,18821,,,,
20260318,448730,삼성FN리츠,5480,30,91440,,,,
20260318,450080,에코프로머티,62800,900,510186,,,,
20260318,451800,한화리츠,5140,60,199870,,,,
20260318,452260,한화갤러리아,2710,60,2542370,,,,
20260318,45226K,한화갤러리아우,7250,-370,45352,,,,
20260318,453340,현대그린푸드,16000,80,25846,,,,
20260318,454910,두산로보틱스,90400,1200,168439,,,,
20260318,456040,OCI,95800,9400,137622,,,,
20260318,457190,이수스페셜티케미컬,95200,4100,191172,,,,
20260318,460850,동국씨엠,5770,90,50321,,,,
20260318,460860,동국제강,9600,400,314802,,,,
20260318,462520,조선내화,14000,-10,3991,,,,
20260318,462870,시프트업,30850,700,47102,,,,
20260318,465770,STX그린로지스,6940,-750,599927,,,,
20260318,475150,SK이터닉스,42600,1950,2738590,,,,
20260318,475560,더본코리아,21600,0,17062,,,,
20260318,480370,씨케이솔루션,2625,-50,78304,,,,
20260318,481850,신한글로벌액티브리츠,1124,-15,66692,,,,
20260318,483650,달바글로벌,156400,2900,56875,,,,
20260318,484870,엠앤씨솔루션,41233,-1467,109659,,,,
20260318,487570,HS효성,58200,-100,10807,,,,
20260318,489790,한화비전,83900,7000,1429944,,,,
20260318,499790,GS피앤엘,50400,0,50708,,,,
20260318,900140,엘브이엠씨홀딩스,1516,71,1381569,,,,
20260318,950210,프레스티지바이오파마,9900,-10,45468,,,,
20260319,000020,동화약품,5990,-70,55094,,,,
20260319,000040,KR모터스,1895,-15,20164,,,,
20260319,000050,경방,9190,-170,40592,,,,
20260319,000070,삼양홀딩스,69500,-2000,17787,,,,
20260319,000080,하이트진로,16600,-390,157323,,,,
20260319,000087,하이트진로2우B,14040,-20,466,,,,
20260319,000100,유한양행,98700,-1500,250071,,,,
20260319,000105,유한양행우,87500,-1400,1914,,,,
20260319,000120,CJ대한통운,112800,-5100,63921,,,,
20260319,000140,하이트진로홀딩스,9070,-70,16689,,,,
20260319,000145,하이트진로홀딩스우,11250,90,58,,,,
20260319,000150,두산,1149000,-40000,53414,,,,
20260319,000155,두산우,501000,-26000,16290,,,,
20260319,000157,두산2우B,437500,-23500,1537,,,,
20260319,000180,성창기업지주,7545,-100,32078,,,,
20260319,000210,DL,51300,1450,168952,,,,
20260319,000215,DL우,25200,0,12182,,,,
20260319,000220,유유제약,4240,-65,73132,,,,
20260319,000225,유유제약1우,4330,-70,9087,,,,
20260319,000227,유유제약2우B,10870,0,390,,,,
20260319,000230,일동홀딩스,10370,-370,25869,,,,
20260319,000240,한국앤컴퍼니,26600,-400,70541,,,,
20260319,000270,기아,170500,-4600,904634,,,,
20260319,000300,DH오토넥스,4200,0,0,,,,
20260319,000320,노루홀딩스,23250,50,16362,,,,
20260319,000325,노루홀딩스우,29950,250,213,,,,
20260319,000370,한화손해보험,6830,-330,449816,,,,
20260319,000390,SP삼화,10550,-390,1886655,,,,
20260319,000400,롯데손해보험,2050,-35,511122,,,,
20260319,000430,대원강업,3890,-70,117311,,,,
20260319,000480,CR홀딩스,4950,-20,8849,,,,
20260319,000490,대동,9880,-240,180931,,,,
20260319,000500,가온전선,61792,834,116952,,,,
20260319,000520,삼일제약,9880,-70,220574,,,,
20260319,000540,흥국화재,4670,-260,225313,,,,
20260319,000545,흥국화재우,6860,-140,4966,,,,
20260319,000590,CS홀딩스,78900,900,1129,,,,
20260319,000640,동아쏘시오홀딩스,102100,-1800,13088,,,,
20260319,000650,천일고속,237500,-6500,3171,,,,
20260319,000660,SK하이닉스,1013000,-43000,3347483,,,,
20260319,000670,영풍,55500,-2000,38197,,,,
20260319,000680,LS네트웍스,3195,-125,123881,,,,
20260319,000700,유수홀딩스,6770,20,177419,,,,
20260319,000720,현대건설,169500,-600,1053700,,,,
20260319,000725,현대건설우,73900,-600,19039,,,,
20260319,000760,이화산업,14950,-540,1825,,,,
20260319,000810,삼성화재,478500,-15500,99380,,,,
20260319,000815,삼성화재우,393000,-7000,11231,,,,
20260319,000850,화천기공,37550,-700,7741,,,,
20260319,000860,강남제비스코,15250,-360,26715,,,,
20260319,000880,한화,145978,-4801,143667,,,,
20260319,00088K,한화3우B,48177,-1963,28182,,,,
20260319,000890,보해양조,2100,-35,137635,,,,
20260319,000910,유니온,4395,15,102806,,,,
20260319,000950,전방,36000,-200,459,,,,
20260319,000970,한국주철관,6740,-10,12188,,,,
20260319,000990,DB하이텍,87900,0,333706,,,,
20260319,001020,페이퍼코리아,3125,-105,25134,,,,
20260319,001040,CJ,197000,-3000,162506,,,,
20260319,001045,CJ우,89500,200,3236,,,,
20260319,00104K,CJ4우(전환),171100,-3400,12099,,,,
20260319,001060,JW중외제약,31000,-400,46432,,,,
20260319,001065,JW중외제약우,26350,-800,310,,,,
20260319,001067,JW중외제약2우B,55100,-500,5,,,,
20260319,001070,대한방직,6640,-50,12850,,,,
20260319,001080,만호제강,4915,-25,45311,,,,
20260319,001120,LX인터내셔널,44500,1450,252443,,,,
20260319,001130,대한제분,14900,-90,20690,,,,
20260319,001200,유진투자증권,4970,-170,906848,,,,
20260319,001210,금호전기,3970,-5,87146,,,,
20260319,001230,동국홀딩스,2248,9,762138,,,,
20260319,001250,GS글로벌,2540,-15,603079,,,,
20260319,001260,남광토건,8880,-150,39775,,,,
20260319,001270,부국증권,77100,-2400,17816,,,,
20260319,001275,부국증권우,38000,0,8226,,,,
20260319,001290,상상인증권,1263,12,13796231,,,,
20260319,001340,PKC,6550,-200,209544,,,,
20260319,001360,삼성제약,1839,-52,331407,,,,
20260319,001380,SG글로벌,2823,24,101688,,,,
20260319,001390,KG케미칼,5180,-120,576975,,,,
20260319,001420,태원물산,2690,-65,7028,,,,
20260319,001430,세아베스틸지주,65100,-2900,129663,,,,
20260319,001440,대한전선,30100,-700,2218473,,,,
20260319,001450,현대해상,30300,-1300,361923,,,,
20260319,001460,BYC,46100,1650,9814,,,,
20260319,001465,BYC우,27100,400,1417,,,,
20260319,001470,삼부토건,347,0,0,,,,
20260319,001500,현대차증권,11220,-380,163651,,,,
20260319,001510,SK증권,4364,600,182028422,,,,
20260319,001515,SK증권우,6440,390,82839,,,,
20260319,001520,동양,1638,-8,338312,,,,
20260319,001525,동양우,8600,-30,386,,,,
20260319,001527,동양2우B,16800,280,4466,,,,
20260319,001530,DI동일,21950,-900,36918,,,,
20260319,001550,조비,16530,540,1385288,,,,
20260319,001560,제일연마,11420,-330,11954,,,,
20260319,001570,금양,9900,0,0,,,,
20260319,001620,케이비아이동국실업,3125,-100,91796,,,,
20260319,001630,종근당홀딩스,48600,-450,3671,,,,
20260319,001680,대상,20300,-400,106671,,,,
20260319,001685,대상우,16800,-250,12903,,,,
20260319,001720,신영증권,207000,-1500,29041,,,,
20260319,001740,SK네트웍스,5490,-110,1299142,,,,
20260319,001750,한양증권,26000,-400,21615,,,,
20260319,001755,한양증권우,25600,-350,2884,,,,
20260319,001770,SHD,17400,-250,15858,,,,
20260319,001780,알루코,2065,-45,717682,,,,
20260319,001790,대한제당,2755,15,194563,,,,
20260319,001795,대한제당우,2365,-25,37137,,,,
20260319,001800,오리온홀딩스,24750,-50,135345,,,,
20260319,001820,삼화콘덴서,60300,-1200,413122,,,,
20260319,001940,KISCO홀딩스,24900,300,5542,,,,
20260319,002020,코오롱,53300,-2600,66838,,,,
20260319,002025,코오롱우,26750,0,5372,,,,
20260319,002030,아세아,276500,-5500,6597,,,,
20260319,002070,비비안,7245,-138,29632,,,,
20260319,002100,경농,9580,10,154306,,,,
20260319,002140,고려산업,2755,45,606731,,,,
20260319,002150,도화엔지니어링,6360,0,69643,,,,
20260319,002170,SYTS,59900,900,7911,,,,
20260319,002200,한국수출포장,3030,-35,82343,,,,
20260319,002210,동성제약,1946,0,0,,,,
20260319,002220,한일철강,3835,-110,50174,,,,
20260319,002240,고려제강,21350,-600,13909,,,,
20260319,002310,아세아제지,8880,10,158067,,,,
20260319,002320,한진,19110,-210,24026,,,,
20260319,002350,넥센타이어,7230,-240,152509,,,,
20260319,002355,넥센타이어1우B,4410,-45,17041,,,,
20260319,002360,SH에너지화학,4440,570,4796882,,,,
20260319,002380,KCC,534000,-24000,24736,,,,
20260319,002390,한독,10700,-190,6921,,,,
20260319,002410,범양건영,1935,0,0,,,,
20260319,002420,세기상사,5850,170,56271,,,,
20260319,002450,삼익악기,1238,35,362401,,,,
20260319,002460,HS화성,12680,-160,13582,,,,
20260319,002600,조흥,147800,900,67,,,,
20260319,002620,제일파마홀딩스,9020,50,12665,,,,
20260319,002630,오리엔트바이오,1058,-30,310968,,,,
20260319,002690,동일제강,1570,70,70882,,,,
20260319,002700,신일전자,1362,-1,212045,,,,
20260319,002710,TCC스틸,13390,-620,105671,,,,
20260319,002720,국제약품,4935,-115,556247,,,,
20260319,002760,보락,1195,-26,262489,,,,
20260319,002780,진흥기업,1045,241,66098493,,,,
20260319,002785,진흥기업우B,3555,70,117272,,,,
20260319,002787,진흥기업2우B,7900,-590,69952,,,,
20260319,002790,아모레퍼시픽홀딩스,26950,-800,127015,,,,
20260319,002795,아모레퍼시픽홀딩스우,12160,-250,17955,,,,
20260319,00279K,아모레퍼시픽홀딩스3우C,23350,-400,7572,,,,
20260319,002810,삼영무역,20100,170,20622,,,,
20260319,002820,SUN&L,2350,10,9885,,,,
20260319,002840,미원상사,135600,-3700,1869,,,,
20260319,002870,신풍,1220,10,116988,,,,
20260319,002880,디와이에이,939,7,64601,,,,
20260319,002900,TYM,6800,-90,236049,,,,
20260319,002920,유성기업,1963,-23,51549,,,,
20260319,002960,한국쉘석유,498000,-33000,3332,,,,
20260319,002990,금호건설,4925,15,185953,,,,
20260319,002995,금호건설우,14100,160,1089,,,,
20260319,003000,부광약품,6100,-180,1678787,,,,
20260319,003010,혜인,5330,-30,28398,,,,
20260319,003030,세아제강지주,176800,7000,32664,,,,
20260319,003060,에이프로젠바이오로직스,259,-8,1196838,,,,
20260319,003070,코오롱글로벌,10490,190,108032,,,,
20260319,003075,코오롱글로벌우,15500,190,1278,,,,
20260319,003080,SB성보,2605,-15,4290,,,,
20260319,003090,대웅,23650,-550,57176,,,,
20260319,0030R0,대신밸류리츠,4325,-20,52750,,,,
20260319,003120,일성아이에스,23600,-600,8796,,,,
20260319,003160,디아이,38450,1200,913605,,,,
20260319,003200,일신방직,12330,-180,18249,,,,
20260319,003220,대원제약,10260,-200,32336,,,,
20260319,003230,삼양식품,1100000,-7000,25340,,,,
20260319,003240,태광산업,1146000,-44000,2443,,,,
20260319,003280,흥아해운,3050,135,11658063,,,,
20260319,003300,한일홀딩스,18050,260,19433,,,,
20260319,003350,한국화장품제조,8760,-310,148705,,,,
20260319,003460,유화증권,3645,-110,229636,,,,
20260319,003465,유화증권우,3580,60,1752,,,,
20260319,003470,유안타증권,5050,-100,489345,,,,
20260319,003475,유안타증권우,4630,-65,19993,,,,
20260319,003480,한진중공업홀딩스,4720,-25,45834,,,,
20260319,003490,대한항공,24550,-950,1346720,,,,
20260319,003495,대한항공우,24200,0,10505,,,,
20260319,003520,영진약품,1772,-29,742343,,,,
20260319,003530,한화투자증권,7380,-160,2961351,,,,
20260319,003535,한화투자증권우,8370,-230,27596,,,,
20260319,003540,대신증권,39650,-1050,136272,,,,
20260319,003545,대신증권우,27100,50,69128,,,,
20260319,003547,대신증권2우B,25800,-100,12154,,,,
20260319,003550,LG,90500,-2700,180729,,,,
20260319,003555,LG우,69800,-800,5452,,,,
20260319,003570,SNT다이내믹스,48050,-950,36490,,,,
20260319,003580,HLB글로벌,2035,0,232521,,,,
20260319,003610,방림,5480,80,49138,,,,
20260319,003620,KG모빌리티,3480,-115,919586,,,,
20260319,003650,미창석유,112400,-500,4683,,,,
20260319,003670,포스코퓨처엠,198000,-2500,298252,,,,
20260319,003680,한성기업,4995,-35,19271,,,,
20260319,003690,코리안리,13100,-280,190514,,,,
20260319,003720,삼영,7210,-340,403597,,,,
20260319,003780,진양산업,5480,-120,142802,,,,
20260319,003830,대한화섬,123400,-2200,230,,,,
20260319,003850,보령,9300,-120,100825,,,,
20260319,003920,남양유업,54700,-600,11318,,,,
20260319,003925,남양유업우,46150,0,14759,,,,
20260319,003960,사조대림,33100,-300,2868,,,,
20260319,004000,롯데정밀화학,54200,-500,94235,,,,
20260319,004020,현대제철,35850,-1400,502882,,,,
20260319,004060,SG세계물산,5150,-110,361810,,,,
20260319,004080,신흥,13760,-30,1063,,,,
20260319,004090,한국석유,18680,1010,3445670,,,,
20260319,004100,태양금속,3030,15,322565,,,,
20260319,004105,태양금속우,3735,-115,30050,,,,
20260319,004140,동방,2800,35,1431746,,,,
20260319,004150,한솔홀딩스,3305,-15,111011,,,,
20260319,004170,신세계,335500,-10000,55534,,,,
20260319,004250,NPC,3725,-90,62386,,,,
20260319,004255,NPC우,2360,5,2388,,,,
20260319,004270,남성,6089,-88,4052,,,,
20260319,004310,현대약품,9200,-110,407453,,,,
20260319,004360,세방,14460,-170,47829,,,,
20260319,004365,세방우,9180,-20,713,,,,
20260319,004370,농심,371000,-7500,19435,,,,
20260319,004380,삼익THK,13000,0,0,,,,
20260319,004410,서울식품,2050,-110,2491431,,,,
20260319,004415,서울식품우,11900,-240,295,,,,
20260319,004430,송원산업,8900,-180,70101,,,,
20260319,004440,삼일씨엔에스,6400,100,87186,,,,
20260319,004450,삼화왕관,28000,200,459,,,,
20260319,004490,세방전지,60400,-1500,36295,,,,
20260319,004540,깨끗한나라,1915,-24,46673,,,,
20260319,004545,깨끗한나라우,10160,-20,1861,,,,
20260319,004560,현대비앤지스틸,16770,-520,113756,,,,
20260319,004690,삼천리,146000,2600,27809,,,,
20260319,004700,조광피혁,69900,-800,3566,,,,
20260319,004710,한솔테크닉스,4649,-89,130444,,,,
20260319,004720,팜젠사이언스,3660,-85,44545,,,,
20260319,004770,써니전자,1559,-22,298099,,,,
20260319,004800,효성,145000,-3000,32503,,,,
20260319,004830,덕성,4510,-90,66876,,,,
20260319,004835,덕성우,6120,0,3568,,,,
20260319,004840,DRB동일,5460,80,24531,,,,
20260319,004870,티웨이홀딩스,1603,-66,105557,,,,
20260319,004890,동일산업,39300,0,126,,,,
20260319,004910,조광페인트,4830,-95,25330,,,,
20260319,004920,씨아이테크,1081,-14,77688,,,,
20260319,004960,한신공영,13640,60,82979,,,,
20260319,004970,신라교역,9550,-30,7961,,,,
20260319,004980,성신양회,9310,-210,27011,,,,
20260319,004985,성신양회우,10730,30,464,,,,
20260319,004990,롯데지주,30700,-800,158692,,,,
20260319,00499K,롯데지주우,30300,250,205,,,,
20260319,005010,휴스틸,5240,120,1731558,,,,
20260319,005030,부산주공,486,0,0,,,,
20260319,005070,코스모신소재,48850,-2050,139848,,,,
20260319,005090,SGC에너지,52200,-700,112893,,,,
20260319,005110,한창,1254,0,0,,,,
20260319,005180,빙그레,74800,-1000,28515,,,,
20260319,005250,녹십자홀딩스,13780,-310,80224,,,,
20260319,005257,녹십자홀딩스2우,24050,0,34,,,,
20260319,005300,롯데칠성,117100,-4200,42927,,,,
20260319,005305,롯데칠성우,80300,-700,1852,,,,
20260319,005320,온타이드,1020,8,121907,,,,
20260319,005360,모나미,1722,-28,22431,,,,
20260319,005380,현대차,522000,-23000,770000,,,,
20260319,005385,현대차우,269000,-10500,101310,,,,
20260319,005387,현대차2우B,270500,-9000,140532,,,,
20260319,005389,현대차3우B,255000,-7500,14878,,,,
20260319,005420,코스모화학,14430,-610,132268,,,,
20260319,005430,한국공항,57800,-900,6493,,,,
20260319,005440,현대지에프홀딩스,14960,-460,256501,,,,
20260319,005490,POSCO홀딩스,338000,-11500,339117,,,,
20260319,005500,삼진제약,18230,-310,17684,,,,
20260319,005610,삼립,51300,-1000,5923,,,,
20260319,005680,삼영전자,15400,840,329145,,,,
20260319,005690,파미셀,15930,-750,643348,,,,
20260319,005720,넥센,6700,-120,34892,,,,
20260319,005725,넥센우,4445,0,4523,,,,
20260319,005740,크라운해태홀딩스,6700,-10,15820,,,,
20260319,005745,크라운해태홀딩스우,7490,0,163,,,,
20260319,005750,대림바스,5830,90,232584,,,,
20260319,005800,신영와코루,16220,20,10434,,,,
20260319,005810,풍산홀딩스,37850,-500,52281,,,,
20260319,005820,원림,15700,30,307,,,,
20260319,005830,DB손해보험,184500,-5300,99999,,,,
20260319,005850,에스엘,64500,-3700,130628,,,,
20260319,005870,휴니드,9040,10,396005,,,,
20260319,005880,대한해운,2235,-35,16087707,,,,
20260319,005930,삼성전자,200500,-8000,19884483,,,,
20260319,005935,삼성전자우,144200,-4900,4290150,,,,
20260319,005940,NH투자증권,33400,-800,673415,,,,
20260319,005945,NH투자증권우,26550,-350,64542,,,,
20260319,005950,이수화학,7820,-230,137222,,,,
20260319,005960,동부건설,9170,1170,1541990,,,,
20260319,005965,동부건설우,18950,510,4833,,,,
20260319,006040,동원산업,39050,-1300,67353,,,,
20260319,006060,화승인더,3260,-15,130534,,,,
20260319,006090,사조오양,8270,0,6743,,,,
20260319,006110,삼아알미늄,34500,1200,438312,,,,
20260319,006120,SK디스커버리,60300,-1200,101867,,,,
20260319,006125,SK디스커버리우,40250,-150,4449,,,,
20260319,006200,한국전자홀딩스,3615,-170,37672,,,,
20260319,006220,제주은행,13520,-220,117665,,,,
20260319,006260,LS,290500,8500,197216,,,,
20260319,006280,녹십자,145200,-5700,68685,,,,
20260319,006340,대원전선,6520,0,17460573,,,,
20260319,006345,대원전선우,4185,-125,93905,,,,
20260319,006360,GS건설,25950,300,3366921,,,,
20260319,006370,대구백화점,4560,-10,35214,,,,
20260319,006380,카프로,3660,0,0,,,,
20260319,006400,삼성SDI,402500,-2500,428488,,,,
20260319,006405,삼성SDI우,223000,-3000,9780,,,,
20260319,006490,프리티,1380,-140,1840741,,,,
20260319,006570,대림통상,2015,-10,29232,,,,
20260319,006650,대한유화,134000,-9000,66933,,,,
20260319,006660,삼성공조,11670,-280,26469,,,,
20260319,006740,블루산업개발,1269,-25,44315,,,,
20260319,006800,미래에셋증권,66700,-3200,2521922,,,,
20260319,006805,미래에셋증권우,22250,-850,124567,,,,
20260319,00680K,미래에셋증권2우B,20200,-900,464197,,,,
20260319,006840,AK홀딩스,7800,-30,11204,,,,
20260319,006880,신송홀딩스,7160,80,211204,,,,
20260319,006890,태경케미컬,8660,190,426152,,,,
20260319,006980,우성,21650,250,6179,,,,
20260319,007070,GS리테일,19950,100,101883,,,,
20260319,007110,일신석재,1530,-44,564735,,,,
20260319,007120,미래아이앤지,2220,-185,1674716,,,,
20260319,007160,사조산업,50900,-900,3709,,,,
20260319,007210,벽산,1850,-47,255676,,,,
20260319,007280,한국특강,2741,-10,11013,,,,
20260319,007310,오뚜기,368500,-5000,5408,,,,
20260319,007340,DN오토모티브,39600,1650,575195,,,,
20260319,007460,에이프로젠,300,-6,3897272,,,,
20260319,007540,샘표,56000,-600,6356,,,,
20260319,007570,일양약품,14600,0,0,,,,
20260319,007575,일양약품우,15260,0,0,,,,
20260319,007590,동방아그로,5840,10,3738,,,,
20260319,007610,선도전기,3000,0,0,,,,
20260319,007660,이수페타시스,129500,4400,2112449,,,,
20260319,007690,국도화학,36450,-750,7723,,,,
20260319,007700,F&F홀딩스,18370,140,4547,,,,
20260319,007810,코리아써키트,62100,1900,615448,,,,
20260319,007815,코리아써우,16950,400,36062,,,,
20260319,00781K,코리아써키트2우B,12720,110,3042,,,,
20260319,007860,서연,9440,-260,78629,,,,
20260319,007980,TP,1851,-27,179860,,,,
20260319,008040,사조동아원,1075,-20,782593,,,,
20260319,008060,대덕,13520,160,130924,,,,
20260319,00806K,대덕1우,11460,210,16538,,,,
20260319,008250,이건산업,3870,-5,12566,,,,
20260319,008260,NI스틸,3505,-30,37328,,,,
20260319,008350,남선알미늄,1550,9,23491990,,,,
20260319,008355,남선알미우,13100,-130,9735,,,,
20260319,008420,문배철강,2295,65,212073,,,,
20260319,008490,서흥,20150,-300,11621,,,,
20260319,008600,윌비스,2720,0,0,,,,
20260319,008700,아남전자,1574,363,14631355,,,,
20260319,008730,율촌화학,24150,-900,61790,,,,
20260319,008770,호텔신라,43300,-1050,99828,,,,
20260319,008775,호텔신라우,33550,-150,1410,,,,
20260319,008870,금비,45150,-250,470,,,,
20260319,008930,한미사이언스,37600,-800,94906,,,,
20260319,008970,KBI동양철관,1730,-15,599911,,,,
20260319,009070,KCTC,6350,-170,297351,,,,
20260319,009140,경인전자,22350,100,1923,,,,
20260319,009150,삼성전기,479500,15500,923071,,,,
20260319,009155,삼성전기우,190400,2700,55090,,,,
20260319,009160,SIMPAC,4700,-135,60933,,,,
20260319,009180,한솔로지스틱스,2900,-40,100096,,,,
20260319,009190,대양금속,1258,32,155275,,,,
20260319,009200,무림페이퍼,1962,15,177150,,,,
20260319,009240,한샘,42700,-750,23718,,,,
20260319,009270,신원,1344,-35,384567,,,,
20260319,009290,광동제약,8960,-80,420951,,,,
20260319,009310,참엔지니어링,1065,0,0,,,,
20260319,009320,아진전자부품,1000,-15,78599,,,,
20260319,009410,태영건설,1845,-9,457355,,,,
20260319,009415,태영건설우,6180,90,1658,,,,
20260319,009420,한올바이오파마,55500,-1900,269367,,,,
20260319,009440,KC그린홀딩스,756,0,0,,,,
20260319,009450,경동나비엔,66800,2900,99195,,,,
20260319,009460,한창제지,2490,10,13735,,,,
20260319,009470,삼화전기,39300,-1800,106894,,,,
20260319,009540,HD한국조선해양,413500,-11500,120128,,,,
20260319,009580,무림P&P,2425,15,97190,,,,
20260319,009680,모토닉,10880,-120,34949,,,,
20260319,009770,삼정펄프,31250,-350,2152,,,,
20260319,009810,MDS스피어,2083,-46,51814,,,,
20260319,009830,한화솔루션,46926,-990,2146143,,,,
20260319,009835,한화솔루션우,26147,271,29591,,,,
20260319,009900,명신산업,10250,-270,230191,,,,
20260319,009970,영원무역홀딩스,221500,-16000,18708,,,,
20260319,010040,한국내화,1991,-24,72751,,,,
20260319,010060,OCI홀딩스,198200,4600,256199,,,,
20260319,010100,한국무브넥스,4620,-170,207234,,,,
20260319,010120,LS ELECTRIC,174600,8000,864205,,,,
20260319,010130,고려아연,1612000,-83000,34466,,,,
20260319,010140,삼성중공업,28500,-600,2252176,,,,
20260319,010400,우진아이엔에스,3740,-15,11693,,,,
20260319,010580,에스엠벡셀,1978,-62,203014,,,,
20260319,010640,진양폴리,2490,-30,34963,,,,
20260319,010660,화천기계,5780,-190,241614,,,,
20260319,010690,화신,11960,-650,391930,,,,
20260319,010770,평화홀딩스,3935,-125,90961,,,,
20260319,010780,아이에스동서,30900,-1500,160066,,,,
20260319,010820,퍼스텍,7470,-80,2370029,,,,
20260319,010950,S-Oil,111200,600,713012,,,,
20260319,010955,S-Oil우,56900,1400,26947,,,,
20260319,010960,삼호개발,3930,25,55168,,,,
20260319,011000,진원생명과학,5110,-220,183286,,,,
20260319,011070,LG이노텍,286000,17500,340684,,,,
20260319,011090,에넥스,2235,-45,16754,,,,
20260319,011150,CJ씨푸드,2660,-30,134538,,,,
20260319,011155,CJ씨푸드1우,13540,-270,4777,,,,
20260319,011170,롯데케미칼,82400,400,309720,,,,
20260319,011200,HMM,20850,-250,1013546,,,,
20260319,011210,현대위아,84200,-3400,90249,,,,
20260319,011230,삼화전자,2600,-75,55933,,,,
20260319,011280,태림포장,1909,-10,47535,,,,
20260319,011300,우성머티리얼스,3160,-10,51554,,,,
20260319,011330,유니켐,7810,140,518180,,,,
20260319,011390,부산산업,75000,-1200,6841,,,,
20260319,011420,갤럭시아에스엠,1786,-14,34908,,,,
20260319,011500,한농화성,20750,-950,243239,,,,
20260319,011690,와이투솔루션,6310,-160,575948,,,,
20260319,011700,한신기계,4945,-205,962802,,,,
20260319,011760,현대코퍼레이션,25950,200,80430,,,,
20260319,011780,금호석유화학,134200,-2100,114898,,,,
20260319,011785,금호석유화학우,60100,-1500,7035,,,,
20260319,011790,SKC,93147,282,196577,,,,
20260319,011810,STX,3530,0,0,,,,
20260319,011930,신성이엔지,30800,900,10163912,,,,
20260319,012030,DB,1739,-52,833372,,,,
20260319,0120G0,삼양바이오팜,87900,-4800,49267,,,,
20260319,012160,영흥,2820,-55,44830,,,,
20260319,012170,아센디오,1288,-32,54656,,,,
20260319,012200,계양전기,6439,-293,488004,,,,
20260319,012205,계양전기우,5269,-164,21980,,,,
20260319,012280,영화금속,1019,-30,351105,,,,
20260319,012320,경동인베스트,63000,-3000,61036,,,,
20260319,012330,현대모비스,413000,-17000,177528,,,,
20260319,012450,한화에어로스페이스,1375000,-15000,111115,,,,
20260319,012610,경인양행,3975,-125,276612,,,,
20260319,012630,HDC,25050,0,124482,,,,
20260319,012690,모나리자,2040,-45,108134,,,,
20260319,0126Z0,삼성에피스홀딩스,532000,-6000,57702,,,,
20260319,012750,에스원,87800,200,36118,,,,
20260319,012800,대창,1317,-37,1002341,,,,
20260319,013000,세우글로벌,1125,4,12225,,,,
20260319,013360,일성건설,1844,-16,239888,,,,
20260319,013520,화승코퍼레이션,2830,-90,168137,,,,
20260319,013570,디와이,4980,-5,98490,,,,
20260319,013580,계룡건설,25800,200,58863,,,,
20260319,013700,까뮤이앤씨,1237,-4,40624,,,,
20260319,013870,지엠비코리아,5240,-40,18791,,,,
20260319,013890,지누스,11500,-520,41583,,,,
20260319,014130,한익스프레스,2635,-15,11838,,,,
20260319,014160,대영포장,1031,-12,203437,,,,
20260319,014280,금강공업,4820,-165,175628,,,,
20260319,014285,금강공업우,6780,-50,506,,,,
20260319,014440,영보화학,4615,-80,83152,,,,
20260319,014530,극동유화,3810,55,3726371,,,,
20260319,014580,태경비케이,4430,-40,83295,,,,
20260319,014680,한솔케미칼,283500,-8000,45391,,,,
20260319,014710,사조씨푸드,7270,-140,15010,,,,
20260319,014790,HL D&I,3140,-70,144251,,,,
20260319,014820,동원시스템즈,25200,-600,23654,,,,
20260319,014825,동원시스템즈우,16320,-80,129,,,,
20260319,014830,유니드,83600,-100,20862,,,,
20260319,014910,성문전자,1661,-39,262672,,,,
20260319,014915,성문전자우,4300,-70,784,,,,
20260319,014990,인디에프,3800,-10,30991,,,,
20260319,015020,이스타코,928,0,0,,,,
20260319,015230,대창단조,6460,80,72996,,,,
20260319,015260,에이엔피,688,-36,390505,,,,
20260319,015360,INVENI,15800,180,82145,,,,
20260319,015590,DKME,2575,0,0,,,,
20260319,015760,한국전력,48300,-1650,1725030,,,,
20260319,015860,일진홀딩스,7280,-330,159719,,,,
20260319,015890,태경산업,4870,60,212366,,,,
20260319,016090,대현,1650,-6,31687,,,,
20260319,016360,삼성증권,98600,-2900,413300,,,,
20260319,016380,KG스틸,5650,-70,231030,,,,
20260319,016450,한세예스24홀딩스,4885,-15,21402,,,,
20260319,016580,환인제약,10150,-90,25358,,,,
20260319,016590,신대양제지,12470,-430,30963,,,,
20260319,016610,DB증권,13740,-290,99583,,,,
20260319,016710,대성홀딩스,8790,20,39031,,,,
20260319,016740,두올,4565,-70,78316,,,,
20260319,016800,퍼시스,37100,-950,2314,,,,
20260319,016880,웅진,2830,210,2472741,,,,
20260319,017040,광명전기,1146,-7,934011,,,,
20260319,017180,명문제약,1802,-45,60382,,,,
20260319,017370,우신시스템,5880,-70,30512,,,,
20260319,017390,서울가스,68200,1000,41852,,,,
20260319,017550,수산세보틱스,1872,-17,173858,,,,
20260319,017670,SK텔레콤,78200,-3000,1009929,,,,
20260319,017800,현대엘리베이터,87400,-1100,180685,,,,
20260319,017810,풀무원,11730,-240,60231,,,,
20260319,017860,DS단석,19930,580,390743,,,,
20260319,017900,광전자,2065,-35,194890,,,,
20260319,017940,E1,99700,900,21450,,,,
20260319,017960,한국카본,48350,-400,393855,,,,
20260319,018250,애경산업,14320,-240,28502,,,,
20260319,018260,삼성에스디에스,161500,-5600,161856,,,,
20260319,018470,조일알미늄,1286,-11,3457000,,,,
20260319,018500,동원모빌리티,1700,31,540508,,,,
20260319,018670,SK가스,249000,18000,61315,,,,
20260319,018880,한온시스템,4110,-290,13911489,,,,
20260319,019170,신풍제약,10750,-260,66386,,,,
20260319,019175,신풍제약우,16400,-170,2225,,,,
20260319,019180,티에이치엔,9140,-160,441599,,,,
20260319,019490,엑시큐어하이트론,541,0,0,,,,
20260319,019680,대교,1638,6,69804,,,,
20260319,019685,대교우B,1015,0,34978,,,,
20260319,020000,한섬,25300,300,91351,,,,
20260319,020120,키다리스튜디오,3290,-75,110879,,,,
20260319,020150,롯데에너지머티리얼즈,37550,-1550,83543,,,,
20260319,020560,아시아나항공,7020,-210,79316,,,,
20260319,020760,일진디스플,902,0,0,,,,
20260319,021050,서원,1215,-46,458071,,,,
20260319,021240,코웨이,73000,-2000,188595,,,,
20260319,021820,세원정공,16390,490,21752,,,,
20260319,022100,포스코DX,31750,-500,309409,,,,
20260319,023000,삼원강재,2315,-35,18635,,,,
20260319,023150,MH에탄올,4320,35,4615,,,,
20260319,023350,한국종합기술,4525,25,26131,,,,
20260319,023450,동남합성,30650,50,904,,,,
20260319,023530,롯데쇼핑,107500,2100,103857,,,,
20260319,023590,다우기술,48950,-1650,48266,,,,
20260319,023800,인지컨트롤스,6700,-60,41632,,,,
20260319,023810,인팩,7920,-270,15081,,,,
20260319,023960,에쓰씨엔지니어링,1369,-41,72402,,,,
20260319,024070,WISCOM,1933,-7,6936,,,,
20260319,024090,디씨엠,12450,110,6192,,,,
20260319,024110,기업은행,23700,-150,848915,,,,
20260319,024720,콜마홀딩스,9030,-140,36585,,,,
20260319,024890,대원화성,3980,-50,7577,,,,
20260319,024900,디와이덕양,2035,-30,54930,,,,
20260319,025000,KPX케미칼,49200,-500,3802,,,,
20260319,025530,SJM홀딩스,3600,-5,5230,,,,
20260319,025540,한국단자,74300,-1100,20498,,,,
20260319,025560,미래산업,2624,-100,158065,,,,
20260319,025620,차AI헬스케어,9110,-250,15042,,,,
20260319,025750,한솔홈데코,2755,-95,114351,,,,
20260319,025820,이구산업,4880,-140,397322,,,,
20260319,025860,남해화학,8520,430,5391738,,,,
20260319,025890,한국주강,1575,-4,13247,,,,
20260319,026890,스틱인베스트먼트,9980,-230,59379,,,,
20260319,026940,부국철강,1955,-21,104847,,,,
20260319,026960,동서,25650,-500,50837,,,,
20260319,027410,BGF,4265,-10,154733,,,,
20260319,027740,마니커,1618,0,98825,,,,
20260319,027970,한국제지,3690,-100,35542,,,,
20260319,028050,삼성E&A,32600,-700,818555,,,,
20260319,028100,동아지질,17800,-360,64555,,,,
20260319,028260,삼성물산,291000,-8000,233252,,,,
20260319,02826K,삼성물산우B,188000,-1000,8706,,,,
20260319,028670,팬오션,5050,-140,2673377,,,,
20260319,029460,케이씨,32550,-250,27012,,,,
20260319,029530,신도리코,55100,400,12911,,,,
20260319,029780,삼성카드,59800,-300,84823,,,,
20260319,030000,제일기획,20950,50,330990,,,,
20260319,030190,NICE평가정보,16180,-670,478882,,,,
20260319,030200,KT,59300,-1100,258694,,,,
20260319,030210,다올투자증권,4210,-90,123032,,,,
20260319,030610,교보증권,12810,-240,95407,,,,
20260319,030720,동원수산,5850,-10,7673,,,,
20260319,031210,서울보증보험,56500,-800,16449,,,,
20260319,031430,신세계인터내셔날,12160,-350,85179,,,,
20260319,031820,아이티센씨티에스,7200,-160,53564,,,,
20260319,032350,롯데관광개발,20950,100,498083,,,,
20260319,032560,황금에스티,5900,-100,17996,,,,
20260319,032640,LG유플러스,15620,160,1239865,,,,
20260319,032830,삼성생명,230500,-4500,234935,,,,
20260319,033240,자화전자,39150,-150,161139,,,,
20260319,033250,체시스,4605,-10,38029,,,,
20260319,033270,유나이티드제약,19810,-340,19619,,,,
20260319,033530,SJG세종,8230,-290,143129,,,,
20260319,033780,KT&G,157000,-1700,214761,,,,
20260319,033920,무학,9050,-110,29306,,,,
20260319,034020,두산에너빌리티,106300,-1000,3330546,,,,
20260319,034120,SBS,16920,-30,6576,,,,
20260319,034220,LG디스플레이,11720,-430,2825973,,,,
20260319,034230,파라다이스,18890,930,1220362,,,,
20260319,034310,NICE,14470,-110,32410,,,,
20260319,034590,인천도시가스,26900,-50,1226,,,,
20260319,034730,SK,346000,-6500,129027,,,,
20260319,03473K,SK우,251000,-5000,2548,,,,
20260319,034830,한국토지신탁,1697,139,8365600,,,,
20260319,035000,HS애드,8700,-70,8051,,,,
20260319,035150,백산,13450,-380,28286,,,,
20260319,035250,강원랜드,17850,-250,667140,,,,
20260319,035420,NAVER,220500,-6000,474188,,,,
20260319,035510,신세계 I&C,23200,-750,1450040,,,,
20260319,035720,카카오,50000,-1500,1164390,,,,
20260319,036420,콘텐트리중앙,6810,-40,34216,,,,
20260319,036460,한국가스공사,36250,-350,489527,,,,
20260319,036530,SNT홀딩스,64200,3500,36660,,,,
20260319,036570,NC,221000,-9000,100715,,,,
20260319,036580,팜스코,3285,-115,96270,,,,
20260319,037270,YG PLUS,6070,-190,421869,,,,
20260319,037560,LG헬로비전,2275,-30,84829,,,,
20260319,037710,광주신세계,39000,-400,5410,,,,
20260319,039130,하나투어,41550,-950,49695,,,,
20260319,039490,키움증권,449000,-20000,101615,,,,
20260319,039570,HDC랩스,8530,0,16686,,,,
20260319,041650,상신브레이크,2620,-60,54225,,,,
20260319,042660,한화오션,130000,-2900,579582,,,,
20260319,042700,한미반도체,307000,-4000,788358,,,,
20260319,044380,주연테크,1885,70,42067,,,,
20260319,044450,KSS해운,10540,-50,199114,,,,
20260319,044820,코스맥스비티아이,15100,-100,29178,,,,
20260319,047040,대우건설,16170,1300,77367679,,,,
20260319,047050,포스코인터내셔널,71800,200,881980,,,,
20260319,047400,유니온머티리얼,1596,40,1071066,,,,
20260319,047810,한국항공우주,190400,-3900,555913,,,,
20260319,049800,우진플라임,2485,0,23448,,,,
20260319,051600,한전KPS,61400,1100,317005,,,,
20260319,051630,진양화학,2240,-70,171343,,,,
20260319,051900,LG생활건강,243000,-2500,56110,,,,
20260319,051905,LG생활건강우,105700,600,6559,,,,
20260319,051910,LG화학,303500,-16500,207291,,,,
20260319,051915,LG화학우,153300,-3900,35858,,,,
20260319,052690,한전기술,168000,-4300,282193,,,,
20260319,053210,스카이라이프,5150,0,51501,,,,
20260319,053690,한미글로벌,23150,1950,2013124,,,,
20260319,055490,테이팩스,15000,-270,11000,,,,
20260319,055550,신한지주,96500,1500,1262052,,,,
20260319,058430,포스코스틸리온,4440,-60,125920,,,,
20260319,058650,세아홀딩스,156300,-3200,3320,,,,
20260319,058730,다스코,3505,-15,387303,,,,
20260319,058850,KTcs,2565,-50,172673,,,,
20260319,058860,KTis,2790,-35,79686,,,,
20260319,060980,HL홀딩스,44800,-850,16043,,,,
20260319,062040,산일전기,151700,-3200,239366,,,,
20260319,063160,종근당바이오,19360,-220,10925,,,,
20260319,064350,현대로템,186300,-6700,1142220,,,,
20260319,064400,LG씨엔에스,64900,-1900,356155,,,,
20260319,064960,SNT모티브,32250,-900,57959,,,,
20260319,066570,LG전자,116200,-3800,560434,,,,
20260319,066575,LG전자우,53000,-1400,64812,,,,
20260319,066970,엘앤에프,108300,-3000,308418,,,,
20260319,067830,세이브존I&C,2985,-45,60848,,,,
20260319,068270,셀트리온,192539,-7149,559182,,,,
20260319,068290,삼성출판사,9220,-140,24769,,,,
20260319,069260,TKG휴켐스,18780,-620,57672,,,,
20260319,069460,대호에이엘,2830,-60,997175,,,,
20260319,069620,대웅제약,160000,-2200,17577,,,,
20260319,069640,한세엠케이,1152,-26,16775,,,,
20260319,069730,DSR제강,4800,-40,17790,,,,
20260319,069960,현대백화점,86000,-2700,68406,,,,
20260319,070960,모나용평,3010,-65,51995,,,,
20260319,071050,한국금융지주,229000,-12000,218487,,,,
20260319,071055,한국금융지주우,166400,-8100,24902,,,,
20260319,071090,하이스틸,3540,-15,82014,,,,
20260319,071320,지역난방공사,89700,-900,12647,,,,
20260319,071840,롯데하이마트,7920,-20,20760,,,,
20260319,071950,코아스,2055,-10,71011,,,,
20260319,071970,HD현대마린엔진,77600,-3100,134445,,,,
20260319,072130,유엔젤,5200,0,107006,,,,
20260319,072710,농심홀딩스,95400,200,7836,,,,
20260319,073240,금호타이어,6030,-240,631161,,,,
20260319,074610,이엔플러스,5110,0,0,,,,
20260319,075180,새론오토모티브,3025,10,4932,,,,
20260319,075580,세진중공업,16940,-370,116049,,,,
20260319,077500,유니퀘스트,6360,-180,178165,,,,
20260319,077970,STX엔진,34100,-650,103276,,,,
20260319,078000,텔코웨어,17850,-180,15443,,,,
20260319,078520,에이블씨엔씨,12820,200,372485,,,,
20260319,078930,GS,65400,-1100,234957,,,,
20260319,078935,GS우,54300,-800,2930,,,,
20260319,079160,CJ CGV,4820,-135,451157,,,,
20260319,079430,현대리바트,7180,-20,33543,,,,
20260319,079550,LIG디펜스앤에어로스페이스,702000,13000,313967,,,,
20260319,079900,전진건설로봇,52800,-1700,39004,,,,
20260319,079980,휴비스,2475,-45,75585,,,,
20260319,081000,일진다이아,13490,-340,29308,,,,
20260319,081660,미스토홀딩스,44450,-4300,257165,,,,
20260319,082640,동양생명,8810,160,447180,,,,
20260319,082740,한화엔진,48550,-900,200515,,,,
20260319,083420,그린케미칼,5590,-100,39972,,,,
20260319,084010,대한제강,11480,-420,35279,,,,
20260319,084670,동양고속,44300,-1550,38582,,,,
20260319,084680,이월드,1611,-21,227122,,,,
20260319,084690,대상홀딩스,9480,-160,68441,,,,
20260319,084695,대상홀딩스우,14280,-210,3408,,,,
20260319,084870,TBH글로벌,2015,45,35993,,,,
20260319,085310,엔케이,10290,-240,27760,,,,
20260319,085620,미래에셋생명,17880,-400,607585,,,,
20260319,086280,현대글로비스,230500,-6000,164331,,,,
20260319,086790,하나금융지주,113200,-1300,910182,,,,
20260319,088260,이리츠코크렙,4875,-10,44072,,,,
20260319,088350,한화생명,4930,-320,8448601,,,,
20260319,088790,진도,2600,70,77291,,,,
20260319,088980,맥쿼리인프라,11440,60,1386506,,,,
20260319,089470,HDC현대EP,5240,-30,81155,,,,
20260319,089590,제주항공,5010,-150,444775,,,,
20260319,089860,롯데렌탈,31650,-450,34427,,,,
20260319,090080,평화산업,913,-7,77441,,,,
20260319,090350,노루페인트,8530,-80,127701,,,,
20260319,090355,노루페인트우,13150,-300,1094,,,,
20260319,090370,메타랩스,1388,-44,41402,,,,
20260319,090430,아모레퍼시픽,134700,-900,94559,,,,
20260319,090435,아모레퍼시픽우,46800,-750,9441,,,,
20260319,090460,비에이치,19880,380,475772,,,,
20260319,091810,트리니티항공,1081,-40,982614,,,,
20260319,092200,디아이씨,9170,0,310896,,,,
20260319,092220,KEC,6625,-480,1273132,,,,
20260319,092230,KPX홀딩스,80300,-200,2002,,,,
20260319,092440,기신정기,2250,20,22937,,,,
20260319,092780,DYP,4450,-110,34262,,,,
20260319,092790,넥스틸,12030,30,159974,,,,
20260319,093050,LF,21600,50,37042,,,,
20260319,093240,형지엘리트,1005,-20,624490,,,,
20260319,093370,후성,7000,-220,370980,,,,
20260319,094280,효성ITX,12460,-50,22544,,,,
20260319,094800,맵스리얼티,6660,-210,138439,,,,
20260319,095570,AJ네트웍스,5040,0,120049,,,,
20260319,095720,웅진씽크빅,2488,-18,111806,,,,
20260319,096760,JW홀딩스,4285,15,93917,,,,
20260319,096770,SK이노베이션,110300,-4000,319609,,,,
20260319,096775,SK이노베이션우,69700,-2100,4365,,,,
20260319,097230,HJ중공업,27800,200,2849025,,,,
20260319,097520,엠씨넥스,23400,-650,29682,,,,
20260319,097950,CJ제일제당,200000,-3500,27937,,,,
20260319,097955,CJ제일제당 우,128700,-1300,2845,,,,
20260319,100090,SK오션플랜트,19680,740,986847,,,,
20260319,100220,비상교육,5300,70,25953,,,,
20260319,100250,진양홀딩스,3005,-30,83358,,,,
20260319,100840,SNT에너지,41550,-500,109976,,,,
20260319,101140,인바이오젠,9650,-120,10540,,,,
20260319,101530,해태제과식품,6550,-60,23287,,,,
20260319,102260,동성케미컬,3940,-110,213138,,,,
20260319,102460,이연제약,10100,-160,36022,,,,
20260319,103140,풍산,99900,-2500,226398,,,,
20260319,103590,일진전기,82100,-200,285599,,,,
20260319,104700,한국철강,9530,130,22639,,,,
20260319,105560,KB금융,155700,1000,954033,,,,
20260319,105630,한세실업,12140,-120,73048,,,,
20260319,105840,우진,26150,-1000,532689,,,,
20260319,107590,미원홀딩스,65000,0,338,,,,
20260319,108320,LX세미콘,50900,-800,52126,,,,
20260319,108670,LX하우시스,28900,-300,24517,,,,
20260319,108675,LX하우시스우,15620,-110,2385,,,,
20260319,109070,주성코퍼레이션,943,33,551852,,,,
20260319,111110,호전실업,7450,20,15807,,,,
20260319,111380,동인기연,14170,-250,2244,,,,
20260319,111770,영원무역,81300,-6500,113229,,,,
20260319,112610,씨에스윈드,64900,5800,1939145,,,,
20260319,114090,GKL,12010,-240,242380,,,,
20260319,117580,대성에너지,10890,1120,12568810,,,,
20260319,118000,메타케어,2390,-40,37644,,,,
20260319,119650,KC코트렐,918,0,0,,,,
20260319,120030,조선선재,100000,-1700,2274,,,,
20260319,120110,코오롱인더,70500,-500,182960,,,,
20260319,120115,코오롱인더우,27150,-550,11727,,,,
20260319,122900,아이마켓코리아,7550,-100,69466,,,,
20260319,123690,한국화장품,8340,-200,80285,,,,
20260319,123700,SJM,3565,-25,25518,,,,
20260319,123890,한국자산신탁,2875,0,366275,,,,
20260319,126560,현대퓨처넷,3190,-45,134558,,,,
20260319,126720,수산인더스트리,28000,-600,59401,,,,
20260319,128820,대성산업,7410,50,1603166,,,,
20260319,128940,한미약품,519000,-12000,36384,,,,
20260319,129260,인터지스,2440,-35,75956,,,,
20260319,130660,한전산업,20400,-900,669383,,,,
20260319,133820,화인베스틸,1280,-31,170300,,,,
20260319,134380,미원화학,11100,0,16630,,,,
20260319,134790,시디즈,19550,-60,224,,,,
20260319,136490,선진,10500,60,108979,,,,
20260319,137310,에스디바이오센서,8000,-70,86811,,,,
20260319,138040,메리츠금융지주,110900,-4900,255218,,,,
20260319,138930,BNK금융지주,18480,-280,1087952,,,,
20260319,139130,iM금융지주,16800,-190,543331,,,,
20260319,139480,이마트,94400,-1900,94132,,,,
20260319,139990,아주스틸,3010,35,15649,,,,
20260319,143210,핸즈코퍼레이션,1030,25,66217,,,,
20260319,145210,다이나믹디자인,2540,-450,1345654,,,,
20260319,145270,케이탑리츠,898,0,100867,,,,
20260319,145720,덴티움,51900,-1500,32140,,,,
20260319,145990,삼양사,46250,-1100,7484,,,,
20260319,145995,삼양사우,35150,-500,460,,,,
20260319,155660,DSR,4100,0,19588,,,,
20260319,161000,애경케미칼,9550,-230,56887,,,,
20260319,161390,한국타이어앤테크놀로지,57000,-900,309482,,,,
20260319,161890,한국콜마,69800,-500,113677,,,,
20260319,163560,동일고무벨트,6850,-100,40281,,,,
20260319,170900,동아에스티,43250,-750,19388,,,,
20260319,175330,JB금융지주,30200,-350,340257,,,,
20260319,178920,PI첨단소재,23100,250,378650,,,,
20260319,180640,한진칼,128000,5900,285687,,,,
20260319,18064K,한진칼우,36400,600,34235,,,,
20260319,181710,NHN,38300,-850,60413,,,,
20260319,183190,아세아시멘트,11990,-160,53182,,,,
20260319,185750,종근당,86700,-1300,27604,,,,
20260319,192080,더블유게임즈,50300,-1200,68240,,,,
20260319,192400,쿠쿠홀딩스,28500,-500,11905,,,,
20260319,192650,드림텍,7180,80,222497,,,,
20260319,192820,코스맥스,179200,3300,41929,,,,
20260319,194370,제이에스코퍼레이션,11860,-290,46134,,,,
20260319,195870,해성디에스,56000,-1500,207689,,,,
20260319,200880,서연이화,13610,-490,89485,,,,
20260319,204320,HL만도,53000,-1400,182384,,,,
20260319,207940,삼성바이오로직스,1585000,-41000,30824,,,,
20260319,210540,디와이파워,13620,-330,60378,,,,
20260319,210980,SK디앤디,13200,140,45029,,,,
20260319,213500,한솔제지,8340,0,89795,,,,
20260319,214320,이노션,19570,-60,64488,,,,
20260319,214330,금호에이치티,11587,272,17045,,,,
20260319,214390,경보제약,7940,810,12937769,,,,
20260319,214420,토니모리,6820,-250,115334,,,,
20260319,217590,티엠씨,19580,520,2135612,,,,
20260319,226320,잇츠한불,10230,0,11679,,,,
20260319,227840,현대코퍼레이션홀딩스,12110,-90,12783,,,,
20260319,229640,LS에코에너지,44000,-1050,108764,,,,
20260319,234080,JW생명과학,12980,-150,48510,,,,
20260319,241560,두산밥캣,61800,800,408573,,,,
20260319,241590,화승엔터프라이즈,4735,-70,130483,,,,
20260319,244920,에이플러스에셋,11760,-400,50463,,,,
20260319,248070,솔루엠,17740,-250,134000,,,,
20260319,248170,샘표식품,28350,-300,5245,,,,
20260319,249420,일동제약,31400,-1450,157501,,,,
20260319,251270,넷마블,51000,-2700,307565,,,,
20260319,259960,크래프톤,232000,-2000,106923,,,,
20260319,264900,크라운제과,8400,-30,4688,,,,
20260319,26490K,크라운제과우,9170,-60,340,,,,
20260319,267250,HD현대,261000,-14500,136346,,,,
20260319,267260,HD현대일렉트릭,958000,-16000,112178,,,,
20260319,267270,HD건설기계,131700,4100,428566,,,,
20260319,267290,경동도시가스,22000,-100,11455,,,,
20260319,267850,아시아나IDT,10110,-60,12293,,,,
20260319,268280,미원에스씨,121500,-4700,1267,,,,
20260319,271560,오리온,130600,-3400,104665,,,,
20260319,271940,일진하이솔루스,16400,-400,59155,,,,
20260319,271980,제일약품,14430,0,19578,,,,
20260319,272210,한화시스템,141000,1200,1776465,,,,
20260319,272450,진에어,6220,-250,164160,,,,
20260319,272550,삼양패키징,11540,-60,6918,,,,
20260319,278470,에이피알,369000,7000,294185,,,,
20260319,279570,케이뱅크,6710,-240,5163939,,,,
20260319,280360,롯데웰푸드,111200,-3700,14961,,,,
20260319,281820,케이씨텍,50800,-400,148840,,,,
20260319,282330,BGF리테일,120700,-700,33544,,,,
20260319,284740,쿠쿠홈시스,25150,-50,10990,,,,
20260319,285130,SK케미칼,57100,-2400,37299,,,,
20260319,28513K,SK케미칼우,27000,-600,2805,,,,
20260319,286940,롯데이노베이트,23250,-400,40746,,,,
20260319,293480,하나제약,9110,-230,72396,,,,
20260319,293940,신한알파리츠,5910,10,176371,,,,
20260319,294870,IPARK현대산업개발,21550,-550,250871,,,,
20260319,298000,효성화학,77800,0,0,,,,
20260319,298020,효성티앤씨,388500,-6000,49291,,,,
20260319,298040,효성중공업,2693000,-38000,29983,,,,
20260319,298050,HS효성첨단소재,221000,-7000,11536,,,,
20260319,298690,에어부산,1830,-21,138033,,,,
20260319,300720,한일시멘트,16570,-230,59442,,,,
20260319,302440,SK바이오사이언스,41950,-1550,196447,,,,
20260319,306200,세아제강,138900,600,11789,,,,
20260319,307950,현대오토에버,426000,-8000,91591,,,,
20260319,308170,씨티알모빌리티,5040,-200,17222,,,,
20260319,316140,우리금융지주,33600,100,1834770,,,,
20260319,317400,자이에스앤디,4375,-95,60556,,,,
20260319,317450,명인제약,58400,-1100,21123,,,,
20260319,322000,HD현대에너지솔루션,136300,4600,2451040,,,,
20260319,323410,카카오뱅크,24650,150,694720,,,,
20260319,326030,SK바이오팜,97500,-1300,173665,,,,
20260319,329180,HD현대중공업,567000,-23000,173145,,,,
20260319,330590,롯데리츠,4810,20,253301,,,,
20260319,334890,이지스밸류플러스리츠,4210,-25,84671,,,,
20260319,336260,두산퓨얼셀,45900,-300,845340,,,,
20260319,33626K,두산퓨얼셀1우,8320,-90,40738,,,,
20260319,33626L,두산퓨얼셀2우B,10390,-170,3598,,,,
20260319,336370,솔루스첨단소재,8180,-220,88188,,,,
20260319,33637K,솔루스첨단소재1우,1999,-16,4361,,,,
20260319,33637L,솔루스첨단소재2우B,3260,-25,1679,,,,
20260319,338100,NH프라임리츠,4620,-40,67574,,,,
20260319,339770,교촌에프앤비,4230,0,52370,,,,
20260319,344820,KCC글라스,25750,-400,29716,,,,
20260319,348950,제이알글로벌리츠,1505,-22,1360624,,,,
20260319,350520,이지스레지던스리츠,3725,0,78281,,,,
20260319,352820,하이브,354500,-13000,282806,,,,
20260319,353200,대덕전자,77300,2500,2430889,,,,
20260319,35320K,대덕전자1우,18570,310,27142,,,,
20260319,357120,코람코라이프인프라리츠,4640,0,109124,,,,
20260319,357250,미래에셋맵스리츠,2440,-5,26626,,,,
20260319,357430,마스턴프리미어리츠,1484,0,19763,,,,
20260319,361610,SK아이이테크놀로지,21750,-900,125355,,,,
20260319,363280,티와이홀딩스,2760,-10,167147,,,,
20260319,36328K,티와이홀딩스우,4100,55,506,,,,
20260319,365550,ESR켄달스퀘어리츠,4290,-20,319693,,,,
20260319,372910,한컴라이프케어,2435,-45,145813,,,,
20260319,373220,LG에너지솔루션,371000,-12500,213253,,,,
20260319,375500,DL이앤씨,51900,300,613195,,,,
20260319,37550K,DL이앤씨우,26000,0,12501,,,,
20260319,37550L,DL이앤씨2우(전환),37650,-500,4033,,,,
20260319,377190,디앤디플랫폼리츠,3150,-5,96725,,,,
20260319,377300,카카오페이,60200,-800,245673,,,,
20260319,377740,바이오노트,5340,-60,42184,,,,
20260319,378850,화승알앤에이,3640,-20,30405,,,,
20260319,381970,케이카,14330,-60,38444,,,,
20260319,383220,F&F,60100,-2000,107008,,,,
20260319,383800,LX홀딩스,8190,-100,103525,,,,
20260319,38380K,LX홀딩스1우,8570,-20,1097,,,,
20260319,395400,SK리츠,6110,-20,238220,,,,
20260319,396690,미래에셋글로벌리츠,2495,-10,114444,,,,
20260319,400760,NH올원리츠,3270,-15,101318,,,,
20260319,402340,SK스퀘어,611000,-19000,399104,,,,
20260319,403550,쏘카,10880,-220,27348,,,,
20260319,404990,신한서부티엔디리츠,4495,-10,73956,,,,
20260319,415640,KB발해인프라,9940,-20,154095,,,,
20260319,417310,코람코더원리츠,9380,110,141288,,,,
20260319,432320,KB스타리츠,2555,-25,628082,,,,
20260319,439260,대한조선,94900,-800,182100,,,,
20260319,443060,HD현대마린솔루션,178200,-5200,88210,,,,
20260319,446070,유니드비티플러스,2965,65,14818,,,,
20260319,448730,삼성FN리츠,5520,40,69823,,,,
20260319,450080,에코프로머티,60700,-2100,534654,,,,
20260319,451800,한화리츠,5140,0,139683,,,,
20260319,452260,한화갤러리아,2615,-95,1727216,,,,
20260319,45226K,한화갤러리아우,7070,-180,17753,,,,
20260319,453340,현대그린푸드,15870,-130,33508,,,,
20260319,454910,두산로보틱스,89200,-1200,179378,,,,
20260319,456040,OCI,95600,-200,58354,,,,
20260319,457190,이수스페셜티케미컬,92300,-2900,168386,,,,
20260319,460850,동국씨엠,5790,20,68476,,,,
20260319,460860,동국제강,9280,-320,154017,,,,
20260319,462520,조선내화,13940,-60,4625,,,,
20260319,462870,시프트업,30150,-700,45712,,,,
20260319,465770,STX그린로지스,6910,-30,632174,,,,
20260319,475150,SK이터닉스,53700,11100,14628900,,,,
20260319,475560,더본코리아,21250,-350,13341,,,,
20260319,480370,씨케이솔루션,2655,30,64336,,,,
20260319,481850,신한글로벌액티브리츠,1101,-23,101427,,,,
20260319,483650,달바글로벌,154900,-1500,62816,,,,
20260319,484870,엠앤씨솔루션,39033,-2200,114123,,,,
20260319,487570,HS효성,56700,-1500,13264,,,,
20260319,489790,한화비전,87200,3300,1706195,,,,
20260319,499790,GS피앤엘,49750,-650,87905,,,,
20260319,900140,엘브이엠씨홀딩스,1518,2,658519,,,,
20260319,950210,프레스티지바이오파마,9410,-490,89445,,,,
20260320,000020,동화약품,6060,70,68113,,,,
20260320,000040,KR모터스,2010,115,160853,,,,
20260320,000050,경방,9880,690,178420,,,,
20260320,000070,삼양홀딩스,72700,3200,25116,,,,
20260320,000080,하이트진로,16610,10,706084,,,,
20260320,000087,하이트진로2우B,14060,20,707,,,,
20260320,000100,유한양행,100300,1600,313999,,,,
20260320,000105,유한양행우,87700,200,2161,,,,
20260320,000120,CJ대한통운,113800,1000,48159,,,,
20260320,000140,하이트진로홀딩스,9290,220,19152,,,,
20260320,000145,하이트진로홀딩스우,11580,330,666,,,,
20260320,000150,두산,1186000,37000,78524,,,,
20260320,000155,두산우,512000,11000,17402,,,,
20260320,000157,두산2우B,447500,10000,3553,,,,
20260320,000180,성창기업지주,7870,325,69231,,,,
20260320,000210,DL,64900,13600,886242,,,,
20260320,000215,DL우,29000,3800,131209,,,,
20260320,000220,유유제약,4315,75,45144,,,,
20260320,000225,유유제약1우,4390,60,5561,,,,
20260320,000227,유유제약2우B,10870,0,636,,,,
20260320,000230,일동홀딩스,10530,160,14246,,,,
20260320,000240,한국앤컴퍼니,27100,500,95163,,,,
20260320,000270,기아,168500,-2000,2000787,,,,
20260320,000300,DH오토넥스,4200,0,0,,,,
20260320,000320,노루홀딩스,24150,900,38358,,,,
20260320,000325,노루홀딩스우,30800,850,532,,,,
20260320,000370,한화손해보험,7150,320,673409,,,,
20260320,000390,SP삼화,10140,-410,2462852,,,,
20260320,000400,롯데손해보험,2120,70,513402,,,,
20260320,000430,대원강업,3955,65,75378,,,,
20260320,000480,CR홀딩스,4975,25,14595,,,,
20260320,000490,대동,10180,300,367596,,,,
20260320,000500,가온전선,63625,1833,100285,,,,
20260320,000520,삼일제약,10050,170,131099,,,,
20260320,000540,흥국화재,4880,210,276551,,,,
20260320,000545,흥국화재우,7000,140,10732,,,,
20260320,000590,CS홀딩스,82000,3100,534,,,,
20260320,000640,동아쏘시오홀딩스,102400,300,20091,,,,
20260320,000650,천일고속,240500,3000,3882,,,,
20260320,000660,SK하이닉스,1007000,-6000,3426646,,,,
20260320,000670,영풍,60200,4700,123052,,,,
20260320,000680,LS네트웍스,3260,65,166438,,,,
20260320,000700,유수홀딩스,7180,410,269666,,,,
20260320,000720,현대건설,164000,-5500,1805813,,,,
20260320,000725,현대건설우,73900,0,23280,,,,
20260320,000760,이화산업,15250,300,1958,,,,
20260320,000810,삼성화재,474500,-4000,181062,,,,
20260320,000815,삼성화재우,395000,2000,17914,,,,
20260320,000850,화천기공,38300,750,9121,,,,
20260320,000860,강남제비스코,15390,140,45976,,,,
20260320,000880,한화,144897,-1081,132955,,,,
20260320,00088K,한화3우B,48479,302,128205,,,,
20260320,000890,보해양조,2180,80,96741,,,,
20260320,000910,유니온,4470,75,222535,,,,
20260320,000950,전방,37600,1600,2374,,,,
20260320,000970,한국주철관,6850,110,39358,,,,
20260320,000990,DB하이텍,88100,200,330959,,,,
20260320,001020,페이퍼코리아,3165,40,22064,,,,
20260320,001040,CJ,207000,10000,194304,,,,
20260320,001045,CJ우,92100,2600,5297,,,,
20260320,00104K,CJ4우(전환),178500,7400,11848,,,,
20260320,001060,JW중외제약,31950,950,81759,,,,
20260320,001065,JW중외제약우,27350,1000,733,,,,
20260320,001067,JW중외제약2우B,55700,600,92,,,,
20260320,001070,대한방직,7110,470,38196,,,,
20260320,001080,만호제강,4860,-55,48837,,,,
20260320,001120,LX인터내셔널,47150,2650,362109,,,,
20260320,001130,대한제분,15300,400,37410,,,,
20260320,001200,유진투자증권,5240,270,2237441,,,,
20260320,001210,금호전기,4095,125,278709,,,,
20260320,001230,동국홀딩스,2511,263,2226520,,,,
20260320,001250,GS글로벌,2750,210,4489475,,,,
20260320,001260,남광토건,9330,450,119470,,,,
20260320,001270,부국증권,78600,1500,24762,,,,
20260320,001275,부국증권우,38300,300,2596,,,,
20260320,001290,상상인증권,1413,150,27632825,,,,
20260320,001340,PKC,6590,40,156291,,,,
20260320,001360,삼성제약,1883,44,442167,,,,
20260320,001380,SG글로벌,2889,66,152922,,,,
20260320,001390,KG케미칼,5520,340,960578,,,,
20260320,001420,태원물산,2680,-10,7414,,,,
20260320,001430,세아베스틸지주,66200,1100,143488,,,,
20260320,001440,대한전선,30700,600,2616370,,,,
20260320,001450,현대해상,31300,1000,472003,,,,
20260320,001460,BYC,53700,7600,34762,,,,
20260320,001465,BYC우,28850,1750,9516,,,,
20260320,001470,삼부토건,347,0,0,,,,
20260320,001500,현대차증권,11570,350,333652,,,,
20260320,001510,SK증권,5175,811,232726576,,,,
20260320,001515,SK증권우,8370,1930,923137,,,,
20260320,001520,동양,1690,52,482196,,,,
20260320,001525,동양우,8860,260,382,,,,
20260320,001527,동양2우B,17820,1020,2066,,,,
20260320,001530,DI동일,21850,-100,71159,,,,
20260320,001550,조비,15840,-690,346042,,,,
20260320,001560,제일연마,11390,-30,11665,,,,
20260320,001570,금양,9900,0,0,,,,
20260320,001620,케이비아이동국실업,3215,90,109213,,,,
20260320,001630,종근당홀딩스,49000,400,3498,,,,
20260320,001680,대상,20700,400,113011,,,,
20260320,001685,대상우,16750,-50,23690,,,,
20260320,001720,신영증권,209000,2000,23471,,,,
20260320,001740,SK네트웍스,5340,-150,1266217,,,,
20260320,001750,한양증권,26450,450,21309,,,,
20260320,001755,한양증권우,26250,650,3650,,,,
20260320,001770,SHD,17360,-40,3511,,,,
20260320,001780,알루코,2115,50,617224,,,,
20260320,001790,대한제당,2915,160,1481589,,,,
20260320,001795,대한제당우,2435,70,89962,,,,
20260320,001800,오리온홀딩스,24850,100,144510,,,,
20260320,001820,삼화콘덴서,58400,-1900,312360,,,,
20260320,001940,KISCO홀딩스,25900,1000,5372,,,,
20260320,002020,코오롱,54900,1600,66310,,,,
20260320,002025,코오롱우,26750,0,12769,,,,
20260320,002030,아세아,276000,-500,3067,,,,
20260320,002070,비비안,7147,-98,31753,,,,
20260320,002100,경농,9590,10,116904,,,,
20260320,002140,고려산업,2775,20,379373,,,,
20260320,002150,도화엔지니어링,6670,310,215214,,,,
20260320,002170,SYTS,58400,-1500,5981,,,,
20260320,002200,한국수출포장,3025,-5,51628,,,,
20260320,002210,동성제약,1946,0,0,,,,
20260320,002220,한일철강,3915,80,54539,,,,
20260320,002240,고려제강,22000,650,14899,,,,
20260320,002310,아세아제지,9090,210,106820,,,,
20260320,002320,한진,19630,520,39619,,,,
20260320,002350,넥센타이어,7640,410,228475,,,,
20260320,002355,넥센타이어1우B,4555,145,14378,,,,
20260320,002360,SH에너지화학,4050,-390,1028543,,,,
20260320,002380,KCC,546000,12000,27972,,,,
20260320,002390,한독,10790,90,8220,,,,
20260320,002410,범양건영,1935,0,0,,,,
20260320,002420,세기상사,5750,-100,28925,,,,
20260320,002450,삼익악기,1236,-2,140870,,,,
20260320,002460,HS화성,13520,840,53877,,,,
20260320,002600,조흥,147600,-200,326,,,,
20260320,002620,제일파마홀딩스,8900,-120,11183,,,,
20260320,002630,오리엔트바이오,1100,42,324307,,,,
20260320,002690,동일제강,1652,82,446163,,,,
20260320,002700,신일전자,1369,7,275413,,,,
20260320,002710,TCC스틸,13640,250,80851,,,,
20260320,002720,국제약품,4925,-10,364037,,,,
20260320,002760,보락,1220,25,212533,,,,
20260320,002780,진흥기업,1150,105,94107865,,,,
20260320,002785,진흥기업우B,3550,-5,33230,,,,
20260320,002787,진흥기업2우B,7970,70,13694,,,,
20260320,002790,아모레퍼시픽홀딩스,28200,1250,166883,,,,
20260320,002795,아모레퍼시픽홀딩스우,12460,300,13473,,,,
20260320,00279K,아모레퍼시픽홀딩스3우C,24550,1200,6173,,,,
20260320,002810,삼영무역,20200,100,13058,,,,
20260320,002820,SUN&L,2365,15,16534,,,,
20260320,002840,미원상사,137400,1800,1499,,,,
20260320,002870,신풍,1258,38,185577,,,,
20260320,002880,디와이에이,951,12,47856,,,,
20260320,002900,TYM,6900,100,219296,,,,
20260320,002920,유성기업,1990,27,22122,,,,
20260320,002960,한국쉘석유,478500,-19500,3657,,,,
20260320,002990,금호건설,5630,705,1570849,,,,
20260320,002995,금호건설우,14650,550,6223,,,,
20260320,003000,부광약품,5990,-110,2036230,,,,
20260320,003010,혜인,5530,200,182398,,,,
20260320,003030,세아제강지주,201000,24200,128275,,,,
20260320,003060,에이프로젠바이오로직스,336,77,3743060,,,,
20260320,003070,코오롱글로벌,11970,1480,729724,,,,
20260320,003075,코오롱글로벌우,16380,880,8426,,,,
20260320,003080,SB성보,2620,15,10365,,,,
20260320,003090,대웅,24600,950,93383,,,,
20260320,0030R0,대신밸류리츠,4330,5,83782,,,,
20260320,003120,일성아이에스,24150,550,6614,,,,
20260320,003160,디아이,38750,300,627035,,,,
20260320,003200,일신방직,13290,960,64634,,,,
20260320,003220,대원제약,10420,160,20732,,,,
20260320,003230,삼양식품,1151000,51000,45173,,,,
20260320,003240,태광산업,1289000,143000,6597,,,,
20260320,003280,흥아해운,3030,-20,11119884,,,,
20260320,003300,한일홀딩스,18330,280,20377,,,,
20260320,003350,한국화장품제조,9220,460,138330,,,,
20260320,003460,유화증권,3825,180,865686,,,,
20260320,003465,유화증권우,3650,70,12429,,,,
20260320,003470,유안타증권,5140,90,1147180,,,,
20260320,003475,유안타증권우,4780,150,56804,,,,
20260320,003480,한진중공업홀딩스,5300,580,905244,,,,
20260320,003490,대한항공,26350,1800,3704667,,,,
20260320,003495,대한항공우,24600,400,8832,,,,
20260320,003520,영진약품,1795,23,307907,,,,
20260320,003530,한화투자증권,7920,540,16484209,,,,
20260320,003535,한화투자증권우,8620,250,72054,,,,
20260320,003540,대신증권,40350,700,190075,,,,
20260320,003545,대신증권우,27350,250,90767,,,,
20260320,003547,대신증권2우B,26250,450,22026,,,,
20260320,003550,LG,95500,5000,336146,,,,
20260320,003555,LG우,71400,1600,13237,,,,
20260320,003570,SNT다이내믹스,47450,-600,47445,,,,
20260320,003580,HLB글로벌,2045,10,100858,,,,
20260320,003610,방림,5430,-50,32501,,,,
20260320,003620,KG모빌리티,3645,165,1017436,,,,
20260320,003650,미창석유,116500,4100,3598,,,,
20260320,003670,포스코퓨처엠,199200,1200,213964,,,,
20260320,003680,한성기업,5040,45,14862,,,,
20260320,003690,코리안리,13170,70,365844,,,,
20260320,003720,삼영,7160,-50,509952,,,,
20260320,003780,진양산업,5500,20,131528,,,,
20260320,003830,대한화섬,135700,12300,1202,,,,
20260320,003850,보령,9370,70,133427,,,,
20260320,003920,남양유업,54000,-700,61614,,,,
20260320,003925,남양유업우,45600,-550,13851,,,,
20260320,003960,사조대림,34000,900,4151,,,,
20260320,004000,롯데정밀화학,52700,-1500,95335,,,,
20260320,004020,현대제철,37450,1600,1577759,,,,
20260320,004060,SG세계물산,5270,120,462817,,,,
20260320,004080,신흥,13760,0,2434,,,,
20260320,004090,한국석유,17520,-1160,1047617,,,,
20260320,004100,태양금속,3085,55,370296,,,,
20260320,004105,태양금속우,3850,115,14827,,,,
20260320,004140,동방,2930,130,2685228,,,,
20260320,004150,한솔홀딩스,3575,270,1521165,,,,
20260320,004170,신세계,344000,8500,60526,,,,
20260320,004250,NPC,3805,80,40070,,,,
20260320,004255,NPC우,2410,50,7668,,,,
20260320,004270,남성,6089,0,9475,,,,
20260320,004310,현대약품,9460,260,796316,,,,
20260320,004360,세방,15770,1310,126463,,,,
20260320,004365,세방우,9460,280,21930,,,,
20260320,004370,농심,380500,9500,19464,,,,
20260320,004380,삼익THK,13000,0,0,,,,
20260320,004410,서울식품,2080,30,7112617,,,,
20260320,004415,서울식품우,11650,-250,941,,,,
20260320,004430,송원산업,8940,40,478011,,,,
20260320,004440,삼일씨엔에스,6640,240,137959,,,,
20260320,004450,삼화왕관,28200,200,336,,,,
20260320,004490,세방전지,61300,900,26287,,,,
20260320,004540,깨끗한나라,1949,34,62672,,,,
20260320,004545,깨끗한나라우,10340,180,160,,,,
20260320,004560,현대비앤지스틸,17300,530,104237,,,,
20260320,004690,삼천리,154400,8400,38566,,,,
20260320,004700,조광피혁,70000,100,2791,,,,
20260320,004710,한솔테크닉스,4833,184,150992,,,,
20260320,004720,팜젠사이언스,3750,90,39411,,,,
20260320,004770,써니전자,1590,31,212744,,,,
20260320,004800,효성,150300,5300,23291,,,,
20260320,004830,덕성,4560,50,76742,,,,
20260320,004835,덕성우,6090,-30,4770,,,,
20260320,004840,DRB동일,5640,180,34193,,,,
20260320,004870,티웨이홀딩스,1703,100,121203,,,,
20260320,004890,동일산업,39500,200,2548,,,,
20260320,004910,조광페인트,4890,60,30159,,,,
20260320,004920,씨아이테크,1077,-4,120893,,,,
20260320,004960,한신공영,17730,4090,1108024,,,,
20260320,004970,신라교역,9720,170,23074,,,,
20260320,004980,성신양회,10090,780,149439,,,,
20260320,004985,성신양회우,11060,330,4684,,,,
20260320,004990,롯데지주,32400,1700,306423,,,,
20260320,00499K,롯데지주우,30750,450,1071,,,,
20260320,005010,휴스틸,5500,260,2557021,,,,
20260320,005030,부산주공,486,0,0,,,,
20260320,005070,코스모신소재,49700,850,189588,,,,
20260320,005090,SGC에너지,62500,10300,384947,,,,
20260320,005110,한창,1254,0,0,,,,
20260320,005180,빙그레,75600,800,30409,,,,
20260320,005250,녹십자홀딩스,13980,200,80785,,,,
20260320,005257,녹십자홀딩스2우,24100,50,200,,,,
20260320,005300,롯데칠성,121800,4700,19816,,,,
20260320,005305,롯데칠성우,82800,2500,1859,,,,
20260320,005320,온타이드,1050,30,190191,,,,
20260320,005360,모나미,1721,-1,30143,,,,
20260320,005380,현대차,517000,-5000,1049264,,,,
20260320,005385,현대차우,265000,-4000,159943,,,,
20260320,005387,현대차2우B,264500,-6000,714002,,,,
20260320,005389,현대차3우B,251000,-4000,13830,,,,
20260320,005420,코스모화학,14620,190,150001,,,,
20260320,005430,한국공항,57800,0,8970,,,,
20260320,005440,현대지에프홀딩스,15630,670,570594,,,,
20260320,005490,POSCO홀딩스,343500,5500,462448,,,,
20260320,005500,삼진제약,18530,300,12839,,,,
20260320,005610,삼립,52000,700,3991,,,,
20260320,005680,삼영전자,15770,370,200024,,,,
20260320,005690,파미셀,16150,220,463196,,,,
20260320,005720,넥센,6970,270,57346,,,,
20260320,005725,넥센우,4590,145,11848,,,,
20260320,005740,크라운해태홀딩스,7110,410,46119,,,,
20260320,005745,크라운해태홀딩스우,7580,90,999,,,,
20260320,005750,대림바스,5970,140,309402,,,,
20260320,005800,신영와코루,16530,310,19670,,,,
20260320,005810,풍산홀딩스,38450,600,47221,,,,
20260320,005820,원림,15740,40,1585,,,,
20260320,005830,DB손해보험,186700,2200,417751,,,,
20260320,005850,에스엘,63100,-1400,124045,,,,
20260320,005870,휴니드,8750,-290,307468,,,,
20260320,005880,대한해운,2350,115,22424820,,,,
20260320,005930,삼성전자,199400,-1100,35279762,,,,
20260320,005935,삼성전자우,139200,-5000,7851206,,,,
20260320,005940,NH투자증권,35600,2200,1466630,,,,
20260320,005945,NH투자증권우,27350,800,107818,,,,
20260320,005950,이수화학,8070,250,123965,,,,
20260320,005960,동부건설,10270,1100,1366882,,,,
20260320,005965,동부건설우,19150,200,3149,,,,
20260320,006040,동원산업,40800,1750,65110,,,,
20260320,006060,화승인더,3320,60,922840,,,,
20260320,006090,사조오양,8380,110,8713,,,,
20260320,006110,삼아알미늄,32600,-1900,161592,,,,
20260320,006120,SK디스커버리,62600,2300,130076,,,,
20260320,006125,SK디스커버리우,41000,750,7075,,,,
20260320,006200,한국전자홀딩스,3760,145,35693,,,,
20260320,006220,제주은행,13790,270,185271,,,,
20260320,006260,LS,303500,13000,169133,,,,
20260320,006280,녹십자,146900,1700,39979,,,,
20260320,006340,대원전선,6410,-110,8514627,,,,
20260320,006345,대원전선우,4170,-15,42800,,,,
20260320,006360,GS건설,31800,5850,9521789,,,,
20260320,006370,대구백화점,4735,175,29219,,,,
20260320,006380,카프로,3660,0,0,,,,
20260320,006400,삼성SDI,400500,-2000,397940,,,,
20260320,006405,삼성SDI우,218500,-4500,11464,,,,
20260320,006490,프리티,1510,130,1329599,,,,
20260320,006570,대림통상,2040,25,10816,,,,
20260320,006650,대한유화,134600,600,93324,,,,
20260320,006660,삼성공조,11930,260,22117,,,,
20260320,006740,블루산업개발,1278,9,46390,,,,
20260320,006800,미래에셋증권,67700,1000,3126897,,,,
20260320,006805,미래에셋증권우,22850,600,131694,,,,
20260320,00680K,미래에셋증권2우B,21600,1400,981321,,,,
20260320,006840,AK홀딩스,7950,150,13336,,,,
20260320,006880,신송홀딩스,7170,10,252075,,,,
20260320,006890,태경케미컬,8600,-60,291518,,,,
20260320,006980,우성,21800,150,1305,,,,
20260320,007070,GS리테일,20450,500,153995,,,,
20260320,007110,일신석재,1577,47,363288,,,,
20260320,007120,미래아이앤지,2105,-115,1165341,,,,
20260320,007160,사조산업,56900,6000,36798,,,,
20260320,007210,벽산,1980,130,595065,,,,
20260320,007280,한국특강,2739,-2,29350,,,,
20260320,007310,오뚜기,368000,-500,31625,,,,
20260320,007340,DN오토모티브,39750,150,363359,,,,
20260320,007460,에이프로젠,343,43,37953169,,,,
20260320,007540,샘표,56900,900,11292,,,,
20260320,007570,일양약품,14600,0,0,,,,
20260320,007575,일양약품우,15260,0,0,,,,
20260320,007590,동방아그로,5860,20,4405,,,,
20260320,007610,선도전기,3000,0,0,,,,
20260320,007660,이수페타시스,126800,-2700,1707706,,,,
20260320,007690,국도화학,37800,1350,9708,,,,
20260320,007700,F&F홀딩스,19800,1430,38196,,,,
20260320,007810,코리아써키트,64600,2500,524060,,,,
20260320,007815,코리아써우,17440,490,5841,,,,
20260320,00781K,코리아써키트2우B,13040,320,2560,,,,
20260320,007860,서연,10350,910,181916,,,,
20260320,007980,TP,1899,48,256635,,,,
20260320,008040,사조동아원,1103,28,376944,,,,
20260320,008060,대덕,14000,480,98931,,,,
20260320,00806K,대덕1우,11670,210,11620,,,,
20260320,008250,이건산업,3995,125,55844,,,,
20260320,008260,NI스틸,3650,145,98581,,,,
20260320,008350,남선알미늄,1480,-70,9402268,,,,
20260320,008355,남선알미우,12800,-300,6600,,,,
20260320,008420,문배철강,2360,65,188253,,,,
20260320,008490,서흥,20550,400,14997,,,,
20260320,008600,윌비스,2790,70,188560,,,,
20260320,008700,아남전자,1774,200,39533742,,,,
20260320,008730,율촌화학,24100,-50,63247,,,,
20260320,008770,호텔신라,44500,1200,199787,,,,
20260320,008775,호텔신라우,33950,400,1147,,,,
20260320,008870,금비,45550,400,1231,,,,
20260320,008930,한미사이언스,38450,850,217102,,,,
20260320,008970,KBI동양철관,1864,134,4468676,,,,
20260320,009070,KCTC,6780,430,784384,,,,
20260320,009140,경인전자,22900,550,15964,,,,
20260320,009150,삼성전기,464500,-15000,659890,,,,
20260320,009155,삼성전기우,183800,-6600,47291,,,,
20260320,009160,SIMPAC,4815,115,79641,,,,
20260320,009180,한솔로지스틱스,3010,110,206087,,,,
20260320,009190,대양금속,1287,29,441989,,,,
20260320,009200,무림페이퍼,2030,68,291380,,,,
20260320,009240,한샘,43050,350,27161,,,,
20260320,009270,신원,1345,1,447448,,,,
20260320,009290,광동제약,9230,270,761850,,,,
20260320,009310,참엔지니어링,1065,0,0,,,,
20260320,009320,아진전자부품,1027,27,116903,,,,
20260320,009410,태영건설,2010,165,3236481,,,,
20260320,009415,태영건설우,6400,220,10174,,,,
20260320,009420,한올바이오파마,56500,1000,257456,,,,
20260320,009440,KC그린홀딩스,756,0,0,,,,
20260320,009450,경동나비엔,66300,-500,74501,,,,
20260320,009460,한창제지,2585,95,834214,,,,
20260320,009470,삼화전기,39150,-150,88487,,,,
20260320,009540,HD한국조선해양,404500,-9000,271901,,,,
20260320,009580,무림P&P,2515,90,183284,,,,
20260320,009680,모토닉,10870,-10,41932,,,,
20260320,009770,삼정펄프,32050,800,1746,,,,
20260320,009810,MDS스피어,2203,120,43597,,,,
20260320,009830,한화솔루션,48765,1839,15291992,,,,
20260320,009835,한화솔루션우,26463,316,101755,,,,
20260320,009900,명신산업,10480,230,347272,,,,
20260320,009970,영원무역홀딩스,227000,5500,25748,,,,
20260320,010040,한국내화,1980,-11,97660,,,,
20260320,010060,OCI홀딩스,203000,4800,405881,,,,
20260320,010100,한국무브넥스,4760,140,223355,,,,
20260320,010120,LS ELECTRIC,177200,2600,777725,,,,
20260320,010130,고려아연,1587000,-25000,47993,,,,
20260320,010140,삼성중공업,28550,50,5947337,,,,
20260320,010400,우진아이엔에스,3900,160,16601,,,,
20260320,010580,에스엠벡셀,1983,5,131424,,,,
20260320,010640,진양폴리,2530,40,18708,,,,
20260320,010660,화천기계,5890,110,169684,,,,
20260320,010690,화신,12250,290,270778,,,,
20260320,010770,평화홀딩스,3970,35,33916,,,,
20260320,010780,아이에스동서,31000,100,160019,,,,
20260320,010820,퍼스텍,7060,-410,1858461,,,,
20260320,010950,S-Oil,111800,600,615278,,,,
20260320,010955,S-Oil우,57400,500,26218,,,,
20260320,010960,삼호개발,4200,270,210278,,,,
20260320,011000,진원생명과학,5180,70,180151,,,,
20260320,011070,LG이노텍,296000,10000,227695,,,,
20260320,011090,에넥스,2225,-10,74297,,,,
20260320,011150,CJ씨푸드,2715,55,146350,,,,
20260320,011155,CJ씨푸드1우,13680,140,2394,,,,
20260320,011170,롯데케미칼,84200,1800,338323,,,,
20260320,011200,HMM,21250,400,1715802,,,,
20260320,011210,현대위아,84900,700,107288,,,,
20260320,011230,삼화전자,2605,5,55771,,,,
20260320,011280,태림포장,1935,26,84190,,,,
20260320,011300,우성머티리얼스,3110,-50,32956,,,,
20260320,011330,유니켐,7820,10,244962,,,,
20260320,011390,부산산업,76600,1600,7756,,,,
20260320,011420,갤럭시아에스엠,1824,38,31310,,,,
20260320,011500,한농화성,20800,50,179023,,,,
20260320,011690,와이투솔루션,6480,170,724523,,,,
20260320,011700,한신기계,5260,315,4152617,,,,
20260320,011760,현대코퍼레이션,26900,950,95251,,,,
20260320,011780,금호석유화학,131900,-2300,130872,,,,
20260320,011785,금호석유화학우,60300,200,3010,,,,
20260320,011790,SKC,93429,282,111557,,,,
20260320,011810,STX,3530,0,0,,,,
20260320,011930,신성이엔지,30100,-700,3470078,,,,
20260320,012030,DB,1835,96,1366304,,,,
20260320,0120G0,삼양바이오팜,101700,13800,162485,,,,
20260320,012160,영흥,2910,90,40855,,,,
20260320,012170,아센디오,1290,2,46342,,,,
20260320,012200,계양전기,6439,0,335232,,,,
20260320,012205,계양전기우,5240,-29,23507,,,,
20260320,012280,영화금속,1037,18,219511,,,,
20260320,012320,경동인베스트,62200,-800,42811,,,,
20260320,012330,현대모비스,400500,-12500,357334,,,,
20260320,012450,한화에어로스페이스,1320000,-55000,270214,,,,
20260320,012610,경인양행,4230,255,417077,,,,
20260320,012630,HDC,28050,3000,468888,,,,
20260320,012690,모나리자,2045,5,184812,,,,
20260320,0126Z0,삼성에피스홀딩스,552000,20000,77816,,,,
20260320,012750,에스원,88900,1100,73798,,,,
20260320,012800,대창,1371,54,898412,,,,
20260320,013000,세우글로벌,1121,-4,91236,,,,
20260320,013360,일성건설,2040,196,1914040,,,,
20260320,013520,화승코퍼레이션,2880,50,199254,,,,
20260320,013570,디와이,5240,260,158935,,,,
20260320,013580,계룡건설,29400,3600,639723,,,,
20260320,013700,까뮤이앤씨,1276,39,133969,,,,
20260320,013870,지엠비코리아,5450,210,42291,,,,
20260320,013890,지누스,11430,-70,38198,,,,
20260320,014130,한익스프레스,2675,40,24584,,,,
20260320,014160,대영포장,1064,33,584254,,,,
20260320,014280,금강공업,5140,320,279829,,,,
20260320,014285,금강공업우,7000,220,3967,,,,
20260320,014440,영보화학,4685,70,27157,,,,
20260320,014530,극동유화,3720,-90,1108035,,,,
20260320,014580,태경비케이,4550,120,153719,,,,
20260320,014680,한솔케미칼,294000,10500,53893,,,,
20260320,014710,사조씨푸드,7800,530,45721,,,,
20260320,014790,HL D&I,3620,480,647022,,,,
20260320,014820,동원시스템즈,26000,800,51028,,,,
20260320,014825,동원시스템즈우,16440,120,376,,,,
20260320,014830,유니드,85900,2300,49579,,,,
20260320,014910,성문전자,1688,27,263794,,,,
20260320,014915,성문전자우,4230,-70,2704,,,,
20260320,014990,인디에프,3840,40,32329,,,,
20260320,015020,이스타코,928,0,0,,,,
20260320,015230,대창단조,6680,220,97386,,,,
20260320,015260,에이엔피,665,-23,318972,,,,
20260320,015360,INVENI,16320,520,45050,,,,
20260320,015590,DKME,2575,0,0,,,,
20260320,015760,한국전력,49150,850,3110094,,,,
20260320,015860,일진홀딩스,7660,380,164355,,,,
20260320,015890,태경산업,4930,60,99988,,,,
20260320,016090,대현,1670,20,100801,,,,
20260320,016360,삼성증권,102300,3700,1517214,,,,
20260320,016380,KG스틸,5920,270,572852,,,,
20260320,016450,한세예스24홀딩스,4990,105,93602,,,,
20260320,016580,환인제약,10280,130,23862,,,,
20260320,016590,신대양제지,12470,0,18393,,,,
20260320,016610,DB증권,14090,350,114312,,,,
20260320,016710,대성홀딩스,9120,330,58022,,,,
20260320,016740,두올,4730,165,133642,,,,
20260320,016800,퍼시스,37550,450,1777,,,,
20260320,016880,웅진,3040,210,2125782,,,,
20260320,017040,광명전기,1180,34,1195570,,,,
20260320,017180,명문제약,1846,44,38443,,,,
20260320,017370,우신시스템,6000,120,80983,,,,
20260320,017390,서울가스,68700,500,33820,,,,
20260320,017550,수산세보틱스,1970,98,771132,,,,
20260320,017670,SK텔레콤,78800,600,1316759,,,,
20260320,017800,현대엘리베이터,88800,1400,1374120,,,,
20260320,017810,풀무원,11950,220,47850,,,,
20260320,017860,DS단석,19690,-240,143308,,,,
20260320,017900,광전자,2130,65,355550,,,,
20260320,017940,E1,110800,11100,81636,,,,
20260320,017960,한국카본,49800,1450,398898,,,,
20260320,018250,애경산업,14710,390,25337,,,,
20260320,018260,삼성에스디에스,162600,1100,181224,,,,
20260320,018470,조일알미늄,1281,-5,1076184,,,,
20260320,018500,동원모빌리티,1693,-7,374611,,,,
20260320,018670,SK가스,260000,11000,89558,,,,
20260320,018880,한온시스템,4140,30,15391729,,,,
20260320,019170,신풍제약,11000,250,56949,,,,
20260320,019175,신풍제약우,16700,300,2805,,,,
20260320,019180,티에이치엔,8830,-310,534765,,,,
20260320,019490,엑시큐어하이트론,541,0,0,,,,
20260320,019680,대교,1632,-6,46990,,,,
20260320,019685,대교우B,1010,-5,19951,,,,
20260320,020000,한섬,26800,1500,183344,,,,
20260320,020120,키다리스튜디오,3270,-20,162087,,,,
20260320,020150,롯데에너지머티리얼즈,40550,3000,215901,,,,
20260320,020560,아시아나항공,7010,-10,169293,,,,
20260320,020760,일진디스플,902,0,0,,,,
20260320,021050,서원,1273,58,598762,,,,
20260320,021240,코웨이,74400,1400,411340,,,,
20260320,021820,세원정공,17380,990,25885,,,,
20260320,022100,포스코DX,32400,650,520563,,,,
20260320,023000,삼원강재,2360,45,70118,,,,
20260320,023150,MH에탄올,4345,25,12141,,,,
20260320,023350,한국종합기술,4675,150,66848,,,,
20260320,023450,동남합성,30750,100,720,,,,
20260320,023530,롯데쇼핑,113500,6000,218992,,,,
20260320,023590,다우기술,50900,1950,86832,,,,
20260320,023800,인지컨트롤스,6800,100,47935,,,,
20260320,023810,인팩,8060,140,24553,,,,
20260320,023960,에쓰씨엔지니어링,1433,64,186642,,,,
20260320,024070,WISCOM,1957,24,12845,,,,
20260320,024090,디씨엠,12200,-250,22327,,,,
20260320,024110,기업은행,24100,400,4062685,,,,
20260320,024720,콜마홀딩스,9470,440,79655,,,,
20260320,024890,대원화성,4000,20,10922,,,,
20260320,024900,디와이덕양,2040,5,43668,,,,
20260320,025000,KPX케미칼,51500,2300,9545,,,,
20260320,025530,SJM홀딩스,3670,70,9154,,,,
20260320,025540,한국단자,76500,2200,27891,,,,
20260320,025560,미래산업,2740,116,308420,,,,
20260320,025620,차AI헬스케어,9570,460,8566,,,,
20260320,025750,한솔홈데코,2810,55,61466,,,,
20260320,025820,이구산업,5000,120,341794,,,,
20260320,025860,남해화학,8320,-200,1614325,,,,
20260320,025890,한국주강,1606,31,27822,,,,
20260320,026890,스틱인베스트먼트,9850,-130,153640,,,,
20260320,026940,부국철강,1990,35,77673,,,,
20260320,026960,동서,26200,550,71528,,,,
20260320,027410,BGF,4440,175,297618,,,,
20260320,027740,마니커,1632,14,138196,,,,
20260320,027970,한국제지,3750,60,28519,,,,
20260320,028050,삼성E&A,35300,2700,3479926,,,,
20260320,028100,동아지질,18350,550,64663,,,,
20260320,028260,삼성물산,297500,6500,626346,,,,
20260320,02826K,삼성물산우B,191000,3000,7032,,,,
20260320,028670,팬오션,5330,280,4650683,,,,
20260320,029460,케이씨,33400,850,44515,,,,
20260320,029530,신도리코,57600,2500,12833,,,,
20260320,029780,삼성카드,59700,-100,103263,,,,
20260320,030000,제일기획,21300,350,1254635,,,,
20260320,030190,NICE평가정보,17100,920,119489,,,,
20260320,030200,KT,60700,1400,239308,,,,
20260320,030210,다올투자증권,4260,50,371387,,,,
20260320,030610,교보증권,13280,470,180785,,,,
20260320,030720,동원수산,5850,0,13025,,,,
20260320,031210,서울보증보험,55700,-800,50209,,,,
20260320,031430,신세계인터내셔날,12350,190,73745,,,,
20260320,031820,아이티센씨티에스,7370,170,69362,,,,
20260320,032350,롯데관광개발,21400,450,1263963,,,,
20260320,032560,황금에스티,6050,150,40231,,,,
20260320,032640,LG유플러스,15820,200,3319705,,,,
20260320,032830,삼성생명,231500,1000,569040,,,,
20260320,033240,자화전자,39100,-50,172323,,,,
20260320,033250,체시스,4705,100,20435,,,,
20260320,033270,유나이티드제약,20050,240,32498,,,,
20260320,033530,SJG세종,8180,-50,226833,,,,
20260320,033780,KT&G,157500,500,634794,,,,
20260320,033920,무학,9210,160,28135,,,,
20260320,034020,두산에너빌리티,109600,3300,8066734,,,,
20260320,034120,SBS,17260,340,23186,,,,
20260320,034220,LG디스플레이,12030,310,4487335,,,,
20260320,034230,파라다이스,18190,-700,692119,,,,
20260320,034310,NICE,14560,90,71302,,,,
20260320,034590,인천도시가스,26900,0,3771,,,,
20260320,034730,SK,360000,14000,403204,,,,
20260320,03473K,SK우,260500,9500,3283,,,,
20260320,034830,한국토지신탁,1740,43,3327265,,,,
20260320,035000,HS애드,8710,10,52833,,,,
20260320,035150,백산,13530,80,26529,,,,
20260320,035250,강원랜드,18190,340,627685,,,,
20260320,035420,NAVER,221500,1000,673277,,,,
20260320,035510,신세계 I&C,21200,-2000,1408743,,,,
20260320,035720,카카오,50000,0,1270502,,,,
20260320,036420,콘텐트리중앙,6770,-40,51126,,,,
20260320,036460,한국가스공사,37700,1450,548104,,,,
20260320,036530,SNT홀딩스,66600,2400,20236,,,,
20260320,036570,NC,228000,7000,93946,,,,
20260320,036580,팜스코,3555,270,534856,,,,
20260320,037270,YG PLUS,6100,30,754114,,,,
20260320,037560,LG헬로비전,2305,30,123308,,,,
20260320,037710,광주신세계,39650,650,7908,,,,
20260320,039130,하나투어,42300,750,52908,,,,
20260320,039490,키움증권,460500,11500,206887,,,,
20260320,039570,HDC랩스,8680,150,39389,,,,
20260320,041650,상신브레이크,2670,50,37864,,,,
20260320,042660,한화오션,129100,-900,853925,,,,
20260320,042700,한미반도체,309500,2500,680315,,,,
20260320,044380,주연테크,1950,65,36986,,,,
20260320,044450,KSS해운,10900,360,269135,,,,
20260320,044820,코스맥스비티아이,15960,860,26059,,,,
20260320,047040,대우건설,19110,2940,96685709,,,,
20260320,047050,포스코인터내셔널,77000,5200,1726036,,,,
20260320,047400,유니온머티리얼,1623,27,947945,,,,
20260320,047810,한국항공우주,185700,-4700,494496,,,,
20260320,049800,우진플라임,2545,60,17673,,,,
20260320,051600,한전KPS,67500,6100,1342082,,,,
20260320,051630,진양화학,2265,25,102987,,,,
20260320,051900,LG생활건강,255500,12500,116290,,,,
20260320,051905,LG생활건강우,109000,3300,13203,,,,
20260320,051910,LG화학,310000,6500,214904,,,,
20260320,051915,LG화학우,156800,3500,49986,,,,
20260320,052690,한전기술,175500,7500,685396,,,,
20260320,053210,스카이라이프,5170,20,70522,,,,
20260320,053690,한미글로벌,27200,4050,3231382,,,,
20260320,055490,테이팩스,14970,-30,9128,,,,
20260320,055550,신한지주,97900,1400,3167172,,,,
20260320,058430,포스코스틸리온,4575,135,198030,,,,
20260320,058650,세아홀딩스,158600,2300,2846,,,,
20260320,058730,다스코,3745,240,923154,,,,
20260320,058850,KTcs,2625,60,205786,,,,
20260320,058860,KTis,2855,65,112158,,,,
20260320,060980,HL홀딩스,46200,1400,48151,,,,
20260320,062040,산일전기,159200,7500,227099,,,,
20260320,063160,종근당바이오,19370,10,10339,,,,
20260320,064350,현대로템,180100,-6200,1255392,,,,
20260320,064400,LG씨엔에스,67600,2700,534433,,,,
20260320,064960,SNT모티브,32600,350,42716,,,,
20260320,066570,LG전자,117900,1700,797591,,,,
20260320,066575,LG전자우,53700,700,69719,,,,
20260320,066970,엘앤에프,112100,3800,384986,,,,
20260320,067830,세이브존I&C,3250,265,307041,,,,
20260320,068270,셀트리온,192539,0,474972,,,,
20260320,068290,삼성출판사,9310,90,3684,,,,
20260320,069260,TKG휴켐스,18660,-120,65394,,,,
20260320,069460,대호에이엘,2750,-80,629225,,,,
20260320,069620,대웅제약,160000,0,25769,,,,
20260320,069640,한세엠케이,1192,40,8012,,,,
20260320,069730,DSR제강,4890,90,30911,,,,
20260320,069960,현대백화점,91800,5800,134726,,,,
20260320,070960,모나용평,3055,45,128410,,,,
20260320,071050,한국금융지주,234500,5500,387566,,,,
20260320,071055,한국금융지주우,172000,5600,283617,,,,
20260320,071090,하이스틸,3720,180,399673,,,,
20260320,071320,지역난방공사,93100,3400,36586,,,,
20260320,071840,롯데하이마트,8160,240,46648,,,,
20260320,071950,코아스,2255,200,363509,,,,
20260320,071970,HD현대마린엔진,80400,2800,149514,,,,
20260320,072130,유엔젤,5410,210,122651,,,,
20260320,072710,농심홀딩스,99000,3600,12687,,,,
20260320,073240,금호타이어,6240,210,616486,,,,
20260320,074610,이엔플러스,5110,0,0,,,,
20260320,075180,새론오토모티브,3010,-15,12520,,,,
20260320,075580,세진중공업,17880,940,335515,,,,
20260320,077500,유니퀘스트,6480,120,197890,,,,
20260320,077970,STX엔진,34350,250,131603,,,,
20260320,078000,텔코웨어,17840,-10,14336,,,,
20260320,078520,에이블씨엔씨,12840,20,315828,,,,
20260320,078930,GS,69000,3600,566567,,,,
20260320,078935,GS우,56000,1700,6432,,,,
20260320,079160,CJ CGV,4985,165,388645,,,,
20260320,079430,현대리바트,7310,130,46976,,,,
20260320,079550,LIG디펜스앤에어로스페이스,661000,-41000,297348,,,,
20260320,079900,전진건설로봇,57600,4800,162705,,,,
20260320,079980,휴비스,2575,100,98630,,,,
20260320,081000,일진다이아,14170,680,91434,,,,
20260320,081660,미스토홀딩스,44550,100,533956,,,,
20260320,082640,동양생명,9100,290,583697,,,,
20260320,082740,한화엔진,49050,500,312767,,,,
20260320,083420,그린케미칼,5680,90,40433,,,,
20260320,084010,대한제강,12010,530,52137,,,,
20260320,084670,동양고속,43950,-350,38743,,,,
20260320,084680,이월드,1640,29,235646,,,,
20260320,084690,대상홀딩스,9690,210,69960,,,,
20260320,084695,대상홀딩스우,14200,-80,7006,,,,
20260320,084870,TBH글로벌,1995,-20,55178,,,,
20260320,085310,엔케이,10860,570,119253,,,,
20260320,085620,미래에셋생명,17210,-670,664196,,,,
20260320,086280,현대글로비스,230500,0,238133,,,,
20260320,086790,하나금융지주,113200,0,2141242,,,,
20260320,088260,이리츠코크렙,4880,5,25026,,,,
20260320,088350,한화생명,5230,300,10405344,,,,
20260320,088790,진도,2635,35,68170,,,,
20260320,088980,맥쿼리인프라,11510,70,1794368,,,,
20260320,089470,HDC현대EP,5440,200,71964,,,,
20260320,089590,제주항공,5340,330,472375,,,,
20260320,089860,롯데렌탈,31750,100,51733,,,,
20260320,090080,평화산업,925,12,115925,,,,
20260320,090350,노루페인트,8750,220,145306,,,,
20260320,090355,노루페인트우,12990,-160,896,,,,
20260320,090370,메타랩스,1439,51,76016,,,,
20260320,090430,아모레퍼시픽,140800,6100,282631,,,,
20260320,090435,아모레퍼시픽우,49000,2200,19726,,,,
20260320,090460,비에이치,22150,2270,1237345,,,,
20260320,091810,트리니티항공,1140,59,971598,,,,
20260320,092200,디아이씨,9170,0,438783,,,,
20260320,092220,KEC,7035,410,4436266,,,,
20260320,092230,KPX홀딩스,83400,3100,9436,,,,
20260320,092440,기신정기,2285,35,28122,,,,
20260320,092780,DYP,4615,165,68293,,,,
20260320,092790,넥스틸,12570,540,540299,,,,
20260320,093050,LF,22200,600,82670,,,,
20260320,093240,형지엘리트,1025,20,539744,,,,
20260320,093370,후성,7000,0,369910,,,,
20260320,094280,효성ITX,12500,40,30149,,,,
20260320,094800,맵스리얼티,6900,240,91465,,,,
20260320,095570,AJ네트웍스,5160,120,307737,,,,
20260320,095720,웅진씽크빅,2422,-66,87116,,,,
20260320,096760,JW홀딩스,4405,120,150929,,,,
20260320,096770,SK이노베이션,113900,3600,570150,,,,
20260320,096775,SK이노베이션우,70800,1100,5099,,,,
20260320,097230,HJ중공업,28450,650,4040756,,,,
20260320,097520,엠씨넥스,23600,200,36076,,,,
20260320,097950,CJ제일제당,212000,12000,127989,,,,
20260320,097955,CJ제일제당 우,131000,2300,10219,,,,
20260320,100090,SK오션플랜트,25550,5870,12841455,,,,
20260320,100220,비상교육,5390,90,51332,,,,
20260320,100250,진양홀딩스,3030,25,22384,,,,
20260320,100840,SNT에너지,53300,11750,2238246,,,,
20260320,101140,인바이오젠,9680,30,2838,,,,
20260320,101530,해태제과식품,6650,100,20905,,,,
20260320,102260,동성케미컬,4100,160,159034,,,,
20260320,102460,이연제약,10170,70,28396,,,,
20260320,103140,풍산,98800,-1100,210875,,,,
20260320,103590,일진전기,82600,500,312519,,,,
20260320,104700,한국철강,9400,-130,17253,,,,
20260320,105560,KB금융,155200,-500,1114958,,,,
20260320,105630,한세실업,12340,200,55223,,,,
20260320,105840,우진,31200,5050,7424471,,,,
20260320,107590,미원홀딩스,65000,0,391,,,,
20260320,108320,LX세미콘,51200,300,67520,,,,
20260320,108670,LX하우시스,30450,1550,34581,,,,
20260320,108675,LX하우시스우,15790,170,3324,,,,
20260320,109070,주성코퍼레이션,1225,282,6357133,,,,
20260320,111110,호전실업,7630,180,32430,,,,
20260320,111380,동인기연,14650,480,10977,,,,
20260320,111770,영원무역,84200,2900,81578,,,,
20260320,112610,씨에스윈드,66100,1200,1177777,,,,
20260320,114090,GKL,12290,280,199214,,,,
20260320,117580,대성에너지,11140,250,5718045,,,,
20260320,118000,메타케어,2450,60,81527,,,,
20260320,119650,KC코트렐,918,0,0,,,,
20260320,120030,조선선재,102700,2700,1583,,,,
20260320,120110,코오롱인더,70100,-400,240823,,,,
20260320,120115,코오롱인더우,27150,0,7042,,,,
20260320,122900,아이마켓코리아,7500,-50,605914,,,,
20260320,123690,한국화장품,8550,210,165969,,,,
20260320,123700,SJM,3645,80,19109,,,,
20260320,123890,한국자산신탁,2950,75,628227,,,,
20260320,126560,현대퓨처넷,3265,75,123859,,,,
20260320,126720,수산인더스트리,30700,2700,218748,,,,
20260320,128820,대성산업,7550,140,535810,,,,
20260320,128940,한미약품,560000,41000,126009,,,,
20260320,129260,인터지스,2510,70,87269,,,,
20260320,130660,한전산업,22100,1700,2832523,,,,
20260320,133820,화인베스틸,1289,9,185625,,,,
20260320,134380,미원화학,11100,0,3850,,,,
20260320,134790,시디즈,19460,-90,1230,,,,
20260320,136490,선진,11110,610,204319,,,,
20260320,137310,에스디바이오센서,7830,-170,155987,,,,
20260320,138040,메리츠금융지주,110100,-800,443070,,,,
20260320,138930,BNK금융지주,18850,370,4336334,,,,
20260320,139130,iM금융지주,17240,440,3132201,,,,
20260320,139480,이마트,100700,6300,399263,,,,
20260320,139990,아주스틸,3015,5,24357,,,,
20260320,143210,핸즈코퍼레이션,1161,131,280452,,,,
20260320,145210,다이나믹디자인,2220,-320,461932,,,,
20260320,145270,케이탑리츠,900,2,55664,,,,
20260320,145720,덴티움,52800,900,16954,,,,
20260320,145990,삼양사,47100,850,8004,,,,
20260320,145995,삼양사우,35600,450,78,,,,
20260320,155660,DSR,4180,80,97930,,,,
20260320,161000,애경케미칼,9560,10,53261,,,,
20260320,161390,한국타이어앤테크놀로지,57400,400,368461,,,,
20260320,161890,한국콜마,76700,6900,595679,,,,
20260320,163560,동일고무벨트,6980,130,56666,,,,
20260320,170900,동아에스티,43950,700,14438,,,,
20260320,175330,JB금융지주,30950,750,355436,,,,
20260320,178920,PI첨단소재,22700,-400,431629,,,,
20260320,180640,한진칼,130000,2000,192712,,,,
20260320,18064K,한진칼우,36300,-100,5136,,,,
20260320,181710,NHN,38400,100,85488,,,,
20260320,183190,아세아시멘트,12800,810,143469,,,,
20260320,185750,종근당,88700,2000,28094,,,,
20260320,192080,더블유게임즈,50900,600,89471,,,,
20260320,192400,쿠쿠홀딩스,29000,500,25937,,,,
20260320,192650,드림텍,7160,-20,199619,,,,
20260320,192820,코스맥스,196100,16900,304911,,,,
20260320,194370,제이에스코퍼레이션,12250,390,31303,,,,
20260320,195870,해성디에스,58500,2500,192135,,,,
20260320,200880,서연이화,14270,660,110411,,,,
20260320,204320,HL만도,53900,900,237116,,,,
20260320,207940,삼성바이오로직스,1601000,16000,31941,,,,
20260320,210540,디와이파워,14030,410,140955,,,,
20260320,210980,SK디앤디,13300,100,62021,,,,
20260320,213500,한솔제지,8460,120,595517,,,,
20260320,214320,이노션,19570,0,88413,,,,
20260320,214330,금호에이치티,12485,898,64379,,,,
20260320,214390,경보제약,7150,-790,1521834,,,,
20260320,214420,토니모리,7180,360,163956,,,,
20260320,217590,티엠씨,23600,4020,3642105,,,,
20260320,226320,잇츠한불,10350,120,16943,,,,
20260320,227840,현대코퍼레이션홀딩스,12580,470,30526,,,,
20260320,229640,LS에코에너지,45150,1150,212224,,,,
20260320,234080,JW생명과학,13180,200,37030,,,,
20260320,241560,두산밥캣,63100,1300,417794,,,,
20260320,241590,화승엔터프라이즈,4850,115,87709,,,,
20260320,244920,에이플러스에셋,12000,240,25959,,,,
20260320,248070,솔루엠,17880,140,150984,,,,
20260320,248170,샘표식품,28800,450,12591,,,,
20260320,249420,일동제약,31300,-100,165344,,,,
20260320,251270,넷마블,52300,1300,190208,,,,
20260320,259960,크래프톤,235500,3500,157334,,,,
20260320,264900,크라운제과,8450,50,17901,,,,
20260320,26490K,크라운제과우,9110,-60,1433,,,,
20260320,267250,HD현대,265500,4500,212777,,,,
20260320,267260,HD현대일렉트릭,959000,1000,107776,,,,
20260320,267270,HD건설기계,133000,1300,366742,,,,
20260320,267290,경동도시가스,22650,650,27699,,,,
20260320,267850,아시아나IDT,10360,250,11986,,,,
20260320,268280,미원에스씨,122300,800,718,,,,
20260320,271560,오리온,137800,7200,192708,,,,
20260320,271940,일진하이솔루스,17500,1100,246518,,,,
20260320,271980,제일약품,14340,-90,36187,,,,
20260320,272210,한화시스템,136000,-5000,1048257,,,,
20260320,272450,진에어,6500,280,170274,,,,
20260320,272550,삼양패키징,11780,240,13253,,,,
20260320,278470,에이피알,359500,-9500,613380,,,,
20260320,279570,케이뱅크,6600,-110,7831831,,,,
20260320,280360,롯데웰푸드,113400,2200,15581,,,,
20260320,281820,케이씨텍,49550,-1250,162228,,,,
20260320,282330,BGF리테일,124200,3500,50729,,,,
20260320,284740,쿠쿠홈시스,25500,350,9696,,,,
20260320,285130,SK케미칼,58600,1500,39733,,,,
20260320,28513K,SK케미칼우,27750,750,2590,,,,
20260320,286940,롯데이노베이트,23200,-50,34461,,,,
20260320,293480,하나제약,9340,230,40426,,,,
20260320,293940,신한알파리츠,5830,-80,380415,,,,
20260320,294870,IPARK현대산업개발,24100,2550,926988,,,,
20260320,298000,효성화학,77800,0,0,,,,
20260320,298020,효성티앤씨,367000,-21500,39097,,,,
20260320,298040,효성중공업,2735000,42000,34145,,,,
20260320,298050,HS효성첨단소재,225500,4500,18225,,,,
20260320,298690,에어부산,1879,49,306783,,,,
20260320,300720,한일시멘트,17370,800,217312,,,,
20260320,302440,SK바이오사이언스,42850,900,124116,,,,
20260320,306200,세아제강,147900,9000,39057,,,,
20260320,307950,현대오토에버,430500,4500,61029,,,,
20260320,308170,씨티알모빌리티,5200,160,22188,,,,
20260320,316140,우리금융지주,33900,300,6724512,,,,
20260320,317400,자이에스앤디,4570,195,445617,,,,
20260320,317450,명인제약,58800,400,13168,,,,
20260320,322000,HD현대에너지솔루션,131000,-5300,2423495,,,,
20260320,323410,카카오뱅크,25100,450,825130,,,,
20260320,326030,SK바이오팜,98600,1100,161802,,,,
20260320,329180,HD현대중공업,559000,-8000,269023,,,,
20260320,330590,롯데리츠,4850,40,597569,,,,
20260320,334890,이지스밸류플러스리츠,4225,15,96445,,,,
20260320,336260,두산퓨얼셀,41900,-4000,2556676,,,,
20260320,33626K,두산퓨얼셀1우,7530,-790,97987,,,,
20260320,33626L,두산퓨얼셀2우B,9640,-750,14047,,,,
20260320,336370,솔루스첨단소재,8670,490,455617,,,,
20260320,33637K,솔루스첨단소재1우,2030,31,37769,,,,
20260320,33637L,솔루스첨단소재2우B,3290,30,8865,,,,
20260320,338100,NH프라임리츠,4630,10,78528,,,,
20260320,339770,교촌에프앤비,4265,35,93505,,,,
20260320,344820,KCC글라스,26250,500,61629,,,,
20260320,348950,제이알글로벌리츠,1565,60,1299476,,,,
20260320,350520,이지스레지던스리츠,3725,0,61991,,,,
20260320,352820,하이브,344000,-10500,504969,,,,
20260320,353200,대덕전자,82800,5500,2457877,,,,
20260320,35320K,대덕전자1우,19560,990,56852,,,,
20260320,357120,코람코라이프인프라리츠,4645,5,102968,,,,
20260320,357250,미래에셋맵스리츠,2425,-15,88345,,,,
20260320,357430,마스턴프리미어리츠,1485,1,8363,,,,
20260320,361610,SK아이이테크놀로지,22200,450,141387,,,,
20260320,363280,티와이홀딩스,2945,185,329517,,,,
20260320,36328K,티와이홀딩스우,4165,65,9062,,,,
20260320,365550,ESR켄달스퀘어리츠,4195,-95,681263,,,,
20260320,372910,한컴라이프케어,2465,30,97480,,,,
20260320,373220,LG에너지솔루션,375500,4500,200932,,,,
20260320,375500,DL이앤씨,67400,15500,3225617,,,,
20260320,37550K,DL이앤씨우,30800,4800,149134,,,,
20260320,37550L,DL이앤씨2우(전환),45600,7950,54147,,,,
20260320,377190,디앤디플랫폼리츠,3095,-55,336429,,,,
20260320,377300,카카오페이,64300,4100,946399,,,,
20260320,377740,바이오노트,5440,100,40817,,,,
20260320,378850,화승알앤에이,3735,95,65028,,,,
20260320,381970,케이카,14380,50,33961,,,,
20260320,383220,F&F,62700,2600,128179,,,,
20260320,383800,LX홀딩스,8760,570,331428,,,,
20260320,38380K,LX홀딩스1우,8640,70,3086,,,,
20260320,395400,SK리츠,6310,200,894165,,,,
20260320,396690,미래에셋글로벌리츠,2510,15,44204,,,,
20260320,400760,NH올원리츠,3280,10,131033,,,,
20260320,402340,SK스퀘어,608000,-3000,656130,,,,
20260320,403550,쏘카,11050,170,23894,,,,
20260320,404990,신한서부티엔디리츠,4490,-5,56712,,,,
20260320,415640,KB발해인프라,9960,20,130716,,,,
20260320,417310,코람코더원리츠,9640,260,178943,,,,
20260320,432320,KB스타리츠,2645,90,267388,,,,
20260320,439260,대한조선,91200,-3700,293979,,,,
20260320,443060,HD현대마린솔루션,182700,4500,121413,,,,
20260320,446070,유니드비티플러스,3095,130,41223,,,,
20260320,448730,삼성FN리츠,5400,-120,102621,,,,
20260320,450080,에코프로머티,62500,1800,445800,,,,
20260320,451800,한화리츠,5190,50,117788,,,,
20260320,452260,한화갤러리아,2670,55,2503964,,,,
20260320,45226K,한화갤러리아우,7070,0,21759,,,,
20260320,453340,현대그린푸드,15810,-60,62445,,,,
20260320,454910,두산로보틱스,89300,100,134637,,,,
20260320,456040,OCI,97800,2200,100643,,,,
20260320,457190,이수스페셜티케미컬,91200,-1100,161462,,,,
20260320,460850,동국씨엠,6010,220,130344,,,,
20260320,460860,동국제강,9900,620,342376,,,,
20260320,462520,조선내화,13900,-40,6446,,,,
20260320,462870,시프트업,30350,200,46132,,,,
20260320,465770,STX그린로지스,6870,-40,256026,,,,
20260320,475150,SK이터닉스,59900,6200,10474646,,,,
20260320,475560,더본코리아,21350,100,15629,,,,
20260320,480370,씨케이솔루션,2755,100,48314,,,,
20260320,481850,신한글로벌액티브리츠,1104,3,37716,,,,
20260320,483650,달바글로벌,158900,4000,73259,,,,
20260320,484870,엠앤씨솔루션,38600,-433,59262,,,,
20260320,487570,HS효성,57800,1100,15271,,,,
20260320,489790,한화비전,87400,200,816855,,,,
20260320,499790,GS피앤엘,48200,-1550,107515,,,,
20260320,900140,엘브이엠씨홀딩스,1606,88,1483128,,,,
20260320,950210,프레스티지바이오파마,9680,270,59042,,,,
20260323,000020,동화약품,5860,-200,101253,,,,
20260323,000040,KR모터스,2015,5,45265,,,,
20260323,000050,경방,9230,-650,113470,,,,
20260323,000070,삼양홀딩스,69900,-2800,15489,,,,
20260323,000080,하이트진로,16290,-320,200881,,,,
20260323,000087,하이트진로2우B,13910,-150,2807,,,,
20260323,000100,유한양행,93500,-6800,274811,,,,
20260323,000105,유한양행우,83300,-4400,3408,,,,
20260323,000120,CJ대한통운,106800,-7000,49025,,,,
20260323,000140,하이트진로홀딩스,8990,-300,26174,,,,
20260323,000145,하이트진로홀딩스우,11290,-290,109,,,,
20260323,000150,두산,1066000,-120000,70473,,,,
20260323,000155,두산우,472500,-39500,16914,,,,
20260323,000157,두산2우B,419500,-28000,1926,,,,
20260323,000180,성창기업지주,7345,-525,44297,,,,
20260323,000210,DL,64700,-200,400876,,,,
20260323,000215,DL우,27950,-1050,19795,,,,
20260323,000220,유유제약,4150,-165,91174,,,,
20260323,000225,유유제약1우,4310,-80,9138,,,,
20260323,000227,유유제약2우B,10750,-120,1103,,,,
20260323,000230,일동홀딩스,10240,-290,27920,,,,
20260323,000240,한국앤컴퍼니,26100,-1000,83425,,,,
20260323,000270,기아,161700,-6800,1347768,,,,
20260323,000300,DH오토넥스,4200,0,0,,,,
20260323,000320,노루홀딩스,22500,-1650,38608,,,,
20260323,000325,노루홀딩스우,30650,-150,50,,,,
20260323,000370,한화손해보험,6710,-440,550656,,,,
20260323,000390,SP삼화,9660,-480,973390,,,,
20260323,000400,롯데손해보험,2020,-100,537377,,,,
20260323,000430,대원강업,3810,-145,130516,,,,
20260323,000480,CR홀딩스,4880,-95,30441,,,,
20260323,000490,대동,9640,-540,322875,,,,
20260323,000500,가온전선,63236,-389,117392,,,,
20260323,000520,삼일제약,9510,-540,287614,,,,
20260323,000540,흥국화재,4520,-360,201319,,,,
20260323,000545,흥국화재우,6820,-180,2349,,,,
20260323,000590,CS홀딩스,80600,-1400,1462,,,,
20260323,000640,동아쏘시오홀딩스,99400,-3000,16724,,,,
20260323,000650,천일고속,224000,-16500,2646,,,,
20260323,000660,SK하이닉스,933000,-74000,3911813,,,,
20260323,000670,영풍,59100,-1100,39581,,,,
20260323,000680,LS네트웍스,3100,-160,178903,,,,
20260323,000700,유수홀딩스,6780,-400,145829,,,,
20260323,000720,현대건설,154100,-9900,1314307,,,,
20260323,000725,현대건설우,70000,-3900,16576,,,,
20260323,000760,이화산업,14980,-270,1273,,,,
20260323,000810,삼성화재,455500,-19000,92306,,,,
20260323,000815,삼성화재우,380000,-15000,31134,,,,
20260323,000850,화천기공,37100,-1200,10673,,,,
20260323,000860,강남제비스코,14300,-1090,63440,,,,
20260323,000880,한화,130371,-14526,318146,,,,
20260323,00088K,한화3우B,43898,-4581,76896,,,,
20260323,000890,보해양조,2105,-75,85623,,,,
20260323,000910,유니온,4350,-120,179656,,,,
20260323,000950,전방,35900,-1700,2182,,,,
20260323,000970,한국주철관,6650,-200,67955,,,,
20260323,000990,DB하이텍,83500,-4600,369594,,,,
20260323,001020,페이퍼코리아,3025,-140,24603,,,,
20260323,001040,CJ,194900,-12100,115827,,,,
20260323,001045,CJ우,87200,-4900,7785,,,,
20260323,00104K,CJ4우(전환),171300,-7200,8837,,,,
20260323,001060,JW중외제약,29850,-2100,96868,,,,
20260323,001065,JW중외제약우,26550,-800,30,,,,
20260323,001067,JW중외제약2우B,54800,-900,70,,,,
20260323,001070,대한방직,6800,-310,38265,,,,
20260323,001080,만호제강,4745,-115,773704,,,,
20260323,001120,LX인터내셔널,47200,50,292380,,,,
20260323,001130,대한제분,14800,-500,32190,,,,
20260323,001200,유진투자증권,4950,-290,1478958,,,,
20260323,001210,금호전기,4000,-95,135846,,,,
20260323,001230,동국홀딩스,2292,-219,1277861,,,,
20260323,001250,GS글로벌,2575,-175,1782497,,,,
20260323,001260,남광토건,8780,-550,59836,,,,
20260323,001270,부국증권,73800,-4800,22429,,,,
20260323,001275,부국증권우,37450,-850,9849,,,,
20260323,001290,상상인증권,1250,-163,5337816,,,,
20260323,001340,PKC,6330,-260,199282,,,,
20260323,001360,삼성제약,1788,-95,471978,,,,
20260323,001380,SG글로벌,2771,-118,196184,,,,
20260323,001390,KG케미칼,5220,-300,992912,,,,
20260323,001420,태원물산,2700,20,4243,,,,
20260323,001430,세아베스틸지주,60400,-5800,203583,,,,
20260323,001440,대한전선,28200,-2500,2763401,,,,
20260323,001450,현대해상,29800,-1500,372320,,,,
20260323,001460,BYC,47950,-5750,32152,,,,
20260323,001465,BYC우,27750,-1100,1440,,,,
20260323,001470,삼부토건,347,0,0,,,,
20260323,001500,현대차증권,10760,-810,203597,,,,
20260323,001510,SK증권,4755,-420,84696300,,,,
20260323,001515,SK증권우,10880,2510,2065689,,,,
20260323,001520,동양,1630,-60,513301,,,,
20260323,001525,동양우,8600,-260,324,,,,
20260323,001527,동양2우B,17080,-740,131,,,,
20260323,001530,DI동일,20750,-1100,40148,,,,
20260323,001550,조비,15600,-240,463207,,,,
20260323,001560,제일연마,11450,60,22289,,,,
20260323,001570,금양,9900,0,0,,,,
20260323,001620,케이비아이동국실업,3060,-155,91883,,,,
20260323,001630,종근당홀딩스,47950,-1050,5807,,,,
20260323,001680,대상,20450,-250,113570,,,,
20260323,001685,대상우,16770,20,11013,,,,
20260323,001720,신영증권,199500,-9500,23148,,,,
20260323,001740,SK네트웍스,5120,-220,728120,,,,
20260323,001750,한양증권,25850,-600,23644,,,,
20260323,001755,한양증권우,25850,-400,810,,,,
20260323,001770,SHD,17360,0,2214,,,,
20260323,001780,알루코,2065,-50,724458,,,,
20260323,001790,대한제당,2915,0,1363391,,,,
20260323,001795,대한제당우,2390,-45,50104,,,,
20260323,001800,오리온홀딩스,24000,-850,128991,,,,
20260323,001820,삼화콘덴서,53500,-4900,254206,,,,
20260323,001940,KISCO홀딩스,25550,-350,9154,,,,
20260323,002020,코오롱,50600,-4300,77935,,,,
20260323,002025,코오롱우,24900,-1850,7045,,,,
20260323,002030,아세아,262500,-13500,4000,,,,
20260323,002070,비비안,6870,-277,47003,,,,
20260323,002100,경농,9360,-230,116303,,,,
20260323,002140,고려산업,2715,-60,837114,,,,
20260323,002150,도화엔지니어링,6410,-260,117154,,,,
20260323,002170,SYTS,57500,-900,3196,,,,
20260323,002200,한국수출포장,3000,-25,133266,,,,
20260323,002210,동성제약,1946,0,0,,,,
20260323,002220,한일철강,3700,-215,199035,,,,
20260323,002240,고려제강,21400,-600,34094,,,,
20260323,002310,아세아제지,8520,-570,444028,,,,
20260323,002320,한진,19240,-390,37607,,,,
20260323,002350,넥센타이어,7120,-520,241851,,,,
20260323,002355,넥센타이어1우B,4460,-95,23447,,,,
20260323,002360,SH에너지화학,4090,40,1362361,,,,
20260323,002380,KCC,496000,-50000,24585,,,,
20260323,002390,한독,10300,-490,15931,,,,
20260323,002410,범양건영,1935,0,0,,,,
20260323,002420,세기상사,5660,-90,33185,,,,
20260323,002450,삼익악기,1228,-8,144791,,,,
20260323,002460,HS화성,12860,-660,62958,,,,
20260323,002600,조흥,145500,-2100,500,,,,
20260323,002620,제일파마홀딩스,8480,-420,26462,,,,
20260323,002630,오리엔트바이오,1048,-52,297812,,,,
20260323,002690,동일제강,1605,-47,89071,,,,
20260323,002700,신일전자,1374,5,397493,,,,
20260323,002710,TCC스틸,12810,-830,95878,,,,
20260323,002720,국제약품,4920,-5,231142,,,,
20260323,002760,보락,1177,-43,303083,,,,
20260323,002780,진흥기업,1053,-97,13396010,,,,
20260323,002785,진흥기업우B,3405,-145,9570,,,,
20260323,002787,진흥기업2우B,7930,-40,1757,,,,
20260323,002790,아모레퍼시픽홀딩스,27300,-900,118571,,,,
20260323,002795,아모레퍼시픽홀딩스우,12130,-330,23514,,,,
20260323,00279K,아모레퍼시픽홀딩스3우C,23650,-900,7550,,,,
20260323,002810,삼영무역,19800,-400,42495,,,,
20260323,002820,SUN&L,2400,35,26344,,,,
20260323,002840,미원상사,130000,-7400,4291,,,,
20260323,002870,신풍,1253,-5,132557,,,,
20260323,002880,디와이에이,932,-19,45032,,,,
20260323,002900,TYM,6710,-190,325836,,,,
20260323,002920,유성기업,1939,-51,45825,,,,
20260323,002960,한국쉘석유,475000,-3500,3183,,,,
20260323,002990,금호건설,5210,-420,494542,,,,
20260323,002995,금호건설우,13880,-770,2202,,,,
20260323,003000,부광약품,6040,50,2213408,,,,
20260323,003010,혜인,5370,-160,108439,,,,
20260323,003030,세아제강지주,188300,-12700,53551,,,,
20260323,003060,에이프로젠바이오로직스,308,-28,18031787,,,,
20260323,003070,코오롱글로벌,11190,-780,260963,,,,
20260323,003075,코오롱글로벌우,16250,-130,9015,,,,
20260323,003080,SB성보,2615,-5,20743,,,,
20260323,003090,대웅,23050,-1550,108279,,,,
20260323,0030R0,대신밸류리츠,4300,-30,19881,,,,
20260323,003120,일성아이에스,23000,-1150,6442,,,,
20260323,003160,디아이,34600,-4150,437788,,,,
20260323,003200,일신방직,12150,-1140,68927,,,,
20260323,003220,대원제약,10030,-390,35647,,,,
20260323,003230,삼양식품,1137000,-14000,66849,,,,
20260323,003240,태광산업,1176000,-113000,4347,,,,
20260323,003280,흥아해운,3625,595,198607112,,,,
20260323,003300,한일홀딩스,19480,1150,757433,,,,
20260323,003350,한국화장품제조,8690,-530,142755,,,,
20260323,003460,유화증권,3635,-190,292486,,,,
20260323,003465,유화증권우,3545,-105,3613,,,,
20260323,003470,유안타증권,4950,-190,798005,,,,
20260323,003475,유안타증권우,4610,-170,121669,,,,
20260323,003480,한진중공업홀딩스,4960,-340,237643,,,,
20260323,003490,대한항공,24300,-2050,3137328,,,,
20260323,003495,대한항공우,23850,-750,25935,,,,
20260323,003520,영진약품,1700,-95,787128,,,,
20260323,003530,한화투자증권,7040,-880,5344631,,,,
20260323,003535,한화투자증권우,8050,-570,51685,,,,
20260323,003540,대신증권,38100,-2250,126846,,,,
20260323,003545,대신증권우,26700,-650,100289,,,,
20260323,003547,대신증권2우B,25450,-800,35662,,,,
20260323,003550,LG,86800,-8700,439097,,,,
20260323,003555,LG우,68800,-2600,9552,,,,
20260323,003570,SNT다이내믹스,48050,600,197048,,,,
20260323,003580,HLB글로벌,1990,-55,181321,,,,
20260323,003610,방림,5360,-70,23656,,,,
20260323,003620,KG모빌리티,3500,-145,747617,,,,
20260323,003650,미창석유,112300,-4200,3452,,,,
20260323,003670,포스코퓨처엠,186400,-12800,329162,,,,
20260323,003680,한성기업,5010,-30,8320,,,,
20260323,003690,코리안리,12900,-270,298109,,,,
20260323,003720,삼영,6760,-400,608585,,,,
20260323,003780,진양산업,5390,-110,112114,,,,
20260323,003830,대한화섬,127300,-8400,745,,,,
20260323,003850,보령,9030,-340,149893,,,,
20260323,003920,남양유업,51700,-2300,10116,,,,
20260323,003925,남양유업우,40900,-4700,37748,,,,
20260323,003960,사조대림,32500,-1500,6310,,,,
20260323,004000,롯데정밀화학,51900,-800,101329,,,,
20260323,004020,현대제철,34500,-2950,826712,,,,
20260323,004060,SG세계물산,5030,-240,313672,,,,
20260323,004080,신흥,13720,-40,4017,,,,
20260323,004090,한국석유,17820,300,2895583,,,,
20260323,004100,태양금속,3050,-35,573191,,,,
20260323,004105,태양금속우,3790,-60,23868,,,,
20260323,004140,동방,2795,-135,2120856,,,,
20260323,004150,한솔홀딩스,3435,-140,470707,,,,
20260323,004170,신세계,319500,-24500,53173,,,,
20260323,004250,NPC,3750,-55,111279,,,,
20260323,004255,NPC우,2390,-20,4125,,,,
20260323,004270,남성,6105,16,5613,,,,
20260323,004310,현대약품,8870,-590,482342,,,,
20260323,004360,세방,15240,-530,78077,,,,
20260323,004365,세방우,9230,-230,5524,,,,
20260323,004370,농심,366500,-14000,18564,,,,
20260323,004380,삼익THK,13000,0,0,,,,
20260323,004410,서울식품,1990,-90,1575912,,,,
20260323,004415,서울식품우,12040,390,786,,,,
20260323,004430,송원산업,8800,-140,79213,,,,
20260323,004440,삼일씨엔에스,6330,-310,89354,,,,
20260323,004450,삼화왕관,27550,-650,531,,,,
20260323,004490,세방전지,59100,-2200,37684,,,,
20260323,004540,깨끗한나라,1927,-22,127408,,,,
20260323,004545,깨끗한나라우,10090,-250,243,,,,
20260323,004560,현대비앤지스틸,15800,-1500,188592,,,,
20260323,004690,삼천리,150000,-4400,27704,,,,
20260323,004700,조광피혁,68600,-1400,2436,,,,
20260323,004710,한솔테크닉스,4507,-326,241237,,,,
20260323,004720,팜젠사이언스,3760,10,75744,,,,
20260323,004770,써니전자,1572,-18,228675,,,,
20260323,004800,효성,135800,-14500,30995,,,,
20260323,004830,덕성,4395,-165,130359,,,,
20260323,004835,덕성우,5900,-190,4926,,,,
20260323,004840,DRB동일,5420,-220,30441,,,,
20260323,004870,티웨이홀딩스,1622,-81,58735,,,,
20260323,004890,동일산업,38650,-850,1833,,,,
20260323,004910,조광페인트,4785,-105,62289,,,,
20260323,004920,씨아이테크,1054,-23,81290,,,,
20260323,004960,한신공영,17030,-700,1735561,,,,
20260323,004970,신라교역,9720,0,16618,,,,
20260323,004980,성신양회,9860,-230,184402,,,,
20260323,004985,성신양회우,10840,-220,11562,,,,
20260323,004990,롯데지주,30300,-2100,255128,,,,
20260323,00499K,롯데지주우,29300,-1450,873,,,,
20260323,005010,휴스틸,5290,-210,1677522,,,,
20260323,005030,부산주공,486,0,0,,,,
20260323,005070,코스모신소재,46650,-3050,145356,,,,
20260323,005090,SGC에너지,57300,-5200,146664,,,,
20260323,005110,한창,1254,0,0,,,,
20260323,005180,빙그레,72600,-3000,33679,,,,
20260323,005250,녹십자홀딩스,13530,-450,111776,,,,
20260323,005257,녹십자홀딩스2우,23600,-500,279,,,,
20260323,005300,롯데칠성,116400,-5400,20385,,,,
20260323,005305,롯데칠성우,80600,-2200,1666,,,,
20260323,005320,온타이드,1008,-42,127907,,,,
20260323,005360,모나미,1666,-55,60936,,,,
20260323,005380,현대차,485000,-32000,1603262,,,,
20260323,005385,현대차우,247000,-18000,149886,,,,
20260323,005387,현대차2우B,248500,-16000,217851,,,,
20260323,005389,현대차3우B,237000,-14000,29412,,,,
20260323,005420,코스모화학,13630,-990,169798,,,,
20260323,005430,한국공항,55700,-2100,8104,,,,
20260323,005440,현대지에프홀딩스,14570,-1060,286779,,,,
20260323,005490,POSCO홀딩스,325000,-18500,445916,,,,
20260323,005500,삼진제약,18200,-330,32219,,,,
20260323,005610,삼립,50200,-1800,7498,,,,
20260323,005680,삼영전자,16650,880,218866,,,,
20260323,005690,파미셀,15250,-900,459856,,,,
20260323,005720,넥센,6650,-320,45695,,,,
20260323,005725,넥센우,4450,-140,1019,,,,
20260323,005740,크라운해태홀딩스,6850,-260,26669,,,,
20260323,005745,크라운해태홀딩스우,7470,-110,258,,,,
20260323,005750,대림바스,6020,50,402487,,,,
20260323,005800,신영와코루,15790,-740,9250,,,,
20260323,005810,풍산홀딩스,37500,-950,71095,,,,
20260323,005820,원림,15570,-170,7601,,,,
20260323,005830,DB손해보험,176800,-9900,163463,,,,
20260323,005850,에스엘,58800,-4300,171181,,,,
20260323,005870,휴니드,8510,-240,390334,,,,
20260323,005880,대한해운,2235,-115,37877526,,,,
20260323,005930,삼성전자,186300,-13100,30268173,,,,
20260323,005935,삼성전자우,130900,-8300,5225141,,,,
20260323,005940,NH투자증권,32700,-2900,1125405,,,,
20260323,005945,NH투자증권우,26400,-950,111292,,,,
20260323,005950,이수화학,7700,-370,151882,,,,
20260323,005960,동부건설,9100,-1170,641100,,,,
20260323,005965,동부건설우,19020,-130,1357,,,,
20260323,006040,동원산업,39000,-1800,66252,,,,
20260323,006060,화승인더,3210,-110,104855,,,,
20260323,006090,사조오양,8180,-200,2320,,,,
20260323,006110,삼아알미늄,29300,-3300,130147,,,,
20260323,006120,SK디스커버리,60100,-2500,79288,,,,
20260323,006125,SK디스커버리우,40050,-950,3593,,,,
20260323,006200,한국전자홀딩스,3740,-20,527763,,,,
20260323,006220,제주은행,12800,-990,179880,,,,
20260323,006260,LS,273500,-30000,302571,,,,
20260323,006280,녹십자,142800,-4100,42039,,,,
20260323,006340,대원전선,5710,-700,5616309,,,,
20260323,006345,대원전선우,3870,-300,62867,,,,
20260323,006360,GS건설,31850,50,5470699,,,,
20260323,006370,대구백화점,4475,-260,13338,,,,
20260323,006380,카프로,3660,0,0,,,,
20260323,006400,삼성SDI,376500,-24000,462325,,,,
20260323,006405,삼성SDI우,209000,-9500,9034,,,,
20260323,006490,프리티,1435,-75,599540,,,,
20260323,006570,대림통상,2020,-20,4265,,,,
20260323,006650,대한유화,134700,100,69040,,,,
20260323,006660,삼성공조,11290,-640,36582,,,,
20260323,006740,블루산업개발,1236,-42,65140,,,,
20260323,006800,미래에셋증권,61900,-5800,2920975,,,,
20260323,006805,미래에셋증권우,21000,-1850,131323,,,,
20260323,00680K,미래에셋증권2우B,19560,-2040,599547,,,,
20260323,006840,AK홀딩스,7620,-330,22038,,,,
20260323,006880,신송홀딩스,6930,-240,214435,,,,
20260323,006890,태경케미컬,9100,500,4297289,,,,
20260323,006980,우성,21700,-100,4330,,,,
20260323,007070,GS리테일,20150,-300,186825,,,,
20260323,007110,일신석재,1483,-94,667993,,,,
20260323,007120,미래아이앤지,2100,-5,661090,,,,
20260323,007160,사조산업,52300,-4600,25544,,,,
20260323,007210,벽산,1851,-129,323467,,,,
20260323,007280,한국특강,2819,80,879126,,,,
20260323,007310,오뚜기,360000,-8000,7401,,,,
20260323,007340,DN오토모티브,37750,-2000,256150,,,,
20260323,007460,에이프로젠,318,-25,10792953,,,,
20260323,007540,샘표,53800,-3100,11471,,,,
20260323,007570,일양약품,14600,0,0,,,,
20260323,007575,일양약품우,15260,0,0,,,,
20260323,007590,동방아그로,5830,-30,3354,,,,
20260323,007610,선도전기,3000,0,0,,,,
20260323,007660,이수페타시스,115500,-11300,974251,,,,
20260323,007690,국도화학,35700,-2100,16243,,,,
20260323,007700,F&F홀딩스,18780,-1020,31165,,,,
20260323,007810,코리아써키트,60800,-3800,525820,,,,
20260323,007815,코리아써우,16050,-1390,4349,,,,
20260323,00781K,코리아써키트2우B,12790,-250,340,,,,
20260323,007860,서연,9730,-620,134748,,,,
20260323,007980,TP,1825,-74,275719,,,,
20260323,008040,사조동아원,1046,-57,562003,,,,
20260323,008060,대덕,13940,-60,120776,,,,
20260323,00806K,대덕1우,11630,-40,16900,,,,
20260323,008250,이건산업,3805,-190,28206,,,,
20260323,008260,NI스틸,3540,-110,75345,,,,
20260323,008350,남선알미늄,1391,-89,10095629,,,,
20260323,008355,남선알미우,12570,-230,4777,,,,
20260323,008420,문배철강,2350,-10,153425,,,,
20260323,008490,서흥,19880,-670,16575,,,,
20260323,008600,윌비스,2620,-170,59972,,,,
20260323,008700,아남전자,1743,-31,8515847,,,,
20260323,008730,율촌화학,22300,-1800,101125,,,,
20260323,008770,호텔신라,41700,-2800,181947,,,,
20260323,008775,호텔신라우,33200,-750,1835,,,,
20260323,008870,금비,45150,-400,1440,,,,
20260323,008930,한미사이언스,35800,-2650,218470,,,,
20260323,008970,KBI동양철관,1702,-162,2052633,,,,
20260323,009070,KCTC,6150,-630,578476,,,,
20260323,009140,경인전자,22150,-750,4182,,,,
20260323,009150,삼성전기,427500,-37000,602142,,,,
20260323,009155,삼성전기우,171700,-12100,25343,,,,
20260323,009160,SIMPAC,4570,-245,124316,,,,
20260323,009180,한솔로지스틱스,2900,-110,173448,,,,
20260323,009190,대양금속,1256,-31,197074,,,,
20260323,009200,무림페이퍼,2020,-10,597215,,,,
20260323,009240,한샘,41900,-1150,34223,,,,
20260323,009270,신원,1285,-60,547950,,,,
20260323,009290,광동제약,8690,-540,539334,,,,
20260323,009310,참엔지니어링,1065,0,0,,,,
20260323,009320,아진전자부품,1020,-7,171838,,,,
20260323,009410,태영건설,1903,-107,1155599,,,,
20260323,009415,태영건설우,6570,170,11289,,,,
20260323,009420,한올바이오파마,52300,-4200,222201,,,,
20260323,009440,KC그린홀딩스,756,0,0,,,,
20260323,009450,경동나비엔,62200,-4100,44108,,,,
20260323,009460,한창제지,2505,-80,44686,,,,
20260323,009470,삼화전기,36300,-2850,76588,,,,
20260323,009540,HD한국조선해양,366000,-38500,278996,,,,
20260323,009580,무림P&P,2545,30,662024,,,,
20260323,009680,모토닉,10700,-170,45235,,,,
20260323,009770,삼정펄프,31350,-700,3242,,,,
20260323,009810,MDS스피어,2125,-78,21868,,,,
20260323,009830,한화솔루션,43860,-4905,5196616,,,,
20260323,009835,한화솔루션우,24566,-1897,43703,,,,
20260323,009900,명신산업,9950,-530,230255,,,,
20260323,009970,영원무역홀딩스,216000,-11000,16142,,,,
20260323,010040,한국내화,1946,-34,53272,,,,
20260323,010060,OCI홀딩스,192200,-10800,221296,,,,
20260323,010100,한국무브넥스,4465,-295,296753,,,,
20260323,010120,LS ELECTRIC,164600,-12600,697175,,,,
20260323,010130,고려아연,1486000,-101000,39467,,,,
20260323,010140,삼성중공업,26000,-2550,7716407,,,,
20260323,010400,우진아이엔에스,3795,-105,9068,,,,
20260323,010580,에스엠벡셀,1899,-84,136359,,,,
20260323,010640,진양폴리,2455,-75,16538,,,,
20260323,010660,화천기계,5590,-300,249362,,,,
20260323,010690,화신,11360,-890,267728,,,,
20260323,010770,평화홀딩스,3965,-5,47335,,,,
20260323,010780,아이에스동서,29050,-1950,123228,,,,
20260323,010820,퍼스텍,7070,10,4121007,,,,
20260323,010950,S-Oil,106000,-5800,579648,,,,
20260323,010955,S-Oil우,54100,-3300,25655,,,,
20260323,010960,삼호개발,4055,-145,81914,,,,
20260323,011000,진원생명과학,4720,-460,551292,,,,
20260323,011070,LG이노텍,290000,-6000,269547,,,,
20260323,011090,에넥스,2175,-50,22355,,,,
20260323,011150,CJ씨푸드,2615,-100,227833,,,,
20260323,011155,CJ씨푸드1우,13640,-40,962,,,,
20260323,011170,롯데케미칼,81300,-2900,204132,,,,
20260323,011200,HMM,19810,-1440,1927151,,,,
20260323,011210,현대위아,79800,-5100,116888,,,,
20260323,011230,삼화전자,2490,-115,72130,,,,
20260323,011280,태림포장,1864,-71,111124,,,,
20260323,011300,우성머티리얼스,3080,-30,82115,,,,
20260323,011330,유니켐,7720,-100,157383,,,,
20260323,011390,부산산업,71500,-5100,11422,,,,
20260323,011420,갤럭시아에스엠,1774,-50,102751,,,,
20260323,011500,한농화성,19350,-1450,204052,,,,
20260323,011690,와이투솔루션,5980,-500,588192,,,,
20260323,011700,한신기계,4840,-420,1391883,,,,
20260323,011760,현대코퍼레이션,26050,-850,68666,,,,
20260323,011780,금호석유화학,126600,-5300,89220,,,,
20260323,011785,금호석유화학우,58000,-2300,7890,,,,
20260323,011790,SKC,88072,-5357,180686,,,,
20260323,011810,STX,3530,0,0,,,,
20260323,011930,신성이엔지,28000,-2100,1549458,,,,
20260323,012030,DB,1733,-102,881951,,,,
20260323,0120G0,삼양바이오팜,102400,700,188819,,,,
20260323,012160,영흥,2800,-110,27236,,,,
20260323,012170,아센디오,1244,-46,70491,,,,
20260323,012200,계양전기,6156,-283,387015,,,,
20260323,012205,계양전기우,4930,-310,24955,,,,
20260323,012280,영화금속,1017,-20,218072,,,,
20260323,012320,경동인베스트,59200,-3000,31551,,,,
20260323,012330,현대모비스,381000,-19500,295324,,,,
20260323,012450,한화에어로스페이스,1278000,-42000,232870,,,,
20260323,012610,경인양행,3990,-240,292058,,,,
20260323,012630,HDC,27850,-200,325437,,,,
20260323,012690,모나리자,2025,-20,561353,,,,
20260323,0126Z0,삼성에피스홀딩스,511000,-41000,65333,,,,
20260323,012750,에스원,84300,-4600,49765,,,,
20260323,012800,대창,1305,-66,574634,,,,
20260323,013000,세우글로벌,1170,49,175577,,,,
20260323,013360,일성건설,1866,-174,747141,,,,
20260323,013520,화승코퍼레이션,2800,-80,133723,,,,
20260323,013570,디와이,4975,-265,115993,,,,
20260323,013580,계룡건설,26550,-2850,165951,,,,
20260323,013700,까뮤이앤씨,1250,-26,137647,,,,
20260323,013870,지엠비코리아,5240,-210,72531,,,,
20260323,013890,지누스,11060,-370,31095,,,,
20260323,014130,한익스프레스,2640,-35,29038,,,,
20260323,014160,대영포장,1040,-24,491687,,,,
20260323,014280,금강공업,4970,-170,148207,,,,
20260323,014285,금강공업우,6790,-210,3131,,,,
20260323,014440,영보화학,4665,-20,33237,,,,
20260323,014530,극동유화,3605,-115,2157901,,,,
20260323,014580,태경비케이,4470,-80,166296,,,,
20260323,014680,한솔케미칼,270500,-23500,74850,,,,
20260323,014710,사조씨푸드,7180,-620,47090,,,,
20260323,014790,HL D&I,3395,-225,195635,,,,
20260323,014820,동원시스템즈,25300,-700,32944,,,,
20260323,014825,동원시스템즈우,16150,-290,248,,,,
20260323,014830,유니드,83400,-2500,26196,,,,
20260323,014910,성문전자,1607,-81,184074,,,,
20260323,014915,성문전자우,4065,-165,3364,,,,
20260323,014990,인디에프,3720,-120,25291,,,,
20260323,015020,이스타코,928,0,0,,,,
20260323,015230,대창단조,6510,-170,190626,,,,
20260323,015260,에이엔피,572,-93,653504,,,,
20260323,015360,INVENI,15460,-860,72400,,,,
20260323,015590,DKME,2575,0,0,,,,
20260323,015760,한국전력,45600,-3550,2521427,,,,
20260323,015860,일진홀딩스,7200,-460,141392,,,,
20260323,015890,태경산업,4840,-90,72447,,,,
20260323,016090,대현,1650,-20,139289,,,,
20260323,016360,삼성증권,94200,-8100,482927,,,,
20260323,016380,KG스틸,5790,-130,495123,,,,
20260323,016450,한세예스24홀딩스,4890,-100,81209,,,,
20260323,016580,환인제약,10070,-210,37439,,,,
20260323,016590,신대양제지,11630,-840,47885,,,,
20260323,016610,DB증권,13180,-910,100682,,,,
20260323,016710,대성홀딩스,8670,-450,32349,,,,
20260323,016740,두올,4550,-180,116397,,,,
20260323,016800,퍼시스,35750,-1800,2716,,,,
20260323,016880,웅진,2735,-305,2242683,,,,
20260323,017040,광명전기,1143,-37,721668,,,,
20260323,017180,명문제약,1773,-73,69001,,,,
20260323,017370,우신시스템,5630,-370,102957,,,,
20260323,017390,서울가스,66400,-2300,20650,,,,
20260323,017550,수산세보틱스,1906,-64,440158,,,,
20260323,017670,SK텔레콤,74200,-4600,562548,,,,
20260323,017800,현대엘리베이터,84200,-4600,246980,,,,
20260323,017810,풀무원,11470,-480,62505,,,,
20260323,017860,DS단석,19770,80,301758,,,,
20260323,017900,광전자,2015,-115,223477,,,,
20260323,017940,E1,100100,-10700,43059,,,,
20260323,017960,한국카본,46650,-3150,568660,,,,
20260323,018250,애경산업,14250,-460,23197,,,,
20260323,018260,삼성에스디에스,152400,-10200,158770,,,,
20260323,018470,조일알미늄,1241,-40,1221903,,,,
20260323,018500,동원모빌리티,1646,-47,266211,,,,
20260323,018670,SK가스,254500,-5500,72241,,,,
20260323,018880,한온시스템,3895,-245,8304899,,,,
20260323,019170,신풍제약,10620,-380,81730,,,,
20260323,019175,신풍제약우,16670,-30,2096,,,,
20260323,019180,티에이치엔,8310,-520,470854,,,,
20260323,019490,엑시큐어하이트론,541,0,0,,,,
20260323,019680,대교,1591,-41,55317,,,,
20260323,019685,대교우B,1006,-4,10628,,,,
20260323,020000,한섬,24650,-2150,118281,,,,
20260323,020120,키다리스튜디오,3165,-105,130620,,,,
20260323,020150,롯데에너지머티리얼즈,38850,-1700,249544,,,,
20260323,020560,아시아나항공,6940,-70,118695,,,,
20260323,020760,일진디스플,902,0,0,,,,
20260323,021050,서원,1206,-67,420138,,,,
20260323,021240,코웨이,70900,-3500,235735,,,,
20260323,021820,세원정공,16210,-1170,18240,,,,
20260323,022100,포스코DX,29550,-2850,482318,,,,
20260323,023000,삼원강재,2335,-25,32926,,,,
20260323,023150,MH에탄올,4250,-95,11067,,,,
20260323,023350,한국종합기술,4485,-190,43672,,,,
20260323,023450,동남합성,30350,-400,510,,,,
20260323,023530,롯데쇼핑,100600,-12900,188637,,,,
20260323,023590,다우기술,47400,-3500,64024,,,,
20260323,023800,인지컨트롤스,6580,-220,83175,,,,
20260323,023810,인팩,7960,-100,40969,,,,
20260323,023960,에쓰씨엔지니어링,1447,14,182943,,,,
20260323,024070,WISCOM,1936,-21,22348,,,,
20260323,024090,디씨엠,12150,-50,6411,,,,
20260323,024110,기업은행,23050,-1050,1376581,,,,
20260323,024720,콜마홀딩스,9030,-440,58339,,,,
20260323,024890,대원화성,3775,-225,48743,,,,
20260323,024900,디와이덕양,2005,-35,79591,,,,
20260323,025000,KPX케미칼,49900,-1600,6986,,,,
20260323,025530,SJM홀딩스,3540,-130,34630,,,,
20260323,025540,한국단자,74900,-1600,32353,,,,
20260323,025560,미래산업,2626,-114,189880,,,,
20260323,025620,차AI헬스케어,9180,-390,8878,,,,
20260323,025750,한솔홈데코,2695,-115,76384,,,,
20260323,025820,이구산업,4725,-275,339772,,,,
20260323,025860,남해화학,8040,-280,3065782,,,,
20260323,025890,한국주강,1599,-7,16116,,,,
20260323,026890,스틱인베스트먼트,9400,-450,83355,,,,
20260323,026940,부국철강,1967,-23,86266,,,,
20260323,026960,동서,25800,-400,73723,,,,
20260323,027410,BGF,4345,-95,219066,,,,
20260323,027740,마니커,1590,-42,136472,,,,
20260323,027970,한국제지,3705,-45,28908,,,,
20260323,028050,삼성E&A,35950,650,6856936,,,,
20260323,028100,동아지질,17790,-560,24296,,,,
20260323,028260,삼성물산,274500,-23000,387487,,,,
20260323,02826K,삼성물산우B,177300,-13700,22535,,,,
20260323,028670,팬오션,4820,-510,5573818,,,,
20260323,029460,케이씨,30800,-2600,29761,,,,
20260323,029530,신도리코,55100,-2500,12596,,,,
20260323,029780,삼성카드,59000,-700,149796,,,,
20260323,030000,제일기획,20350,-950,298925,,,,
20260323,030190,NICE평가정보,16540,-560,49982,,,,
20260323,030200,KT,57800,-2900,1016576,,,,
20260323,030210,다올투자증권,4085,-175,209258,,,,
20260323,030610,교보증권,12490,-790,128555,,,,
20260323,030720,동원수산,5840,-10,12184,,,,
20260323,031210,서울보증보험,53000,-2700,107822,,,,
20260323,031430,신세계인터내셔날,11990,-360,71229,,,,
20260323,031820,아이티센씨티에스,6910,-460,81265,,,,
20260323,032350,롯데관광개발,19750,-1650,466279,,,,
20260323,032560,황금에스티,5830,-220,38722,,,,
20260323,032640,LG유플러스,15130,-690,1008828,,,,
20260323,032830,삼성생명,217500,-14000,481137,,,,
20260323,033240,자화전자,37600,-1500,137504,,,,
20260323,033250,체시스,4610,-95,33725,,,,
20260323,033270,유나이티드제약,19970,-80,48561,,,,
20260323,033530,SJG세종,7710,-470,235436,,,,
20260323,033780,KT&G,151800,-5700,256426,,,,
20260323,033920,무학,8960,-250,81946,,,,
20260323,034020,두산에너빌리티,100700,-8900,6026425,,,,
20260323,034120,SBS,16500,-760,37792,,,,
20260323,034220,LG디스플레이,11190,-840,5244319,,,,
20260323,034230,파라다이스,16700,-1490,551339,,,,
20260323,034310,NICE,14190,-370,59884,,,,
20260323,034590,인천도시가스,26850,-50,1815,,,,
20260323,034730,SK,329000,-31000,198808,,,,
20260323,03473K,SK우,245500,-15000,3651,,,,
20260323,034830,한국토지신탁,1626,-114,3290000,,,,
20260323,035000,HS애드,8610,-100,25737,,,,
20260323,035150,백산,12910,-620,37803,,,,
20260323,035250,강원랜드,17780,-410,585373,,,,
20260323,035420,NAVER,209000,-12500,692498,,,,
20260323,035510,신세계 I&C,21000,-200,2656899,,,,
20260323,035720,카카오,46900,-3100,2105077,,,,
20260323,036420,콘텐트리중앙,6560,-210,37369,,,,
20260323,036460,한국가스공사,35500,-2200,323439,,,,
20260323,036530,SNT홀딩스,62900,-3700,21292,,,,
20260323,036570,NC,214000,-14000,73674,,,,
20260323,036580,팜스코,3375,-180,201094,,,,
20260323,037270,YG PLUS,5310,-790,1307024,,,,
20260323,037560,LG헬로비전,2215,-90,162704,,,,
20260323,037710,광주신세계,38700,-950,9798,,,,
20260323,039130,하나투어,40800,-1500,44445,,,,
20260323,039490,키움증권,415000,-45500,149478,,,,
20260323,039570,HDC랩스,8490,-190,17141,,,,
20260323,041650,상신브레이크,2630,-40,65848,,,,
20260323,042660,한화오션,118900,-10200,993984,,,,
20260323,042700,한미반도체,297000,-12500,788575,,,,
20260323,044380,주연테크,1865,-85,26179,,,,
20260323,044450,KSS해운,10330,-570,258131,,,,
20260323,044820,코스맥스비티아이,15610,-350,43888,,,,
20260323,047040,대우건설,17060,-2050,37468622,,,,
20260323,047050,포스코인터내셔널,76900,-100,1585487,,,,
20260323,047400,유니온머티리얼,1581,-42,798194,,,,
20260323,047810,한국항공우주,169900,-15800,738319,,,,
20260323,049800,우진플라임,2545,0,33352,,,,
20260323,051600,한전KPS,64500,-3000,543685,,,,
20260323,051630,진양화학,2150,-115,119600,,,,
20260323,051900,LG생활건강,245000,-10500,47519,,,,
20260323,051905,LG생활건강우,105600,-3400,7982,,,,
20260323,051910,LG화학,290000,-20000,249892,,,,
20260323,051915,LG화학우,148900,-7900,42528,,,,
20260323,052690,한전기술,161100,-14400,253734,,,,
20260323,053210,스카이라이프,5080,-90,54596,,,,
20260323,053690,한미글로벌,27050,-150,2496309,,,,
20260323,055490,테이팩스,14220,-750,18039,,,,
20260323,055550,신한지주,89900,-8000,2083701,,,,
20260323,058430,포스코스틸리온,4400,-175,264020,,,,
20260323,058650,세아홀딩스,152300,-6300,4093,,,,
20260323,058730,다스코,3585,-160,481519,,,,
20260323,058850,KTcs,2550,-75,385059,,,,
20260323,058860,KTis,2770,-85,88724,,,,
20260323,060980,HL홀딩스,45200,-1000,28771,,,,
20260323,062040,산일전기,152700,-6500,197791,,,,
20260323,063160,종근당바이오,18980,-390,11528,,,,
20260323,064350,현대로템,168900,-11200,854781,,,,
20260323,064400,LG씨엔에스,62500,-5100,443654,,,,
20260323,064960,SNT모티브,31300,-1300,54616,,,,
20260323,066570,LG전자,109500,-8400,932229,,,,
20260323,066575,LG전자우,50500,-3200,93756,,,,
20260323,066970,엘앤에프,112100,0,776550,,,,
20260323,067830,세이브존I&C,3070,-180,151375,,,,
20260323,068270,셀트리온,179481,-13058,778200,,,,
20260323,068290,삼성출판사,8930,-380,12666,,,,
20260323,069260,TKG휴켐스,18160,-500,98703,,,,
20260323,069460,대호에이엘,2660,-90,427399,,,,
20260323,069620,대웅제약,149600,-10400,24643,,,,
20260323,069640,한세엠케이,1210,18,8753,,,,
20260323,069730,DSR제강,4700,-190,52543,,,,
20260323,069960,현대백화점,83900,-7900,133844,,,,
20260323,070960,모나용평,2935,-120,207295,,,,
20260323,071050,한국금융지주,211000,-23500,323206,,,,
20260323,071055,한국금융지주우,157000,-15000,27396,,,,
20260323,071090,하이스틸,3445,-275,139172,,,,
20260323,071320,지역난방공사,89700,-3400,36167,,,,
20260323,071840,롯데하이마트,7830,-330,23294,,,,
20260323,071950,코아스,2125,-130,53681,,,,
20260323,071970,HD현대마린엔진,73500,-6900,179721,,,,
20260323,072130,유엔젤,5480,70,91613,,,,
20260323,072710,농심홀딩스,96200,-2800,13385,,,,
20260323,073240,금호타이어,5870,-370,475464,,,,
20260323,074610,이엔플러스,5110,0,0,,,,
20260323,075180,새론오토모티브,3010,0,5042,,,,
20260323,075580,세진중공업,16960,-920,241616,,,,
20260323,077500,유니퀘스트,6040,-440,252726,,,,
20260323,077970,STX엔진,31500,-2850,127885,,,,
20260323,078000,텔코웨어,16890,-950,23240,,,,
20260323,078520,에이블씨엔씨,12700,-140,240213,,,,
20260323,078930,GS,65300,-3700,221110,,,,
20260323,078935,GS우,53500,-2500,5857,,,,
20260323,079160,CJ CGV,4820,-165,423081,,,,
20260323,079430,현대리바트,6970,-340,51501,,,,
20260323,079550,LIG디펜스앤에어로스페이스,640000,-21000,253646,,,,
20260323,079900,전진건설로봇,53200,-4400,95920,,,,
20260323,079980,휴비스,2505,-70,122916,,,,
20260323,081000,일진다이아,13320,-850,53839,,,,
20260323,081660,미스토홀딩스,41400,-3150,164155,,,,
20260323,082640,동양생명,8880,-220,412640,,,,
20260323,082740,한화엔진,45250,-3800,446207,,,,
20260323,083420,그린케미칼,5430,-250,44442,,,,
20260323,084010,대한제강,11330,-680,84599,,,,
20260323,084670,동양고속,40900,-3050,34758,,,,
20260323,084680,이월드,1581,-59,395663,,,,
20260323,084690,대상홀딩스,9300,-390,65936,,,,
20260323,084695,대상홀딩스우,13820,-380,11975,,,,
20260323,084870,TBH글로벌,2055,60,100075,,,,
20260323,085310,엔케이,10560,-300,56240,,,,
20260323,085620,미래에셋생명,15840,-1370,438415,,,,
20260323,086280,현대글로비스,216000,-14500,177388,,,,
20260323,086790,하나금융지주,106000,-7200,835977,,,,
20260323,088260,이리츠코크렙,4785,-95,40056,,,,
20260323,088350,한화생명,4800,-430,8041422,,,,
20260323,088790,진도,2545,-90,89582,,,,
20260323,088980,맥쿼리인프라,11370,-140,1655536,,,,
20260323,089470,HDC현대EP,5290,-150,159025,,,,
20260323,089590,제주항공,5030,-310,335904,,,,
20260323,089860,롯데렌탈,30600,-1150,75269,,,,
20260323,090080,평화산업,897,-28,123423,,,,
20260323,090350,노루페인트,8750,0,381942,,,,
20260323,090355,노루페인트우,12980,-10,227,,,,
20260323,090370,메타랩스,1459,20,54284,,,,
20260323,090430,아모레퍼시픽,136000,-4800,218849,,,,
20260323,090435,아모레퍼시픽우,47000,-2000,14995,,,,
20260323,090460,비에이치,23000,850,1740025,,,,
20260323,091810,트리니티항공,1106,-34,500078,,,,
20260323,092200,디아이씨,8450,-720,441725,,,,
20260323,092220,KEC,8525,1490,13867173,,,,
20260323,092230,KPX홀딩스,82400,-1000,3066,,,,
20260323,092440,기신정기,2280,-5,22101,,,,
20260323,092780,DYP,4330,-285,80582,,,,
20260323,092790,넥스틸,11880,-690,316749,,,,
20260323,093050,LF,21900,-300,55946,,,,
20260323,093240,형지엘리트,990,-35,721559,,,,
20260323,093370,후성,6640,-360,490173,,,,
20260323,094280,효성ITX,12350,-150,13520,,,,
20260323,094800,맵스리얼티,6690,-210,150923,,,,
20260323,095570,AJ네트웍스,4985,-175,229545,,,,
20260323,095720,웅진씽크빅,2404,-18,60634,,,,
20260323,096760,JW홀딩스,4325,-80,138691,,,,
20260323,096770,SK이노베이션,105600,-8300,464035,,,,
20260323,096775,SK이노베이션우,67300,-3500,7011,,,,
20260323,097230,HJ중공업,26400,-2050,2723046,,,,
20260323,097520,엠씨넥스,22500,-1100,47760,,,,
20260323,097950,CJ제일제당,207000,-5000,66936,,,,
20260323,097955,CJ제일제당 우,128500,-2500,4127,,,,
20260323,100090,SK오션플랜트,27400,1850,12456250,,,,
20260323,100220,비상교육,5210,-180,29615,,,,
20260323,100250,진양홀딩스,2950,-80,223531,,,,
20260323,100840,SNT에너지,54200,900,1961808,,,,
20260323,101140,인바이오젠,9660,-20,12996,,,,
20260323,101530,해태제과식품,6340,-310,35683,,,,
20260323,102260,동성케미컬,4000,-100,102881,,,,
20260323,102460,이연제약,10110,-60,45160,,,,
20260323,103140,풍산,91400,-7400,271589,,,,
20260323,103590,일진전기,76600,-6000,232709,,,,
20260323,104700,한국철강,9320,-80,17295,,,,
20260323,105560,KB금융,145300,-9900,1121082,,,,
20260323,105630,한세실업,11880,-460,63181,,,,
20260323,105840,우진,27400,-3800,2197202,,,,
20260323,107590,미원홀딩스,63900,-1100,366,,,,
20260323,108320,LX세미콘,49500,-1700,98266,,,,
20260323,108670,LX하우시스,29150,-1300,21041,,,,
20260323,108675,LX하우시스우,15380,-410,6401,,,,
20260323,109070,주성코퍼레이션,1357,132,17314142,,,,
20260323,111110,호전실업,7370,-260,11527,,,,
20260323,111380,동인기연,14010,-640,11677,,,,
20260323,111770,영원무역,79500,-4700,71954,,,,
20260323,112610,씨에스윈드,63300,-2800,505495,,,,
20260323,114090,GKL,11760,-530,295480,,,,
20260323,117580,대성에너지,11590,450,10759266,,,,
20260323,118000,메타케어,2390,-60,60253,,,,
20260323,119650,KC코트렐,918,0,0,,,,
20260323,120030,조선선재,99200,-3500,1490,,,,
20260323,120110,코오롱인더,66500,-3600,183436,,,,
20260323,120115,코오롱인더우,26150,-1000,8870,,,,
20260323,122900,아이마켓코리아,7430,-70,84144,,,,
20260323,123690,한국화장품,8030,-520,100755,,,,
20260323,123700,SJM,3555,-90,26179,,,,
20260323,123890,한국자산신탁,2850,-100,455478,,,,
20260323,126560,현대퓨처넷,3210,-55,103974,,,,
20260323,126720,수산인더스트리,30000,-700,202718,,,,
20260323,128820,대성산업,7080,-470,587907,,,,
20260323,128940,한미약품,501000,-59000,108070,,,,
20260323,129260,인터지스,2435,-75,68655,,,,
20260323,130660,한전산업,20400,-1700,868238,,,,
20260323,133820,화인베스틸,1220,-69,116093,,,,
20260323,134380,미원화학,11500,400,5910,,,,
20260323,134790,시디즈,19180,-280,2189,,,,
20260323,136490,선진,10500,-610,104478,,,,
20260323,137310,에스디바이오센서,7510,-320,138783,,,,
20260323,138040,메리츠금융지주,105300,-4800,315079,,,,
20260323,138930,BNK금융지주,17710,-1140,802045,,,,
20260323,139130,iM금융지주,16510,-730,613483,,,,
20260323,139480,이마트,95400,-5300,269682,,,,
20260323,139990,아주스틸,2940,-75,40244,,,,
20260323,143210,핸즈코퍼레이션,1199,38,257775,,,,
20260323,145210,다이나믹디자인,2240,20,346703,,,,
20260323,145270,케이탑리츠,897,-3,127594,,,,
20260323,145720,덴티움,49300,-3500,39076,,,,
20260323,145990,삼양사,45950,-1150,7621,,,,
20260323,145995,삼양사우,35000,-600,60,,,,
20260323,155660,DSR,4095,-85,22234,,,,
20260323,161000,애경케미칼,9000,-560,84419,,,,
20260323,161390,한국타이어앤테크놀로지,54200,-3200,315403,,,,
20260323,161890,한국콜마,76700,0,692940,,,,
20260323,163560,동일고무벨트,6760,-220,24318,,,,
20260323,170900,동아에스티,42450,-1500,23406,,,,
20260323,175330,JB금융지주,28400,-2550,429183,,,,
20260323,178920,PI첨단소재,21100,-1600,220759,,,,
20260323,180640,한진칼,118800,-11200,192610,,,,
20260323,18064K,한진칼우,34000,-2300,10354,,,,
20260323,181710,NHN,36950,-1450,63677,,,,
20260323,183190,아세아시멘트,12250,-550,172273,,,,
20260323,185750,종근당,85300,-3400,31741,,,,
20260323,192080,더블유게임즈,49350,-1550,47490,,,,
20260323,192400,쿠쿠홀딩스,27700,-1300,37727,,,,
20260323,192650,드림텍,6890,-270,284280,,,,
20260323,192820,코스맥스,198000,1900,187818,,,,
20260323,194370,제이에스코퍼레이션,11790,-460,87559,,,,
20260323,195870,해성디에스,52900,-5600,168747,,,,
20260323,200880,서연이화,13270,-1000,98232,,,,
20260323,204320,HL만도,51500,-2400,297585,,,,
20260323,207940,삼성바이오로직스,1523000,-78000,32660,,,,
20260323,210540,디와이파워,13090,-940,139712,,,,
20260323,210980,SK디앤디,13000,-300,43613,,,,
20260323,213500,한솔제지,8210,-250,117966,,,,
20260323,214320,이노션,19100,-470,178382,,,,
20260323,214330,금호에이치티,12431,-54,24514,,,,
20260323,214390,경보제약,7960,810,16637658,,,,
20260323,214420,토니모리,6710,-470,147154,,,,
20260323,217590,티엠씨,27950,4350,4997286,,,,
20260323,226320,잇츠한불,10100,-250,12520,,,,
20260323,227840,현대코퍼레이션홀딩스,12250,-330,43475,,,,
20260323,229640,LS에코에너지,44050,-1100,167659,,,,
20260323,234080,JW생명과학,12770,-410,120837,,,,
20260323,241560,두산밥캣,59600,-3500,409027,,,,
20260323,241590,화승엔터프라이즈,4665,-185,162402,,,,
20260323,244920,에이플러스에셋,11250,-750,33050,,,,
20260323,248070,솔루엠,16950,-930,140363,,,,
20260323,248170,샘표식품,27850,-950,14534,,,,
20260323,249420,일동제약,29250,-2050,197179,,,,
20260323,251270,넷마블,49700,-2600,204197,,,,
20260323,259960,크래프톤,228000,-7500,114729,,,,
20260323,264900,크라운제과,8240,-210,9393,,,,
20260323,26490K,크라운제과우,8870,-240,1312,,,,
20260323,267250,HD현대,240500,-25000,187480,,,,
20260323,267260,HD현대일렉트릭,913000,-46000,112092,,,,
20260323,267270,HD건설기계,129300,-3700,349202,,,,
20260323,267290,경동도시가스,22050,-600,21503,,,,
20260323,267850,아시아나IDT,10040,-320,12917,,,,
20260323,268280,미원에스씨,119000,-3300,2070,,,,
20260323,271560,오리온,129600,-8200,125124,,,,
20260323,271940,일진하이솔루스,16440,-1060,89066,,,,
20260323,271980,제일약품,13830,-510,48867,,,,
20260323,272210,한화시스템,124000,-12000,1276217,,,,
20260323,272450,진에어,6190,-310,231270,,,,
20260323,272550,삼양패키징,12210,430,1392256,,,,
20260323,278470,에이피알,324500,-35000,496457,,,,
20260323,279570,케이뱅크,6150,-450,6254660,,,,
20260323,280360,롯데웰푸드,108700,-4700,18401,,,,
20260323,281820,케이씨텍,45400,-4150,150420,,,,
20260323,282330,BGF리테일,119900,-4300,28827,,,,
20260323,284740,쿠쿠홈시스,24650,-850,17594,,,,
20260323,285130,SK케미칼,55100,-3500,65569,,,,
20260323,28513K,SK케미칼우,27000,-750,6903,,,,
20260323,286940,롯데이노베이트,22500,-700,15986,,,,
20260323,293480,하나제약,9170,-170,32761,,,,
20260323,293940,신한알파리츠,5760,-70,334412,,,,
20260323,294870,IPARK현대산업개발,22600,-1500,463175,,,,
20260323,298000,효성화학,77800,0,0,,,,
20260323,298020,효성티앤씨,381000,14000,66806,,,,
20260323,298040,효성중공업,2589000,-146000,34395,,,,
20260323,298050,HS효성첨단소재,218000,-7500,16803,,,,
20260323,298690,에어부산,1830,-49,192367,,,,
20260323,300720,한일시멘트,16910,-460,473942,,,,
20260323,302440,SK바이오사이언스,40800,-2050,149627,,,,
20260323,306200,세아제강,138700,-9200,24065,,,,
20260323,307950,현대오토에버,395000,-35500,89074,,,,
20260323,308170,씨티알모빌리티,5010,-190,24137,,,,
20260323,316140,우리금융지주,31700,-2200,2203948,,,,
20260323,317400,자이에스앤디,4385,-185,175618,,,,
20260323,317450,명인제약,56000,-2800,34662,,,,
20260323,322000,HD현대에너지솔루션,135300,4300,1850967,,,,
20260323,323410,카카오뱅크,23500,-1600,1125966,,,,
20260323,326030,SK바이오팜,91200,-7400,212536,,,,
20260323,329180,HD현대중공업,502000,-57000,282229,,,,
20260323,330590,롯데리츠,4640,-210,412595,,,,
20260323,334890,이지스밸류플러스리츠,4110,-115,135909,,,,
20260323,336260,두산퓨얼셀,40000,-1900,785092,,,,
20260323,33626K,두산퓨얼셀1우,7400,-130,40320,,,,
20260323,33626L,두산퓨얼셀2우B,9680,40,5719,,,,
20260323,336370,솔루스첨단소재,8530,-140,361663,,,,
20260323,33637K,솔루스첨단소재1우,2030,0,15781,,,,
20260323,33637L,솔루스첨단소재2우B,3260,-30,4425,,,,
20260323,338100,NH프라임리츠,4625,-5,76553,,,,
20260323,339770,교촌에프앤비,4170,-95,110722,,,,
20260323,344820,KCC글라스,25850,-400,30439,,,,
20260323,348950,제이알글로벌리츠,1476,-89,1405649,,,,
20260323,350520,이지스레지던스리츠,3655,-70,65976,,,,
20260323,352820,하이브,290500,-53500,931802,,,,
20260323,353200,대덕전자,79200,-3600,1362581,,,,
20260323,35320K,대덕전자1우,18520,-1040,27850,,,,
20260323,357120,코람코라이프인프라리츠,4610,-35,82210,,,,
20260323,357250,미래에셋맵스리츠,2390,-35,96493,,,,
20260323,357430,마스턴프리미어리츠,1473,-12,21068,,,,
20260323,361610,SK아이이테크놀로지,20650,-1550,179242,,,,
20260323,363280,티와이홀딩스,2885,-60,129512,,,,
20260323,36328K,티와이홀딩스우,4070,-95,2864,,,,
20260323,365550,ESR켄달스퀘어리츠,4185,-10,549637,,,,
20260323,372910,한컴라이프케어,2375,-90,287231,,,,
20260323,373220,LG에너지솔루션,356000,-19500,302070,,,,
20260323,375500,DL이앤씨,66200,-1200,2665506,,,,
20260323,37550K,DL이앤씨우,29700,-1100,79470,,,,
20260323,37550L,DL이앤씨2우(전환),43900,-1700,22739,,,,
20260323,377190,디앤디플랫폼리츠,3040,-55,243969,,,,
20260323,377300,카카오페이,59500,-4800,460659,,,,
20260323,377740,바이오노트,5330,-110,55455,,,,
20260323,378850,화승알앤에이,3615,-120,75362,,,,
20260323,381970,케이카,14100,-280,59155,,,,
20260323,383220,F&F,60800,-1900,90774,,,,
20260323,383800,LX홀딩스,8370,-390,221662,,,,
20260323,38380K,LX홀딩스1우,8370,-270,1354,,,,
20260323,395400,SK리츠,6260,-50,527539,,,,
20260323,396690,미래에셋글로벌리츠,2495,-15,156679,,,,
20260323,400760,NH올원리츠,3235,-45,196334,,,,
20260323,402340,SK스퀘어,557000,-51000,779508,,,,
20260323,403550,쏘카,11000,-50,23922,,,,
20260323,404990,신한서부티엔디리츠,4445,-45,102393,,,,
20260323,415640,KB발해인프라,9900,-60,71644,,,,
20260323,417310,코람코더원리츠,9630,-10,71694,,,,
20260323,432320,KB스타리츠,2455,-190,719113,,,,
20260323,439260,대한조선,88800,-2400,237707,,,,
20260323,443060,HD현대마린솔루션,169800,-12900,79383,,,,
20260323,446070,유니드비티플러스,3010,-85,16049,,,,
20260323,448730,삼성FN리츠,5400,0,121496,,,,
20260323,450080,에코프로머티,61000,-1500,825747,,,,
20260323,451800,한화리츠,5100,-90,115946,,,,
20260323,452260,한화갤러리아,2455,-215,2688447,,,,
20260323,45226K,한화갤러리아우,6490,-580,16117,,,,
20260323,453340,현대그린푸드,15720,-90,36103,,,,
20260323,454910,두산로보틱스,83200,-6100,242380,,,,
20260323,456040,OCI,96300,-1500,91394,,,,
20260323,457190,이수스페셜티케미컬,84700,-6500,243078,,,,
20260323,460850,동국씨엠,5720,-290,150488,,,,
20260323,460860,동국제강,9340,-560,231168,,,,
20260323,462520,조선내화,13590,-310,9715,,,,
20260323,462870,시프트업,29150,-1200,70738,,,,
20260323,465770,STX그린로지스,6660,-210,1449305,,,,
20260323,475150,SK이터닉스,53800,-6100,2120674,,,,
20260323,475560,더본코리아,20650,-700,22440,,,,
20260323,480370,씨케이솔루션,2680,-75,34660,,,,
20260323,481850,신한글로벌액티브리츠,1091,-13,152595,,,,
20260323,483650,달바글로벌,148500,-10400,61248,,,,
20260323,484870,엠앤씨솔루션,36000,-2600,60441,,,,
20260323,487570,HS효성,54900,-2900,24066,,,,
20260323,489790,한화비전,80200,-7200,558431,,,,
20260323,499790,GS피앤엘,46500,-1700,91844,,,,
20260323,900140,엘브이엠씨홀딩스,1524,-82,907346,,,,
20260323,950210,프레스티지바이오파마,9120,-560,99928,,,,
20260324,000020,동화약품,5930,70,56124,,,,
20260324,000040,KR모터스,2000,-15,35888,,,,
20260324,000050,경방,9580,350,102080,,,,
20260324,000070,삼양홀딩스,69800,-100,26705,,,,
20260324,000080,하이트진로,16670,380,118947,,,,
20260324,000087,하이트진로2우B,13960,50,2609,,,,
20260324,000100,유한양행,95600,2100,173688,,,,
20260324,000105,유한양행우,85700,2400,2424,,,,
20260324,000120,CJ대한통운,109100,2300,35057,,,,
20260324,000140,하이트진로홀딩스,9120,130,16119,,,,
20260324,000145,하이트진로홀딩스우,11290,0,16,,,,
20260324,000150,두산,1151000,85000,80658,,,,
20260324,000155,두산우,490500,18000,14434,,,,
20260324,000157,두산2우B,435000,15500,3277,,,,
20260324,000180,성창기업지주,7350,5,24601,,,,
20260324,000210,DL,56900,-7800,450167,,,,
20260324,000215,DL우,25650,-2300,14376,,,,
20260324,000220,유유제약,4245,95,64324,,,,
20260324,000225,유유제약1우,4320,10,3261,,,,
20260324,000227,유유제약2우B,10780,30,163,,,,
20260324,000230,일동홀딩스,10490,250,31870,,,,
20260324,000240,한국앤컴퍼니,26650,550,67641,,,,
20260324,000270,기아,157900,-3800,1544213,,,,
20260324,000300,DH오토넥스,4200,0,0,,,,
20260324,000320,노루홀딩스,22600,100,17964,,,,
20260324,000325,노루홀딩스우,30800,150,81,,,,
20260324,000370,한화손해보험,6750,40,321206,,,,
20260324,000390,SP삼화,9900,240,4292392,,,,
20260324,000400,롯데손해보험,2060,40,381257,,,,
20260324,000430,대원강업,3880,70,87989,,,,
20260324,000480,CR홀딩스,4895,15,14884,,,,
20260324,000490,대동,9740,100,190406,,,,
20260324,000500,가온전선,63570,334,118559,,,,
20260324,000520,삼일제약,9990,480,181248,,,,
20260324,000540,흥국화재,4625,105,121281,,,,
20260324,000545,흥국화재우,6890,70,1787,,,,
20260324,000590,CS홀딩스,79700,-900,406,,,,
20260324,000640,동아쏘시오홀딩스,99500,100,13183,,,,
20260324,000650,천일고속,224500,500,1744,,,,
20260324,000660,SK하이닉스,986000,53000,4352152,,,,
20260324,000670,영풍,64000,4900,79115,,,,
20260324,000680,LS네트웍스,3160,60,125416,,,,
20260324,000700,유수홀딩스,6840,60,76683,,,,
20260324,000720,현대건설,149900,-4200,1703908,,,,
20260324,000725,현대건설우,67100,-2900,22094,,,,
20260324,000760,이화산업,15100,120,748,,,,
20260324,000810,삼성화재,480500,25000,123658,,,,
20260324,000815,삼성화재우,397000,17000,15012,,,,
20260324,000850,화천기공,38250,1150,5821,,,,
20260324,000860,강남제비스코,14890,590,44332,,,,
20260324,000880,한화,137574,7203,171733,,,,
20260324,00088K,한화3우B,45156,1258,36930,,,,
20260324,000890,보해양조,2160,55,75236,,,,
20260324,000910,유니온,4440,90,102689,,,,
20260324,000950,전방,35950,50,799,,,,
20260324,000970,한국주철관,6810,160,44545,,,,
20260324,000990,DB하이텍,83400,-100,256382,,,,
20260324,001020,페이퍼코리아,3010,-15,25875,,,,
20260324,001040,CJ,204000,9100,243967,,,,
20260324,001045,CJ우,89800,2600,5644,,,,
20260324,00104K,CJ4우(전환),178700,7400,7847,,,,
20260324,001060,JW중외제약,30300,450,42798,,,,
20260324,001065,JW중외제약우,26950,400,30,,,,
20260324,001067,JW중외제약2우B,56300,1500,59,,,,
20260324,001070,대한방직,6960,160,13253,,,,
20260324,001080,만호제강,4940,195,27333,,,,
20260324,001120,LX인터내셔널,46200,-1000,215550,,,,
20260324,001130,대한제분,15020,220,23980,,,,
20260324,001200,유진투자증권,4960,10,1072426,,,,
20260324,001210,금호전기,3945,-55,160537,,,,
20260324,001230,동국홀딩스,2315,23,778452,,,,
20260324,001250,GS글로벌,2595,20,1179826,,,,
20260324,001260,남광토건,8910,130,29203,,,,
20260324,001270,부국증권,74900,1100,16705,,,,
20260324,001275,부국증권우,37900,450,3845,,,,
20260324,001290,상상인증권,1222,-28,3153615,,,,
20260324,001340,PKC,6390,60,161481,,,,
20260324,001360,삼성제약,1815,27,523184,,,,
20260324,001380,SG글로벌,2765,-6,65461,,,,
20260324,001390,KG케미칼,5250,30,552777,,,,
20260324,001420,태원물산,2705,5,4524,,,,
20260324,001430,세아베스틸지주,68900,8500,513532,,,,
20260324,001440,대한전선,28950,750,1988924,,,,
20260324,001450,현대해상,30750,950,285603,,,,
20260324,001460,BYC,47750,-200,6767,,,,
20260324,001465,BYC우,28900,1150,838,,,,
20260324,001470,삼부토건,347,0,0,,,,
20260324,001500,현대차증권,10910,150,150911,,,,
20260324,001510,SK증권,4775,20,72320986,,,,
20260324,001515,SK증권우,14140,3260,1144920,,,,
20260324,001520,동양,1628,-2,278445,,,,
20260324,001525,동양우,8660,60,174,,,,
20260324,001527,동양2우B,18520,1440,3149,,,,
20260324,001530,DI동일,20350,-400,116918,,,,
20260324,001550,조비,14900,-700,231759,,,,
20260324,001560,제일연마,11190,-260,7526,,,,
20260324,001570,금양,9900,0,0,,,,
20260324,001620,케이비아이동국실업,3160,100,57007,,,,
20260324,001630,종근당홀딩스,49000,1050,2351,,,,
20260324,001680,대상,21000,550,98563,,,,
20260324,001685,대상우,16900,130,10019,,,,
20260324,001720,신영증권,202000,2500,16301,,,,
20260324,001740,SK네트웍스,5220,100,544582,,,,
20260324,001750,한양증권,26450,600,18493,,,,
20260324,001755,한양증권우,25900,50,2160,,,,
20260324,001770,SHD,17350,-10,257,,,,
20260324,001780,알루코,2100,35,331333,,,,
20260324,001790,대한제당,2945,30,519327,,,,
20260324,001795,대한제당우,2400,10,35784,,,,
20260324,001800,오리온홀딩스,24550,550,143289,,,,
20260324,001820,삼화콘덴서,54400,900,231598,,,,
20260324,001940,KISCO홀딩스,25800,250,4824,,,,
20260324,002020,코오롱,51400,800,57818,,,,
20260324,002025,코오롱우,25400,500,13025,,,,
20260324,002030,아세아,275500,13000,2653,,,,
20260324,002070,비비안,7541,671,194578,,,,
20260324,002100,경농,9320,-40,128596,,,,
20260324,002140,고려산업,2725,10,370594,,,,
20260324,002150,도화엔지니어링,6460,50,89629,,,,
20260324,002170,SYTS,57600,100,2552,,,,
20260324,002200,한국수출포장,3040,40,110694,,,,
20260324,002210,동성제약,1946,0,0,,,,
20260324,002220,한일철강,3725,25,71948,,,,
20260324,002240,고려제강,21250,-150,23554,,,,
20260324,002310,아세아제지,8790,270,204954,,,,
20260324,002320,한진,19810,570,18131,,,,
20260324,002350,넥센타이어,7400,280,137238,,,,
20260324,002355,넥센타이어1우B,4480,20,6061,,,,
20260324,002360,SH에너지화학,4090,0,430370,,,,
20260324,002380,KCC,517000,21000,17936,,,,
20260324,002390,한독,10540,240,6110,,,,
20260324,002410,범양건영,1935,0,0,,,,
20260324,002420,세기상사,5660,0,22085,,,,
20260324,002450,삼익악기,1237,9,188287,,,,
20260324,002460,HS화성,12690,-170,30809,,,,
20260324,002600,조흥,146000,500,309,,,,
20260324,002620,제일파마홀딩스,8570,90,11855,,,,
20260324,002630,오리엔트바이오,1050,2,253812,,,,
20260324,002690,동일제강,1569,-36,71841,,,,
20260324,002700,신일전자,1380,6,418561,,,,
20260324,002710,TCC스틸,13130,320,68743,,,,
20260324,002720,국제약품,4905,-15,168914,,,,
20260324,002760,보락,1185,8,248882,,,,
20260324,002780,진흥기업,988,-65,9445968,,,,
20260324,002785,진흥기업우B,3420,15,3915,,,,
20260324,002787,진흥기업2우B,7690,-240,1287,,,,
20260324,002790,아모레퍼시픽홀딩스,27750,450,114824,,,,
20260324,002795,아모레퍼시픽홀딩스우,12150,20,15287,,,,
20260324,00279K,아모레퍼시픽홀딩스3우C,23800,150,6070,,,,
20260324,002810,삼영무역,19980,180,13808,,,,
20260324,002820,SUN&L,2375,-25,2796,,,,
20260324,002840,미원상사,132200,2200,1582,,,,
20260324,002870,신풍,1229,-24,189827,,,,
20260324,002880,디와이에이,930,-2,32807,,,,
20260324,002900,TYM,6700,-10,230722,,,,
20260324,002920,유성기업,1962,23,137527,,,,
20260324,002960,한국쉘석유,476000,1000,1649,,,,
20260324,002990,금호건설,4970,-240,268340,,,,
20260324,002995,금호건설우,14000,120,1392,,,,
20260324,003000,부광약품,7110,1070,14667683,,,,
20260324,003010,혜인,5420,50,41023,,,,
20260324,003030,세아제강지주,189100,800,57317,,,,
20260324,003060,에이프로젠바이오로직스,337,29,14304944,,,,
20260324,003070,코오롱글로벌,10730,-460,161265,,,,
20260324,003075,코오롱글로벌우,15460,-790,6289,,,,
20260324,003080,SB성보,2620,5,9842,,,,
20260324,003090,대웅,23600,550,64678,,,,
20260324,0030R0,대신밸류리츠,4290,-10,121869,,,,
20260324,003120,일성아이에스,23350,350,1173,,,,
20260324,003160,디아이,35600,1000,364450,,,,
20260324,003200,일신방직,12490,340,29582,,,,
20260324,003220,대원제약,10270,240,23920,,,,
20260324,003230,삼양식품,1203000,66000,82286,,,,
20260324,003240,태광산업,1181000,5000,2815,,,,
20260324,003280,흥아해운,3455,-170,317870406,,,,
20260324,003300,한일홀딩스,20000,520,419437,,,,
20260324,003350,한국화장품제조,8890,200,72660,,,,
20260324,003460,유화증권,3710,75,154459,,,,
20260324,003465,유화증권우,3590,45,1076,,,,
20260324,003470,유안타증권,4990,40,845885,,,,
20260324,003475,유안타증권우,4645,35,46010,,,,
20260324,003480,한진중공업홀딩스,5090,130,127255,,,,
20260324,003490,대한항공,24850,550,2156906,,,,
20260324,003495,대한항공우,24000,150,4741,,,,
20260324,003520,영진약품,1740,40,308012,,,,
20260324,003530,한화투자증권,7120,80,2998374,,,,
20260324,003535,한화투자증권우,8600,550,40718,,,,
20260324,003540,대신증권,38600,500,73528,,,,
20260324,003545,대신증권우,26300,-400,114598,,,,
20260324,003547,대신증권2우B,25050,-400,44970,,,,
20260324,003550,LG,87500,700,219494,,,,
20260324,003555,LG우,69200,400,5820,,,,
20260324,003570,SNT다이내믹스,47400,-650,41249,,,,
20260324,003580,HLB글로벌,2035,45,60274,,,,
20260324,003610,방림,5600,240,90326,,,,
20260324,003620,KG모빌리티,3530,30,729262,,,,
20260324,003650,미창석유,111700,-600,2901,,,,
20260324,003670,포스코퓨처엠,196400,10000,399666,,,,
20260324,003680,한성기업,5000,-10,13502,,,,
20260324,003690,코리안리,13250,350,227353,,,,
20260324,003720,삼영,6970,210,899517,,,,
20260324,003780,진양산업,5570,180,91789,,,,
20260324,003830,대한화섬,124600,-2700,1858,,,,
20260324,003850,보령,9100,70,77253,,,,
20260324,003920,남양유업,52800,1100,6310,,,,
20260324,003925,남양유업우,41350,450,6715,,,,
20260324,003960,사조대림,33100,600,3592,,,,
20260324,004000,롯데정밀화학,50400,-1500,64933,,,,
20260324,004020,현대제철,35250,750,621955,,,,
20260324,004060,SG세계물산,5320,290,476825,,,,
20260324,004080,신흥,13720,0,7920,,,,
20260324,004090,한국석유,17290,-530,1611285,,,,
20260324,004100,태양금속,3160,110,1167745,,,,
20260324,004105,태양금속우,3795,5,23255,,,,
20260324,004140,동방,2780,-15,1087479,,,,
20260324,004150,한솔홀딩스,3435,0,208306,,,,
20260324,004170,신세계,320500,1000,47310,,,,
20260324,004250,NPC,3860,110,88437,,,,
20260324,004255,NPC우,2425,35,8321,,,,
20260324,004270,남성,6137,32,3591,,,,
20260324,004310,현대약품,9180,310,315481,,,,
20260324,004360,세방,15380,140,74151,,,,
20260324,004365,세방우,9310,80,1605,,,,
20260324,004370,농심,374000,7500,24784,,,,
20260324,004380,삼익THK,13000,0,0,,,,
20260324,004410,서울식품,1970,-20,1491286,,,,
20260324,004415,서울식품우,11990,-50,2393,,,,
20260324,004430,송원산업,9140,340,126067,,,,
20260324,004440,삼일씨엔에스,6910,580,1660843,,,,
20260324,004450,삼화왕관,27850,300,810,,,,
20260324,004490,세방전지,60000,900,33518,,,,
20260324,004540,깨끗한나라,1921,-6,91519,,,,
20260324,004545,깨끗한나라우,10260,170,64,,,,
20260324,004560,현대비앤지스틸,16370,570,117918,,,,
20260324,004690,삼천리,150600,600,19515,,,,
20260324,004700,조광피혁,68200,-400,3771,,,,
20260324,004710,한솔테크닉스,4545,38,117937,,,,
20260324,004720,팜젠사이언스,3780,20,78207,,,,
20260324,004770,써니전자,1604,32,322279,,,,
20260324,004800,효성,140600,4800,22081,,,,
20260324,004830,덕성,4470,75,46350,,,,
20260324,004835,덕성우,6000,100,3076,,,,
20260324,004840,DRB동일,5440,20,16326,,,,
20260324,004870,티웨이홀딩스,1664,42,58299,,,,
20260324,004890,동일산업,38900,250,522,,,,
20260324,004910,조광페인트,4920,135,27457,,,,
20260324,004920,씨아이테크,1099,45,171440,,,,
20260324,004960,한신공영,15970,-1060,633995,,,,
20260324,004970,신라교역,9780,60,25856,,,,
20260324,004980,성신양회,9920,60,43327,,,,
20260324,004985,성신양회우,10950,110,3882,,,,
20260324,004990,롯데지주,30800,500,217978,,,,
20260324,00499K,롯데지주우,29900,600,882,,,,
20260324,005010,휴스틸,5330,40,1448976,,,,
20260324,005030,부산주공,486,0,0,,,,
20260324,005070,코스모신소재,49050,2400,153517,,,,
20260324,005090,SGC에너지,63400,6100,185230,,,,
20260324,005110,한창,1254,0,0,,,,
20260324,005180,빙그레,74400,1800,15389,,,,
20260324,005250,녹십자홀딩스,13830,300,49449,,,,
20260324,005257,녹십자홀딩스2우,24000,400,34,,,,
20260324,005300,롯데칠성,118500,2100,18323,,,,
20260324,005305,롯데칠성우,80800,200,1095,,,,
20260324,005320,온타이드,1000,-8,86586,,,,
20260324,005360,모나미,1697,31,36862,,,,
20260324,005380,현대차,492000,7000,1082455,,,,
20260324,005385,현대차우,250000,3000,110092,,,,
20260324,005387,현대차2우B,251000,2500,135793,,,,
20260324,005389,현대차3우B,240500,3500,11779,,,,
20260324,005420,코스모화학,14200,570,165873,,,,
20260324,005430,한국공항,56300,600,6316,,,,
20260324,005440,현대지에프홀딩스,14370,-200,233932,,,,
20260324,005490,POSCO홀딩스,339500,14500,296420,,,,
20260324,005500,삼진제약,18480,280,24861,,,,
20260324,005610,삼립,50700,500,4343,,,,
20260324,005680,삼영전자,16460,-190,234652,,,,
20260324,005690,파미셀,15900,650,861815,,,,
20260324,005720,넥센,6790,140,24389,,,,
20260324,005725,넥센우,4450,0,161,,,,
20260324,005740,크라운해태홀딩스,6920,70,19065,,,,
20260324,005745,크라운해태홀딩스우,7480,10,599,,,,
20260324,005750,대림바스,6170,150,138510,,,,
20260324,005800,신영와코루,15830,40,10671,,,,
20260324,005810,풍산홀딩스,36450,-1050,55268,,,,
20260324,005820,원림,15520,-50,1747,,,,
20260324,005830,DB손해보험,183700,6900,207280,,,,
20260324,005850,에스엘,59700,900,220896,,,,
20260324,005870,휴니드,8600,90,203802,,,,
20260324,005880,대한해운,2335,100,24622414,,,,
20260324,005930,삼성전자,189700,3400,25458914,,,,
20260324,005935,삼성전자우,134100,3200,2871106,,,,
20260324,005940,NH투자증권,32950,250,832878,,,,
20260324,005945,NH투자증권우,26600,200,101083,,,,
20260324,005950,이수화학,7920,220,104665,,,,
20260324,005960,동부건설,8810,-290,379828,,,,
20260324,005965,동부건설우,19150,130,456,,,,
20260324,006040,동원산업,39600,600,51579,,,,
20260324,006060,화승인더,3235,25,58833,,,,
20260324,006090,사조오양,8370,190,3333,,,,
20260324,006110,삼아알미늄,29150,-150,92936,,,,
20260324,006120,SK디스커버리,59000,-1100,61708,,,,
20260324,006125,SK디스커버리우,40050,0,2275,,,,
20260324,006200,한국전자홀딩스,4530,790,2195903,,,,
20260324,006220,제주은행,12860,60,183620,,,,
20260324,006260,LS,276500,3000,246407,,,,
20260324,006280,녹십자,144500,1700,27552,,,,
20260324,006340,대원전선,5480,-230,5450088,,,,
20260324,006345,대원전선우,3795,-75,38536,,,,
20260324,006360,GS건설,28200,-3650,5320006,,,,
20260324,006370,대구백화점,4490,15,9401,,,,
20260324,006380,카프로,3660,0,0,,,,
20260324,006400,삼성SDI,397500,21000,531265,,,,
20260324,006405,삼성SDI우,213500,4500,8091,,,,
20260324,006490,프리티,1140,-295,1209403,,,,
20260324,006570,대림통상,2010,-10,5787,,,,
20260324,006650,대한유화,135100,400,40214,,,,
20260324,006660,삼성공조,11650,360,20474,,,,
20260324,006740,블루산업개발,1296,60,171555,,,,
20260324,006800,미래에셋증권,61100,-800,3162432,,,,
20260324,006805,미래에셋증권우,20850,-150,129937,,,,
20260324,00680K,미래에셋증권2우B,19600,40,423753,,,,
20260324,006840,AK홀딩스,7810,190,11734,,,,
20260324,006880,신송홀딩스,7100,170,84664,,,,
20260324,006890,태경케미컬,8910,-190,637337,,,,
20260324,006980,우성,21300,-400,3031,,,,
20260324,007070,GS리테일,20450,300,86084,,,,
20260324,007110,일신석재,1488,5,377722,,,,
20260324,007120,미래아이앤지,2040,-60,338612,,,,
20260324,007160,사조산업,53300,1000,6074,,,,
20260324,007210,벽산,1867,16,228891,,,,
20260324,007280,한국특강,2875,56,127975,,,,
20260324,007310,오뚜기,368000,8000,3430,,,,
20260324,007340,DN오토모티브,39250,1500,442522,,,,
20260324,007460,에이프로젠,334,16,43354402,,,,
20260324,007540,샘표,54800,1000,6102,,,,
20260324,007570,일양약품,14600,0,0,,,,
20260324,007575,일양약품우,15260,0,0,,,,
20260324,007590,동방아그로,5850,20,10156,,,,
20260324,007610,선도전기,3000,0,0,,,,
20260324,007660,이수페타시스,120200,4700,1008600,,,,
20260324,007690,국도화학,36200,500,6026,,,,
20260324,007700,F&F홀딩스,19100,320,20713,,,,
20260324,007810,코리아써키트,65200,4400,740911,,,,
20260324,007815,코리아써우,16640,590,3756,,,,
20260324,00781K,코리아써키트2우B,13050,260,556,,,,
20260324,007860,서연,9970,240,118939,,,,
20260324,007980,TP,1832,7,230489,,,,
20260324,008040,사조동아원,1052,6,487708,,,,
20260324,008060,대덕,13850,-90,94950,,,,
20260324,00806K,대덕1우,11690,60,14512,,,,
20260324,008250,이건산업,3900,95,7874,,,,
20260324,008260,NI스틸,3610,70,56454,,,,
20260324,008350,남선알미늄,1373,-18,6087639,,,,
20260324,008355,남선알미우,12690,120,2775,,,,
20260324,008420,문배철강,2350,0,171730,,,,
20260324,008490,서흥,19980,100,10405,,,,
20260324,008600,윌비스,2620,0,0,,,,
20260324,008700,아남전자,1648,-95,3892883,,,,
20260324,008730,율촌화학,23250,950,95470,,,,
20260324,008770,호텔신라,43100,1400,119511,,,,
20260324,008775,호텔신라우,33350,150,621,,,,
20260324,008870,금비,45300,150,271,,,,
20260324,008930,한미사이언스,36700,900,92059,,,,
20260324,008970,KBI동양철관,1717,15,947387,,,,
20260324,009070,KCTC,6240,90,341944,,,,
20260324,009140,경인전자,22150,0,2565,,,,
20260324,009150,삼성전기,437000,9500,541705,,,,
20260324,009155,삼성전기우,174100,2400,29994,,,,
20260324,009160,SIMPAC,4645,75,102727,,,,
20260324,009180,한솔로지스틱스,2940,40,100082,,,,
20260324,009190,대양금속,1235,-21,85180,,,,
20260324,009200,무림페이퍼,2050,30,1326168,,,,
20260324,009240,한샘,43100,1200,24175,,,,
20260324,009270,신원,1305,20,540745,,,,
20260324,009290,광동제약,9000,310,313142,,,,
20260324,009310,참엔지니어링,1065,0,0,,,,
20260324,009320,아진전자부품,1023,3,179632,,,,
20260324,009410,태영건설,1843,-60,883967,,,,
20260324,009415,태영건설우,5920,-650,13526,,,,
20260324,009420,한올바이오파마,53500,1200,244999,,,,
20260324,009440,KC그린홀딩스,756,0,0,,,,
20260324,009450,경동나비엔,62800,600,29743,,,,
20260324,009460,한창제지,2560,55,32156,,,,
20260324,009470,삼화전기,37700,1400,68060,,,,
20260324,009540,HD한국조선해양,379500,13500,224853,,,,
20260324,009580,무림P&P,2705,160,10399966,,,,
20260324,009680,모토닉,10800,100,23200,,,,
20260324,009770,삼정펄프,31400,50,931,,,,
20260324,009810,MDS스피어,2163,38,23492,,,,
20260324,009830,한화솔루션,42445,-1415,3782665,,,,
20260324,009835,한화솔루션우,23979,-587,46932,,,,
20260324,009900,명신산업,10090,140,364712,,,,
20260324,009970,영원무역홀딩스,222500,6500,10332,,,,
20260324,010040,한국내화,1948,2,30525,,,,
20260324,010060,OCI홀딩스,177600,-14600,379694,,,,
20260324,010100,한국무브넥스,4655,190,244855,,,,
20260324,010120,LS ELECTRIC,162600,-2000,983010,,,,
20260324,010130,고려아연,1543000,57000,25418,,,,
20260324,010140,삼성중공업,26400,400,3598063,,,,
20260324,010400,우진아이엔에스,3795,0,24152,,,,
20260324,010580,에스엠벡셀,1950,51,126272,,,,
20260324,010640,진양폴리,2460,5,47123,,,,
20260324,010660,화천기계,5700,110,111492,,,,
20260324,010690,화신,11470,110,184124,,,,
20260324,010770,평화홀딩스,3935,-30,22514,,,,
20260324,010780,아이에스동서,28350,-700,125759,,,,
20260324,010820,퍼스텍,6910,-160,1430883,,,,
20260324,010950,S-Oil,108400,2400,483799,,,,
20260324,010955,S-Oil우,54500,400,15474,,,,
20260324,010960,삼호개발,4050,-5,68706,,,,
20260324,011000,진원생명과학,4420,-300,617746,,,,
20260324,011070,LG이노텍,292000,2000,174670,,,,
20260324,011090,에넥스,2225,50,21878,,,,
20260324,011150,CJ씨푸드,2655,40,117061,,,,
20260324,011155,CJ씨푸드1우,13460,-180,1431,,,,
20260324,011170,롯데케미칼,80400,-900,159844,,,,
20260324,011200,HMM,19930,120,1926055,,,,
20260324,011210,현대위아,82200,2400,113523,,,,
20260324,011230,삼화전자,2585,95,48358,,,,
20260324,011280,태림포장,1933,69,346762,,,,
20260324,011300,우성머티리얼스,3070,-10,68103,,,,
20260324,011330,유니켐,7580,-140,319368,,,,
20260324,011390,부산산업,73700,2200,2836,,,,
20260324,011420,갤럭시아에스엠,1811,37,99543,,,,
20260324,011500,한농화성,20200,850,133686,,,,
20260324,011690,와이투솔루션,6100,120,461684,,,,
20260324,011700,한신기계,4775,-65,1212953,,,,
20260324,011760,현대코퍼레이션,26050,0,42553,,,,
20260324,011780,금호석유화학,127400,800,72681,,,,
20260324,011785,금호석유화학우,58500,500,3301,,,,
20260324,011790,SKC,93899,5827,210445,,,,
20260324,011810,STX,3530,0,0,,,,
20260324,011930,신성이엔지,26500,-1500,1690986,,,,
20260324,012030,DB,1723,-10,767776,,,,
20260324,0120G0,삼양바이오팜,109700,7300,175585,,,,
20260324,012160,영흥,2850,50,13112,,,,
20260324,012170,아센디오,1288,44,183035,,,,
20260324,012200,계양전기,6156,0,227641,,,,
20260324,012205,계양전기우,4930,0,17446,,,,
20260324,012280,영화금속,1049,32,422603,,,,
20260324,012320,경동인베스트,59000,-200,20451,,,,
20260324,012330,현대모비스,392500,11500,236563,,,,
20260324,012450,한화에어로스페이스,1335000,57000,154321,,,,
20260324,012610,경인양행,4040,50,183757,,,,
20260324,012630,HDC,26550,-1300,210190,,,,
20260324,012690,모나리자,2070,45,118924,,,,
20260324,0126Z0,삼성에피스홀딩스,516000,5000,35032,,,,
20260324,012750,에스원,87100,2800,37149,,,,
20260324,012800,대창,1331,26,541323,,,,
20260324,013000,세우글로벌,1165,-5,108490,,,,
20260324,013360,일성건설,1900,34,296601,,,,
20260324,013520,화승코퍼레이션,2845,45,134129,,,,
20260324,013570,디와이,5160,185,125462,,,,
20260324,013580,계룡건설,26250,-300,130828,,,,
20260324,013700,까뮤이앤씨,1260,10,99789,,,,
20260324,013870,지엠비코리아,5250,10,37216,,,,
20260324,013890,지누스,11200,140,26091,,,,
20260324,014130,한익스프레스,2675,35,24621,,,,
20260324,014160,대영포장,1069,29,2011896,,,,
20260324,014280,금강공업,4970,0,67134,,,,
20260324,014285,금강공업우,6830,40,3848,,,,
20260324,014440,영보화학,4685,20,38714,,,,
20260324,014530,극동유화,3620,15,1000839,,,,
20260324,014580,태경비케이,4520,50,116665,,,,
20260324,014680,한솔케미칼,279000,8500,57992,,,,
20260324,014710,사조씨푸드,7450,270,14558,,,,
20260324,014790,HL D&I,3400,5,188696,,,,
20260324,014820,동원시스템즈,25800,500,64658,,,,
20260324,014825,동원시스템즈우,16340,190,224,,,,
20260324,014830,유니드,83700,300,24680,,,,
20260324,014910,성문전자,1666,59,266003,,,,
20260324,014915,성문전자우,4310,245,508,,,,
20260324,014990,인디에프,3720,0,22080,,,,
20260324,015020,이스타코,928,0,0,,,,
20260324,015230,대창단조,6500,-10,93534,,,,
20260324,015260,에이엔피,661,89,5869863,,,,
20260324,015360,INVENI,15660,200,31760,,,,
20260324,015590,DKME,2575,0,0,,,,
20260324,015760,한국전력,46750,1150,1670679,,,,
20260324,015860,일진홀딩스,7180,-20,139961,,,,
20260324,015890,태경산업,4870,30,40499,,,,
20260324,016090,대현,1677,27,76641,,,,
20260324,016360,삼성증권,94600,400,404576,,,,
20260324,016380,KG스틸,5840,50,537330,,,,
20260324,016450,한세예스24홀딩스,4845,-45,107001,,,,
20260324,016580,환인제약,10200,130,17026,,,,
20260324,016590,신대양제지,12060,430,41831,,,,
20260324,016610,DB증권,13330,150,102810,,,,
20260324,016710,대성홀딩스,8810,140,13552,,,,
20260324,016740,두올,4650,100,79753,,,,
20260324,016800,퍼시스,37650,1900,935,,,,
20260324,016880,웅진,2775,40,1101708,,,,
20260324,017040,광명전기,1103,-40,913047,,,,
20260324,017180,명문제약,1815,42,43045,,,,
20260324,017370,우신시스템,5760,130,42826,,,,
20260324,017390,서울가스,66300,-100,13462,,,,
20260324,017550,수산세보틱스,1988,82,647436,,,,
20260324,017670,SK텔레콤,76600,2400,472244,,,,
20260324,017800,현대엘리베이터,86300,2100,214526,,,,
20260324,017810,풀무원,12490,1020,162607,,,,
20260324,017860,DS단석,19040,-730,171599,,,,
20260324,017900,광전자,2615,600,9665572,,,,
20260324,017940,E1,99600,-500,37384,,,,
20260324,017960,한국카본,46800,150,552581,,,,
20260324,018250,애경산업,14320,70,23676,,,,
20260324,018260,삼성에스디에스,157100,4700,91422,,,,
20260324,018470,조일알미늄,1237,-4,1117376,,,,
20260324,018500,동원모빌리티,1670,24,213284,,,,
20260324,018670,SK가스,243500,-11000,37966,,,,
20260324,018880,한온시스템,3930,35,7679239,,,,
20260324,019170,신풍제약,10930,310,88388,,,,
20260324,019175,신풍제약우,17040,370,2450,,,,
20260324,019180,티에이치엔,8650,340,496363,,,,
20260324,019490,엑시큐어하이트론,541,0,0,,,,
20260324,019680,대교,1600,9,31233,,,,
20260324,019685,대교우B,1011,5,7410,,,,
20260324,020000,한섬,26400,1750,137581,,,,
20260324,020120,키다리스튜디오,3205,40,78357,,,,
20260324,020150,롯데에너지머티리얼즈,39600,750,276235,,,,
20260324,020560,아시아나항공,7000,60,349858,,,,
20260324,020760,일진디스플,902,0,0,,,,
20260324,021050,서원,1224,18,444625,,,,
20260324,021240,코웨이,72300,1400,193707,,,,
20260324,021820,세원정공,16330,120,22926,,,,
20260324,022100,포스코DX,30700,1150,345589,,,,
20260324,023000,삼원강재,2360,25,20903,,,,
20260324,023150,MH에탄올,4275,25,2614,,,,
20260324,023350,한국종합기술,4530,45,21752,,,,
20260324,023450,동남합성,30350,0,632,,,,
20260324,023530,롯데쇼핑,105000,4400,92006,,,,
20260324,023590,다우기술,47650,250,30472,,,,
20260324,023800,인지컨트롤스,6610,30,39517,,,,
20260324,023810,인팩,8030,70,18463,,,,
20260324,023960,에쓰씨엔지니어링,1466,19,64727,,,,
20260324,024070,WISCOM,1949,13,32793,,,,
20260324,024090,디씨엠,12120,-30,4657,,,,
20260324,024110,기업은행,23150,100,1189255,,,,
20260324,024720,콜마홀딩스,9300,270,45880,,,,
20260324,024890,대원화성,3865,90,15136,,,,
20260324,024900,디와이덕양,2040,35,44172,,,,
20260324,025000,KPX케미칼,50300,400,3499,,,,
20260324,025530,SJM홀딩스,3580,40,7644,,,,
20260324,025540,한국단자,76900,2000,40732,,,,
20260324,025560,미래산업,2704,78,132850,,,,
20260324,025620,차AI헬스케어,9250,70,5500,,,,
20260324,025750,한솔홈데코,2710,15,69308,,,,
20260324,025820,이구산업,4880,155,189021,,,,
20260324,025860,남해화학,7930,-110,1454281,,,,
20260324,025890,한국주강,1578,-21,28475,,,,
20260324,026890,스틱인베스트먼트,9590,190,100925,,,,
20260324,026940,부국철강,1972,5,44349,,,,
20260324,026960,동서,26600,800,78291,,,,
20260324,027410,BGF,4440,95,185796,,,,
20260324,027740,마니커,1608,18,45605,,,,
20260324,027970,한국제지,3715,10,15123,,,,
20260324,028050,삼성E&A,33800,-2150,4372377,,,,
20260324,028100,동아지질,17610,-180,22544,,,,
20260324,028260,삼성물산,281500,7000,340184,,,,
20260324,02826K,삼성물산우B,183100,5800,7528,,,,
20260324,028670,팬오션,5040,220,3622660,,,,
20260324,029460,케이씨,31050,250,28593,,,,
20260324,029530,신도리코,56400,1300,11951,,,,
20260324,029780,삼성카드,59200,200,150884,,,,
20260324,030000,제일기획,20600,250,373385,,,,
20260324,030190,NICE평가정보,17190,650,68266,,,,
20260324,030200,KT,59300,1500,429966,,,,
20260324,030210,다올투자증권,4080,-5,101146,,,,
20260324,030610,교보증권,12780,290,86837,,,,
20260324,030720,동원수산,5870,30,8308,,,,
20260324,031210,서울보증보험,55100,2100,63052,,,,
20260324,031430,신세계인터내셔날,12380,390,115916,,,,
20260324,031820,아이티센씨티에스,7050,140,67985,,,,
20260324,032350,롯데관광개발,19950,200,461057,,,,
20260324,032560,황금에스티,5950,120,13610,,,,
20260324,032640,LG유플러스,15270,140,741188,,,,
20260324,032830,삼성생명,222000,4500,312515,,,,
20260324,033240,자화전자,38200,600,106016,,,,
20260324,033250,체시스,4690,80,17956,,,,
20260324,033270,유나이티드제약,20100,130,31258,,,,
20260324,033530,SJG세종,7910,200,114658,,,,
20260324,033780,KT&G,157600,5800,160153,,,,
20260324,033920,무학,9020,60,25847,,,,
20260324,034020,두산에너빌리티,100100,-600,5096704,,,,
20260324,034120,SBS,16610,110,11133,,,,
20260324,034220,LG디스플레이,11450,260,3128502,,,,
20260324,034230,파라다이스,17910,1210,802875,,,,
20260324,034310,NICE,14220,30,56404,,,,
20260324,034590,인천도시가스,26900,50,2375,,,,
20260324,034730,SK,343500,14500,167767,,,,
20260324,03473K,SK우,252500,7000,6454,,,,
20260324,034830,한국토지신탁,1626,0,1715660,,,,
20260324,035000,HS애드,8730,120,9538,,,,
20260324,035150,백산,13120,210,39120,,,,
20260324,035250,강원랜드,18120,340,634780,,,,
20260324,035420,NAVER,213500,4500,468548,,,,
20260324,035510,신세계 I&C,20900,-100,976334,,,,
20260324,035720,카카오,48200,1300,1301472,,,,
20260324,036420,콘텐트리중앙,6430,-130,47159,,,,
20260324,036460,한국가스공사,35950,450,263846,,,,
20260324,036530,SNT홀딩스,62700,-200,18187,,,,
20260324,036570,NC,217500,3500,41359,,,,
20260324,036580,팜스코,3330,-45,60678,,,,
20260324,037270,YG PLUS,5460,150,628719,,,,
20260324,037560,LG헬로비전,2265,50,105661,,,,
20260324,037710,광주신세계,38950,250,4981,,,,
20260324,039130,하나투어,41950,1150,45369,,,,
20260324,039490,키움증권,400000,-15000,183189,,,,
20260324,039570,HDC랩스,8520,30,25540,,,,
20260324,041650,상신브레이크,2675,45,21951,,,,
20260324,042660,한화오션,122300,3400,798598,,,,
20260324,042700,한미반도체,296500,-500,853963,,,,
20260324,044380,주연테크,1900,35,24778,,,,
20260324,044450,KSS해운,10690,360,149108,,,,
20260324,044820,코스맥스비티아이,15950,340,17748,,,,
20260324,047040,대우건설,16400,-660,60843341,,,,
20260324,047050,포스코인터내셔널,75900,-1000,639799,,,,
20260324,047400,유니온머티리얼,1633,52,1245880,,,,
20260324,047810,한국항공우주,176300,6400,425818,,,,
20260324,049800,우진플라임,2535,-10,13640,,,,
20260324,051600,한전KPS,62000,-2500,407242,,,,
20260324,051630,진양화학,2195,45,73112,,,,
20260324,051900,LG생활건강,250000,5000,41460,,,,
20260324,051905,LG생활건강우,108200,2600,5921,,,,
20260324,051910,LG화학,314000,24000,337381,,,,
20260324,051915,LG화학우,156600,7700,36560,,,,
20260324,052690,한전기술,157800,-3300,298056,,,,
20260324,053210,스카이라이프,5120,40,24012,,,,
20260324,053690,한미글로벌,24950,-2100,1065251,,,,
20260324,055490,테이팩스,14910,690,6971,,,,
20260324,055550,신한지주,90000,100,1633427,,,,
20260324,058430,포스코스틸리온,4465,65,137360,,,,
20260324,058650,세아홀딩스,159800,7500,7564,,,,
20260324,058730,다스코,3500,-85,504705,,,,
20260324,058850,KTcs,2585,35,199282,,,,
20260324,058860,KTis,2810,40,117942,,,,
20260324,060980,HL홀딩스,45750,550,21836,,,,
20260324,062040,산일전기,152800,100,166887,,,,
20260324,063160,종근당바이오,18950,-30,15327,,,,
20260324,064350,현대로템,177900,9000,690912,,,,
20260324,064400,LG씨엔에스,63500,1000,291945,,,,
20260324,064960,SNT모티브,33650,2350,169775,,,,
20260324,066570,LG전자,114300,4800,655877,,,,
20260324,066575,LG전자우,53000,2500,69826,,,,
20260324,066970,엘앤에프,125000,12900,1385441,,,,
20260324,067830,세이브존I&C,3100,30,50260,,,,
20260324,068270,셀트리온,190252,10771,723874,,,,
20260324,068290,삼성출판사,9070,140,11658,,,,
20260324,069260,TKG휴켐스,18530,370,61852,,,,
20260324,069460,대호에이엘,2660,0,0,,,,
20260324,069620,대웅제약,154600,5000,24131,,,,
20260324,069640,한세엠케이,1212,2,11067,,,,
20260324,069730,DSR제강,4860,160,36710,,,,
20260324,069960,현대백화점,85100,1200,59008,,,,
20260324,070960,모나용평,2940,5,84707,,,,
20260324,071050,한국금융지주,211000,0,355423,,,,
20260324,071055,한국금융지주우,159500,2500,25488,,,,
20260324,071090,하이스틸,3505,60,117364,,,,
20260324,071320,지역난방공사,91600,1900,112724,,,,
20260324,071840,롯데하이마트,8010,180,23566,,,,
20260324,071950,코아스,1994,-131,207543,,,,
20260324,071970,HD현대마린엔진,75200,1700,87839,,,,
20260324,072130,유엔젤,5280,-200,139581,,,,
20260324,072710,농심홀딩스,96000,-200,8174,,,,
20260324,073240,금호타이어,6250,380,762079,,,,
20260324,074610,이엔플러스,5110,0,0,,,,
20260324,075180,새론오토모티브,3020,10,35361,,,,
20260324,075580,세진중공업,17210,250,161909,,,,
20260324,077500,유니퀘스트,6200,160,156935,,,,
20260324,077970,STX엔진,33900,2400,215813,,,,
20260324,078000,텔코웨어,17090,200,11888,,,,
20260324,078520,에이블씨엔씨,13400,700,287227,,,,
20260324,078930,GS,67700,2400,235650,,,,
20260324,078935,GS우,54300,800,2967,,,,
20260324,079160,CJ CGV,4950,130,275476,,,,
20260324,079430,현대리바트,7110,140,24319,,,,
20260324,079550,LIG디펜스앤에어로스페이스,641000,1000,266168,,,,
20260324,079900,전진건설로봇,53700,500,68181,,,,
20260324,079980,휴비스,2555,50,93433,,,,
20260324,081000,일진다이아,13520,200,32395,,,,
20260324,081660,미스토홀딩스,42250,850,134037,,,,
20260324,082640,동양생명,8970,90,256288,,,,
20260324,082740,한화엔진,47150,1900,288801,,,,
20260324,083420,그린케미칼,5600,170,28483,,,,
20260324,084010,대한제강,11260,-70,26486,,,,
20260324,084670,동양고속,42400,1500,19578,,,,
20260324,084680,이월드,1594,13,281133,,,,
20260324,084690,대상홀딩스,9480,180,45984,,,,
20260324,084695,대상홀딩스우,14310,490,5067,,,,
20260324,084870,TBH글로벌,2110,55,109132,,,,
20260324,085310,엔케이,11250,690,231239,,,,
20260324,085620,미래에셋생명,15600,-240,301851,,,,
20260324,086280,현대글로비스,223000,7000,132089,,,,
20260324,086790,하나금융지주,106500,500,711357,,,,
20260324,088260,이리츠코크렙,4780,-5,41477,,,,
20260324,088350,한화생명,4845,45,5553170,,,,
20260324,088790,진도,2570,25,65309,,,,
20260324,088980,맥쿼리인프라,11470,100,1192142,,,,
20260324,089470,HDC현대EP,5380,90,65103,,,,
20260324,089590,제주항공,5080,50,190272,,,,
20260324,089860,롯데렌탈,31650,1050,61922,,,,
20260324,090080,평화산업,900,3,153339,,,,
20260324,090350,노루페인트,9010,260,574154,,,,
20260324,090355,노루페인트우,13100,120,680,,,,
20260324,090370,메타랩스,1447,-12,69531,,,,
20260324,090430,아모레퍼시픽,135700,-300,134398,,,,
20260324,090435,아모레퍼시픽우,46700,-300,9572,,,,
20260324,090460,비에이치,22850,-150,1039786,,,,
20260324,091810,트리니티항공,1121,15,658660,,,,
20260324,092200,디아이씨,8860,410,267304,,,,
20260324,092220,KEC,8945,420,12230859,,,,
20260324,092230,KPX홀딩스,81700,-700,943,,,,
20260324,092440,기신정기,2310,30,9643,,,,
20260324,092780,DYP,4495,165,49404,,,,
20260324,092790,넥스틸,11960,80,192557,,,,
20260324,093050,LF,22800,900,109142,,,,
20260324,093240,형지엘리트,1010,20,481818,,,,
20260324,093370,후성,7150,510,457441,,,,
20260324,094280,효성ITX,12460,110,6937,,,,
20260324,094800,맵스리얼티,6670,-20,38378,,,,
20260324,095570,AJ네트웍스,5110,125,114207,,,,
20260324,095720,웅진씽크빅,2360,-44,47546,,,,
20260324,096760,JW홀딩스,4355,30,115326,,,,
20260324,096770,SK이노베이션,110100,4500,335325,,,,
20260324,096775,SK이노베이션우,69300,2000,7074,,,,
20260324,097230,HJ중공업,27050,650,2459060,,,,
20260324,097520,엠씨넥스,22550,50,45439,,,,
20260324,097950,CJ제일제당,217500,10500,124499,,,,
20260324,097955,CJ제일제당 우,131200,2700,5649,,,,
20260324,100090,SK오션플랜트,25050,-2350,4609950,,,,
20260324,100220,비상교육,5390,180,14175,,,,
20260324,100250,진양홀딩스,2980,30,103296,,,,
20260324,100840,SNT에너지,49450,-4750,962994,,,,
20260324,101140,인바이오젠,9720,60,16821,,,,
20260324,101530,해태제과식품,6300,-40,105717,,,,
20260324,102260,동성케미컬,4045,45,85106,,,,
20260324,102460,이연제약,10100,-10,37806,,,,
20260324,103140,풍산,93500,2100,253355,,,,
20260324,103590,일진전기,77300,700,218605,,,,
20260324,104700,한국철강,9350,30,10372,,,,
20260324,105560,KB금융,146900,1600,1118859,,,,
20260324,105630,한세실업,12000,120,53890,,,,
20260324,105840,우진,25950,-1450,1670135,,,,
20260324,107590,미원홀딩스,64800,900,22,,,,
20260324,108320,LX세미콘,49950,450,52553,,,,
20260324,108670,LX하우시스,29100,-50,29111,,,,
20260324,108675,LX하우시스우,15420,40,2331,,,,
20260324,109070,주성코퍼레이션,1262,-95,3487993,,,,
20260324,111110,호전실업,7500,130,27940,,,,
20260324,111380,동인기연,14350,340,3146,,,,
20260324,111770,영원무역,80900,1400,53481,,,,
20260324,112610,씨에스윈드,61400,-1900,803283,,,,
20260324,114090,GKL,11960,200,208318,,,,
20260324,117580,대성에너지,10330,-1260,3557716,,,,
20260324,118000,메타케어,2410,20,53579,,,,
20260324,119650,KC코트렐,918,0,0,,,,
20260324,120030,조선선재,100800,1600,1588,,,,
20260324,120110,코오롱인더,73400,6900,523599,,,,
20260324,120115,코오롱인더우,27950,1800,25786,,,,
20260324,122900,아이마켓코리아,7520,90,56377,,,,
20260324,123690,한국화장품,8230,200,70971,,,,
20260324,123700,SJM,3540,-15,17952,,,,
20260324,123890,한국자산신탁,2850,0,364298,,,,
20260324,126560,현대퓨처넷,3245,35,68065,,,,
20260324,126720,수산인더스트리,29150,-850,189576,,,,
20260324,128820,대성산업,7140,60,323144,,,,
20260324,128940,한미약품,511000,10000,56470,,,,
20260324,129260,인터지스,2450,15,71165,,,,
20260324,130660,한전산업,20150,-250,634161,,,,
20260324,133820,화인베스틸,1252,32,153988,,,,
20260324,134380,미원화학,11510,10,2480,,,,
20260324,134790,시디즈,19160,-20,967,,,,
20260324,136490,선진,10580,80,94053,,,,
20260324,137310,에스디바이오센서,7710,200,92493,,,,
20260324,138040,메리츠금융지주,106100,800,308761,,,,
20260324,138930,BNK금융지주,18000,290,601263,,,,
20260324,139130,iM금융지주,16660,150,524428,,,,
20260324,139480,이마트,95300,-100,387870,,,,
20260324,139990,아주스틸,2925,-15,56016,,,,
20260324,143210,핸즈코퍼레이션,1199,0,0,,,,
20260324,145210,다이나믹디자인,2240,0,0,,,,
20260324,145270,케이탑리츠,902,5,90554,,,,
20260324,145720,덴티움,49750,450,34196,,,,
20260324,145990,삼양사,46850,900,14180,,,,
20260324,145995,삼양사우,34650,-350,149,,,,
20260324,155660,DSR,4180,85,56870,,,,
20260324,161000,애경케미칼,9250,250,47143,,,,
20260324,161390,한국타이어앤테크놀로지,56000,1800,259173,,,,
20260324,161890,한국콜마,78200,1500,260262,,,,
20260324,163560,동일고무벨트,6860,100,20462,,,,
20260324,170900,동아에스티,43150,700,10789,,,,
20260324,175330,JB금융지주,28950,550,296974,,,,
20260324,178920,PI첨단소재,21100,0,214586,,,,
20260324,180640,한진칼,121300,2500,89372,,,,
20260324,18064K,한진칼우,34700,700,1337,,,,
20260324,181710,NHN,36800,-150,79475,,,,
20260324,183190,아세아시멘트,12110,-140,112834,,,,
20260324,185750,종근당,87900,2600,20940,,,,
20260324,192080,더블유게임즈,49650,300,30962,,,,
20260324,192400,쿠쿠홀딩스,28350,650,21910,,,,
20260324,192650,드림텍,7120,230,187561,,,,
20260324,192820,코스맥스,193500,-4500,84641,,,,
20260324,194370,제이에스코퍼레이션,11980,190,76903,,,,
20260324,195870,해성디에스,55000,2100,73630,,,,
20260324,200880,서연이화,13760,490,109185,,,,
20260324,204320,HL만도,52700,1200,260693,,,,
20260324,207940,삼성바이오로직스,1547000,24000,27709,,,,
20260324,210540,디와이파워,13330,240,77005,,,,
20260324,210980,SK디앤디,13190,190,27836,,,,
20260324,213500,한솔제지,8340,130,113632,,,,
20260324,214320,이노션,18450,-650,220315,,,,
20260324,214330,금호에이치티,13138,707,24920,,,,
20260324,214390,경보제약,7330,-630,3313473,,,,
20260324,214420,토니모리,6910,200,117748,,,,
20260324,217590,티엠씨,24200,-3750,1790194,,,,
20260324,226320,잇츠한불,10250,150,15548,,,,
20260324,227840,현대코퍼레이션홀딩스,12530,280,31803,,,,
20260324,229640,LS에코에너지,44950,900,273350,,,,
20260324,234080,JW생명과학,13100,330,43082,,,,
20260324,241560,두산밥캣,60000,400,304827,,,,
20260324,241590,화승엔터프라이즈,4700,35,83860,,,,
20260324,244920,에이플러스에셋,10950,-300,54880,,,,
20260324,248070,솔루엠,17150,200,109029,,,,
20260324,248170,샘표식품,28150,300,11436,,,,
20260324,249420,일동제약,30150,900,108715,,,,
20260324,251270,넷마블,51300,1600,149135,,,,
20260324,259960,크래프톤,236500,8500,98294,,,,
20260324,264900,크라운제과,8270,30,7900,,,,
20260324,26490K,크라운제과우,9040,170,485,,,,
20260324,267250,HD현대,255000,14500,138232,,,,
20260324,267260,HD현대일렉트릭,925000,12000,135896,,,,
20260324,267270,HD건설기계,132300,3000,230973,,,,
20260324,267290,경동도시가스,22250,200,7025,,,,
20260324,267850,아시아나IDT,10540,500,2906564,,,,
20260324,268280,미원에스씨,125800,6800,3953,,,,
20260324,271560,오리온,133400,3800,89532,,,,
20260324,271940,일진하이솔루스,16620,180,87968,,,,
20260324,271980,제일약품,13700,-130,33721,,,,
20260324,272210,한화시스템,127300,3300,1223824,,,,
20260324,272450,진에어,6310,120,74080,,,,
20260324,272550,삼양패키징,14040,1830,4484878,,,,
20260324,278470,에이피알,332500,8000,182205,,,,
20260324,279570,케이뱅크,6120,-30,4267235,,,,
20260324,280360,롯데웰푸드,112300,3600,17192,,,,
20260324,281820,케이씨텍,46400,1000,144770,,,,
20260324,282330,BGF리테일,122500,2600,34952,,,,
20260324,284740,쿠쿠홈시스,25000,350,16290,,,,
20260324,285130,SK케미칼,55500,400,46734,,,,
20260324,28513K,SK케미칼우,27000,0,6523,,,,
20260324,286940,롯데이노베이트,22800,300,16921,,,,
20260324,293480,하나제약,9300,130,21935,,,,
20260324,293940,신한알파리츠,5740,-20,158337,,,,
20260324,294870,IPARK현대산업개발,21850,-750,466646,,,,
20260324,298000,효성화학,77800,0,0,,,,
20260324,298020,효성티앤씨,392000,11000,40532,,,,
20260324,298040,효성중공업,2701000,112000,38869,,,,
20260324,298050,HS효성첨단소재,219500,1500,9935,,,,
20260324,298690,에어부산,1843,13,340161,,,,
20260324,300720,한일시멘트,16990,80,121787,,,,
20260324,302440,SK바이오사이언스,42150,1350,110762,,,,
20260324,306200,세아제강,140400,1700,13294,,,,
20260324,307950,현대오토에버,405500,10500,50373,,,,
20260324,308170,씨티알모빌리티,5230,220,12749,,,,
20260324,316140,우리금융지주,32300,600,1562406,,,,
20260324,317400,자이에스앤디,4275,-110,148298,,,,
20260324,317450,명인제약,56100,100,16437,,,,
20260324,322000,HD현대에너지솔루션,124300,-11000,1149241,,,,
20260324,323410,카카오뱅크,23800,300,816954,,,,
20260324,326030,SK바이오팜,95000,3800,193466,,,,
20260324,329180,HD현대중공업,516000,14000,194214,,,,
20260324,330590,롯데리츠,4625,-15,176561,,,,
20260324,334890,이지스밸류플러스리츠,4135,25,71505,,,,
20260324,336260,두산퓨얼셀,38100,-1900,735118,,,,
20260324,33626K,두산퓨얼셀1우,7160,-240,43699,,,,
20260324,33626L,두산퓨얼셀2우B,9480,-200,2726,,,,
20260324,336370,솔루스첨단소재,8870,340,352256,,,,
20260324,33637K,솔루스첨단소재1우,2025,-5,16855,,,,
20260324,33637L,솔루스첨단소재2우B,3255,-5,4118,,,,
20260324,338100,NH프라임리츠,4630,5,38185,,,,
20260324,339770,교촌에프앤비,4210,40,57445,,,,
20260324,344820,KCC글라스,25550,-300,37010,,,,
20260324,348950,제이알글로벌리츠,1528,52,566595,,,,
20260324,350520,이지스레지던스리츠,3670,15,34811,,,,
20260324,352820,하이브,293000,2500,640375,,,,
20260324,353200,대덕전자,77600,-1600,1250093,,,,
20260324,35320K,대덕전자1우,18730,210,16580,,,,
20260324,357120,코람코라이프인프라리츠,4610,0,50516,,,,
20260324,357250,미래에셋맵스리츠,2395,5,24559,,,,
20260324,357430,마스턴프리미어리츠,1474,1,40417,,,,
20260324,361610,SK아이이테크놀로지,21600,950,148824,,,,
20260324,363280,티와이홀딩스,2875,-10,71503,,,,
20260324,36328K,티와이홀딩스우,4090,20,6551,,,,
20260324,365550,ESR켄달스퀘어리츠,4235,50,236928,,,,
20260324,372910,한컴라이프케어,2395,20,194205,,,,
20260324,373220,LG에너지솔루션,392500,36500,656541,,,,
20260324,375500,DL이앤씨,60300,-5900,1963153,,,,
20260324,37550K,DL이앤씨우,27100,-2600,30361,,,,
20260324,37550L,DL이앤씨2우(전환),40000,-3900,14333,,,,
20260324,377190,디앤디플랫폼리츠,3050,10,62765,,,,
20260324,377300,카카오페이,53900,-5600,1046481,,,,
20260324,377740,바이오노트,5380,50,39756,,,,
20260324,378850,화승알앤에이,3635,20,75909,,,,
20260324,381970,케이카,14250,150,52422,,,,
20260324,383220,F&F,61600,800,93183,,,,
20260324,383800,LX홀딩스,8450,80,200321,,,,
20260324,38380K,LX홀딩스1우,8300,-70,2004,,,,
20260324,395400,SK리츠,6340,80,275499,,,,
20260324,396690,미래에셋글로벌리츠,2480,-15,101869,,,,
20260324,400760,NH올원리츠,3225,-10,112579,,,,
20260324,402340,SK스퀘어,595000,38000,679224,,,,
20260324,403550,쏘카,11000,0,11180,,,,
20260324,404990,신한서부티엔디리츠,4395,-50,126281,,,,
20260324,415640,KB발해인프라,9950,50,67522,,,,
20260324,417310,코람코더원리츠,9640,10,42322,,,,
20260324,432320,KB스타리츠,2430,-25,809308,,,,
20260324,439260,대한조선,87500,-1300,175278,,,,
20260324,443060,HD현대마린솔루션,179800,10000,124816,,,,
20260324,446070,유니드비티플러스,3040,30,19945,,,,
20260324,448730,삼성FN리츠,5380,-20,48932,,,,
20260324,450080,에코프로머티,68000,7000,2115560,,,,
20260324,451800,한화리츠,5080,-20,85914,,,,
20260324,452260,한화갤러리아,2560,105,1844735,,,,
20260324,45226K,한화갤러리아우,6660,170,8117,,,,
20260324,453340,현대그린푸드,15820,100,22587,,,,
20260324,454910,두산로보틱스,86000,2800,143728,,,,
20260324,456040,OCI,96700,400,74491,,,,
20260324,457190,이수스페셜티케미컬,89600,4900,208015,,,,
20260324,460850,동국씨엠,5850,130,64894,,,,
20260324,460860,동국제강,9390,50,220513,,,,
20260324,462520,조선내화,13770,180,3818,,,,
20260324,462870,시프트업,29800,650,55730,,,,
20260324,465770,STX그린로지스,6260,-400,660072,,,,
20260324,475150,SK이터닉스,51800,-2000,2898104,,,,
20260324,475560,더본코리아,20900,250,12735,,,,
20260324,480370,씨케이솔루션,2730,50,73638,,,,
20260324,481850,신한글로벌액티브리츠,1079,-12,141754,,,,
20260324,483650,달바글로벌,150200,1700,33973,,,,
20260324,484870,엠앤씨솔루션,36333,333,62943,,,,
20260324,487570,HS효성,56400,1500,10657,,,,
20260324,489790,한화비전,83000,2800,1166693,,,,
20260324,499790,GS피앤엘,47150,650,44033,,,,
20260324,900140,엘브이엠씨홀딩스,1672,148,3350044,,,,
20260324,950210,프레스티지바이오파마,10350,1230,308317,,,,
20260325,000020,동화약품,6040,110,60899,,,,
20260325,000040,KR모터스,2000,0,22418,,,,
20260325,000050,경방,9720,140,81965,,,,
20260325,000070,삼양홀딩스,70600,800,14012,,,,
20260325,000080,하이트진로,16660,-10,110810,,,,
20260325,000087,하이트진로2우B,13980,20,1474,,,,
20260325,000100,유한양행,98900,3300,208830,,,,
20260325,000105,유한양행우,87500,1800,953,,,,
20260325,000120,CJ대한통운,112100,3000,34040,,,,
20260325,000140,하이트진로홀딩스,9120,0,13195,,,,
20260325,000145,하이트진로홀딩스우,11490,200,362,,,,
20260325,000150,두산,1250000,99000,81557,,,,
20260325,000155,두산우,518000,27500,19243,,,,
20260325,000157,두산2우B,457000,22000,2926,,,,
20260325,000180,성창기업지주,7510,160,30359,,,,
20260325,000210,DL,58200,1300,295557,,,,
20260325,000215,DL우,26550,900,8515,,,,
20260325,000220,유유제약,4425,180,104166,,,,
20260325,000225,유유제약1우,4430,110,5386,,,,
20260325,000227,유유제약2우B,10780,0,196,,,,
20260325,000230,일동홀딩스,10560,70,12886,,,,
20260325,000240,한국앤컴퍼니,27600,950,86473,,,,
20260325,000270,기아,157900,0,1032979,,,,
20260325,000300,DH오토넥스,4200,0,0,,,,
20260325,000320,노루홀딩스,22700,100,18407,,,,
20260325,000325,노루홀딩스우,31100,300,211,,,,
20260325,000370,한화손해보험,7100,350,612450,,,,
20260325,000390,SP삼화,9610,-290,1489026,,,,
20260325,000400,롯데손해보험,2090,30,407792,,,,
20260325,000430,대원강업,3995,115,82318,,,,
20260325,000480,CR홀딩스,4915,20,29854,,,,
20260325,000490,대동,10090,350,191410,,,,
20260325,000500,가온전선,62347,-1223,54334,,,,
20260325,000520,삼일제약,10340,350,293931,,,,
20260325,000540,흥국화재,4650,25,158208,,,,
20260325,000545,흥국화재우,7000,110,3086,,,,
20260325,000590,CS홀딩스,80000,300,507,,,,
20260325,000640,동아쏘시오홀딩스,99800,300,8992,,,,
20260325,000650,천일고속,227500,3000,1775,,,,
20260325,000660,SK하이닉스,995000,9000,4463869,,,,
20260325,000670,영풍,62800,-1200,76327,,,,
20260325,000680,LS네트웍스,3230,70,143222,,,,
20260325,000700,유수홀딩스,6800,-40,45193,,,,
20260325,000720,현대건설,157900,8000,994207,,,,
20260325,000725,현대건설우,70000,2900,10280,,,,
20260325,000760,이화산업,15290,190,1513,,,,
20260325,000810,삼성화재,490000,9500,146184,,,,
20260325,000815,삼성화재우,402500,5500,41174,,,,
20260325,000850,화천기공,38300,50,3945,,,,
20260325,000860,강남제비스코,14740,-150,23932,,,,
20260325,000880,한화,140095,2521,207752,,,,
20260325,00088K,한화3우B,47120,1964,45045,,,,
20260325,000890,보해양조,2195,35,134318,,,,
20260325,000910,유니온,4490,50,145775,,,,
20260325,000950,전방,36750,800,920,,,,
20260325,000970,한국주철관,6810,0,38172,,,,
20260325,000990,DB하이텍,82400,-1000,334790,,,,
20260325,001020,페이퍼코리아,3015,5,52458,,,,
20260325,001040,CJ,210000,6000,103470,,,,
20260325,001045,CJ우,91400,1600,2551,,,,
20260325,00104K,CJ4우(전환),183300,4600,12714,,,,
20260325,001060,JW중외제약,31700,1400,38683,,,,
20260325,001065,JW중외제약우,26850,-100,924,,,,
20260325,001067,JW중외제약2우B,56300,0,5,,,,
20260325,001070,대한방직,6990,30,14012,,,,
20260325,001080,만호제강,4995,55,52637,,,,
20260325,001120,LX인터내셔널,46600,400,193264,,,,
20260325,001130,대한제분,15190,170,16060,,,,
20260325,001200,유진투자증권,5120,160,1727509,,,,
20260325,001210,금호전기,4025,80,85453,,,,
20260325,001230,동국홀딩스,2321,6,669446,,,,
20260325,001250,GS글로벌,2605,10,903225,,,,
20260325,001260,남광토건,9010,100,20177,,,,
20260325,001270,부국증권,77000,2100,12705,,,,
20260325,001275,부국증권우,38400,500,3853,,,,
20260325,001290,상상인증권,1227,5,1988012,,,,
20260325,001340,PKC,6830,440,400041,,,,
20260325,001360,삼성제약,1915,100,1241859,,,,
20260325,001380,SG글로벌,2765,0,46600,,,,
20260325,001390,KG케미칼,5290,40,454631,,,,
20260325,001420,태원물산,2780,75,3960,,,,
20260325,001430,세아베스틸지주,72500,3600,379041,,,,
20260325,001440,대한전선,30300,1350,2135175,,,,
20260325,001450,현대해상,32150,1400,592702,,,,
20260325,001460,BYC,47800,50,7167,,,,
20260325,001465,BYC우,28700,-200,1147,,,,
20260325,001470,삼부토건,347,0,0,,,,
20260325,001500,현대차증권,11200,290,254364,,,,
20260325,001510,SK증권,4414,-361,38556520,,,,
20260325,001515,SK증권우,14160,20,3885173,,,,
20260325,001520,동양,1662,34,295183,,,,
20260325,001525,동양우,8860,200,1467,,,,
20260325,001527,동양2우B,16460,-2060,15805,,,,
20260325,001530,DI동일,21350,1000,45915,,,,
20260325,001550,조비,14860,-40,186353,,,,
20260325,001560,제일연마,11360,170,3916,,,,
20260325,001570,금양,9900,0,0,,,,
20260325,001620,케이비아이동국실업,3225,65,80984,,,,
20260325,001630,종근당홀딩스,50100,1100,6145,,,,
20260325,001680,대상,21050,50,110440,,,,
20260325,001685,대상우,16960,60,6860,,,,
20260325,001720,신영증권,210000,8000,26856,,,,
20260325,001740,SK네트웍스,5410,190,704628,,,,
20260325,001750,한양증권,26600,150,23036,,,,
20260325,001755,한양증권우,26450,550,6814,,,,
20260325,001770,SHD,17290,-60,1814,,,,
20260325,001780,알루코,2145,45,458124,,,,
20260325,001790,대한제당,2955,10,369949,,,,
20260325,001795,대한제당우,2410,10,24082,,,,
20260325,001800,오리온홀딩스,24850,300,90286,,,,
20260325,001820,삼화콘덴서,55700,1300,185392,,,,
20260325,001940,KISCO홀딩스,26250,450,5910,,,,
20260325,002020,코오롱,56200,4800,104736,,,,
20260325,002025,코오롱우,26650,1250,5695,,,,
20260325,002030,아세아,278500,3000,1512,,,,
20260325,002070,비비안,7245,-296,61333,,,,
20260325,002100,경농,9480,160,60931,,,,
20260325,002140,고려산업,2745,20,263491,,,,
20260325,002150,도화엔지니어링,6550,90,62818,,,,
20260325,002170,SYTS,58800,1200,3085,,,,
20260325,002200,한국수출포장,3030,-10,48378,,,,
20260325,002210,동성제약,1946,0,0,,,,
20260325,002220,한일철강,3785,60,52648,,,,
20260325,002240,고려제강,22100,850,26318,,,,
20260325,002310,아세아제지,9340,550,689192,,,,
20260325,002320,한진,19610,-200,11489,,,,
20260325,002350,넥센타이어,7450,50,168307,,,,
20260325,002355,넥센타이어1우B,4535,55,9798,,,,
20260325,002360,SH에너지화학,4150,60,429888,,,,
20260325,002380,KCC,533000,16000,31682,,,,
20260325,002390,한독,10650,110,9877,,,,
20260325,002410,범양건영,1935,0,0,,,,
20260325,002420,세기상사,5530,-130,16811,,,,
20260325,002450,삼익악기,1255,18,232727,,,,
20260325,002460,HS화성,12510,-180,16590,,,,
20260325,002600,조흥,146100,100,143,,,,
20260325,002620,제일파마홀딩스,8640,70,10788,,,,
20260325,002630,오리엔트바이오,1230,180,4780474,,,,
20260325,002690,동일제강,1558,-11,48894,,,,
20260325,002700,신일전자,1396,16,672235,,,,
20260325,002710,TCC스틸,13540,410,108432,,,,
20260325,002720,국제약품,5100,195,254440,,,,
20260325,002760,보락,1210,25,186075,,,,
20260325,002780,진흥기업,992,4,6599209,,,,
20260325,002785,진흥기업우B,3440,20,8301,,,,
20260325,002787,진흥기업2우B,7690,0,2021,,,,
20260325,002790,아모레퍼시픽홀딩스,28350,600,99181,,,,
20260325,002795,아모레퍼시픽홀딩스우,12280,130,14287,,,,
20260325,00279K,아모레퍼시픽홀딩스3우C,24100,300,5780,,,,
20260325,002810,삼영무역,20350,370,10762,,,,
20260325,002820,SUN&L,2360,-15,4523,,,,
20260325,002840,미원상사,136600,4400,3313,,,,
20260325,002870,신풍,1254,25,212225,,,,
20260325,002880,디와이에이,925,-5,38868,,,,
20260325,002900,TYM,6910,210,260367,,,,
20260325,002920,유성기업,1975,13,58685,,,,
20260325,002960,한국쉘석유,476500,500,1296,,,,
20260325,002990,금호건설,5180,210,107220,,,,
20260325,002995,금호건설우,14200,200,1887,,,,
20260325,003000,부광약품,9240,2130,19330287,,,,
20260325,003010,혜인,5560,140,86658,,,,
20260325,003030,세아제강지주,186800,-2300,36465,,,,
20260325,003060,에이프로젠바이오로직스,316,-21,3663829,,,,
20260325,003070,코오롱글로벌,10650,-80,90654,,,,
20260325,003075,코오롱글로벌우,15680,220,4380,,,,
20260325,003080,SB성보,2615,-5,9044,,,,
20260325,003090,대웅,24300,700,63811,,,,
20260325,0030R0,대신밸류리츠,4285,-5,40941,,,,
20260325,003120,일성아이에스,23600,250,3945,,,,
20260325,003160,디아이,37900,2300,613988,,,,
20260325,003200,일신방직,12410,-80,32798,,,,
20260325,003220,대원제약,10420,150,27571,,,,
20260325,003230,삼양식품,1216000,13000,47371,,,,
20260325,003240,태광산업,1211000,30000,3177,,,,
20260325,003280,흥아해운,3355,-100,81802046,,,,
20260325,003300,한일홀딩스,18700,-1300,268699,,,,
20260325,003350,한국화장품제조,9040,150,38675,,,,
20260325,003460,유화증권,3720,10,235219,,,,
20260325,003465,유화증권우,3680,90,2123,,,,
20260325,003470,유안타증권,5100,110,703791,,,,
20260325,003475,유안타증권우,4750,105,76507,,,,
20260325,003480,한진중공업홀딩스,5050,-40,113356,,,,
20260325,003490,대한항공,25400,550,1778163,,,,
20260325,003495,대한항공우,24200,200,4352,,,,
20260325,003520,영진약품,1780,40,257207,,,,
20260325,003530,한화투자증권,7520,400,4572438,,,,
20260325,003535,한화투자증권우,11180,2580,960189,,,,
20260325,003540,대신증권,39850,1250,200825,,,,
20260325,003545,대신증권우,27100,800,232812,,,,
20260325,003547,대신증권2우B,25700,650,66826,,,,
20260325,003550,LG,88800,1300,269852,,,,
20260325,003555,LG우,69800,600,8064,,,,
20260325,003570,SNT다이내믹스,50800,3400,84329,,,,
20260325,003580,HLB글로벌,2090,55,148060,,,,
20260325,003610,방림,5290,-310,595852,,,,
20260325,003620,KG모빌리티,3530,0,645879,,,,
20260325,003650,미창석유,113800,2100,1212,,,,
20260325,003670,포스코퓨처엠,202500,6100,355823,,,,
20260325,003680,한성기업,5070,70,9934,,,,
20260325,003690,코리안리,13380,130,208447,,,,
20260325,003720,삼영,7350,380,654225,,,,
20260325,003780,진양산업,5620,50,73166,,,,
20260325,003830,대한화섬,124900,300,183,,,,
20260325,003850,보령,9400,300,121385,,,,
20260325,003920,남양유업,52500,-300,5192,,,,
20260325,003925,남양유업우,41100,-250,12637,,,,
20260325,003960,사조대림,33200,100,4660,,,,
20260325,004000,롯데정밀화학,50600,200,82197,,,,
20260325,004020,현대제철,35700,450,487632,,,,
20260325,004060,SG세계물산,5350,30,255813,,,,
20260325,004080,신흥,13760,40,7593,,,,
20260325,004090,한국석유,17170,-120,647015,,,,
20260325,004100,태양금속,3120,-40,566713,,,,
20260325,004105,태양금속우,3840,45,17349,,,,
20260325,004140,동방,2875,95,1126746,,,,
20260325,004150,한솔홀딩스,3435,0,186852,,,,
20260325,004170,신세계,337000,16500,43836,,,,
20260325,004250,NPC,3880,20,49503,,,,
20260325,004255,NPC우,2440,15,4029,,,,
20260325,004270,남성,6097,-40,10124,,,,
20260325,004310,현대약품,9310,130,673722,,,,
20260325,004360,세방,15970,590,74620,,,,
20260325,004365,세방우,9400,90,465,,,,
20260325,004370,농심,378500,4500,12113,,,,
20260325,004380,삼익THK,13000,0,0,,,,
20260325,004410,서울식품,1870,-100,2701014,,,,
20260325,004415,서울식품우,11840,-150,413,,,,
20260325,004430,송원산업,9370,230,258768,,,,
20260325,004440,삼일씨엔에스,8980,2070,1353279,,,,
20260325,004450,삼화왕관,28000,150,384,,,,
20260325,004490,세방전지,61400,1400,26615,,,,
20260325,004540,깨끗한나라,1959,38,54017,,,,
20260325,004545,깨끗한나라우,10260,0,113,,,,
20260325,004560,현대비앤지스틸,16500,130,57965,,,,
20260325,004690,삼천리,153000,2400,13057,,,,
20260325,004700,조광피혁,69300,1100,1835,,,,
20260325,004710,한솔테크닉스,4686,141,107417,,,,
20260325,004720,팜젠사이언스,3845,65,37904,,,,
20260325,004770,써니전자,1637,33,415021,,,,
20260325,004800,효성,155000,14400,66921,,,,
20260325,004830,덕성,4555,85,87872,,,,
20260325,004835,덕성우,6140,140,6522,,,,
20260325,004840,DRB동일,5510,70,7906,,,,
20260325,004870,티웨이홀딩스,1655,-9,23717,,,,
20260325,004890,동일산업,39200,300,667,,,,
20260325,004910,조광페인트,4970,50,66145,,,,
20260325,004920,씨아이테크,1129,30,289138,,,,
20260325,004960,한신공영,15450,-520,330312,,,,
20260325,004970,신라교역,9740,-40,15402,,,,
20260325,004980,성신양회,9860,-60,52630,,,,
20260325,004985,성신양회우,11050,100,3348,,,,
20260325,004990,롯데지주,31100,300,271649,,,,
20260325,00499K,롯데지주우,30450,550,461,,,,
20260325,005010,휴스틸,5340,10,798126,,,,
20260325,005030,부산주공,486,0,0,,,,
20260325,005070,코스모신소재,51600,2550,258277,,,,
20260325,005090,SGC에너지,62000,-1400,129652,,,,
20260325,005110,한창,1254,0,0,,,,
20260325,005180,빙그레,74500,100,18084,,,,
20260325,005250,녹십자홀딩스,14130,300,91597,,,,
20260325,005257,녹십자홀딩스2우,23750,-250,772,,,,
20260325,005300,롯데칠성,119900,1400,14894,,,,
20260325,005305,롯데칠성우,81300,500,810,,,,
20260325,005320,온타이드,1012,12,169637,,,,
20260325,005360,모나미,1725,28,14492,,,,
20260325,005380,현대차,501000,9000,1102731,,,,
20260325,005385,현대차우,256500,6500,51671,,,,
20260325,005387,현대차2우B,257000,6000,116215,,,,
20260325,005389,현대차3우B,246000,5500,6096,,,,
20260325,005420,코스모화학,15190,990,329528,,,,
20260325,005430,한국공항,57400,1100,2766,,,,
20260325,005440,현대지에프홀딩스,14610,240,217369,,,,
20260325,005490,POSCO홀딩스,342000,2500,252184,,,,
20260325,005500,삼진제약,18670,190,19747,,,,
20260325,005610,삼립,51000,300,2194,,,,
20260325,005680,삼영전자,15800,-660,276922,,,,
20260325,005690,파미셀,16620,720,824604,,,,
20260325,005720,넥센,6780,-10,21398,,,,
20260325,005725,넥센우,4430,-20,204,,,,
20260325,005740,크라운해태홀딩스,6920,0,18788,,,,
20260325,005745,크라운해태홀딩스우,7480,0,520,,,,
20260325,005750,대림바스,6190,20,154050,,,,
20260325,005800,신영와코루,15850,20,5319,,,,
20260325,005810,풍산홀딩스,36550,100,45184,,,,
20260325,005820,원림,15640,120,1568,,,,
20260325,005830,DB손해보험,194700,11000,339190,,,,
20260325,005850,에스엘,61000,1300,102302,,,,
20260325,005870,휴니드,8950,350,320456,,,,
20260325,005880,대한해운,2435,100,35236863,,,,
20260325,005930,삼성전자,189000,-700,22995904,,,,
20260325,005935,삼성전자우,133600,-500,3288796,,,,
20260325,005940,NH투자증권,34300,1350,977000,,,,
20260325,005945,NH투자증권우,27200,600,137509,,,,
20260325,005950,이수화학,8050,130,122695,,,,
20260325,005960,동부건설,9020,210,181007,,,,
20260325,005965,동부건설우,19240,90,580,,,,
20260325,006040,동원산업,40000,400,49393,,,,
20260325,006060,화승인더,3245,10,91218,,,,
20260325,006090,사조오양,8270,-100,5951,,,,
20260325,006110,삼아알미늄,29950,800,64372,,,,
20260325,006120,SK디스커버리,59500,500,53520,,,,
20260325,006125,SK디스커버리우,40550,500,3115,,,,
20260325,006200,한국전자홀딩스,5240,710,3121770,,,,
20260325,006220,제주은행,13110,250,118877,,,,
20260325,006260,LS,283500,7000,115618,,,,
20260325,006280,녹십자,149000,4500,27704,,,,
20260325,006340,대원전선,5860,380,4684473,,,,
20260325,006345,대원전선우,3910,115,33986,,,,
20260325,006360,GS건설,27400,-800,4404040,,,,
20260325,006370,대구백화점,4760,270,72513,,,,
20260325,006380,카프로,3660,0,0,,,,
20260325,006400,삼성SDI,404000,6500,416484,,,,
20260325,006405,삼성SDI우,214500,1000,7649,,,,
20260325,006490,프리티,1340,200,1437148,,,,
20260325,006570,대림통상,2000,-10,3582,,,,
20260325,006650,대한유화,135700,600,84529,,,,
20260325,006660,삼성공조,11900,250,23431,,,,
20260325,006740,블루산업개발,1294,-2,33530,,,,
20260325,006800,미래에셋증권,67300,6200,5318315,,,,
20260325,006805,미래에셋증권우,23250,2400,378510,,,,
20260325,00680K,미래에셋증권2우B,21050,1450,445212,,,,
20260325,006840,AK홀딩스,7920,110,3726,,,,
20260325,006880,신송홀딩스,7090,-10,82800,,,,
20260325,006890,태경케미컬,8880,-30,427843,,,,
20260325,006980,우성,21200,-100,2559,,,,
20260325,007070,GS리테일,20600,150,93093,,,,
20260325,007110,일신석재,1562,74,350385,,,,
20260325,007120,미래아이앤지,2050,10,255982,,,,
20260325,007160,사조산업,53900,600,4698,,,,
20260325,007210,벽산,1900,33,144291,,,,
20260325,007280,한국특강,2843,-32,42184,,,,
20260325,007310,오뚜기,370500,2500,2908,,,,
20260325,007340,DN오토모티브,39200,-50,282829,,,,
20260325,007460,에이프로젠,322,-12,6275673,,,,
20260325,007540,샘표,55400,600,4297,,,,
20260325,007570,일양약품,14600,0,0,,,,
20260325,007575,일양약품우,15260,0,0,,,,
20260325,007590,동방아그로,5880,30,2922,,,,
20260325,007610,선도전기,3000,0,0,,,,
20260325,007660,이수페타시스,120300,100,904992,,,,
20260325,007690,국도화학,36000,-200,5671,,,,
20260325,007700,F&F홀딩스,19330,230,14642,,,,
20260325,007810,코리아써키트,79500,14300,1505666,,,,
20260325,007815,코리아써우,19450,2810,49126,,,,
20260325,00781K,코리아써키트2우B,14020,970,17668,,,,
20260325,007860,서연,10030,60,105538,,,,
20260325,007980,TP,1864,32,194362,,,,
20260325,008040,사조동아원,1040,-12,388545,,,,
20260325,008060,대덕,14860,1010,174733,,,,
20260325,00806K,대덕1우,12120,430,47656,,,,
20260325,008250,이건산업,3920,20,10949,,,,
20260325,008260,NI스틸,3640,30,36465,,,,
20260325,008350,남선알미늄,1371,-2,4065960,,,,
20260325,008355,남선알미우,12730,40,2175,,,,
20260325,008420,문배철강,2375,25,86599,,,,
20260325,008490,서흥,19980,0,17376,,,,
20260325,008600,윌비스,2620,0,0,,,,
20260325,008700,아남전자,1586,-62,2623766,,,,
20260325,008730,율촌화학,23700,450,98817,,,,
20260325,008770,호텔신라,42700,-400,118378,,,,
20260325,008775,호텔신라우,33600,250,872,,,,
20260325,008870,금비,45600,300,147,,,,
20260325,008930,한미사이언스,37700,1000,99190,,,,
20260325,008970,KBI동양철관,1804,87,1296745,,,,
20260325,009070,KCTC,6220,-20,242575,,,,
20260325,009140,경인전자,22550,400,3258,,,,
20260325,009150,삼성전기,454500,17500,465963,,,,
20260325,009155,삼성전기우,178200,4100,24442,,,,
20260325,009160,SIMPAC,4790,145,60056,,,,
20260325,009180,한솔로지스틱스,2960,20,88680,,,,
20260325,009190,대양금속,1302,67,453899,,,,
20260325,009200,무림페이퍼,2070,20,452456,,,,
20260325,009240,한샘,43600,500,23385,,,,
20260325,009270,신원,1324,19,253951,,,,
20260325,009290,광동제약,9010,10,372847,,,,
20260325,009310,참엔지니어링,1065,0,0,,,,
20260325,009320,아진전자부품,1069,46,387659,,,,
20260325,009410,태영건설,1885,42,351552,,,,
20260325,009415,태영건설우,5870,-50,7494,,,,
20260325,009420,한올바이오파마,57900,4400,403939,,,,
20260325,009440,KC그린홀딩스,756,0,0,,,,
20260325,009450,경동나비엔,63000,200,43413,,,,
20260325,009460,한창제지,2595,35,36690,,,,
20260325,009470,삼화전기,37850,150,165905,,,,
20260325,009540,HD한국조선해양,385000,5500,209425,,,,
20260325,009580,무림P&P,2725,20,1867585,,,,
20260325,009680,모토닉,10910,110,17287,,,,
20260325,009770,삼정펄프,31750,350,2496,,,,
20260325,009810,MDS스피어,2157,-6,10574,,,,
20260325,009830,한화솔루션,42445,0,2066789,,,,
20260325,009835,한화솔루션우,24250,271,16474,,,,
20260325,009900,명신산업,10090,0,237641,,,,
20260325,009970,영원무역홀딩스,220500,-2000,17801,,,,
20260325,010040,한국내화,1969,21,26447,,,,
20260325,010060,OCI홀딩스,182800,5200,151762,,,,
20260325,010100,한국무브넥스,4655,0,134004,,,,
20260325,010120,LS ELECTRIC,168800,6200,690845,,,,
20260325,010130,고려아연,1593000,50000,22294,,,,
20260325,010140,삼성중공업,26850,450,3901636,,,,
20260325,010400,우진아이엔에스,3755,-40,12650,,,,
20260325,010580,에스엠벡셀,1969,19,138481,,,,
20260325,010640,진양폴리,2495,35,35929,,,,
20260325,010660,화천기계,5940,240,251552,,,,
20260325,010690,화신,11820,350,168768,,,,
20260325,010770,평화홀딩스,3910,-25,32489,,,,
20260325,010780,아이에스동서,28550,200,90323,,,,
20260325,010820,퍼스텍,7530,620,2642002,,,,
20260325,010950,S-Oil,113300,4900,494701,,,,
20260325,010955,S-Oil우,55100,600,47867,,,,
20260325,010960,삼호개발,4105,55,54743,,,,
20260325,011000,진원생명과학,5020,600,741250,,,,
20260325,011070,LG이노텍,313000,21000,413296,,,,
20260325,011090,에넥스,2175,-50,22388,,,,
20260325,011150,CJ씨푸드,2680,25,118685,,,,
20260325,011155,CJ씨푸드1우,13430,-30,1572,,,,
20260325,011170,롯데케미칼,79800,-600,204414,,,,
20260325,011200,HMM,19930,0,1979504,,,,
20260325,011210,현대위아,82600,400,102755,,,,
20260325,011230,삼화전자,2620,35,39099,,,,
20260325,011280,태림포장,2200,267,1427285,,,,
20260325,011300,우성머티리얼스,3010,-60,103345,,,,
20260325,011330,유니켐,7590,10,87141,,,,
20260325,011390,부산산업,74400,700,2629,,,,
20260325,011420,갤럭시아에스엠,1823,12,54579,,,,
20260325,011500,한농화성,20950,750,165409,,,,
20260325,011690,와이투솔루션,6260,160,383478,,,,
20260325,011700,한신기계,4930,155,948097,,,,
20260325,011760,현대코퍼레이션,26150,100,30815,,,,
20260325,011780,금호석유화학,130000,2600,84528,,,,
20260325,011785,금호석유화학우,59900,1400,3168,,,,
20260325,011790,SKC,95967,2068,191956,,,,
20260325,011810,STX,3530,0,0,,,,
20260325,011930,신성이엔지,27550,1050,1452117,,,,
20260325,012030,DB,1729,6,557678,,,,
20260325,0120G0,삼양바이오팜,119800,10100,149340,,,,
20260325,012160,영흥,2880,30,16451,,,,
20260325,012170,아센디오,1313,25,83143,,,,
20260325,012200,계양전기,6184,28,263010,,,,
20260325,012205,계양전기우,5134,204,21153,,,,
20260325,012280,영화금속,1086,37,317360,,,,
20260325,012320,경동인베스트,59000,0,14409,,,,
20260325,012330,현대모비스,402000,9500,226151,,,,
20260325,012450,한화에어로스페이스,1400000,65000,212913,,,,
20260325,012610,경인양행,4065,25,156264,,,,
20260325,012630,HDC,27800,1250,154515,,,,
20260325,012690,모나리자,2065,-5,109004,,,,
20260325,0126Z0,삼성에피스홀딩스,540000,24000,42432,,,,
20260325,012750,에스원,86900,-200,43536,,,,
20260325,012800,대창,1329,-2,791180,,,,
20260325,013000,세우글로벌,1137,-28,56071,,,,
20260325,013360,일성건설,1920,20,322783,,,,
20260325,013520,화승코퍼레이션,2885,40,81577,,,,
20260325,013570,디와이,5070,-90,145696,,,,
20260325,013580,계룡건설,26950,700,52916,,,,
20260325,013700,까뮤이앤씨,1283,23,62655,,,,
20260325,013870,지엠비코리아,5370,120,49576,,,,
20260325,013890,지누스,11200,0,15319,,,,
20260325,014130,한익스프레스,2635,-40,32979,,,,
20260325,014160,대영포장,1084,15,810426,,,,
20260325,014280,금강공업,5020,50,82237,,,,
20260325,014285,금강공업우,6880,50,3632,,,,
20260325,014440,영보화학,4695,10,16557,,,,
20260325,014530,극동유화,3690,70,701165,,,,
20260325,014580,태경비케이,4545,25,95728,,,,
20260325,014680,한솔케미칼,282500,3500,41206,,,,
20260325,014710,사조씨푸드,7560,110,41048,,,,
20260325,014790,HL D&I,3440,40,111116,,,,
20260325,014820,동원시스템즈,26650,850,36646,,,,
20260325,014825,동원시스템즈우,16370,30,62,,,,
20260325,014830,유니드,85000,1300,28069,,,,
20260325,014910,성문전자,1669,3,209431,,,,
20260325,014915,성문전자우,4190,-120,1680,,,,
20260325,014990,인디에프,3835,115,13879,,,,
20260325,015020,이스타코,928,0,0,,,,
20260325,015230,대창단조,6760,260,112110,,,,
20260325,015260,에이엔피,630,-31,809189,,,,
20260325,015360,INVENI,15860,200,38945,,,,
20260325,015590,DKME,2575,0,0,,,,
20260325,015760,한국전력,46450,-300,2477570,,,,
20260325,015860,일진홀딩스,7360,180,59378,,,,
20260325,015890,태경산업,4900,30,64791,,,,
20260325,016090,대현,1689,12,57848,,,,
20260325,016360,삼성증권,97800,3200,292353,,,,
20260325,016380,KG스틸,5840,0,351466,,,,
20260325,016450,한세예스24홀딩스,4840,-5,54843,,,,
20260325,016580,환인제약,10470,270,33437,,,,
20260325,016590,신대양제지,12670,610,32114,,,,
20260325,016610,DB증권,13820,490,110075,,,,
20260325,016710,대성홀딩스,8820,10,16759,,,,
20260325,016740,두올,4680,30,34418,,,,
20260325,016800,퍼시스,38150,500,2169,,,,
20260325,016880,웅진,2735,-40,716905,,,,
20260325,017040,광명전기,1087,-16,725939,,,,
20260325,017180,명문제약,1924,109,237255,,,,
20260325,017370,우신시스템,5800,40,60991,,,,
20260325,017390,서울가스,67100,800,9502,,,,
20260325,017550,수산세보틱스,2035,47,423031,,,,
20260325,017670,SK텔레콤,79800,3200,734636,,,,
20260325,017800,현대엘리베이터,88000,1700,214336,,,,
20260325,017810,풀무원,12330,-160,40202,,,,
20260325,017860,DS단석,19190,150,123873,,,,
20260325,017900,광전자,3395,780,31706353,,,,
20260325,017940,E1,100000,400,19760,,,,
20260325,017960,한국카본,41850,-4950,2387781,,,,
20260325,018250,애경산업,14610,290,24267,,,,
20260325,018260,삼성에스디에스,159500,2400,130458,,,,
20260325,018470,조일알미늄,1238,1,584641,,,,
20260325,018500,동원모빌리티,1709,39,308753,,,,
20260325,018670,SK가스,247000,3500,24197,,,,
20260325,018880,한온시스템,4055,125,6747076,,,,
20260325,019170,신풍제약,10990,60,84315,,,,
20260325,019175,신풍제약우,17110,70,1747,,,,
20260325,019180,티에이치엔,8730,80,398482,,,,
20260325,019490,엑시큐어하이트론,541,0,0,,,,
20260325,019680,대교,1614,14,49497,,,,
20260325,019685,대교우B,1010,-1,47105,,,,
20260325,020000,한섬,26750,350,152831,,,,
20260325,020120,키다리스튜디오,3270,65,52558,,,,
20260325,020150,롯데에너지머티리얼즈,40850,1250,198657,,,,
20260325,020560,아시아나항공,7090,90,97111,,,,
20260325,020760,일진디스플,902,0,0,,,,
20260325,021050,서원,1236,12,291657,,,,
20260325,021240,코웨이,74100,1800,132748,,,,
20260325,021820,세원정공,16300,-30,6690,,,,
20260325,022100,포스코DX,31500,800,273874,,,,
20260325,023000,삼원강재,2355,-5,14218,,,,
20260325,023150,MH에탄올,4295,20,5524,,,,
20260325,023350,한국종합기술,4645,115,31382,,,,
20260325,023450,동남합성,30500,150,547,,,,
20260325,023530,롯데쇼핑,111300,6300,143316,,,,
20260325,023590,다우기술,49150,1500,39100,,,,
20260325,023800,인지컨트롤스,6820,210,72927,,,,
20260325,023810,인팩,8130,100,16291,,,,
20260325,023960,에쓰씨엔지니어링,1474,8,59844,,,,
20260325,024070,WISCOM,1973,24,29137,,,,
20260325,024090,디씨엠,12140,20,11416,,,,
20260325,024110,기업은행,23400,250,1137165,,,,
20260325,024720,콜마홀딩스,9370,70,26291,,,,
20260325,024890,대원화성,3900,35,8712,,,,
20260325,024900,디와이덕양,2045,5,48630,,,,
20260325,025000,KPX케미칼,50100,-200,4044,,,,
20260325,025530,SJM홀딩스,3625,45,4778,,,,
20260325,025540,한국단자,79000,2100,58642,,,,
20260325,025560,미래산업,2792,88,217430,,,,
20260325,025620,차AI헬스케어,9220,-30,10078,,,,
20260325,025750,한솔홈데코,2735,25,36424,,,,
20260325,025820,이구산업,4930,50,196636,,,,
20260325,025860,남해화학,7990,60,1073661,,,,
20260325,025890,한국주강,1631,53,51501,,,,
20260325,026890,스틱인베스트먼트,9800,210,150329,,,,
20260325,026940,부국철강,1995,23,35567,,,,
20260325,026960,동서,27200,600,91851,,,,
20260325,027410,BGF,4525,85,380950,,,,
20260325,027740,마니커,1622,14,41642,,,,
20260325,027970,한국제지,3720,5,19339,,,,
20260325,028050,삼성E&A,33700,-100,2869919,,,,
20260325,028100,동아지질,18040,430,50253,,,,
20260325,028260,삼성물산,289000,7500,367791,,,,
20260325,02826K,삼성물산우B,185900,2800,5009,,,,
20260325,028670,팬오션,5080,40,1739003,,,,
20260325,029460,케이씨,33900,2850,94394,,,,
20260325,029530,신도리코,55300,-1100,13280,,,,
20260325,029780,삼성카드,56400,-2800,198526,,,,
20260325,030000,제일기획,20050,-550,394779,,,,
20260325,030190,NICE평가정보,17020,-170,65580,,,,
20260325,030200,KT,60100,800,289831,,,,
20260325,030210,다올투자증권,4170,90,119267,,,,
20260325,030610,교보증권,12910,130,145401,,,,
20260325,030720,동원수산,5880,10,10010,,,,
20260325,031210,서울보증보험,56200,1100,60515,,,,
20260325,031430,신세계인터내셔날,12380,0,53307,,,,
20260325,031820,아이티센씨티에스,7330,280,74245,,,,
20260325,032350,롯데관광개발,19700,-250,657676,,,,
20260325,032560,황금에스티,6040,90,23010,,,,
20260325,032640,LG유플러스,15600,330,892685,,,,
20260325,032830,삼성생명,227500,5500,493421,,,,
20260325,033240,자화전자,38100,-100,129343,,,,
20260325,033250,체시스,4755,65,31913,,,,
20260325,033270,유나이티드제약,20650,550,38816,,,,
20260325,033530,SJG세종,7990,80,123502,,,,
20260325,033780,KT&G,155900,-1700,237720,,,,
20260325,033920,무학,8990,-30,42256,,,,
20260325,034020,두산에너빌리티,102600,2500,3200148,,,,
20260325,034120,SBS,16660,50,12841,,,,
20260325,034220,LG디스플레이,11750,300,3862555,,,,
20260325,034230,파라다이스,16970,-940,882601,,,,
20260325,034310,NICE,14170,-50,46751,,,,
20260325,034590,인천도시가스,27100,200,3115,,,,
20260325,034730,SK,346000,2500,259904,,,,
20260325,03473K,SK우,258000,5500,2254,,,,
20260325,034830,한국토지신탁,1734,108,3008639,,,,
20260325,035000,HS애드,8660,-70,19890,,,,
20260325,035150,백산,13080,-40,32056,,,,
20260325,035250,강원랜드,18140,20,451266,,,,
20260325,035420,NAVER,215500,2000,465850,,,,
20260325,035510,신세계 I&C,21050,150,569626,,,,
20260325,035720,카카오,49050,850,1232140,,,,
20260325,036420,콘텐트리중앙,6340,-90,73427,,,,
20260325,036460,한국가스공사,36000,50,224026,,,,
20260325,036530,SNT홀딩스,62700,0,11216,,,,
20260325,036570,NC,227500,10000,137087,,,,
20260325,036580,팜스코,3320,-10,29172,,,,
20260325,037270,YG PLUS,5670,210,443761,,,,
20260325,037560,LG헬로비전,2285,20,89693,,,,
20260325,037710,광주신세계,39100,150,7090,,,,
20260325,039130,하나투어,42200,250,37445,,,,
20260325,039490,키움증권,432000,32000,112466,,,,
20260325,039570,HDC랩스,8600,80,20546,,,,
20260325,041650,상신브레이크,2615,-60,16619,,,,
20260325,042660,한화오션,124700,2400,753232,,,,
20260325,042700,한미반도체,300000,3500,675633,,,,
20260325,044380,주연테크,1945,45,17241,,,,
20260325,044450,KSS해운,10610,-80,111597,,,,
20260325,044820,코스맥스비티아이,15910,-40,10550,,,,
20260325,047040,대우건설,16410,10,37021924,,,,
20260325,047050,포스코인터내셔널,75800,-100,758483,,,,
20260325,047400,유니온머티리얼,1620,-13,710851,,,,
20260325,047810,한국항공우주,185000,8700,577764,,,,
20260325,049800,우진플라임,2510,-25,59464,,,,
20260325,051600,한전KPS,62800,800,287910,,,,
20260325,051630,진양화학,2275,80,68023,,,,
20260325,051900,LG생활건강,246500,-3500,56295,,,,
20260325,051905,LG생활건강우,109300,1100,5689,,,,
20260325,051910,LG화학,318000,4000,218075,,,,
20260325,051915,LG화학우,158500,1900,35760,,,,
20260325,052690,한전기술,168800,11000,405793,,,,
20260325,053210,스카이라이프,5160,40,49205,,,,
20260325,053690,한미글로벌,26350,1400,938574,,,,
20260325,055490,테이팩스,15400,490,19678,,,,
20260325,055550,신한지주,92100,2100,1255340,,,,
20260325,058430,포스코스틸리온,4590,125,231500,,,,
20260325,058650,세아홀딩스,163000,3200,5848,,,,
20260325,058730,다스코,3655,155,343560,,,,
20260325,058850,KTcs,2630,45,248586,,,,
20260325,058860,KTis,2865,55,85945,,,,
20260325,060980,HL홀딩스,46200,450,15552,,,,
20260325,062040,산일전기,165800,13000,430586,,,,
20260325,063160,종근당바이오,19590,640,13351,,,,
20260325,064350,현대로템,190700,12800,1090736,,,,
20260325,064400,LG씨엔에스,62500,-1000,742165,,,,
20260325,064960,SNT모티브,34750,1100,105586,,,,
20260325,066570,LG전자,114700,400,757815,,,,
20260325,066575,LG전자우,52800,-200,67716,,,,
20260325,066970,엘앤에프,145300,20300,2405085,,,,
20260325,067830,세이브존I&C,3120,20,52813,,,,
20260325,068270,셀트리온,193969,3717,495953,,,,
20260325,068290,삼성출판사,9120,50,6873,,,,
20260325,069260,TKG휴켐스,18660,130,84809,,,,
20260325,069460,대호에이엘,2660,0,0,,,,
20260325,069620,대웅제약,159400,4800,29346,,,,
20260325,069640,한세엠케이,1220,8,10107,,,,
20260325,069730,DSR제강,4955,95,30083,,,,
20260325,069960,현대백화점,86800,1700,38838,,,,
20260325,070960,모나용평,3015,75,48159,,,,
20260325,071050,한국금융지주,220500,9500,252285,,,,
20260325,071055,한국금융지주우,167000,7500,21287,,,,
20260325,071090,하이스틸,3545,40,64935,,,,
20260325,071320,지역난방공사,91200,-400,29302,,,,
20260325,071840,롯데하이마트,8130,120,17619,,,,
20260325,071950,코아스,1996,2,536876,,,,
20260325,071970,HD현대마린엔진,77500,2300,391519,,,,
20260325,072130,유엔젤,5290,10,4030998,,,,
20260325,072710,농심홀딩스,97000,1000,3257,,,,
20260325,073240,금호타이어,6220,-30,553295,,,,
20260325,074610,이엔플러스,5110,0,0,,,,
20260325,075180,새론오토모티브,3060,40,5746,,,,
20260325,075580,세진중공업,17530,320,219165,,,,
20260325,077500,유니퀘스트,6430,230,195514,,,,
20260325,077970,STX엔진,36350,2450,803513,,,,
20260325,078000,텔코웨어,17470,380,22027,,,,
20260325,078520,에이블씨엔씨,13100,-300,229459,,,,
20260325,078930,GS,70200,2500,228099,,,,
20260325,078935,GS우,54800,500,6098,,,,
20260325,079160,CJ CGV,4850,-100,710149,,,,
20260325,079430,현대리바트,7200,90,32872,,,,
20260325,079550,LIG디펜스앤에어로스페이스,734000,93000,732345,,,,
20260325,079900,전진건설로봇,55700,2000,60539,,,,
20260325,079980,휴비스,2680,125,170195,,,,
20260325,081000,일진다이아,13980,460,37414,,,,
20260325,081660,미스토홀딩스,42200,-50,180128,,,,
20260325,082640,동양생명,8900,-70,392215,,,,
20260325,082740,한화엔진,48750,1600,539926,,,,
20260325,083420,그린케미칼,5700,100,36192,,,,
20260325,084010,대한제강,11190,-70,32159,,,,
20260325,084670,동양고속,42350,-50,19343,,,,
20260325,084680,이월드,1586,-8,143513,,,,
20260325,084690,대상홀딩스,9500,20,35935,,,,
20260325,084695,대상홀딩스우,14840,530,13140,,,,
20260325,084870,TBH글로벌,2150,40,69826,,,,
20260325,085310,엔케이,11240,-10,53568,,,,
20260325,085620,미래에셋생명,17870,2270,1659361,,,,
20260325,086280,현대글로비스,229500,6500,134766,,,,
20260325,086790,하나금융지주,108700,2200,977916,,,,
20260325,088260,이리츠코크렙,4805,25,37401,,,,
20260325,088350,한화생명,4970,125,8071029,,,,
20260325,088790,진도,2530,-40,32037,,,,
20260325,088980,맥쿼리인프라,11490,20,1189987,,,,
20260325,089470,HDC현대EP,5480,100,185981,,,,
20260325,089590,제주항공,5200,120,167055,,,,
20260325,089860,롯데렌탈,31600,-50,31625,,,,
20260325,090080,평화산업,910,10,106588,,,,
20260325,090350,노루페인트,9160,150,368187,,,,
20260325,090355,노루페인트우,13390,290,1283,,,,
20260325,090370,메타랩스,1490,43,94039,,,,
20260325,090430,아모레퍼시픽,136800,1100,109261,,,,
20260325,090435,아모레퍼시픽우,48200,1500,13672,,,,
20260325,090460,비에이치,22850,0,628205,,,,
20260325,091810,트리니티항공,1170,49,1107917,,,,
20260325,092200,디아이씨,8800,-60,275723,,,,
20260325,092220,KEC,8775,-170,3906777,,,,
20260325,092230,KPX홀딩스,81700,0,5846,,,,
20260325,092440,기신정기,2295,-15,13413,,,,
20260325,092780,DYP,4435,-60,29341,,,,
20260325,092790,넥스틸,12060,100,156784,,,,
20260325,093050,LF,22850,50,117042,,,,
20260325,093240,형지엘리트,1025,15,385694,,,,
20260325,093370,후성,7340,190,370454,,,,
20260325,094280,효성ITX,12530,70,12640,,,,
20260325,094800,맵스리얼티,6830,160,99333,,,,
20260325,095570,AJ네트웍스,5260,150,289480,,,,
20260325,095720,웅진씽크빅,2326,-34,52070,,,,
20260325,096760,JW홀딩스,4425,70,123257,,,,
20260325,096770,SK이노베이션,114100,4000,429196,,,,
20260325,096775,SK이노베이션우,70200,900,3059,,,,
20260325,097230,HJ중공업,26950,-100,1499195,,,,
20260325,097520,엠씨넥스,23200,650,32004,,,,
20260325,097950,CJ제일제당,219000,1500,52124,,,,
20260325,097955,CJ제일제당 우,130900,-300,3572,,,,
20260325,100090,SK오션플랜트,25050,0,3661297,,,,
20260325,100220,비상교육,5450,60,18102,,,,
20260325,100250,진양홀딩스,3005,25,155323,,,,
20260325,100840,SNT에너지,48300,-1150,517234,,,,
20260325,101140,인바이오젠,9780,60,4444,,,,
20260325,101530,해태제과식품,6360,60,33679,,,,
20260325,102260,동성케미컬,4095,50,155197,,,,
20260325,102460,이연제약,10170,70,21857,,,,
20260325,103140,풍산,98200,4700,252413,,,,
20260325,103590,일진전기,79500,2200,367232,,,,
20260325,104700,한국철강,9350,0,25076,,,,
20260325,105560,KB금융,149400,2500,1431022,,,,
20260325,105630,한세실업,12220,220,41585,,,,
20260325,105840,우진,27050,1100,1094019,,,,
20260325,107590,미원홀딩스,65000,200,171,,,,
20260325,108320,LX세미콘,51600,1650,55032,,,,
20260325,108670,LX하우시스,29050,-50,11256,,,,
20260325,108675,LX하우시스우,15630,210,5219,,,,
20260325,109070,주성코퍼레이션,1350,88,3622848,,,,
20260325,111110,호전실업,7490,-10,17694,,,,
20260325,111380,동인기연,14800,450,11743,,,,
20260325,111770,영원무역,81800,900,55496,,,,
20260325,112610,씨에스윈드,63300,1900,522779,,,,
20260325,114090,GKL,12000,40,148664,,,,
20260325,117580,대성에너지,10720,390,2387070,,,,
20260325,118000,메타케어,2410,0,44701,,,,
20260325,119650,KC코트렐,918,0,0,,,,
20260325,120030,조선선재,101800,1000,389,,,,
20260325,120110,코오롱인더,78800,5400,792919,,,,
20260325,120115,코오롱인더우,28850,900,17933,,,,
20260325,122900,아이마켓코리아,7560,40,33761,,,,
20260325,123690,한국화장품,8320,90,69608,,,,
20260325,123700,SJM,3630,90,15125,,,,
20260325,123890,한국자산신탁,2855,5,208575,,,,
20260325,126560,현대퓨처넷,3270,25,70382,,,,
20260325,126720,수산인더스트리,28900,-250,67965,,,,
20260325,128820,대성산업,7280,140,243480,,,,
20260325,128940,한미약품,541000,30000,74752,,,,
20260325,129260,인터지스,2480,30,26932,,,,
20260325,130660,한전산업,20600,450,619663,,,,
20260325,133820,화인베스틸,1236,-16,75416,,,,
20260325,134380,미원화학,11800,290,3080,,,,
20260325,134790,시디즈,19180,20,1058,,,,
20260325,136490,선진,10550,-30,93514,,,,
20260325,137310,에스디바이오센서,7930,220,99116,,,,
20260325,138040,메리츠금융지주,111400,5300,301438,,,,
20260325,138930,BNK금융지주,18450,450,656148,,,,
20260325,139130,iM금융지주,16980,320,543694,,,,
20260325,139480,이마트,98500,3200,290742,,,,
20260325,139990,아주스틸,2995,70,19972,,,,
20260325,143210,핸즈코퍼레이션,1199,0,0,,,,
20260325,145210,다이나믹디자인,2240,0,0,,,,
20260325,145270,케이탑리츠,905,3,86982,,,,
20260325,145720,덴티움,51100,1350,22746,,,,
20260325,145990,삼양사,47400,550,10277,,,,
20260325,145995,삼양사우,35000,350,465,,,,
20260325,155660,DSR,4230,50,51466,,,,
20260325,161000,애경케미칼,9420,170,62535,,,,
20260325,161390,한국타이어앤테크놀로지,58100,2100,472437,,,,
20260325,161890,한국콜마,79600,1400,286654,,,,
20260325,163560,동일고무벨트,6980,120,25232,,,,
20260325,170900,동아에스티,44550,1400,12810,,,,
20260325,175330,JB금융지주,29650,700,238272,,,,
20260325,178920,PI첨단소재,22350,1250,227566,,,,
20260325,180640,한진칼,126700,5400,131693,,,,
20260325,18064K,한진칼우,35500,800,3553,,,,
20260325,181710,NHN,37550,750,45847,,,,
20260325,183190,아세아시멘트,11850,-260,134646,,,,
20260325,185750,종근당,89800,1900,25992,,,,
20260325,192080,더블유게임즈,50200,550,48829,,,,
20260325,192400,쿠쿠홀딩스,28450,100,75160,,,,
20260325,192650,드림텍,7170,50,204526,,,,
20260325,192820,코스맥스,196300,2800,73486,,,,
20260325,194370,제이에스코퍼레이션,12090,110,37576,,,,
20260325,195870,해성디에스,60300,5300,392397,,,,
20260325,200880,서연이화,14050,290,60815,,,,
20260325,204320,HL만도,52400,-300,256147,,,,
20260325,207940,삼성바이오로직스,1585000,38000,35752,,,,
20260325,210540,디와이파워,13690,360,82304,,,,
20260325,210980,SK디앤디,13160,-30,12002,,,,
20260325,213500,한솔제지,8680,340,288196,,,,
20260325,214320,이노션,18450,0,144465,,,,
20260325,214330,금호에이치티,13301,163,28596,,,,
20260325,214390,경보제약,8550,1220,13629651,,,,
20260325,214420,토니모리,6990,80,69787,,,,
20260325,217590,티엠씨,24450,250,1194318,,,,
20260325,226320,잇츠한불,10410,160,10224,,,,
20260325,227840,현대코퍼레이션홀딩스,12500,-30,16279,,,,
20260325,229640,LS에코에너지,44550,-400,160380,,,,
20260325,234080,JW생명과학,13360,260,25446,,,,
20260325,241560,두산밥캣,61700,1700,361219,,,,
20260325,241590,화승엔터프라이즈,4730,30,53874,,,,
20260325,244920,에이플러스에셋,11090,140,82997,,,,
20260325,248070,솔루엠,17390,240,111503,,,,
20260325,248170,샘표식품,28500,350,7284,,,,
20260325,249420,일동제약,31200,1050,148335,,,,
20260325,251270,넷마블,51400,100,171514,,,,
20260325,259960,크래프톤,240500,4000,94088,,,,
20260325,264900,크라운제과,8420,150,3835,,,,
20260325,26490K,크라운제과우,9170,130,131,,,,
20260325,267250,HD현대,265000,10000,127363,,,,
20260325,267260,HD현대일렉트릭,992000,67000,145733,,,,
20260325,267270,HD건설기계,136700,4400,293277,,,,
20260325,267290,경동도시가스,22450,200,11111,,,,
20260325,267850,아시아나IDT,10810,270,395238,,,,
20260325,268280,미원에스씨,128500,2700,2658,,,,
20260325,271560,오리온,134100,700,83634,,,,
20260325,271940,일진하이솔루스,16480,-140,51107,,,,
20260325,271980,제일약품,13950,250,15891,,,,
20260325,272210,한화시스템,136600,9300,1621725,,,,
20260325,272450,진에어,6420,110,124765,,,,
20260325,272550,삼양패키징,14260,220,6608415,,,,
20260325,278470,에이피알,328500,-4000,373318,,,,
20260325,279570,케이뱅크,6320,200,4592282,,,,
20260325,280360,롯데웰푸드,114800,2500,11820,,,,
20260325,281820,케이씨텍,49750,3350,191498,,,,
20260325,282330,BGF리테일,122900,400,24675,,,,
20260325,284740,쿠쿠홈시스,25000,0,8572,,,,
20260325,285130,SK케미칼,56200,700,56162,,,,
20260325,28513K,SK케미칼우,27000,0,6207,,,,
20260325,286940,롯데이노베이트,21800,-1000,74591,,,,
20260325,293480,하나제약,9440,140,22365,,,,
20260325,293940,신한알파리츠,5730,-10,177768,,,,
20260325,294870,IPARK현대산업개발,22350,500,274080,,,,
20260325,298000,효성화학,77800,0,0,,,,
20260325,298020,효성티앤씨,385000,-7000,30353,,,,
20260325,298040,효성중공업,2990000,289000,79587,,,,
20260325,298050,HS효성첨단소재,224500,5000,7839,,,,
20260325,298690,에어부산,1843,0,109449,,,,
20260325,300720,한일시멘트,17010,20,86946,,,,
20260325,302440,SK바이오사이언스,42800,650,114489,,,,
20260325,306200,세아제강,139200,-1200,10707,,,,
20260325,307950,현대오토에버,405500,0,60366,,,,
20260325,308170,씨티알모빌리티,5150,-80,11078,,,,
20260325,316140,우리금융지주,33000,700,2063946,,,,
20260325,317400,자이에스앤디,4350,75,67835,,,,
20260325,317450,명인제약,56800,700,13273,,,,
20260325,322000,HD현대에너지솔루션,126800,2500,741449,,,,
20260325,323410,카카오뱅크,24550,750,892542,,,,
20260325,326030,SK바이오팜,97200,2200,196707,,,,
20260325,329180,HD현대중공업,523000,7000,262835,,,,
20260325,330590,롯데리츠,4635,10,238286,,,,
20260325,334890,이지스밸류플러스리츠,4135,0,73233,,,,
20260325,336260,두산퓨얼셀,39250,1150,359618,,,,
20260325,33626K,두산퓨얼셀1우,7360,200,48880,,,,
20260325,33626L,두산퓨얼셀2우B,9640,160,1688,,,,
20260325,336370,솔루스첨단소재,9900,1030,1605712,,,,
20260325,33637K,솔루스첨단소재1우,2075,50,234081,,,,
20260325,33637L,솔루스첨단소재2우B,3360,105,23748,,,,
20260325,338100,NH프라임리츠,4630,0,48743,,,,
20260325,339770,교촌에프앤비,4245,35,34465,,,,
20260325,344820,KCC글라스,25550,0,29211,,,,
20260325,348950,제이알글로벌리츠,1628,100,1198636,,,,
20260325,350520,이지스레지던스리츠,3680,10,26113,,,,
20260325,352820,하이브,304500,11500,414118,,,,
20260325,353200,대덕전자,88600,11000,2428174,,,,
20260325,35320K,대덕전자1우,19960,1230,48284,,,,
20260325,357120,코람코라이프인프라리츠,4600,-10,60940,,,,
20260325,357250,미래에셋맵스리츠,2410,15,23791,,,,
20260325,357430,마스턴프리미어리츠,1485,11,12229,,,,
20260325,361610,SK아이이테크놀로지,22100,500,168974,,,,
20260325,363280,티와이홀딩스,2840,-35,81021,,,,
20260325,36328K,티와이홀딩스우,4035,-55,2628,,,,
20260325,365550,ESR켄달스퀘어리츠,4270,35,199721,,,,
20260325,372910,한컴라이프케어,2430,35,77745,,,,
20260325,373220,LG에너지솔루션,394000,1500,352715,,,,
20260325,375500,DL이앤씨,69300,9000,4490194,,,,
20260325,37550K,DL이앤씨우,29200,2100,57358,,,,
20260325,37550L,DL이앤씨2우(전환),44050,4050,27972,,,,
20260325,377190,디앤디플랫폼리츠,3090,40,83496,,,,
20260325,377300,카카오페이,54000,100,510713,,,,
20260325,377740,바이오노트,5490,110,51762,,,,
20260325,378850,화승알앤에이,3605,-30,61444,,,,
20260325,381970,케이카,14360,110,53838,,,,
20260325,383220,F&F,62800,1200,74003,,,,
20260325,383800,LX홀딩스,8450,0,150036,,,,
20260325,38380K,LX홀딩스1우,8340,40,1078,,,,
20260325,395400,SK리츠,6540,200,484325,,,,
20260325,396690,미래에셋글로벌리츠,2485,5,95151,,,,
20260325,400760,NH올원리츠,3240,15,94366,,,,
20260325,402340,SK스퀘어,605000,10000,521309,,,,
20260325,403550,쏘카,11250,250,16714,,,,
20260325,404990,신한서부티엔디리츠,4440,45,82103,,,,
20260325,415640,KB발해인프라,9920,-30,97849,,,,
20260325,417310,코람코더원리츠,9780,140,102738,,,,
20260325,432320,KB스타리츠,2455,25,749992,,,,
20260325,439260,대한조선,89300,1800,151182,,,,
20260325,443060,HD현대마린솔루션,181400,1600,58641,,,,
20260325,446070,유니드비티플러스,3050,10,13400,,,,
20260325,448730,삼성FN리츠,5450,70,80886,,,,
20260325,450080,에코프로머티,70400,2400,1674076,,,,
20260325,451800,한화리츠,5070,-10,117164,,,,
20260325,452260,한화갤러리아,2675,115,2806445,,,,
20260325,45226K,한화갤러리아우,7130,470,34475,,,,
20260325,453340,현대그린푸드,15940,120,15343,,,,
20260325,454910,두산로보틱스,88800,2800,174311,,,,
20260325,456040,OCI,94400,-2300,53862,,,,
20260325,457190,이수스페셜티케미컬,91000,1400,180166,,,,
20260325,460850,동국씨엠,5930,80,61948,,,,
20260325,460860,동국제강,9410,20,132343,,,,
20260325,462520,조선내화,13800,30,3248,,,,
20260325,462870,시프트업,31500,1700,119980,,,,
20260325,465770,STX그린로지스,6330,70,121574,,,,
20260325,475150,SK이터닉스,57400,5600,3339824,,,,
20260325,475560,더본코리아,21200,300,10137,,,,
20260325,480370,씨케이솔루션,2455,-275,984291,,,,
20260325,481850,신한글로벌액티브리츠,1087,8,50032,,,,
20260325,483650,달바글로벌,155900,5700,77302,,,,
20260325,484870,엠앤씨솔루션,37300,967,72378,,,,
20260325,487570,HS효성,57600,1200,6200,,,,
20260325,489790,한화비전,92700,9700,3201672,,,,
20260325,499790,GS피앤엘,46300,-850,173680,,,,
20260325,900140,엘브이엠씨홀딩스,1673,1,985059,,,,
20260325,950210,프레스티지바이오파마,10560,210,272594,,,,
20260326,000020,동화약품,6030,-10,106860,,,,
20260326,000040,KR모터스,2020,20,21942,,,,
20260326,000050,경방,9500,-220,82942,,,,
20260326,000070,삼양홀딩스,70000,-600,10897,,,,
20260326,000080,하이트진로,16540,-120,118977,,,,
20260326,000087,하이트진로2우B,13960,-20,1044,,,,
20260326,000100,유한양행,99000,100,194901,,,,
20260326,000105,유한양행우,87600,100,1934,,,,
20260326,000120,CJ대한통운,108000,-4100,68267,,,,
20260326,000140,하이트진로홀딩스,9070,-50,15273,,,,
20260326,000145,하이트진로홀딩스우,11670,180,86,,,,
20260326,000150,두산,1239000,-11000,50783,,,,
20260326,000155,두산우,501000,-17000,13844,,,,
20260326,000157,두산2우B,456000,-1000,1392,,,,
20260326,000180,성창기업지주,7420,-90,19691,,,,
20260326,000210,DL,59400,1200,137656,,,,
20260326,000215,DL우,26550,0,6480,,,,
20260326,000220,유유제약,4350,-75,83393,,,,
20260326,000225,유유제약1우,4430,0,6796,,,,
20260326,000227,유유제약2우B,10630,-150,770,,,,
20260326,000230,일동홀딩스,10560,0,14662,,,,
20260326,000240,한국앤컴퍼니,27100,-500,86895,,,,
20260326,000270,기아,154700,-3200,836063,,,,
20260326,000300,DH오토넥스,4200,0,0,,,,
20260326,000320,노루홀딩스,22300,-400,21269,,,,
20260326,000325,노루홀딩스우,30950,-150,327,,,,
20260326,000370,한화손해보험,6820,-280,565684,,,,
20260326,000390,SP삼화,10170,560,13421246,,,,
20260326,000400,롯데손해보험,2115,25,644221,,,,
20260326,000430,대원강업,4000,5,96446,,,,
20260326,000480,CR홀딩스,4955,40,52813,,,,
20260326,000490,대동,9750,-340,178479,,,,
20260326,000500,가온전선,58680,-3667,64889,,,,
20260326,000520,삼일제약,10260,-80,264967,,,,
20260326,000540,흥국화재,4475,-175,156833,,,,
20260326,000545,흥국화재우,6880,-120,821,,,,
20260326,000590,CS홀딩스,78800,-1200,237,,,,
20260326,000640,동아쏘시오홀딩스,98400,-1400,15516,,,,
20260326,000650,천일고속,223500,-4000,3196,,,,
20260326,000660,SK하이닉스,933000,-62000,4660620,,,,
20260326,000670,영풍,60900,-1900,45807,,,,
20260326,000680,LS네트웍스,3140,-90,109260,,,,
20260326,000700,유수홀딩스,6770,-30,65635,,,,
20260326,000720,현대건설,152400,-5500,664660,,,,
20260326,000725,현대건설우,67200,-2800,8731,,,,
20260326,000760,이화산업,15120,-170,2014,,,,
20260326,000810,삼성화재,453000,-37000,123589,,,,
20260326,000815,삼성화재우,377500,-25000,41150,,,,
20260326,000850,화천기공,37100,-1200,2864,,,,
20260326,000860,강남제비스코,15080,340,95524,,,,
20260326,000880,한화,133373,-6722,315876,,,,
20260326,00088K,한화3우B,45358,-1762,41292,,,,
20260326,000890,보해양조,2180,-15,96792,,,,
20260326,000910,유니온,4495,5,320265,,,,
20260326,000950,전방,36450,-300,1113,,,,
20260326,000970,한국주철관,6730,-80,27442,,,,
20260326,000990,DB하이텍,77900,-4500,419986,,,,
20260326,001020,페이퍼코리아,3170,155,274918,,,,
20260326,001040,CJ,203000,-7000,67308,,,,
20260326,001045,CJ우,90100,-1300,3567,,,,
20260326,00104K,CJ4우(전환),177900,-5400,8728,,,,
20260326,001060,JW중외제약,31400,-300,64241,,,,
20260326,001065,JW중외제약우,26900,50,143,,,,
20260326,001067,JW중외제약2우B,56100,-200,5,,,,
20260326,001070,대한방직,6950,-40,7857,,,,
20260326,001080,만호제강,5230,235,288381,,,,
20260326,001120,LX인터내셔널,48200,1600,300514,,,,
20260326,001130,대한제분,15210,20,27430,,,,
20260326,001200,유진투자증권,4930,-190,873033,,,,
20260326,001210,금호전기,3975,-50,111695,,,,
20260326,001230,동국홀딩스,2216,-105,551106,,,,
20260326,001250,GS글로벌,2605,0,721597,,,,
20260326,001260,남광토건,8790,-220,14251,,,,
20260326,001270,부국증권,75000,-2000,7862,,,,
20260326,001275,부국증권우,38450,50,6320,,,,
20260326,001290,상상인증권,1188,-39,1573574,,,,
20260326,001340,PKC,6760,-70,358266,,,,
20260326,001360,삼성제약,1892,-23,1139557,,,,
20260326,001380,SG글로벌,2708,-57,196470,,,,
20260326,001390,KG케미칼,5500,210,4575804,,,,
20260326,001420,태원물산,2830,50,8672,,,,
20260326,001430,세아베스틸지주,70200,-2300,226224,,,,
20260326,001440,대한전선,29000,-1300,1783804,,,,
20260326,001450,현대해상,31150,-1000,446393,,,,
20260326,001460,BYC,47750,-50,4021,,,,
20260326,001465,BYC우,28600,-100,1041,,,,
20260326,001470,삼부토건,347,0,0,,,,
20260326,001500,현대차증권,10900,-300,148507,,,,
20260326,001510,SK증권,4184,-230,58354321,,,,
20260326,001515,SK증권우,12180,-1980,2786160,,,,
20260326,001520,동양,1624,-38,546789,,,,
20260326,001525,동양우,8650,-210,179,,,,
20260326,001527,동양2우B,16080,-380,5240,,,,
20260326,001530,DI동일,20450,-900,16626,,,,
20260326,001550,조비,16010,1150,870828,,,,
20260326,001560,제일연마,11100,-260,2443,,,,
20260326,001570,금양,9900,0,0,,,,
20260326,001620,케이비아이동국실업,3185,-40,37514,,,,
20260326,001630,종근당홀딩스,48850,-1250,8241,,,,
20260326,001680,대상,20600,-450,127838,,,,
20260326,001685,대상우,16890,-70,5935,,,,
20260326,001720,신영증권,201500,-8500,16023,,,,
20260326,001740,SK네트웍스,5260,-150,606517,,,,
20260326,001750,한양증권,26200,-400,27549,,,,
20260326,001755,한양증권우,25900,-550,2527,,,,
20260326,001770,SHD,17330,40,439,,,,
20260326,001780,알루코,2120,-25,607733,,,,
20260326,001790,대한제당,2950,-5,476482,,,,
20260326,001795,대한제당우,2385,-25,27691,,,,
20260326,001800,오리온홀딩스,25450,600,322345,,,,
20260326,001820,삼화콘덴서,57400,1700,314528,,,,
20260326,001940,KISCO홀딩스,26400,150,3785,,,,
20260326,002020,코오롱,63000,6800,335364,,,,
20260326,002025,코오롱우,28550,1900,48857,,,,
20260326,002030,아세아,278500,0,2143,,,,
20260326,002070,비비안,7443,198,39485,,,,
20260326,002100,경농,9550,70,139459,,,,
20260326,002140,고려산업,2805,60,510203,,,,
20260326,002150,도화엔지니어링,6350,-200,58993,,,,
20260326,002170,SYTS,59700,900,5137,,,,
20260326,002200,한국수출포장,3040,10,9766941,,,,
20260326,002210,동성제약,1946,0,0,,,,
20260326,002220,한일철강,3725,-60,93882,,,,
20260326,002240,고려제강,21400,-700,21497,,,,
20260326,002310,아세아제지,9050,-290,942981,,,,
20260326,002320,한진,19400,-210,25569,,,,
20260326,002350,넥센타이어,7350,-100,71828,,,,
20260326,002355,넥센타이어1우B,4500,-35,17253,,,,
20260326,002360,SH에너지화학,4170,20,483360,,,,
20260326,002380,KCC,525000,-8000,20538,,,,
20260326,002390,한독,10780,130,28732,,,,
20260326,002410,범양건영,1935,0,0,,,,
20260326,002420,세기상사,5690,160,30100,,,,
20260326,002450,삼익악기,1242,-13,143490,,,,
20260326,002460,HS화성,12290,-220,12667,,,,
20260326,002600,조흥,145800,-300,96,,,,
20260326,002620,제일파마홀딩스,8790,150,9333,,,,
20260326,002630,오리엔트바이오,1164,-66,724325,,,,
20260326,002690,동일제강,1548,-10,24306,,,,
20260326,002700,신일전자,1382,-14,371935,,,,
20260326,002710,TCC스틸,13180,-360,112190,,,,
20260326,002720,국제약품,5230,130,1141301,,,,
20260326,002760,보락,1183,-27,131120,,,,
20260326,002780,진흥기업,992,0,8451305,,,,
20260326,002785,진흥기업우B,3470,30,502,,,,
20260326,002787,진흥기업2우B,7680,-10,716,,,,
20260326,002790,아모레퍼시픽홀딩스,27850,-500,102100,,,,
20260326,002795,아모레퍼시픽홀딩스우,12180,-100,7127,,,,
20260326,00279K,아모레퍼시픽홀딩스3우C,23850,-250,2752,,,,
20260326,002810,삼영무역,19880,-470,20914,,,,
20260326,002820,SUN&L,2355,-5,14878,,,,
20260326,002840,미원상사,137500,900,2678,,,,
20260326,002870,신풍,1226,-28,275774,,,,
20260326,002880,디와이에이,927,2,30189,,,,
20260326,002900,TYM,6770,-140,192387,,,,
20260326,002920,유성기업,1999,24,36809,,,,
20260326,002960,한국쉘석유,476500,0,2322,,,,
20260326,002990,금호건설,5010,-170,96528,,,,
20260326,002995,금호건설우,13990,-210,1466,,,,
20260326,003000,부광약품,9330,90,15871417,,,,
20260326,003010,혜인,5460,-100,51065,,,,
20260326,003030,세아제강지주,192000,5200,50711,,,,
20260326,003060,에이프로젠바이오로직스,302,-14,2913426,,,,
20260326,003070,코오롱글로벌,10510,-140,63668,,,,
20260326,003075,코오롱글로벌우,15750,70,4777,,,,
20260326,003080,SB성보,2615,0,10502,,,,
20260326,003090,대웅,24450,150,100400,,,,
20260326,0030R0,대신밸류리츠,4310,25,17619,,,,
20260326,003120,일성아이에스,23250,-350,2964,,,,
20260326,003160,디아이,35750,-2150,462082,,,,
20260326,003200,일신방직,12080,-330,31037,,,,
20260326,003220,대원제약,10440,20,22241,,,,
20260326,003230,삼양식품,1188000,-28000,36090,,,,
20260326,003240,태광산업,1179000,-32000,1964,,,,
20260326,003280,흥아해운,3205,-150,74854537,,,,
20260326,003300,한일홀딩스,18460,-240,96070,,,,
20260326,003350,한국화장품제조,8960,-80,49085,,,,
20260326,003460,유화증권,3660,-60,138331,,,,
20260326,003465,유화증권우,3655,-25,2898,,,,
20260326,003470,유안타증권,4915,-185,433076,,,,
20260326,003475,유안타증권우,4610,-140,78998,,,,
20260326,003480,한진중공업홀딩스,5020,-30,65247,,,,
20260326,003490,대한항공,24950,-450,1190292,,,,
20260326,003495,대한항공우,24200,0,6217,,,,
20260326,003520,영진약품,1775,-5,268544,,,,
20260326,003530,한화투자증권,7100,-420,2413975,,,,
20260326,003535,한화투자증권우,9470,-1710,1236446,,,,
20260326,003540,대신증권,38200,-1650,111550,,,,
20260326,003545,대신증권우,25100,-2000,160485,,,,
20260326,003547,대신증권2우B,24150,-1550,30693,,,,
20260326,003550,LG,87500,-1300,205366,,,,
20260326,003555,LG우,69100,-700,5896,,,,
20260326,003570,SNT다이내믹스,50400,-400,76317,,,,
20260326,003580,HLB글로벌,2000,-90,131329,,,,
20260326,003610,방림,5180,-110,213889,,,,
20260326,003620,KG모빌리티,3450,-80,630808,,,,
20260326,003650,미창석유,112500,-1300,1240,,,,
20260326,003670,포스코퓨처엠,200000,-2500,286841,,,,
20260326,003680,한성기업,5020,-50,28850,,,,
20260326,003690,코리안리,13350,-30,352419,,,,
20260326,003720,삼영,7880,530,2371712,,,,
20260326,003780,진양산업,5560,-60,55120,,,,
20260326,003830,대한화섬,123200,-1700,152,,,,
20260326,003850,보령,9660,260,207851,,,,
20260326,003920,남양유업,50400,-2100,8302,,,,
20260326,003925,남양유업우,40200,-900,10617,,,,
20260326,003960,사조대림,32800,-400,7838,,,,
20260326,004000,롯데정밀화학,51600,1000,78156,,,,
20260326,004020,현대제철,34950,-750,520789,,,,
20260326,004060,SG세계물산,5170,-180,261160,,,,
20260326,004080,신흥,13810,50,9243,,,,
20260326,004090,한국석유,17640,470,1542553,,,,
20260326,004100,태양금속,3085,-35,359439,,,,
20260326,004105,태양금속우,3860,20,16306,,,,
20260326,004140,동방,2805,-70,1045554,,,,
20260326,004150,한솔홀딩스,3400,-35,192759,,,,
20260326,004170,신세계,332500,-4500,25222,,,,
20260326,004250,NPC,4025,145,1153518,,,,
20260326,004255,NPC우,2470,30,102970,,,,
20260326,004270,남성,6034,-63,7424,,,,
20260326,004310,현대약품,9170,-140,446866,,,,
20260326,004360,세방,15740,-230,45271,,,,
20260326,004365,세방우,9410,10,1242,,,,
20260326,004370,농심,373500,-5000,18997,,,,
20260326,004380,삼익THK,13000,0,0,,,,
20260326,004410,서울식품,1830,-40,1432523,,,,
20260326,004415,서울식품우,11960,120,925,,,,
20260326,004430,송원산업,9160,-210,126914,,,,
20260326,004440,삼일씨엔에스,9950,970,2489764,,,,
20260326,004450,삼화왕관,27900,-100,265,,,,
20260326,004490,세방전지,60600,-800,23230,,,,
20260326,004540,깨끗한나라,1983,24,364897,,,,
20260326,004545,깨끗한나라우,10380,120,237,,,,
20260326,004560,현대비앤지스틸,15870,-630,75157,,,,
20260326,004690,삼천리,149500,-3500,17273,,,,
20260326,004700,조광피혁,69600,300,2948,,,,
20260326,004710,한솔테크닉스,4583,-103,102474,,,,
20260326,004720,팜젠사이언스,3835,-10,63890,,,,
20260326,004770,써니전자,1620,-17,272153,,,,
20260326,004800,효성,142700,-12300,39209,,,,
20260326,004830,덕성,4415,-140,71474,,,,
20260326,004835,덕성우,6060,-80,6213,,,,
20260326,004840,DRB동일,5410,-100,18137,,,,
20260326,004870,티웨이홀딩스,1684,29,42548,,,,
20260326,004890,동일산업,39250,50,112,,,,
20260326,004910,조광페인트,4990,20,261990,,,,
20260326,004920,씨아이테크,1093,-36,86675,,,,
20260326,004960,한신공영,15250,-200,307812,,,,
20260326,004970,신라교역,9700,-40,9731,,,,
20260326,004980,성신양회,9670,-190,43935,,,,
20260326,004985,성신양회우,10860,-190,1417,,,,
20260326,004990,롯데지주,30750,-350,270619,,,,
20260326,00499K,롯데지주우,30550,100,739,,,,
20260326,005010,휴스틸,5200,-140,630312,,,,
20260326,005030,부산주공,486,0,0,,,,
20260326,005070,코스모신소재,49900,-1700,170705,,,,
20260326,005090,SGC에너지,63000,1000,169511,,,,
20260326,005110,한창,1254,0,0,,,,
20260326,005180,빙그레,73200,-1300,18846,,,,
20260326,005250,녹십자홀딩스,14100,-30,100686,,,,
20260326,005257,녹십자홀딩스2우,23850,100,54,,,,
20260326,005300,롯데칠성,117000,-2900,20264,,,,
20260326,005305,롯데칠성우,81500,200,1114,,,,
20260326,005320,온타이드,1030,18,148273,,,,
20260326,005360,모나미,1725,0,36936,,,,
20260326,005380,현대차,490000,-11000,954455,,,,
20260326,005385,현대차우,250500,-6000,66214,,,,
20260326,005387,현대차2우B,252000,-5000,115517,,,,
20260326,005389,현대차3우B,242000,-4000,9817,,,,
20260326,005420,코스모화학,15130,-60,186448,,,,
20260326,005430,한국공항,56500,-900,1734,,,,
20260326,005440,현대지에프홀딩스,14440,-170,225876,,,,
20260326,005490,POSCO홀딩스,342500,500,258690,,,,
20260326,005500,삼진제약,18660,-10,23782,,,,
20260326,005610,삼립,50400,-600,4424,,,,
20260326,005680,삼영전자,15940,140,115373,,,,
20260326,005690,파미셀,16370,-250,1040515,,,,
20260326,005720,넥센,6770,-10,15528,,,,
20260326,005725,넥센우,4430,0,2658,,,,
20260326,005740,크라운해태홀딩스,6800,-120,13616,,,,
20260326,005745,크라운해태홀딩스우,7490,10,265,,,,
20260326,005750,대림바스,6010,-180,157953,,,,
20260326,005800,신영와코루,15500,-350,6325,,,,
20260326,005810,풍산홀딩스,35950,-600,43114,,,,
20260326,005820,원림,15650,10,8103,,,,
20260326,005830,DB손해보험,175900,-18800,589077,,,,
20260326,005850,에스엘,59200,-1800,126335,,,,
20260326,005870,휴니드,9010,60,517616,,,,
20260326,005880,대한해운,2355,-80,13012884,,,,
20260326,005930,삼성전자,180100,-8900,32074131,,,,
20260326,005935,삼성전자우,126300,-7300,4094016,,,,
20260326,005940,NH투자증권,33250,-1050,752020,,,,
20260326,005945,NH투자증권우,26950,-250,152990,,,,
20260326,005950,이수화학,7880,-170,132519,,,,
20260326,005960,동부건설,8670,-350,159814,,,,
20260326,005965,동부건설우,19070,-170,245,,,,
20260326,006040,동원산업,39950,-50,33356,,,,
20260326,006060,화승인더,3230,-15,61408,,,,
20260326,006090,사조오양,8230,-40,4658,,,,
20260326,006110,삼아알미늄,29100,-850,64062,,,,
20260326,006120,SK디스커버리,55400,-4100,88055,,,,
20260326,006125,SK디스커버리우,40050,-500,5059,,,,
20260326,006200,한국전자홀딩스,4900,-340,682393,,,,
20260326,006220,제주은행,12890,-220,118822,,,,
20260326,006260,LS,277000,-6500,147334,,,,
20260326,006280,녹십자,148300,-700,33888,,,,
20260326,006340,대원전선,5440,-420,3706376,,,,
20260326,006345,대원전선우,3795,-115,18358,,,,
20260326,006360,GS건설,26250,-1150,1740821,,,,
20260326,006370,대구백화점,4745,-15,18649,,,,
20260326,006380,카프로,3660,0,0,,,,
20260326,006400,삼성SDI,396500,-7500,455967,,,,
20260326,006405,삼성SDI우,207500,-7000,7931,,,,
20260326,006490,프리티,1225,-115,400222,,,,
20260326,006570,대림통상,1998,-2,6556,,,,
20260326,006650,대한유화,137800,2100,69694,,,,
20260326,006660,삼성공조,11560,-340,18582,,,,
20260326,006740,블루산업개발,1364,70,408100,,,,
20260326,006800,미래에셋증권,65300,-2000,3636452,,,,
20260326,006805,미래에셋증권우,22550,-700,200740,,,,
20260326,00680K,미래에셋증권2우B,20150,-900,430791,,,,
20260326,006840,AK홀딩스,7890,-30,4680,,,,
20260326,006880,신송홀딩스,7100,10,59128,,,,
20260326,006890,태경케미컬,9220,340,1505842,,,,
20260326,006980,우성,20950,-250,2710,,,,
20260326,007070,GS리테일,20950,350,160061,,,,
20260326,007110,일신석재,1524,-38,383302,,,,
20260326,007120,미래아이앤지,2150,100,339756,,,,
20260326,007160,사조산업,53800,-100,3633,,,,
20260326,007210,벽산,1869,-31,210143,,,,
20260326,007280,한국특강,2887,44,30671,,,,
20260326,007310,오뚜기,362500,-8000,4849,,,,
20260326,007340,DN오토모티브,41250,2050,413881,,,,
20260326,007460,에이프로젠,316,-6,5402092,,,,
20260326,007540,샘표,54300,-1100,4835,,,,
20260326,007570,일양약품,13630,-970,826587,,,,
20260326,007575,일양약품우,13460,-1800,16059,,,,
20260326,007590,동방아그로,5900,20,4049,,,,
20260326,007610,선도전기,3000,0,0,,,,
20260326,007660,이수페타시스,115000,-5300,700057,,,,
20260326,007690,국도화학,35950,-50,11464,,,,
20260326,007700,F&F홀딩스,19000,-330,16419,,,,
20260326,007810,코리아써키트,80700,1200,820854,,,,
20260326,007815,코리아써우,19390,-60,27041,,,,
20260326,00781K,코리아써키트2우B,13970,-50,5599,,,,
20260326,007860,서연,9750,-280,82192,,,,
20260326,007980,TP,1866,2,222704,,,,
20260326,008040,사조동아원,1029,-11,426075,,,,
20260326,008060,대덕,14580,-280,146701,,,,
20260326,00806K,대덕1우,11580,-540,70321,,,,
20260326,008250,이건산업,3950,30,18965,,,,
20260326,008260,NI스틸,3600,-40,41937,,,,
20260326,008350,남선알미늄,1373,2,5174913,,,,
20260326,008355,남선알미우,12610,-120,2021,,,,
20260326,008420,문배철강,2300,-75,55778,,,,
20260326,008490,서흥,19800,-180,17834,,,,
20260326,008600,윌비스,2620,0,0,,,,
20260326,008700,아남전자,1555,-31,2591723,,,,
20260326,008730,율촌화학,23850,150,91062,,,,
20260326,008770,호텔신라,41950,-750,162619,,,,
20260326,008775,호텔신라우,33350,-250,799,,,,
20260326,008870,금비,45550,-50,1467,,,,
20260326,008930,한미사이언스,37950,250,111711,,,,
20260326,008970,KBI동양철관,1710,-94,830350,,,,
20260326,009070,KCTC,5950,-270,341792,,,,
20260326,009140,경인전자,22700,150,2333,,,,
20260326,009150,삼성전기,457000,2500,486564,,,,
20260326,009155,삼성전기우,176000,-2200,23491,,,,
20260326,009160,SIMPAC,4905,115,204251,,,,
20260326,009180,한솔로지스틱스,2945,-15,95880,,,,
20260326,009190,대양금속,1270,-32,274007,,,,
20260326,009200,무림페이퍼,2140,70,4250734,,,,
20260326,009240,한샘,42800,-800,16072,,,,
20260326,009270,신원,1325,1,364995,,,,
20260326,009290,광동제약,8910,-100,536248,,,,
20260326,009310,참엔지니어링,1065,0,0,,,,
20260326,009320,아진전자부품,1036,-33,247472,,,,
20260326,009410,태영건설,1824,-61,309305,,,,
20260326,009415,태영건설우,5900,30,1464,,,,
20260326,009420,한올바이오파마,64400,6500,1379823,,,,
20260326,009440,KC그린홀딩스,756,0,0,,,,
20260326,009450,경동나비엔,62500,-500,36396,,,,
20260326,009460,한창제지,2775,180,668720,,,,
20260326,009470,삼화전기,36250,-1600,80677,,,,
20260326,009540,HD한국조선해양,375000,-10000,171517,,,,
20260326,009580,무림P&P,3005,280,10964634,,,,
20260326,009680,모토닉,10740,-170,14197,,,,
20260326,009770,삼정펄프,32050,300,2755,,,,
20260326,009810,MDS스피어,2121,-36,35823,,,,
20260326,009830,한화솔루션,34711,-7734,11236404,,,,
20260326,009835,한화솔루션우,21270,-2980,89334,,,,
20260326,009900,명신산업,9830,-260,192866,,,,
20260326,009970,영원무역홀딩스,219000,-1500,10984,,,,
20260326,010040,한국내화,1969,0,40600,,,,
20260326,010060,OCI홀딩스,183300,500,225875,,,,
20260326,010100,한국무브넥스,4485,-170,186111,,,,
20260326,010120,LS ELECTRIC,166800,-2000,472890,,,,
20260326,010130,고려아연,1546000,-47000,16078,,,,
20260326,010140,삼성중공업,26350,-500,2633814,,,,
20260326,010400,우진아이엔에스,3735,-20,5978,,,,
20260326,010580,에스엠벡셀,2000,31,205811,,,,
20260326,010640,진양폴리,2470,-25,16323,,,,
20260326,010660,화천기계,5820,-120,186453,,,,
20260326,010690,화신,11320,-500,144963,,,,
20260326,010770,평화홀딩스,3880,-30,38887,,,,
20260326,010780,아이에스동서,27600,-950,54244,,,,
20260326,010820,퍼스텍,7230,-300,1115217,,,,
20260326,010950,S-Oil,112300,-1000,299737,,,,
20260326,010955,S-Oil우,54000,-1100,17193,,,,
20260326,010960,삼호개발,4010,-95,24049,,,,
20260326,011000,진원생명과학,4680,-340,312776,,,,
20260326,011070,LG이노텍,303000,-10000,204502,,,,
20260326,011090,에넥스,2115,-60,45720,,,,
20260326,011150,CJ씨푸드,2690,10,197533,,,,
20260326,011155,CJ씨푸드1우,12770,-660,5874,,,,
20260326,011170,롯데케미칼,80500,700,266407,,,,
20260326,011200,HMM,19810,-120,2230269,,,,
20260326,011210,현대위아,81000,-1600,98143,,,,
20260326,011230,삼화전자,2545,-75,62247,,,,
20260326,011280,태림포장,2495,295,21106561,,,,
20260326,011300,우성머티리얼스,3030,20,74652,,,,
20260326,011330,유니켐,7320,-270,74645,,,,
20260326,011390,부산산업,73800,-600,6172,,,,
20260326,011420,갤럭시아에스엠,1825,2,116858,,,,
20260326,011500,한농화성,20650,-300,194841,,,,
20260326,011690,와이투솔루션,5780,-480,488772,,,,
20260326,011700,한신기계,4600,-330,605375,,,,
20260326,011760,현대코퍼레이션,25950,-200,41858,,,,
20260326,011780,금호석유화학,128000,-2000,72616,,,,
20260326,011785,금호석유화학우,58900,-1000,14992,,,,
20260326,011790,SKC,92207,-3760,129593,,,,
20260326,011810,STX,3530,0,0,,,,
20260326,011930,신성이엔지,25650,-1900,1082806,,,,
20260326,012030,DB,1694,-35,584905,,,,
20260326,0120G0,삼양바이오팜,138600,18800,476253,,,,
20260326,012160,영흥,2880,0,23684,,,,
20260326,012170,아센디오,1301,-12,22837,,,,
20260326,012200,계양전기,5730,-454,404085,,,,
20260326,012205,계양전기우,4911,-223,16743,,,,
20260326,012280,영화금속,1041,-45,230111,,,,
20260326,012320,경동인베스트,57000,-2000,24804,,,,
20260326,012330,현대모비스,398500,-3500,198857,,,,
20260326,012450,한화에어로스페이스,1369000,-31000,158124,,,,
20260326,012610,경인양행,4000,-65,155055,,,,
20260326,012630,HDC,30150,2350,399370,,,,
20260326,012690,모나리자,2115,50,878633,,,,
20260326,0126Z0,삼성에피스홀딩스,533000,-7000,49618,,,,
20260326,012750,에스원,87500,600,46858,,,,
20260326,012800,대창,1315,-14,796526,,,,
20260326,013000,세우글로벌,1478,341,8900777,,,,
20260326,013360,일성건설,1880,-40,349680,,,,
20260326,013520,화승코퍼레이션,2750,-135,93966,,,,
20260326,013570,디와이,4905,-165,94517,,,,
20260326,013580,계룡건설,25650,-1300,41209,,,,
20260326,013700,까뮤이앤씨,1279,-4,42779,,,,
20260326,013870,지엠비코리아,5160,-210,54800,,,,
20260326,013890,지누스,11010,-190,18313,,,,
20260326,014130,한익스프레스,2645,10,17325,,,,
20260326,014160,대영포장,1409,325,48362240,,,,
20260326,014280,금강공업,4925,-95,163522,,,,
20260326,014285,금강공업우,6950,70,134,,,,
20260326,014440,영보화학,4690,-5,35638,,,,
20260326,014530,극동유화,3740,50,816089,,,,
20260326,014580,태경비케이,4570,25,162768,,,,
20260326,014680,한솔케미칼,282500,0,40527,,,,
20260326,014710,사조씨푸드,7310,-250,8843,,,,
20260326,014790,HL D&I,3440,0,103096,,,,
20260326,014820,동원시스템즈,26450,-200,31673,,,,
20260326,014825,동원시스템즈우,16370,0,47,,,,
20260326,014830,유니드,83300,-1700,12673,,,,
20260326,014910,성문전자,1633,-36,130079,,,,
20260326,014915,성문전자우,4190,0,2648,,,,
20260326,014990,인디에프,3725,-110,20949,,,,
20260326,015020,이스타코,928,0,0,,,,
20260326,015230,대창단조,6620,-140,71039,,,,
20260326,015260,에이엔피,752,122,13813242,,,,
20260326,015360,INVENI,15700,-160,24080,,,,
20260326,015590,DKME,2575,0,0,,,,
20260326,015760,한국전력,46000,-450,1499179,,,,
20260326,015860,일진홀딩스,7220,-140,121649,,,,
20260326,015890,태경산업,4900,0,139474,,,,
20260326,016090,대현,1684,-5,52613,,,,
20260326,016360,삼성증권,94500,-3300,283903,,,,
20260326,016380,KG스틸,5740,-100,488423,,,,
20260326,016450,한세예스24홀딩스,4860,20,90585,,,,
20260326,016580,환인제약,10370,-100,24172,,,,
20260326,016590,신대양제지,13370,700,165237,,,,
20260326,016610,DB증권,13540,-280,90291,,,,
20260326,016710,대성홀딩스,8700,-120,22002,,,,
20260326,016740,두올,4550,-130,64000,,,,
20260326,016800,퍼시스,38150,0,2792,,,,
20260326,016880,웅진,2715,-20,761427,,,,
20260326,017040,광명전기,1023,-64,844795,,,,
20260326,017180,명문제약,1891,-33,222812,,,,
20260326,017370,우신시스템,5750,-50,19971,,,,
20260326,017390,서울가스,66400,-700,8913,,,,
20260326,017550,수산세보틱스,1920,-115,348956,,,,
20260326,017670,SK텔레콤,80000,200,830301,,,,
20260326,017800,현대엘리베이터,86700,-1300,143806,,,,
20260326,017810,풀무원,12120,-210,90028,,,,
20260326,017860,DS단석,19750,560,279026,,,,
20260326,017900,광전자,3175,-220,31202228,,,,
20260326,017940,E1,101300,1300,12165,,,,
20260326,017960,한국카본,42800,950,1056412,,,,
20260326,018250,애경산업,14350,-260,24782,,,,
20260326,018260,삼성에스디에스,156100,-3400,136727,,,,
20260326,018470,조일알미늄,1212,-26,763872,,,,
20260326,018500,동원모빌리티,1695,-14,172916,,,,
20260326,018670,SK가스,246500,-500,32516,,,,
20260326,018880,한온시스템,3895,-160,5350889,,,,
20260326,019170,신풍제약,10800,-190,93605,,,,
20260326,019175,신풍제약우,16900,-210,1538,,,,
20260326,019180,티에이치엔,8430,-300,189264,,,,
20260326,019490,엑시큐어하이트론,541,0,0,,,,
20260326,019680,대교,1640,26,79294,,,,
20260326,019685,대교우B,1012,2,3089,,,,
20260326,020000,한섬,26400,-350,90480,,,,
20260326,020120,키다리스튜디오,3210,-60,59787,,,,
20260326,020150,롯데에너지머티리얼즈,40550,-300,129845,,,,
20260326,020560,아시아나항공,7060,-30,57912,,,,
20260326,020760,일진디스플,902,0,0,,,,
20260326,021050,서원,1196,-40,564164,,,,
20260326,021240,코웨이,73300,-800,173669,,,,
20260326,021820,세원정공,15330,-970,16023,,,,
20260326,022100,포스코DX,30350,-1150,339042,,,,
20260326,023000,삼원강재,2360,5,17979,,,,
20260326,023150,MH에탄올,4315,20,8352,,,,
20260326,023350,한국종합기술,4575,-70,16879,,,,
20260326,023450,동남합성,30500,0,883,,,,
20260326,023530,롯데쇼핑,114100,2800,173529,,,,
20260326,023590,다우기술,47650,-1500,34780,,,,
20260326,023800,인지컨트롤스,6710,-110,45311,,,,
20260326,023810,인팩,8090,-40,12069,,,,
20260326,023960,에쓰씨엔지니어링,1488,14,100180,,,,
20260326,024070,WISCOM,2035,62,59289,,,,
20260326,024090,디씨엠,12280,140,9357,,,,
20260326,024110,기업은행,23400,0,1247315,,,,
20260326,024720,콜마홀딩스,9060,-310,38100,,,,
20260326,024890,대원화성,3925,25,18139,,,,
20260326,024900,디와이덕양,2020,-25,74013,,,,
20260326,025000,KPX케미칼,50200,100,3899,,,,
20260326,025530,SJM홀딩스,3620,-5,24808,,,,
20260326,025540,한국단자,79500,500,64757,,,,
20260326,025560,미래산업,2672,-120,157505,,,,
20260326,025620,차AI헬스케어,9300,80,14759,,,,
20260326,025750,한솔홈데코,2765,30,50355,,,,
20260326,025820,이구산업,4755,-175,233745,,,,
20260326,025860,남해화학,8440,450,3518848,,,,
20260326,025890,한국주강,1712,81,75982,,,,
20260326,026890,스틱인베스트먼트,9580,-220,80500,,,,
20260326,026940,부국철강,1995,0,32106,,,,
20260326,026960,동서,27250,50,68397,,,,
20260326,027410,BGF,4405,-120,197755,,,,
20260326,027740,마니커,1616,-6,110209,,,,
20260326,027970,한국제지,3905,185,157324,,,,
20260326,028050,삼성E&A,32900,-800,2474937,,,,
20260326,028100,동아지질,17200,-840,35468,,,,
20260326,028260,삼성물산,278000,-11000,357316,,,,
20260326,02826K,삼성물산우B,182500,-3400,13965,,,,
20260326,028670,팬오션,4980,-100,3082002,,,,
20260326,029460,케이씨,32100,-1800,45938,,,,
20260326,029530,신도리코,53600,-1700,16774,,,,
20260326,029780,삼성카드,54500,-1900,129993,,,,
20260326,030000,제일기획,19830,-220,533286,,,,
20260326,030190,NICE평가정보,16720,-300,50461,,,,
20260326,030200,KT,59700,-400,285591,,,,
20260326,030210,다올투자증권,4085,-85,143314,,,,
20260326,030610,교보증권,12710,-200,80436,,,,
20260326,030720,동원수산,5890,10,6731,,,,
20260326,031210,서울보증보험,53900,-2300,3072545,,,,
20260326,031430,신세계인터내셔날,12340,-40,35370,,,,
20260326,031820,아이티센씨티에스,7540,210,120864,,,,
20260326,032350,롯데관광개발,19170,-530,548862,,,,
20260326,032560,황금에스티,5960,-80,24849,,,,
20260326,032640,LG유플러스,15950,350,955469,,,,
20260326,032830,삼성생명,222000,-5500,384833,,,,
20260326,033240,자화전자,37050,-1050,101829,,,,
20260326,033250,체시스,4890,135,52311,,,,
20260326,033270,유나이티드제약,20300,-350,21916,,,,
20260326,033530,SJG세종,7750,-240,90546,,,,
20260326,033780,KT&G,155500,-400,217390,,,,
20260326,033920,무학,8880,-110,39441,,,,
20260326,034020,두산에너빌리티,100900,-1700,2606678,,,,
20260326,034120,SBS,16400,-260,13716,,,,
20260326,034220,LG디스플레이,11530,-220,2809970,,,,
20260326,034230,파라다이스,16990,20,547301,,,,
20260326,034310,NICE,13870,-300,44310,,,,
20260326,034590,인천도시가스,27200,100,2412,,,,
20260326,034730,SK,336500,-9500,175763,,,,
20260326,03473K,SK우,254500,-3500,3339,,,,
20260326,034830,한국토지신탁,1744,10,3312517,,,,
20260326,035000,HS애드,8660,0,16395,,,,
20260326,035150,백산,13070,-10,15710,,,,
20260326,035250,강원랜드,18240,100,743013,,,,
20260326,035420,NAVER,211500,-4000,414907,,,,
20260326,035510,신세계 I&C,19900,-1150,538723,,,,
20260326,035720,카카오,48650,-400,1231315,,,,
20260326,036420,콘텐트리중앙,6180,-160,166202,,,,
20260326,036460,한국가스공사,36000,0,148582,,,,
20260326,036530,SNT홀딩스,63000,300,9150,,,,
20260326,036570,NC,225500,-2000,94990,,,,
20260326,036580,팜스코,3285,-35,46131,,,,
20260326,037270,YG PLUS,5540,-130,349891,,,,
20260326,037560,LG헬로비전,2265,-20,74967,,,,
20260326,037710,광주신세계,38950,-150,10329,,,,
20260326,039130,하나투어,41250,-950,39801,,,,
20260326,039490,키움증권,418500,-13500,62050,,,,
20260326,039570,HDC랩스,8610,10,33351,,,,
20260326,041650,상신브레이크,2620,5,14106,,,,
20260326,042660,한화오션,125700,1000,932327,,,,
20260326,042700,한미반도체,278000,-22000,650141,,,,
20260326,044380,주연테크,1935,-10,12192,,,,
20260326,044450,KSS해운,10600,-10,111068,,,,
20260326,044820,코스맥스비티아이,15680,-230,13119,,,,
20260326,047040,대우건설,15900,-510,18558692,,,,
20260326,047050,포스코인터내셔널,78200,2400,1054295,,,,
20260326,047400,유니온머티리얼,1714,94,2773608,,,,
20260326,047810,한국항공우주,188000,3000,701483,,,,
20260326,049800,우진플라임,2520,10,22965,,,,
20260326,051600,한전KPS,60600,-2200,182018,,,,
20260326,051630,진양화학,2260,-15,95603,,,,
20260326,051900,LG생활건강,242000,-4500,31598,,,,
20260326,051905,LG생활건강우,108500,-800,2755,,,,
20260326,051910,LG화학,314000,-4000,213175,,,,
20260326,051915,LG화학우,153600,-4900,21705,,,,
20260326,052690,한전기술,163900,-4900,145476,,,,
20260326,053210,스카이라이프,5120,-40,57694,,,,
20260326,053690,한미글로벌,26700,350,664133,,,,
20260326,055490,테이팩스,15150,-250,19932,,,,
20260326,055550,신한지주,93400,1300,1111630,,,,
20260326,058430,포스코스틸리온,4590,0,392940,,,,
20260326,058650,세아홀딩스,156000,-7000,4603,,,,
20260326,058730,다스코,3585,-70,203442,,,,
20260326,058850,KTcs,2600,-30,175006,,,,
20260326,058860,KTis,2850,-15,75790,,,,
20260326,060980,HL홀딩스,45150,-1050,14476,,,,
20260326,062040,산일전기,168600,2800,578510,,,,
20260326,063160,종근당바이오,19400,-190,9220,,,,
20260326,064350,현대로템,189800,-900,644593,,,,
20260326,064400,LG씨엔에스,61200,-1300,370532,,,,
20260326,064960,SNT모티브,34450,-300,51960,,,,
20260326,066570,LG전자,113000,-1700,580950,,,,
20260326,066575,LG전자우,51500,-1300,56036,,,,
20260326,066970,엘앤에프,144500,-800,1039926,,,,
20260326,067830,세이브존I&C,3080,-40,52731,,,,
20260326,068270,셀트리온,193492,-477,462979,,,,
20260326,068290,삼성출판사,9130,10,13204,,,,
20260326,069260,TKG휴켐스,18570,-90,58529,,,,
20260326,069460,대호에이엘,2660,0,0,,,,
20260326,069620,대웅제약,161400,2000,27912,,,,
20260326,069640,한세엠케이,1174,-46,21258,,,,
20260326,069730,DSR제강,4820,-135,23801,,,,
20260326,069960,현대백화점,84500,-2300,77221,,,,
20260326,070960,모나용평,3005,-10,41836,,,,
20260326,071050,한국금융지주,216000,-4500,189288,,,,
20260326,071055,한국금융지주우,161000,-6000,6731,,,,
20260326,071090,하이스틸,3420,-125,111794,,,,
20260326,071320,지역난방공사,90200,-1000,54773,,,,
20260326,071840,롯데하이마트,8150,20,19462,,,,
20260326,071950,코아스,1900,-96,183095,,,,
20260326,071970,HD현대마린엔진,78800,1300,509130,,,,
20260326,072130,유엔젤,5420,130,610771,,,,
20260326,072710,농심홀딩스,95600,-1400,4449,,,,
20260326,073240,금호타이어,6100,-120,310527,,,,
20260326,074610,이엔플러스,5110,0,0,,,,
20260326,075180,새론오토모티브,3080,20,4536,,,,
20260326,075580,세진중공업,17620,90,567795,,,,
20260326,077500,유니퀘스트,6110,-320,124537,,,,
20260326,077970,STX엔진,35300,-1050,323803,,,,
20260326,078000,텔코웨어,17080,-390,10751,,,,
20260326,078520,에이블씨엔씨,12800,-300,130829,,,,
20260326,078930,GS,67800,-2400,215310,,,,
20260326,078935,GS우,53900,-900,3192,,,,
20260326,079160,CJ CGV,4805,-45,316821,,,,
20260326,079430,현대리바트,6980,-220,54083,,,,
20260326,079550,LIG디펜스앤에어로스페이스,735000,1000,415401,,,,
20260326,079900,전진건설로봇,52600,-3100,114204,,,,
20260326,079980,휴비스,2800,120,347430,,,,
20260326,081000,일진다이아,13530,-450,33525,,,,
20260326,081660,미스토홀딩스,40100,-2100,237024,,,,
20260326,082640,동양생명,8670,-230,245764,,,,
20260326,082740,한화엔진,49200,450,954662,,,,
20260326,083420,그린케미칼,5890,190,753903,,,,
20260326,084010,대한제강,10700,-490,44506,,,,
20260326,084670,동양고속,41500,-850,22516,,,,
20260326,084680,이월드,1558,-28,176375,,,,
20260326,084690,대상홀딩스,9370,-130,46983,,,,
20260326,084695,대상홀딩스우,14770,-70,7115,,,,
20260326,084870,TBH글로벌,2330,180,301382,,,,
20260326,085310,엔케이,11340,100,110331,,,,
20260326,085620,미래에셋생명,17230,-640,543213,,,,
20260326,086280,현대글로비스,227500,-2000,91341,,,,
20260326,086790,하나금융지주,108800,100,884501,,,,
20260326,088260,이리츠코크렙,4845,40,38922,,,,
20260326,088350,한화생명,4730,-240,5539219,,,,
20260326,088790,진도,2590,60,36970,,,,
20260326,088980,맥쿼리인프라,11460,-30,995256,,,,
20260326,089470,HDC현대EP,5360,-120,120269,,,,
20260326,089590,제주항공,5080,-120,194284,,,,
20260326,089860,롯데렌탈,31600,0,41240,,,,
20260326,090080,평화산업,901,-9,110086,,,,
20260326,090350,노루페인트,9030,-130,1989394,,,,
20260326,090355,노루페인트우,13490,100,2402,,,,
20260326,090370,메타랩스,1470,-20,40190,,,,
20260326,090430,아모레퍼시픽,136000,-800,122626,,,,
20260326,090435,아모레퍼시픽우,47700,-500,7001,,,,
20260326,090460,비에이치,21800,-1050,586216,,,,
20260326,091810,트리니티항공,1099,-71,961846,,,,
20260326,092200,디아이씨,8690,-110,348723,,,,
20260326,092220,KEC,8870,95,3992955,,,,
20260326,092230,KPX홀딩스,81600,-100,2110,,,,
20260326,092440,기신정기,2290,-5,16633,,,,
20260326,092780,DYP,4375,-60,34680,,,,
20260326,092790,넥스틸,11520,-540,134718,,,,
20260326,093050,LF,23400,550,111458,,,,
20260326,093240,형지엘리트,993,-32,572498,,,,
20260326,093370,후성,7210,-130,365214,,,,
20260326,094280,효성ITX,12510,-20,11045,,,,
20260326,094800,맵스리얼티,6960,130,77042,,,,
20260326,095570,AJ네트웍스,5070,-190,127348,,,,
20260326,095720,웅진씽크빅,2301,-25,38280,,,,
20260326,096760,JW홀딩스,4300,-125,130265,,,,
20260326,096770,SK이노베이션,111300,-2800,301504,,,,
20260326,096775,SK이노베이션우,68800,-1400,2499,,,,
20260326,097230,HJ중공업,25350,-1600,1794685,,,,
20260326,097520,엠씨넥스,22550,-650,37662,,,,
20260326,097950,CJ제일제당,216500,-2500,30233,,,,
20260326,097955,CJ제일제당 우,130400,-500,3989,,,,
20260326,100090,SK오션플랜트,28700,3650,14732074,,,,
20260326,100220,비상교육,5550,100,32183,,,,
20260326,100250,진양홀딩스,3010,5,80793,,,,
20260326,100840,SNT에너지,48400,100,476790,,,,
20260326,101140,인바이오젠,10000,220,11720,,,,
20260326,101530,해태제과식품,6250,-110,22300,,,,
20260326,102260,동성케미컬,4365,270,3253525,,,,
20260326,102460,이연제약,10080,-90,20417,,,,
20260326,103140,풍산,93500,-4700,214658,,,,
20260326,103590,일진전기,78000,-1500,236627,,,,
20260326,104700,한국철강,9250,-100,10221,,,,
20260326,105560,KB금융,152200,2800,1058672,,,,
20260326,105630,한세실업,12130,-90,75092,,,,
20260326,105840,우진,25400,-1650,650297,,,,
20260326,107590,미원홀딩스,65000,0,290,,,,
20260326,108320,LX세미콘,50700,-900,51272,,,,
20260326,108670,LX하우시스,28500,-550,13236,,,,
20260326,108675,LX하우시스우,15580,-50,4439,,,,
20260326,109070,주성코퍼레이션,1295,-55,1064483,,,,
20260326,111110,호전실업,7420,-70,8008,,,,
20260326,111380,동인기연,14080,-720,11990,,,,
20260326,111770,영원무역,81200,-600,42999,,,,
20260326,112610,씨에스윈드,62100,-1200,585882,,,,
20260326,114090,GKL,11790,-210,238999,,,,
20260326,117580,대성에너지,10380,-340,1962253,,,,
20260326,118000,메타케어,2400,-10,37367,,,,
20260326,119650,KC코트렐,918,0,0,,,,
20260326,120030,조선선재,100400,-1400,662,,,,
20260326,120110,코오롱인더,80500,1700,637715,,,,
20260326,120115,코오롱인더우,28950,100,44200,,,,
20260326,122900,아이마켓코리아,7520,-40,38763,,,,
20260326,123690,한국화장품,8010,-310,125804,,,,
20260326,123700,SJM,3585,-45,14900,,,,
20260326,123890,한국자산신탁,2815,-40,262085,,,,
20260326,126560,현대퓨처넷,3275,5,54381,,,,
20260326,126720,수산인더스트리,27550,-1350,44234,,,,
20260326,128820,대성산업,7130,-150,288789,,,,
20260326,128940,한미약품,551000,10000,104774,,,,
20260326,129260,인터지스,2465,-15,72340,,,,
20260326,130660,한전산업,19550,-1050,467659,,,,
20260326,133820,화인베스틸,1226,-10,53936,,,,
20260326,134380,미원화학,11970,170,2960,,,,
20260326,134790,시디즈,19120,-60,1508,,,,
20260326,136490,선진,10350,-200,70482,,,,
20260326,137310,에스디바이오센서,7940,10,88008,,,,
20260326,138040,메리츠금융지주,114200,2800,339708,,,,
20260326,138930,BNK금융지주,18430,-20,567704,,,,
20260326,139130,iM금융지주,16980,0,486688,,,,
20260326,139480,이마트,97800,-700,142620,,,,
20260326,139990,아주스틸,3000,5,10048,,,,
20260326,143210,핸즈코퍼레이션,1199,0,0,,,,
20260326,145210,다이나믹디자인,2240,0,0,,,,
20260326,145270,케이탑리츠,904,-1,59667,,,,
20260326,145720,덴티움,53800,2700,102103,,,,
20260326,145990,삼양사,46150,-1250,8101,,,,
20260326,145995,삼양사우,34800,-200,235,,,,
20260326,155660,DSR,4250,20,23450,,,,
20260326,161000,애경케미칼,9300,-120,47304,,,,
20260326,161390,한국타이어앤테크놀로지,57400,-700,306753,,,,
20260326,161890,한국콜마,77400,-2200,162299,,,,
20260326,163560,동일고무벨트,6880,-100,23680,,,,
20260326,170900,동아에스티,43900,-650,14633,,,,
20260326,175330,JB금융지주,30000,350,281260,,,,
20260326,178920,PI첨단소재,25350,3000,1893944,,,,
20260326,180640,한진칼,118300,-8400,107159,,,,
20260326,18064K,한진칼우,34500,-1000,2451,,,,
20260326,181710,NHN,37000,-550,25900,,,,
20260326,183190,아세아시멘트,11570,-280,121490,,,,
20260326,185750,종근당,91700,1900,49299,,,,
20260326,192080,더블유게임즈,50300,100,30425,,,,
20260326,192400,쿠쿠홀딩스,28650,200,34957,,,,
20260326,192650,드림텍,6880,-290,282357,,,,
20260326,192820,코스맥스,188800,-7500,50346,,,,
20260326,194370,제이에스코퍼레이션,11600,-490,66470,,,,
20260326,195870,해성디에스,56600,-3700,170310,,,,
20260326,200880,서연이화,13700,-350,70214,,,,
20260326,204320,HL만도,51500,-900,173146,,,,
20260326,207940,삼성바이오로직스,1585000,0,30276,,,,
20260326,210540,디와이파워,13380,-310,48248,,,,
20260326,210980,SK디앤디,13040,-120,12158,,,,
20260326,213500,한솔제지,8570,-110,329489,,,,
20260326,214320,이노션,18220,-230,173410,,,,
20260326,214330,금호에이치티,13274,-27,36824,,,,
20260326,214390,경보제약,8060,-490,668292,,,,
20260326,214420,토니모리,6750,-240,123002,,,,
20260326,217590,티엠씨,21800,-2650,911752,,,,
20260326,226320,잇츠한불,10150,-260,11177,,,,
20260326,227840,현대코퍼레이션홀딩스,12190,-310,92872,,,,
20260326,229640,LS에코에너지,44600,50,310789,,,,
20260326,234080,JW생명과학,13170,-190,29156,,,,
20260326,241560,두산밥캣,60500,-1200,232985,,,,
20260326,241590,화승엔터프라이즈,4605,-125,135308,,,,
20260326,244920,에이플러스에셋,10740,-350,62441,,,,
20260326,248070,솔루엠,17060,-330,156969,,,,
20260326,248170,샘표식품,28000,-500,5753,,,,
20260326,249420,일동제약,30100,-1100,180428,,,,
20260326,251270,넷마블,51500,100,178988,,,,
20260326,259960,크래프톤,241500,1000,127398,,,,
20260326,264900,크라운제과,8380,-40,3769,,,,
20260326,26490K,크라운제과우,9190,20,223,,,,
20260326,267250,HD현대,266500,1500,118149,,,,
20260326,267260,HD현대일렉트릭,965000,-27000,82599,,,,
20260326,267270,HD건설기계,129600,-7100,300707,,,,
20260326,267290,경동도시가스,22200,-250,9690,,,,
20260326,267850,아시아나IDT,10750,-60,262221,,,,
20260326,268280,미원에스씨,126800,-1700,2877,,,,
20260326,271560,오리온,132200,-1900,137118,,,,
20260326,271940,일진하이솔루스,16180,-300,51708,,,,
20260326,271980,제일약품,14270,320,34250,,,,
20260326,272210,한화시스템,129700,-6900,872674,,,,
20260326,272450,진에어,6310,-110,75981,,,,
20260326,272550,삼양패키징,15280,1020,5270785,,,,
20260326,278470,에이피알,310000,-18500,406923,,,,
20260326,279570,케이뱅크,6370,50,6797370,,,,
20260326,280360,롯데웰푸드,114100,-700,21579,,,,
20260326,281820,케이씨텍,48550,-1200,142164,,,,
20260326,282330,BGF리테일,125100,2200,33673,,,,
20260326,284740,쿠쿠홈시스,24650,-350,13376,,,,
20260326,285130,SK케미칼,54300,-1900,45828,,,,
20260326,28513K,SK케미칼우,26900,-100,9134,,,,
20260326,286940,롯데이노베이트,21500,-300,15097,,,,
20260326,293480,하나제약,9360,-80,37563,,,,
20260326,293940,신한알파리츠,5720,-10,141587,,,,
20260326,294870,IPARK현대산업개발,22100,-250,205305,,,,
20260326,298000,효성화학,77800,0,0,,,,
20260326,298020,효성티앤씨,389500,4500,35949,,,,
20260326,298040,효성중공업,2860000,-130000,43758,,,,
20260326,298050,HS효성첨단소재,221500,-3000,10627,,,,
20260326,298690,에어부산,1831,-12,111111,,,,
20260326,300720,한일시멘트,16590,-420,99980,,,,
20260326,302440,SK바이오사이언스,42650,-150,71924,,,,
20260326,306200,세아제강,131700,-7500,13431,,,,
20260326,307950,현대오토에버,387500,-18000,60515,,,,
20260326,308170,씨티알모빌리티,5020,-130,7487,,,,
20260326,316140,우리금융지주,33200,200,1583232,,,,
20260326,317400,자이에스앤디,4260,-90,76831,,,,
20260326,317450,명인제약,56800,0,14775,,,,
20260326,322000,HD현대에너지솔루션,128600,1800,1311722,,,,
20260326,323410,카카오뱅크,24500,-50,582152,,,,
20260326,326030,SK바이오팜,94700,-2500,11131537,,,,
20260326,329180,HD현대중공업,511000,-12000,179100,,,,
20260326,330590,롯데리츠,4620,-15,207473,,,,
20260326,334890,이지스밸류플러스리츠,4160,25,74402,,,,
20260326,336260,두산퓨얼셀,38850,-400,449465,,,,
20260326,33626K,두산퓨얼셀1우,7350,-10,13710,,,,
20260326,33626L,두산퓨얼셀2우B,9640,0,509,,,,
20260326,336370,솔루스첨단소재,9250,-650,651936,,,,
20260326,33637K,솔루스첨단소재1우,2005,-70,87611,,,,
20260326,33637L,솔루스첨단소재2우B,3315,-45,4857,,,,
20260326,338100,NH프라임리츠,4610,-20,70041,,,,
20260326,339770,교촌에프앤비,4180,-65,45769,,,,
20260326,344820,KCC글라스,25400,-150,34984,,,,
20260326,348950,제이알글로벌리츠,1577,-51,812284,,,,
20260326,350520,이지스레지던스리츠,3670,-10,176790,,,,
20260326,352820,하이브,304000,-500,409375,,,,
20260326,353200,대덕전자,87700,-900,1638454,,,,
20260326,35320K,대덕전자1우,19650,-310,21255,,,,
20260326,357120,코람코라이프인프라리츠,4595,-5,71587,,,,
20260326,357250,미래에셋맵스리츠,2390,-20,52139,,,,
20260326,357430,마스턴프리미어리츠,1486,1,22961,,,,
20260326,361610,SK아이이테크놀로지,21050,-1050,162510,,,,
20260326,363280,티와이홀딩스,2825,-15,84772,,,,
20260326,36328K,티와이홀딩스우,4070,35,3062,,,,
20260326,365550,ESR켄달스퀘어리츠,4300,30,200357,,,,
20260326,372910,한컴라이프케어,2400,-30,109828,,,,
20260326,373220,LG에너지솔루션,384500,-9500,274503,,,,
20260326,375500,DL이앤씨,66400,-2900,1574631,,,,
20260326,37550K,DL이앤씨우,28600,-600,19291,,,,
20260326,37550L,DL이앤씨2우(전환),43050,-1000,3870,,,,
20260326,377190,디앤디플랫폼리츠,3105,15,87941,,,,
20260326,377300,카카오페이,52500,-1500,399766,,,,
20260326,377740,바이오노트,5470,-20,65880,,,,
20260326,378850,화승알앤에이,3575,-30,41067,,,,
20260326,381970,케이카,14170,-190,32597,,,,
20260326,383220,F&F,62300,-500,64345,,,,
20260326,383800,LX홀딩스,8290,-160,148405,,,,
20260326,38380K,LX홀딩스1우,8290,-50,871,,,,
20260326,395400,SK리츠,6330,-210,335853,,,,
20260326,396690,미래에셋글로벌리츠,2480,-5,77477,,,,
20260326,400760,NH올원리츠,3245,5,69115,,,,
20260326,402340,SK스퀘어,558000,-47000,600622,,,,
20260326,403550,쏘카,11240,-10,8675,,,,
20260326,404990,신한서부티엔디리츠,4435,-5,131240,,,,
20260326,415640,KB발해인프라,9980,60,105311,,,,
20260326,417310,코람코더원리츠,9710,-70,60377,,,,
20260326,432320,KB스타리츠,2525,70,208316,,,,
20260326,439260,대한조선,87800,-1500,278970,,,,
20260326,443060,HD현대마린솔루션,178900,-2500,65753,,,,
20260326,446070,유니드비티플러스,3050,0,29736,,,,
20260326,448730,삼성FN리츠,5500,50,84770,,,,
20260326,450080,에코프로머티,69900,-500,1922970,,,,
20260326,451800,한화리츠,5110,40,171621,,,,
20260326,452260,한화갤러리아,2550,-125,2026329,,,,
20260326,45226K,한화갤러리아우,6800,-330,14818,,,,
20260326,453340,현대그린푸드,15920,-20,10999,,,,
20260326,454910,두산로보틱스,85400,-3400,128743,,,,
20260326,456040,OCI,94200,-200,36624,,,,
20260326,457190,이수스페셜티케미컬,91700,700,318999,,,,
20260326,460850,동국씨엠,5860,-70,57460,,,,
20260326,460860,동국제강,9100,-310,121938,,,,
20260326,462520,조선내화,13910,110,6188,,,,
20260326,462870,시프트업,31100,-400,66482,,,,
20260326,465770,STX그린로지스,6160,-170,114445,,,,
20260326,475150,SK이터닉스,53800,-3600,1584081,,,,
20260326,475560,더본코리아,21150,-50,8860,,,,
20260326,480370,씨케이솔루션,2405,-50,191687,,,,
20260326,481850,신한글로벌액티브리츠,1085,-2,41365,,,,
20260326,483650,달바글로벌,143500,-12400,115002,,,,
20260326,484870,엠앤씨솔루션,36133,-1167,48063,,,,
20260326,487570,HS효성,56200,-1400,8483,,,,
20260326,489790,한화비전,83300,-9400,1035048,,,,
20260326,499790,GS피앤엘,44450,-1850,86112,,,,
20260326,900140,엘브이엠씨홀딩스,1659,-14,792145,,,,
20260326,950210,프레스티지바이오파마,10510,-50,139500,,,,
20260327,000020,동화약품,6020,-10,99185,,,,
20260327,000040,KR모터스,1990,-30,17029,,,,
20260327,000050,경방,9490,-10,52555,,,,
20260327,000070,삼양홀딩스,70500,500,12346,,,,
20260327,000080,하이트진로,16730,190,132871,,,,
20260327,000087,하이트진로2우B,13960,0,1064,,,,
20260327,000100,유한양행,100400,1400,178711,,,,
20260327,000105,유한양행우,87800,200,1741,,,,
20260327,000120,CJ대한통운,108200,200,41005,,,,
20260327,000140,하이트진로홀딩스,9070,0,43462,,,,
20260327,000145,하이트진로홀딩스우,11680,10,32,,,,
20260327,000150,두산,1203000,-36000,81128,,,,
20260327,000155,두산우,497500,-3500,20695,,,,
20260327,000157,두산2우B,451000,-5000,1364,,,,
20260327,000180,성창기업지주,7335,-85,24103,,,,
20260327,000210,DL,62600,3200,195279,,,,
20260327,000215,DL우,28000,1450,19604,,,,
20260327,000220,유유제약,4350,0,32247,,,,
20260327,000225,유유제약1우,4425,-5,7982,,,,
20260327,000227,유유제약2우B,10710,80,1460,,,,
20260327,000230,일동홀딩스,10560,0,20048,,,,
20260327,000240,한국앤컴퍼니,26900,-200,82234,,,,
20260327,000270,기아,155800,1100,832198,,,,
20260327,000300,DH오토넥스,4200,0,0,,,,
20260327,000320,노루홀딩스,21900,-400,10675,,,,
20260327,000325,노루홀딩스우,30900,-50,150,,,,
20260327,000370,한화손해보험,6770,-50,435467,,,,
20260327,000390,SP삼화,9800,-370,2414127,,,,
20260327,000400,롯데손해보험,2130,15,370197,,,,
20260327,000430,대원강업,3970,-30,143960,,,,
20260327,000480,CR홀딩스,4935,-20,26149,,,,
20260327,000490,대동,9830,80,234543,,,,
20260327,000500,가온전선,60736,2056,80407,,,,
20260327,000520,삼일제약,10020,-240,140244,,,,
20260327,000540,흥국화재,4495,20,133465,,,,
20260327,000545,흥국화재우,6900,20,2765,,,,
20260327,000590,CS홀딩스,77900,-900,637,,,,
20260327,000640,동아쏘시오홀딩스,98400,0,10585,,,,
20260327,000650,천일고속,221000,-2500,1927,,,,
20260327,000660,SK하이닉스,922000,-11000,4520942,,,,
20260327,000670,영풍,59700,-1200,49178,,,,
20260327,000680,LS네트웍스,3135,-5,98294,,,,
20260327,000700,유수홀딩스,6670,-100,72045,,,,
20260327,000720,현대건설,149800,-2600,1149192,,,,
20260327,000725,현대건설우,66400,-800,6394,,,,
20260327,000760,이화산업,15090,-30,2040,,,,
20260327,000810,삼성화재,443000,-10000,192027,,,,
20260327,000815,삼성화재우,379500,2000,25193,,,,
20260327,000850,화천기공,36850,-250,5394,,,,
20260327,000860,강남제비스코,15030,-50,22238,,,,
20260327,000880,한화,133853,480,369364,,,,
20260327,00088K,한화3우B,45911,553,68778,,,,
20260327,000890,보해양조,2160,-20,68377,,,,
20260327,000910,유니온,4390,-105,129568,,,,
20260327,000950,전방,35700,-750,1055,,,,
20260327,000970,한국주철관,6750,20,49845,,,,
20260327,000990,DB하이텍,83800,5900,436469,,,,
20260327,001020,페이퍼코리아,3170,0,143948,,,,
20260327,001040,CJ,206500,3500,114355,,,,
20260327,001045,CJ우,90800,700,6405,,,,
20260327,00104K,CJ4우(전환),181000,3100,11131,,,,
20260327,001060,JW중외제약,32050,650,44866,,,,
20260327,001065,JW중외제약우,26900,0,489,,,,
20260327,001067,JW중외제약2우B,56000,-100,37,,,,
20260327,001070,대한방직,6860,-90,11868,,,,
20260327,001080,만호제강,5170,-60,81477,,,,
20260327,001120,LX인터내셔널,46400,-1800,270584,,,,
20260327,001130,대한제분,15170,-40,15260,,,,
20260327,001200,유진투자증권,4960,30,860183,,,,
20260327,001210,금호전기,3910,-65,79153,,,,
20260327,001230,동국홀딩스,2225,9,509971,,,,
20260327,001250,GS글로벌,2585,-20,473687,,,,
20260327,001260,남광토건,8840,50,22739,,,,
20260327,001270,부국증권,75800,800,14895,,,,
20260327,001275,부국증권우,38650,200,73640,,,,
20260327,001290,상상인증권,1178,-10,1038719,,,,
20260327,001340,PKC,6840,80,315485,,,,
20260327,001360,삼성제약,1864,-28,655635,,,,
20260327,001380,SG글로벌,2686,-22,71845,,,,
20260327,001390,KG케미칼,5360,-140,1609456,,,,
20260327,001420,태원물산,2845,15,12225,,,,
20260327,001430,세아베스틸지주,69500,-700,289625,,,,
20260327,001440,대한전선,28250,-750,2199656,,,,
20260327,001450,현대해상,31450,300,370011,,,,
20260327,001460,BYC,51500,3750,5158,,,,
20260327,001465,BYC우,29450,850,3288,,,,
20260327,001470,삼부토건,347,0,0,,,,
20260327,001500,현대차증권,10900,0,131324,,,,
20260327,001510,SK증권,4144,-40,22449844,,,,
20260327,001515,SK증권우,10960,-1220,1080953,,,,
20260327,001520,동양,1594,-30,487706,,,,
20260327,001525,동양우,8720,70,1340,,,,
20260327,001527,동양2우B,15560,-520,5284,,,,
20260327,001530,DI동일,20500,50,27934,,,,
20260327,001550,조비,15050,-960,300436,,,,
20260327,001560,제일연마,10940,-160,4646,,,,
20260327,001570,금양,9900,0,0,,,,
20260327,001620,케이비아이동국실업,3300,115,79903,,,,
20260327,001630,종근당홀딩스,49850,1000,4632,,,,
20260327,001680,대상,21000,400,158255,,,,
20260327,001685,대상우,16960,70,6464,,,,
20260327,001720,신영증권,206000,4500,29147,,,,
20260327,001740,SK네트웍스,5360,100,989293,,,,
20260327,001750,한양증권,27100,900,87491,,,,
20260327,001755,한양증권우,26700,800,6621,,,,
20260327,001770,SHD,17190,-140,274,,,,
20260327,001780,알루코,2120,0,431866,,,,
20260327,001790,대한제당,2925,-25,344784,,,,
20260327,001795,대한제당우,2405,20,40985,,,,
20260327,001800,오리온홀딩스,25200,-250,222240,,,,
20260327,001820,삼화콘덴서,56100,-1300,253903,,,,
20260327,001940,KISCO홀딩스,26400,0,7327,,,,
20260327,002020,코오롱,69800,6800,225867,,,,
20260327,002025,코오롱우,30000,1450,12472,,,,
20260327,002030,아세아,278500,0,4251,,,,
20260327,002070,비비안,7699,256,28423,,,,
20260327,002100,경농,9480,-70,87248,,,,
20260327,002140,고려산업,2720,-85,431734,,,,
20260327,002150,도화엔지니어링,6360,10,87714,,,,
20260327,002170,SYTS,59900,200,3812,,,,
20260327,002200,한국수출포장,2900,-140,2082819,,,,
20260327,002210,동성제약,1946,0,0,,,,
20260327,002220,한일철강,3710,-15,59957,,,,
20260327,002240,고려제강,21400,0,17347,,,,
20260327,002310,아세아제지,8780,-270,455641,,,,
20260327,002320,한진,19060,-340,73046,,,,
20260327,002350,넥센타이어,7370,20,109829,,,,
20260327,002355,넥센타이어1우B,4480,-20,7639,,,,
20260327,002360,SH에너지화학,4050,-120,349378,,,,
20260327,002380,KCC,525000,0,26648,,,,
20260327,002390,한독,10750,-30,19805,,,,
20260327,002410,범양건영,1935,0,0,,,,
20260327,002420,세기상사,5360,-330,58573,,,,
20260327,002450,삼익악기,1226,-16,128670,,,,
20260327,002460,HS화성,12310,20,32476,,,,
20260327,002600,조흥,146200,400,232,,,,
20260327,002620,제일파마홀딩스,8730,-60,11959,,,,
20260327,002630,오리엔트바이오,1256,92,6569631,,,,
20260327,002690,동일제강,1563,15,56937,,,,
20260327,002700,신일전자,1390,8,679677,,,,
20260327,002710,TCC스틸,13560,380,129558,,,,
20260327,002720,국제약품,5130,-100,295553,,,,
20260327,002760,보락,1157,-26,295877,,,,
20260327,002780,진흥기업,953,-39,3091787,,,,
20260327,002785,진흥기업우B,3445,-25,1459,,,,
20260327,002787,진흥기업2우B,7900,220,564,,,,
20260327,002790,아모레퍼시픽홀딩스,29350,1500,194360,,,,
20260327,002795,아모레퍼시픽홀딩스우,12480,300,35213,,,,
20260327,00279K,아모레퍼시픽홀딩스3우C,24500,650,13439,,,,
20260327,002810,삼영무역,19470,-410,20421,,,,
20260327,002820,SUN&L,2335,-20,8009,,,,
20260327,002840,미원상사,135800,-1700,3671,,,,
20260327,002870,신풍,1183,-43,209522,,,,
20260327,002880,디와이에이,926,-1,50075,,,,
20260327,002900,TYM,6830,60,181528,,,,
20260327,002920,유성기업,1951,-48,30641,,,,
20260327,002960,한국쉘석유,480000,3500,1791,,,,
20260327,002990,금호건설,5050,40,174119,,,,
20260327,002995,금호건설우,13940,-50,905,,,,
20260327,003000,부광약품,9600,270,10238489,,,,
20260327,003010,혜인,5450,-10,50984,,,,
20260327,003030,세아제강지주,191600,-400,32977,,,,
20260327,003060,에이프로젠바이오로직스,305,3,3380850,,,,
20260327,003070,코오롱글로벌,10800,290,79473,,,,
20260327,003075,코오롱글로벌우,16080,330,646,,,,
20260327,003080,SB성보,2615,0,13816,,,,
20260327,003090,대웅,24850,400,78202,,,,
20260327,0030R0,대신밸류리츠,4285,-25,41460,,,,
20260327,003120,일성아이에스,23250,0,6120,,,,
20260327,003160,디아이,34500,-1250,356836,,,,
20260327,003200,일신방직,12150,70,28060,,,,
20260327,003220,대원제약,10520,80,28189,,,,
20260327,003230,삼양식품,1183000,-5000,56494,,,,
20260327,003240,태광산업,1177000,-2000,1996,,,,
20260327,003280,흥아해운,2950,-255,32624200,,,,
20260327,003300,한일홀딩스,18240,-220,52410,,,,
20260327,003350,한국화장품제조,9180,220,104610,,,,
20260327,003460,유화증권,3720,60,713634,,,,
20260327,003465,유화증권우,3635,-20,84827,,,,
20260327,003470,유안타증권,5000,85,541919,,,,
20260327,003475,유안타증권우,4705,95,71998,,,,
20260327,003480,한진중공업홀딩스,4890,-130,168403,,,,
20260327,003490,대한항공,25300,350,2218835,,,,
20260327,003495,대한항공우,24350,150,6242,,,,
20260327,003520,영진약품,1789,14,223838,,,,
20260327,003530,한화투자증권,7190,90,2145553,,,,
20260327,003535,한화투자증권우,9100,-370,201811,,,,
20260327,003540,대신증권,37850,-350,130487,,,,
20260327,003545,대신증권우,24750,-350,95391,,,,
20260327,003547,대신증권2우B,23700,-450,34590,,,,
20260327,003550,LG,89000,1500,310858,,,,
20260327,003555,LG우,68700,-400,8008,,,,
20260327,003570,SNT다이내믹스,49700,-700,71798,,,,
20260327,003580,HLB글로벌,2055,55,255127,,,,
20260327,003610,방림,5200,20,323118,,,,
20260327,003620,KG모빌리티,3440,-10,764834,,,,
20260327,003650,미창석유,112500,0,3358,,,,
20260327,003670,포스코퓨처엠,209000,9000,450176,,,,
20260327,003680,한성기업,5060,40,16623,,,,
20260327,003690,코리안리,13330,-20,409119,,,,
20260327,003720,삼영,7620,-260,1453521,,,,
20260327,003780,진양산업,5530,-30,35062,,,,
20260327,003830,대한화섬,124500,1300,317,,,,
20260327,003850,보령,9650,-10,105806,,,,
20260327,003920,남양유업,51000,600,6137,,,,
20260327,003925,남양유업우,40000,-200,6884,,,,
20260327,003960,사조대림,32550,-250,11911,,,,
20260327,004000,롯데정밀화학,51800,200,150209,,,,
20260327,004020,현대제철,35000,50,435824,,,,
20260327,004060,SG세계물산,5250,80,321777,,,,
20260327,004080,신흥,13800,-10,1212,,,,
20260327,004090,한국석유,16730,-910,910236,,,,
20260327,004100,태양금속,3095,10,589238,,,,
20260327,004105,태양금속우,3915,55,16723,,,,
20260327,004140,동방,2720,-85,814164,,,,
20260327,004150,한솔홀딩스,3420,20,147598,,,,
20260327,004170,신세계,337000,4500,45141,,,,
20260327,004250,NPC,4015,-10,509035,,,,
20260327,004255,NPC우,2500,30,11826,,,,
20260327,004270,남성,6002,-32,8897,,,,
20260327,004310,현대약품,9160,-10,344601,,,,
20260327,004360,세방,15300,-440,82826,,,,
20260327,004365,세방우,9360,-50,4532,,,,
20260327,004370,농심,375500,2000,13403,,,,
20260327,004380,삼익THK,13000,0,0,,,,
20260327,004410,서울식품,1810,-20,1262702,,,,
20260327,004415,서울식품우,11970,10,1104,,,,
20260327,004430,송원산업,9230,70,112101,,,,
20260327,004440,삼일씨엔에스,10000,50,776105,,,,
20260327,004450,삼화왕관,27900,0,3138,,,,
20260327,004490,세방전지,60500,-100,23118,,,,
20260327,004540,깨끗한나라,2115,132,7403830,,,,
20260327,004545,깨끗한나라우,10600,220,4772,,,,
20260327,004560,현대비앤지스틸,15820,-50,108329,,,,
20260327,004690,삼천리,147200,-2300,17080,,,,
20260327,004700,조광피혁,70300,700,4771,,,,
20260327,004710,한솔테크닉스,4606,23,107071,,,,
20260327,004720,팜젠사이언스,3815,-20,34118,,,,
20260327,004770,써니전자,1663,43,444738,,,,
20260327,004800,효성,139600,-3100,39668,,,,
20260327,004830,덕성,4405,-10,63059,,,,
20260327,004835,덕성우,6080,20,3143,,,,
20260327,004840,DRB동일,5420,10,13977,,,,
20260327,004870,티웨이홀딩스,1698,14,54571,,,,
20260327,004890,동일산업,38750,-500,333,,,,
20260327,004910,조광페인트,4980,-10,43341,,,,
20260327,004920,씨아이테크,1083,-10,163192,,,,
20260327,004960,한신공영,14880,-370,177635,,,,
20260327,004970,신라교역,9570,-130,18929,,,,
20260327,004980,성신양회,9470,-200,45375,,,,
20260327,004985,성신양회우,10900,40,2157,,,,
20260327,004990,롯데지주,30950,200,318643,,,,
20260327,00499K,롯데지주우,30500,-50,921,,,,
20260327,005010,휴스틸,5240,40,839296,,,,
20260327,005030,부산주공,486,0,0,,,,
20260327,005070,코스모신소재,51700,1800,235236,,,,
20260327,005090,SGC에너지,66500,3500,147147,,,,
20260327,005110,한창,1254,0,0,,,,
20260327,005180,빙그레,74200,1000,16333,,,,
20260327,005250,녹십자홀딩스,14260,160,77762,,,,
20260327,005257,녹십자홀딩스2우,23400,-450,1521,,,,
20260327,005300,롯데칠성,117900,900,17043,,,,
20260327,005305,롯데칠성우,81600,100,1445,,,,
20260327,005320,온타이드,1050,20,107645,,,,
20260327,005360,모나미,1722,-3,24484,,,,
20260327,005380,현대차,495000,5000,1151726,,,,
20260327,005385,현대차우,257000,6500,74094,,,,
20260327,005387,현대차2우B,257000,5000,143116,,,,
20260327,005389,현대차3우B,245000,3000,12999,,,,
20260327,005420,코스모화학,15400,270,236837,,,,
20260327,005430,한국공항,56700,200,11480,,,,
20260327,005440,현대지에프홀딩스,14360,-80,351984,,,,
20260327,005490,POSCO홀딩스,343000,500,276285,,,,
20260327,005500,삼진제약,18540,-120,17131,,,,
20260327,005610,삼립,50800,400,6522,,,,
20260327,005680,삼영전자,16010,70,157205,,,,
20260327,005690,파미셀,16920,550,874404,,,,
20260327,005720,넥센,6750,-20,19935,,,,
20260327,005725,넥센우,4495,65,184,,,,
20260327,005740,크라운해태홀딩스,6750,-50,14469,,,,
20260327,005745,크라운해태홀딩스우,7480,-10,119,,,,
20260327,005750,대림바스,5850,-160,173590,,,,
20260327,005800,신영와코루,15560,60,14742,,,,
20260327,005810,풍산홀딩스,35350,-600,45823,,,,
20260327,005820,원림,15480,-170,2275,,,,
20260327,005830,DB손해보험,172900,-3000,334691,,,,
20260327,005850,에스엘,59800,600,131691,,,,
20260327,005870,휴니드,8630,-380,275608,,,,
20260327,005880,대한해운,2315,-40,8491923,,,,
20260327,005930,삼성전자,179700,-400,29138966,,,,
20260327,005935,삼성전자우,126200,-100,3561798,,,,
20260327,005940,NH투자증권,34250,1000,1078231,,,,
20260327,005945,NH투자증권우,27150,200,213205,,,,
20260327,005950,이수화학,7980,100,132293,,,,
20260327,005960,동부건설,8510,-160,194110,,,,
20260327,005965,동부건설우,18710,-360,1084,,,,
20260327,006040,동원산업,40000,50,35892,,,,
20260327,006060,화승인더,3225,-5,74369,,,,
20260327,006090,사조오양,8240,10,6394,,,,
20260327,006110,삼아알미늄,28850,-250,66310,,,,
20260327,006120,SK디스커버리,54100,-1300,45135,,,,
20260327,006125,SK디스커버리우,40100,50,3108,,,,
20260327,006200,한국전자홀딩스,5100,200,469728,,,,
20260327,006220,제주은행,12810,-80,123070,,,,
20260327,006260,LS,268000,-9000,142220,,,,
20260327,006280,녹십자,151000,2700,30908,,,,
20260327,006340,대원전선,5270,-170,2609449,,,,
20260327,006345,대원전선우,3730,-65,17262,,,,
20260327,006360,GS건설,26350,100,1920839,,,,
20260327,006370,대구백화점,4920,175,23946,,,,
20260327,006380,카프로,3660,0,0,,,,
20260327,006400,삼성SDI,405500,9000,657568,,,,
20260327,006405,삼성SDI우,213000,5500,11373,,,,
20260327,006490,프리티,1205,-20,335681,,,,
20260327,006570,대림통상,2010,12,15826,,,,
20260327,006650,대한유화,133400,-4400,105782,,,,
20260327,006660,삼성공조,11520,-40,17379,,,,
20260327,006740,블루산업개발,1357,-7,150025,,,,
20260327,006800,미래에셋증권,67100,1800,2969987,,,,
20260327,006805,미래에셋증권우,22750,200,159440,,,,
20260327,00680K,미래에셋증권2우B,20500,350,424414,,,,
20260327,006840,AK홀딩스,8190,300,26352,,,,
20260327,006880,신송홀딩스,7030,-70,45544,,,,
20260327,006890,태경케미컬,9180,-40,1150102,,,,
20260327,006980,우성,20950,0,3972,,,,
20260327,007070,GS리테일,21250,300,129668,,,,
20260327,007110,일신석재,1518,-6,286405,,,,
20260327,007120,미래아이앤지,2120,-30,384854,,,,
20260327,007160,사조산업,53300,-500,3632,,,,
20260327,007210,벽산,1860,-9,210451,,,,
20260327,007280,한국특강,2883,-4,75942,,,,
20260327,007310,오뚜기,359500,-3000,4292,,,,
20260327,007340,DN오토모티브,40750,-500,283175,,,,
20260327,007460,에이프로젠,337,21,7392047,,,,
20260327,007540,샘표,54400,100,5936,,,,
20260327,007570,일양약품,12970,-660,209323,,,,
20260327,007575,일양약품우,12480,-980,2772,,,,
20260327,007590,동방아그로,5890,-10,3387,,,,
20260327,007610,선도전기,3000,0,0,,,,
20260327,007660,이수페타시스,110500,-4500,878951,,,,
20260327,007690,국도화학,36850,900,8496,,,,
20260327,007700,F&F홀딩스,19140,140,26485,,,,
20260327,007810,코리아써키트,84000,3300,635651,,,,
20260327,007815,코리아써우,19800,410,20538,,,,
20260327,00781K,코리아써키트2우B,14130,160,5017,,,,
20260327,007860,서연,9640,-110,76708,,,,
20260327,007980,TP,1865,-1,244120,,,,
20260327,008040,사조동아원,1030,1,415427,,,,
20260327,008060,대덕,14740,160,181387,,,,
20260327,00806K,대덕1우,11740,160,43214,,,,
20260327,008250,이건산업,3955,5,24460,,,,
20260327,008260,NI스틸,3645,45,96263,,,,
20260327,008350,남선알미늄,1340,-33,1978717,,,,
20260327,008355,남선알미우,12530,-80,1974,,,,
20260327,008420,문배철강,2285,-15,65186,,,,
20260327,008490,서흥,19330,-470,34061,,,,
20260327,008600,윌비스,2620,0,0,,,,
20260327,008700,아남전자,1592,37,4702516,,,,
20260327,008730,율촌화학,23950,100,59332,,,,
20260327,008770,호텔신라,47450,5500,1313665,,,,
20260327,008775,호텔신라우,36700,3350,12495,,,,
20260327,008870,금비,45600,50,523,,,,
20260327,008930,한미사이언스,38400,450,102899,,,,
20260327,008970,KBI동양철관,1708,-2,658993,,,,
20260327,009070,KCTC,5870,-80,279571,,,,
20260327,009140,경인전자,22600,-100,2466,,,,
20260327,009150,삼성전기,434000,-23000,700060,,,,
20260327,009155,삼성전기우,169200,-6800,25057,,,,
20260327,009160,SIMPAC,4985,80,104132,,,,
20260327,009180,한솔로지스틱스,2915,-30,83249,,,,
20260327,009190,대양금속,1271,1,239889,,,,
20260327,009200,무림페이퍼,2090,-50,2301184,,,,
20260327,009240,한샘,42900,100,17410,,,,
20260327,009270,신원,1319,-6,235748,,,,
20260327,009290,광동제약,8880,-30,344766,,,,
20260327,009310,참엔지니어링,1065,0,0,,,,
20260327,009320,아진전자부품,1030,-6,139706,,,,
20260327,009410,태영건설,1837,13,266553,,,,
20260327,009415,태영건설우,5870,-30,1471,,,,
20260327,009420,한올바이오파마,63300,-1100,402848,,,,
20260327,009440,KC그린홀딩스,756,0,0,,,,
20260327,009450,경동나비엔,62100,-400,15635,,,,
20260327,009460,한창제지,3130,355,7821215,,,,
20260327,009470,삼화전기,36700,450,66903,,,,
20260327,009540,HD한국조선해양,367000,-8000,227372,,,,
20260327,009580,무림P&P,2805,-200,2750006,,,,
20260327,009680,모토닉,10760,20,17575,,,,
20260327,009770,삼정펄프,31700,-350,1866,,,,
20260327,009810,MDS스피어,2131,10,27474,,,,
20260327,009830,한화솔루션,33626,-1085,5893876,,,,
20260327,009835,한화솔루션우,20367,-903,66331,,,,
20260327,009900,명신산업,9800,-30,135776,,,,
20260327,009970,영원무역홀딩스,222500,3500,11972,,,,
20260327,010040,한국내화,1915,-54,53653,,,,
20260327,010060,OCI홀딩스,178800,-4500,151405,,,,
20260327,010100,한국무브넥스,4595,110,192914,,,,
20260327,010120,LS ELECTRIC,160200,-6600,859955,,,,
20260327,010130,고려아연,1483000,-63000,30379,,,,
20260327,010140,삼성중공업,26000,-350,3215404,,,,
20260327,010400,우진아이엔에스,3755,20,9559,,,,
20260327,010580,에스엠벡셀,2010,10,151858,,,,
20260327,010640,진양폴리,2495,25,34387,,,,
20260327,010660,화천기계,5870,50,238998,,,,
20260327,010690,화신,11210,-110,92854,,,,
20260327,010770,평화홀딩스,3900,20,23172,,,,
20260327,010780,아이에스동서,26900,-700,119336,,,,
20260327,010820,퍼스텍,7140,-90,698590,,,,
20260327,010950,S-Oil,109700,-2600,408328,,,,
20260327,010955,S-Oil우,53900,-100,25117,,,,
20260327,010960,삼호개발,4125,115,90761,,,,
20260327,011000,진원생명과학,4855,175,259310,,,,
20260327,011070,LG이노텍,320500,17500,466427,,,,
20260327,011090,에넥스,2135,20,44728,,,,
20260327,011150,CJ씨푸드,2720,30,156859,,,,
20260327,011155,CJ씨푸드1우,12620,-150,1611,,,,
20260327,011170,롯데케미칼,82700,2200,417729,,,,
20260327,011200,HMM,19660,-150,1462587,,,,
20260327,011210,현대위아,81700,700,87075,,,,
20260327,011230,삼화전자,2550,5,18070,,,,
20260327,011280,태림포장,2205,-290,6939737,,,,
20260327,011300,우성머티리얼스,3040,10,35980,,,,
20260327,011330,유니켐,7250,-70,86998,,,,
20260327,011390,부산산업,73700,-100,3469,,,,
20260327,011420,갤럭시아에스엠,1797,-28,111218,,,,
20260327,011500,한농화성,21000,350,213784,,,,
20260327,011690,와이투솔루션,5760,-20,518466,,,,
20260327,011700,한신기계,4450,-150,627168,,,,
20260327,011760,현대코퍼레이션,26150,200,48401,,,,
20260327,011780,금호석유화학,126500,-1500,72366,,,,
20260327,011785,금호석유화학우,58200,-700,1929,,,,
20260327,011790,SKC,92771,564,134687,,,,
20260327,011810,STX,3530,0,0,,,,
20260327,011930,신성이엔지,25650,0,1027268,,,,
20260327,012030,DB,1707,13,585752,,,,
20260327,0120G0,삼양바이오팜,142600,4000,155820,,,,
20260327,012160,영흥,2865,-15,11715,,,,
20260327,012170,아센디오,1288,-13,19369,,,,
20260327,012200,계양전기,5730,0,275301,,,,
20260327,012205,계양전기우,5221,310,10788,,,,
20260327,012280,영화금속,1038,-3,207132,,,,
20260327,012320,경동인베스트,57100,100,20838,,,,
20260327,012330,현대모비스,408500,10000,298310,,,,
20260327,012450,한화에어로스페이스,1335000,-34000,205178,,,,
20260327,012610,경인양행,3950,-50,187257,,,,
20260327,012630,HDC,28550,-1600,219462,,,,
20260327,012690,모나리자,2465,350,20549197,,,,
20260327,0126Z0,삼성에피스홀딩스,531000,-2000,38514,,,,
20260327,012750,에스원,87200,-300,57741,,,,
20260327,012800,대창,1321,6,621617,,,,
20260327,013000,세우글로벌,1275,-203,5105130,,,,
20260327,013360,일성건설,1864,-16,298970,,,,
20260327,013520,화승코퍼레이션,2755,5,69470,,,,
20260327,013570,디와이,4950,45,139288,,,,
20260327,013580,계룡건설,25400,-250,77427,,,,
20260327,013700,까뮤이앤씨,1259,-20,53205,,,,
20260327,013870,지엠비코리아,5070,-90,36752,,,,
20260327,013890,지누스,10820,-190,30414,,,,
20260327,014130,한익스프레스,2650,5,13203,,,,
20260327,014160,대영포장,1300,-109,104885874,,,,
20260327,014280,금강공업,4905,-20,117045,,,,
20260327,014285,금강공업우,6910,-40,323,,,,
20260327,014440,영보화학,4680,-10,22537,,,,
20260327,014530,극동유화,3775,35,809020,,,,
20260327,014580,태경비케이,4520,-50,109628,,,,
20260327,014680,한솔케미칼,273000,-9500,49475,,,,
20260327,014710,사조씨푸드,7310,0,16631,,,,
20260327,014790,HL D&I,3325,-115,95882,,,,
20260327,014820,동원시스템즈,26250,-200,41119,,,,
20260327,014825,동원시스템즈우,16390,20,58,,,,
20260327,014830,유니드,84000,700,25061,,,,
20260327,014910,성문전자,1650,17,178505,,,,
20260327,014915,성문전자우,4205,15,817,,,,
20260327,014990,인디에프,3705,-20,13912,,,,
20260327,015020,이스타코,928,0,0,,,,
20260327,015230,대창단조,6790,170,54971,,,,
20260327,015260,에이엔피,672,-80,2531931,,,,
20260327,015360,INVENI,15740,40,37430,,,,
20260327,015590,DKME,2575,0,0,,,,
20260327,015760,한국전력,43900,-2100,2748626,,,,
20260327,015860,일진홀딩스,7080,-140,127261,,,,
20260327,015890,태경산업,4860,-40,37712,,,,
20260327,016090,대현,1677,-7,84346,,,,
20260327,016360,삼성증권,97600,3100,414979,,,,
20260327,016380,KG스틸,5680,-60,537067,,,,
20260327,016450,한세예스24홀딩스,4920,60,170314,,,,
20260327,016580,환인제약,10450,80,28705,,,,
20260327,016590,신대양제지,13030,-340,229980,,,,
20260327,016610,DB증권,13550,10,99954,,,,
20260327,016710,대성홀딩스,8640,-60,22135,,,,
20260327,016740,두올,4640,90,69250,,,,
20260327,016800,퍼시스,37750,-400,492,,,,
20260327,016880,웅진,2720,5,548234,,,,
20260327,017040,광명전기,1025,2,471516,,,,
20260327,017180,명문제약,1900,9,120805,,,,
20260327,017370,우신시스템,5750,0,40471,,,,
20260327,017390,서울가스,65100,-1300,10440,,,,
20260327,017550,수산세보틱스,1911,-9,263950,,,,
20260327,017670,SK텔레콤,79900,-100,823758,,,,
20260327,017800,현대엘리베이터,87100,400,173687,,,,
20260327,017810,풀무원,12110,-10,76224,,,,
20260327,017860,DS단석,19500,-250,561470,,,,
20260327,017900,광전자,3250,75,28630114,,,,
20260327,017940,E1,101500,200,27451,,,,
20260327,017960,한국카본,40500,-2300,540525,,,,
20260327,018250,애경산업,15300,950,491882,,,,
20260327,018260,삼성에스디에스,156300,200,113250,,,,
20260327,018470,조일알미늄,1216,4,514347,,,,
20260327,018500,동원모빌리티,1686,-9,337505,,,,
20260327,018670,SK가스,246500,0,23870,,,,
20260327,018880,한온시스템,3940,45,6700521,,,,
20260327,019170,신풍제약,11030,230,68312,,,,
20260327,019175,신풍제약우,17020,120,1951,,,,
20260327,019180,티에이치엔,8300,-130,242793,,,,
20260327,019490,엑시큐어하이트론,541,0,0,,,,
20260327,019680,대교,1638,-2,90541,,,,
20260327,019685,대교우B,1011,-1,6687,,,,
20260327,020000,한섬,26000,-400,80019,,,,
20260327,020120,키다리스튜디오,3260,50,115521,,,,
20260327,020150,롯데에너지머티리얼즈,42100,1550,247141,,,,
20260327,020560,아시아나항공,7060,0,45800,,,,
20260327,020760,일진디스플,902,0,0,,,,
20260327,021050,서원,1214,18,379739,,,,
20260327,021240,코웨이,73500,200,220156,,,,
20260327,021820,세원정공,15140,-190,9810,,,,
20260327,022100,포스코DX,30550,200,434634,,,,
20260327,023000,삼원강재,2335,-25,26511,,,,
20260327,023150,MH에탄올,4285,-30,5208,,,,
20260327,023350,한국종합기술,4690,115,24640,,,,
20260327,023450,동남합성,30550,50,1709,,,,
20260327,023530,롯데쇼핑,114400,300,201593,,,,
20260327,023590,다우기술,48300,650,46604,,,,
20260327,023800,인지컨트롤스,6760,50,35244,,,,
20260327,023810,인팩,7990,-100,26195,,,,
20260327,023960,에쓰씨엔지니어링,1507,19,325906,,,,
20260327,024070,WISCOM,2035,0,24754,,,,
20260327,024090,디씨엠,12310,30,3684,,,,
20260327,024110,기업은행,23550,150,1581913,,,,
20260327,024720,콜마홀딩스,9180,120,55207,,,,
20260327,024890,대원화성,3925,0,12396,,,,
20260327,024900,디와이덕양,1999,-21,103990,,,,
20260327,025000,KPX케미칼,49500,-700,5910,,,,
20260327,025530,SJM홀딩스,3645,25,37535,,,,
20260327,025540,한국단자,78700,-800,39285,,,,
20260327,025560,미래산업,2694,22,280675,,,,
20260327,025620,차AI헬스케어,9180,-120,7862,,,,
20260327,025750,한솔홈데코,2740,-25,33842,,,,
20260327,025820,이구산업,4785,30,196059,,,,
20260327,025860,남해화학,8040,-400,1593731,,,,
20260327,025890,한국주강,1780,68,473145,,,,
20260327,026890,스틱인베스트먼트,9450,-130,58562,,,,
20260327,026940,부국철강,1997,2,31376,,,,
20260327,026960,동서,27400,150,64774,,,,
20260327,027410,BGF,4480,75,217934,,,,
20260327,027740,마니커,1620,4,80641,,,,
20260327,027970,한국제지,3995,90,567075,,,,
20260327,028050,삼성E&A,33100,200,1781247,,,,
20260327,028100,동아지질,17580,380,55271,,,,
20260327,028260,삼성물산,269000,-9000,683519,,,,
20260327,02826K,삼성물산우B,180800,-1700,12333,,,,
20260327,028670,팬오션,4900,-80,2405013,,,,
20260327,029460,케이씨,31450,-650,36834,,,,
20260327,029530,신도리코,52000,-1600,15134,,,,
20260327,029780,삼성카드,55000,500,125189,,,,
20260327,030000,제일기획,19830,0,363416,,,,
20260327,030190,NICE평가정보,16880,160,82410,,,,
20260327,030200,KT,60800,1100,273113,,,,
20260327,030210,다올투자증권,4115,30,100715,,,,
20260327,030610,교보증권,13040,330,88961,,,,
20260327,030720,동원수산,5880,-10,9544,,,,
20260327,031210,서울보증보험,53800,-100,101059,,,,
20260327,031430,신세계인터내셔날,12410,70,75559,,,,
20260327,031820,아이티센씨티에스,7460,-80,54124,,,,
20260327,032350,롯데관광개발,19850,680,579515,,,,
20260327,032560,황금에스티,5970,10,32176,,,,
20260327,032640,LG유플러스,16100,150,1634597,,,,
20260327,032830,삼성생명,223000,1000,310598,,,,
20260327,033240,자화전자,36250,-800,112975,,,,
20260327,033250,체시스,4870,-20,34172,,,,
20260327,033270,유나이티드제약,20700,400,31110,,,,
20260327,033530,SJG세종,7700,-50,112397,,,,
20260327,033780,KT&G,158000,2500,165718,,,,
20260327,033920,무학,8840,-40,50192,,,,
20260327,034020,두산에너빌리티,98100,-2800,3549743,,,,
20260327,034120,SBS,16250,-150,17130,,,,
20260327,034220,LG디스플레이,11500,-30,4167020,,,,
20260327,034230,파라다이스,17830,840,767003,,,,
20260327,034310,NICE,14080,210,59089,,,,
20260327,034590,인천도시가스,26950,-250,5512,,,,
20260327,034730,SK,334000,-2500,108664,,,,
20260327,03473K,SK우,252500,-2000,2175,,,,
20260327,034830,한국토지신탁,1710,-34,2147082,,,,
20260327,035000,HS애드,8660,0,39913,,,,
20260327,035150,백산,12960,-110,21169,,,,
20260327,035250,강원랜드,18260,20,740646,,,,
20260327,035420,NAVER,212500,1000,439328,,,,
20260327,035510,신세계 I&C,19860,-40,346618,,,,
20260327,035720,카카오,48800,150,1271649,,,,
20260327,036420,콘텐트리중앙,6040,-140,91172,,,,
20260327,036460,한국가스공사,35400,-600,220082,,,,
20260327,036530,SNT홀딩스,62200,-800,9912,,,,
20260327,036570,NC,230000,4500,99190,,,,
20260327,036580,팜스코,3220,-65,43665,,,,
20260327,037270,YG PLUS,5560,20,339164,,,,
20260327,037560,LG헬로비전,2280,15,83084,,,,
20260327,037710,광주신세계,38900,-50,15167,,,,
20260327,039130,하나투어,41450,200,94140,,,,
20260327,039490,키움증권,435000,16500,102274,,,,
20260327,039570,HDC랩스,8620,10,16111,,,,
20260327,041650,상신브레이크,2640,20,30418,,,,
20260327,042660,한화오션,123200,-2500,833837,,,,
20260327,042700,한미반도체,275500,-2500,773071,,,,
20260327,044380,주연테크,1920,-15,13506,,,,
20260327,044450,KSS해운,10500,-100,89280,,,,
20260327,044820,코스맥스비티아이,16190,510,24026,,,,
20260327,047040,대우건설,17260,1360,54365132,,,,
20260327,047050,포스코인터내셔널,74500,-3700,975843,,,,
20260327,047400,유니온머티리얼,1622,-92,1127517,,,,
20260327,047810,한국항공우주,186500,-1500,471152,,,,
20260327,049800,우진플라임,2555,35,12711,,,,
20260327,051600,한전KPS,59000,-1600,258903,,,,
20260327,051630,진양화학,2290,30,94350,,,,
20260327,051900,LG생활건강,247500,5500,60981,,,,
20260327,051905,LG생활건강우,109000,500,6502,,,,
20260327,051910,LG화학,313000,-1000,239600,,,,
20260327,051915,LG화학우,156500,2900,28925,,,,
20260327,052690,한전기술,157000,-6900,205195,,,,
20260327,053210,스카이라이프,5090,-30,100128,,,,
20260327,053690,한미글로벌,26100,-600,413875,,,,
20260327,055490,테이팩스,15830,680,35706,,,,
20260327,055550,신한지주,93500,100,1363436,,,,
20260327,058430,포스코스틸리온,4590,0,281810,,,,
20260327,058650,세아홀딩스,157700,1700,2470,,,,
20260327,058730,다스코,3620,35,198444,,,,
20260327,058850,KTcs,2595,-5,227992,,,,
20260327,058860,KTis,2835,-15,61547,,,,
20260327,060980,HL홀딩스,45250,100,15642,,,,
20260327,062040,산일전기,149300,-19300,4238017,,,,
20260327,063160,종근당바이오,19410,10,9211,,,,
20260327,064350,현대로템,184200,-5600,448796,,,,
20260327,064400,LG씨엔에스,61100,-100,401019,,,,
20260327,064960,SNT모티브,33800,-650,48236,,,,
20260327,066570,LG전자,112000,-1000,552035,,,,
20260327,066575,LG전자우,51200,-300,73695,,,,
20260327,066970,엘앤에프,155300,10800,1897659,,,,
20260327,067830,세이브존I&C,3120,40,98364,,,,
20260327,068270,셀트리온,196352,2860,489865,,,,
20260327,068290,삼성출판사,9130,0,8109,,,,
20260327,069260,TKG휴켐스,18200,-370,135378,,,,
20260327,069460,대호에이엘,2660,0,0,,,,
20260327,069620,대웅제약,167000,5600,32264,,,,
20260327,069640,한세엠케이,1214,40,7514,,,,
20260327,069730,DSR제강,4780,-40,51899,,,,
20260327,069960,현대백화점,84500,0,118710,,,,
20260327,070960,모나용평,3020,15,83441,,,,
20260327,071050,한국금융지주,220000,4000,213218,,,,
20260327,071055,한국금융지주우,163400,2400,36015,,,,
20260327,071090,하이스틸,3445,25,94772,,,,
20260327,071320,지역난방공사,79400,-10800,104304,,,,
20260327,071840,롯데하이마트,8130,-20,24228,,,,
20260327,071950,코아스,1726,-174,210799,,,,
20260327,071970,HD현대마린엔진,76700,-2100,250911,,,,
20260327,072130,유엔젤,5300,-120,432828,,,,
20260327,072710,농심홀딩스,96100,500,8000,,,,
20260327,073240,금호타이어,6250,150,417551,,,,
20260327,074610,이엔플러스,5110,0,0,,,,
20260327,075180,새론오토모티브,3050,-30,3915,,,,
20260327,075580,세진중공업,17100,-520,180673,,,,
20260327,077500,유니퀘스트,6110,0,104574,,,,
20260327,077970,STX엔진,33500,-1800,189197,,,,
20260327,078000,텔코웨어,17190,110,11242,,,,
20260327,078520,에이블씨엔씨,13340,540,188385,,,,
20260327,078930,GS,67900,100,202401,,,,
20260327,078935,GS우,53000,-900,4028,,,,
20260327,079160,CJ CGV,4765,-40,993902,,,,
20260327,079430,현대리바트,6960,-20,40180,,,,
20260327,079550,LIG디펜스앤에어로스페이스,735000,0,289394,,,,
20260327,079900,전진건설로봇,53600,1000,45745,,,,
20260327,079980,휴비스,2775,-25,390804,,,,
20260327,081000,일진다이아,13390,-140,37816,,,,
20260327,081660,미스토홀딩스,40200,100,133636,,,,
20260327,082640,동양생명,9000,330,448449,,,,
20260327,082740,한화엔진,46650,-2550,518286,,,,
20260327,083420,그린케미칼,5740,-150,277491,,,,
20260327,084010,대한제강,10530,-170,20861,,,,
20260327,084670,동양고속,40500,-1000,17156,,,,
20260327,084680,이월드,1578,20,296734,,,,
20260327,084690,대상홀딩스,9450,80,36961,,,,
20260327,084695,대상홀딩스우,14800,30,4506,,,,
20260327,084870,TBH글로벌,2340,10,198890,,,,
20260327,085310,엔케이,10870,-470,42331,,,,
20260327,085620,미래에셋생명,17910,680,980458,,,,
20260327,086280,현대글로비스,231500,4000,166088,,,,
20260327,086790,하나금융지주,110400,1600,853865,,,,
20260327,088260,이리츠코크렙,4870,25,53642,,,,
20260327,088350,한화생명,4720,-10,4735106,,,,
20260327,088790,진도,2535,-55,26892,,,,
20260327,088980,맥쿼리인프라,11410,-50,1140096,,,,
20260327,089470,HDC현대EP,5320,-40,180656,,,,
20260327,089590,제주항공,5160,80,245359,,,,
20260327,089860,롯데렌탈,32600,1000,54418,,,,
20260327,090080,평화산업,910,9,131302,,,,
20260327,090350,노루페인트,8850,-180,277012,,,,
20260327,090355,노루페인트우,13290,-200,1367,,,,
20260327,090370,메타랩스,1483,13,83844,,,,
20260327,090430,아모레퍼시픽,144400,8400,352716,,,,
20260327,090435,아모레퍼시픽우,48850,1150,27347,,,,
20260327,090460,비에이치,21700,-100,353526,,,,
20260327,091810,트리니티항공,1125,26,576548,,,,
20260327,092200,디아이씨,8600,-90,237495,,,,
20260327,092220,KEC,9015,145,2656964,,,,
20260327,092230,KPX홀딩스,81900,300,1057,,,,
20260327,092440,기신정기,2320,30,26442,,,,
20260327,092780,DYP,4475,100,54238,,,,
20260327,092790,넥스틸,11370,-150,105111,,,,
20260327,093050,LF,23650,250,92368,,,,
20260327,093240,형지엘리트,994,1,686721,,,,
20260327,093370,후성,7370,160,358161,,,,
20260327,094280,효성ITX,12540,30,12670,,,,
20260327,094800,맵스리얼티,7050,90,129259,,,,
20260327,095570,AJ네트웍스,5200,130,228653,,,,
20260327,095720,웅진씽크빅,2334,33,24058,,,,
20260327,096760,JW홀딩스,4360,60,118545,,,,
20260327,096770,SK이노베이션,111400,100,310314,,,,
20260327,096775,SK이노베이션우,69100,300,2963,,,,
20260327,097230,HJ중공업,24550,-800,1117282,,,,
20260327,097520,엠씨넥스,22100,-450,47853,,,,
20260327,097950,CJ제일제당,214500,-2000,38090,,,,
20260327,097955,CJ제일제당 우,130100,-300,6456,,,,
20260327,100090,SK오션플랜트,26850,-1850,2048713,,,,
20260327,100220,비상교육,5450,-100,16648,,,,
20260327,100250,진양홀딩스,3000,-10,80893,,,,
20260327,100840,SNT에너지,48200,-200,332695,,,,
20260327,101140,인바이오젠,10220,220,30410,,,,
20260327,101530,해태제과식품,6360,110,11630,,,,
20260327,102260,동성케미컬,4275,-90,1544700,,,,
20260327,102460,이연제약,10080,0,34946,,,,
20260327,103140,풍산,91700,-1800,130794,,,,
20260327,103590,일진전기,75100,-2900,323890,,,,
20260327,104700,한국철강,9180,-70,22226,,,,
20260327,105560,KB금융,152200,0,1216855,,,,
20260327,105630,한세실업,12200,70,69485,,,,
20260327,105840,우진,24400,-1000,562899,,,,
20260327,107590,미원홀딩스,65000,0,445,,,,
20260327,108320,LX세미콘,51600,900,66974,,,,
20260327,108670,LX하우시스,28550,50,15106,,,,
20260327,108675,LX하우시스우,15500,-80,1244,,,,
20260327,109070,주성코퍼레이션,1319,24,2498282,,,,
20260327,111110,호전실업,7500,80,13828,,,,
20260327,111380,동인기연,14140,60,5154,,,,
20260327,111770,영원무역,81800,600,42956,,,,
20260327,112610,씨에스윈드,60200,-1900,312281,,,,
20260327,114090,GKL,11880,90,231317,,,,
20260327,117580,대성에너지,9830,-550,1188258,,,,
20260327,118000,메타케어,2410,10,31037,,,,
20260327,119650,KC코트렐,918,0,0,,,,
20260327,120030,조선선재,99300,-1100,1321,,,,
20260327,120110,코오롱인더,80000,-500,329413,,,,
20260327,120115,코오롱인더우,28200,-750,11021,,,,
20260327,122900,아이마켓코리아,7510,-10,47545,,,,
20260327,123690,한국화장품,8300,290,121703,,,,
20260327,123700,SJM,3620,35,33404,,,,
20260327,123890,한국자산신탁,2840,25,294776,,,,
20260327,126560,현대퓨처넷,3335,60,263807,,,,
20260327,126720,수산인더스트리,26850,-700,44086,,,,
20260327,128820,대성산업,7040,-90,386192,,,,
20260327,128940,한미약품,549000,-2000,70078,,,,
20260327,129260,인터지스,2460,-5,41624,,,,
20260327,130660,한전산업,19140,-410,413637,,,,
20260327,133820,화인베스틸,1212,-14,78323,,,,
20260327,134380,미원화학,11970,0,20060,,,,
20260327,134790,시디즈,19150,30,1224,,,,
20260327,136490,선진,10390,40,85927,,,,
20260327,137310,에스디바이오센서,8130,190,82193,,,,
20260327,138040,메리츠금융지주,116400,2200,289409,,,,
20260327,138930,BNK금융지주,18680,250,473920,,,,
20260327,139130,iM금융지주,17670,690,692153,,,,
20260327,139480,이마트,100000,2200,297283,,,,
20260327,139990,아주스틸,3010,10,24345,,,,
20260327,143210,핸즈코퍼레이션,1199,0,0,,,,
20260327,145210,다이나믹디자인,2240,0,0,,,,
20260327,145270,케이탑리츠,904,0,103943,,,,
20260327,145720,덴티움,53000,-800,36034,,,,
20260327,145990,삼양사,45700,-450,6562,,,,
20260327,145995,삼양사우,34800,0,75,,,,
20260327,155660,DSR,4220,-30,47693,,,,
20260327,161000,애경케미칼,11400,2100,4822973,,,,
20260327,161390,한국타이어앤테크놀로지,58000,600,295280,,,,
20260327,161890,한국콜마,80200,2800,484072,,,,
20260327,163560,동일고무벨트,6890,10,23243,,,,
20260327,170900,동아에스티,45850,1950,17354,,,,
20260327,175330,JB금융지주,31100,1100,453295,,,,
20260327,178920,PI첨단소재,24150,-1200,902010,,,,
20260327,180640,한진칼,117200,-1100,86234,,,,
20260327,18064K,한진칼우,34500,0,3062,,,,
20260327,181710,NHN,41850,4850,319898,,,,
20260327,183190,아세아시멘트,11240,-330,110671,,,,
20260327,185750,종근당,91700,0,23361,,,,
20260327,192080,더블유게임즈,50500,200,47253,,,,
20260327,192400,쿠쿠홀딩스,28300,-350,35452,,,,
20260327,192650,드림텍,6840,-40,294699,,,,
20260327,192820,코스맥스,205000,16200,146270,,,,
20260327,194370,제이에스코퍼레이션,11700,100,56528,,,,
20260327,195870,해성디에스,54200,-2400,213336,,,,
20260327,200880,서연이화,13780,80,55449,,,,
20260327,204320,HL만도,51200,-300,230794,,,,
20260327,207940,삼성바이오로직스,1606000,21000,27116,,,,
20260327,210540,디와이파워,13480,100,69035,,,,
20260327,210980,SK디앤디,12980,-60,69901,,,,
20260327,213500,한솔제지,8600,30,269368,,,,
20260327,214320,이노션,18180,-40,117084,,,,
20260327,214330,금호에이치티,12866,-408,37241,,,,
20260327,214390,경보제약,8050,-10,301337,,,,
20260327,214420,토니모리,6990,240,139137,,,,
20260327,217590,티엠씨,20800,-1000,828652,,,,
20260327,226320,잇츠한불,10170,20,21025,,,,
20260327,227840,현대코퍼레이션홀딩스,12250,60,19205,,,,
20260327,229640,LS에코에너지,44300,-300,189145,,,,
20260327,234080,JW생명과학,13280,110,28196,,,,
20260327,241560,두산밥캣,59600,-900,208806,,,,
20260327,241590,화승엔터프라이즈,4615,10,83140,,,,
20260327,244920,에이플러스에셋,10510,-230,31427,,,,
20260327,248070,솔루엠,17010,-50,148751,,,,
20260327,248170,샘표식품,28300,300,9189,,,,
20260327,249420,일동제약,30250,150,106983,,,,
20260327,251270,넷마블,52200,700,229135,,,,
20260327,259960,크래프톤,254500,13000,257487,,,,
20260327,264900,크라운제과,8350,-30,7263,,,,
20260327,26490K,크라운제과우,8930,-260,1920,,,,
20260327,267250,HD현대,257500,-9000,118999,,,,
20260327,267260,HD현대일렉트릭,915000,-50000,164950,,,,
20260327,267270,HD건설기계,130100,500,251769,,,,
20260327,267290,경동도시가스,22100,-100,5466,,,,
20260327,267850,아시아나IDT,10630,-120,81904,,,,
20260327,268280,미원에스씨,125800,-1000,1100,,,,
20260327,271560,오리온,134500,2300,147172,,,,
20260327,271940,일진하이솔루스,15880,-300,56200,,,,
20260327,271980,제일약품,14220,-50,31853,,,,
20260327,272210,한화시스템,124100,-5600,1112940,,,,
20260327,272450,진에어,6320,10,140143,,,,
20260327,272550,삼양패키징,13600,-1680,2295454,,,,
20260327,278470,에이피알,327000,17000,225222,,,,
20260327,279570,케이뱅크,6270,-100,2234623,,,,
20260327,280360,롯데웰푸드,116200,2100,14881,,,,
20260327,281820,케이씨텍,48800,250,130691,,,,
20260327,282330,BGF리테일,130300,5200,102748,,,,
20260327,284740,쿠쿠홈시스,24350,-300,23433,,,,
20260327,285130,SK케미칼,55000,700,50215,,,,
20260327,28513K,SK케미칼우,26900,0,2406,,,,
20260327,286940,롯데이노베이트,22100,600,25561,,,,
20260327,293480,하나제약,9470,110,15923,,,,
20260327,293940,신한알파리츠,5780,60,178686,,,,
20260327,294870,IPARK현대산업개발,22250,150,182812,,,,
20260327,298000,효성화학,77800,0,0,,,,
20260327,298020,효성티앤씨,401500,12000,47944,,,,
20260327,298040,효성중공업,2676000,-184000,65913,,,,
20260327,298050,HS효성첨단소재,226000,4500,14030,,,,
20260327,298690,에어부산,1870,39,189077,,,,
20260327,300720,한일시멘트,16530,-60,87990,,,,
20260327,302440,SK바이오사이언스,43200,550,75398,,,,
20260327,306200,세아제강,129200,-2500,14685,,,,
20260327,307950,현대오토에버,394000,6500,58858,,,,
20260327,308170,씨티알모빌리티,5140,120,14749,,,,
20260327,316140,우리금융지주,33600,400,1360207,,,,
20260327,317400,자이에스앤디,4220,-40,114302,,,,
20260327,317450,명인제약,57100,300,11490,,,,
20260327,322000,HD현대에너지솔루션,123200,-5400,436722,,,,
20260327,323410,카카오뱅크,24650,150,536792,,,,
20260327,326030,SK바이오팜,100300,5600,513839,,,,
20260327,329180,HD현대중공업,498500,-12500,227698,,,,
20260327,330590,롯데리츠,4640,20,223298,,,,
20260327,334890,이지스밸류플러스리츠,4100,-60,184576,,,,
20260327,336260,두산퓨얼셀,38150,-700,382533,,,,
20260327,33626K,두산퓨얼셀1우,7250,-100,23674,,,,
20260327,33626L,두산퓨얼셀2우B,9600,-40,1097,,,,
20260327,336370,솔루스첨단소재,9260,10,345770,,,,
20260327,33637K,솔루스첨단소재1우,1991,-14,17837,,,,
20260327,33637L,솔루스첨단소재2우B,3280,-35,2422,,,,
20260327,338100,NH프라임리츠,4600,-10,83472,,,,
20260327,339770,교촌에프앤비,4155,-25,71051,,,,
20260327,344820,KCC글라스,25350,-50,30201,,,,
20260327,348950,제이알글로벌리츠,1574,-3,609511,,,,
20260327,350520,이지스레지던스리츠,3680,10,28368,,,,
20260327,352820,하이브,307000,3000,211067,,,,
20260327,353200,대덕전자,85400,-2300,1278736,,,,
20260327,35320K,대덕전자1우,19010,-640,25874,,,,
20260327,357120,코람코라이프인프라리츠,4560,-35,90237,,,,
20260327,357250,미래에셋맵스리츠,2405,15,33517,,,,
20260327,357430,마스턴프리미어리츠,1496,10,38641,,,,
20260327,361610,SK아이이테크놀로지,21650,600,263164,,,,
20260327,363280,티와이홀딩스,2785,-40,42523,,,,
20260327,36328K,티와이홀딩스우,4050,-20,2100,,,,
20260327,365550,ESR켄달스퀘어리츠,4335,35,251121,,,,
20260327,372910,한컴라이프케어,2390,-10,113124,,,,
20260327,373220,LG에너지솔루션,394500,10000,372863,,,,
20260327,375500,DL이앤씨,65800,-600,1465022,,,,
20260327,37550K,DL이앤씨우,28550,-50,22370,,,,
20260327,37550L,DL이앤씨2우(전환),43150,100,5318,,,,
20260327,377190,디앤디플랫폼리츠,3155,50,125463,,,,
20260327,377300,카카오페이,53500,1000,432141,,,,
20260327,377740,바이오노트,5480,10,70158,,,,
20260327,378850,화승알앤에이,3575,0,46897,,,,
20260327,381970,케이카,14190,20,57833,,,,
20260327,383220,F&F,65000,2700,81931,,,,
20260327,383800,LX홀딩스,8310,20,89278,,,,
20260327,38380K,LX홀딩스1우,8080,-210,5226,,,,
20260327,395400,SK리츠,6490,160,433810,,,,
20260327,396690,미래에셋글로벌리츠,2495,15,84713,,,,
20260327,400760,NH올원리츠,3230,-15,165259,,,,
20260327,402340,SK스퀘어,544000,-14000,616056,,,,
20260327,403550,쏘카,11480,240,9833,,,,
20260327,404990,신한서부티엔디리츠,4450,15,90378,,,,
20260327,415640,KB발해인프라,9960,-20,113444,,,,
20260327,417310,코람코더원리츠,9690,-20,76559,,,,
20260327,432320,KB스타리츠,2360,-165,821474,,,,
20260327,439260,대한조선,85700,-2100,130806,,,,
20260327,443060,HD현대마린솔루션,183900,5000,167431,,,,
20260327,446070,유니드비티플러스,3025,-25,13005,,,,
20260327,448730,삼성FN리츠,5550,50,73490,,,,
20260327,450080,에코프로머티,73400,3500,1977175,,,,
20260327,451800,한화리츠,5110,0,124569,,,,
20260327,452260,한화갤러리아,2490,-60,1964635,,,,
20260327,45226K,한화갤러리아우,6690,-110,8994,,,,
20260327,453340,현대그린푸드,16080,160,22237,,,,
20260327,454910,두산로보틱스,84900,-500,166771,,,,
20260327,456040,OCI,93800,-400,27153,,,,
20260327,457190,이수스페셜티케미컬,94400,2700,329837,,,,
20260327,460850,동국씨엠,5880,20,60337,,,,
20260327,460860,동국제강,9260,160,162512,,,,
20260327,462520,조선내화,13900,-10,6668,,,,
20260327,462870,시프트업,32300,1200,130330,,,,
20260327,465770,STX그린로지스,6000,-160,159108,,,,
20260327,475150,SK이터닉스,52400,-1400,1434052,,,,
20260327,475560,더본코리아,21050,-100,10834,,,,
20260327,480370,씨케이솔루션,2275,-130,719864,,,,
20260327,481850,신한글로벌액티브리츠,1091,6,29366,,,,
20260327,483650,달바글로벌,154500,11000,127239,,,,
20260327,484870,엠앤씨솔루션,34400,-1733,68256,,,,
20260327,487570,HS효성,56000,-200,9520,,,,
20260327,489790,한화비전,80500,-2800,752099,,,,
20260327,499790,GS피앤엘,48000,3550,148769,,,,
20260327,900140,엘브이엠씨홀딩스,1657,-2,792773,,,,
20260327,950210,프레스티지바이오파마,10280,-230,59307,,,,
20260330,000020,동화약품,5900,-120,43278,,,,
20260330,000040,KR모터스,2015,25,33000,,,,
20260330,000050,경방,9430,-60,50092,,,,
20260330,000070,삼양홀딩스,67400,-3100,13913,,,,
20260330,000080,하이트진로,16470,-260,83695,,,,
20260330,000087,하이트진로2우B,13970,10,387,,,,
20260330,000100,유한양행,98500,-1900,145177,,,,
20260330,000105,유한양행우,86200,-1600,1280,,,,
20260330,000120,CJ대한통운,105300,-2900,43444,,,,
20260330,000140,하이트진로홀딩스,8880,-190,11986,,,,
20260330,000145,하이트진로홀딩스우,11680,0,137,,,,
20260330,000150,두산,1112000,-91000,80523,,,,
20260330,000155,두산우,464500,-33000,25196,,,,
20260330,000157,두산2우B,408000,-43000,1682,,,,
20260330,000180,성창기업지주,7260,-75,15867,,,,
20260330,000210,DL,62500,-100,161468,,,,
20260330,000215,DL우,27450,-550,10867,,,,
20260330,000220,유유제약,4210,-140,87952,,,,
20260330,000225,유유제약1우,4365,-60,6698,,,,
20260330,000227,유유제약2우B,10710,0,960,,,,
20260330,000230,일동홀딩스,10190,-370,16484,,,,
20260330,000240,한국앤컴퍼니,24850,-2050,161981,,,,
20260330,000270,기아,151500,-4300,976319,,,,
20260330,000300,DH오토넥스,4200,0,0,,,,
20260330,000320,노루홀딩스,21100,-800,16532,,,,
20260330,000325,노루홀딩스우,30800,-100,14,,,,
20260330,000370,한화손해보험,6690,-80,400861,,,,
20260330,000390,SP삼화,9400,-400,1363801,,,,
20260330,000400,롯데손해보험,2080,-50,343470,,,,
20260330,000430,대원강업,3950,-20,132099,,,,
20260330,000480,CR홀딩스,4840,-95,42926,,,,
20260330,000490,대동,9520,-310,193281,,,,
20260330,000500,가온전선,57902,-2834,24827,,,,
20260330,000520,삼일제약,9800,-220,106575,,,,
20260330,000540,흥국화재,4400,-95,80564,,,,
20260330,000545,흥국화재우,6890,-10,383,,,,
20260330,000590,CS홀딩스,75700,-2200,363,,,,
20260330,000640,동아쏘시오홀딩스,95700,-2700,12030,,,,
20260330,000650,천일고속,215500,-5500,1653,,,,
20260330,000660,SK하이닉스,873000,-49000,4498502,,,,
20260330,000670,영풍,56000,-3700,50487,,,,
20260330,000680,LS네트웍스,3060,-75,94700,,,,
20260330,000700,유수홀딩스,6550,-120,76222,,,,
20260330,000720,현대건설,148400,-1400,855222,,,,
20260330,000725,현대건설우,65000,-1400,6339,,,,
20260330,000760,이화산업,14970,-120,726,,,,
20260330,000810,삼성화재,445500,2500,128050,,,,
20260330,000815,삼성화재우,367000,-12500,22537,,,,
20260330,000850,화천기공,36350,-500,5380,,,,
20260330,000860,강남제비스코,14300,-730,26316,,,,
20260330,000880,한화,131212,-2641,236870,,,,
20260330,00088K,한화3우B,44451,-1460,56631,,,,
20260330,000890,보해양조,2130,-30,51085,,,,
20260330,000910,유니온,4395,5,159995,,,,
20260330,000950,전방,34650,-1050,544,,,,
20260330,000970,한국주철관,6740,-10,21287,,,,
20260330,000990,DB하이텍,80800,-3000,344651,,,,
20260330,001020,페이퍼코리아,3175,5,32222,,,,
20260330,001040,CJ,198600,-7900,92463,,,,
20260330,001045,CJ우,86600,-4200,5387,,,,
20260330,00104K,CJ4우(전환),176000,-5000,16577,,,,
20260330,001060,JW중외제약,31100,-950,29010,,,,
20260330,001065,JW중외제약우,26550,-350,430,,,,
20260330,001067,JW중외제약2우B,56000,0,2,,,,
20260330,001070,대한방직,6870,10,21809,,,,
20260330,001080,만호제강,5020,-150,70364,,,,
20260330,001120,LX인터내셔널,46950,550,209946,,,,
20260330,001130,대한제분,14600,-570,29080,,,,
20260330,001200,유진투자증권,4715,-245,3088454,,,,
20260330,001210,금호전기,3875,-35,107198,,,,
20260330,001230,동국홀딩스,2156,-69,433715,,,,
20260330,001250,GS글로벌,2570,-15,507527,,,,
20260330,001260,남광토건,8720,-120,14912,,,,
20260330,001270,부국증권,75300,-500,22448,,,,
20260330,001275,부국증권우,38350,-300,6516,,,,
20260330,001290,상상인증권,1123,-55,1066689,,,,
20260330,001340,PKC,6900,60,404381,,,,
20260330,001360,삼성제약,1895,31,971318,,,,
20260330,001380,SG글로벌,2684,-2,73927,,,,
20260330,001390,KG케미칼,5180,-180,1185634,,,,
20260330,001420,태원물산,2775,-70,15969,,,,
20260330,001430,세아베스틸지주,67000,-2500,105665,,,,
20260330,001440,대한전선,27800,-450,1446198,,,,
20260330,001450,현대해상,31100,-350,237429,,,,
20260330,001460,BYC,48950,-2550,20100,,,,
20260330,001465,BYC우,29450,0,5195,,,,
20260330,001470,삼부토건,347,0,0,,,,
20260330,001500,현대차증권,10370,-530,166168,,,,
20260330,001510,SK증권,4002,-142,15178812,,,,
20260330,001515,SK증권우,9940,-1020,297600,,,,
20260330,001520,동양,1544,-50,315270,,,,
20260330,001525,동양우,8640,-80,386,,,,
20260330,001527,동양2우B,15700,140,888,,,,
20260330,001530,DI동일,21000,500,35425,,,,
20260330,001550,조비,16270,1220,1389902,,,,
20260330,001560,제일연마,11120,180,5640,,,,
20260330,001570,금양,9900,0,0,,,,
20260330,001620,케이비아이동국실업,3135,-165,55337,,,,
20260330,001630,종근당홀딩스,47950,-1900,4838,,,,
20260330,001680,대상,20000,-1000,149718,,,,
20260330,001685,대상우,16270,-690,9334,,,,
20260330,001720,신영증권,193100,-12900,17029,,,,
20260330,001740,SK네트웍스,5200,-160,515195,,,,
20260330,001750,한양증권,25050,-2050,36298,,,,
20260330,001755,한양증권우,25300,-1400,8797,,,,
20260330,001770,SHD,16920,-270,669,,,,
20260330,001780,알루코,2145,25,2411960,,,,
20260330,001790,대한제당,2915,-10,243659,,,,
20260330,001795,대한제당우,2400,-5,25321,,,,
20260330,001800,오리온홀딩스,23450,-1750,92426,,,,
20260330,001820,삼화콘덴서,54200,-1900,178806,,,,
20260330,001940,KISCO홀딩스,25500,-900,9967,,,,
20260330,002020,코오롱,66800,-3000,143917,,,,
20260330,002025,코오롱우,29100,-900,5173,,,,
20260330,002030,아세아,279000,500,2292,,,,
20260330,002070,비비안,7679,-20,170409,,,,
20260330,002100,경농,9470,-10,139837,,,,
20260330,002140,고려산업,2775,55,588243,,,,
20260330,002150,도화엔지니어링,6300,-60,59675,,,,
20260330,002170,SYTS,60000,100,2098,,,,
20260330,002200,한국수출포장,2890,-10,581529,,,,
20260330,002210,동성제약,1946,0,0,,,,
20260330,002220,한일철강,3645,-65,75719,,,,
20260330,002240,고려제강,21600,200,13482,,,,
20260330,002310,아세아제지,8800,20,416325,,,,
20260330,002320,한진,19000,-60,31556,,,,
20260330,002350,넥센타이어,7270,-100,81920,,,,
20260330,002355,넥센타이어1우B,4330,-150,19309,,,,
20260330,002360,SH에너지화학,4330,280,1703401,,,,
20260330,002380,KCC,500000,-25000,27001,,,,
20260330,002390,한독,10530,-220,8654,,,,
20260330,002410,범양건영,1935,0,0,,,,
20260330,002420,세기상사,5420,60,25696,,,,
20260330,002450,삼익악기,1182,-44,299185,,,,
20260330,002460,HS화성,11850,-460,21004,,,,
20260330,002600,조흥,145600,-600,109,,,,
20260330,002620,제일파마홀딩스,8720,-10,11770,,,,
20260330,002630,오리엔트바이오,1202,-54,619643,,,,
20260330,002690,동일제강,1538,-25,30250,,,,
20260330,002700,신일전자,1382,-8,245949,,,,
20260330,002710,TCC스틸,13380,-180,109122,,,,
20260330,002720,국제약품,4950,-180,224133,,,,
20260330,002760,보락,1165,8,166882,,,,
20260330,002780,진흥기업,937,-16,2312371,,,,
20260330,002785,진흥기업우B,3415,-30,311,,,,
20260330,002787,진흥기업2우B,7960,60,635,,,,
20260330,002790,아모레퍼시픽홀딩스,28500,-850,96990,,,,
20260330,002795,아모레퍼시픽홀딩스우,12070,-410,11338,,,,
20260330,00279K,아모레퍼시픽홀딩스3우C,24000,-500,20609,,,,
20260330,002810,삼영무역,18900,-570,21234,,,,
20260330,002820,SUN&L,2335,0,13007,,,,
20260330,002840,미원상사,138000,2200,3854,,,,
20260330,002870,신풍,1186,3,620582,,,,
20260330,002880,디와이에이,931,5,24039,,,,
20260330,002900,TYM,6650,-180,181604,,,,
20260330,002920,유성기업,1896,-55,117485,,,,
20260330,002960,한국쉘석유,475000,-5000,1856,,,,
20260330,002990,금호건설,4865,-185,166860,,,,
20260330,002995,금호건설우,13860,-80,749,,,,
20260330,003000,부광약품,9070,-530,2746889,,,,
20260330,003010,혜인,5430,-20,36807,,,,
20260330,003030,세아제강지주,201500,9900,57069,,,,
20260330,003060,에이프로젠바이오로직스,305,0,2190285,,,,
20260330,003070,코오롱글로벌,10680,-120,52943,,,,
20260330,003075,코오롱글로벌우,15940,-140,600,,,,
20260330,003080,SB성보,2620,5,23550,,,,
20260330,003090,대웅,24150,-700,68120,,,,
20260330,0030R0,대신밸류리츠,4290,5,8290,,,,
20260330,003120,일성아이에스,22800,-450,2515,,,,
20260330,003160,디아이,31200,-3300,941640,,,,
20260330,003200,일신방직,11670,-480,22760,,,,
20260330,003220,대원제약,10450,-70,11071,,,,
20260330,003230,삼양식품,1174000,-9000,29197,,,,
20260330,003240,태광산업,1135000,-42000,1817,,,,
20260330,003280,흥아해운,3065,115,78645688,,,,
20260330,003300,한일홀딩스,17060,-1180,45204,,,,
20260330,003350,한국화장품제조,8740,-440,73680,,,,
20260330,003460,유화증권,3435,-285,235774,,,,
20260330,003465,유화증권우,3415,-220,998,,,,
20260330,003470,유안타증권,4640,-360,491296,,,,
20260330,003475,유안타증권우,4300,-405,123687,,,,
20260330,003480,한진중공업홀딩스,4725,-165,80938,,,,
20260330,003490,대한항공,24350,-950,1338867,,,,
20260330,003495,대한항공우,23300,-1050,4065,,,,
20260330,003520,영진약품,1778,-11,195747,,,,
20260330,003530,한화투자증권,6870,-320,1512362,,,,
20260330,003535,한화투자증권우,8640,-460,112451,,,,
20260330,003540,대신증권,36100,-1750,175191,,,,
20260330,003545,대신증권우,24100,-650,60680,,,,
20260330,003547,대신증권2우B,22850,-850,20807,,,,
20260330,003550,LG,84800,-4200,244299,,,,
20260330,003555,LG우,65000,-3700,8238,,,,
20260330,003570,SNT다이내믹스,49750,50,73816,,,,
20260330,003580,HLB글로벌,2035,-20,225108,,,,
20260330,003610,방림,5140,-60,71517,,,,
20260330,003620,KG모빌리티,3355,-85,425522,,,,
20260330,003650,미창석유,111500,-1000,1174,,,,
20260330,003670,포스코퓨처엠,214500,5500,576917,,,,
20260330,003680,한성기업,5000,-60,22341,,,,
20260330,003690,코리안리,13320,-10,820287,,,,
20260330,003720,삼영,7240,-380,704357,,,,
20260330,003780,진양산업,5460,-70,53209,,,,
20260330,003830,대한화섬,120400,-4100,515,,,,
20260330,003850,보령,9230,-420,84236,,,,
20260330,003920,남양유업,49650,-1350,7387,,,,
20260330,003925,남양유업우,40500,500,6254,,,,
20260330,003960,사조대림,31600,-950,8120,,,,
20260330,004000,롯데정밀화학,49900,-1900,98430,,,,
20260330,004020,현대제철,34200,-800,459977,,,,
20260330,004060,SG세계물산,5300,50,194770,,,,
20260330,004080,신흥,13830,30,3825,,,,
20260330,004090,한국석유,16860,130,1096911,,,,
20260330,004100,태양금속,3140,45,525304,,,,
20260330,004105,태양금속우,3830,-85,20152,,,,
20260330,004140,동방,2780,60,1538643,,,,
20260330,004150,한솔홀딩스,3250,-170,214645,,,,
20260330,004170,신세계,309000,-28000,76749,,,,
20260330,004250,NPC,3905,-110,123226,,,,
20260330,004255,NPC우,2415,-85,11579,,,,
20260330,004270,남성,5954,-48,2433,,,,
20260330,004310,현대약품,8950,-210,205912,,,,
20260330,004360,세방,15050,-250,50999,,,,
20260330,004365,세방우,9140,-220,1721,,,,
20260330,004370,농심,367000,-8500,19042,,,,
20260330,004380,삼익THK,13000,0,0,,,,
20260330,004410,서울식품,1770,-40,1341572,,,,
20260330,004415,서울식품우,11880,-90,253,,,,
20260330,004430,송원산업,8900,-330,85042,,,,
20260330,004440,삼일씨엔에스,10070,70,74492,,,,
20260330,004450,삼화왕관,27700,-200,276,,,,
20260330,004490,세방전지,59900,-600,20483,,,,
20260330,004540,깨끗한나라,2040,-75,1240626,,,,
20260330,004545,깨끗한나라우,10200,-400,3249,,,,
20260330,004560,현대비앤지스틸,15110,-710,91562,,,,
20260330,004690,삼천리,143000,-4200,10158,,,,
20260330,004700,조광피혁,69800,-500,8899,,,,
20260330,004710,한솔테크닉스,4436,-170,108783,,,,
20260330,004720,팜젠사이언스,3775,-40,23979,,,,
20260330,004770,써니전자,1643,-20,351761,,,,
20260330,004800,효성,133200,-6400,37771,,,,
20260330,004830,덕성,4330,-75,57538,,,,
20260330,004835,덕성우,5960,-120,3527,,,,
20260330,004840,DRB동일,5170,-250,26487,,,,
20260330,004870,티웨이홀딩스,1626,-72,63600,,,,
20260330,004890,동일산업,38600,-150,386,,,,
20260330,004910,조광페인트,4890,-90,25052,,,,
20260330,004920,씨아이테크,1076,-7,97984,,,,
20260330,004960,한신공영,15000,120,234872,,,,
20260330,004970,신라교역,9410,-160,4853,,,,
20260330,004980,성신양회,9090,-380,59758,,,,
20260330,004985,성신양회우,10600,-300,3362,,,,
20260330,004990,롯데지주,28650,-2300,442084,,,,
20260330,00499K,롯데지주우,29200,-1300,1083,,,,
20260330,005010,휴스틸,5460,220,2006777,,,,
20260330,005030,부산주공,486,0,0,,,,
20260330,005070,코스모신소재,52400,700,350575,,,,
20260330,005090,SGC에너지,61800,-4700,113491,,,,
20260330,005110,한창,1254,0,0,,,,
20260330,005180,빙그레,71600,-2600,21427,,,,
20260330,005250,녹십자홀딩스,13840,-420,99158,,,,
20260330,005257,녹십자홀딩스2우,23300,-100,367,,,,
20260330,005300,롯데칠성,113700,-4200,15887,,,,
20260330,005305,롯데칠성우,78300,-3300,1378,,,,
20260330,005320,온타이드,1024,-26,68327,,,,
20260330,005360,모나미,1722,0,17373,,,,
20260330,005380,현대차,469500,-25500,942256,,,,
20260330,005385,현대차우,243500,-13500,117068,,,,
20260330,005387,현대차2우B,246000,-11000,114381,,,,
20260330,005389,현대차3우B,235000,-10000,11096,,,,
20260330,005420,코스모화학,15350,-50,186213,,,,
20260330,005430,한국공항,58900,2200,25753,,,,
20260330,005440,현대지에프홀딩스,14060,-300,257784,,,,
20260330,005490,POSCO홀딩스,343000,0,295337,,,,
20260330,005500,삼진제약,18180,-360,13424,,,,
20260330,005610,삼립,49750,-1050,5941,,,,
20260330,005680,삼영전자,15750,-260,107460,,,,
20260330,005690,파미셀,15680,-1240,846334,,,,
20260330,005720,넥센,6660,-90,80668,,,,
20260330,005725,넥센우,4380,-115,14167,,,,
20260330,005740,크라운해태홀딩스,6620,-130,12889,,,,
20260330,005745,크라운해태홀딩스우,7070,-410,267,,,,
20260330,005750,대림바스,5560,-290,120191,,,,
20260330,005800,신영와코루,15410,-150,3104,,,,
20260330,005810,풍산홀딩스,34900,-450,26584,,,,
20260330,005820,원림,15350,-130,9542,,,,
20260330,005830,DB손해보험,164200,-8700,335038,,,,
20260330,005850,에스엘,57100,-2700,168552,,,,
20260330,005870,휴니드,8280,-350,172948,,,,
20260330,005880,대한해운,2260,-55,10369330,,,,
20260330,005930,삼성전자,176300,-3400,22269147,,,,
20260330,005935,삼성전자우,121100,-5100,3126874,,,,
20260330,005940,NH투자증권,30950,-3300,1647274,,,,
20260330,005945,NH투자증권우,25000,-2150,176767,,,,
20260330,005950,이수화학,7900,-80,87807,,,,
20260330,005960,동부건설,8180,-330,208892,,,,
20260330,005965,동부건설우,18400,-310,1425,,,,
20260330,006040,동원산업,38700,-1300,28943,,,,
20260330,006060,화승인더,3175,-50,58840,,,,
20260330,006090,사조오양,8130,-110,2640,,,,
20260330,006110,삼아알미늄,30950,2100,336386,,,,
20260330,006120,SK디스커버리,52200,-1900,18181,,,,
20260330,006125,SK디스커버리우,39000,-1100,1222,,,,
20260330,006200,한국전자홀딩스,4945,-155,363910,,,,
20260330,006220,제주은행,12300,-510,57884,,,,
20260330,006260,LS,261000,-7000,94543,,,,
20260330,006280,녹십자,145000,-6000,32096,,,,
20260330,006340,대원전선,5070,-200,1737019,,,,
20260330,006345,대원전선우,3680,-50,12973,,,,
20260330,006360,GS건설,25850,-500,1167935,,,,
20260330,006370,대구백화점,5520,600,197207,,,,
20260330,006380,카프로,3660,0,0,,,,
20260330,006400,삼성SDI,412500,7000,735298,,,,
20260330,006405,삼성SDI우,212500,-500,9810,,,,
20260330,006490,프리티,1280,75,463928,,,,
20260330,006570,대림통상,2015,5,14309,,,,
20260330,006650,대한유화,128100,-5300,116362,,,,
20260330,006660,삼성공조,11240,-280,18116,,,,
20260330,006740,블루산업개발,1322,-35,74220,,,,
20260330,006800,미래에셋증권,62700,-4400,1861721,,,,
20260330,006805,미래에셋증권우,21600,-1150,126465,,,,
20260330,00680K,미래에셋증권2우B,19340,-1160,346413,,,,
20260330,006840,AK홀딩스,8480,290,86996,,,,
20260330,006880,신송홀딩스,7110,80,100624,,,,
20260330,006890,태경케미컬,10680,1500,8536782,,,,
20260330,006980,우성,20350,-600,4140,,,,
20260330,007070,GS리테일,22100,850,284158,,,,
20260330,007110,일신석재,1479,-39,226939,,,,
20260330,007120,미래아이앤지,2050,-70,251131,,,,
20260330,007160,사조산업,52200,-1100,3809,,,,
20260330,007210,벽산,1826,-34,148819,,,,
20260330,007280,한국특강,2907,24,30661,,,,
20260330,007310,오뚜기,358000,-1500,3960,,,,
20260330,007340,DN오토모티브,37950,-2800,382777,,,,
20260330,007460,에이프로젠,327,-10,2643551,,,,
20260330,007540,샘표,53500,-900,3821,,,,
20260330,007570,일양약품,12120,-850,129395,,,,
20260330,007575,일양약품우,11520,-960,3875,,,,
20260330,007590,동방아그로,5890,0,7040,,,,
20260330,007610,선도전기,3000,0,0,,,,
20260330,007660,이수페타시스,104500,-6000,616027,,,,
20260330,007690,국도화학,36150,-700,3699,,,,
20260330,007700,F&F홀딩스,18530,-610,7270,,,,
20260330,007810,코리아써키트,75800,-8200,450291,,,,
20260330,007815,코리아써우,19370,-430,11384,,,,
20260330,00781K,코리아써키트2우B,13850,-280,5270,,,,
20260330,007860,서연,9300,-340,71482,,,,
20260330,007980,TP,1791,-74,186391,,,,
20260330,008040,사조동아원,1016,-14,229722,,,,
20260330,008060,대덕,12820,-1920,332931,,,,
20260330,00806K,대덕1우,10170,-1570,44797,,,,
20260330,008250,이건산업,3805,-150,14927,,,,
20260330,008260,NI스틸,3520,-125,89176,,,,
20260330,008350,남선알미늄,1385,45,19822791,,,,
20260330,008355,남선알미우,12810,280,4794,,,,
20260330,008420,문배철강,2285,0,27589,,,,
20260330,008490,서흥,18660,-670,38192,,,,
20260330,008600,윌비스,2620,0,0,,,,
20260330,008700,아남전자,1654,62,6354876,,,,
20260330,008730,율촌화학,23800,-150,45471,,,,
20260330,008770,호텔신라,45050,-2400,252345,,,,
20260330,008775,호텔신라우,34950,-1750,3146,,,,
20260330,008870,금비,45000,-600,1080,,,,
20260330,008930,한미사이언스,37500,-900,91612,,,,
20260330,008970,KBI동양철관,1721,13,604857,,,,
20260330,009070,KCTC,5720,-150,276222,,,,
20260330,009140,경인전자,22300,-300,3421,,,,
20260330,009150,삼성전기,429000,-5000,541825,,,,
20260330,009155,삼성전기우,165500,-3700,17774,,,,
20260330,009160,SIMPAC,5150,165,236862,,,,
20260330,009180,한솔로지스틱스,2915,0,71422,,,,
20260330,009190,대양금속,1230,-41,104298,,,,
20260330,009200,무림페이퍼,2035,-55,660540,,,,
20260330,009240,한샘,42100,-800,22279,,,,
20260330,009270,신원,1303,-16,309904,,,,
20260330,009290,광동제약,8690,-190,252377,,,,
20260330,009310,참엔지니어링,1065,0,0,,,,
20260330,009320,아진전자부품,1013,-17,121070,,,,
20260330,009410,태영건설,1798,-39,268978,,,,
20260330,009415,태영건설우,5840,-30,729,,,,
20260330,009420,한올바이오파마,58300,-5000,489176,,,,
20260330,009440,KC그린홀딩스,756,0,0,,,,
20260330,009450,경동나비엔,60100,-2000,18598,,,,
20260330,009460,한창제지,3300,170,5071357,,,,
20260330,009470,삼화전기,35750,-950,66487,,,,
20260330,009540,HD한국조선해양,347000,-20000,278783,,,,
20260330,009580,무림P&P,2830,25,1049264,,,,
20260330,009680,모토닉,10550,-210,28197,,,,
20260330,009770,삼정펄프,32100,400,2420,,,,
20260330,009810,MDS스피어,2113,-18,12647,,,,
20260330,009830,한화솔루션,34522,896,6747845,,,,
20260330,009835,한화솔루션우,21134,767,39356,,,,
20260330,009900,명신산업,9470,-330,133588,,,,
20260330,009970,영원무역홀딩스,223000,500,18335,,,,
20260330,010040,한국내화,1876,-39,42199,,,,
20260330,010060,OCI홀딩스,190300,11500,333931,,,,
20260330,010100,한국무브넥스,4515,-80,156287,,,,
20260330,010120,LS ELECTRIC,155000,-5200,633035,,,,
20260330,010130,고려아연,1478000,-5000,23994,,,,
20260330,010140,삼성중공업,24500,-1500,6468387,,,,
20260330,010400,우진아이엔에스,3580,-175,43712,,,,
20260330,010580,에스엠벡셀,2060,50,181830,,,,
20260330,010640,진양폴리,2385,-110,39325,,,,
20260330,010660,화천기계,6200,330,630292,,,,
20260330,010690,화신,10800,-410,104549,,,,
20260330,010770,평화홀딩스,3810,-90,22738,,,,
20260330,010780,아이에스동서,25900,-1000,59999,,,,
20260330,010820,퍼스텍,6860,-280,850612,,,,
20260330,010950,S-Oil,110100,400,390212,,,,
20260330,010955,S-Oil우,53000,-900,13550,,,,
20260330,010960,삼호개발,3850,-275,77778,,,,
20260330,011000,진원생명과학,4720,-135,158281,,,,
20260330,011070,LG이노텍,308000,-12500,212428,,,,
20260330,011090,에넥스,2080,-55,15696,,,,
20260330,011150,CJ씨푸드,2680,-40,110797,,,,
20260330,011155,CJ씨푸드1우,12380,-240,1351,,,,
20260330,011170,롯데케미칼,82100,-600,243322,,,,
20260330,011200,HMM,19550,-110,997600,,,,
20260330,011210,현대위아,80000,-1700,80080,,,,
20260330,011230,삼화전자,2605,55,61981,,,,
20260330,011280,태림포장,2195,-10,2554796,,,,
20260330,011300,우성머티리얼스,3270,230,199577,,,,
20260330,011330,유니켐,7210,-40,47090,,,,
20260330,011390,부산산업,71200,-2500,3667,,,,
20260330,011420,갤럭시아에스엠,1780,-17,90093,,,,
20260330,011500,한농화성,20350,-650,139943,,,,
20260330,011690,와이투솔루션,5720,-40,314212,,,,
20260330,011700,한신기계,4355,-95,413644,,,,
20260330,011760,현대코퍼레이션,25400,-750,24820,,,,
20260330,011780,금호석유화학,120400,-6100,141114,,,,
20260330,011785,금호석유화학우,56500,-1700,4898,,,,
20260330,011790,SKC,90233,-2538,140757,,,,
20260330,011810,STX,3530,0,0,,,,
20260330,011930,신성이엔지,26700,1050,2363724,,,,
20260330,012030,DB,1645,-62,457900,,,,
20260330,0120G0,삼양바이오팜,142700,100,125985,,,,
20260330,012160,영흥,2750,-115,22066,,,,
20260330,012170,아센디오,1273,-15,15668,,,,
20260330,012200,계양전기,5531,-199,279604,,,,
20260330,012205,계양전기우,5211,-10,10941,,,,
20260330,012280,영화금속,1029,-9,173150,,,,
20260330,012320,경동인베스트,57100,0,8445,,,,
20260330,012330,현대모비스,398000,-10500,198668,,,,
20260330,012450,한화에어로스페이스,1308000,-27000,160318,,,,
20260330,012610,경인양행,4010,60,168434,,,,
20260330,012630,HDC,28750,200,201470,,,,
20260330,012690,모나리자,2280,-185,3573487,,,,
20260330,0126Z0,삼성에피스홀딩스,509000,-22000,49927,,,,
20260330,012750,에스원,85400,-1800,42569,,,,
20260330,012800,대창,1299,-22,356082,,,,
20260330,013000,세우글로벌,1295,20,2289527,,,,
20260330,013360,일성건설,1925,61,400291,,,,
20260330,013520,화승코퍼레이션,2700,-55,72079,,,,
20260330,013570,디와이,4815,-135,91709,,,,
20260330,013580,계룡건설,25050,-350,94240,,,,
20260330,013700,까뮤이앤씨,1310,51,208534,,,,
20260330,013870,지엠비코리아,4850,-220,44803,,,,
20260330,013890,지누스,10290,-530,49110,,,,
20260330,014130,한익스프레스,2605,-45,11240,,,,
20260330,014160,대영포장,1327,27,33487616,,,,
20260330,014280,금강공업,4815,-90,68252,,,,
20260330,014285,금강공업우,6790,-120,1341,,,,
20260330,014440,영보화학,4635,-45,35256,,,,
20260330,014530,극동유화,3800,25,1114653,,,,
20260330,014580,태경비케이,4495,-25,238548,,,,
20260330,014680,한솔케미칼,264500,-8500,34188,,,,
20260330,014710,사조씨푸드,7020,-290,30274,,,,
20260330,014790,HL D&I,3335,10,71408,,,,
20260330,014820,동원시스템즈,25700,-550,37672,,,,
20260330,014825,동원시스템즈우,16380,-10,8,,,,
20260330,014830,유니드,81100,-2900,24065,,,,
20260330,014910,성문전자,1613,-37,164372,,,,
20260330,014915,성문전자우,4160,-45,832,,,,
20260330,014990,인디에프,3685,-20,23224,,,,
20260330,015020,이스타코,928,0,0,,,,
20260330,015230,대창단조,6740,-50,156897,,,,
20260330,015260,에이엔피,649,-23,653423,,,,
20260330,015360,INVENI,15280,-460,37145,,,,
20260330,015590,DKME,2575,0,0,,,,
20260330,015760,한국전력,42200,-1700,2837692,,,,
20260330,015860,일진홀딩스,6750,-330,77857,,,,
20260330,015890,태경산업,4830,-30,38168,,,,
20260330,016090,대현,1669,-8,140073,,,,
20260330,016360,삼성증권,94700,-2900,329437,,,,
20260330,016380,KG스틸,5370,-310,559488,,,,
20260330,016450,한세예스24홀딩스,4275,-645,178439,,,,
20260330,016580,환인제약,10420,-30,27769,,,,
20260330,016590,신대양제지,13760,730,503868,,,,
20260330,016610,DB증권,12540,-1010,111663,,,,
20260330,016710,대성홀딩스,8550,-90,9478,,,,
20260330,016740,두올,4605,-35,106287,,,,
20260330,016800,퍼시스,38500,750,819,,,,
20260330,016880,웅진,2730,10,760958,,,,
20260330,017040,광명전기,930,-95,1359865,,,,
20260330,017180,명문제약,1880,-20,42382,,,,
20260330,017370,우신시스템,5710,-40,40937,,,,
20260330,017390,서울가스,64000,-1100,8494,,,,
20260330,017550,수산세보틱스,1887,-24,234461,,,,
20260330,017670,SK텔레콤,78300,-1600,842066,,,,
20260330,017800,현대엘리베이터,85100,-2000,101217,,,,
20260330,017810,풀무원,11840,-270,115201,,,,
20260330,017860,DS단석,20300,800,574652,,,,
20260330,017900,광전자,3115,-135,15399241,,,,
20260330,017940,E1,101700,200,23498,,,,
20260330,017960,한국카본,39050,-1450,460506,,,,
20260330,018250,애경산업,16920,1620,2108821,,,,
20260330,018260,삼성에스디에스,153300,-3000,105264,,,,
20260330,018470,조일알미늄,1238,22,2862686,,,,
20260330,018500,동원모빌리티,1610,-76,260215,,,,
20260330,018670,SK가스,261000,14500,57531,,,,
20260330,018880,한온시스템,3860,-80,3722880,,,,
20260330,019170,신풍제약,10750,-280,49561,,,,
20260330,019175,신풍제약우,16810,-210,1033,,,,
20260330,019180,티에이치엔,8060,-240,258227,,,,
20260330,019490,엑시큐어하이트론,541,0,0,,,,
20260330,019680,대교,1605,-33,41022,,,,
20260330,019685,대교우B,1010,-1,1803,,,,
20260330,020000,한섬,24100,-1900,220992,,,,
20260330,020120,키다리스튜디오,3190,-70,67266,,,,
20260330,020150,롯데에너지머티리얼즈,42050,-50,218415,,,,
20260330,020560,아시아나항공,6960,-100,45004,,,,
20260330,020760,일진디스플,902,0,0,,,,
20260330,021050,서원,1188,-26,213637,,,,
20260330,021240,코웨이,72500,-1000,196815,,,,
20260330,021820,세원정공,14580,-560,13561,,,,
20260330,022100,포스코DX,29900,-650,279320,,,,
20260330,023000,삼원강재,2320,-15,41360,,,,
20260330,023150,MH에탄올,4300,15,7228,,,,
20260330,023350,한국종합기술,4670,-20,31612,,,,
20260330,023450,동남합성,30500,-50,545,,,,
20260330,023530,롯데쇼핑,107400,-7000,175244,,,,
20260330,023590,다우기술,44850,-3450,66188,,,,
20260330,023800,인지컨트롤스,6690,-70,64896,,,,
20260330,023810,인팩,8020,30,12629,,,,
20260330,023960,에쓰씨엔지니어링,1464,-43,84054,,,,
20260330,024070,WISCOM,2045,10,26819,,,,
20260330,024090,디씨엠,12180,-130,3012,,,,
20260330,024110,기업은행,22000,-1550,1733970,,,,
20260330,024720,콜마홀딩스,8870,-310,42755,,,,
20260330,024890,대원화성,3890,-35,9602,,,,
20260330,024900,디와이덕양,1961,-38,75817,,,,
20260330,025000,KPX케미칼,49350,-150,2366,,,,
20260330,025530,SJM홀딩스,3555,-90,11581,,,,
20260330,025540,한국단자,75500,-3200,36438,,,,
20260330,025560,미래산업,2604,-90,177305,,,,
20260330,025620,차AI헬스케어,9190,10,7235,,,,
20260330,025750,한솔홈데코,2750,10,64426,,,,
20260330,025820,이구산업,4700,-85,124385,,,,
20260330,025860,남해화학,8260,220,3913911,,,,
20260330,025890,한국주강,1788,8,117337,,,,
20260330,026890,스틱인베스트먼트,8940,-510,74870,,,,
20260330,026940,부국철강,1998,1,31589,,,,
20260330,026960,동서,27950,550,161570,,,,
20260330,027410,BGF,4695,215,5677612,,,,
20260330,027740,마니커,1636,16,266183,,,,
20260330,027970,한국제지,3990,-5,165705,,,,
20260330,028050,삼성E&A,33250,150,1441651,,,,
20260330,028100,동아지질,17680,100,37054,,,,
20260330,028260,삼성물산,259500,-9500,583936,,,,
20260330,02826K,삼성물산우B,173000,-7800,5477,,,,
20260330,028670,팬오션,4875,-25,1725639,,,,
20260330,029460,케이씨,30900,-550,48063,,,,
20260330,029530,신도리코,50500,-1500,11341,,,,
20260330,029780,삼성카드,53800,-1200,106863,,,,
20260330,030000,제일기획,19360,-470,340744,,,,
20260330,030190,NICE평가정보,16300,-580,84581,,,,
20260330,030200,KT,60800,0,355357,,,,
20260330,030210,다올투자증권,4035,-80,211163,,,,
20260330,030610,교보증권,11950,-1090,126156,,,,
20260330,030720,동원수산,5790,-90,13459,,,,
20260330,031210,서울보증보험,53000,-800,56444,,,,
20260330,031430,신세계인터내셔날,12170,-240,75172,,,,
20260330,031820,아이티센씨티에스,7160,-300,46460,,,,
20260330,032350,롯데관광개발,18110,-1740,635580,,,,
20260330,032560,황금에스티,5810,-160,37260,,,,
20260330,032640,LG유플러스,15400,-700,1116219,,,,
20260330,032830,삼성생명,219500,-3500,286890,,,,
20260330,033240,자화전자,34050,-2200,150451,,,,
20260330,033250,체시스,4865,-5,31652,,,,
20260330,033270,유나이티드제약,20500,-200,33190,,,,
20260330,033530,SJG세종,7430,-270,133239,,,,
20260330,033780,KT&G,157100,-900,288919,,,,
20260330,033920,무학,8600,-240,59389,,,,
20260330,034020,두산에너빌리티,94200,-3900,2828606,,,,
20260330,034120,SBS,15880,-370,34059,,,,
20260330,034220,LG디스플레이,11140,-360,2550564,,,,
20260330,034230,파라다이스,16500,-1330,802875,,,,
20260330,034310,NICE,13260,-820,45090,,,,
20260330,034590,인천도시가스,26900,-50,2782,,,,
20260330,034730,SK,324500,-9500,136412,,,,
20260330,03473K,SK우,247500,-5000,34024,,,,
20260330,034830,한국토지신탁,1664,-46,2321618,,,,
20260330,035000,HS애드,8180,-480,40823,,,,
20260330,035150,백산,12750,-210,31025,,,,
20260330,035250,강원랜드,17990,-270,1033942,,,,
20260330,035420,NAVER,207000,-5500,379513,,,,
20260330,035510,신세계 I&C,19230,-630,249048,,,,
20260330,035720,카카오,47100,-1700,1053235,,,,
20260330,036420,콘텐트리중앙,5940,-100,42587,,,,
20260330,036460,한국가스공사,35100,-300,150729,,,,
20260330,036530,SNT홀딩스,59400,-2800,14365,,,,
20260330,036570,NC,222000,-8000,65740,,,,
20260330,036580,팜스코,3140,-80,43883,,,,
20260330,037270,YG PLUS,5260,-300,460133,,,,
20260330,037560,LG헬로비전,2270,-10,155288,,,,
20260330,037710,광주신세계,36700,-2200,42399,,,,
20260330,039130,하나투어,40800,-650,52313,,,,
20260330,039490,키움증권,411000,-24000,114914,,,,
20260330,039570,HDC랩스,8180,-440,41120,,,,
20260330,041650,상신브레이크,2560,-80,17908,,,,
20260330,042660,한화오션,118200,-5000,770279,,,,
20260330,042700,한미반도체,260500,-15000,596465,,,,
20260330,044380,주연테크,1880,-40,9112,,,,
20260330,044450,KSS해운,10750,250,279674,,,,
20260330,044820,코스맥스비티아이,15760,-430,14732,,,,
20260330,047040,대우건설,17340,80,30371328,,,,
20260330,047050,포스코인터내셔널,75400,900,678851,,,,
20260330,047400,유니온머티리얼,1646,24,887341,,,,
20260330,047810,한국항공우주,174200,-12300,525605,,,,
20260330,049800,우진플라임,2500,-55,24552,,,,
20260330,051600,한전KPS,57400,-1600,174629,,,,
20260330,051630,진양화학,2185,-105,77093,,,,
20260330,051900,LG생활건강,244000,-3500,39551,,,,
20260330,051905,LG생활건강우,108300,-700,5355,,,,
20260330,051910,LG화학,322000,9000,387305,,,,
20260330,051915,LG화학우,153500,-3000,63311,,,,
20260330,052690,한전기술,155200,-1800,149458,,,,
20260330,053210,스카이라이프,4760,-330,128454,,,,
20260330,053690,한미글로벌,30500,4400,3924056,,,,
20260330,055490,테이팩스,16670,840,102332,,,,
20260330,055550,신한지주,90500,-3000,1084400,,,,
20260330,058430,포스코스틸리온,4510,-80,156280,,,,
20260330,058650,세아홀딩스,154800,-2900,3653,,,,
20260330,058730,다스코,3620,0,301274,,,,
20260330,058850,KTcs,2610,15,219708,,,,
20260330,058860,KTis,2825,-10,183648,,,,
20260330,060980,HL홀딩스,43450,-1800,29218,,,,
20260330,062040,산일전기,142900,-6400,583223,,,,
20260330,063160,종근당바이오,19020,-390,5141,,,,
20260330,064350,현대로템,180000,-4200,401475,,,,
20260330,064400,LG씨엔에스,59000,-2100,361129,,,,
20260330,064960,SNT모티브,33000,-800,26927,,,,
20260330,066570,LG전자,108300,-3700,462366,,,,
20260330,066575,LG전자우,49350,-1850,63456,,,,
20260330,066970,엘앤에프,155900,600,1523586,,,,
20260330,067830,세이브존I&C,3005,-115,52651,,,,
20260330,068270,셀트리온,192063,-4289,447702,,,,
20260330,068290,삼성출판사,8980,-150,9731,,,,
20260330,069260,TKG휴켐스,17970,-230,50926,,,,
20260330,069460,대호에이엘,2660,0,0,,,,
20260330,069620,대웅제약,162400,-4600,25595,,,,
20260330,069640,한세엠케이,1206,-8,16568,,,,
20260330,069730,DSR제강,4935,155,55775,,,,
20260330,069960,현대백화점,79800,-4700,116768,,,,
20260330,070960,모나용평,2940,-80,116546,,,,
20260330,071050,한국금융지주,210000,-10000,301726,,,,
20260330,071055,한국금융지주우,154800,-8600,25867,,,,
20260330,071090,하이스틸,3470,25,124791,,,,
20260330,071320,지역난방공사,75400,-4000,79372,,,,
20260330,071840,롯데하이마트,8000,-130,43432,,,,
20260330,071950,코아스,1676,-50,83472,,,,
20260330,071970,HD현대마린엔진,71000,-5700,202159,,,,
20260330,072130,유엔젤,5200,-100,147956,,,,
20260330,072710,농심홀딩스,93800,-2300,11815,,,,
20260330,073240,금호타이어,5980,-270,343306,,,,
20260330,074610,이엔플러스,5110,0,0,,,,
20260330,075180,새론오토모티브,3030,-20,4369,,,,
20260330,075580,세진중공업,16390,-710,167670,,,,
20260330,077500,유니퀘스트,5920,-190,103770,,,,
20260330,077970,STX엔진,31600,-1900,108939,,,,
20260330,078000,텔코웨어,17040,-150,7141,,,,
20260330,078520,에이블씨엔씨,12470,-870,131831,,,,
20260330,078930,GS,65900,-2000,214787,,,,
20260330,078935,GS우,52600,-400,9478,,,,
20260330,079160,CJ CGV,4615,-150,567264,,,,
20260330,079430,현대리바트,6840,-120,29497,,,,
20260330,079550,LIG디펜스앤에어로스페이스,686000,-49000,288820,,,,
20260330,079900,전진건설로봇,53500,-100,38853,,,,
20260330,079980,휴비스,2795,20,340982,,,,
20260330,081000,일진다이아,13000,-390,20050,,,,
20260330,081660,미스토홀딩스,40350,150,126080,,,,
20260330,082640,동양생명,8770,-230,311278,,,,
20260330,082740,한화엔진,44600,-2050,316062,,,,
20260330,083420,그린케미칼,5970,230,3252229,,,,
20260330,084010,대한제강,10590,60,30867,,,,
20260330,084670,동양고속,40400,-100,15748,,,,
20260330,084680,이월드,1550,-28,275095,,,,
20260330,084690,대상홀딩스,9190,-260,93557,,,,
20260330,084695,대상홀딩스우,14550,-250,1948,,,,
20260330,084870,TBH글로벌,2365,25,131870,,,,
20260330,085310,엔케이,10770,-100,26484,,,,
20260330,085620,미래에셋생명,17020,-890,352912,,,,
20260330,086280,현대글로비스,215500,-16000,157143,,,,
20260330,086790,하나금융지주,107200,-3200,703531,,,,
20260330,088260,이리츠코크렙,4775,-95,58437,,,,
20260330,088350,한화생명,4560,-160,4045819,,,,
20260330,088790,진도,2565,30,83522,,,,
20260330,088980,맥쿼리인프라,11340,-70,1209893,,,,
20260330,089470,HDC현대EP,5000,-320,81002,,,,
20260330,089590,제주항공,5110,-50,187062,,,,
20260330,089860,롯데렌탈,31000,-1600,54246,,,,
20260330,090080,평화산업,919,9,285359,,,,
20260330,090350,노루페인트,8610,-240,201614,,,,
20260330,090355,노루페인트우,12730,-560,953,,,,
20260330,090370,메타랩스,1441,-42,25156,,,,
20260330,090430,아모레퍼시픽,140400,-4000,160351,,,,
20260330,090435,아모레퍼시픽우,46800,-2050,29783,,,,
20260330,090460,비에이치,20950,-750,276557,,,,
20260330,091810,트리니티항공,1080,-45,798596,,,,
20260330,092200,디아이씨,8400,-200,209448,,,,
20260330,092220,KEC,9585,570,8535786,,,,
20260330,092230,KPX홀딩스,80400,-1500,849,,,,
20260330,092440,기신정기,2250,-70,43722,,,,
20260330,092780,DYP,4330,-145,39141,,,,
20260330,092790,넥스틸,11420,50,137253,,,,
20260330,093050,LF,24550,900,126390,,,,
20260330,093240,형지엘리트,991,-3,327020,,,,
20260330,093370,후성,7120,-250,389936,,,,
20260330,094280,효성ITX,12260,-280,13449,,,,
20260330,094800,맵스리얼티,7000,-50,83722,,,,
20260330,095570,AJ네트웍스,5150,-50,221285,,,,
20260330,095720,웅진씽크빅,2289,-45,22960,,,,
20260330,096760,JW홀딩스,4340,-20,121052,,,,
20260330,096770,SK이노베이션,113400,2000,494381,,,,
20260330,096775,SK이노베이션우,69200,100,2470,,,,
20260330,097230,HJ중공업,22550,-2000,1311753,,,,
20260330,097520,엠씨넥스,21500,-600,37140,,,,
20260330,097950,CJ제일제당,217500,3000,61080,,,,
20260330,097955,CJ제일제당 우,130000,-100,8948,,,,
20260330,100090,SK오션플랜트,27800,950,1864650,,,,
20260330,100220,비상교육,5520,70,49001,,,,
20260330,100250,진양홀딩스,2995,-5,43526,,,,
20260330,100840,SNT에너지,51000,2800,817699,,,,
20260330,101140,인바이오젠,11000,780,316556,,,,
20260330,101530,해태제과식품,6250,-110,22134,,,,
20260330,102260,동성케미컬,4185,-90,828447,,,,
20260330,102460,이연제약,10060,-20,44874,,,,
20260330,103140,풍산,89700,-2000,129805,,,,
20260330,103590,일진전기,71200,-3900,173065,,,,
20260330,104700,한국철강,9060,-120,7744,,,,
20260330,105560,KB금융,145900,-6300,1294041,,,,
20260330,105630,한세실업,11370,-830,105073,,,,
20260330,105840,우진,23400,-1000,391345,,,,
20260330,107590,미원홀딩스,64700,-300,96,,,,
20260330,108320,LX세미콘,50300,-1300,48345,,,,
20260330,108670,LX하우시스,28200,-350,15464,,,,
20260330,108675,LX하우시스우,15390,-110,1735,,,,
20260330,109070,주성코퍼레이션,1308,-11,802077,,,,
20260330,111110,호전실업,7300,-200,29352,,,,
20260330,111380,동인기연,14100,-40,4471,,,,
20260330,111770,영원무역,80400,-1400,61884,,,,
20260330,112610,씨에스윈드,63100,2900,677738,,,,
20260330,114090,GKL,11520,-360,224470,,,,
20260330,117580,대성에너지,9760,-70,1431671,,,,
20260330,118000,메타케어,2360,-50,30394,,,,
20260330,119650,KC코트렐,918,0,0,,,,
20260330,120030,조선선재,98500,-800,427,,,,
20260330,120110,코오롱인더,77500,-2500,198971,,,,
20260330,120115,코오롱인더우,27800,-400,14876,,,,
20260330,122900,아이마켓코리아,7410,-100,48991,,,,
20260330,123690,한국화장품,7910,-390,96310,,,,
20260330,123700,SJM,3505,-115,60345,,,,
20260330,123890,한국자산신탁,2615,-225,523901,,,,
20260330,126560,현대퓨처넷,3335,0,148159,,,,
20260330,126720,수산인더스트리,26500,-350,61549,,,,
20260330,128820,대성산업,6640,-400,386940,,,,
20260330,128940,한미약품,524000,-25000,63929,,,,
20260330,129260,인터지스,2410,-50,45201,,,,
20260330,130660,한전산업,18210,-930,332931,,,,
20260330,133820,화인베스틸,1183,-29,49338,,,,
20260330,134380,미원화학,11860,-110,12300,,,,
20260330,134790,시디즈,19100,-50,1217,,,,
20260330,136490,선진,10050,-340,76217,,,,
20260330,137310,에스디바이오센서,7830,-300,77687,,,,
20260330,138040,메리츠금융지주,113900,-2500,259553,,,,
20260330,138930,BNK금융지주,18250,-430,590761,,,,
20260330,139130,iM금융지주,16830,-840,553656,,,,
20260330,139480,이마트,98000,-2000,179425,,,,
20260330,139990,아주스틸,2995,-15,27244,,,,
20260330,143210,핸즈코퍼레이션,1199,0,0,,,,
20260330,145210,다이나믹디자인,2240,0,0,,,,
20260330,145270,케이탑리츠,910,6,124245,,,,
20260330,145720,덴티움,51600,-1400,26150,,,,
20260330,145990,삼양사,45050,-650,5054,,,,
20260330,145995,삼양사우,34850,50,16,,,,
20260330,155660,DSR,4185,-35,41543,,,,
20260330,161000,애경케미칼,14820,3420,12466195,,,,
20260330,161390,한국타이어앤테크놀로지,55000,-3000,479345,,,,
20260330,161890,한국콜마,76600,-3600,207451,,,,
20260330,163560,동일고무벨트,6790,-100,31650,,,,
20260330,170900,동아에스티,44900,-950,10418,,,,
20260330,175330,JB금융지주,30150,-950,330811,,,,
20260330,178920,PI첨단소재,22150,-2000,249858,,,,
20260330,180640,한진칼,112500,-4700,105449,,,,
20260330,18064K,한진칼우,32050,-2450,6971,,,,
20260330,181710,NHN,41900,50,165055,,,,
20260330,183190,아세아시멘트,10870,-370,85610,,,,
20260330,185750,종근당,90100,-1600,16420,,,,
20260330,192080,더블유게임즈,49750,-750,42322,,,,
20260330,192400,쿠쿠홀딩스,28000,-300,59165,,,,
20260330,192650,드림텍,6540,-300,179802,,,,
20260330,192820,코스맥스,192100,-12900,83968,,,,
20260330,194370,제이에스코퍼레이션,11480,-220,57842,,,,
20260330,195870,해성디에스,50300,-3900,100329,,,,
20260330,200880,서연이화,13200,-580,62608,,,,
20260330,204320,HL만도,49750,-1450,250447,,,,
20260330,207940,삼성바이오로직스,1530000,-76000,34318,,,,
20260330,210540,디와이파워,13270,-210,61712,,,,
20260330,210980,SK디앤디,12890,-90,25975,,,,
20260330,213500,한솔제지,8300,-300,233815,,,,
20260330,214320,이노션,17880,-300,112652,,,,
20260330,214330,금호에이치티,11778,-1088,67057,,,,
20260330,214390,경보제약,8400,350,468844,,,,
20260330,214420,토니모리,6730,-260,105057,,,,
20260330,217590,티엠씨,20250,-550,552487,,,,
20260330,226320,잇츠한불,10010,-160,12108,,,,
20260330,227840,현대코퍼레이션홀딩스,12070,-180,9418,,,,
20260330,229640,LS에코에너지,42050,-2250,89225,,,,
20260330,234080,JW생명과학,13240,-40,31296,,,,
20260330,241560,두산밥캣,58200,-1400,212030,,,,
20260330,241590,화승엔터프라이즈,4525,-90,52210,,,,
20260330,244920,에이플러스에셋,10930,420,247275,,,,
20260330,248070,솔루엠,16750,-260,117514,,,,
20260330,248170,샘표식품,28000,-300,9659,,,,
20260330,249420,일동제약,29000,-1250,115670,,,,
20260330,251270,넷마블,49750,-2450,213890,,,,
20260330,259960,크래프톤,250500,-4000,159895,,,,
20260330,264900,크라운제과,8260,-90,5358,,,,
20260330,26490K,크라운제과우,8740,-190,587,,,,
20260330,267250,HD현대,246000,-11500,113462,,,,
20260330,267260,HD현대일렉트릭,872000,-43000,121088,,,,
20260330,267270,HD건설기계,125900,-4200,288748,,,,
20260330,267290,경동도시가스,21700,-400,6707,,,,
20260330,267850,아시아나IDT,10400,-230,53702,,,,
20260330,268280,미원에스씨,124800,-1000,1252,,,,
20260330,271560,오리온,127000,-7500,132830,,,,
20260330,271940,일진하이솔루스,15380,-500,34316,,,,
20260330,271980,제일약품,13680,-540,31688,,,,
20260330,272210,한화시스템,120700,-3400,821244,,,,
20260330,272450,진에어,6170,-150,68091,,,,
20260330,272550,삼양패키징,13280,-320,1671855,,,,
20260330,278470,에이피알,326000,-1000,315417,,,,
20260330,279570,케이뱅크,6080,-190,2117149,,,,
20260330,280360,롯데웰푸드,111700,-4500,18126,,,,
20260330,281820,케이씨텍,48050,-750,130991,,,,
20260330,282330,BGF리테일,138700,8400,151607,,,,
20260330,284740,쿠쿠홈시스,23600,-750,18744,,,,
20260330,285130,SK케미칼,52800,-2200,61757,,,,
20260330,28513K,SK케미칼우,25800,-1100,4622,,,,
20260330,286940,롯데이노베이트,21200,-900,18161,,,,
20260330,293480,하나제약,9300,-170,27663,,,,
20260330,293940,신한알파리츠,5690,-90,141208,,,,
20260330,294870,IPARK현대산업개발,21450,-800,160419,,,,
20260330,298000,효성화학,77800,0,0,,,,
20260330,298020,효성티앤씨,379500,-22000,38805,,,,
20260330,298040,효성중공업,2503000,-173000,53407,,,,
20260330,298050,HS효성첨단소재,221500,-4500,9994,,,,
20260330,298690,에어부산,1855,-15,106420,,,,
20260330,300720,한일시멘트,16550,20,60936,,,,
20260330,302440,SK바이오사이언스,42300,-900,55506,,,,
20260330,306200,세아제강,130100,900,16731,,,,
20260330,307950,현대오토에버,375500,-18500,38360,,,,
20260330,308170,씨티알모빌리티,5050,-90,19435,,,,
20260330,316140,우리금융지주,32450,-1150,1224699,,,,
20260330,317400,자이에스앤디,4160,-60,67776,,,,
20260330,317450,명인제약,55300,-1800,16071,,,,
20260330,322000,HD현대에너지솔루션,135100,11900,2777015,,,,
20260330,323410,카카오뱅크,24400,-250,531370,,,,
20260330,326030,SK바이오팜,97400,-2900,236163,,,,
20260330,329180,HD현대중공업,480000,-18500,226431,,,,
20260330,330590,롯데리츠,4695,55,229848,,,,
20260330,334890,이지스밸류플러스리츠,4025,-75,117207,,,,
20260330,336260,두산퓨얼셀,36050,-2100,353038,,,,
20260330,33626K,두산퓨얼셀1우,6950,-300,21931,,,,
20260330,33626L,두산퓨얼셀2우B,9380,-220,852,,,,
20260330,336370,솔루스첨단소재,9130,-130,261559,,,,
20260330,33637K,솔루스첨단소재1우,1994,3,27469,,,,
20260330,33637L,솔루스첨단소재2우B,3265,-15,3123,,,,
20260330,338100,NH프라임리츠,4555,-45,58379,,,,
20260330,339770,교촌에프앤비,4085,-70,110107,,,,
20260330,344820,KCC글라스,25100,-250,27128,,,,
20260330,348950,제이알글로벌리츠,1572,-2,446334,,,,
20260330,350520,이지스레지던스리츠,3670,-10,95125,,,,
20260330,352820,하이브,302500,-4500,139693,,,,
20260330,353200,대덕전자,82700,-2700,994140,,,,
20260330,35320K,대덕전자1우,18150,-860,13198,,,,
20260330,357120,코람코라이프인프라리츠,4500,-60,134138,,,,
20260330,357250,미래에셋맵스리츠,2385,-20,43250,,,,
20260330,357430,마스턴프리미어리츠,1442,-54,23152,,,,
20260330,361610,SK아이이테크놀로지,22100,450,198382,,,,
20260330,363280,티와이홀딩스,2685,-100,74211,,,,
20260330,36328K,티와이홀딩스우,4020,-30,5507,,,,
20260330,365550,ESR켄달스퀘어리츠,4355,20,290408,,,,
20260330,372910,한컴라이프케어,2375,-15,76179,,,,
20260330,373220,LG에너지솔루션,410000,15500,747897,,,,
20260330,375500,DL이앤씨,69200,3400,1578446,,,,
20260330,37550K,DL이앤씨우,29200,650,19699,,,,
20260330,37550L,DL이앤씨2우(전환),44500,1350,12678,,,,
20260330,377190,디앤디플랫폼리츠,2985,-170,206342,,,,
20260330,377300,카카오페이,50800,-2700,373827,,,,
20260330,377740,바이오노트,5290,-190,86785,,,,
20260330,378850,화승알앤에이,3355,-220,124182,,,,
20260330,381970,케이카,13960,-230,70038,,,,
20260330,383220,F&F,63400,-1600,66461,,,,
20260330,383800,LX홀딩스,8060,-250,108020,,,,
20260330,38380K,LX홀딩스1우,8130,50,6844,,,,
20260330,395400,SK리츠,6280,-210,302002,,,,
20260330,396690,미래에셋글로벌리츠,2375,-120,111727,,,,
20260330,400760,NH올원리츠,3200,-30,142587,,,,
20260330,402340,SK스퀘어,510000,-34000,625397,,,,
20260330,403550,쏘카,11570,90,11437,,,,
20260330,404990,신한서부티엔디리츠,4355,-95,82246,,,,
20260330,415640,KB발해인프라,9950,-10,91192,,,,
20260330,417310,코람코더원리츠,9530,-160,98601,,,,
20260330,432320,KB스타리츠,2240,-120,943045,,,,
20260330,439260,대한조선,81300,-4400,120028,,,,
20260330,443060,HD현대마린솔루션,178300,-5600,87099,,,,
20260330,446070,유니드비티플러스,3050,25,52195,,,,
20260330,448730,삼성FN리츠,5510,-40,113960,,,,
20260330,450080,에코프로머티,72100,-1300,1395683,,,,
20260330,451800,한화리츠,5070,-40,176378,,,,
20260330,452260,한화갤러리아,2410,-80,1361232,,,,
20260330,45226K,한화갤러리아우,6330,-360,9738,,,,
20260330,453340,현대그린푸드,15910,-170,16442,,,,
20260330,454910,두산로보틱스,80700,-4200,184216,,,,
20260330,456040,OCI,98000,4200,78963,,,,
20260330,457190,이수스페셜티케미컬,91800,-2600,178288,,,,
20260330,460850,동국씨엠,5500,-380,128450,,,,
20260330,460860,동국제강,9030,-230,95129,,,,
20260330,462520,조선내화,13590,-310,14723,,,,
20260330,462870,시프트업,31650,-650,76293,,,,
20260330,465770,STX그린로지스,6050,50,171258,,,,
20260330,475150,SK이터닉스,57900,5500,3981269,,,,
20260330,475560,더본코리아,20800,-250,8787,,,,
20260330,480370,씨케이솔루션,2100,-175,409877,,,,
20260330,481850,신한글로벌액티브리츠,1091,0,23481,,,,
20260330,483650,달바글로벌,148400,-6100,107303,,,,
20260330,484870,엠앤씨솔루션,33233,-1167,36510,,,,
20260330,487570,HS효성,54900,-1100,7194,,,,
20260330,489790,한화비전,75700,-4800,511593,,,,
20260330,499790,GS피앤엘,43550,-4450,170853,,,,
20260330,900140,엘브이엠씨홀딩스,1620,-37,506938,,,,
20260330,950210,프레스티지바이오파마,10250,-30,63748,,,,
20260331,000020,동화약품,5830,-70,66156,,,,
20260331,000040,KR모터스,2085,70,116362,,,,
20260331,000050,경방,9020,-410,86155,,,,
20260331,000070,삼양홀딩스,66000,-1400,12528,,,,
20260331,000080,하이트진로,16720,250,276697,,,,
20260331,000087,하이트진로2우B,13960,-10,1204,,,,
20260331,000100,유한양행,94800,-3700,234736,,,,
20260331,000105,유한양행우,84800,-1400,1750,,,,
20260331,000120,CJ대한통운,103400,-1900,89625,,,,
20260331,000140,하이트진로홀딩스,8830,-50,29718,,,,
20260331,000145,하이트진로홀딩스우,11660,-20,27,,,,
20260331,000150,두산,1026000,-86000,123003,,,,
20260331,000155,두산우,440000,-24500,17340,,,,
20260331,000157,두산2우B,381000,-27000,1427,,,,
20260331,000180,성창기업지주,7185,-75,20097,,,,
20260331,000210,DL,60400,-2100,170956,,,,
20260331,000215,DL우,26250,-1200,10517,,,,
20260331,000220,유유제약,4145,-65,61994,,,,
20260331,000225,유유제약1우,4290,-75,3714,,,,
20260331,000227,유유제약2우B,10720,10,368,,,,
20260331,000230,일동홀딩스,9920,-270,26638,,,,
20260331,000240,한국앤컴퍼니,24000,-850,122755,,,,
20260331,000270,기아,145200,-6300,1442003,,,,
20260331,000300,DH오토넥스,4200,0,0,,,,
20260331,000320,노루홀딩스,20350,-750,15361,,,,
20260331,000325,노루홀딩스우,30750,-50,6,,,,
20260331,000370,한화손해보험,6370,-320,509346,,,,
20260331,000390,SP삼화,8800,-600,1145847,,,,
20260331,000400,롯데손해보험,2000,-80,428642,,,,
20260331,000430,대원강업,3920,-30,140016,,,,
20260331,000480,CR홀딩스,4765,-75,20394,,,,
20260331,000490,대동,9270,-250,190247,,,,
20260331,000500,가온전선,54179,-3723,39407,,,,
20260331,000520,삼일제약,9200,-600,283415,,,,
20260331,000540,흥국화재,4170,-230,179239,,,,
20260331,000545,흥국화재우,6880,-10,932,,,,
20260331,000590,CS홀딩스,74400,-1300,390,,,,
20260331,000640,동아쏘시오홀딩스,94100,-1600,22461,,,,
20260331,000650,천일고속,208500,-7000,3220,,,,
20260331,000660,SK하이닉스,807000,-66000,7194351,,,,
20260331,000670,영풍,55600,-400,27880,,,,
20260331,000680,LS네트웍스,3045,-15,238563,,,,
20260331,000700,유수홀딩스,6480,-70,53460,,,,
20260331,000720,현대건설,142100,-6300,977221,,,,
20260331,000725,현대건설우,62200,-2800,8802,,,,
20260331,000760,이화산업,14890,-80,652,,,,
20260331,000810,삼성화재,440500,-5000,141613,,,,
20260331,000815,삼성화재우,356500,-10500,26815,,,,
20260331,000850,화천기공,35800,-550,9137,,,,
20260331,000860,강남제비스코,13820,-480,52316,,,,
20260331,000880,한화,128571,-2641,233145,,,,
20260331,00088K,한화3우B,42589,-1862,35937,,,,
20260331,000890,보해양조,2085,-45,83914,,,,
20260331,000910,유니온,4350,-45,76641,,,,
20260331,000950,전방,33400,-1250,2244,,,,
20260331,000970,한국주철관,6710,-30,35483,,,,
20260331,000990,DB하이텍,78500,-2300,366515,,,,
20260331,001020,페이퍼코리아,3065,-110,20369,,,,
20260331,001040,CJ,189000,-9600,120965,,,,
20260331,001045,CJ우,84000,-2600,4353,,,,
20260331,00104K,CJ4우(전환),168000,-8000,12868,,,,
20260331,001060,JW중외제약,30200,-900,47748,,,,
20260331,001065,JW중외제약우,26800,250,216,,,,
20260331,001067,JW중외제약2우B,56200,200,2,,,,
20260331,001070,대한방직,6600,-270,22517,,,,
20260331,001080,만호제강,5290,270,63908,,,,
20260331,001120,LX인터내셔널,45250,-1700,195800,,,,
20260331,001130,대한제분,14140,-460,35590,,,,
20260331,001200,유진투자증권,4415,-300,1138302,,,,
20260331,001210,금호전기,3865,-10,61509,,,,
20260331,001230,동국홀딩스,2165,9,612760,,,,
20260331,001250,GS글로벌,2505,-65,792935,,,,
20260331,001260,남광토건,8500,-220,20751,,,,
20260331,001270,부국증권,73900,-1400,22386,,,,
20260331,001275,부국증권우,37800,-550,3942,,,,
20260331,001290,상상인증권,1074,-49,760525,,,,
20260331,001340,PKC,6670,-230,352930,,,,
20260331,001360,삼성제약,1767,-128,1176401,,,,
20260331,001380,SG글로벌,2628,-56,97253,,,,
20260331,001390,KG케미칼,4980,-200,628335,,,,
20260331,001420,태원물산,2910,135,60828,,,,
20260331,001430,세아베스틸지주,64400,-2600,376390,,,,
20260331,001440,대한전선,26700,-1100,1776658,,,,
20260331,001450,현대해상,30150,-950,336675,,,,
20260331,001460,BYC,46000,-2950,9424,,,,
20260331,001465,BYC우,28400,-1050,2517,,,,
20260331,001470,삼부토건,347,0,0,,,,
20260331,001500,현대차증권,9920,-450,284811,,,,
20260331,001510,SK증권,3683,-319,25076509,,,,
20260331,001515,SK증권우,12920,2980,1780255,,,,
20260331,001520,동양,1500,-44,418978,,,,
20260331,001525,동양우,8850,210,223,,,,
20260331,001527,동양2우B,16000,300,3436,,,,
20260331,001530,DI동일,21650,650,110171,,,,
20260331,001550,조비,15840,-430,671512,,,,
20260331,001560,제일연마,10970,-150,12631,,,,
20260331,001570,금양,9900,0,0,,,,
20260331,001620,케이비아이동국실업,3070,-65,76409,,,,
20260331,001630,종근당홀딩스,46700,-1250,4496,,,,
20260331,001680,대상,19900,-100,109658,,,,
20260331,001685,대상우,16220,-50,5268,,,,
20260331,001720,신영증권,184400,-8700,25868,,,,
20260331,001740,SK네트웍스,4920,-280,842879,,,,
20260331,001750,한양증권,24450,-600,31446,,,,
20260331,001755,한양증권우,24500,-800,2614,,,,
20260331,001770,SHD,16750,-170,2106,,,,
20260331,001780,알루코,2655,510,55588679,,,,
20260331,001790,대한제당,2920,5,308585,,,,
20260331,001795,대한제당우,2410,10,28335,,,,
20260331,001800,오리온홀딩스,23000,-450,83326,,,,
20260331,001820,삼화콘덴서,51900,-2300,165694,,,,
20260331,001940,KISCO홀딩스,24750,-750,4369,,,,
20260331,002020,코오롱,63000,-3800,116512,,,,
20260331,002025,코오롱우,28200,-900,2410,,,,
20260331,002030,아세아,279500,500,2626,,,,
20260331,002070,비비안,7206,-473,52175,,,,
20260331,002100,경농,9370,-100,85806,,,,
20260331,002140,고려산업,2720,-55,323036,,,,
20260331,002150,도화엔지니어링,6200,-100,57869,,,,
20260331,002170,SYTS,60300,300,1639,,,,
20260331,002200,한국수출포장,2820,-70,485247,,,,
20260331,002210,동성제약,1946,0,0,,,,
20260331,002220,한일철강,3835,190,117461,,,,
20260331,002240,고려제강,20600,-1000,17347,,,,
20260331,002310,아세아제지,8510,-290,242884,,,,
20260331,002320,한진,18740,-260,23343,,,,
20260331,002350,넥센타이어,7150,-120,119580,,,,
20260331,002355,넥센타이어1우B,4160,-170,31339,,,,
20260331,002360,SH에너지화학,4160,-170,360392,,,,
20260331,002380,KCC,482000,-18000,25978,,,,
20260331,002390,한독,10350,-180,20854,,,,
20260331,002410,범양건영,1935,0,0,,,,
20260331,002420,세기상사,5100,-320,35999,,,,
20260331,002450,삼익악기,1185,3,231556,,,,
20260331,002460,HS화성,11440,-410,12320,,,,
20260331,002600,조흥,144600,-1000,242,,,,
20260331,002620,제일파마홀딩스,8430,-290,8692,,,,
20260331,002630,오리엔트바이오,1156,-46,579234,,,,
20260331,002690,동일제강,1520,-18,45862,,,,
20260331,002700,신일전자,1380,-2,359013,,,,
20260331,002710,TCC스틸,13180,-200,143106,,,,
20260331,002720,국제약품,4785,-165,373484,,,,
20260331,002760,보락,1148,-17,128785,,,,
20260331,002780,진흥기업,937,0,1970690,,,,
20260331,002785,진흥기업우B,3325,-90,2431,,,,
20260331,002787,진흥기업2우B,7980,20,28,,,,
20260331,002790,아모레퍼시픽홀딩스,27650,-850,126193,,,,
20260331,002795,아모레퍼시픽홀딩스우,11700,-370,15591,,,,
20260331,00279K,아모레퍼시픽홀딩스3우C,23450,-550,8347,,,,
20260331,002810,삼영무역,18700,-200,22813,,,,
20260331,002820,SUN&L,2305,-30,6718,,,,
20260331,002840,미원상사,134800,-3200,3716,,,,
20260331,002870,신풍,1166,-20,138729,,,,
20260331,002880,디와이에이,918,-13,32295,,,,
20260331,002900,TYM,6430,-220,211620,,,,
20260331,002920,유성기업,1918,22,70090,,,,
20260331,002960,한국쉘석유,466500,-8500,3292,,,,
20260331,002990,금호건설,4625,-240,193115,,,,
20260331,002995,금호건설우,13590,-270,901,,,,
20260331,003000,부광약품,7300,-1770,7962209,,,,
20260331,003010,혜인,5380,-50,43936,,,,
20260331,003030,세아제강지주,190600,-10900,44472,,,,
20260331,003060,에이프로젠바이오로직스,295,-10,1753579,,,,
20260331,003070,코오롱글로벌,10560,-120,45798,,,,
20260331,003075,코오롱글로벌우,15850,-90,248,,,,
20260331,003080,SB성보,2625,5,48676,,,,
20260331,003090,대웅,23300,-850,90185,,,,
20260331,0030R0,대신밸류리츠,4330,40,94815,,,,
20260331,003120,일성아이에스,22000,-800,6368,,,,
20260331,003160,디아이,28200,-3000,773851,,,,
20260331,003200,일신방직,11280,-390,33837,,,,
20260331,003220,대원제약,10200,-250,17076,,,,
20260331,003230,삼양식품,1200000,26000,97851,,,,
20260331,003240,태광산업,1085000,-50000,3700,,,,
20260331,003280,흥아해운,3980,915,244463281,,,,
20260331,003300,한일홀딩스,16760,-300,34655,,,,
20260331,003350,한국화장품제조,8770,30,65355,,,,
20260331,003460,유화증권,3270,-165,200638,,,,
20260331,003465,유화증권우,3255,-160,5371,,,,
20260331,003470,유안타증권,4420,-220,421380,,,,
20260331,003475,유안타증권우,4125,-175,69629,,,,
20260331,003480,한진중공업홀딩스,4540,-185,72273,,,,
20260331,003490,대한항공,23550,-800,2046728,,,,
20260331,003495,대한항공우,23050,-250,2824,,,,
20260331,003520,영진약품,1716,-62,328280,,,,
20260331,003530,한화투자증권,6450,-420,3238705,,,,
20260331,003535,한화투자증권우,8560,-80,139076,,,,
20260331,003540,대신증권,35250,-850,109231,,,,
20260331,003545,대신증권우,23100,-1000,123491,,,,
20260331,003547,대신증권2우B,21950,-900,25691,,,,
20260331,003550,LG,82800,-2000,424383,,,,
20260331,003555,LG우,63600,-1400,7419,,,,
20260331,003570,SNT다이내믹스,48300,-1450,84119,,,,
20260331,003580,HLB글로벌,1988,-47,168339,,,,
20260331,003610,방림,5060,-80,105484,,,,
20260331,003620,KG모빌리티,3330,-25,694005,,,,
20260331,003650,미창석유,111700,200,1723,,,,
20260331,003670,포스코퓨처엠,203500,-11000,444840,,,,
20260331,003680,한성기업,5000,0,16897,,,,
20260331,003690,코리안리,12240,-1080,628521,,,,
20260331,003720,삼영,6970,-270,593474,,,,
20260331,003780,진양산업,5430,-30,96761,,,,
20260331,003830,대한화섬,118300,-2100,1226,,,,
20260331,003850,보령,9000,-230,105245,,,,
20260331,003920,남양유업,49600,-50,10883,,,,
20260331,003925,남양유업우,40050,-450,3992,,,,
20260331,003960,사조대림,31250,-350,8054,,,,
20260331,004000,롯데정밀화학,48850,-1050,59891,,,,
20260331,004020,현대제철,33650,-550,679177,,,,
20260331,004060,SG세계물산,5110,-190,249602,,,,
20260331,004080,신흥,13880,50,2204,,,,
20260331,004090,한국석유,15860,-1000,607346,,,,
20260331,004100,태양금속,3015,-125,945749,,,,
20260331,004105,태양금속우,3805,-25,34689,,,,
20260331,004140,동방,2860,80,12245707,,,,
20260331,004150,한솔홀딩스,3155,-95,182366,,,,
20260331,004170,신세계,300500,-8500,73999,,,,
20260331,004250,NPC,3860,-45,92312,,,,
20260331,004255,NPC우,2390,-25,12663,,,,
20260331,004270,남성,5970,16,7954,,,,
20260331,004310,현대약품,8670,-280,290855,,,,
20260331,004360,세방,14700,-350,25019,,,,
20260331,004365,세방우,9060,-80,2697,,,,
20260331,004370,농심,367000,0,18409,,,,
20260331,004380,삼익THK,13000,0,0,,,,
20260331,004410,서울식품,1740,-30,1091881,,,,
20260331,004415,서울식품우,11800,-80,1970,,,,
20260331,004430,송원산업,8890,-10,86801,,,,
20260331,004440,삼일씨엔에스,9810,-260,42526,,,,
20260331,004450,삼화왕관,27600,-100,709,,,,
20260331,004490,세방전지,59500,-400,51250,,,,
20260331,004540,깨끗한나라,2025,-15,462286,,,,
20260331,004545,깨끗한나라우,10300,100,403,,,,
20260331,004560,현대비앤지스틸,14720,-390,89483,,,,
20260331,004690,삼천리,139000,-4000,17088,,,,
20260331,004700,조광피혁,65400,-4400,3040,,,,
20260331,004710,한솔테크닉스,4323,-113,175631,,,,
20260331,004720,팜젠사이언스,3665,-110,45725,,,,
20260331,004770,써니전자,1609,-34,362003,,,,
20260331,004800,효성,128500,-4700,27406,,,,
20260331,004830,덕성,4265,-65,64354,,,,
20260331,004835,덕성우,6000,40,4156,,,,
20260331,004840,DRB동일,5130,-40,24650,,,,
20260331,004870,티웨이홀딩스,1569,-57,91174,,,,
20260331,004890,동일산업,38500,-100,579,,,,
20260331,004910,조광페인트,4745,-145,47856,,,,
20260331,004920,씨아이테크,1026,-50,99375,,,,
20260331,004960,한신공영,15110,110,242919,,,,
20260331,004970,신라교역,9250,-160,20526,,,,
20260331,004980,성신양회,8930,-160,72705,,,,
20260331,004985,성신양회우,10540,-60,515,,,,
20260331,004990,롯데지주,27300,-1350,298601,,,,
20260331,00499K,롯데지주우,29200,0,97,,,,
20260331,005010,휴스틸,5240,-220,988052,,,,
20260331,005030,부산주공,486,0,0,,,,
20260331,005070,코스모신소재,51600,-800,452491,,,,
20260331,005090,SGC에너지,57600,-4200,136093,,,,
20260331,005110,한창,1254,0,0,,,,
20260331,005180,빙그레,70500,-1100,20769,,,,
20260331,005250,녹십자홀딩스,13330,-510,144829,,,,
20260331,005257,녹십자홀딩스2우,22650,-650,402,,,,
20260331,005300,롯데칠성,114000,300,19195,,,,
20260331,005305,롯데칠성우,77600,-700,1700,,,,
20260331,005320,온타이드,1012,-12,106453,,,,
20260331,005360,모나미,1688,-34,27995,,,,
20260331,005380,현대차,445500,-24000,1271113,,,,
20260331,005385,현대차우,229000,-14500,141476,,,,
20260331,005387,현대차2우B,232500,-13500,213005,,,,
20260331,005389,현대차3우B,224000,-11000,16388,,,,
20260331,005420,코스모화학,14870,-480,246329,,,,
20260331,005430,한국공항,56800,-2100,7502,,,,
20260331,005440,현대지에프홀딩스,13750,-310,197846,,,,
20260331,005490,POSCO홀딩스,332500,-10500,390060,,,,
20260331,005500,삼진제약,17970,-210,22295,,,,
20260331,005610,삼립,49500,-250,3404,,,,
20260331,005680,삼영전자,15180,-570,95886,,,,
20260331,005690,파미셀,14590,-1090,624583,,,,
20260331,005720,넥센,6330,-330,43587,,,,
20260331,005725,넥센우,4230,-150,1598,,,,
20260331,005740,크라운해태홀딩스,6500,-120,12807,,,,
20260331,005745,크라운해태홀딩스우,7040,-30,2831,,,,
20260331,005750,대림바스,5490,-70,84471,,,,
20260331,005800,신영와코루,15410,0,5351,,,,
20260331,005810,풍산홀딩스,34300,-600,38780,,,,
20260331,005820,원림,15010,-340,3551,,,,
20260331,005830,DB손해보험,163800,-400,380621,,,,
20260331,005850,에스엘,55400,-1700,219699,,,,
20260331,005870,휴니드,7900,-380,252869,,,,
20260331,005880,대한해운,2395,135,80920731,,,,
20260331,005930,삼성전자,167200,-9100,38659593,,,,
20260331,005935,삼성전자우,114000,-7100,6308861,,,,
20260331,005940,NH투자증권,29600,-1350,1540647,,,,
20260331,005945,NH투자증권우,24200,-800,83793,,,,
20260331,005950,이수화학,7700,-200,126198,,,,
20260331,005960,동부건설,7800,-380,186578,,,,
20260331,005965,동부건설우,18480,80,138,,,,
20260331,006040,동원산업,37900,-800,38290,,,,
20260331,006060,화승인더,3135,-40,108664,,,,
20260331,006090,사조오양,8140,10,4997,,,,
20260331,006110,삼아알미늄,40200,9250,3808534,,,,
20260331,006120,SK디스커버리,51000,-1200,20333,,,,
20260331,006125,SK디스커버리우,38700,-300,1308,,,,
20260331,006200,한국전자홀딩스,4270,-675,423030,,,,
20260331,006220,제주은행,11800,-500,150799,,,,
20260331,006260,LS,256000,-5000,212885,,,,
20260331,006280,녹십자,142900,-2100,39575,,,,
20260331,006340,대원전선,4920,-150,2199760,,,,
20260331,006345,대원전선우,3600,-80,18600,,,,
20260331,006360,GS건설,25100,-750,1611615,,,,
20260331,006370,대구백화점,5050,-470,98595,,,,
20260331,006380,카프로,3660,0,0,,,,
20260331,006400,삼성SDI,408000,-4500,1110671,,,,
20260331,006405,삼성SDI우,211000,-1500,9537,,,,
20260331,006490,프리티,1290,10,1451104,,,,
20260331,006570,대림통상,2020,5,1366,,,,
20260331,006650,대한유화,130000,1900,88088,,,,
20260331,006660,삼성공조,11030,-210,25129,,,,
20260331,006740,블루산업개발,1313,-9,59780,,,,
20260331,006800,미래에셋증권,61600,-1100,2624633,,,,
20260331,006805,미래에셋증권우,20600,-1000,104203,,,,
20260331,00680K,미래에셋증권2우B,18860,-480,334513,,,,
20260331,006840,AK홀딩스,8140,-340,18207,,,,
20260331,006880,신송홀딩스,6910,-200,75209,,,,
20260331,006890,태경케미컬,9890,-790,1508348,,,,
20260331,006980,우성,20400,50,1939,,,,
20260331,007070,GS리테일,21900,-200,217541,,,,
20260331,007110,일신석재,1459,-20,384859,,,,
20260331,007120,미래아이앤지,1954,-96,236594,,,,
20260331,007160,사조산업,50400,-1800,4928,,,,
20260331,007210,벽산,1821,-5,121448,,,,
20260331,007280,한국특강,2851,-56,57606,,,,
20260331,007310,오뚜기,359500,1500,8077,,,,
20260331,007340,DN오토모티브,38150,200,363485,,,,
20260331,007460,에이프로젠,311,-16,3999878,,,,
20260331,007540,샘표,53100,-400,7366,,,,
20260331,007570,일양약품,11210,-910,168709,,,,
20260331,007575,일양약품우,10650,-870,2813,,,,
20260331,007590,동방아그로,5900,10,5415,,,,
20260331,007610,선도전기,3000,0,0,,,,
20260331,007660,이수페타시스,98000,-6500,891911,,,,
20260331,007690,국도화학,35450,-700,9224,,,,
20260331,007700,F&F홀딩스,17750,-780,15425,,,,
20260331,007810,코리아써키트,70000,-5800,562813,,,,
20260331,007815,코리아써우,16760,-2610,24307,,,,
20260331,00781K,코리아써키트2우B,13200,-650,1533,,,,
20260331,007860,서연,8990,-310,78121,,,,
20260331,007980,TP,1765,-26,353602,,,,
20260331,008040,사조동아원,1001,-15,564733,,,,
20260331,008060,대덕,12260,-560,81204,,,,
20260331,00806K,대덕1우,9380,-790,37951,,,,
20260331,008250,이건산업,3815,10,21659,,,,
20260331,008260,NI스틸,3435,-85,73672,,,,
20260331,008350,남선알미늄,1800,415,91087441,,,,
20260331,008355,남선알미우,16650,3840,47649,,,,
20260331,008420,문배철강,2195,-90,53867,,,,
20260331,008490,서흥,18450,-210,14100,,,,
20260331,008600,윌비스,2620,0,0,,,,
20260331,008700,아남전자,1580,-74,1511903,,,,
20260331,008730,율촌화학,23300,-500,76197,,,,
20260331,008770,호텔신라,44000,-1050,161418,,,,
20260331,008775,호텔신라우,34600,-350,1170,,,,
20260331,008870,금비,44500,-500,1154,,,,
20260331,008930,한미사이언스,37100,-400,240622,,,,
20260331,008970,KBI동양철관,1675,-46,762938,,,,
20260331,009070,KCTC,5700,-20,434231,,,,
20260331,009140,경인전자,22350,50,885,,,,
20260331,009150,삼성전기,407500,-21500,774995,,,,
20260331,009155,삼성전기우,157400,-8100,19594,,,,
20260331,009160,SIMPAC,4965,-185,79507,,,,
20260331,009180,한솔로지스틱스,2870,-45,126372,,,,
20260331,009190,대양금속,1231,1,299067,,,,
20260331,009200,무림페이퍼,2000,-35,274944,,,,
20260331,009240,한샘,41250,-850,43818,,,,
20260331,009270,신원,1297,-6,424509,,,,
20260331,009290,광동제약,8240,-450,261650,,,,
20260331,009310,참엔지니어링,1065,0,0,,,,
20260331,009320,아진전자부품,1010,-3,126217,,,,
20260331,009410,태영건설,1753,-45,254470,,,,
20260331,009415,태영건설우,5650,-190,2219,,,,
20260331,009420,한올바이오파마,55300,-3000,305947,,,,
20260331,009440,KC그린홀딩스,756,0,0,,,,
20260331,009450,경동나비엔,63000,2900,51170,,,,
20260331,009460,한창제지,2855,-445,650826,,,,
20260331,009470,삼화전기,34100,-1650,59854,,,,
20260331,009540,HD한국조선해양,344000,-3000,235792,,,,
20260331,009580,무림P&P,2655,-175,703263,,,,
20260331,009680,모토닉,10530,-20,26833,,,,
20260331,009770,삼정펄프,31800,-300,2619,,,,
20260331,009810,MDS스피어,2073,-40,14963,,,,
20260331,009830,한화솔루션,35041,519,7554859,,,,
20260331,009835,한화솔루션우,20592,-542,39882,,,,
20260331,009900,명신산업,9540,70,194133,,,,
20260331,009970,영원무역홀딩스,219000,-4000,15321,,,,
20260331,010040,한국내화,1862,-14,44914,,,,
20260331,010060,OCI홀딩스,187800,-2500,312008,,,,
20260331,010100,한국무브넥스,4330,-185,192846,,,,
20260331,010120,LS ELECTRIC,143600,-11400,1065840,,,,
20260331,010130,고려아연,1422000,-56000,24293,,,,
20260331,010140,삼성중공업,24450,-50,6237363,,,,
20260331,010400,우진아이엔에스,3655,75,38091,,,,
20260331,010580,에스엠벡셀,2155,95,13361144,,,,
20260331,010640,진양폴리,2370,-15,25987,,,,
20260331,010660,화천기계,6050,-150,385723,,,,
20260331,010690,화신,10310,-490,158472,,,,
20260331,010770,평화홀딩스,3725,-85,55556,,,,
20260331,010780,아이에스동서,25650,-250,138744,,,,
20260331,010820,퍼스텍,6600,-260,865544,,,,
20260331,010950,S-Oil,105300,-4800,509557,,,,
20260331,010955,S-Oil우,51500,-1500,16133,,,,
20260331,010960,삼호개발,3755,-95,52233,,,,
20260331,011000,진원생명과학,4580,-140,134346,,,,
20260331,011070,LG이노텍,293500,-14500,218739,,,,
20260331,011090,에넥스,2005,-75,64455,,,,
20260331,011150,CJ씨푸드,2640,-40,141265,,,,
20260331,011155,CJ씨푸드1우,12390,10,382,,,,
20260331,011170,롯데케미칼,80600,-1500,221976,,,,
20260331,011200,HMM,19570,20,1754901,,,,
20260331,011210,현대위아,77100,-2900,118671,,,,
20260331,011230,삼화전자,2575,-30,48690,,,,
20260331,011280,태림포장,2090,-105,947749,,,,
20260331,011300,우성머티리얼스,3190,-80,44365,,,,
20260331,011330,유니켐,7030,-180,62384,,,,
20260331,011390,부산산업,69500,-1700,6498,,,,
20260331,011420,갤럭시아에스엠,1744,-36,71101,,,,
20260331,011500,한농화성,19970,-380,216813,,,,
20260331,011690,와이투솔루션,5550,-170,368838,,,,
20260331,011700,한신기계,4265,-90,415214,,,,
20260331,011760,현대코퍼레이션,24300,-1100,36603,,,,
20260331,011780,금호석유화학,117900,-2500,108885,,,,
20260331,011785,금호석유화학우,55400,-1100,8429,,,,
20260331,011790,SKC,85816,-4417,206225,,,,
20260331,011810,STX,3530,0,0,,,,
20260331,011930,신성이엔지,25850,-850,2421684,,,,
20260331,012030,DB,1596,-49,683238,,,,
20260331,0120G0,삼양바이오팜,120100,-22600,155266,,,,
20260331,012160,영흥,2750,0,19167,,,,
20260331,012170,아센디오,1247,-26,23186,,,,
20260331,012200,계양전기,5229,-302,322885,,,,
20260331,012205,계양전기우,5172,-39,16066,,,,
20260331,012280,영화금속,1003,-26,230174,,,,
20260331,012320,경동인베스트,56200,-900,13172,,,,
20260331,012330,현대모비스,378000,-20000,334294,,,,
20260331,012450,한화에어로스페이스,1249000,-59000,277570,,,,
20260331,012610,경인양행,3910,-100,198014,,,,
20260331,012630,HDC,27750,-1000,168314,,,,
20260331,012690,모나리자,2245,-35,1787012,,,,
20260331,0126Z0,삼성에피스홀딩스,494000,-15000,50339,,,,
20260331,012750,에스원,85700,300,68961,,,,
20260331,012800,대창,1284,-15,902914,,,,
20260331,013000,세우글로벌,1189,-106,928094,,,,
20260331,013360,일성건설,1902,-23,248410,,,,
20260331,013520,화승코퍼레이션,2625,-75,126451,,,,
20260331,013570,디와이,4755,-60,81225,,,,
20260331,013580,계룡건설,25100,50,55183,,,,
20260331,013700,까뮤이앤씨,1294,-16,161183,,,,
20260331,013870,지엠비코리아,4780,-70,42351,,,,
20260331,013890,지누스,10300,10,24222,,,,
20260331,014130,한익스프레스,2600,-5,17212,,,,
20260331,014160,대영포장,1161,-166,10242397,,,,
20260331,014280,금강공업,4720,-95,272633,,,,
20260331,014285,금강공업우,6750,-40,4116,,,,
20260331,014440,영보화학,4585,-50,64263,,,,
20260331,014530,극동유화,3790,-10,687764,,,,
20260331,014580,태경비케이,4390,-105,154483,,,,
20260331,014680,한솔케미칼,252500,-12000,66856,,,,
20260331,014710,사조씨푸드,6630,-390,58366,,,,
20260331,014790,HL D&I,3245,-90,72087,,,,
20260331,014820,동원시스템즈,24950,-750,37647,,,,
20260331,014825,동원시스템즈우,16280,-100,200,,,,
20260331,014830,유니드,80400,-700,17514,,,,
20260331,014910,성문전자,1575,-38,221880,,,,
20260331,014915,성문전자우,4205,45,1271,,,,
20260331,014990,인디에프,3640,-45,22773,,,,
20260331,015020,이스타코,928,0,0,,,,
20260331,015230,대창단조,6500,-240,69257,,,,
20260331,015260,에이엔피,621,-28,590348,,,,
20260331,015360,INVENI,15180,-100,26770,,,,
20260331,015590,DKME,2575,0,0,,,,
20260331,015760,한국전력,41650,-550,3163086,,,,
20260331,015860,일진홀딩스,6530,-220,138133,,,,
20260331,015890,태경산업,4795,-35,80465,,,,
20260331,016090,대현,1693,24,160814,,,,
20260331,016360,삼성증권,92400,-2300,412872,,,,
20260331,016380,KG스틸,5200,-170,407780,,,,
20260331,016450,한세예스24홀딩스,4295,20,98751,,,,
20260331,016580,환인제약,10270,-150,31162,,,,
20260331,016590,신대양제지,13180,-580,176335,,,,
20260331,016610,DB증권,11950,-590,62815,,,,
20260331,016710,대성홀딩스,8470,-80,25619,,,,
20260331,016740,두올,4455,-150,114907,,,,
20260331,016800,퍼시스,37200,-1300,746,,,,
20260331,016880,웅진,2655,-75,701656,,,,
20260331,017040,광명전기,895,-35,911076,,,,
20260331,017180,명문제약,1834,-46,121155,,,,
20260331,017370,우신시스템,5690,-20,36615,,,,
20260331,017390,서울가스,62000,-2000,8653,,,,
20260331,017550,수산세보틱스,1841,-46,230021,,,,
20260331,017670,SK텔레콤,76400,-1900,855608,,,,
20260331,017800,현대엘리베이터,83300,-1800,176269,,,,
20260331,017810,풀무원,11600,-240,26978,,,,
20260331,017860,DS단석,19410,-890,327164,,,,
20260331,017900,광전자,2735,-380,4450523,,,,
20260331,017940,E1,100400,-1300,15469,,,,
20260331,017960,한국카본,38850,-200,528682,,,,
20260331,018250,애경산업,15130,-1790,437966,,,,
20260331,018260,삼성에스디에스,150100,-3200,201404,,,,
20260331,018470,조일알미늄,1609,371,75992594,,,,
20260331,018500,동원모빌리티,1546,-64,242779,,,,
20260331,018670,SK가스,269000,8000,88120,,,,
20260331,018880,한온시스템,3740,-120,5217738,,,,
20260331,019170,신풍제약,10350,-400,105000,,,,
20260331,019175,신풍제약우,16320,-490,795,,,,
20260331,019180,티에이치엔,7630,-430,282125,,,,
20260331,019490,엑시큐어하이트론,541,0,0,,,,
20260331,019680,대교,1580,-25,41518,,,,
20260331,019685,대교우B,1009,-1,1632,,,,
20260331,020000,한섬,23250,-850,289993,,,,
20260331,020120,키다리스튜디오,3085,-105,135866,,,,
20260331,020150,롯데에너지머티리얼즈,41400,-650,238977,,,,
20260331,020560,아시아나항공,6960,0,71739,,,,
20260331,020760,일진디스플,902,0,0,,,,
20260331,021050,서원,1181,-7,409744,,,,
20260331,021240,코웨이,72200,-300,420265,,,,
20260331,021820,세원정공,13840,-740,9326,,,,
20260331,022100,포스코DX,29450,-450,339813,,,,
20260331,023000,삼원강재,2300,-20,8603,,,,
20260331,023150,MH에탄올,4195,-105,10673,,,,
20260331,023350,한국종합기술,4595,-75,19761,,,,
20260331,023450,동남합성,30750,250,499,,,,
20260331,023530,롯데쇼핑,108200,800,152995,,,,
20260331,023590,다우기술,43150,-1700,40882,,,,
20260331,023800,인지컨트롤스,6550,-140,87738,,,,
20260331,023810,인팩,8030,10,20501,,,,
20260331,023960,에쓰씨엔지니어링,1389,-75,192395,,,,
20260331,024070,WISCOM,2010,-35,28877,,,,
20260331,024090,디씨엠,12180,0,1948,,,,
20260331,024110,기업은행,21350,-650,1609249,,,,
20260331,024720,콜마홀딩스,8670,-200,45601,,,,
20260331,024890,대원화성,3785,-105,10227,,,,
20260331,024900,디와이덕양,1959,-2,84484,,,,
20260331,025000,KPX케미칼,48500,-850,7421,,,,
20260331,025530,SJM홀딩스,3610,55,5620,,,,
20260331,025540,한국단자,75800,300,34475,,,,
20260331,025560,미래산업,2508,-96,165725,,,,
20260331,025620,차AI헬스케어,9000,-190,8455,,,,
20260331,025750,한솔홈데코,2695,-55,71833,,,,
20260331,025820,이구산업,4685,-15,741007,,,,
20260331,025860,남해화학,7990,-270,1542838,,,,
20260331,025890,한국주강,1956,168,1210803,,,,
20260331,026890,스틱인베스트먼트,8530,-410,86251,,,,
20260331,026940,부국철강,1989,-9,76606,,,,
20260331,026960,동서,27350,-600,92238,,,,
20260331,027410,BGF,4525,-170,1610015,,,,
20260331,027740,마니커,1630,-6,134885,,,,
20260331,027970,한국제지,3895,-95,88358,,,,
20260331,028050,삼성E&A,35700,2450,5708246,,,,
20260331,028100,동아지질,17290,-390,49613,,,,
20260331,028260,삼성물산,253500,-6000,616965,,,,
20260331,02826K,삼성물산우B,166200,-6800,6893,,,,
20260331,028670,팬오션,4895,20,3467952,,,,
20260331,029460,케이씨,30000,-900,30579,,,,
20260331,029530,신도리코,49350,-1150,4704,,,,
20260331,029780,삼성카드,53100,-700,141713,,,,
20260331,030000,제일기획,18970,-390,504916,,,,
20260331,030190,NICE평가정보,16040,-260,105004,,,,
20260331,030200,KT,60400,-400,419410,,,,
20260331,030210,다올투자증권,3875,-160,127623,,,,
20260331,030610,교보증권,11500,-450,108296,,,,
20260331,030720,동원수산,5810,20,9812,,,,
20260331,031210,서울보증보험,52200,-800,61992,,,,
20260331,031430,신세계인터내셔날,11790,-380,83376,,,,
20260331,031820,아이티센씨티에스,6930,-230,59841,,,,
20260331,032350,롯데관광개발,17350,-760,591033,,,,
20260331,032560,황금에스티,5850,40,51841,,,,
20260331,032640,LG유플러스,15530,130,1382779,,,,
20260331,032830,삼성생명,210500,-9000,347780,,,,
20260331,033240,자화전자,32200,-1850,131260,,,,
20260331,033250,체시스,4800,-65,44219,,,,
20260331,033270,유나이티드제약,19850,-650,33368,,,,
20260331,033530,SJG세종,7200,-230,142163,,,,
20260331,033780,KT&G,159200,2100,455757,,,,
20260331,033920,무학,8340,-260,71537,,,,
20260331,034020,두산에너빌리티,91800,-2400,4215936,,,,
20260331,034120,SBS,15320,-560,61257,,,,
20260331,034220,LG디스플레이,10850,-290,3555691,,,,
20260331,034230,파라다이스,16100,-400,805054,,,,
20260331,034310,NICE,13040,-220,42842,,,,
20260331,034590,인천도시가스,26800,-100,4043,,,,
20260331,034730,SK,301000,-23500,246406,,,,
20260331,03473K,SK우,230000,-17500,4603,,,,
20260331,034830,한국토지신탁,1697,33,2450107,,,,
20260331,035000,HS애드,8120,-60,26414,,,,
20260331,035150,백산,12660,-90,26534,,,,
20260331,035250,강원랜드,16890,-1100,1091268,,,,
20260331,035420,NAVER,201500,-5500,890860,,,,
20260331,035510,신세계 I&C,18350,-880,290678,,,,
20260331,035720,카카오,45800,-1300,1706215,,,,
20260331,036420,콘텐트리중앙,5700,-240,90406,,,,
20260331,036460,한국가스공사,34950,-150,218070,,,,
20260331,036530,SNT홀딩스,58200,-1200,12856,,,,
20260331,036570,NC,224000,2000,126888,,,,
20260331,036580,팜스코,3080,-60,67860,,,,
20260331,037270,YG PLUS,5130,-130,527689,,,,
20260331,037560,LG헬로비전,2215,-55,147485,,,,
20260331,037710,광주신세계,36000,-700,16710,,,,
20260331,039130,하나투어,39950,-850,55288,,,,
20260331,039490,키움증권,410500,-500,132835,,,,
20260331,039570,HDC랩스,8080,-100,18800,,,,
20260331,041650,상신브레이크,2530,-30,15410,,,,
20260331,042660,한화오션,120200,2000,1636326,,,,
20260331,042700,한미반도체,251000,-9500,886467,,,,
20260331,044380,주연테크,1825,-55,34964,,,,
20260331,044450,KSS해운,10900,150,1472534,,,,
20260331,044820,코스맥스비티아이,15700,-60,15102,,,,
20260331,047040,대우건설,15550,-1790,18352582,,,,
20260331,047050,포스코인터내셔널,71500,-3900,656711,,,,
20260331,047400,유니온머티리얼,1623,-23,691634,,,,
20260331,047810,한국항공우주,164700,-9500,595498,,,,
20260331,049800,우진플라임,2500,0,31221,,,,
20260331,051600,한전KPS,55500,-1900,214276,,,,
20260331,051630,진양화학,2200,15,95435,,,,
20260331,051900,LG생활건강,247000,3000,81306,,,,
20260331,051905,LG생활건강우,106600,-1700,5259,,,,
20260331,051910,LG화학,299000,-23000,473765,,,,
20260331,051915,LG화학우,146600,-6900,43778,,,,
20260331,052690,한전기술,151300,-3900,130282,,,,
20260331,053210,스카이라이프,4710,-50,49687,,,,
20260331,053690,한미글로벌,26900,-3600,1325749,,,,
20260331,055490,테이팩스,15470,-1200,39614,,,,
20260331,055550,신한지주,87700,-2800,1790364,,,,
20260331,058430,포스코스틸리온,4500,-10,204160,,,,
20260331,058650,세아홀딩스,149300,-5500,4970,,,,
20260331,058730,다스코,3555,-65,286715,,,,
20260331,058850,KTcs,2580,-30,253201,,,,
20260331,058860,KTis,2755,-70,121155,,,,
20260331,060980,HL홀딩스,41800,-1650,29430,,,,
20260331,062040,산일전기,134900,-8000,449791,,,,
20260331,063160,종근당바이오,18750,-270,10544,,,,
20260331,064350,현대로템,169500,-10500,640073,,,,
20260331,064400,LG씨엔에스,55800,-3200,784540,,,,
20260331,064960,SNT모티브,32000,-1000,45582,,,,
20260331,066570,LG전자,105600,-2700,759539,,,,
20260331,066575,LG전자우,47300,-2050,79651,,,,
20260331,066970,엘앤에프,143900,-12000,1095696,,,,
20260331,067830,세이브존I&C,2930,-75,53661,,,,
20260331,068270,셀트리온,187964,-4099,597980,,,,
20260331,068290,삼성출판사,8830,-150,11831,,,,
20260331,069260,TKG휴켐스,17970,0,68679,,,,
20260331,069460,대호에이엘,2660,0,0,,,,
20260331,069620,대웅제약,160000,-2400,31994,,,,
20260331,069640,한세엠케이,1170,-36,15248,,,,
20260331,069730,DSR제강,4880,-55,29089,,,,
20260331,069960,현대백화점,79200,-600,178802,,,,
20260331,070960,모나용평,2920,-20,46306,,,,
20260331,071050,한국금융지주,202500,-7500,348435,,,,
20260331,071055,한국금융지주우,150000,-4800,29877,,,,
20260331,071090,하이스틸,3390,-80,102952,,,,
20260331,071320,지역난방공사,72200,-3200,39995,,,,
20260331,071840,롯데하이마트,7760,-240,19888,,,,
20260331,071950,코아스,1534,-142,198346,,,,
20260331,071970,HD현대마린엔진,68700,-2300,184667,,,,
20260331,072130,유엔젤,5050,-150,212525,,,,
20260331,072710,농심홀딩스,91000,-2800,6059,,,,
20260331,073240,금호타이어,5950,-30,343224,,,,
20260331,074610,이엔플러스,5110,0,0,,,,
20260331,075180,새론오토모티브,3035,5,11093,,,,
20260331,075580,세진중공업,15520,-870,295713,,,,
20260331,077500,유니퀘스트,5640,-280,178646,,,,
20260331,077970,STX엔진,30650,-950,136831,,,,
20260331,078000,텔코웨어,16550,-490,11488,,,,
20260331,078520,에이블씨엔씨,11980,-490,152000,,,,
20260331,078930,GS,63800,-2100,213242,,,,
20260331,078935,GS우,52000,-600,5073,,,,
20260331,079160,CJ CGV,4805,190,749771,,,,
20260331,079430,현대리바트,6810,-30,30714,,,,
20260331,079550,LIG디펜스앤에어로스페이스,611000,-75000,409838,,,,
20260331,079900,전진건설로봇,52700,-800,79490,,,,
20260331,079980,휴비스,2680,-115,189543,,,,
20260331,081000,일진다이아,12590,-410,53803,,,,
20260331,081660,미스토홀딩스,41000,650,174737,,,,
20260331,082640,동양생명,8650,-120,311134,,,,
20260331,082740,한화엔진,43550,-1050,390601,,,,
20260331,083420,그린케미칼,5720,-250,553306,,,,
20260331,084010,대한제강,10180,-410,31109,,,,
20260331,084670,동양고속,39150,-1250,21436,,,,
20260331,084680,이월드,1589,39,373475,,,,
20260331,084690,대상홀딩스,8970,-220,89073,,,,
20260331,084695,대상홀딩스우,14190,-360,2545,,,,
20260331,084870,TBH글로벌,2130,-235,123913,,,,
20260331,085310,엔케이,10780,10,29552,,,,
20260331,085620,미래에셋생명,16130,-890,297798,,,,
20260331,086280,현대글로비스,207500,-8000,242380,,,,
20260331,086790,하나금융지주,106600,-600,1213383,,,,
20260331,088260,이리츠코크렙,4740,-35,49189,,,,
20260331,088350,한화생명,4430,-130,3451482,,,,
20260331,088790,진도,2555,-10,29919,,,,
20260331,088980,맥쿼리인프라,11220,-120,2141587,,,,
20260331,089470,HDC현대EP,4730,-270,141285,,,,
20260331,089590,제주항공,4990,-120,282856,,,,
20260331,089860,롯데렌탈,30600,-400,41947,,,,
20260331,090080,평화산업,923,4,459492,,,,
20260331,090350,노루페인트,8230,-380,295449,,,,
20260331,090355,노루페인트우,12670,-60,165,,,,
20260331,090370,메타랩스,1406,-35,12428,,,,
20260331,090430,아모레퍼시픽,137200,-3200,171676,,,,
20260331,090435,아모레퍼시픽우,45650,-1150,17681,,,,
20260331,090460,비에이치,20050,-900,454069,,,,
20260331,091810,트리니티항공,844,-236,16092885,,,,
20260331,092200,디아이씨,8230,-170,278311,,,,
20260331,092220,KEC,8075,-1510,3381798,,,,
20260331,092230,KPX홀딩스,78300,-2100,2450,,,,
20260331,092440,기신정기,2240,-10,23330,,,,
20260331,092780,DYP,4315,-15,40125,,,,
20260331,092790,넥스틸,10850,-570,194018,,,,
20260331,093050,LF,24200,-350,118134,,,,
20260331,093240,형지엘리트,977,-14,483989,,,,
20260331,093370,후성,7020,-100,498402,,,,
20260331,094280,효성ITX,12100,-160,14052,,,,
20260331,094800,맵스리얼티,6860,-140,73749,,,,
20260331,095570,AJ네트웍스,5060,-90,225794,,,,
20260331,095720,웅진씽크빅,2219,-70,86090,,,,
20260331,096760,JW홀딩스,3955,-385,170564,,,,
20260331,096770,SK이노베이션,108700,-4700,424109,,,,
20260331,096775,SK이노베이션우,68200,-1000,3380,,,,
20260331,097230,HJ중공업,21750,-800,1326000,,,,
20260331,097520,엠씨넥스,20500,-1000,71147,,,,
20260331,097950,CJ제일제당,216500,-1000,79907,,,,
20260331,097955,CJ제일제당 우,130000,0,9302,,,,
20260331,100090,SK오션플랜트,26850,-950,1711228,,,,
20260331,100220,비상교육,5570,50,78657,,,,
20260331,100250,진양홀딩스,2970,-25,72971,,,,
20260331,100840,SNT에너지,50300,-700,801719,,,,
20260331,101140,인바이오젠,9670,-1330,60509,,,,
20260331,101530,해태제과식품,6170,-80,12040,,,,
20260331,102260,동성케미컬,4100,-85,481689,,,,
20260331,102460,이연제약,10040,-20,34450,,,,
20260331,103140,풍산,86700,-3000,156529,,,,
20260331,103590,일진전기,69500,-1700,266815,,,,
20260331,104700,한국철강,8950,-110,13683,,,,
20260331,105560,KB금융,141900,-4000,2259948,,,,
20260331,105630,한세실업,11030,-340,51759,,,,
20260331,105840,우진,22350,-1050,479562,,,,
20260331,107590,미원홀딩스,64000,-700,105,,,,
20260331,108320,LX세미콘,48400,-1900,76157,,,,
20260331,108670,LX하우시스,27800,-400,10945,,,,
20260331,108675,LX하우시스우,15190,-200,1933,,,,
20260331,109070,주성코퍼레이션,1275,-33,537834,,,,
20260331,111110,호전실업,7230,-70,19608,,,,
20260331,111380,동인기연,13730,-370,11391,,,,
20260331,111770,영원무역,78500,-1900,64505,,,,
20260331,112610,씨에스윈드,59600,-3500,798081,,,,
20260331,114090,GKL,11500,-20,176790,,,,
20260331,117580,대성에너지,9370,-390,873251,,,,
20260331,118000,메타케어,2350,-10,56496,,,,
20260331,119650,KC코트렐,918,0,0,,,,
20260331,120030,조선선재,96400,-2100,732,,,,
20260331,120110,코오롱인더,73000,-4500,302123,,,,
20260331,120115,코오롱인더우,26650,-1150,9355,,,,
20260331,122900,아이마켓코리아,7310,-100,76269,,,,
20260331,123690,한국화장품,7860,-50,99136,,,,
20260331,123700,SJM,3490,-15,68778,,,,
20260331,123890,한국자산신탁,2570,-45,321379,,,,
20260331,126560,현대퓨처넷,3275,-60,304394,,,,
20260331,126720,수산인더스트리,25900,-600,47939,,,,
20260331,128820,대성산업,6630,-10,1679274,,,,
20260331,128940,한미약품,515000,-9000,75995,,,,
20260331,129260,인터지스,2390,-20,72707,,,,
20260331,130660,한전산업,17920,-290,412296,,,,
20260331,133820,화인베스틸,1217,34,88675,,,,
20260331,134380,미원화학,11860,0,0,,,,
20260331,134790,시디즈,19080,-20,476,,,,
20260331,136490,선진,9890,-160,97708,,,,
20260331,137310,에스디바이오센서,7650,-180,96869,,,,
20260331,138040,메리츠금융지주,111400,-2500,298249,,,,
20260331,138930,BNK금융지주,17890,-360,627984,,,,
20260331,139130,iM금융지주,16710,-120,562069,,,,
20260331,139480,이마트,95700,-2300,243930,,,,
20260331,139990,아주스틸,3000,5,13432,,,,
20260331,143210,핸즈코퍼레이션,1199,0,0,,,,
20260331,145210,다이나믹디자인,2240,0,0,,,,
20260331,145270,케이탑리츠,906,-4,128978,,,,
20260331,145720,덴티움,51200,-400,30181,,,,
20260331,145990,삼양사,44600,-450,9429,,,,
20260331,145995,삼양사우,33800,-1050,874,,,,
20260331,155660,DSR,4100,-85,57040,,,,
20260331,161000,애경케미칼,13740,-1080,9557584,,,,
20260331,161390,한국타이어앤테크놀로지,54100,-900,566020,,,,
20260331,161890,한국콜마,76000,-600,322209,,,,
20260331,163560,동일고무벨트,6690,-100,17702,,,,
20260331,170900,동아에스티,43800,-1100,12670,,,,
20260331,175330,JB금융지주,29700,-450,634351,,,,
20260331,178920,PI첨단소재,21900,-250,349314,,,,
20260331,180640,한진칼,107800,-4700,118059,,,,
20260331,18064K,한진칼우,30300,-1750,10297,,,,
20260331,181710,NHN,37600,-4300,117036,,,,
20260331,183190,아세아시멘트,10380,-490,112059,,,,
20260331,185750,종근당,89100,-1000,58194,,,,
20260331,192080,더블유게임즈,49700,-50,61083,,,,
20260331,192400,쿠쿠홀딩스,27400,-600,24373,,,,
20260331,192650,드림텍,6270,-270,235690,,,,
20260331,192820,코스맥스,196500,4400,152539,,,,
20260331,194370,제이에스코퍼레이션,10950,-530,108652,,,,
20260331,195870,해성디에스,46750,-3550,192540,,,,
20260331,200880,서연이화,12740,-460,63609,,,,
20260331,204320,HL만도,49050,-700,277513,,,,
20260331,207940,삼성바이오로직스,1504000,-26000,82617,,,,
20260331,210540,디와이파워,13280,10,68588,,,,
20260331,210980,SK디앤디,12910,20,51755,,,,
20260331,213500,한솔제지,8100,-200,139988,,,,
20260331,214320,이노션,18010,130,130082,,,,
20260331,214330,금호에이치티,11125,-653,20727,,,,
20260331,214390,경보제약,7160,-1240,1311317,,,,
20260331,214420,토니모리,6580,-150,106571,,,,
20260331,217590,티엠씨,18740,-1510,434744,,,,
20260331,226320,잇츠한불,10000,-10,16870,,,,
20260331,227840,현대코퍼레이션홀딩스,11950,-120,15964,,,,
20260331,229640,LS에코에너지,40200,-1850,130271,,,,
20260331,234080,JW생명과학,12560,-680,94152,,,,
20260331,241560,두산밥캣,56900,-1300,349757,,,,
20260331,241590,화승엔터프라이즈,4500,-25,72602,,,,
20260331,244920,에이플러스에셋,10500,-430,59262,,,,
20260331,248070,솔루엠,16400,-350,105059,,,,
20260331,248170,샘표식품,27600,-400,10738,,,,
20260331,249420,일동제약,28050,-950,192382,,,,
20260331,251270,넷마블,49200,-550,225493,,,,
20260331,259960,크래프톤,255000,4500,225696,,,,
20260331,264900,크라운제과,8180,-80,10536,,,,
20260331,26490K,크라운제과우,8960,220,802,,,,
20260331,267250,HD현대,239000,-7000,164015,,,,
20260331,267260,HD현대일렉트릭,832000,-40000,194755,,,,
20260331,267270,HD건설기계,125100,-800,284226,,,,
20260331,267290,경동도시가스,21350,-350,13485,,,,
20260331,267850,아시아나IDT,10210,-190,37622,,,,
20260331,268280,미원에스씨,122900,-1900,4507,,,,
20260331,271560,오리온,128000,1000,127871,,,,
20260331,271940,일진하이솔루스,15340,-40,48185,,,,
20260331,271980,제일약품,13950,270,41971,,,,
20260331,272210,한화시스템,114100,-6600,1260315,,,,
20260331,272450,진에어,6060,-110,93445,,,,
20260331,272550,삼양패키징,12430,-850,1761369,,,,
20260331,278470,에이피알,337000,11000,455881,,,,
20260331,279570,케이뱅크,5970,-110,2915657,,,,
20260331,280360,롯데웰푸드,111100,-600,17933,,,,
20260331,281820,케이씨텍,43900,-4150,122088,,,,
20260331,282330,BGF리테일,139300,600,88062,,,,
20260331,284740,쿠쿠홈시스,23150,-450,15402,,,,
20260331,285130,SK케미칼,52600,-200,36751,,,,
20260331,28513K,SK케미칼우,25050,-750,6927,,,,
20260331,286940,롯데이노베이트,19990,-1210,51041,,,,
20260331,293480,하나제약,9090,-210,50783,,,,
20260331,293940,신한알파리츠,5640,-50,232865,,,,
20260331,294870,IPARK현대산업개발,20450,-1000,234787,,,,
20260331,298000,효성화학,77800,0,0,,,,
20260331,298020,효성티앤씨,379000,-500,31071,,,,
20260331,298040,효성중공업,2456000,-47000,44474,,,,
20260331,298050,HS효성첨단소재,220000,-1500,11979,,,,
20260331,298690,에어부산,1805,-50,178613,,,,
20260331,300720,한일시멘트,16060,-490,101704,,,,
20260331,302440,SK바이오사이언스,41700,-600,120847,,,,
20260331,306200,세아제강,124000,-6100,14292,,,,
20260331,307950,현대오토에버,358500,-17000,55623,,,,
20260331,308170,씨티알모빌리티,4865,-185,16512,,,,
20260331,316140,우리금융지주,32050,-400,2204580,,,,
20260331,317400,자이에스앤디,4050,-110,109379,,,,
20260331,317450,명인제약,53600,-1700,22363,,,,
20260331,322000,HD현대에너지솔루션,139100,4000,2661330,,,,
20260331,323410,카카오뱅크,23950,-450,855017,,,,
20260331,326030,SK바이오팜,94800,-2600,237816,,,,
20260331,329180,HD현대중공업,465000,-15000,285931,,,,
20260331,330590,롯데리츠,4625,-70,366407,,,,
20260331,334890,이지스밸류플러스리츠,4045,20,71876,,,,
20260331,336260,두산퓨얼셀,33400,-2650,439543,,,,
20260331,33626K,두산퓨얼셀1우,6420,-530,56686,,,,
20260331,33626L,두산퓨얼셀2우B,9300,-80,1447,,,,
20260331,336370,솔루스첨단소재,8850,-280,306415,,,,
20260331,33637K,솔루스첨단소재1우,1984,-10,18186,,,,
20260331,33637L,솔루스첨단소재2우B,3250,-15,2778,,,,
20260331,338100,NH프라임리츠,4560,5,89418,,,,
20260331,339770,교촌에프앤비,4065,-20,72471,,,,
20260331,344820,KCC글라스,24700,-400,22917,,,,
20260331,348950,제이알글로벌리츠,1520,-52,829628,,,,
20260331,350520,이지스레지던스리츠,3635,-35,67736,,,,
20260331,352820,하이브,299000,-3500,281087,,,,
20260331,353200,대덕전자,76700,-6000,1032677,,,,
20260331,35320K,대덕전자1우,16600,-1550,25843,,,,
20260331,357120,코람코라이프인프라리츠,4470,-30,123889,,,,
20260331,357250,미래에셋맵스리츠,2360,-25,52411,,,,
20260331,357430,마스턴프리미어리츠,1416,-26,27026,,,,
20260331,361610,SK아이이테크놀로지,21250,-850,161264,,,,
20260331,363280,티와이홀딩스,2650,-35,90565,,,,
20260331,36328K,티와이홀딩스우,3855,-165,4056,,,,
20260331,365550,ESR켄달스퀘어리츠,4325,-30,315868,,,,
20260331,372910,한컴라이프케어,2300,-75,2653265,,,,
20260331,373220,LG에너지솔루션,394500,-15500,518297,,,,
20260331,375500,DL이앤씨,66800,-2400,1757357,,,,
20260331,37550K,DL이앤씨우,28050,-1150,28261,,,,
20260331,37550L,DL이앤씨2우(전환),43800,-700,9569,,,,
20260331,377190,디앤디플랫폼리츠,3040,55,182051,,,,
20260331,377300,카카오페이,48850,-1950,353718,,,,
20260331,377740,바이오노트,5060,-230,82212,,,,
20260331,378850,화승알앤에이,3260,-95,58087,,,,
20260331,381970,케이카,13740,-220,93451,,,,
20260331,383220,F&F,61300,-2100,76305,,,,
20260331,383800,LX홀딩스,7900,-160,143904,,,,
20260331,38380K,LX홀딩스1우,8000,-130,1910,,,,
20260331,395400,SK리츠,6220,-60,458468,,,,
20260331,396690,미래에셋글로벌리츠,2365,-10,103967,,,,
20260331,400760,NH올원리츠,3210,10,142325,,,,
20260331,402340,SK스퀘어,466500,-43500,1428264,,,,
20260331,403550,쏘카,11550,-20,21629,,,,
20260331,404990,신한서부티엔디리츠,4380,25,149946,,,,
20260331,415640,KB발해인프라,9980,30,98754,,,,
20260331,417310,코람코더원리츠,9500,-30,90644,,,,
20260331,432320,KB스타리츠,2155,-85,703076,,,,
20260331,439260,대한조선,85700,4400,275283,,,,
20260331,443060,HD현대마린솔루션,179600,1300,126296,,,,
20260331,446070,유니드비티플러스,3010,-40,46258,,,,
20260331,448730,삼성FN리츠,5550,40,82367,,,,
20260331,450080,에코프로머티,67000,-5100,1193507,,,,
20260331,451800,한화리츠,5000,-70,187586,,,,
20260331,452260,한화갤러리아,2385,-25,1482564,,,,
20260331,45226K,한화갤러리아우,6150,-180,9351,,,,
20260331,453340,현대그린푸드,15820,-90,33468,,,,
20260331,454910,두산로보틱스,79500,-1200,211405,,,,
20260331,456040,OCI,94000,-4000,68017,,,,
20260331,457190,이수스페셜티케미컬,89300,-2500,291999,,,,
20260331,460850,동국씨엠,5310,-190,86434,,,,
20260331,460860,동국제강,8910,-120,153770,,,,
20260331,462520,조선내화,13640,50,3870,,,,
20260331,462870,시프트업,32050,400,138137,,,,
20260331,465770,STX그린로지스,7150,1100,5791765,,,,
20260331,475150,SK이터닉스,54300,-3600,3591657,,,,
20260331,475560,더본코리아,21150,350,25429,,,,
20260331,480370,씨케이솔루션,1981,-119,471541,,,,
20260331,481850,신한글로벌액티브리츠,1093,2,27172,,,,
20260331,483650,달바글로벌,142000,-6400,129493,,,,
20260331,484870,엠앤씨솔루션,31833,-1400,77412,,,,
20260331,487570,HS효성,53500,-1400,12545,,,,
20260331,489790,한화비전,71000,-4700,833698,,,,
20260331,499790,GS피앤엘,42200,-1350,111727,,,,
20260331,900140,엘브이엠씨홀딩스,1599,-21,1023436,,,,
20260331,950210,프레스티지바이오파마,9790,-460,86403,,,,
